dataset,noise_mode,noise_axis,noise_level,train_size,seed,reward,initial_reward,ctr,action_delta,context_delta,conv_dr,conv_sndr,metric,pct_vs_initial,pct_vs_ctr,restored_ctr,reward_over_ctr
ml,kmeans_templates,action,brutal,5000,0,0.0466775048685765,0.0466157293267131,0.05,0.1926561146974563,0.1954318732023239,0.0495749525725841,0.0496544875204563,selected,0.13252080951138104,-6.644990262847011,0.01825372371985728,0.9335500973715299
ml,kmeans_templates,action,brutal,5000,1,0.0472780714096879,0.0472428440534382,0.05,0.2020438760519027,0.2159554660320282,0.0344339311122894,0.0345342606306076,selected,0.07456654432119945,-5.443857180624206,0.01277670067724349,0.945561428193758
ml,kmeans_templates,action,brutal,5000,2,0.0476028700045713,0.0469590268046477,0.05,0.2092653512954712,0.2182671427726745,0.0531145930290222,0.0530671514570713,selected,1.371074410468575,-4.794259990857405,0.2117227474769018,0.9520574000914259
ml,kmeans_templates,action,brutal,5000,3,0.0467613711234132,0.046602650168757,0.05,0.1981888711452484,0.207713782787323,0.0452227406203746,0.0452146716415882,selected,0.340583537806206,-6.477257753173606,0.04671904941803722,0.935227422468264
ml,kmeans_templates,action,brutal,5000,4,0.0469731904584659,0.0467027704858169,0.05,0.2199674546718597,0.2052857875823974,0.0421380251646041,0.0421227179467678,selected,0.5790234066116643,-6.053619083068201,0.08201430063809223,0.939463809169318
ml,kmeans_templates,action,brutal,25000,0,0.0462048623012678,0.0466157293267131,0.05,0.2296911776065826,0.2283162623643875,0.0543504692614078,0.0545232743024826,selected,-0.8813913916602694,-7.590275397464402,-0.12140489491233723,0.924097246025356
ml,kmeans_templates,action,brutal,25000,1,0.0472573520995273,0.0472428440534382,0.05,0.2233782857656479,0.2165798842906952,0.0479505360126495,0.0479518882930278,selected,0.030709510360321574,-5.4852958009454085,0.005261960647236081,0.9451470419905459
ml,kmeans_templates,action,brutal,25000,2,0.0469945118945466,0.0469590268046477,0.05,0.1740453541278839,0.1609041392803192,0.0452970936894416,0.0453051440417766,selected,0.07556606751354249,-6.010976210906806,0.011668991345644378,0.939890237890932
ml,kmeans_templates,action,brutal,25000,3,0.0468841307980894,0.046602650168757,0.05,0.1960016340017318,0.1948474794626236,0.0459613054990768,0.0459685437381267,selected,0.6040013353599243,-6.231738403821199,0.08285300110804883,0.937682615961788
ml,kmeans_templates,action,brutal,25000,4,0.0466730771384745,0.0467027704858169,0.05,0.2132045477628708,0.2138254195451736,0.0404966436326503,0.0404115915298461,selected,-0.06357941302735506,-6.653845723050999,-0.00900554456845319,0.93346154276949
ml,kmeans_templates,action,brutal,50000,0,0.0470674744772907,0.0466157293267131,0.05,0.2065006494522094,0.2028349786996841,0.0462181195616722,0.0462162382900714,selected,0.9690830908414497,-5.8650510454186096,0.13348375298210047,0.9413494895458139
ml,kmeans_templates,action,brutal,50000,1,0.0472410603243117,0.0472428440534382,0.05,0.1253972649574279,0.1137434244155883,0.0476150885224342,0.0476155690848827,selected,-0.0037756599168391382,-5.517879351376611,-0.0006469453165044264,0.9448212064862339
ml,kmeans_templates,action,brutal,50000,2,0.0469265757325951,0.0469590268046477,0.05,0.2019175589084625,0.182930901646614,0.0484873056411743,0.0484857410192489,selected,-0.06910507789608632,-6.146848534809803,-0.010671278557204213,0.938531514651902
ml,kmeans_templates,action,brutal,50000,3,0.0468585757341236,0.046602650168757,0.05,0.1945178508758545,0.1830073446035385,0.0446572639048099,0.0446249842643737,selected,0.5491652608593074,-6.282848531752802,0.07533094266979506,0.937171514682472
ml,kmeans_templates,action,brutal,50000,4,0.046650952669841,0.0467027704858169,0.05,0.1603000611066818,0.1508304625749588,0.0446431599557399,0.0446522198617458,selected,-0.11095233845203478,-6.69809466031801,-0.01571556233892882,0.9330190533968199
ml,kmeans_templates,action,brutal,100000,0,0.046812224320942,0.0466157293267131,0.05,0.2060777246952057,0.210944190621376,0.0486374013125896,0.0486435554921627,selected,0.421520797951557,-6.375551358116002,0.05806125254102607,0.93624448641884
ml,kmeans_templates,action,brutal,100000,1,0.0472862573025648,0.0472428440534382,0.05,0.1353654861450195,0.1239417195320129,0.0484923906624317,0.0484899915754795,selected,0.09189380952064187,-5.42748539487041,0.015745663273322295,0.9457251460512959
ml,kmeans_templates,action,brutal,100000,2,0.0474661642089234,0.0469590268046477,0.05,0.2237683981657028,0.2214425355195999,0.0444958955049514,0.044524498283863,selected,1.0799572282139114,-5.06767158215321,0.16676812707549943,0.9493232841784679
ml,kmeans_templates,action,brutal,100000,3,0.0466903280211652,0.046602650168757,0.05,0.2140062004327774,0.210318237543106,0.0466264560818672,0.046652253717184,selected,0.18813919828744247,-6.61934395766961,0.025807719770831405,0.9338065604233039
ml,kmeans_templates,action,brutal,100000,4,0.0467505653173797,0.0467027704858169,0.05,0.1941611617803573,0.1917162537574768,0.0457008518278598,0.045678611844778,selected,0.10233832182892943,-6.498869365240606,0.014495451820145082,0.935011306347594
ml,kmeans_templates,action,extreme,5000,0,0.0471837106795001,0.047214446646648,0.05,0.2192262262105941,0.2036880105733871,0.0492085814476013,0.0492435134947299,selected,-0.06509864952548915,-5.6325786409998075,-0.011034061548637807,0.9436742135900019
ml,kmeans_templates,action,extreme,5000,1,0.0475571422040488,0.0475615721433665,0.05,0.1993407309055328,0.186147004365921,0.0381132960319519,0.0380626209080219,selected,-0.009314114563637486,-4.8857155919024,-0.0018167194512845807,0.951142844080976
ml,kmeans_templates,action,extreme,5000,2,0.047495573526288,0.0474672099741214,0.05,0.2157420367002487,0.2202621847391128,0.0536523200571537,0.0535788312554359,selected,0.059753990559091495,-5.008852947424008,0.011198540691015847,0.94991147052576
ml,kmeans_templates,action,extreme,5000,3,0.0468263372673214,0.0470871931671049,0.05,0.2095515429973602,0.1998790502548217,0.0533962324261665,0.0534458123147487,selected,-0.5539848146347697,-6.347325465357212,-0.08955482280444647,0.9365267453464279
ml,kmeans_templates,action,extreme,5000,4,0.0472658323032365,0.0473316286445249,0.05,0.2054645419120788,0.2048889398574829,0.0493448823690414,0.0493488237261772,selected,-0.13901136126658772,-5.468335393527007,-0.024657865238058362,0.94531664606473
ml,kmeans_templates,action,extreme,25000,0,0.047604466684391,0.047214446646648,0.05,0.209682896733284,0.1896746903657913,0.0519559159874916,0.0519878789782524,selected,0.8260608043591052,-4.791066631218005,0.1400152818016102,0.95208933368782
ml,kmeans_templates,action,extreme,25000,1,0.0474386102100634,0.0475615721433665,0.05,0.2121956944465637,0.1840122640132904,0.0472438000142574,0.0472496934235096,selected,-0.2585321043056585,-5.122779579873199,-0.050426725961399105,0.9487722042012681
ml,kmeans_templates,action,extreme,25000,2,0.0473423748609416,0.0474672099741214,0.05,0.1985104382038116,0.1821513026952743,0.0493686720728874,0.049355674535036,selected,-0.2629923124781388,-5.3152502781168005,-0.049287588747705724,0.946847497218832
ml,kmeans_templates,action,extreme,25000,3,0.0470081857857004,0.0470871931671049,0.05,0.1804432868957519,0.1619033962488174,0.0473549664020538,0.0473618060350418,selected,-0.16778953275917877,-5.983628428599202,-0.027124140369435362,0.940163715714008
ml,kmeans_templates,action,extreme,25000,4,0.0469730069280471,0.0473316286445249,0.05,0.2032663226127624,0.2366819381713867,0.0388553254306316,0.0387702025473117,selected,-0.7576788011482906,-6.0539861439058,-0.13439722913452748,0.939460138560942
ml,kmeans_templates,action,extreme,50000,0,0.0467432283466075,0.047214446646648,0.05,0.2047170400619506,0.2262115329504013,0.0468135811388492,0.046811856329441,selected,-0.998038383393732,-6.51354330678501,-0.16916505995961625,0.9348645669321499
ml,kmeans_templates,action,extreme,50000,1,0.0475939648689373,0.0475615721433665,0.05,0.1926655322313308,0.178513690829277,0.0499023236334323,0.0499068722128868,selected,0.06810692773812126,-4.812070262125406,0.013284266533732318,0.951879297378746
ml,kmeans_templates,action,extreme,50000,2,0.0475620803947396,0.0474672099741214,0.05,0.1681799441576004,0.1481527388095855,0.0500346608459949,0.0500241443514823,selected,0.19986517149401903,-4.875839210520802,0.03745688337717377,0.951241607894792
ml,kmeans_templates,action,extreme,50000,3,0.0475959028832181,0.0470871931671049,0.05,0.2057579606771469,0.2191559076309204,0.048169557005167,0.0481826588511467,selected,1.0803568484277037,-4.808194233563809,0.1746458812057858,0.9519180576643619
ml,kmeans_templates,action,extreme,50000,4,0.0471044812156737,0.0473316286445249,0.05,0.2347445487976074,0.2469919770956039,0.0467126555740833,0.0466912053525447,selected,-0.479906217800255,-5.7910375686526105,-0.0851258684010112,0.9420896243134739
ml,kmeans_templates,action,extreme,100000,0,0.0473521053414755,0.047214446646648,0.05,0.2217129617929458,0.221781700849533,0.0445778742432594,0.0445896014571189,selected,0.291560538361775,-5.295789317049007,0.049418796686068835,0.94704210682951
ml,kmeans_templates,action,extreme,100000,1,0.0478080906503688,0.0475615721433665,0.05,0.2176762372255325,0.2125166058540344,0.0448905639350414,0.0448967851698398,selected,0.5183144624807736,-4.3838186992624095,0.1010973141287188,0.9561618130073759
ml,kmeans_templates,action,extreme,100000,2,0.0466427107515357,0.0474672099741214,0.05,0.2105077803134918,0.2299464344978332,0.0466048568487167,0.0466213636100292,selected,-1.736986907457184,-6.714578496928608,-0.32553003374201417,0.932854215030714
ml,kmeans_templates,action,extreme,100000,3,0.0472676262688435,0.0470871931671049,0.05,0.1598326563835144,0.1539884507656097,0.0685089901089668,0.0677764266729354,selected,0.38318933366505026,-5.4647474623129995,0.061944753665407956,0.94535252537687
ml,kmeans_templates,action,extreme,100000,4,0.0480407765158817,0.0473316286445249,0.05,0.2395677417516708,0.2397922277450561,0.0468814373016357,0.0469070672988891,selected,1.4982536871543515,-3.9184469682366077,0.2657605621128157,0.9608155303176339
ml,kmeans_templates,action,high,5000,0,0.0478166866700018,0.0482957077058575,0.05,0.2227453291416168,0.2090663909912109,0.0448524318635463,0.0448196604847908,selected,-0.9918501221126094,-4.3666266599964025,-0.2810674187180494,0.956333733400036
ml,kmeans_templates,action,high,5000,1,0.0480620803157933,0.048376614634751,0.05,0.1958532333374023,0.1958198845386505,0.0369872637093067,0.036929402500391,selected,-0.6501784412416393,-3.875839368413403,-0.19375209712418098,0.961241606315866
ml,kmeans_templates,action,high,5000,2,0.0488131245953114,0.0484063424369392,0.05,0.2109841406345367,0.2273546010255813,0.0534336529672145,0.0534981451928615,selected,0.8403488838309348,-2.3737508093772117,0.2552506685256312,0.9762624919062279
ml,kmeans_templates,action,high,5000,3,0.0482842063500169,0.0481926027612877,0.05,0.2057708799839019,0.1971769630908966,0.0462099276483058,0.0462166927754879,selected,0.1900781104995299,-3.4315872999662043,0.05068259858273536,0.965684127000338
ml,kmeans_templates,action,high,5000,4,0.0484270767911564,0.04838807517565,0.05,0.1961572170257568,0.1998014897108078,0.0465487167239189,0.0465834960341453,selected,0.08060170892275159,-3.1458464176872116,0.024195678928219676,0.9685415358231279
ml,kmeans_templates,action,high,25000,0,0.0482203758166635,0.0482957077058575,0.05,0.2068475931882858,0.2055326849222183,0.0537848435342311,0.053869292140007,selected,-0.15598050587188006,-3.559248366673012,-0.04420127313425626,0.9644075163332699
ml,kmeans_templates,action,high,25000,1,0.0484776273682777,0.048376614634751,0.05,0.207144096493721,0.21860371530056,0.0491844415664672,0.0491820760071277,selected,0.20880488287442175,-3.0447452634446006,0.06222350877926535,0.969552547365554
ml,kmeans_templates,action,high,25000,2,0.0484093959338356,0.0484063424369392,0.05,0.1731168329715728,0.1484649330377578,0.050528597086668,0.0505223982036113,selected,0.0063080512649345355,-3.1812081323288055,0.0019160307503810858,0.968187918676712
ml,kmeans_templates,action,high,25000,3,0.0481768133114045,0.0481926027612877,0.05,0.2130371183156967,0.2073283791542053,0.047501727938652,0.0474913530051708,selected,-0.032763222939861,-3.6463733771910087,-0.008736015273793186,0.96353626622809
ml,kmeans_templates,action,high,25000,4,0.0476806193205197,0.04838807517565,0.05,0.2022093683481216,0.2249992340803146,0.0446919836103916,0.0447421073913574,selected,-1.4620458709345476,-4.638761358960602,-0.4388888640731561,0.953612386410394
ml,kmeans_templates,action,high,50000,0,0.0485450586265453,0.0482957077058575,0.05,0.2065934836864471,0.208594262599945,0.0478885993361473,0.0478881858289241,selected,0.5163003764360552,-2.9098827469094117,0.14630760318801841,0.9709011725309059
ml,kmeans_templates,action,high,50000,1,0.0488614110479268,0.048376614634751,0.05,0.2120603173971176,0.2222188860177993,0.0484265461564064,0.048425056040287,selected,1.0021296794661436,-2.2771779041464018,0.298632982379659,0.977228220958536
ml,kmeans_templates,action,high,50000,2,0.0484241932804791,0.0484063424369392,0.05,0.1350819766521453,0.1039938628673553,0.0507109872996807,0.0507173724472522,selected,0.036877075691391856,-3.1516134390418005,0.01120117894437735,0.968483865609582
ml,kmeans_templates,action,high,50000,3,0.0482026737525496,0.0481926027612877,0.05,0.1979182660579681,0.1870965212583542,0.0472637079656124,0.0472641848027706,selected,0.020897379856789394,-3.5946524949008043,0.0055720961868211336,0.9640534750509919
ml,kmeans_templates,action,high,50000,4,0.0485794991144399,0.04838807517565,0.05,0.2153266668319702,0.2165055572986602,0.0468018315732479,0.0468280389904975,selected,0.39560147431992093,-2.841001771120205,0.11875487981711123,0.971589982288798
ml,kmeans_templates,action,high,100000,0,0.0484723858029974,0.0482957077058575,0.05,0.2088482677936554,0.1919451802968979,0.0490638986229896,0.049069058150053,selected,0.36582567174695657,-3.0552283940052103,0.10366654695742399,0.969447716059948
ml,kmeans_templates,action,high,100000,1,0.0483727506750217,0.048376614634751,0.05,0.1651573181152343,0.1602344065904617,0.0487373694777488,0.048736821860075,selected,-0.007987247058265853,-3.2544986499566106,-0.0023801863759626072,0.967455013500434
ml,kmeans_templates,action,high,100000,2,0.0484329933687681,0.0484063424369392,0.05,0.1145325079560279,0.0969043374061584,0.0492023155093193,0.0492034032940864,selected,0.0550566939933977,-3.1340132624638053,0.0167231232396724,0.9686598673753619
ml,kmeans_templates,action,high,100000,3,0.0483308840100982,0.0481926027612877,0.05,0.1591980159282684,0.1386254578828811,0.0483968257904052,0.0483956784009933,selected,0.2869345934591771,-3.33823197980361,0.0765084984355829,0.9666176802019639
ml,kmeans_templates,action,high,100000,4,0.0483955813290269,0.04838807517565,0.05,0.1466934233903885,0.1406132727861404,0.0467235967516899,0.0467274039983749,selected,0.015512403313540089,-3.2088373419461993,0.004656639852874398,0.967911626580538
ml,kmeans_templates,action,low,5000,0,0.0494048655803797,0.0494143220917449,0.05,0.2113110870122909,0.202833890914917,0.0486127324402332,0.0486100316047668,selected,-0.019137187286796642,-1.1902688392406018,-0.016146266116425195,0.988097311607594
ml,kmeans_templates,action,low,5000,1,0.0492771501156165,0.0494137412479531,0.05,0.2184416651725769,0.182078942656517,0.0426713190972805,0.0426246225833892,selected,-0.27642337715575527,-1.445699768767003,-0.23298779226697253,0.9855430023123299
ml,kmeans_templates,action,low,5000,2,0.0495204808380401,0.049422432069098,0.05,0.2403665632009506,0.2133480459451675,0.0557336062192916,0.0556702651083469,selected,0.19838920271065957,-0.959038323919803,0.1697614491666385,0.990409616760802
ml,kmeans_templates,action,low,5000,3,0.049720927336767,0.0494175204532242,0.05,0.2057709693908691,0.2402962297201156,0.054112683981657,0.0540545172989368,selected,0.6139662224250773,-0.558145326466003,0.5208884762087324,0.99441854673534
ml,kmeans_templates,action,low,5000,4,0.0493017018378778,0.0494217371956612,0.05,0.2036871314048767,0.2000461369752884,0.0485254377126693,0.0485504157841205,selected,-0.2428796812790762,-1.396596324244409,-0.20757924750262294,0.986034036757556
ml,kmeans_templates,action,low,25000,0,0.0495393884326453,0.0494143220917449,0.05,0.2307141423225402,0.2312283366918563,0.0543335862457752,0.05442551150918,selected,0.253097352359088,-0.9212231347094091,0.21354116168220452,0.990787768652906
ml,kmeans_templates,action,low,25000,1,0.0493358111094728,0.0494137412479531,0.05,0.233785331249237,0.1885790675878524,0.0512364618480205,0.0512415282428264,selected,-0.15770944784216,-1.3283777810544073,-0.13292788927791693,0.986716222189456
ml,kmeans_templates,action,low,25000,2,0.0494039527362099,0.049422432069098,0.05,0.1905570179224014,0.1656879484653473,0.0509006679058074,0.0508919432759285,selected,-0.037390577748712746,-1.1920945275802064,-0.031995081269905676,0.988079054724198
ml,kmeans_templates,action,low,25000,3,0.0495649294236237,0.0494175204532242,0.05,0.2078940123319625,0.1928216367959976,0.0508162714540958,0.0508085824549198,selected,0.298292931429102,-0.8701411527526071,0.2530714961846319,0.991298588472474
ml,kmeans_templates,action,low,25000,4,0.0493723901371391,0.0494217371956612,0.05,0.2275480777025222,0.1968478709459304,0.0453117750585079,0.0452874116599559,selected,-0.09984889508585358,-1.2552197257218038,-0.08533673297304101,0.987447802742782
ml,kmeans_templates,action,low,50000,0,0.0494868131615463,0.0494143220917449,0.05,0.1923531889915466,0.17923504114151,0.0514860451221466,0.0514842495322227,selected,0.14670052473210385,-1.026373676907402,0.12377292839569913,0.989736263230926
ml,kmeans_templates,action,low,50000,1,0.0493064260799659,0.0494137412479531,0.05,0.2249222546815872,0.2652577757835388,0.0540089607238769,0.0540612749755382,selected,-0.2171767716366602,-1.3871478400682007,-0.18305085870788262,0.986128521599318
ml,kmeans_templates,action,low,50000,2,0.0494172828717423,0.049422432069098,0.05,0.2015468925237655,0.1998662203550338,0.0505874678492546,0.0505814291536808,selected,-0.01041874537557772,-1.165434256515399,-0.008915310356057264,0.988345657434846
ml,kmeans_templates,action,low,50000,3,0.0495281492939221,0.0494175204532242,0.05,0.2473156005144119,0.1838653683662414,0.0499522797763347,0.0499500408768653,selected,0.2238656243439341,-0.9437014121558007,0.18992742545255933,0.990562985878442
ml,kmeans_templates,action,low,50000,4,0.0495951246244825,0.0494217371956612,0.05,0.2106720954179763,0.1935319453477859,0.0507673025131225,0.0507770702242851,selected,0.3508323233051324,-0.8097507510350099,0.2998419187959884,0.9919024924896499
ml,kmeans_templates,action,low,100000,0,0.0494025895936156,0.0494143220917449,0.05,0.1963443607091903,0.2034594565629959,0.0496467612683773,0.0496468767523765,selected,-0.02374311258893527,-1.1948208127688098,-0.020032338532720954,0.988051791872312
ml,kmeans_templates,action,low,100000,1,0.0494132145673425,0.0494137412479531,0.05,0.09854506701231,0.0579266175627708,0.0500662475824356,0.0500661730766296,selected,-0.0010658585998447748,-1.173570865314999,-0.000898375689501376,0.98826429134685
ml,kmeans_templates,action,low,100000,2,0.0494917315154067,0.049422432069098,0.05,0.1989998668432235,0.2086004912853241,0.050455879420042,0.0504535213112831,selected,0.14021860804383707,-1.0165369691866044,0.11998492748805058,0.989834630308134
ml,kmeans_templates,action,low,100000,3,0.0494899006613627,0.0494175204532242,0.05,0.1834119409322738,0.1278135627508163,0.050468772649765,0.050465740263462,selected,0.1464666933400824,-1.0201986772746112,0.12426223124767627,0.9897980132272539
ml,kmeans_templates,action,low,100000,4,0.0494767574037274,0.0494217371956612,0.05,0.1975867301225662,0.1552974283695221,0.0475847162306308,0.0475890040397644,selected,0.11132795241165531,-1.0464851925452017,0.09514740988590911,0.989535148074548
ml,kmeans_templates,action,medium,5000,0,0.0488009392871807,0.0489544608348695,0.05,0.2139781266450882,0.193394660949707,0.0509122982621192,0.0509194023907184,selected,-0.3136007323349985,-2.3981214256386107,-0.1468348128973611,0.9760187857436139
ml,kmeans_templates,action,medium,5000,1,0.0488251482515707,0.0489734201804317,0.05,0.1952381730079651,0.201842114329338,0.0412792116403579,0.0413192883133888,selected,-0.3027600039260591,-2.3497034968586044,-0.14443292770293484,0.976502965031414
ml,kmeans_templates,action,medium,5000,2,0.0489494979954163,0.048996904473098,0.05,0.2104672342538833,0.1787594854831695,0.0526949018239975,0.0526774413883686,selected,-0.09675402597673972,-2.1010040091674065,-0.047260182515329784,0.9789899599083259
ml,kmeans_templates,action,medium,5000,3,0.0486571825504755,0.0489256006287711,0.05,0.210268959403038,0.2341575175523758,0.0475226454436779,0.0475230887532234,selected,-0.5486250037730823,-2.685634899049008,-0.24983082220960362,0.97314365100951
ml,kmeans_templates,action,medium,5000,4,0.048902484499991,0.0489931279488378,0.05,0.1969043761491775,0.2175652533769607,0.0476912409067153,0.047675471752882,selected,-0.18501257756281847,-2.1950310000179996,-0.09002479385753843,0.97804968999982
ml,kmeans_templates,action,medium,25000,0,0.0489319730151329,0.0489544608348695,0.05,0.2299121767282486,0.2034514099359512,0.0529638417065143,0.0529325939714908,selected,-0.04593620142698398,-2.1360539697342085,-0.02150834754601727,0.9786394603026579
ml,kmeans_templates,action,medium,25000,1,0.0491185282203744,0.0489734201804317,0.05,0.2049679011106491,0.2295050621032714,0.051737867295742,0.0517356619238853,selected,0.2962995833414973,-1.7629435592512037,0.1413509570095785,0.9823705644074879
ml,kmeans_templates,action,medium,25000,2,0.0489199110496503,0.048996904473098,0.05,0.2202529162168502,0.2060267180204391,0.0487688332796096,0.0487681329250335,selected,-0.15713936273254073,-2.160177900699403,-0.07675582373045486,0.978398220993006
ml,kmeans_templates,action,medium,25000,3,0.0489472404740851,0.0489256006287711,0.05,0.1744750887155532,0.1393978297710418,0.0494720339775085,0.049471940845251,selected,0.04423010660246798,-2.105519051829804,0.020141342124252545,0.9789448094817019
ml,kmeans_templates,action,medium,25000,4,0.0490481294277582,0.0489931279488378,0.05,0.196090430021286,0.1794704049825668,0.0443070493638515,0.04434484988451,selected,0.11226366068694137,-1.903741144483606,0.05462608566492195,0.9809625885551639
ml,kmeans_templates,action,medium,50000,0,0.0485043378861681,0.0489544608348695,0.05,0.2087145447731018,0.2150511741638183,0.0482600778341293,0.048259075731039,selected,-0.9194727937454554,-2.991324227663808,-0.43051753938382104,0.970086757723362
ml,kmeans_templates,action,medium,50000,1,0.049017776675036,0.0489734201804317,0.05,0.1955728381872177,0.1543405801057815,0.0503860041499137,0.0503836832940578,selected,0.09057258905111323,-1.9644466499280089,0.043208032886278815,0.9803555335007199
ml,kmeans_templates,action,medium,50000,2,0.0489689077294964,0.048996904473098,0.05,0.1931746751070022,0.178925558924675,0.0498028807342052,0.0498016439378261,selected,-0.057139821183950654,-2.062184541007206,-0.027910346373555734,0.9793781545899279
ml,kmeans_templates,action,medium,50000,3,0.0489457599452207,0.0489256006287711,0.05,0.1810420751571655,0.2174708098173141,0.0499246977269649,0.0499311387538909,selected,0.04120402445861144,-2.108480109558608,0.01876333604564849,0.9789151989044139
ml,kmeans_templates,action,medium,50000,4,0.0449818540663401,0.0489931279488378,0.05,0.304143488407135,0.3984905183315277,0.0345287062227726,0.0349095053970813,selected,-8.187421482226162,-10.036291867319802,-3.983896343003652,0.899637081326802
ml,kmeans_templates,action,medium,100000,0,0.0492102930178857,0.0489544608348695,0.05,0.2138082981109619,0.2047915011644363,0.0482723079621791,0.0482701025903224,selected,0.5225921778184075,-1.5794139642286014,0.24468923934023148,0.984205860357714
ml,kmeans_templates,action,medium,100000,1,0.0489988543242512,0.0489734201804317,0.05,0.122882068157196,0.0974624678492546,0.049474362283945,0.0494743324816226,selected,0.05193458763098291,-2.002291351497612,0.0247756125093043,0.9799770864850239
ml,kmeans_templates,action,medium,100000,2,0.0490303455159346,0.048996904473098,0.05,0.1876301169395446,0.1625363081693649,0.049098502844572,0.0491000227630138,selected,0.06825133790841514,-1.9393089681308122,0.03333784464165443,0.9806069103186918
ml,kmeans_templates,action,medium,100000,3,0.0493835225581197,0.0489256006287711,0.05,0.1980402320623397,0.244746521115303,0.0495873279869556,0.0495886877179145,selected,0.93595566219645,-1.2329548837606008,0.42621202283917087,0.987670451162394
ml,kmeans_templates,action,medium,100000,4,0.0490544697729167,0.0489931279488378,0.05,0.1952680200338363,0.1763470321893692,0.0484253652393817,0.0484325252473354,selected,0.12520495556633868,-1.891060454166607,0.060923157026850236,0.981089395458334
ml,kmeans_templates,combined,brutal,5000,0,0.0453594751934945,0.0453757151109518,0.05,0.1945026814937591,0.1522632837295532,0.0427954718470573,0.0428745672106742,selected,-0.03578988764714635,-9.281049613011003,-0.003511876505653927,0.90718950386989
ml,kmeans_templates,combined,brutal,5000,1,0.047376661337454,0.0477221012838836,0.05,0.1940852999687194,0.1960528045892715,0.0389825850725173,0.0386671125888824,selected,-0.7238573682551928,-5.246677325092,-0.15164851008763863,0.94753322674908
ml,kmeans_templates,combined,brutal,5000,2,0.0468451939316132,0.0472252309336187,0.05,0.2007966488599777,0.2028677463531494,0.0422393418848514,0.0426168590784072,selected,-0.8047329668746327,-6.309612136773612,-0.13696166885020447,0.9369038786322639
ml,kmeans_templates,combined,brutal,5000,3,0.0477834094990103,0.0480277739082754,0.05,0.2065735608339309,0.2125056385993957,0.0421885699033737,0.0422531180083751,selected,-0.5087981169641504,-4.433181001979411,-0.12390283765662076,0.9556681899802059
ml,kmeans_templates,combined,brutal,5000,4,0.0466097342093497,0.0466125840939772,0.05,0.1894377321004867,0.2011999785900116,0.0377640761435031,0.0381140485405921,selected,-0.006113981198203172,-6.78053158130061,-0.0008413152404566951,0.9321946841869939
ml,kmeans_templates,combined,brutal,25000,0,0.0453772628340828,0.0453757151109518,0.05,0.1357436329126358,0.1118486523628234,0.0472366958856582,0.047245442867279,selected,0.0034109063123581433,-9.24547433183441,0.00033469458913801145,0.9075452566816559
ml,kmeans_templates,combined,brutal,25000,1,0.0479567414543324,0.0477221012838836,0.05,0.2082186341285705,0.243743360042572,0.045540478080511,0.0456741377711296,selected,0.491680299350195,-4.0865170913352005,0.10300728859834513,0.959134829086648
ml,kmeans_templates,combined,brutal,25000,2,0.0473605750173416,0.0472252309336187,0.05,0.1915874779224395,0.1760380566120147,0.0505586378276348,0.0506306178867816,selected,0.286592740887055,-5.278849965316801,0.04877670194709481,0.947211500346832
ml,kmeans_templates,combined,brutal,25000,3,0.0481723004203536,0.0480277739082754,0.05,0.211293563246727,0.2062888443470001,0.0506866835057735,0.0506948046386241,selected,0.3009227792947857,-3.655399159292805,0.0732809046004548,0.963446008407072
ml,kmeans_templates,combined,brutal,25000,4,0.0466740026484369,0.0466125840939772,0.05,0.1206095069646835,0.1034287586808204,0.04018335044384,0.0402234606444835,selected,0.13176389091811117,-6.6519947031262046,0.01813138869381205,0.9334800529687379
ml,kmeans_templates,combined,brutal,50000,0,0.0455307910739212,0.0453757151109518,0.05,0.1601353734731674,0.1414243727922439,0.0494336560368537,0.0494573600590229,selected,0.34175982150409656,-8.938417852157611,0.03353512309258154,0.9106158214784239
ml,kmeans_templates,combined,brutal,50000,1,0.0479112320370119,0.0477221012838836,0.05,0.2064963728189468,0.190734714269638,0.0520298779010772,0.0521101243793964,selected,0.3963169014776189,-4.177535925976208,0.08302860517466208,0.9582246407402379
ml,kmeans_templates,combined,brutal,50000,2,0.0475532389670647,0.0472252309336187,0.05,0.2281084805727005,0.2285230010747909,0.045017059892416,0.0448347851634025,selected,0.694560994115735,-4.893522065870612,0.1182109305671926,0.9510647793412939
ml,kmeans_templates,combined,brutal,50000,3,0.0480457954162776,0.0480277739082754,0.05,0.1777543872594833,0.1636439114809036,0.0506987050175666,0.0507490970194339,selected,0.03752309660783734,-3.9084091674448094,0.009137648101205821,0.960915908325552
ml,kmeans_templates,combined,brutal,50000,4,0.0470245577255339,0.0466125840939772,0.05,0.2108694016933441,0.2119458019733429,0.0404516421258449,0.0406380519270896,selected,0.8838249145898132,-5.950884548932209,0.12161885135634287,0.9404911545106779
ml,kmeans_templates,combined,brutal,100000,0,0.0453615651567189,0.0453757151109518,0.05,0.1715468764305114,0.1406196504831314,0.0461574979126453,0.0461718514561653,selected,-0.031183980678430888,-9.276869686562202,-0.003059922684783264,0.9072313031343779
ml,kmeans_templates,combined,brutal,100000,1,0.0478150520981678,0.0477221012838836,0.05,0.156009703874588,0.1227523386478424,0.0486143864691257,0.0486126653850078,selected,0.19477519175289906,-4.369895803664411,0.040805508000228016,0.9563010419633559
ml,kmeans_templates,combined,brutal,100000,2,0.0472741551906822,0.0472252309336187,0.05,0.1034774705767631,0.0871368795633316,0.0460975170135498,0.0460971631109714,selected,0.10359770846279988,-5.451689618635611,0.017631830214720753,0.9454831038136439
ml,kmeans_templates,combined,brutal,100000,3,0.0484243806528271,0.0480277739082754,0.05,0.2108554393053054,0.1990551352500915,0.0420784167945385,0.0424364954233169,selected,0.8257862321688028,-3.1512386943458037,0.20109598296861012,0.968487613056542
ml,kmeans_templates,combined,brutal,100000,4,0.0465752919791976,0.0466125840939772,0.05,0.1236892268061637,0.101107083261013,0.0452507920563221,0.0452454388141632,selected,-0.080004392600099,-6.849416041604799,-0.011009015666866205,0.9315058395839521
ml,kmeans_templates,combined,extreme,5000,0,0.0454713966188938,0.0451021576054243,0.05,0.2159420698881149,0.205501526594162,0.0412865355610847,0.0412773862481117,selected,0.8186726158419889,-9.0572067622124,0.07538809617035268,0.909427932377876
ml,kmeans_templates,combined,extreme,5000,1,0.0476294394977725,0.0477720022195072,0.05,0.2041181921958923,0.2138767093420028,0.0448792874813079,0.0449408218264579,selected,-0.29842316652259687,-4.741121004455007,-0.06398692269036534,0.9525887899554499
ml,kmeans_templates,combined,extreme,5000,2,0.0465813275296713,0.0468224388100205,0.05,0.1980322301387787,0.2161647379398346,0.0707039535045623,0.0710052996873855,selected,-0.5149481455408598,-6.837344940657408,-0.07587935083974258,0.9316265505934259
ml,kmeans_templates,combined,extreme,5000,3,0.0475142869893488,0.0476569546621607,0.05,0.2000599205493927,0.1947206258773803,0.0473906137049198,0.0473782904446125,selected,-0.29936380497509985,-4.971426021302405,-0.060889847288856644,0.950285739786976
ml,kmeans_templates,combined,extreme,5000,4,0.0464364533611771,0.0463574283847847,0.05,0.1982200443744659,0.1871087104082107,0.0430397950112819,0.0429954044520854,selected,0.17046885288039795,-7.127093277645811,0.021694831218225366,0.9287290672235419
ml,kmeans_templates,combined,extreme,25000,0,0.0451665580970331,0.0451021576054243,0.05,0.19034343957901,0.1790694892406463,0.0474935732781887,0.0475159063935279,selected,0.14278805056779859,-9.666883805933807,0.013148747227988419,0.903331161940662
ml,kmeans_templates,combined,extreme,25000,1,0.0479035853900394,0.0477720022195072,0.05,0.2118267565965652,0.2218421399593353,0.04189920052886,0.0416153445839881,selected,0.2754399322171877,-4.192829219921201,0.059058932501763764,0.958071707800788
ml,kmeans_templates,combined,extreme,25000,2,0.0469745620441977,0.0468224388100205,0.05,0.1955686658620834,0.1881896555423736,0.0428206250071525,0.0428759343922138,selected,0.3248938714927415,-6.050875911604608,0.04787421078055682,0.939491240883954
ml,kmeans_templates,combined,extreme,25000,3,0.0477245597493653,0.0476569546621607,0.05,0.1888996809720993,0.1617508381605148,0.0502700544893741,0.050288762897253,selected,0.14185775755888583,-4.550880501269408,0.028853512184676654,0.954491194987306
ml,kmeans_templates,combined,extreme,25000,4,0.0463620882294158,0.0463574283847847,0.05,0.1181979700922966,0.0969602465629577,0.0426329374313354,0.0426681190729141,selected,0.01005199122009052,-7.2758235411684025,0.0012792733056046948,0.927241764588316
ml,kmeans_templates,combined,extreme,50000,0,0.0463981141009321,0.0451021576054243,0.05,0.2043104469776153,0.1957264691591262,0.0448474362492561,0.0448773503303527,selected,2.87338026452185,-7.203771798135805,0.26459742701052547,0.927962282018642
ml,kmeans_templates,combined,extreme,50000,1,0.0477719278633047,0.0477720022195072,0.05,0.1565436571836471,0.1409910321235656,0.0503572560846805,0.050350047647953,selected,-0.00015564807637552498,-4.456144273390611,-3.3373553219738575e-05,0.955438557266094
ml,kmeans_templates,combined,extreme,50000,2,0.0468398262059407,0.0468224388100205,0.05,0.1739916205406189,0.1586072742938995,0.0490691289305686,0.0490584820508956,selected,0.03713475069239445,-6.3203475881186,0.0054719311071118135,0.936796524118814
ml,kmeans_templates,combined,extreme,50000,3,0.0478012774205932,0.0476569546621607,0.05,0.182994857430458,0.1784849315881729,0.0498738512396812,0.0498316138982772,selected,0.30283672017148616,-4.397445158813601,0.06159622953160207,0.956025548411864
ml,kmeans_templates,combined,extreme,50000,4,0.0463947345132403,0.0463574283847847,0.05,0.2115202695131302,0.186068594455719,0.0394439287483692,0.0397011525928974,selected,0.08047497403423425,-7.210530973519411,0.010241700753325941,0.9278946902648059
ml,kmeans_templates,combined,extreme,100000,0,0.0452360741717573,0.0451021576054243,0.05,0.182184487581253,0.1613578349351883,0.046537134796381,0.046512484550476,selected,0.29691831487213244,-9.52785165648541,0.027341950913183723,0.9047214834351459
ml,kmeans_templates,combined,extreme,100000,1,0.0477041340436498,0.0477720022195072,0.05,0.1893799304962158,0.1608998328447342,0.0489090234041214,0.0489069633185863,selected,-0.14206684397599634,-4.591731912700403,-0.030461509635070293,0.954082680872996
ml,kmeans_templates,combined,extreme,100000,2,0.0468610892265374,0.0468224388100205,0.05,0.0991335436701774,0.0749378353357315,0.0477765463292598,0.0477773509919643,selected,0.08254678205405,-6.2778215469252014,0.012163547515240108,0.937221784530748
ml,kmeans_templates,combined,extreme,100000,3,0.0477334386071482,0.0476569546621607,0.05,0.1915834993124008,0.1738564074039459,0.0502844899892807,0.0503288172185421,selected,0.16048852791726512,-4.5331227857036,0.032642964159640124,0.954668772142964
ml,kmeans_templates,combined,extreme,100000,4,0.0464819447451607,0.0463574283847847,0.05,0.1819696575403213,0.190743550658226,0.0464619845151901,0.0464689955115318,selected,0.26860066382989095,-7.036110509678603,0.03418364099030577,0.9296388949032139
ml,kmeans_templates,combined,high,5000,0,0.0454679944857163,0.0456478618068448,0.05,0.2141426503658294,0.2138247042894363,0.0457812547683715,0.0457933582365512,selected,-0.39403230295778785,-9.064011028567409,-0.04132849490197349,0.9093598897143259
ml,kmeans_templates,combined,high,5000,1,0.0483364786386318,0.0479894558651901,0.05,0.2043351978063583,0.2235271781682968,0.0390953235328197,0.0391742140054702,selected,0.7231229593778752,-3.3270427227364006,0.17260142039832072,0.966729572772636
ml,kmeans_templates,combined,high,5000,2,0.0467377259338277,0.0467197937920064,0.05,0.1593584418296814,0.1392915397882461,0.0491081960499286,0.0491141192615032,selected,0.038382322278937606,-6.524548132344599,0.005466772722276964,0.934754518676554
ml,kmeans_templates,combined,high,5000,3,0.0475824895139197,0.0472903071338551,0.05,0.2053717672824859,0.2287768572568893,0.0597610846161842,0.0598912611603736,selected,0.6178483451959369,-4.835020972160611,0.1078285970026888,0.9516497902783939
ml,kmeans_templates,combined,high,5000,4,0.0472446850594637,0.046938630668035,0.05,0.1990249156951904,0.1808873862028122,0.0486871600151062,0.0486850887537002,selected,0.6520309328859986,-5.510629881072606,0.09997303763157987,0.944893701189274
ml,kmeans_templates,combined,high,25000,0,0.0454816871430961,0.0456478618068448,0.05,0.2031398862600326,0.209520474076271,0.0472033098340034,0.0471932478249073,selected,-0.36403602966521076,-9.03662571380781,-0.038182304047709226,0.9096337428619219
ml,kmeans_templates,combined,high,25000,1,0.0481462373057493,0.0479894558651901,0.05,0.2206674367189407,0.1752759367227554,0.0503492690622806,0.0503838695585727,selected,0.3266997671313997,-3.707525388501401,0.07797960653772251,0.962924746114986
ml,kmeans_templates,combined,high,25000,2,0.0481210384920027,0.0467197937920064,0.05,0.2158542424440384,0.2209759652614593,0.0561394467949867,0.0559468157589435,selected,2.999252749775724,-3.7579230159946047,0.4271818938033767,0.962420769840054
ml,kmeans_templates,combined,high,25000,3,0.0472642638467794,0.0472903071338551,0.05,0.1990807056427002,0.1854536235332489,0.0462127700448036,0.0462104603648185,selected,-0.055071088885053035,-5.4714723064412105,-0.009611158298081155,0.945285276935588
ml,kmeans_templates,combined,high,25000,4,0.0477779211107005,0.046938630668035,0.05,0.2000233978033065,0.2029652446508407,0.0494985915720462,0.0495003797113895,selected,1.7880590693010012,-4.444157778599009,0.27415523958580473,0.9555584222140099
ml,kmeans_templates,combined,high,50000,0,0.0458560363289301,0.0456478618068448,0.05,0.1799492239952087,0.166074737906456,0.046851348131895,0.0468449294567108,selected,0.4560444100671736,-8.287927342139803,0.047832700352371395,0.917120726578602
ml,kmeans_templates,combined,high,50000,1,0.0480976339815173,0.0479894558651901,0.05,0.2069551348686218,0.1960476040840149,0.0472352765500545,0.0472258999943733,selected,0.22542059370518305,-3.804732036965408,0.0538053925075495,0.9619526796303459
ml,kmeans_templates,combined,high,50000,2,0.047311388305794,0.0467197937920064,0.05,0.2078720033168792,0.1812752932310104,0.0477040745317935,0.0477043539285659,selected,1.266260969432653,-5.377223388412011,0.18035284255786352,0.9462277661158799
ml,kmeans_templates,combined,high,50000,3,0.0474901740776925,0.0472903071338551,0.05,0.1713644862174987,0.1474694460630417,0.0454882644116878,0.0454964041709899,selected,0.42263828668247194,-5.0196518446150025,0.07375999927318544,0.94980348155385
ml,kmeans_templates,combined,high,50000,4,0.0469954667032498,0.046938630668035,0.05,0.1373101621866226,0.1190804839134216,0.042974054813385,0.0429826229810714,selected,0.12108583996998873,-6.0090665935004095,0.018565559738693626,0.9399093340649959
ml,kmeans_templates,combined,high,100000,0,0.0474755328754597,0.0456478618068448,0.05,0.2225507646799087,0.3661453425884247,0.0548888519406318,0.0552722625434398,selected,4.003848145940641,-5.048934249080608,0.4199478480461301,0.949510657509194
ml,kmeans_templates,combined,high,100000,1,0.0480111143119957,0.0479894558651901,0.05,0.1838090866804123,0.1602557748556137,0.0477796420454978,0.0477809123694896,selected,0.045131678230405904,-3.977771376008604,0.010772430423492328,0.960222286239914
ml,kmeans_templates,combined,high,100000,2,0.0476047963537049,0.0467197937920064,0.05,0.2202112227678299,0.1842137277126312,0.0484675876796245,0.0484682992100715,selected,1.8942775424876062,-4.790407292590213,0.2698008922554366,0.9520959270740978
ml,kmeans_templates,combined,high,100000,3,0.0477384263140004,0.0472903071338551,0.05,0.1775753200054168,0.183166429400444,0.0475712046027183,0.0475722812116146,selected,0.9475920274252079,-4.5231473719992,0.1653763737374586,0.954768526280008
ml,kmeans_templates,combined,high,100000,4,0.0483406149561445,0.046938630668035,0.05,0.2023165971040725,0.2272429168224334,0.0467191077768802,0.0467014275491237,selected,2.9868453087709024,-3.3187700877110036,0.4579598656950058,0.96681229912289
ml,kmeans_templates,combined,low,5000,0,0.0494481933622825,0.0491980080391786,0.05,0.2329461872577667,0.1926965415477752,0.0471355766057968,0.0471147038042545,selected,0.5085273430271078,-1.1036132754350114,0.31195490145269905,0.9889638672456499
ml,kmeans_templates,combined,low,5000,1,0.0494458555230638,0.0493234520724208,0.05,0.216616541147232,0.2225789129734039,0.0383505448698997,0.0385315679013729,selected,0.24816480903095,-1.1082889538724106,0.18092354680765171,0.988917110461276
ml,kmeans_templates,combined,low,5000,2,0.0492001948618567,0.0492421747865324,0.05,0.1990742981433868,0.1712434440851211,0.0532437674701213,0.0532307624816894,selected,-0.08525197121712626,-1.599610276286606,-0.05539525992228858,0.984003897237134
ml,kmeans_templates,combined,low,5000,3,0.0495720274411142,0.0492054216827995,0.05,0.1940334737300872,0.2238577008247375,0.0510346181690692,0.0510351806879043,selected,0.7450515528106008,-0.8559451177716088,0.4613840453214776,0.9914405488222839
ml,kmeans_templates,combined,low,5000,4,0.049217496915294,0.049313461619669,0.05,0.1773771047592163,0.1566440612077713,0.0498765408992767,0.049878392368555,selected,-0.1946014358414531,-1.5650061694120059,-0.13978053831270432,0.9843499383058799
ml,kmeans_templates,combined,low,25000,0,0.049194646289337,0.0491980080391786,0.05,0.1985069960355758,0.165527269244194,0.0517536699771881,0.0517451427876949,selected,-0.006833101533138816,-1.6107074213260046,-0.004191750049658544,0.9838929257867399
ml,kmeans_templates,combined,low,25000,1,0.0497151106030157,0.0493234520724208,0.05,0.2167123705148697,0.2798338234424591,0.0549845807254314,0.0550034716725349,selected,0.794061474083022,-0.5697787939686061,0.5789072948553933,0.994302212060314
ml,kmeans_templates,combined,low,25000,2,0.0490923933637455,0.0492421747865324,0.05,0.2160841226577758,0.250270128250122,0.0536068305373191,0.0536152832210063,selected,-0.30417304563865266,-1.8152132725090113,-0.19764639672193723,0.9818478672749099
ml,kmeans_templates,combined,low,25000,3,0.0492304129360698,0.0492054216827995,0.05,0.1695592850446701,0.1193315610289573,0.049418531358242,0.0494189895689487,selected,0.050789633368874515,-1.539174127860407,0.03145222154859807,0.9846082587213959
ml,kmeans_templates,combined,low,25000,4,0.0493937589911188,0.049313461619669,0.05,0.2195306718349456,0.1928662806749344,0.0453773848712444,0.0453559756278991,selected,0.16283053108114062,-1.2124820177624034,0.11695977056823453,0.9878751798223759
ml,kmeans_templates,combined,low,50000,0,0.049066252527685,0.0491980080391786,0.05,0.2328391820192337,0.178405076265335,0.0504423826932907,0.0504297539591789,selected,-0.26780659775631327,-1.8674949446300104,-0.16428532694848608,0.9813250505536999
ml,kmeans_templates,combined,low,50000,1,0.0493234519715628,0.0493234520724208,0.05,0.1692692786455154,0.1180506125092506,0.0507343672215938,0.0507355779409408,selected,-2.0448285403293975e-07,-1.353096056874406,-1.4907739480651683e-07,0.986469039431256
ml,kmeans_templates,combined,low,50000,2,0.0493560929805054,0.0492421747865324,0.05,0.2148536890745163,0.1421721577644348,0.0515353754162788,0.0515453442931175,selected,0.23134273509820327,-1.287814038989199,0.15032251757861595,0.987121859610108
ml,kmeans_templates,combined,low,50000,3,0.0491716628278395,0.0492054216827995,0.05,0.1816041618585586,0.2065518647432327,0.0508544221520423,0.0508422218263149,selected,-0.06860799847955454,-1.656674344320999,-0.04248650413584678,0.98343325655679
ml,kmeans_templates,combined,low,50000,4,0.0492007211869971,0.049313461619669,0.05,0.2394574433565139,0.1869694292545318,0.0458848886191844,0.0458989404141902,selected,-0.22861999334261116,-1.5985576260058032,-0.1642157756971175,0.984014423739942
ml,kmeans_templates,combined,low,100000,0,0.0492484966206097,0.0491980080391786,0.05,0.1820801198482513,0.1397161036729812,0.0489118434488773,0.0489126369357109,selected,0.10262322285669102,-1.5030067587806089,0.06295397447549027,0.9849699324121939
ml,kmeans_templates,combined,low,100000,1,0.049338338309567,0.0493234520724208,0.05,0.1760125011205673,0.1585752218961715,0.0502843149006366,0.0502840019762516,selected,0.03018085012448029,-1.3233233808660065,0.02200322628947012,0.98676676619134
ml,kmeans_templates,combined,low,100000,2,0.0495263250358996,0.0492421747865324,0.05,0.2106178849935531,0.2357721775770187,0.0506096817553043,0.0506143011152744,selected,0.5770465065749121,-0.947349928200808,0.3749548633609106,0.990526500717992
ml,kmeans_templates,combined,low,100000,3,0.0494912086203784,0.0492054216827995,0.05,0.2361042499542236,0.2088596820831298,0.0515039749443531,0.0514954663813114,selected,0.5808037565884894,-1.017582759243199,0.3596712009280644,0.989824172407568
ml,kmeans_templates,combined,low,100000,4,0.0493253629921087,0.049313461619669,0.05,0.1889149695634842,0.1554919630289077,0.0474213548004627,0.0474230051040649,selected,0.024134124940342574,-1.3492740157826089,0.017335334455680026,0.9865072598421739
ml,kmeans_templates,combined,medium,5000,0,0.0485184740067773,0.047819037623913,0.05,0.210759624838829,0.210570603609085,0.0452406145632267,0.0452424027025699,selected,1.4626734824009326,-2.9630519864454055,0.3207008018722458,0.9703694801355459
ml,kmeans_templates,combined,medium,5000,1,0.0485815934665926,0.048585671698699,0.05,0.2160214781761169,0.1945051699876785,0.0444426499307155,0.0443934090435504,selected,-0.008393898784999992,-2.836813066814811,-0.002883511630679892,0.9716318693318519
ml,kmeans_templates,combined,medium,5000,2,0.0480016331946562,0.0480506136646491,0.05,0.2041677385568618,0.2105851918458938,0.0503471083939075,0.0503592826426029,selected,-0.10193516015161913,-3.9967336106876,-0.02512609691812526,0.960032663893124
ml,kmeans_templates,combined,medium,5000,3,0.0488430690408097,0.0481034871888418,0.05,0.1907303780317306,0.2269519418478012,0.0493508167564868,0.0493340045213699,selected,1.5374807424345263,-2.3138619183806077,0.38996934142313394,0.9768613808161939
ml,kmeans_templates,combined,medium,5000,4,0.0488400524634975,0.0482533546384371,0.05,0.2013088166713714,0.2066057324409485,0.0461808890104293,0.0461658686399459,selected,1.215869506807417,-2.319895073005007,0.33589979853461516,0.9768010492699499
ml,kmeans_templates,combined,medium,25000,0,0.0479390701875868,0.047819037623913,0.05,0.1934188306331634,0.1630863398313522,0.0507233366370201,0.0507438480854034,selected,0.2510141768595028,-4.1218596248264046,0.05503651277522671,0.9587814037517359
ml,kmeans_templates,combined,medium,25000,1,0.0486613815290818,0.048585671698699,0.05,0.1879116296768188,0.1873451918363571,0.0502218008041381,0.050225630402565,selected,0.15582748521480602,-2.6772369418363997,0.05353059138614482,0.973227630581636
ml,kmeans_templates,combined,medium,25000,2,0.0485071339695075,0.0480506136646491,0.05,0.2295345216989517,0.2210225760936737,0.048862524330616,0.048864621669054,selected,0.9500821530491024,-2.9857320609849993,0.2341866753550559,0.97014267939015
ml,kmeans_templates,combined,medium,25000,3,0.0487736165040549,0.0481034871888418,0.05,0.2055262625217437,0.2466568648815155,0.049272570759058,0.0492544658482074,selected,1.3930992416045649,-2.4527669918902038,0.35334816156810145,0.975472330081098
ml,kmeans_templates,combined,medium,25000,4,0.0487546193687277,0.0482533546384371,0.05,0.2150266021490097,0.1898770481348037,0.0432637780904769,0.043280966579914,selected,1.0388184076456073,-2.490761262544605,0.28698712476015575,0.975092387374554
ml,kmeans_templates,combined,medium,50000,0,0.0478199133193383,0.047819037623913,0.05,0.1790399551391601,0.1665053814649582,0.0473860278725624,0.0473882220685482,selected,0.0018312694458329558,-4.36017336132341,0.0004015178963651919,0.956398266386766
ml,kmeans_templates,combined,medium,50000,1,0.0488905867918454,0.048585671698699,0.05,0.2077087461948394,0.2092757523059845,0.0486686304211616,0.0486814193427562,selected,0.6275823354616048,-2.218826416309202,0.2155900386536277,0.977811735836908
ml,kmeans_templates,combined,medium,50000,2,0.0481709328836204,0.0480506136646491,0.05,0.2457417249679565,0.3236109316349029,0.0589328780770301,0.0588766932487487,selected,0.2504010038477804,-3.658134232759208,0.061721587347457085,0.963418657672408
ml,kmeans_templates,combined,medium,50000,3,0.0481872387712405,0.0481034871888418,0.05,0.2024798095226287,0.1921090185642242,0.0478344000875949,0.0478346161544323,selected,0.17410709138387132,-3.6255224575190006,0.04416083134579949,0.96374477542481
ml,kmeans_templates,combined,medium,50000,4,0.0488747741568397,0.0482533546384371,0.05,0.2061021625995636,0.1885427087545395,0.0426547415554523,0.0425806120038032,selected,1.2878265626481304,-2.250451686320612,0.3557788730773309,0.9774954831367939
ml,kmeans_templates,combined,medium,100000,0,0.0486477312611974,0.047819037623913,0.05,0.2210075557231903,0.2313508093357086,0.046304740011692,0.0463180728256702,selected,1.7329784923776679,-2.704537477605212,0.3799669569592515,0.9729546252239479
ml,kmeans_templates,combined,medium,100000,1,0.0491602708627019,0.048585671698699,0.05,0.2103871256113052,0.2224949300289154,0.048546016216278,0.0485654138028621,selected,1.1826514770985246,-1.6794582745962017,0.4062700035588233,0.983205417254038
ml,kmeans_templates,combined,medium,100000,2,0.0482229877066765,0.0480506136646491,0.05,0.1667676568031311,0.1482921540737152,0.0500208176672458,0.050020407885313,selected,0.35873431967053976,-3.5540245866470115,0.08842477188923649,0.9644597541335299
ml,kmeans_templates,combined,medium,100000,3,0.0488662060728198,0.0481034871888418,0.05,0.2105352729558944,0.1954238712787628,0.0495761558413505,0.0495611727237701,selected,1.5855791930089562,-2.267587854360403,0.40216911770409275,0.977324121456396
ml,kmeans_templates,combined,medium,100000,4,0.0483379680376877,0.0482533546384371,0.05,0.1610976308584213,0.1413789838552475,0.0471722669899463,0.0471727848052978,selected,0.1753523664512264,-3.324063924624601,0.0484433767223873,0.966759360753754
ml,kmeans_templates,context,brutal,5000,0,0.0419726867132917,0.0466604711186673,0.05,0.2045710980892181,0.2381192743778228,0.0343058444559574,0.0344979688525199,selected,-10.04658609951363,-16.054626573416606,-1.4037262655757754,0.8394537342658339
ml,kmeans_templates,context,brutal,5000,1,0.0493060656582081,0.0493162344238843,0.05,0.1744972616434097,0.1401542127132415,0.0391587950289249,0.0391870662569999,selected,-0.02061950956919791,-1.387868683583801,-0.0148717133933052,0.986121313164162
ml,kmeans_templates,context,brutal,5000,2,0.0469501953920724,0.046883262473433,0.05,0.2035226076841354,0.1850100755691528,0.0472431927919387,0.0472416579723358,selected,0.14276506179007437,-6.0996092158552,0.02147531451361069,0.939003907841448
ml,kmeans_templates,context,brutal,5000,3,0.0482489201224108,0.0481144194008443,0.05,0.1998528838157653,0.2668709754943847,0.0531736314296722,0.053144946694374,selected,0.2795434783197998,-3.5021597551784103,0.07133119720616637,0.9649784024482159
ml,kmeans_templates,context,brutal,5000,4,0.0484644042840288,0.0484927499264902,0.05,0.2012806534767151,0.2063938081264495,0.0465695858001709,0.0466066338121891,selected,-0.058453361593979715,-3.0711914319423994,-0.018806197431717207,0.969288085680576
ml,kmeans_templates,context,brutal,25000,0,0.0483349154046205,0.0466604711186673,0.05,0.2121507823467254,0.2149362564086914,0.0644100233912468,0.0639335140585899,selected,3.588571323454369,-3.3301691907589994,0.5014013489486528,0.96669830809241
ml,kmeans_templates,context,brutal,25000,1,0.04934240831198,0.0493162344238843,0.05,0.1929705142974853,0.1981959044933319,0.0461278334259986,0.0462415106594562,selected,0.05307357384736229,-1.3151833760400022,0.03827903745079683,0.9868481662396
ml,kmeans_templates,context,brutal,25000,2,0.0471067040100441,0.046883262473433,0.05,0.1928650289773941,0.1503057777881622,0.0499494597315788,0.049941997975111,selected,0.4765912712190404,-5.786591979911813,0.07169084169150694,0.9421340802008819
ml,kmeans_templates,context,brutal,25000,3,0.047981058348683,0.0481144194008443,0.05,0.2208437025547027,0.1921674460172653,0.0501490123569965,0.0501990728080272,selected,-0.2771748133345684,-4.037883302634007,-0.07072678421755932,0.95962116697366
ml,kmeans_templates,context,brutal,25000,4,0.0485566281576081,0.0484927499264902,0.05,0.1576623171567917,0.1350479573011398,0.0434279218316078,0.043464183807373,selected,0.1317273844332019,-2.88674368478381,0.042380645548187774,0.9711325631521619
ml,kmeans_templates,context,brutal,50000,0,0.0467003686645732,0.0466604711186673,0.05,0.1353979259729385,0.0975937992334365,0.0483743175864219,0.0483864992856979,selected,0.0855060931648828,-6.599262670853602,0.011947058200011438,0.934007373291464
ml,kmeans_templates,context,brutal,50000,1,0.0493352247024334,0.0493162344238843,0.05,0.1661191433668136,0.13958840072155,0.0508245453238487,0.0508235618472099,selected,0.03850715443087398,-1.3295505951332054,0.027773083659718527,0.986704494048668
ml,kmeans_templates,context,brutal,50000,2,0.0473166167226708,0.046883262473433,0.05,0.1751168519258499,0.157631829380989,0.0487125478684902,0.0487319268286228,selected,0.9243261376772994,-5.366766554658411,0.13904098293292017,0.9463323344534159
ml,kmeans_templates,context,brutal,50000,3,0.0481434844027911,0.0481144194008443,0.05,0.2005749940872192,0.1527950316667556,0.0480466336011886,0.0480558797717094,selected,0.06040809035781193,-3.7130311944178067,0.015414351399146197,0.962869688055822
ml,kmeans_templates,context,brutal,50000,4,0.0484794179763264,0.0484927499264902,0.05,0.1496405601501464,0.1154314428567886,0.0453130789101123,0.0453060530126094,selected,-0.027492666808976562,-3.041164047347208,-0.00884521447244332,0.9695883595265279
ml,kmeans_templates,context,brutal,100000,0,0.0473658050634949,0.0466604711186673,0.05,0.213296428322792,0.1674321293830871,0.0464365407824516,0.0464411787688732,selected,1.511630568482237,-5.268389873010204,0.21120761936519727,0.947316101269898
ml,kmeans_templates,context,brutal,100000,1,0.0493229331441216,0.0493162344238843,0.05,0.1924479007720947,0.180697813630104,0.0494764037430286,0.0494767017662525,selected,0.013583194896274423,-1.3541337117567998,0.009796808250209857,0.986458662882432
ml,kmeans_templates,context,brutal,100000,2,0.0469202889758076,0.046883262473433,0.05,0.1708558797836303,0.124188482761383,0.0469789952039718,0.0469781793653965,selected,0.07897595094961098,-6.159422048384808,0.01187989109091887,0.9384057795161519
ml,kmeans_templates,context,brutal,100000,3,0.0485800923351318,0.0481144194008443,0.05,0.2162557393312454,0.2400964349508285,0.0499741211533546,0.0500129573047161,selected,0.9678448583322826,-2.8398153297364,0.24696527663469497,0.971601846702636
ml,kmeans_templates,context,brutal,100000,4,0.0488022932263337,0.0484927499264902,0.05,0.2477357238531112,0.1997279375791549,0.0460370741784572,0.0460036173462867,selected,0.6383290292110347,-2.3954135473326086,0.20536957024171357,0.976045864526674
ml,kmeans_templates,context,extreme,5000,0,0.0456527273834309,0.0471409906431615,0.05,0.229099303483963,0.2040890157222747,0.0464241802692413,0.0464500077068805,selected,-3.1570470612214203,-8.6945452331382,-0.5205520773028589,0.913054547668618
ml,kmeans_templates,context,extreme,5000,1,0.0493351355169776,0.049408615419236,0.05,0.2051736414432525,0.1887627989053726,0.0412597358226776,0.0412281192839145,selected,-0.1487188046759021,-1.329728966044802,-0.12425062243502154,0.986702710339552
ml,kmeans_templates,context,extreme,5000,2,0.0452988642864393,0.0472092083079514,0.05,0.195936307311058,0.2035711705684662,0.0537788085639476,0.0540551766753196,selected,-4.046549582129613,-9.402271427121411,-0.6845168799072225,0.9059772857287859
ml,kmeans_templates,context,extreme,5000,3,0.0483678465544491,0.048278926861906,0.05,0.227167323231697,0.2036458402872085,0.0523900501430034,0.0524144284427166,selected,0.1841790990869357,-3.264306891101812,0.051665260804414616,0.9673569310889819
ml,kmeans_templates,context,extreme,5000,4,0.0492172943721974,0.0488470168479899,0.05,0.2152829468250274,0.1909661293029785,0.0462727956473827,0.046319480985403,selected,0.7580350819780641,-1.5654112556052062,0.3211473849916714,0.9843458874439479
ml,kmeans_templates,context,extreme,25000,0,0.0472454626658529,0.0471409906431615,0.05,0.1793341040611267,0.1508396863937378,0.0480498187243938,0.048022273927927,selected,0.2216160951775858,-5.5090746682942004,0.036541336404344905,0.944909253317058
ml,kmeans_templates,context,extreme,25000,1,0.0494201449052254,0.049408615419236,0.05,0.2274457663297653,0.1917751580476761,0.0510674118995666,0.051088348031044,selected,0.02333497081747614,-1.159710189549204,0.019495750082802275,0.988402898104508
ml,kmeans_templates,context,extreme,25000,2,0.0475197048653614,0.0472092083079514,0.05,0.184947058558464,0.1463654935359954,0.0517086535692215,0.0517631471157074,selected,0.6577033772407,-4.960590269277212,0.11125751817831714,0.9503940973072279
ml,kmeans_templates,context,extreme,25000,3,0.048513526084675,0.048278926861906,0.05,0.2151577770709991,0.1992844939231872,0.0530304200947284,0.0531004779040813,selected,0.4859246839517219,-2.9729478306500106,0.13630985085782327,0.9702705216934999
ml,kmeans_templates,context,extreme,25000,4,0.0490172070399421,0.0488470168479899,0.05,0.2295354455709457,0.2341315001249313,0.0382448881864547,0.0383578911423683,selected,0.34841470970852395,-1.9655859201158088,0.14760856796171695,0.9803441407988419
ml,kmeans_templates,context,extreme,50000,0,0.0471886808071457,0.0471409906431615,0.05,0.1678852885961532,0.1322069317102432,0.0475941225886344,0.0475974455475807,selected,0.10116495927122056,-5.622638385708602,0.016680660337866134,0.943773616142914
ml,kmeans_templates,context,extreme,50000,1,0.0496042061213611,0.049408615419236,0.05,0.2138381153345108,0.2197564095258712,0.0568037368357181,0.0567430332303047,selected,0.3958635563160272,-0.7915877572778063,0.33073351671160633,0.992084122427222
ml,kmeans_templates,context,extreme,50000,2,0.0472338469814878,0.0472092083079514,0.05,0.2023682296276092,0.1839407533407211,0.0482024364173412,0.0482101254165172,selected,0.05219039763529331,-5.532306037024412,0.00882856058608501,0.9446769396297559
ml,kmeans_templates,context,extreme,50000,3,0.0484066252491301,0.048278926861906,0.05,0.1779941320419311,0.1541619747877121,0.0478069074451923,0.0478032827377319,selected,0.2645012959574742,-3.186749501739805,0.07419695560731458,0.968132504982602
ml,kmeans_templates,context,extreme,50000,4,0.0488892146501356,0.0488470168479899,0.05,0.1636309623718261,0.1285872906446457,0.0474208667874336,0.0474236384034156,selected,0.0863876749669603,-2.2215706997288085,0.03659880204852128,0.977784293002712
ml,kmeans_templates,context,extreme,100000,0,0.0473172028949101,0.0471409906431615,0.05,0.2233625203371048,0.2094645649194717,0.0431042164564132,0.0431418307125568,selected,0.37379836389620996,-5.365594210179805,0.06163402415144899,0.946344057898202
ml,kmeans_templates,context,extreme,100000,1,0.0494173978197803,0.049408615419236,0.05,0.1154795959591865,0.0629658177495002,0.0501457266509532,0.0501458160579204,selected,0.01777503876556467,-1.1652043604394036,0.014850574110255173,0.988347956395606
ml,kmeans_templates,context,extreme,100000,2,0.0472464239989747,0.0472092083079514,0.05,0.1138783991336822,0.0861316248774528,0.0471271090209484,0.0471277013421058,selected,0.07883142369287752,-5.50715200205061,0.013335173359347316,0.9449284799794939
ml,kmeans_templates,context,extreme,100000,3,0.0483939399026855,0.048278926861906,0.05,0.1294135302305221,0.0933641567826271,0.0493657626211643,0.0493640191853046,selected,0.23822617496962595,-3.212120194629006,0.06682635283406527,0.9678787980537099
ml,kmeans_templates,context,extreme,100000,4,0.0489137753076766,0.0488470168479899,0.05,0.1753196269273758,0.1661597192287445,0.048759326338768,0.0487502478063106,selected,0.13666844772619047,-2.172449384646807,0.057900637637516496,0.978275506153532
ml,kmeans_templates,context,high,5000,0,0.0483868200612955,0.0483407652012639,0.05,0.2114579379558563,0.1650270819664001,0.0487597398459911,0.0487717911601066,selected,0.09527126813125854,-3.2263598774090045,0.02775668643562678,0.96773640122591
ml,kmeans_templates,context,high,5000,1,0.0496347142609111,0.0494328812879498,0.05,0.1953877806663513,0.1906690746545791,0.0428999066352844,0.0429776608943939,selected,0.40829700333591806,-0.7305714781778022,0.3558919299834959,0.992694285218222
ml,kmeans_templates,context,high,5000,2,0.0455970005337141,0.0484716154000644,0.05,0.2353787124156952,0.2040608674287796,0.0438831187784671,0.0438426956534385,selected,-5.930511790507568,-8.805998932571807,-1.8808190467709651,0.911940010674282
ml,kmeans_templates,context,high,5000,3,0.0486893959165236,0.0487627254693241,0.05,0.2020520567893982,0.2333900928497314,0.0509126298129558,0.0509059242904186,selected,-0.15038034091557767,-2.6212081669527985,-0.059267002578997634,0.9737879183304721
ml,kmeans_templates,context,high,5000,4,0.0491655194780679,0.0492230940860696,0.05,0.2103838324546814,0.1851959526538849,0.0509681329131126,0.0509728714823722,selected,-0.11696665776641876,-1.6689610438642004,-0.07410756820014741,0.983310389561358
ml,kmeans_templates,context,high,25000,0,0.0477623781121248,0.0483407652012639,0.05,0.1876180171966552,0.2204270511865615,0.0487012825906276,0.0486847944557666,selected,-1.1964789691082158,-4.475243775750412,-0.3485866434212228,0.9552475622424959
ml,kmeans_templates,context,high,25000,1,0.0494419887399104,0.0494328812879498,0.05,0.1738591343164444,0.1393713504076004,0.0507252402603626,0.0507275760173797,selected,0.01842387439961396,-1.1160225201791996,0.01605916321765793,0.9888397747982081
ml,kmeans_templates,context,high,25000,2,0.0485917817440986,0.0484716154000644,0.05,0.1829387694597244,0.1581184267997741,0.0508987233042717,0.0508909001946449,selected,0.24791074743929864,-2.8164365118028,0.07862310575444494,0.971835634881972
ml,kmeans_templates,context,high,25000,3,0.048930245645235,0.0487627254693241,0.05,0.2267088890075683,0.1788006722927093,0.0481270179152488,0.0481265448033809,selected,0.34354145363816,-2.1395087095300025,0.13539450765173983,0.9786049129047
ml,kmeans_templates,context,high,25000,4,0.0492595686130442,0.0492230940860696,0.05,0.1958425641059875,0.1798321604728698,0.0446010082960128,0.0446056835353374,selected,0.07410043527703991,-1.480862773911601,0.046948448094670886,0.985191372260884
ml,kmeans_templates,context,high,50000,0,0.048421330641487,0.0483407652012639,0.05,0.1606430113315582,0.1302837282419204,0.0487369857728481,0.0487382858991622,selected,0.1666614913679362,-3.1573387170260037,0.048555780221381795,0.96842661282974
ml,kmeans_templates,context,high,50000,1,0.0496898306412974,0.0494328812879498,0.05,0.2124373465776443,0.2709826827049255,0.0535730645060539,0.0533928386867046,selected,0.5197944094151696,-0.6203387174052027,0.4530786022183926,0.993796612825948
ml,kmeans_templates,context,high,50000,2,0.0486956099296345,0.0484716154000644,0.05,0.2044898122549057,0.1999062150716781,0.0481877662241458,0.0481831952929496,selected,0.46211484333943537,-2.608780140731001,0.14655639004707272,0.97391219859269
ml,kmeans_templates,context,high,50000,3,0.0493088702957855,0.0487627254693241,0.05,0.1804764419794082,0.1769404709339141,0.0483777597546577,0.0483790896832942,selected,1.120004719188572,-1.3822594084290096,0.44140957638806955,0.9861774059157099
ml,kmeans_templates,context,high,50000,4,0.0491996247611758,0.0492230940860696,0.05,0.1841634064912796,0.1618299186229705,0.045053981244564,0.045076809823513,selected,-0.04767949949013769,-1.600750477648405,-0.03020870928252443,0.983992495223516
ml,kmeans_templates,context,high,100000,0,0.0484423008356485,0.0483407652012639,0.05,0.2020217180252075,0.1261526346206665,0.0474960766732692,0.0474964305758476,selected,0.21004142975780926,-3.1153983287030007,0.061194253195475175,0.96884601671297
ml,kmeans_templates,context,high,100000,1,0.0495372043664125,0.0494328812879498,0.05,0.2109660655260086,0.1319656372070312,0.0503743141889572,0.050375685095787,selected,0.21103984988252905,-0.9255912671750077,0.18395280608103665,0.9907440873282499
ml,kmeans_templates,context,high,100000,2,0.0484820096343918,0.0484716154000644,0.05,0.1525246948003769,0.1202395930886268,0.048688918352127,0.0486889630556106,selected,0.021443961051456514,-3.0359807312164,0.00680079760541919,0.969640192687836
ml,kmeans_templates,context,high,100000,3,0.0496340909991383,0.0487627254693241,0.05,0.2311559170484542,0.296568900346756,0.0495570972561836,0.0495391674339771,selected,1.7869500144374855,-0.7318180017234083,0.7042620762088959,0.992681819982766
ml,kmeans_templates,context,high,100000,4,0.0493326243438938,0.0492230940860696,0.05,0.2008741050958633,0.1676419526338577,0.0472127944231033,0.047196377068758,selected,0.222518027072176,-1.3347513122124037,0.14098265421881537,0.986652486877876
ml,kmeans_templates,context,low,5000,0,0.0488199754555344,0.0493921732446926,0.05,0.2425804138183593,0.227654680609703,0.0486995056271553,0.0486992783844471,selected,-1.158478664875672,-2.3600490889311985,-0.9413830242941628,0.9763995091106881
ml,kmeans_templates,context,low,5000,1,0.0493170402833327,0.0494842785581161,0.05,0.2074830085039138,0.1929801553487777,0.0415870957076549,0.0416327342391014,selected,-0.3379624390946589,-1.3659194333346114,-0.3242802435603463,0.9863408056666539
ml,kmeans_templates,context,low,5000,2,0.0496313096231152,0.0494173384520355,0.05,0.1945750117301941,0.1602965593338012,0.051867414265871,0.0518792234361171,selected,0.4329880519311656,-0.737380753769612,0.36723063642554643,0.9926261924623039
ml,kmeans_templates,context,low,5000,3,0.0497083845475891,0.0494008502741158,0.05,0.1974545270204544,0.2383917421102523,0.0523146130144596,0.0523268915712833,selected,0.6225283001544494,-0.5832309048218048,0.5132845100103343,0.9941676909517819
ml,kmeans_templates,context,low,5000,4,0.0496135291589781,0.0494797975761023,0.05,0.2308685779571533,0.2077846080064773,0.0476535260677337,0.0476497709751129,selected,0.2702751212151094,-0.7729416820438095,0.25707604719292615,0.992270583179562
ml,kmeans_templates,context,low,25000,0,0.0494152305803892,0.0493921732446926,0.05,0.1909339725971222,0.1701711267232895,0.0517515987157821,0.0517607778310775,selected,0.046682164768038444,-1.1695388392216066,0.037934058504781105,0.9883046116077839
ml,kmeans_templates,context,low,25000,1,0.0490438645822763,0.0494842785581161,0.05,0.2227136790752411,0.2444721460342407,0.0533203445374965,0.0533597916364669,selected,-0.8900078745667891,-1.9122708354473994,-0.8539764688297449,0.9808772916455261
ml,kmeans_templates,context,low,25000,2,0.0493673829814289,0.0494173384520355,0.05,0.2060740888118744,0.2107065916061401,0.0529388412833213,0.0529407039284706,selected,-0.10108895414326385,-1.26523403714221,-0.08573668672854118,0.987347659628578
ml,kmeans_templates,context,low,25000,3,0.0494201787681669,0.0494008502741158,0.05,0.2279772758483886,0.2232099324464798,0.050428494811058,0.0504161864519119,selected,0.03912583274143575,-1.159642463666205,0.03225987297678134,0.988403575363338
ml,kmeans_templates,context,low,25000,4,0.0455631417832632,0.0494797975761023,0.05,0.2184168398380279,0.3094909489154815,0.0363158397376537,0.0352681949734687,selected,-7.915666564349003,-8.873716433473607,-7.529099467651231,0.9112628356652639
ml,kmeans_templates,context,low,50000,0,0.0493439571447548,0.0493921732446926,0.05,0.2029676586389541,0.1818274408578872,0.0509203821420669,0.0508948415517807,selected,-0.0976189075522788,-1.3120857104904071,-0.07932539908252767,0.9868791428950959
ml,kmeans_templates,context,low,50000,1,0.0494443493244402,0.0494842785581161,0.05,0.2044017314910888,0.1762364506721496,0.0504846684634685,0.0504816472530365,selected,-0.08069074631249763,-1.1113013511196006,-0.07742403249715563,0.988886986488804
ml,kmeans_templates,context,low,50000,2,0.049451131589259,0.0494173384520355,0.05,0.1784479767084121,0.2170373797416687,0.0517371892929077,0.0517336092889308,selected,0.06838315919482446,-1.0977368214820094,0.057997884606518176,0.9890226317851799
ml,kmeans_templates,context,low,50000,3,0.049261031239579,0.0494008502741158,0.05,0.196495845913887,0.189566358923912,0.0493266433477401,0.0493366532027721,selected,-0.28302961135481364,-1.477937520842007,-0.23336242761434003,0.9852206247915799
ml,kmeans_templates,context,low,50000,4,0.0494804815063494,0.0494797975761023,0.05,0.2115290313959121,0.2091037333011627,0.0458954982459545,0.0459286719560623,selected,0.001382241400747397,-1.0390369873012062,0.001314738678029272,0.989609630126988
ml,kmeans_templates,context,low,100000,0,0.0494050155055283,0.0493921732446926,0.05,0.1363725960254669,0.1039983928203582,0.0487914234399795,0.0487915761768817,selected,0.02600059886428702,-1.1899689889433989,0.02112815983102176,0.988100310110566
ml,kmeans_templates,context,low,100000,1,0.0496098895479251,0.0494842785581161,0.05,0.2191390693187713,0.1754488348960876,0.0504894368350505,0.0504900999367237,selected,0.2538401962584437,-0.7802209041498087,0.2435636365052945,0.9921977909585019
ml,kmeans_templates,context,low,100000,2,0.0494374147288142,0.0494173384520355,0.05,0.192986860871315,0.1832298040390014,0.0500674322247505,0.0500669665634632,selected,0.040625977455647444,-1.1251705423716007,0.03445615529090646,0.988748294576284
ml,kmeans_templates,context,low,100000,3,0.0495074722002861,0.0494008502741158,0.05,0.1801497340202331,0.1511362344026565,0.0500698238611221,0.0500653497874736,selected,0.21583014377013734,-0.9850555994278115,0.1779553950608026,0.9901494440057219
ml,kmeans_templates,context,low,100000,4,0.0495233666147076,0.0494797975761023,0.05,0.209778755903244,0.1810604333877563,0.0479531995952129,0.0479506440460681,selected,0.08805419734850066,-0.9532667705848125,0.08375400921597262,0.9904673322941518
ml,kmeans_templates,context,medium,5000,0,0.0490324287471553,0.049136977115994,0.05,0.2125348299741745,0.2442731857299804,0.049889750778675,0.0498813949525356,selected,-0.21276923200199938,-1.9351425056894078,-0.12114205865944468,0.980648574943106
ml,kmeans_templates,context,medium,5000,1,0.0495150124328331,0.0494402888742142,0.05,0.2210692912340164,0.260637491941452,0.0441716015338897,0.044268786907196,selected,0.1511390008440511,-0.9699751343338059,0.13350379361137807,0.990300248656662
ml,kmeans_templates,context,medium,5000,2,0.0492376065093001,0.0492065579942153,0.05,0.1790420860052108,0.1505983173847198,0.0534052066504955,0.0533773452043533,selected,0.063098327439302,-1.5247869813998087,0.03913142341650213,0.9847521301860019
ml,kmeans_templates,context,medium,5000,3,0.0493771393229496,0.0492010900159723,0.05,0.1895391196012497,0.175453245639801,0.0523924268782138,0.0523865036666393,selected,0.3578158673316869,-1.2457213541008094,0.22036188118434039,0.987542786458992
ml,kmeans_templates,context,medium,5000,4,0.049301745793577,0.0493947719733825,0.05,0.2214671075344085,0.2341213971376419,0.0484652891755104,0.0484679639339447,selected,-0.18833203614266944,-1.396508412846012,-0.15370434896315674,0.9860349158715399
ml,kmeans_templates,context,medium,25000,0,0.0490468377764173,0.049136977115994,0.05,0.2009054869413375,0.215392604470253,0.0510321594774723,0.0510376915335655,selected,-0.1834450242307558,-1.9063244471654028,-0.10444605959726659,0.980936755528346
ml,kmeans_templates,context,medium,25000,1,0.0494258600628003,0.0494402888742142,0.05,0.1967179626226425,0.1444514989852905,0.0506225526332855,0.0506255291402339,selected,-0.02918431858399526,-1.148279874399402,-0.025779032699485824,0.988517201256006
ml,kmeans_templates,context,medium,25000,2,0.049169823745995,0.0492065579942153,0.05,0.1977193504571914,0.2068532109260559,0.0514347180724144,0.0514256171882152,selected,-0.07465315542821253,-1.660352508009999,-0.046297332322310515,0.9833964749199
ml,kmeans_templates,context,medium,25000,3,0.0492519499533419,0.0492010900159723,0.05,0.2004907578229904,0.2243746519088745,0.0498207136988639,0.0498077198863029,selected,0.10337156626629229,-1.496100093316202,0.0636616619974992,0.985038999066838
ml,kmeans_templates,context,medium,25000,4,0.049409200506507,0.0493947719733825,0.05,0.2037239074707031,0.2303536385297775,0.0443998612463474,0.0444145575165748,selected,0.02921064830966696,-1.1815989869859989,0.023839829766550604,0.98818401013014
ml,kmeans_templates,context,medium,50000,0,0.0492616673365531,0.049136977115994,0.05,0.2077943831682205,0.1840825974941253,0.050003346055746,0.049992635846138,selected,0.2537604628480819,-1.4766653268938057,0.14448078129783962,0.985233346731062
ml,kmeans_templates,context,medium,50000,1,0.0494358710843875,0.0494402888742142,0.05,0.1983287334442138,0.1652465611696243,0.0514721982181072,0.0514787919819355,selected,-0.008935606824499835,-1.1282578312249991,-0.007892981974396862,0.98871742168775
ml,kmeans_templates,context,medium,50000,2,0.0495033699063063,0.0492065579942153,0.05,0.2080965489149093,0.2353972643613815,0.051182709634304,0.0511731132864952,selected,0.6031958425661352,-0.993260187387407,0.37408141984801724,0.990067398126126
ml,kmeans_templates,context,medium,50000,3,0.0493457475826108,0.0492010900159723,0.05,0.2110799849033355,0.2034302800893783,0.0502055659890174,0.0502042807638645,selected,0.294012930590641,-1.3085048347784012,0.1810686679733418,0.986914951652216
ml,kmeans_templates,context,medium,50000,4,0.0493981853253933,0.0493947719733825,0.05,0.202287808060646,0.2315338850021362,0.0474715009331703,0.0474678240716457,selected,0.006910350780933932,-1.2036293492134058,0.005639778497832773,0.9879637065078659
ml,kmeans_templates,context,medium,100000,0,0.0494368658673321,0.049136977115994,0.05,0.248069629073143,0.2678571939468384,0.0504679344594478,0.0504697412252426,selected,0.610311763033725,-1.1262682653358085,0.3474864420119064,0.9887373173466419
ml,kmeans_templates,context,medium,100000,1,0.049438954495785,0.0494402888742142,0.05,0.190938264131546,0.1719463467597961,0.0495868064463138,0.0495876967906951,selected,-0.0026989697260835785,-1.1220910084300122,-0.0023840484273560166,0.9887790899156998
ml,kmeans_templates,context,medium,100000,2,0.0493260949584833,0.0492065579942153,0.05,0.2245040088891983,0.1829003691673278,0.049865249544382,0.0498614013195037,selected,0.24292892886768247,-1.3478100830334043,0.1506562085149268,0.9865218991696659
ml,kmeans_templates,context,medium,100000,3,0.0493264533458884,0.0492010900159723,0.05,0.1922790557146072,0.1347435563802719,0.0497623197734355,0.0497597977519035,selected,0.2547978710947271,-1.3470933082232044,0.15691796625707352,0.986529066917768
ml,kmeans_templates,context,medium,100000,4,0.0495989183466783,0.0493947719733825,0.05,0.2276840955018997,0.1774525344371795,0.0486407727003097,0.0486261993646621,selected,0.4132955070747471,-0.8021633066433997,0.33730489058270813,0.991978366933566
ml,kmeans_templates,metadata,brutal,5000,0,0.0480038403835229,0.0483336438363672,0.05,0.2022015005350113,0.2257841676473617,0.0491629466414451,0.049180768430233,selected,-0.6823475878641485,-3.9923192329542054,-0.19791894436619112,0.960076807670458
ml,kmeans_templates,metadata,brutal,5000,1,0.048675302370564,0.0486852170264628,0.05,0.1922220289707183,0.1489621549844741,0.0389838181436061,0.0389405898749828,selected,-0.0203648181200696,-2.6493952588720058,-0.007540906825197614,0.97350604741128
ml,kmeans_templates,metadata,brutal,5000,2,0.0472357913632529,0.0471111837169598,0.05,0.2004680037498474,0.1915750950574875,0.0524672716856002,0.0525093264877796,selected,0.26449695478197677,-5.528417273494207,0.04313450011503101,0.944715827265058
ml,kmeans_templates,metadata,brutal,5000,3,0.04744942539969,0.0476569946382313,0.05,0.2198265492916107,0.2000803053379058,0.0538775250315666,0.053934272378683,selected,-0.43554831796881016,-5.101149200620005,-0.08859102156924281,0.9489885079938
ml,kmeans_templates,metadata,brutal,5000,4,0.0456284700588077,0.0468878473517264,0.05,0.2106758654117584,0.2423697113990783,0.0467260777950286,0.0467315837740898,selected,-2.685935405546683,-8.743059882384607,-0.40466437069444977,0.9125694011761539
ml,kmeans_templates,metadata,brutal,25000,0,0.0481030190017427,0.0483336438363672,0.05,0.220486432313919,0.1869662255048751,0.0488763004541397,0.0488473437726497,selected,-0.4771517649388839,-3.7939619965146054,-0.13840068507426276,0.962060380034854
ml,kmeans_templates,metadata,brutal,25000,1,0.0486792756766189,0.0486852170264628,0.05,0.1962018013000488,0.210280030965805,0.0460028648376464,0.0460577197372913,selected,-0.012203601435462131,-2.641448646762204,-0.004518882555890624,0.973585513532378
ml,kmeans_templates,metadata,brutal,25000,2,0.0471076866699836,0.0471111837169598,0.05,0.1926755756139755,0.2100209444761276,0.0480780899524688,0.0480764284729957,selected,-0.007422965632128508,-5.784626660032807,-0.0012105466854121086,0.9421537333996719
ml,kmeans_templates,metadata,brutal,25000,3,0.0476242346150996,0.0476569946382313,0.05,0.1904272884130478,0.1950415223836898,0.0513733401894569,0.0513223931193351,selected,-0.06874126952483893,-4.75153076980081,-0.013982052139639389,0.952484692301992
ml,kmeans_templates,metadata,brutal,25000,4,0.0470678339455191,0.0468878473517264,0.05,0.1941960304975509,0.200750857591629,0.0460775829851627,0.046072032302618,selected,0.3838661912596176,-5.864332108961811,0.05783347224068178,0.9413566789103819
ml,kmeans_templates,metadata,brutal,50000,0,0.0485314030435861,0.0483336438363672,0.05,0.2044051438570022,0.1795065253973007,0.0501983687281608,0.0501876696944236,selected,0.40915435196322303,-2.9371939128278037,0.1186776341906211,0.9706280608717219
ml,kmeans_templates,metadata,brutal,50000,1,0.0483225406456671,0.0486852170264628,0.05,0.2059643864631652,0.2124367207288742,0.0593180991709232,0.059379655867815,selected,-0.7449414893201922,-3.3549187086658048,-0.2758450543514265,0.966450812913342
ml,kmeans_templates,metadata,brutal,50000,2,0.0471280571545586,0.0471111837169598,0.05,0.1575553566217422,0.1211345046758651,0.0496864095330238,0.0496930666267871,selected,0.03581620385549905,-5.7438856908827995,0.005840952122108404,0.942561143091172
ml,kmeans_templates,metadata,brutal,50000,3,0.0477224327091842,0.0476569946382313,0.05,0.1029361635446548,0.0771122500300407,0.0489420555531978,0.0489427670836448,selected,0.13731052797106455,-4.555134581631606,0.02792911703091413,0.954448654183684
ml,kmeans_templates,metadata,brutal,50000,4,0.0468985402916538,0.0468878473517264,0.05,0.1612706333398819,0.152776300907135,0.0440231151878833,0.0440178215503692,selected,0.022805354758957036,-6.202919416692404,0.0034358661466464767,0.937970805833076
ml,kmeans_templates,metadata,brutal,100000,0,0.0484704657633248,0.0483336438363672,0.05,0.1897817254066467,0.1815531402826309,0.0487693846225738,0.0487683825194835,selected,0.28307803032771894,-3.0590684733503983,0.08210845312884336,0.969409315266496
ml,kmeans_templates,metadata,brutal,100000,1,0.0488211802641741,0.0486852170264628,0.05,0.1849484592676162,0.154630422592163,0.0508307851850986,0.0508246570825576,selected,0.27927006597792353,-2.3576394716518094,0.10341116400793636,0.9764236052834819
ml,kmeans_templates,metadata,brutal,100000,2,0.0475777303615668,0.0471111837169598,0.05,0.2111790627241134,0.1892849802970886,0.0461462438106536,0.0461489036679267,selected,0.9903097477023282,-4.844539276866399,0.1615009744115707,0.951554607231336
ml,kmeans_templates,metadata,brutal,100000,3,0.0477555195206411,0.0476569946382313,0.05,0.2052491307258606,0.172540009021759,0.0501439608633518,0.0501559115946292,selected,0.20673750654591672,-4.4889609587178,0.042050643168578,0.955110390412822
ml,kmeans_templates,metadata,brutal,100000,4,0.0476961556863926,0.0468878473517264,0.05,0.2032354325056076,0.2183310091495514,0.0473458208143711,0.0473772473633289,selected,1.7239186277900993,-4.607688627214806,0.25972644211863755,0.953923113727852
ml,kmeans_templates,metadata,extreme,5000,0,0.0486086923407909,0.0487495462989563,0.05,0.2105204463005066,0.1873106211423874,0.0462828315794467,0.0463087074458599,selected,-0.2889338852542717,-2.7826153184182103,-0.11264228179567114,0.9721738468158179
ml,kmeans_templates,metadata,extreme,5000,1,0.0492871268736505,0.0490334445806698,0.05,0.223080962896347,0.2310526818037033,0.0416714660823345,0.0417558290064334,selected,0.5173658411114527,-1.4257462526990061,0.2624601630773487,0.98574253747301
ml,kmeans_templates,metadata,extreme,5000,2,0.0480150549821983,0.0481010572132755,0.05,0.1873940825462341,0.1997168213129043,0.0500324815511703,0.0500452518463134,selected,-0.17879488738858298,-3.969890035603399,-0.04528953251168741,0.960301099643966
ml,kmeans_templates,metadata,extreme,5000,3,0.0490016590318507,0.0484583491135662,0.05,0.226908192038536,0.1996573656797409,0.0496072694659233,0.0496062487363815,selected,1.12118949205472,-1.9966819362986081,0.35242085161141706,0.980033180637014
ml,kmeans_templates,metadata,extreme,5000,4,0.0480600465071037,0.0480174153978949,0.05,0.2002461552619934,0.2036095857620239,0.0470158010721206,0.047056645154953,selected,0.0887825986791284,-3.8799069857926027,0.021502794465132737,0.961200930142074
ml,kmeans_templates,metadata,extreme,25000,0,0.0489494502709722,0.0487495462989563,0.05,0.1986703872680664,0.191253051161766,0.05060875415802,0.050637986510992,selected,0.4100632461069272,-2.1010994580556024,0.1598651528233698,0.978989005419444
ml,kmeans_templates,metadata,extreme,25000,1,0.04863381595835,0.0490334445806698,0.05,0.211627259850502,0.2053957730531692,0.0453117415308952,0.0452633053064346,selected,-0.8150123364519704,-2.7323680833000044,-0.41345650164243114,0.9726763191669999
ml,kmeans_templates,metadata,extreme,25000,2,0.0482086301979163,0.0481010572132755,0.05,0.2158520817756652,0.1821703761816024,0.0489326603710651,0.0489414446055889,selected,0.22363954323047688,-3.5827396041674118,0.05664888136327307,0.9641726039583259
ml,kmeans_templates,metadata,extreme,25000,3,0.0486184479197894,0.0484583491135662,0.05,0.2107248455286026,0.2091957330703735,0.0521455183625221,0.0521413832902908,selected,0.3303843592525031,-2.7631041604212063,0.10384893728666598,0.972368958395788
ml,kmeans_templates,metadata,extreme,25000,4,0.0479778963804034,0.0480174153978949,0.05,0.1941893100738525,0.1522654891014099,0.0417978502810001,0.0418456383049488,selected,-0.08230142577234309,-4.0442072391932005,-0.019933080005531616,0.959557927608068
ml,kmeans_templates,metadata,extreme,50000,0,0.048960816717244,0.0487495462989563,0.05,0.1834990233182907,0.180522158741951,0.0515324920415878,0.0515083819627761,selected,0.4333792503259027,-2.07836656551201,0.1689550105784462,0.9792163343448799
ml,kmeans_templates,metadata,extreme,50000,1,0.0490061981995504,0.0490334445806698,0.05,0.1825812011957168,0.1369976848363876,0.0503718294203281,0.0503707118332386,selected,-0.055566932636306625,-1.9876036008992097,-0.028189155608151814,0.9801239639910079
ml,kmeans_templates,metadata,extreme,50000,2,0.0489718962139406,0.0481010572132755,0.05,0.2492179274559021,0.2475621253252029,0.0529097504913806,0.0529062263667583,selected,1.8104363003995694,-2.056207572118801,0.4585914893029605,0.979437924278812
ml,kmeans_templates,metadata,extreme,50000,3,0.0485255258926164,0.0484583491135662,0.05,0.2056508213281631,0.2031840980052948,0.0495447516441345,0.0495432056486606,selected,0.1386278737906653,-2.948948214767211,0.04357457297325608,0.9705105178523279
ml,kmeans_templates,metadata,extreme,50000,4,0.0476809408371751,0.0480174153978949,0.05,0.2292102128267288,0.230059802532196,0.0481564179062843,0.0481503494083881,selected,-0.7007344271481789,-4.638118325649809,-0.1697151084309503,0.9536188167435019
ml,kmeans_templates,metadata,extreme,100000,0,0.0488942596275176,0.0487495462989563,0.05,0.1850998103618621,0.1674523800611496,0.0480148419737815,0.0480127595365047,selected,0.2968506161551684,-2.2114807449648,0.11572865787874814,0.977885192550352
ml,kmeans_templates,metadata,extreme,100000,1,0.049010936735658,0.0490334445806698,0.05,0.1912380009889602,0.1594896018505096,0.0490108877420425,0.0490111969411373,selected,-0.0459030467965017,-1.97812652868401,-0.023286657507335596,0.9802187347131599
ml,kmeans_templates,metadata,extreme,100000,2,0.0481147020008753,0.0481010572132755,0.05,0.1868155002593994,0.1549916863441467,0.049415223300457,0.0494227707386016,selected,0.028366918297253404,-3.770595998249401,0.007185465352192588,0.962294040017506
ml,kmeans_templates,metadata,extreme,100000,3,0.0484060750021498,0.0484583491135662,0.05,0.2078268527984619,0.169948324561119,0.0509475991129875,0.0509553216397762,selected,-0.10787431345193603,-3.1878499957004034,-0.03390787880473001,0.968121500042996
ml,kmeans_templates,metadata,extreme,100000,4,0.0482813960328346,0.0480174153978949,0.05,0.2029136270284652,0.2175590842962265,0.0452729165554046,0.0452492274343967,selected,0.5497601916976044,-3.4372079343308046,0.13314974536743998,0.965627920656692
ml,kmeans_templates,metadata,high,5000,0,0.0491139415027216,0.0492097793541848,0.05,0.2306197434663772,0.1860020160675048,0.0470166094601154,0.0470284409821033,selected,-0.19475367034957025,-1.772116994556802,-0.1212798627455911,0.982278830054432
ml,kmeans_templates,metadata,high,5000,1,0.0491867300078446,0.0493404184265193,0.05,0.2251008152961731,0.2360687553882599,0.0426398068666458,0.0426187366247177,selected,-0.3114858438089394,-1.6265399843108097,-0.23300896333969856,0.983734600156892
ml,kmeans_templates,metadata,high,5000,2,0.0492035675750807,0.0490257140623287,0.05,0.2148178815841674,0.1954407691955566,0.050997719168663,0.0509993620216846,selected,0.3627759761456726,-1.5928648498386015,0.18254755187896657,0.984071351501614
ml,kmeans_templates,metadata,high,5000,3,0.0492159318267296,0.0491809027580983,0.05,0.2170960307121276,0.1934210211038589,0.0527265146374702,0.05275185033679,selected,0.07122494030578352,-1.5681363465408076,0.04276545792044627,0.984318636534592
ml,kmeans_templates,metadata,high,5000,4,0.0489248991785511,0.0490068696983157,0.05,0.1972485780715942,0.1904378980398178,0.0479575060307979,0.0479555428028106,selected,-0.167263325058726,-2.150201642897809,-0.08253752767948148,0.9784979835710219
ml,kmeans_templates,metadata,high,25000,0,0.0492935019756022,0.0492097793541848,0.05,0.2342819422483444,0.2348424941301345,0.0524132139980793,0.0524048656225204,selected,0.17013411260149916,-1.4129960487956061,0.10594841056200043,0.985870039512044
ml,kmeans_templates,metadata,high,25000,1,0.0493536400685448,0.0493404184265193,0.05,0.1763747930526733,0.1993362307548523,0.0472859628498554,0.0472835376858711,selected,0.02679677726119507,-1.2927198629104075,0.020045499384895884,0.9870728013708959
ml,kmeans_templates,metadata,high,25000,2,0.0490159872118971,0.0490257140623287,0.05,0.1817079335451126,0.1801487803459167,0.0527438707649707,0.0527321882545948,selected,-0.01984030343593875,-1.9680255762058034,-0.009983568535178126,0.980319744237942
ml,kmeans_templates,metadata,high,25000,3,0.0490869841112516,0.0491809027580983,0.05,0.2157816290855407,0.196547046303749,0.0490779355168342,0.049061395227909,selected,-0.19096568297790065,-1.8260317774968087,-0.1146611684696287,0.9817396822250319
ml,kmeans_templates,metadata,high,25000,4,0.0494419868998537,0.0490068696983157,0.05,0.2147250026464462,0.2539461851119995,0.0463625788688659,0.0463263131678104,selected,0.8878698113480092,-1.116026200292608,0.43812700186477155,0.9888397379970739
ml,kmeans_templates,metadata,high,50000,0,0.0491857807283871,0.0492097793541848,0.05,0.2264465391635894,0.2371828258037567,0.0515034683048725,0.0515235662460327,selected,-0.048768001223849784,-1.6284385432258075,-0.03036952517602897,0.9837156145677419
ml,kmeans_templates,metadata,high,50000,1,0.0492043273645197,0.0493404184265193,0.05,0.2200274318456649,0.1931434422731399,0.0504603758454322,0.0504704713821411,selected,-0.2758206483438718,-1.591345270960609,-0.2063293874045542,0.9840865472903939
ml,kmeans_templates,metadata,high,50000,2,0.0490479404395665,0.0490257140623287,0.05,0.2169072479009628,0.2150165289640426,0.0514666996896266,0.051446434110403,selected,0.04533616218121638,-1.9041191208670065,0.02281299193429945,0.9809588087913299
ml,kmeans_templates,metadata,high,50000,3,0.049399321356382,0.0491809027580983,0.05,0.1991858035326004,0.2119792699813842,0.0481888130307197,0.0481887571513652,selected,0.4441126250935679,-1.201357287235999,0.2666577142618635,0.9879864271276401
ml,kmeans_templates,metadata,high,50000,4,0.0492555555517501,0.0490068696983157,0.05,0.1981059461832046,0.1976114511489868,0.0448063388466835,0.0448179617524147,selected,0.5074510062881081,-1.4888888964997986,0.2504060675750654,0.985111111035002
ml,kmeans_templates,metadata,high,100000,0,0.0493591213541601,0.0492097793541848,0.05,0.2017362415790558,0.1900830417871475,0.0486707352101802,0.0486691929399967,selected,0.30348032837217176,-1.2817572916797997,0.18898772231044184,0.987182427083202
ml,kmeans_templates,metadata,high,100000,1,0.0493351234854156,0.0493404184265193,0.05,0.1398742944002151,0.0923724547028541,0.0496991612017154,0.0496991351246833,selected,-0.010731447508071628,-1.329753029168809,-0.008027727451151661,0.9867024697083119
ml,kmeans_templates,metadata,high,100000,2,0.0490210696724512,0.0490257140623287,0.05,0.1803551763296127,0.1511546075344085,0.0498201288282871,0.0498178377747535,selected,-0.009473375281385484,-1.9578606550976068,-0.004766967989504408,0.9804213934490239
ml,kmeans_templates,metadata,high,100000,3,0.0491522480953843,0.0491809027580983,0.05,0.1994271278381347,0.1645395755767822,0.0492864176630973,0.0492873191833496,selected,-0.05826379978207979,-1.695503809231405,-0.034983224516139236,0.983044961907686
ml,kmeans_templates,metadata,high,100000,4,0.0491544243023584,0.0490068696983157,0.05,0.2277066856622696,0.207636147737503,0.048083696514368,0.0480721667408943,selected,0.30108963284339335,-1.6911513952832107,0.1485752713339357,0.9830884860471679
ml,kmeans_templates,metadata,low,5000,0,0.0494850803238172,0.0495645657207356,0.05,0.1779069453477859,0.2124349921941757,0.0502334460616111,0.0502380467951297,selected,-0.16036738295307,-1.0298393523655995,-0.18254281002560546,0.989701606476344
ml,kmeans_templates,metadata,low,5000,1,0.0497418549947019,0.0495587490547782,0.05,0.2137922346591949,0.2462984174489975,0.0437742620706558,0.0438556410372257,selected,0.36947248148113443,-0.516290010596207,0.4149700797392209,0.9948370998940379
ml,kmeans_templates,metadata,low,5000,2,0.0496674168444333,0.0495645025806952,0.05,0.2157428860664367,0.2486738860607147,0.0554541014134883,0.0554296188056468,selected,0.2076370353370343,-0.6651663111334055,0.2363142906848624,0.993348336888666
ml,kmeans_templates,metadata,low,5000,3,0.0495933275928544,0.0495665836309931,0.05,0.2091663777828216,0.1771559864282608,0.050486009567976,0.0504873916506767,selected,0.05395562877682811,-0.8133448142912114,0.06170501110185088,0.9918665518570879
ml,kmeans_templates,metadata,low,5000,4,0.0491987644348653,0.0495649042895053,0.05,0.2147341072559356,0.2014473676681518,0.0495806038379669,0.0495853833854198,selected,-0.7387078818944158,-1.6024711302694006,-0.8415156615166357,0.983975288697306
ml,kmeans_templates,metadata,low,25000,0,0.0495590355240883,0.0495645657207356,0.05,0.1627229005098343,0.1224418431520462,0.053998053073883,0.0540097281336784,selected,-0.01115756098511657,-0.8819289518234019,-0.012700416367406034,0.991180710481766
ml,kmeans_templates,metadata,low,25000,1,0.0484888551618366,0.0495587490547782,0.05,0.2167814671993255,0.1951695829629898,0.0456510186195373,0.0456531569361686,selected,-2.1588395860416725,-3.0222896763268112,-2.424683515190677,0.9697771032367319
ml,kmeans_templates,metadata,low,25000,2,0.0495524488021027,0.0495645025806952,0.05,0.1840913742780685,0.149927020072937,0.0529826171696186,0.0529873520135879,selected,-0.0243193777096208,-0.8951023957946003,-0.027678186042378206,0.991048976042054
ml,kmeans_templates,metadata,low,25000,3,0.0496380774451797,0.0495665836309931,0.05,0.2007448822259903,0.1855904161930084,0.0464251227676868,0.0464360304176807,selected,0.14423792997081836,-0.7238451096406029,0.16495411640869684,0.992761548903594
ml,kmeans_templates,metadata,low,25000,4,0.0495342489026045,0.0495649042895053,0.05,0.2180084288120269,0.1638524532318115,0.0454245395958423,0.0454175844788551,selected,-0.06184897830477888,-0.9315021947910035,-0.07045665163176526,0.99068497805209
ml,kmeans_templates,metadata,low,50000,0,0.0495642629220232,0.0495645657207356,0.05,0.2084056437015533,0.1837315261363983,0.0500655770301818,0.0500641353428363,selected,-0.0006109177151041402,-0.8714741559536082,-0.0006953947514512157,0.9912852584404639
ml,kmeans_templates,metadata,low,50000,1,0.0495967322218444,0.0495587490547782,0.05,0.1857450008392334,0.2013004571199417,0.0529689714312553,0.0529869124293327,selected,0.0766427074747509,-0.8065355563112026,0.08608064748078165,0.991934644436888
ml,kmeans_templates,metadata,low,50000,2,0.0496166399678844,0.0495645025806952,0.05,0.2017706781625747,0.186630830168724,0.0497768297791481,0.0497771725058555,selected,0.10519098240584772,-0.7667200642312022,0.11971916451866248,0.992332799357688
ml,kmeans_templates,metadata,low,50000,3,0.0495661502776345,0.0495665836309931,0.05,0.1960964500904083,0.1444441378116607,0.0498783290386199,0.0498778671026229,selected,-0.0008742853084783286,-0.8676994447310016,-0.000999854619227585,0.99132300555269
ml,kmeans_templates,metadata,low,50000,4,0.0495582500598074,0.0495649042895053,0.05,0.2600491046905517,0.2300371974706649,0.0486569851636886,0.0486894808709621,selected,-0.013425285074766709,-0.8834998803852051,-0.015293714779066749,0.9911650011961479
ml,kmeans_templates,metadata,low,100000,0,0.0494801663640605,0.0495645657207356,0.05,0.2228323221206665,0.2536652982234955,0.0498629249632358,0.0498601086437702,selected,-0.170281642636867,-1.0396672718789994,-0.1938280027417171,0.98960332728121
ml,kmeans_templates,metadata,low,100000,1,0.0495580226959739,0.0495587490547782,0.05,0.1023963540792465,0.0609475150704383,0.0501902066171169,0.0501901619136333,selected,-0.001465652015353249,-0.883954608052212,-0.001646135407007688,0.9911604539194779
ml,kmeans_templates,metadata,low,100000,2,0.0495034685998058,0.0495645025806952,0.05,0.2302736341953277,0.1850850135087967,0.0500368885695934,0.0500250123441219,selected,-0.12314050925867966,-0.9930628003884112,-0.14014774412860895,0.9900693719961159
ml,kmeans_templates,metadata,low,100000,3,0.049220995097557,0.0495665836309931,0.05,0.213608056306839,0.1685139536857605,0.0506523922085762,0.0506551265716552,selected,-0.6972208050667654,-1.558009804886004,-0.7973592096393562,0.9844199019511399
ml,kmeans_templates,metadata,low,100000,4,0.0495711030247587,0.0495649042895053,0.05,0.1888031363487243,0.1392571032047271,0.0477021560072898,0.0477036237716674,selected,0.012506299249953874,-0.8577939504826049,0.014246831453132077,0.991422060495174
ml,kmeans_templates,metadata,medium,5000,0,0.0494342698963108,0.0494065197820925,0.05,0.2034089118242263,0.1627955883741378,0.0493450537323951,0.0493444502353668,selected,0.05616690740552742,-1.1314602073784068,0.04675828002514212,0.9886853979262159
ml,kmeans_templates,metadata,medium,5000,1,0.0492672644762276,0.0494612371841995,0.05,0.1967978328466415,0.2200307548046112,0.0425098463892936,0.0424952954053878,selected,-0.3921711607203164,-1.4654710475448112,-0.36003358487852655,0.9853452895245519
ml,kmeans_templates,metadata,medium,5000,2,0.0494949188767105,0.0493515662465463,0.05,0.1831317245960235,0.1752724945545196,0.0524492934346199,0.0524432361125946,selected,0.29047230121949164,-1.010162246579002,0.22107521300468416,0.98989837753421
ml,kmeans_templates,metadata,medium,5000,3,0.0496674580198417,0.0494196814887133,0.05,0.2256618738174438,0.2051553428173065,0.0525052137672901,0.0524823740124702,selected,0.5013721733212539,-0.6650839603166009,0.4269664439602728,0.993349160396834
ml,kmeans_templates,metadata,medium,5000,4,0.0492687545410749,0.0493398046090751,0.05,0.1812072843313217,0.1364995092153549,0.0499194264411926,0.0499170050024986,selected,-0.14400151878009368,-1.4624909178502092,-0.10761975769122026,0.9853750908214979
ml,kmeans_templates,metadata,medium,25000,0,0.0495112506118305,0.0494065197820925,0.05,0.207753911614418,0.2281270325183868,0.0519303940236568,0.0519630871713161,selected,0.21197775151927362,-0.9774987763390003,0.17646894804221983,0.99022501223661
ml,kmeans_templates,metadata,medium,25000,1,0.0495241466215798,0.0494612371841995,0.05,0.2036807239055633,0.1829073578119278,0.0500458069145679,0.0500479936599731,selected,0.12718937285376897,-0.9517067568404064,0.11676647967404127,0.9904829324315959
ml,kmeans_templates,metadata,medium,25000,2,0.0492790596141788,0.0493515662465463,0.05,0.2105992436408996,0.1895960569381714,0.0511413924396038,0.0511406511068344,selected,-0.14691860437676127,-1.4418807716424091,-0.11181810320840294,0.9855811922835759
ml,kmeans_templates,metadata,medium,25000,3,0.0494237577940931,0.0494196814887133,0.05,0.1649521440267563,0.1531833857297897,0.0500927492976188,0.0500841997563838,selected,0.008248344094921848,-1.1524844118138005,0.007024255302084597,0.988475155881862
ml,kmeans_templates,metadata,medium,25000,4,0.0493188653578503,0.0493398046090751,0.05,0.1384254842996597,0.080612264573574,0.0452367141842842,0.0452528148889541,selected,-0.04243886126161136,-1.3622692842994026,-0.03171674857569136,0.986377307157006
ml,kmeans_templates,metadata,medium,50000,0,0.0494629773913329,0.0494065197820925,0.05,0.2001395672559738,0.2031594514846801,0.0507977157831192,0.0507996417582035,selected,0.11427157688784867,-1.0740452173342019,0.0951297238507165,0.989259547826658
ml,kmeans_templates,metadata,medium,50000,1,0.0493562757876579,0.0494612371841995,0.05,0.1958646774291992,0.2086071223020553,0.0530239082872867,0.0530259944498539,selected,-0.21220940380182998,-1.287448424684201,-0.1948193035290411,0.987125515753158
ml,kmeans_templates,metadata,medium,50000,2,0.0494414397276227,0.0493515662465463,0.05,0.1881969273090362,0.2090646177530288,0.051859050989151,0.0518601536750793,selected,0.1821086703255231,-1.1171205447546018,0.1386008680111399,0.988828794552454
ml,kmeans_templates,metadata,medium,50000,3,0.0494882071110518,0.0494196814887133,0.05,0.1895804852247238,0.2022814452648162,0.0511219874024391,0.0511306189000606,selected,0.13866059082989077,-1.0235857778964075,0.11808277869089935,0.9897641422210359
ml,kmeans_templates,metadata,medium,50000,4,0.0495638749152423,0.0493398046090751,0.05,0.2152927070856094,0.2209666520357132,0.0481414496898651,0.0481666326522827,selected,0.4541369953580829,-0.8722501695154067,0.33939998559106793,0.9912774983048459
ml,kmeans_templates,metadata,medium,100000,0,0.0493883644711444,0.0494065197820925,0.05,0.2259957939386367,0.2108716964721679,0.0499345660209655,0.0499424412846565,selected,-0.03674679177601151,-1.2232710577112087,-0.030591265555761134,0.9877672894228879
ml,kmeans_templates,metadata,medium,100000,1,0.0494615253529281,0.0494612371841995,0.05,0.1783418357372284,0.1497734487056732,0.0500177666544914,0.0500175096094608,selected,0.0005826152862461296,-1.0769492941438001,0.0005348712274685024,0.989230507058562
ml,kmeans_templates,metadata,medium,100000,2,0.0494658889409335,0.0493515662465463,0.05,0.2239478379487991,0.2598362267017364,0.049412690103054,0.0494130030274391,selected,0.23164957686667348,-1.068222118133011,0.17630589675243125,0.9893177788186699
ml,kmeans_templates,metadata,medium,100000,3,0.0492793988660366,0.0494196814887133,0.05,0.2176428735256195,0.2546618580818176,0.0511185862123966,0.0511413738131523,selected,-0.28385982760479506,-1.4412022679268082,-0.24173384089654584,0.9855879773207319
ml,kmeans_templates,metadata,medium,100000,4,0.0495919347528241,0.0493398046090751,0.05,0.2192093729972839,0.1763458549976349,0.0485438965260982,0.0485311262309551,selected,0.5110075845388078,-0.8161304943518077,0.3819023083390181,0.9918386950564819
ml,kmeans_templates,action,brutal,5000,0,0.047178129091495,0.0466157293267131,0.05,,,,,oracle,1.206459220749793,-5.643741817010008,0.1661804917736314,0.9435625818298999
ml,kmeans_templates,action,brutal,5000,1,0.0475656373498777,0.0472428440534382,0.05,,,,,oracle,0.6832638951083805,-4.868725300244611,0.11707473305673023,0.9513127469975539
ml,kmeans_templates,action,brutal,5000,2,0.0475023661756149,0.0469590268046477,0.05,,,,,oracle,1.15704989634374,-4.995267648770201,0.17867285768832883,0.950047323512298
ml,kmeans_templates,action,brutal,5000,3,0.0470224169269967,0.046602650168757,0.05,,,,,oracle,0.9007358094864722,-5.955166146006607,0.12355711925201414,0.9404483385399339
ml,kmeans_templates,action,brutal,5000,4,0.0472660182463359,0.0467027704858169,0.05,,,,,oracle,1.2060264405300254,-5.467963507328199,0.170824553794688,0.945320364926718
ml,kmeans_templates,action,brutal,25000,0,0.0472375953375243,0.0466157293267131,0.05,,,,,oracle,1.3340261319366253,-5.524809324951405,0.18375185404636205,0.9447519067504859
ml,kmeans_templates,action,brutal,25000,1,0.0476472375323751,0.0472428440534382,0.05,,,,,oracle,0.855988852998509,-4.7055249352498105,0.1466705136650619,0.952944750647502
ml,kmeans_templates,action,brutal,25000,2,0.0475615293810204,0.0469590268046477,0.05,,,,,oracle,1.2830388902205114,-4.876941237959203,0.19812821017085702,0.951230587620408
ml,kmeans_templates,action,brutal,25000,3,0.0478291935871219,0.046602650168757,0.05,,,,,oracle,2.6319177427106752,-4.341612825756208,0.361029472762933,0.956583871742438
ml,kmeans_templates,action,brutal,25000,4,0.0471906900859029,0.0467027704858169,0.05,,,,,oracle,1.0447337385138227,-5.618619828194198,0.14797865844255254,0.9438138017180581
ml,kmeans_templates,action,brutal,50000,0,0.0471193812494649,0.0466157293267131,0.05,,,,,oracle,1.0804334288580617,-5.761237501070202,0.14882140684764977,0.942387624989298
ml,kmeans_templates,action,brutal,50000,1,0.047603275128281,0.0472428440534382,0.05,,,,,oracle,0.7629326346972306,-4.793449743438011,0.13072567596049844,0.95206550256562
ml,kmeans_templates,action,brutal,50000,2,0.0474525843770466,0.0469590268046477,0.05,,,,,oracle,1.0510387586440688,-5.0948312459068035,0.16230250669530302,0.9490516875409319
ml,kmeans_templates,action,brutal,50000,3,0.0473350195538829,0.046602650168757,0.05,,,,,oracle,1.5715187494141474,-5.329960892234211,0.2155707894402927,0.9467003910776579
ml,kmeans_templates,action,brutal,50000,4,0.0474653304902503,0.0467027704858169,0.05,,,,,oracle,1.632793935993543,-5.069339019499408,0.23127295238418558,0.9493066098050059
ml,kmeans_templates,action,brutal,100000,0,0.0475471692207913,0.0466157293267131,0.05,,,,,oracle,1.9981236109169673,-4.905661558417401,0.2752261813543296,0.950943384415826
ml,kmeans_templates,action,brutal,100000,1,0.0477332003453156,0.0472428440534382,0.05,,,,,oracle,1.0379482897404329,-4.533599309368808,0.1778485879585011,0.9546640069063119
ml,kmeans_templates,action,brutal,100000,2,0.0481383534541181,0.0469590268046477,0.05,,,,,oracle,2.5113949962729647,-3.723293091763807,0.3878122474978849,0.962767069082362
ml,kmeans_templates,action,brutal,100000,3,0.0474479196331549,0.046602650168757,0.05,,,,,oracle,1.8137798201111404,-5.104160733690201,0.2488025980205405,0.948958392663098
ml,kmeans_templates,action,brutal,100000,4,0.0475015253658785,0.0467027704858169,0.05,,,,,oracle,1.7102944252614982,-4.996949268243012,0.24225031245951706,0.9500305073175699
ml,kmeans_templates,action,extreme,5000,0,0.0481332293815194,0.047214446646648,0.05,,,,,oracle,1.94597797946792,-3.7335412369612073,0.32983849825234185,0.962664587630388
ml,kmeans_templates,action,extreme,5000,1,0.047842985191304,0.0475615721433665,0.05,,,,,oracle,0.5916815514197519,-4.314029617392009,0.11540757589851972,0.9568597038260799
ml,kmeans_templates,action,extreme,5000,2,0.0478544617869567,0.0474672099741214,0.05,,,,,oracle,0.815830155272302,-4.291076426086601,0.1528953481649035,0.957089235739134
ml,kmeans_templates,action,extreme,5000,3,0.0477741922208724,0.0470871931671049,0.05,,,,,oracle,1.4589934280632284,-4.451615558255211,0.23585465606885928,0.9554838444174479
ml,kmeans_templates,action,extreme,5000,4,0.0480240996182664,0.0473316286445249,0.05,,,,,oracle,1.463019535926321,-3.951800763467211,0.2595107207700494,0.9604819923653279
ml,kmeans_templates,action,extreme,25000,0,0.0476066991175732,0.047214446646648,0.05,,,,,oracle,0.8307890884771079,-4.7866017648536126,0.14081671437137588,0.9521339823514638
ml,kmeans_templates,action,extreme,25000,1,0.0479535054629303,0.0475615721433665,0.05,,,,,oracle,0.8240545926076158,-4.092989074139408,0.16073197265097697,0.9590701092586059
ml,kmeans_templates,action,extreme,25000,2,0.0481985264865696,0.0474672099741214,0.05,,,,,oracle,1.5406772650992344,-3.6029470268608,0.2887394947769177,0.963970529731392
ml,kmeans_templates,action,extreme,25000,3,0.047658182208364,0.0470871931671049,0.05,,,,,oracle,1.2126206784778033,-4.683635583272006,0.19602708796572768,0.9531636441672799
ml,kmeans_templates,action,extreme,25000,4,0.047826535041174,0.0473316286445249,0.05,,,,,oracle,1.0456145516690292,-4.346929917652009,0.1854713346527364,0.9565307008234799
ml,kmeans_templates,action,extreme,50000,0,0.0479011223728916,0.047214446646648,0.05,,,,,oracle,1.4543763085537473,-4.197755254216811,0.24651321986609392,0.9580224474578319
ml,kmeans_templates,action,extreme,50000,1,0.0479745717951177,0.0475615721433665,0.05,,,,,oracle,0.8683473508955499,-4.050856409764602,0.16937128183951575,0.959491435902354
ml,kmeans_templates,action,extreme,50000,2,0.0482751824669955,0.0474672099741214,0.05,,,,,oracle,1.7021697574274903,-3.44963506600901,0.3190049252479271,0.96550364933991
ml,kmeans_templates,action,extreme,50000,3,0.0479779342268479,0.0470871931671049,0.05,,,,,oracle,1.8916843409669917,-4.044131546304202,0.3058016239469183,0.959558684536958
ml,kmeans_templates,action,extreme,50000,4,0.0481238025668337,0.0473316286445249,0.05,,,,,oracle,1.6736671544904338,-3.752394866332609,0.2968754407752786,0.9624760513366739
ml,kmeans_templates,action,extreme,100000,0,0.0480545175824127,0.047214446646648,0.05,,,,,oracle,1.7792667190442253,-3.8909648351746067,0.30158134819202026,0.961090351648254
ml,kmeans_templates,action,extreme,100000,1,0.0479059442930057,0.0475615721433665,0.05,,,,,oracle,0.7240554382877555,-4.188111413988602,0.14122712250943542,0.958118885860114
ml,kmeans_templates,action,extreme,100000,2,0.0485537635415573,0.0474672099741214,0.05,,,,,oracle,2.289061371056521,-2.8924729168854078,0.4289947276853256,0.971075270831146
ml,kmeans_templates,action,extreme,100000,3,0.0485442006731304,0.0470871931671049,0.05,,,,,oracle,3.0942755514324594,-2.911598653739203,0.5002073908819248,0.970884013462608
ml,kmeans_templates,action,extreme,100000,4,0.048116079025426,0.0473316286445249,0.05,,,,,oracle,1.65734922580536,-3.767841949148004,0.2939809630663008,0.96232158050852
ml,kmeans_templates,action,high,5000,0,0.0489895090360621,0.0482957077058575,0.05,,,,,oracle,1.4365693415865477,-2.020981927875809,0.4070905751256,0.9797901807212419
ml,kmeans_templates,action,high,5000,1,0.0487972771531035,0.048376614634751,0.05,,,,,oracle,0.8695575776199975,-2.405445693793001,0.25912671590949005,0.97594554306207
ml,kmeans_templates,action,high,5000,2,0.0489319098359429,0.0484063424369392,0.05,,,,,oracle,1.0857407780568828,-2.1361803281142038,0.3297869072916075,0.978638196718858
ml,kmeans_templates,action,high,5000,3,0.0487625887364981,0.0481926027612877,0.05,,,,,oracle,1.1827250294691711,-2.474822527003803,0.31536286711187667,0.9752517747299619
ml,kmeans_templates,action,high,5000,4,0.0486947929411412,0.04838807517565,0.05,,,,,oracle,0.633870564964218,-2.6104141177176046,0.19028044041376704,0.9738958588228239
ml,kmeans_templates,action,high,25000,0,0.0487704631850654,0.0482957077058575,0.05,,,,,oracle,0.9830179569981177,-2.4590736298692044,0.2785645870955314,0.975409263701308
ml,kmeans_templates,action,high,25000,1,0.0487728882584978,0.048376614634751,0.05,,,,,oracle,0.8191429407343015,-2.4542234830044056,0.24410323773370807,0.975457765169956
ml,kmeans_templates,action,high,25000,2,0.0488652038262032,0.0484063424369392,0.05,,,,,oracle,0.9479365020436676,-2.2695923475936075,0.2879297283807346,0.9773040765240639
ml,kmeans_templates,action,high,25000,3,0.0489073517163166,0.0481926027612877,0.05,,,,,oracle,1.4831092617455455,-2.185296567366809,0.3954575893554686,0.9781470343263319
ml,kmeans_templates,action,high,25000,4,0.0487186043942572,0.04838807517565,0.05,,,,,oracle,0.6830799063764676,-2.5627912114856013,0.20505250220988921,0.974372087885144
ml,kmeans_templates,action,high,50000,0,0.048894302839543,0.0482957077058575,0.05,,,,,oracle,1.239437544494043,-2.211394320914009,0.3512279764115678,0.9778860567908599
ml,kmeans_templates,action,high,50000,1,0.0491526200496619,0.048376614634751,0.05,,,,,oracle,1.6040920200179996,-1.6947599006762042,0.47801676146801597,0.983052400993238
ml,kmeans_templates,action,high,50000,2,0.0489138122504039,0.0484063424369392,0.05,,,,,oracle,1.0483539716428736,-2.1723754991922055,0.31843090085805326,0.978276245008078
ml,kmeans_templates,action,high,50000,3,0.048944115943182,0.0481926027612877,0.05,,,,,oracle,1.5593952989357494,-2.1117681136360034,0.4157985670210072,0.97888231886364
ml,kmeans_templates,action,high,50000,4,0.0489345109238115,0.04838807517565,0.05,,,,,oracle,1.1292777118699733,-2.1309781523770055,0.3389958017315406,0.97869021847623
ml,kmeans_templates,action,high,100000,0,0.0492041173308176,0.0482957077058575,0.05,,,,,oracle,1.8809324225927595,-1.5917653383648034,0.5330128101160952,0.984082346616352
ml,kmeans_templates,action,high,100000,1,0.0488024652665948,0.048376614634751,0.05,,,,,oracle,0.8802820020768695,-2.3950694668104093,0.26232257661043956,0.9760493053318959
ml,kmeans_templates,action,high,100000,2,0.0489227731873687,0.0484063424369392,0.05,,,,,oracle,1.0668658783759086,-2.154453625262606,0.3240537756666095,0.9784554637473739
ml,kmeans_templates,action,high,100000,3,0.0494654491565404,0.0481926027612877,0.05,,,,,oracle,2.6411654949567396,-1.069101686919205,0.7042427464144803,0.989308983130808
ml,kmeans_templates,action,high,100000,4,0.049234767776927,0.04838807517565,0.05,,,,,oracle,1.7497959945781825,-1.5304644461460042,0.5252680450643378,0.9846953555385399
ml,kmeans_templates,action,low,5000,0,0.0495572439702546,0.0494143220917449,0.05,,,,,oracle,0.28923168923443776,-0.8855120594908061,0.24402811937281998,0.991144879405092
ml,kmeans_templates,action,low,5000,1,0.0496973402828422,0.0494137412479531,0.05,,,,,oracle,0.5739274698226755,-0.6053194343156043,0.4837437972549225,0.993946805656844
ml,kmeans_templates,action,low,5000,2,0.0497487478354012,0.049422432069098,0.05,,,,,oracle,0.660258414330919,-0.5025043291976006,0.5649824875033946,0.994974956708024
ml,kmeans_templates,action,low,5000,3,0.0498020912871245,0.0494175204532242,0.05,,,,,oracle,0.7782074664476732,-0.39581742575101053,0.6602306227386198,0.9960418257424899
ml,kmeans_templates,action,low,5000,4,0.0495224512298867,0.0494217371956612,0.05,,,,,oracle,0.20378489292428392,-0.9550975402266015,0.17416654412115978,0.990449024597734
ml,kmeans_templates,action,low,25000,0,0.0495729954651974,0.0494143220917449,0.05,,,,,oracle,0.3211080649005016,-0.8540090696051994,0.2709225859743202,0.991459909303948
ml,kmeans_templates,action,low,25000,1,0.0496492881045027,0.0494137412479531,0.05,,,,,oracle,0.47668290358272664,-0.7014237909946097,0.40177968469928027,0.992985762090054
ml,kmeans_templates,action,low,25000,2,0.0496611265127975,0.049422432069098,0.05,,,,,oracle,0.4829678219108628,-0.677746974405008,0.41327509878660207,0.99322253025595
ml,kmeans_templates,action,low,25000,3,0.0495878385579247,0.0494175204532242,0.05,,,,,oracle,0.3446512555434955,-0.8243228841506023,0.292401863109636,0.991756771158494
ml,kmeans_templates,action,low,25000,4,0.0497031433104899,0.0494217371956612,0.05,,,,,oracle,0.5693974570634984,-0.5937133790201998,0.4866405252374252,0.994062866209798
ml,kmeans_templates,action,low,50000,0,0.0496779070394233,0.0494143220917449,0.05,,,,,oracle,0.5334181195261859,-0.644185921153409,0.45005103310741407,0.9935581407884659
ml,kmeans_templates,action,low,50000,1,0.0495999167924695,0.0494137412479531,0.05,,,,,oracle,0.3767687687969043,-0.8001664150610044,0.31756548429575704,0.99199833584939
ml,kmeans_templates,action,low,50000,2,0.0495780991865599,0.049422432069098,0.05,,,,,oracle,0.3149725963389656,-0.8438016268802057,0.26952174650484884,0.991561983731198
ml,kmeans_templates,action,low,50000,3,0.0498598596509714,0.0494175204532242,0.05,,,,,oracle,0.8951060144061528,-0.2802806980572031,0.7594072619299336,0.997197193019428
ml,kmeans_templates,action,low,50000,4,0.0497418514451762,0.0494217371956612,0.05,,,,,oracle,0.6477195413986753,-0.5162971096476093,0.5535791808034789,0.9948370289035239
ml,kmeans_templates,action,low,100000,0,0.0496920223290427,0.0494143220917449,0.05,,,,,oracle,0.5619832986521747,-0.6159553419146091,0.47415180491465764,0.9938404465808539
ml,kmeans_templates,action,low,100000,1,0.0496543315668456,0.0494137412479531,0.05,,,,,oracle,0.4868895024265496,-0.6913368663088032,0.4103824771101299,0.993086631336912
ml,kmeans_templates,action,low,100000,2,0.0496147544205065,0.049422432069098,0.05,,,,,oracle,0.38913979615493915,-0.7704911589870023,0.3329865477609648,0.99229508841013
ml,kmeans_templates,action,low,100000,3,0.0496985292163062,0.0494175204532242,0.05,,,,,oracle,0.5686419725327709,-0.6029415673876048,0.48243541706737497,0.993970584326124
ml,kmeans_templates,action,low,100000,4,0.0495363485875752,0.0494217371956612,0.05,,,,,oracle,0.2319048224878197,-0.9273028248496101,0.19819948828464662,0.9907269717515039
ml,kmeans_templates,action,medium,5000,0,0.0490054378267733,0.0489544608348695,0.05,,,,,oracle,0.10413145407883488,-1.9891243464534025,0.04875665456055907,0.980108756535466
ml,kmeans_templates,action,medium,5000,1,0.0494830327156378,0.0489734201804317,0.05,,,,,oracle,1.0405900452297325,-1.033934568724401,0.49641783862496336,0.989660654312756
ml,kmeans_templates,action,medium,5000,2,0.0493207349148278,0.048996904473098,0.05,,,,,oracle,0.6609202054950297,-1.358530170344402,0.3228311093460184,0.986414698296556
ml,kmeans_templates,action,medium,5000,3,0.0495412843498554,0.0489256006287711,0.05,,,,,oracle,1.2584080995875284,-0.9174313002892065,0.5730492194723447,0.9908256869971079
ml,kmeans_templates,action,medium,5000,4,0.0492877166687606,0.0489931279488378,0.05,,,,,oracle,0.6012857971232851,-1.42456666247881,0.29257810819434754,0.9857543333752119
ml,kmeans_templates,action,medium,25000,0,0.049290033519185,0.0489544608348695,0.05,,,,,oracle,0.6854792772561314,-1.4199329616300105,0.32095658920018844,0.9858006703836999
ml,kmeans_templates,action,medium,25000,1,0.049300433891193,0.0489734201804317,0.05,,,,,oracle,0.6677371307874528,-1.3991322176140075,0.31854679444099543,0.9860086778238599
ml,kmeans_templates,action,medium,25000,2,0.049442393252473,0.048996904473098,0.05,,,,,oracle,0.9092182132028377,-1.1152134950540016,0.4441140125017469,0.98884786504946
ml,kmeans_templates,action,medium,25000,3,0.0492656738971519,0.0489256006287711,0.05,,,,,oracle,0.6950824599193927,-1.4686522056962108,0.3165240761373695,0.9853134779430379
ml,kmeans_templates,action,medium,25000,4,0.049357477575398,0.0489931279488378,0.05,,,,,oracle,0.7436749638452967,-1.2850448492040116,0.3618628862918983,0.9871495515079599
ml,kmeans_templates,action,medium,50000,0,0.0493506461856847,0.0489544608348695,0.05,,,,,oracle,0.8092936661106211,-1.298707628630602,0.37892923003582707,0.987012923713694
ml,kmeans_templates,action,medium,50000,1,0.0493716874452308,0.0489734201804317,0.05,,,,,oracle,0.8132314699111737,-1.2566251095384033,0.38795547818832027,0.987433748904616
ml,kmeans_templates,action,medium,50000,2,0.049294424688571,0.048996904473098,0.05,,,,,oracle,0.607222473893954,-1.411150622858001,0.29660207576827224,0.98588849377142
ml,kmeans_templates,action,medium,50000,3,0.0493007825266499,0.0489256006287711,0.05,,,,,oracle,0.7668416801370294,-1.3984349467002082,0.3492015240567999,0.9860156505329979
ml,kmeans_templates,action,medium,50000,4,0.0495342485735652,0.0489931279488378,0.05,,,,,oracle,1.104482704783574,-0.931502852869609,0.5374273961649843,0.990684971471304
ml,kmeans_templates,action,medium,100000,0,0.0494313332484383,0.0489544608348695,0.05,,,,,oracle,0.9741143206077998,-1.1373335031234082,0.4561019132260598,0.988626664968766
ml,kmeans_templates,action,medium,100000,1,0.0492938337913744,0.0489734201804317,0.05,,,,,oracle,0.6542602288388373,-1.412332417251208,0.3121175819308803,0.985876675827488
ml,kmeans_templates,action,medium,100000,2,0.0493876838928473,0.048996904473098,0.05,,,,,oracle,0.7975594049290564,-1.22463221430541,0.38957348454757434,0.9877536778569459
ml,kmeans_templates,action,medium,100000,3,0.0492700476255621,0.0489256006287711,0.05,,,,,oracle,0.7040220096724725,-1.4599047488758066,0.3205949351934386,0.9854009525112419
ml,kmeans_templates,action,medium,100000,4,0.0496492550226882,0.0489931279488378,0.05,,,,,oracle,1.3392226651369967,-0.701489954623602,0.6516489092065417,0.992985100453764
ml,kmeans_templates,combined,brutal,5000,0,0.0461381954644414,0.0453757151109518,0.05,,,,,oracle,1.680370990573261,-7.723609071117201,0.16488611142782333,0.922763909288828
ml,kmeans_templates,combined,brutal,5000,1,0.0482938132824665,0.0477221012838836,0.05,,,,,oracle,1.1980025673680348,-3.4123734350670065,0.25098218570385483,0.9658762656493299
ml,kmeans_templates,combined,brutal,5000,2,0.0475844470714165,0.0472252309336187,0.05,,,,,oracle,0.7606445340684986,-4.831105857167006,0.12945803027358466,0.9516889414283299
ml,kmeans_templates,combined,brutal,5000,3,0.0483960410214375,0.0480277739082754,0.05,,,,,oracle,0.7667794761119299,-3.2079179571250087,0.18672662059757428,0.9679208204287499
ml,kmeans_templates,combined,brutal,5000,4,0.0472462815253331,0.0466125840939772,0.05,,,,,oracle,1.3594986068102966,-5.50743694933381,0.1870739965025222,0.9449256305066619
ml,kmeans_templates,combined,brutal,25000,0,0.046011247706686,0.0453757151109518,0.05,,,,,oracle,1.4006007270193044,-7.977504586628005,0.13743370293628435,0.92022495413372
ml,kmeans_templates,combined,brutal,25000,1,0.0481678994804105,0.0477221012838836,0.05,,,,,oracle,0.9341545835858975,-3.664201039178999,0.19570589042121503,0.9633579896082101
ml,kmeans_templates,combined,brutal,25000,2,0.0476197959839719,0.0472252309336187,0.05,,,,,oracle,0.8354962856779113,-4.760408032056199,0.14219743730521336,0.952395919679438
ml,kmeans_templates,combined,brutal,25000,3,0.0484916973744064,0.0480277739082754,0.05,,,,,oracle,0.9659483011163751,-3.0166052511872015,0.23522833821011105,0.969833947488128
ml,kmeans_templates,combined,brutal,25000,4,0.0473673098205939,0.0466125840939772,0.05,,,,,oracle,1.6191458621883612,-5.265380358812202,0.22280279350250576,0.947346196411878
ml,kmeans_templates,combined,brutal,50000,0,0.0462635618678696,0.0453757151109518,0.05,,,,,oracle,1.956656230644193,-7.47287626426081,0.1919965525957331,0.9252712373573919
ml,kmeans_templates,combined,brutal,50000,1,0.0486536299886586,0.0477221012838836,0.05,,,,,oracle,1.9519859346377797,-2.692740022682799,0.40894210887618815,0.9730725997731721
ml,kmeans_templates,combined,brutal,50000,2,0.0476518714023824,0.0472252309336187,0.05,,,,,oracle,0.9034163736825194,-4.696257195235212,0.1537571086303389,0.9530374280476479
ml,kmeans_templates,combined,brutal,50000,3,0.0484795033179605,0.0480277739082754,0.05,,,,,oracle,0.9405587078589567,-3.0409933640790086,0.22904544848105338,0.96959006635921
ml,kmeans_templates,combined,brutal,50000,4,0.0476158964326954,0.0466125840939772,0.05,,,,,oracle,2.15244951169278,-4.7682071346092085,0.2961881170051531,0.952317928653908
ml,kmeans_templates,combined,brutal,100000,0,0.046714564914198,0.0453757151109518,0.05,,,,,oracle,2.950586673890368,-6.570870171604001,0.28952580460970945,0.93429129828396
ml,kmeans_templates,combined,brutal,100000,1,0.0484981940440868,0.0477221012838836,0.05,,,,,oracle,1.6262753301378519,-3.0036119118264093,0.3407055610999076,0.9699638808817359
ml,kmeans_templates,combined,brutal,100000,2,0.0477852970474599,0.0472252309336187,0.05,,,,,oracle,1.1859467974406417,-4.429405905080202,0.20184242379911116,0.955705940949198
ml,kmeans_templates,combined,brutal,100000,3,0.0484913272729932,0.0480277739082754,0.05,,,,,oracle,0.9651777023917484,-3.017345454013609,0.23504068152371152,0.9698265454598639
ml,kmeans_templates,combined,brutal,100000,4,0.047904181210614,0.0466125840939772,0.05,,,,,oracle,2.7709193595291146,-4.191637578772,0.3812927471764987,0.95808362421228
ml,kmeans_templates,combined,extreme,5000,0,0.0457062939306031,0.0451021576054243,0.05,,,,,oracle,1.3394843112918862,-8.587412138793812,0.12334744087475571,0.9141258786120618
ml,kmeans_templates,combined,extreme,5000,1,0.04839694277108,0.0477720022195072,0.05,,,,,oracle,1.3081732448668664,-3.2061144578400116,0.28049424332665623,0.9679388554215999
ml,kmeans_templates,combined,extreme,5000,2,0.0477841757024741,0.0468224388100205,0.05,,,,,oracle,2.0540085414085114,-4.43164859505181,0.3026651053916603,0.9556835140494819
ml,kmeans_templates,combined,extreme,5000,3,0.0482710193350147,0.0476569546621607,0.05,,,,,oracle,1.2885100972294445,-3.4579613299706016,0.2620797228875967,0.965420386700294
ml,kmeans_templates,combined,extreme,5000,4,0.0472869442264723,0.0463574283847847,0.05,,,,,oracle,2.0051065688377925,-5.426111547055412,0.2551812125820491,0.9457388845294459
ml,kmeans_templates,combined,extreme,25000,0,0.0470778744084688,0.0451021576054243,0.05,,,,,oracle,4.380537224691193,-5.844251183062408,0.4033851324478267,0.9415574881693759
ml,kmeans_templates,combined,extreme,25000,1,0.0481867910610763,0.0477720022195072,0.05,,,,,oracle,0.8682676511300392,-3.6264178778473988,0.18617111973844036,0.963735821221526
ml,kmeans_templates,combined,extreme,25000,2,0.0475117929256911,0.0468224388100205,0.05,,,,,oracle,1.4722729810542572,-4.976414148617811,0.21694440309898225,0.9502358585138219
ml,kmeans_templates,combined,extreme,25000,3,0.0484562903738223,0.0476569546621607,0.05,,,,,oracle,1.6772698073724444,-3.0874192523554083,0.34115247313085456,0.9691258074764459
ml,kmeans_templates,combined,extreme,25000,4,0.0474630696865141,0.0463574283847847,0.05,,,,,oracle,2.3850358836822068,-5.073860626971807,0.3035331679166026,0.949261393730282
ml,kmeans_templates,combined,extreme,50000,0,0.0474829570406854,0.0451021576054243,0.05,,,,,oracle,5.278681911604977,-5.0340859186292075,0.48609147527854396,0.949659140813708
ml,kmeans_templates,combined,extreme,50000,1,0.0482635069380659,0.0477720022195072,0.05,,,,,oracle,1.0288551781863595,-3.4729861238682047,0.22060377387359326,0.965270138761318
ml,kmeans_templates,combined,extreme,50000,2,0.048264037862387,0.0468224388100205,0.05,,,,,oracle,3.078863658118503,-3.4719242752260095,0.4536809729778313,0.9652807572477399
ml,kmeans_templates,combined,extreme,50000,3,0.0484722334516695,0.0476569546621607,0.05,,,,,oracle,1.7107236399981725,-3.0555330966610117,0.3479568988027456,0.9694446690333899
ml,kmeans_templates,combined,extreme,50000,4,0.0476258337782804,0.0463574283847847,0.05,,,,,oracle,2.736142701807003,-4.748332443439209,0.3482170091584386,0.9525166755656079
ml,kmeans_templates,combined,extreme,100000,0,0.0461225772302702,0.0451021576054243,0.05,,,,,oracle,2.262462992952639,-7.754845539459612,0.208340641172121,0.9224515446054039
ml,kmeans_templates,combined,extreme,100000,1,0.0485637505359732,0.0477720022195072,0.05,,,,,oracle,1.6573479856004423,-2.872498928053607,0.35536315314051903,0.971275010719464
ml,kmeans_templates,combined,extreme,100000,2,0.0477473537425072,0.0468224388100205,0.05,,,,,oracle,1.9753668454552098,-4.505292514985603,0.2910769855206675,0.954947074850144
ml,kmeans_templates,combined,extreme,100000,3,0.0483841738858247,0.0476569546621607,0.05,,,,,oracle,1.5259456438608852,-3.2316522283506037,0.3103735177120483,0.967683477716494
ml,kmeans_templates,combined,extreme,100000,4,0.0476839646425821,0.0463574283847847,0.05,,,,,oracle,2.861539787726425,-4.632070714835804,0.36417575216815357,0.953679292851642
ml,kmeans_templates,combined,high,5000,0,0.0472882429611006,0.0456478618068448,0.05,,,,,oracle,3.5935552933387,-5.4235140777987985,0.3769138481943665,0.945764859222012
ml,kmeans_templates,combined,high,5000,1,0.0489248682837308,0.0479894558651901,0.05,,,,,oracle,1.9492040525910914,-2.150263432538407,0.46525336218453234,0.978497365674616
ml,kmeans_templates,combined,high,5000,2,0.0474435632470095,0.0467197937920064,0.05,,,,,oracle,1.5491709107819978,-5.11287350598101,0.22064754747409723,0.9488712649401899
ml,kmeans_templates,combined,high,5000,3,0.0482673636562699,0.0472903071338551,0.05,,,,,oracle,2.0660819978378377,-3.465272687460205,0.3605783277589192,0.9653472731253979
ml,kmeans_templates,combined,high,5000,4,0.0483309151111891,0.046938630668035,0.05,,,,,oracle,2.9661803579247654,-3.3381697776218022,0.4547913995925597,0.966618302223782
ml,kmeans_templates,combined,high,25000,0,0.047623939987108,0.0456478618068448,0.05,,,,,oracle,4.328961099262027,-4.752120025784012,0.4540476640587981,0.9524787997421599
ml,kmeans_templates,combined,high,25000,1,0.0486608482924593,0.0479894558651901,0.05,,,,,oracle,1.3990415502006222,-2.6783034150814067,0.3339356822090749,0.9732169658491859
ml,kmeans_templates,combined,high,25000,2,0.0481316749943925,0.0467197937920064,0.05,,,,,oracle,3.0220193365401067,-3.736650011215009,0.4304245260390811,0.96263349988785
ml,kmeans_templates,combined,high,25000,3,0.0478220496238257,0.0472903071338551,0.05,,,,,oracle,1.1244217307904234,-4.355900752348609,0.19623718120021233,0.9564409924765139
ml,kmeans_templates,combined,high,25000,4,0.0485971769885516,0.046938630668035,0.05,,,,,oracle,3.5334356731587953,-2.8056460228968043,0.5417661643105407,0.971943539771032
ml,kmeans_templates,combined,high,50000,0,0.0481550298546423,0.0456478618068448,0.05,,,,,oracle,5.492410703498848,-3.689940290715399,0.5760773064928492,0.963100597092846
ml,kmeans_templates,combined,high,50000,1,0.0486086641052549,0.0479894558651901,0.05,,,,,oracle,1.2903006064587406,-2.7826717894902098,0.3079804264646714,0.9721732821050979
ml,kmeans_templates,combined,high,50000,2,0.0478260466994061,0.0467197937920064,0.05,,,,,oracle,2.367846297277483,-4.347906601187806,0.3372510254702428,0.956520933988122
ml,kmeans_templates,combined,high,50000,3,0.0484400174230573,0.0472903071338551,0.05,,,,,oracle,2.4311753483603944,-3.1199651538854067,0.4242954260856512,0.9688003484611459
ml,kmeans_templates,combined,high,50000,4,0.0491443222080372,0.046938630668035,0.05,,,,,oracle,4.69909647684774,-1.7113555839256,0.7204918129190362,0.982886444160744
ml,kmeans_templates,combined,high,100000,0,0.0488901234806082,0.0456478618068448,0.05,,,,,oracle,7.102767896298776,-2.219753038783606,0.7449813240909139,0.977802469612164
ml,kmeans_templates,combined,high,100000,1,0.0489978262319807,0.0479894558651901,0.05,,,,,oracle,2.101233174269093,-2.0043475360386056,0.501541025303551,0.9799565246396139
ml,kmeans_templates,combined,high,100000,2,0.049170362940969,0.0467197937920064,0.05,,,,,oracle,5.245248212935998,-1.6592741180620068,0.7470777730347429,0.98340725881938
ml,kmeans_templates,combined,high,100000,3,0.0488439142624325,0.0472903071338551,0.05,,,,,oracle,3.2852548920435707,-2.312171475135002,0.573351743287323,0.97687828524865
ml,kmeans_templates,combined,high,100000,4,0.0487365531856899,0.046938630668035,0.05,,,,,oracle,3.8303684876757234,-2.5268936286201997,0.587293567908342,0.974731063713798
ml,kmeans_templates,combined,low,5000,0,0.0495246192742896,0.0491980080391786,0.05,,,,,oracle,0.6638708519477096,-0.9507614514208118,0.4072500113049525,0.9904923854857919
ml,kmeans_templates,combined,low,5000,1,0.0496513046206446,0.0493234520724208,0.05,,,,,oracle,0.6646991125893131,-0.6973907587108086,0.4845961902461315,0.993026092412892
ml,kmeans_templates,combined,low,5000,2,0.0494134900284797,0.0492421747865324,0.05,,,,,oracle,0.347903484543406,-1.1730199430406012,0.2260616813782283,0.988269800569594
ml,kmeans_templates,combined,low,5000,3,0.0497095617900022,0.0492054216827995,0.05,,,,,oracle,1.0245621111686052,-0.5808764199956018,0.6344750369968742,0.994191235800044
ml,kmeans_templates,combined,low,5000,4,0.0495943791730298,0.049313461619669,0.05,,,,,oracle,0.5696569336936477,-0.811241653940406,0.4091796779451142,0.9918875834605959
ml,kmeans_templates,combined,low,25000,0,0.0493998819243794,0.0491980080391786,0.05,,,,,oracle,0.41032938780781225,-1.2002361512412074,0.2517155969918199,0.9879976384875879
ml,kmeans_templates,combined,low,25000,1,0.0496607246701187,0.0493234520724208,0.05,,,,,oracle,0.6837976328231973,-0.6785506597626056,0.49851988890826165,0.993214493402374
ml,kmeans_templates,combined,low,25000,2,0.0495444745545255,0.0492421747865324,0.05,,,,,oracle,0.6139041772699624,-0.9110508909490056,0.3989043418202693,0.9908894910905099
ml,kmeans_templates,combined,low,25000,3,0.0498148860397024,0.0492054216827995,0.05,,,,,oracle,1.2386122017849663,-0.3702279205952119,0.767028678872326,0.9962977207940479
ml,kmeans_templates,combined,low,25000,4,0.04962996901755,0.049313461619669,0.05,,,,,oracle,0.6418275811219031,-0.7400619649000073,0.4610192335181621,0.9925993803509999
ml,kmeans_templates,combined,low,50000,0,0.0494180705153945,0.0491980080391786,0.05,,,,,oracle,0.4472995655447155,-1.1638589692110068,0.2743948654928052,0.9883614103078899
ml,kmeans_templates,combined,low,50000,1,0.0496042022437418,0.0493234520724208,0.05,,,,,oracle,0.569202193935604,-0.7915955125164104,0.4149745492910835,0.9920840448748359
ml,kmeans_templates,combined,low,50000,2,0.049634487586854,0.0492421747865324,0.05,,,,,oracle,0.7967007997154828,-0.7310248262920038,0.5176824330329195,0.99268975173708
ml,kmeans_templates,combined,low,50000,3,0.0493970511375347,0.0492054216827995,0.05,,,,,oracle,0.3894478457486597,-1.205897724930599,0.24117126101598646,0.9879410227506941
ml,kmeans_templates,combined,low,50000,4,0.0498991934603587,0.049313461619669,0.05,,,,,oracle,1.187772712463719,-0.20161307928261152,0.8531669276920781,0.9979838692071739
ml,kmeans_templates,combined,low,100000,0,0.0494638066572044,0.0491980080391786,0.05,,,,,oracle,0.5402629671797572,-1.0723866855912034,0.33142304538011796,0.989276133144088
ml,kmeans_templates,combined,low,100000,1,0.049594219533244,0.0493234520724208,0.05,,,,,oracle,0.5489629161106442,-0.8115609335120066,0.40021918593712585,0.99188439066488
ml,kmeans_templates,combined,low,100000,2,0.0496263295253908,0.0492421747865324,0.05,,,,,oracle,0.7801335755858229,-0.7473409492184113,0.5069173366515591,0.9925265905078159
ml,kmeans_templates,combined,low,100000,3,0.0496036044476028,0.0492054216827995,0.05,,,,,oracle,0.8092253885560985,-0.7927911047944103,0.5011246294842229,0.9920720889520559
ml,kmeans_templates,combined,low,100000,4,0.0496826718860233,0.049313461619669,0.05,,,,,oracle,0.7487007689742866,-0.6346562279534035,0.5377853255287677,0.993653437720466
ml,kmeans_templates,combined,medium,5000,0,0.0488181108490747,0.047819037623913,0.05,,,,,oracle,2.0892792385727326,-2.3637783018506107,0.4580882440320661,0.976362216981494
ml,kmeans_templates,combined,medium,5000,1,0.0495034578633759,0.048585671698699,0.05,,,,,oracle,1.8890058171233988,-0.993084273248207,0.6489201720934615,0.990069157267518
ml,kmeans_templates,combined,medium,5000,2,0.0488716060057606,0.0480506136646491,0.05,,,,,oracle,1.7085990760519774,-2.2567879884788087,0.421154250557376,0.977432120115212
ml,kmeans_templates,combined,medium,5000,3,0.0492865177997732,0.0481034871888418,0.05,,,,,oracle,2.4593448002784775,-1.4269644004536035,0.6237925754948758,0.985730355995464
ml,kmeans_templates,combined,medium,5000,4,0.0492284116474878,0.0482533546384371,0.05,,,,,oracle,2.0207030502994283,-1.5431767050244072,0.5582455548836861,0.9845682329497559
ml,kmeans_templates,combined,medium,25000,0,0.0487843956069775,0.047819037623913,0.05,,,,,oracle,2.018773340142982,-2.4312087860450107,0.4426293610788945,0.9756879121395499
ml,kmeans_templates,combined,medium,25000,1,0.0491251812055672,0.048585671698699,0.05,,,,,oracle,1.110429243860073,-1.7496375888656073,0.38145988196087127,0.982503624111344
ml,kmeans_templates,combined,medium,25000,2,0.0493028402297956,0.0480506136646491,0.05,,,,,oracle,2.606057383337366,-1.394319540408806,0.642369622910633,0.9860568045959119
ml,kmeans_templates,combined,medium,25000,3,0.0490696500746173,0.0481034871888418,0.05,,,,,oracle,2.008509033830742,-1.8606998507654098,0.5094417923733732,0.9813930014923459
ml,kmeans_templates,combined,medium,25000,4,0.0489545340553927,0.0482533546384371,0.05,,,,,oracle,1.4531205596160994,-2.090931889214609,0.40144349413219244,0.9790906811078539
ml,kmeans_templates,combined,medium,50000,0,0.0491521831971233,0.047819037623913,0.05,,,,,oracle,2.7878971210069476,-1.6956336057534076,0.6112648195253036,0.9830436639424659
ml,kmeans_templates,combined,medium,50000,1,0.0493600199603094,0.048585671698699,0.05,,,,,oracle,1.593779059827501,-1.2799600793812065,0.5475024864439876,0.987200399206188
ml,kmeans_templates,combined,medium,50000,2,0.0487724966974195,0.0480506136646491,0.05,,,,,oracle,1.5023388417232522,-2.455006605161,0.3703129644850309,0.97544993394839
ml,kmeans_templates,combined,medium,50000,3,0.0496385662546936,0.0481034871888418,0.05,,,,,oracle,3.1912012113082016,-0.7228674906128024,0.809421933150205,0.992771325093872
ml,kmeans_templates,combined,medium,50000,4,0.0487455238581223,0.0482533546384371,0.05,,,,,oracle,1.0199689189964727,-2.5089522837554026,0.28177970784224166,0.9749104771624459
ml,kmeans_templates,combined,medium,100000,0,0.0490051803669863,0.047819037623913,0.05,,,,,oracle,2.4804822556281243,-1.9896392660274098,0.543862084040821,0.9801036073397259
ml,kmeans_templates,combined,medium,100000,1,0.0493266017386689,0.048585671698699,0.05,,,,,oracle,1.5249970085105222,-1.3467965226622025,0.5238741523367245,0.986532034773378
ml,kmeans_templates,combined,medium,100000,2,0.0489370883732519,0.0480506136646491,0.05,,,,,oracle,1.8448769765764308,-2.125823253496209,0.4547455230023594,0.9787417674650379
ml,kmeans_templates,combined,medium,100000,3,0.0493540961748938,0.0481034871888418,0.05,,,,,oracle,2.599830197637103,-1.2918076502124036,0.6594255407577518,0.9870819234978759
ml,kmeans_templates,combined,medium,100000,4,0.0495577139250761,0.0482533546384371,0.05,,,,,oracle,2.7031473695716706,-0.884572149847801,0.7467796928575462,0.991154278501522
ml,kmeans_templates,context,brutal,5000,0,0.0483371687038072,0.0466604711186673,0.05,,,,,oracle,3.5934004628365375,-3.325662592385606,0.5020760845975321,0.966743374076144
ml,kmeans_templates,context,brutal,5000,1,0.0495888280879968,0.0493162344238843,0.05,,,,,oracle,0.552746306154462,-0.8223438240064079,0.39866538128612994,0.9917765617599359
ml,kmeans_templates,context,brutal,5000,2,0.0490529099701673,0.046883262473433,0.05,,,,,oracle,4.627765608171476,-1.8941800596654068,0.6961277548206323,0.9810581994033459
ml,kmeans_templates,context,brutal,5000,3,0.0488723352967075,0.0481144194008443,0.05,,,,,oracle,1.5752364993723715,-2.255329406585002,0.40195359254468865,0.97744670593415
ml,kmeans_templates,context,brutal,5000,4,0.0492312632155714,0.0484927499264902,0.05,,,,,oracle,1.5229354701490563,-1.5374735688572088,0.4899739612295968,0.9846252643114279
ml,kmeans_templates,context,brutal,25000,0,0.0486035791681231,0.0466604711186673,0.05,,,,,oracle,4.164355830257416,-2.792841663753806,0.5818509491914815,0.9720715833624619
ml,kmeans_templates,context,brutal,25000,1,0.0494465897642586,0.0493162344238843,0.05,,,,,oracle,0.2643254131162224,-1.1068204714828056,0.1906433212312512,0.9889317952851719
ml,kmeans_templates,context,brutal,25000,2,0.0485092424842262,0.046883262473433,0.05,,,,,oracle,3.4681460397824937,-2.981515031547602,0.5216929551922105,0.970184849684524
ml,kmeans_templates,context,brutal,25000,3,0.049021891438281,0.0481144194008443,0.05,,,,,oracle,1.8860708468213896,-1.956217123438006,0.48126929065935115,0.9804378287656199
ml,kmeans_templates,context,brutal,25000,4,0.0491295893103574,0.0484927499264902,0.05,,,,,oracle,1.3132672097016196,-1.7408213792852039,0.42251740110003694,0.9825917862071479
ml,kmeans_templates,context,brutal,50000,0,0.0474797463174923,0.0466604711186673,0.05,,,,,oracle,1.7558228178652802,-5.040507365015406,0.24532657986717338,0.949594926349846
ml,kmeans_templates,context,brutal,50000,1,0.0496941396180328,0.0493162344238843,0.05,,,,,oracle,0.7662896378103653,-0.6117207639344119,0.552682391961406,0.9938827923606559
ml,kmeans_templates,context,brutal,50000,2,0.0489253248936401,0.046883262473433,0.05,,,,,oracle,4.355632079495868,-2.149350212719808,0.655192297330334,0.978506497872802
ml,kmeans_templates,context,brutal,50000,3,0.0482934230383434,0.0481144194008443,0.05,,,,,oracle,0.3720374052689037,-3.4131539233132058,0.09493290161091539,0.9658684607668679
ml,kmeans_templates,context,brutal,50000,4,0.049197726249421,0.0484927499264902,0.05,,,,,oracle,1.453776748069498,-1.6045475011580017,0.4677235286439132,0.98395452498842
ml,kmeans_templates,context,brutal,100000,0,0.0487543251544739,0.0466604711186673,0.05,,,,,oracle,4.487425835203191,-2.4913496910522053,0.6269908451790385,0.975086503089478
ml,kmeans_templates,context,brutal,100000,1,0.0494740390672044,0.0493162344238843,0.05,,,,,oracle,0.3199851837099506,-1.051921865591207,0.23078763955410653,0.9894807813440879
ml,kmeans_templates,context,brutal,100000,2,0.0480735448564393,0.046883262473433,0.05,,,,,oracle,2.538821575569283,-3.8529102871214107,0.3819001031881428,0.9614708971287859
ml,kmeans_templates,context,brutal,100000,3,0.0487915188546517,0.0481144194008443,0.05,,,,,oracle,1.4072693014674937,-2.4169622906966004,0.3590933498735528,0.975830377093034
ml,kmeans_templates,context,brutal,100000,4,0.0490756762553656,0.0484927499264902,0.05,,,,,oracle,1.2020896520800683,-1.848647489268801,0.38674825042004674,0.981513525107312
ml,kmeans_templates,context,extreme,5000,0,0.0492244150554746,0.0471409906431615,0.05,,,,,oracle,4.419560098097626,-1.55116988905081,0.7287224882037296,0.9844883011094919
ml,kmeans_templates,context,extreme,5000,1,0.0496837497166774,0.049408615419236,0.05,,,,,oracle,0.5568549029493297,-0.632500566645211,0.46523752290929343,0.9936749943335479
ml,kmeans_templates,context,extreme,5000,2,0.0489022483694645,0.0472092083079514,0.05,,,,,oracle,3.5862496368699808,-2.1955032610709995,0.6066522508064055,0.97804496738929
ml,kmeans_templates,context,extreme,5000,3,0.0488564204545207,0.048278926861906,0.05,,,,,oracle,1.1961607892953627,-2.2871590909585984,0.3355427377445728,0.977128409090414
ml,kmeans_templates,context,extreme,5000,4,0.049244271884839,0.0488470168479899,0.05,,,,,oracle,0.8132636596526297,-1.5114562303220058,0.3445453961374265,0.9848854376967799
ml,kmeans_templates,context,extreme,25000,0,0.0482607213125009,0.0471409906431615,0.05,,,,,oracle,2.375280311386151,-3.478557374998206,0.391649879235653,0.965214426250018
ml,kmeans_templates,context,extreme,25000,1,0.0495079029034495,0.049408615419236,0.05,,,,,oracle,0.20095176392019287,-0.9841941931010012,0.16788987647468137,0.99015805806899
ml,kmeans_templates,context,extreme,25000,2,0.0491084044639163,0.0472092083079514,0.05,,,,,oracle,4.022935829756373,-1.7831910721674005,0.6805223626600313,0.982168089278326
ml,kmeans_templates,context,extreme,25000,3,0.0489313469577958,0.048278926861906,0.05,,,,,oracle,1.3513558363795972,-2.137306084408402,0.37907749615587144,0.978626939155916
ml,kmeans_templates,context,extreme,25000,4,0.0495131497150196,0.0488470168479899,0.05,,,,,oracle,1.3637124844341644,-0.9737005699608087,0.5777472687856425,0.9902629943003919
ml,kmeans_templates,context,extreme,50000,0,0.0490765398741452,0.0471409906431615,0.05,,,,,oracle,4.105873051406666,-1.8469202517095995,0.6769999637650845,0.9815307974829041
ml,kmeans_templates,context,extreme,50000,1,0.0497572324297056,0.049408615419236,0.05,,,,,oracle,0.7055793964505117,-0.48553514058879976,0.5894928982071657,0.995144648594112
ml,kmeans_templates,context,extreme,50000,2,0.0492814567170238,0.0472092083079514,0.05,,,,,oracle,4.389500445664904,-1.4370865659524001,0.7425306643188592,0.985629134340476
ml,kmeans_templates,context,extreme,50000,3,0.0491238559042744,0.048278926861906,0.05,,,,,oracle,1.7500990541591437,-1.7522881914512067,0.49093151456893613,0.982477118085488
ml,kmeans_templates,context,extreme,50000,4,0.0493426592003566,0.0488470168479899,0.05,,,,,oracle,1.0146829516920621,-1.3146815992867988,0.4298782263232586,0.9868531840071321
ml,kmeans_templates,context,extreme,100000,0,0.0493267231099224,0.0471409906431615,0.05,,,,,oracle,4.6365857758612385,-1.3465537801552045,0.7645069301829385,0.986534462198448
ml,kmeans_templates,context,extreme,100000,1,0.0494640584939903,0.049408615419236,0.05,,,,,oracle,0.11221337469964784,-1.071883012019409,0.09375130254946672,0.989281169879806
ml,kmeans_templates,context,extreme,100000,2,0.0492528932069558,0.0472092083079514,0.05,,,,,oracle,4.328996338327029,-1.494213586088408,0.7322957513551343,0.9850578641391159
ml,kmeans_templates,context,extreme,100000,3,0.0498030924695004,0.048278926861906,0.05,,,,,oracle,3.1569997650404007,-0.3938150609992114,0.8855902598551564,0.9960618493900079
ml,kmeans_templates,context,extreme,100000,4,0.0493799554351851,0.0488470168479899,0.05,,,,,oracle,1.0910360992027086,-1.2400891296298067,0.4622258237391221,0.9875991087037019
ml,kmeans_templates,context,high,5000,0,0.049219887824148,0.0483407652012639,0.05,,,,,oracle,1.8185947599793255,-1.560224351704012,0.5298361772268483,0.9843977564829599
ml,kmeans_templates,context,high,5000,1,0.0496828284781124,0.0494328812879498,0.05,,,,,oracle,0.5056294184161396,-0.6343430437752012,0.4407316931212027,0.993656569562248
ml,kmeans_templates,context,high,5000,2,0.0496631281497605,0.0484716154000644,0.05,,,,,oracle,2.458165959318367,-0.6737437004789987,0.7795896070572201,0.99326256299521
ml,kmeans_templates,context,high,5000,3,0.0494584926494884,0.0487627254693241,0.05,,,,,oracle,1.4268422723869214,-1.083014701023205,0.5623385618260597,0.989169852989768
ml,kmeans_templates,context,high,5000,4,0.0496468832662672,0.0492230940860696,0.05,,,,,oracle,0.8609559965015189,-0.7062334674656084,0.5454832722969382,0.9929376653253439
ml,kmeans_templates,context,high,25000,0,0.0488880814836433,0.0483407652012639,0.05,,,,,oracle,1.132204424362498,-2.2238370327134076,0.32986065793479463,0.977761629672866
ml,kmeans_templates,context,high,25000,1,0.0495023123316292,0.0494328812879498,0.05,,,,,oracle,0.1404551826039872,-0.9953753367415996,0.12242770729324129,0.990046246632584
ml,kmeans_templates,context,high,25000,2,0.049419431046599,0.0484716154000644,0.05,,,,,oracle,1.9554034638864997,-1.1611379068020011,0.6201421072775382,0.98838862093198
ml,kmeans_templates,context,high,25000,3,0.0493361465923251,0.0487627254693241,0.05,,,,,oracle,1.175941495234374,-1.3277068153497995,0.4634550447650065,0.9867229318465021
ml,kmeans_templates,context,high,25000,4,0.0495737301939569,0.0492230940860696,0.05,,,,,oracle,0.7123406490339593,-0.8525396120862005,0.45132377241591515,0.991474603879138
ml,kmeans_templates,context,high,50000,0,0.0492787978238352,0.0483407652012639,0.05,,,,,oracle,1.9404587798017996,-1.4424043523296042,0.5653404950799199,0.9855759564767039
ml,kmeans_templates,context,high,50000,1,0.0496750808171632,0.0494328812879498,0.05,,,,,oracle,0.4899563264430663,-0.6498383656736023,0.4270702483750193,0.993501616343264
ml,kmeans_templates,context,high,50000,2,0.04960232055878,0.0484716154000644,0.05,,,,,oracle,2.3327160635832587,-0.795358882440006,0.7398040773004654,0.9920464111756
ml,kmeans_templates,context,high,50000,3,0.049524386229608,0.0487627254693241,0.05,,,,,oracle,1.5619733166126082,-0.9512275407839998,0.6155956025925952,0.9904877245921601
ml,kmeans_templates,context,high,50000,4,0.0494560362134294,0.0492230940860696,0.05,,,,,oracle,0.4732374745733975,-1.0879275731412035,0.2998331241698722,0.989120724268588
ml,kmeans_templates,context,high,100000,0,0.0495742783256008,0.0483407652012639,0.05,,,,,oracle,2.551703762241334,-0.8514433487984002,0.7434228870299202,0.991485566512016
ml,kmeans_templates,context,high,100000,1,0.0496047620111321,0.0494328812879498,0.05,,,,,oracle,0.34770524942918346,-0.7904759777358078,0.30307715039224975,0.992095240222642
ml,kmeans_templates,context,high,100000,2,0.0495025858364375,0.0484716154000644,0.05,,,,,oracle,2.1269570404532603,-0.9948283271250108,0.6745490869356681,0.9900517167287499
ml,kmeans_templates,context,high,100000,3,0.0498498143472262,0.0487627254693241,0.05,,,,,oracle,2.229343965988877,-0.3003713055476087,0.8786157404438283,0.9969962869445239
ml,kmeans_templates,context,high,100000,4,0.049487120213416,0.0492230940860696,0.05,,,,,oracle,0.536386694596522,-1.0257595731680003,0.3398431169234943,0.98974240426832
ml,kmeans_templates,context,low,5000,0,0.0496727975130569,0.0493921732446926,0.05,,,,,oracle,0.568155337028944,-0.6544049738862051,0.46168462627542395,0.993455950261138
ml,kmeans_templates,context,low,5000,1,0.0497287683551492,0.0494842785581161,0.05,,,,,oracle,0.4940757027425634,-0.542463289701603,0.4740733604947515,0.994575367102984
ml,kmeans_templates,context,low,5000,2,0.0496580440386233,0.0494173384520355,0.05,,,,,oracle,0.487087314144668,-0.6839119227534107,0.41311390365245676,0.9931608807724659
ml,kmeans_templates,context,low,5000,3,0.0498210710306694,0.0494008502741158,0.05,,,,,oracle,0.8506346636178779,-0.3578579386612074,0.7013618439588739,0.9964214206133879
ml,kmeans_templates,context,low,5000,4,0.0496683100310818,0.0494797975761023,0.05,,,,,oracle,0.38098873522988674,-0.6633799378364114,0.3623828846606257,0.9933662006216359
ml,kmeans_templates,context,low,25000,0,0.0494776253377592,0.0493921732446926,0.05,,,,,oracle,0.17300735613164173,-1.0447493244816057,0.14058626462302695,0.9895525067551839
ml,kmeans_templates,context,low,25000,1,0.0496678186544603,0.0494842785581161,0.05,,,,,oracle,0.3709058749409539,-0.6643626910794037,0.35588998524811727,0.993356373089206
ml,kmeans_templates,context,low,25000,2,0.049650874875749,0.0494173384520355,0.05,,,,,oracle,0.4725799305038896,-0.6982502485020081,0.40080974028464267,0.9930174975149799
ml,kmeans_templates,context,low,25000,3,0.0497373488651298,0.0494008502741158,0.05,,,,,oracle,0.6811595127347674,-0.525302269740402,0.5616268796875583,0.994746977302596
ml,kmeans_templates,context,low,25000,4,0.0497317665258102,0.0494797975761023,0.05,,,,,oracle,0.5092360156089171,-0.5364669483796103,0.4843671196684941,0.9946353305162039
ml,kmeans_templates,context,low,50000,0,0.049689097120564,0.0493921732446926,0.05,,,,,oracle,0.6011557223862517,-0.62180575887201,0.48850083231566993,0.9937819424112799
ml,kmeans_templates,context,low,50000,1,0.0496632650332751,0.0494842785581161,0.05,,,,,oracle,0.3617037175732356,-0.6734699334497996,0.34706037139967266,0.993265300665502
ml,kmeans_templates,context,low,50000,2,0.0497321647636107,0.0494173384520355,0.05,,,,,oracle,0.6370766241908616,-0.5356704727786099,0.540324503436048,0.994643295272214
ml,kmeans_templates,context,low,50000,3,0.0495992547482275,0.0494008502741158,0.05,,,,,oracle,0.40162157738336957,-0.8014905035449993,0.331143394614599,0.99198509496455
ml,kmeans_templates,context,low,50000,4,0.0496611772916754,0.0494797975761023,0.05,,,,,oracle,0.3665732772938944,-0.6776454166492057,0.3486714156656258,0.9932235458335079
ml,kmeans_templates,context,low,100000,0,0.0494775962802525,0.0493921732446926,0.05,,,,,oracle,0.1729485259470385,-1.0448074394950047,0.14053845904940637,0.98955192560505
ml,kmeans_templates,context,low,100000,1,0.0496663711298405,0.0494842785581161,0.05,,,,,oracle,0.36798065371518496,-0.667257740319005,0.3530831897530281,0.99332742259681
ml,kmeans_templates,context,low,100000,2,0.0495813148051121,0.0494173384520355,0.05,,,,,oracle,0.33181947513373555,-0.8373703897757989,0.28142641924707035,0.9916262961022421
ml,kmeans_templates,context,low,100000,3,0.0497149056502037,0.0494008502741158,0.05,,,,,oracle,0.6357286855292262,-0.5701886995926053,0.5241684382387519,0.994298113004074
ml,kmeans_templates,context,low,100000,4,0.0497498313015187,0.0494797975761023,0.05,,,,,oracle,0.54574541256172,-0.5003373969626052,0.5190935547611051,0.994996626030374
ml,kmeans_templates,context,medium,5000,0,0.0496376529669613,0.049136977115994,0.05,,,,,oracle,1.0189390563961525,-0.7246940660774054,0.5801420335962014,0.992753059339226
ml,kmeans_templates,context,medium,5000,1,0.0497142560127541,0.0494402888742142,0.05,,,,,oracle,0.5541374146031548,-0.5714879744918022,0.48947952956137386,0.994285120255082
ml,kmeans_templates,context,medium,5000,2,0.0497397429426335,0.0492065579942153,0.05,,,,,oracle,1.0835648136187155,-0.5205141147330006,0.6719898171900929,0.99479485885267
ml,kmeans_templates,context,medium,5000,3,0.0496623318005771,0.0492010900159723,0.05,,,,,oracle,0.93746253275093,-0.6753363988458022,0.5773388664883761,0.993246636011542
ml,kmeans_templates,context,medium,5000,4,0.0496854926946565,0.0493947719733825,0.05,,,,,oracle,0.5885657725693352,-0.629014610687012,0.48034907256158954,0.9937098538931299
ml,kmeans_templates,context,medium,25000,0,0.0494489138235415,0.049136977115994,0.05,,,,,oracle,0.6348308867497887,-1.1021723529169996,0.3614466236393969,0.98897827647083
ml,kmeans_templates,context,medium,25000,1,0.049599137228459,0.0494402888742142,0.05,,,,,oracle,0.3212933376035578,-0.8017255430819992,0.2838041749157463,0.99198274456918
ml,kmeans_templates,context,medium,25000,2,0.049437289428774,0.0492065579942153,0.05,,,,,oracle,0.46890382900958877,-1.12542114245201,0.29079810859082117,0.9887457885754799
ml,kmeans_templates,context,medium,25000,3,0.0497276856870602,0.0492010900159723,0.05,,,,,oracle,1.0702926925337384,-0.5446286258796035,0.6591426839267539,0.9945537137412039
ml,kmeans_templates,context,medium,25000,4,0.0496800792224073,0.0493947719733825,0.05,,,,,oracle,0.5776061668602309,-0.6398415551853998,0.4714045557660792,0.9936015844481461
ml,kmeans_templates,context,medium,50000,0,0.0494073664346571,0.049136977115994,0.05,,,,,oracle,0.5502766644045233,-1.1852671306857991,0.31330492351257766,0.988147328693142
ml,kmeans_templates,context,medium,50000,1,0.0497147895561116,0.0494402888742142,0.05,,,,,oracle,0.5552165817553781,-0.5704208877768124,0.4904327772866997,0.9942957911222319
ml,kmeans_templates,context,medium,50000,2,0.049695035112321,0.0492065579942153,0.05,,,,,oracle,0.9927073504371613,-0.6099297753580091,0.6156431277199674,0.9939007022464199
ml,kmeans_templates,context,medium,50000,3,0.0497332168891626,0.0492010900159723,0.05,,,,,oracle,1.0815347241647546,-0.5335662216748027,0.6660661198744621,0.994664337783252
ml,kmeans_templates,context,medium,50000,4,0.0496638185217126,0.0493947719733825,0.05,,,,,oracle,0.5446862847652933,-0.6723629565748013,0.4445374908259798,0.993276370434252
ml,kmeans_templates,context,medium,100000,0,0.049601634330794,0.049136977115994,0.05,,,,,oracle,0.945636549238922,-0.7967313384120017,0.5384065977985946,0.99203268661588
ml,kmeans_templates,context,medium,100000,1,0.0497244989545673,0.0494402888742142,0.05,,,,,oracle,0.5748552179300275,-0.5510020908654073,0.5077799372919097,0.994489979091346
ml,kmeans_templates,context,medium,100000,2,0.0495241236734218,0.0492065579942153,0.05,,,,,oracle,0.6453726741948406,-0.9517526531564041,0.40023804750850545,0.990482473468436
ml,kmeans_templates,context,medium,100000,3,0.049709118271783,0.0492010900159723,0.05,,,,,oracle,1.0325548796698953,-0.5817634564340007,0.6359017485918478,0.99418236543566
ml,kmeans_templates,context,medium,100000,4,0.0498408136002906,0.0493947719733825,0.05,,,,,oracle,0.9030138394979589,-0.31837279941880625,0.7369811166890884,0.9968162720058119
ml,kmeans_templates,metadata,brutal,5000,0,0.0486617870953462,0.0483336438363672,0.05,,,,,oracle,0.67891272607115,-2.676425809307603,0.19692264243414798,0.973235741906924
ml,kmeans_templates,metadata,brutal,5000,1,0.0489598565185674,0.0486852170264628,0.05,,,,,oracle,0.5641126996626517,-2.0802869628652045,0.20888579912601762,0.9791971303713479
ml,kmeans_templates,metadata,brutal,5000,2,0.0478452278366073,0.0471111837169598,0.05,,,,,oracle,1.5581101168197797,-4.309544326785402,0.254098581469844,0.956904556732146
ml,kmeans_templates,metadata,brutal,5000,3,0.0483682982938861,0.0476569946382313,0.05,,,,,oracle,1.4925482839494397,-3.2634034122278055,0.3035860127600583,0.967365965877722
ml,kmeans_templates,metadata,brutal,5000,4,0.0479599655763414,0.0468878473517264,0.05,,,,,oracle,2.286558853027664,-4.080068847317208,0.3444940996739769,0.9591993115268279
ml,kmeans_templates,metadata,brutal,25000,0,0.0490466005810845,0.0483336438363672,0.05,,,,,oracle,1.4750734439369115,-1.9067988378310001,0.4278537567640967,0.98093201162169
ml,kmeans_templates,metadata,brutal,25000,1,0.0494234304754001,0.0486852170264628,0.05,,,,,oracle,1.5162989794952404,-1.1531390491998084,0.5614717134275471,0.988468609508002
ml,kmeans_templates,metadata,brutal,25000,2,0.0487334018289554,0.0471111837169598,0.05,,,,,oracle,3.443382195068071,-2.5331963420892056,0.5615511521170088,0.9746680365791079
ml,kmeans_templates,metadata,brutal,25000,3,0.0493133052296851,0.0476569946382313,0.05,,,,,oracle,3.4754826736914595,-1.3733895406298073,0.7069171152913931,0.9862661045937019
ml,kmeans_templates,metadata,brutal,25000,4,0.0487992731157993,0.0468878473517264,0.05,,,,,oracle,4.076590997523196,-2.4014537684014097,0.6141812372645725,0.9759854623159859
ml,kmeans_templates,metadata,brutal,50000,0,0.0490343252804257,0.0483336438363672,0.05,,,,,oracle,1.4496764333155723,-1.9313494391486052,0.42048720396661954,0.980686505608514
ml,kmeans_templates,metadata,brutal,50000,1,0.04890333749216,0.0486852170264628,0.05,,,,,oracle,0.448021964405826,-2.1933250156800086,0.16589845631357836,0.9780667498432
ml,kmeans_templates,metadata,brutal,50000,2,0.0485568899766295,0.0471111837169598,0.05,,,,,oracle,3.0687113878424013,-2.8862200467410086,0.5004493598839148,0.9711377995325899
ml,kmeans_templates,metadata,brutal,50000,3,0.0489778634498461,0.0476569946382313,0.05,,,,,oracle,2.771615838643703,-2.044273100307803,0.5637498032090266,0.979557268996922
ml,kmeans_templates,metadata,brutal,50000,4,0.0480224734972487,0.0468878473517264,0.05,,,,,oracle,2.419872546101263,-3.955053005502612,0.3645792073058191,0.9604494699449739
ml,kmeans_templates,metadata,brutal,100000,0,0.0493334315241313,0.0483336438363672,0.05,,,,,oracle,2.068512962003989,-1.3331369517374096,0.5999843908426352,0.9866686304826259
ml,kmeans_templates,metadata,brutal,100000,1,0.0491921237037202,0.0486852170264628,0.05,,,,,oracle,1.041192189780871,-1.6157525925596106,0.38554399278053486,0.983842474074404
ml,kmeans_templates,metadata,brutal,100000,2,0.0493070445464782,0.0471111837169598,0.05,,,,,oracle,4.661018162292322,-1.3859109070436109,0.760124775815603,0.9861408909295639
ml,kmeans_templates,metadata,brutal,100000,3,0.048740854891087,0.0476569946382313,0.05,,,,,oracle,2.274294174618826,-2.5182902178259994,0.4625940130318397,0.97481709782174
ml,kmeans_templates,metadata,brutal,100000,4,0.0488350222236525,0.0468878473517264,0.05,,,,,oracle,4.1528348642655315,-2.3299555526950093,0.6256681763364819,0.9767004444730499
ml,kmeans_templates,metadata,extreme,5000,0,0.049207749743138,0.0487495462989563,0.05,,,,,oracle,0.9399132483649505,-1.5845005137240102,0.3664297556952749,0.9841549948627599
ml,kmeans_templates,metadata,extreme,5000,1,0.0494802360138251,0.0490334445806698,0.05,,,,,oracle,0.9111973204742678,-1.03952797234981,0.4622512317658025,0.9896047202765019
ml,kmeans_templates,metadata,extreme,5000,2,0.0490001470168949,0.0481010572132755,0.05,,,,,oracle,1.8691684875717545,-1.9997059662101995,0.4734686110107876,0.980002940337898
ml,kmeans_templates,metadata,extreme,5000,3,0.0494836235899837,0.0484583491135662,0.05,,,,,oracle,2.1157849889080595,-1.032752820032609,0.6650497109557636,0.9896724717996739
ml,kmeans_templates,metadata,extreme,5000,4,0.0485738332843823,0.0480174153978949,0.05,,,,,oracle,1.158783499437986,-2.8523334312354067,0.280652783188469,0.9714766656876459
ml,kmeans_templates,metadata,extreme,25000,0,0.0494015620123607,0.0487495462989563,0.05,,,,,oracle,1.3374805775748444,-1.1968759752786078,0.5214233144819252,0.9880312402472139
ml,kmeans_templates,metadata,extreme,25000,1,0.0492038847791074,0.0490334445806698,0.05,,,,,oracle,0.3475998879850108,-1.5922304417852056,0.1763377402153629,0.984077695582148
ml,kmeans_templates,metadata,extreme,25000,2,0.0488959102333829,0.0481010572132755,0.05,,,,,oracle,1.6524647609783243,-2.2081795332342113,0.4185766025518048,0.9779182046676579
ml,kmeans_templates,metadata,extreme,25000,3,0.0491887199777455,0.0484583491135662,0.05,,,,,oracle,1.5072136742991662,-1.6225600445090027,0.47375892337649655,0.98377439955491
ml,kmeans_templates,metadata,extreme,25000,4,0.048346602013707,0.0480174153978949,0.05,,,,,oracle,0.6855567153798463,-3.306795972585999,0.16603912663428091,0.96693204027414
ml,kmeans_templates,metadata,extreme,50000,0,0.0495347288031178,0.0487495462989563,0.05,,,,,oracle,1.610645767544938,-0.9305423937644025,0.6279180936536403,0.990694576062356
ml,kmeans_templates,metadata,extreme,50000,1,0.0490739959248094,0.0490334445806698,0.05,,,,,oracle,0.08270139796702125,-1.8520081503812096,0.04195449461935615,0.9814799184961879
ml,kmeans_templates,metadata,extreme,50000,2,0.0493655785234708,0.0481010572132755,0.05,,,,,oracle,2.6288846513051425,-1.2688429530584022,0.6659080615990978,0.987311570469416
ml,kmeans_templates,metadata,extreme,50000,3,0.0497541318627813,0.0484583491135662,0.05,,,,,oracle,2.6740134010308925,-0.49173627443740986,0.8405163326001417,0.995082637255626
ml,kmeans_templates,metadata,extreme,50000,4,0.0487764450873951,0.0480174153978949,0.05,,,,,oracle,1.5807383283971537,-2.447109825209806,0.3828485748826381,0.975528901747902
ml,kmeans_templates,metadata,extreme,100000,0,0.0496678990630957,0.0487495462989563,0.05,,,,,oracle,1.8838180739316055,-0.664201873808612,0.7344156471950019,0.9933579812619139
ml,kmeans_templates,metadata,extreme,100000,1,0.0495330345122121,0.0490334445806698,0.05,,,,,oracle,1.0188758628213,-0.9339309755758002,0.5168766545104113,0.990660690244242
ml,kmeans_templates,metadata,extreme,100000,2,0.0493447787998852,0.0481010572132755,0.05,,,,,oracle,2.5856429331587427,-1.3104424002296082,0.6549547439262254,0.9868955759977039
ml,kmeans_templates,metadata,extreme,100000,3,0.0494392051913473,0.0484583491135662,0.05,,,,,oracle,2.0241219433257576,-1.1215896173054074,0.636237481788141,0.9887841038269459
ml,kmeans_templates,metadata,extreme,100000,4,0.0491858657361735,0.0480174153978949,0.05,,,,,oracle,2.433388654087838,-1.6282685276530067,0.5893571134558105,0.9837173147234699
ml,kmeans_templates,metadata,high,5000,0,0.0495913625650046,0.0492097793541848,0.05,,,,,oracle,0.7754215032613169,-0.8172748699908083,0.4828818543789768,0.991827251300092
ml,kmeans_templates,metadata,high,5000,1,0.0496566283569967,0.0493404184265193,0.05,,,,,oracle,0.6408740350435274,-0.6867432860066108,0.4794098913478017,0.9931325671399339
ml,kmeans_templates,metadata,high,5000,2,0.0492263872918418,0.0490257140623287,0.05,,,,,oracle,0.4093224001958832,-1.5472254163164112,0.2059695431843507,0.9845277458368359
ml,kmeans_templates,metadata,high,5000,3,0.0496180038631944,0.0491809027580983,0.05,,,,,oracle,0.8887618579228421,-0.7639922736112081,0.5336376229045522,0.992360077263888
ml,kmeans_templates,metadata,high,5000,4,0.0492693055570925,0.0490068696983157,0.05,,,,,oracle,0.5355083081052707,-1.4613888858149986,0.26425118469522635,0.98538611114185
ml,kmeans_templates,metadata,high,25000,0,0.0495550548111384,0.0492097793541848,0.05,,,,,oracle,0.7016399209362372,-0.8898903777232042,0.43693550501633466,0.991101096222768
ml,kmeans_templates,metadata,high,25000,1,0.0495299422969248,0.0493404184265193,0.05,,,,,oracle,0.38411484225198644,-0.9401154061504102,0.2873395468059424,0.9905988459384959
ml,kmeans_templates,metadata,high,25000,2,0.0493476729491628,0.0490257140623287,0.05,,,,,oracle,0.6567143242927066,-1.3046541016744073,0.33045625969274467,0.9869534589832559
ml,kmeans_templates,metadata,high,25000,3,0.0497530617674714,0.0491809027580983,0.05,,,,,oracle,1.1633763865363136,-0.4938764650572053,0.6985239115745475,0.9950612353494279
ml,kmeans_templates,metadata,high,25000,4,0.0495285644927628,0.0490068696983157,0.05,,,,,oracle,1.064534008514793,-0.9428710144744057,0.5253034708157939,0.990571289855256
ml,kmeans_templates,metadata,high,50000,0,0.0494670447187517,0.0492097793541848,0.05,,,,,oracle,0.5227931682343933,-1.065910562496608,0.32556143139173366,0.9893408943750339
ml,kmeans_templates,metadata,high,50000,1,0.0496009459112236,0.0493404184265193,0.05,,,,,oracle,0.5280204202003012,-0.7981081775528115,0.39498902816441006,0.9920189182244719
ml,kmeans_templates,metadata,high,50000,2,0.0494665936203027,0.0490257140623287,0.05,,,,,oracle,0.89928227748705,-1.066812759394603,0.4525155715864806,0.989331872406054
ml,kmeans_templates,metadata,high,50000,3,0.0497059141160917,0.0491809027580983,0.05,,,,,oracle,1.067510616012339,-0.5881717678166004,0.640963405974218,0.994118282321834
ml,kmeans_templates,metadata,high,50000,4,0.0493977562966575,0.0490068696983157,0.05,,,,,oracle,0.7976159276201108,-1.204487406685009,0.393590445965523,0.9879551259331499
ml,kmeans_templates,metadata,high,100000,0,0.049513881813365,0.0492097793541848,0.05,,,,,oracle,0.6179715966443171,-0.9722363732699996,0.38483233865205535,0.9902776362673
ml,kmeans_templates,metadata,high,100000,1,0.0494214023785886,0.0493404184265193,0.05,,,,,oracle,0.1641330873387389,-1.1571952428228032,0.12278079819897796,0.9884280475717719
ml,kmeans_templates,metadata,high,100000,2,0.0494111566099179,0.0490257140623287,0.05,,,,,oracle,0.7862048620019377,-1.1776867801642081,0.3956154273461706,0.9882231321983579
ml,kmeans_templates,metadata,high,100000,3,0.0494959457118854,0.0491809027580983,0.05,,,,,oracle,0.6405798513635932,-1.0081085762292108,0.3846221640981986,0.989918914237708
ml,kmeans_templates,metadata,high,100000,4,0.0493394995667813,0.0490068696983157,0.05,,,,,oracle,0.6787413081334412,-1.3210008664374107,0.33493074161716113,0.986789991335626
ml,kmeans_templates,metadata,low,5000,0,0.0496830912645483,0.0495645657207356,0.05,,,,,oracle,0.23913362719752781,-0.6338174709034083,0.2722007647466983,0.9936618252909659
ml,kmeans_templates,metadata,low,5000,1,0.049775708298553,0.0495587490547782,0.05,,,,,oracle,0.43778192128091376,-0.4485834028940122,0.4916912838922921,0.9955141659710599
ml,kmeans_templates,metadata,low,5000,2,0.0498429926545874,0.0495645025806952,0.05,,,,,oracle,0.5618740416869892,-0.31401469082520395,0.6394758305038037,0.996859853091748
ml,kmeans_templates,metadata,low,5000,3,0.0497222191519754,0.0495665836309931,0.05,,,,,oracle,0.3139928346503672,-0.5555616960492005,0.35909008545042354,0.994444383039508
ml,kmeans_templates,metadata,low,5000,4,0.0496529645190269,0.0495649042895053,0.05,,,,,oracle,0.17766649766383721,-0.6940709619462082,0.202392777951024,0.993059290380538
ml,kmeans_templates,metadata,low,25000,0,0.0496548772090912,0.0495645657207356,0.05,,,,,oracle,0.18220978443440564,-0.6902455818176001,0.20740555499711422,0.993097544181824
ml,kmeans_templates,metadata,low,25000,1,0.0496805896226438,0.0495587490547782,0.05,,,,,oracle,0.24585077345460676,-0.638820754712402,0.276125341339167,0.993611792452876
ml,kmeans_templates,metadata,low,25000,2,0.0496388658847166,0.0495645025806952,0.05,,,,,oracle,0.15003339113579608,-0.7222682305667999,0.17075486725068065,0.992777317694332
ml,kmeans_templates,metadata,low,25000,3,0.0497451091373397,0.0495665836309931,0.05,,,,,oracle,0.36017311113402334,-0.50978172532061,0.4119030085450075,0.9949021827467939
ml,kmeans_templates,metadata,low,25000,4,0.0496261108841618,0.0495649042895053,0.05,,,,,oracle,0.12348776928730693,-0.7477782316764048,0.1406738636584288,0.992522217683236
ml,kmeans_templates,metadata,low,50000,0,0.0497024299779704,0.0495645657207356,0.05,,,,,oracle,0.2781508427039867,-0.5951400440592086,0.3166132383231232,0.9940485995594079
ml,kmeans_templates,metadata,low,50000,1,0.049623490695995,0.0495587490547782,0.05,,,,,oracle,0.13063614891738876,-0.7530186080100115,0.14672295191175574,0.9924698139198999
ml,kmeans_templates,metadata,low,50000,2,0.0498027999494841,0.0495645025806952,0.05,,,,,oracle,0.4807823268294328,-0.394400101031811,0.5471843419171113,0.9960559989896819
ml,kmeans_templates,metadata,low,50000,3,0.0497750114606127,0.0495665836309931,0.05,,,,,oracle,0.4205006969438844,-0.44997707877460213,0.48089514961600577,0.995500229212254
ml,kmeans_templates,metadata,low,50000,4,0.049717281742005,0.0495649042895053,0.05,,,,,oracle,0.3074301356654964,-0.5654365159900032,0.3502159382965356,0.9943456348401
ml,kmeans_templates,metadata,low,100000,0,0.0497308150176076,0.0495645657207356,0.05,,,,,oracle,0.33541965808538937,-0.5383699647848045,0.38180112312896386,0.994616300352152
ml,kmeans_templates,metadata,low,100000,1,0.0496981240023,0.0495587490547782,0.05,,,,,oracle,0.2812317707368705,-0.603751995400012,0.3158632271070515,0.9939624800459999
ml,kmeans_templates,metadata,low,100000,2,0.0496670482016864,0.0495645025806952,0.05,,,,,oracle,0.2068932717003514,-0.6659035966272014,0.23546780404554676,0.993340964033728
ml,kmeans_templates,metadata,low,100000,3,0.0496624183368883,0.0495665836309931,0.05,,,,,oracle,0.19334539295396524,-0.6751633262234019,0.2211146434427207,0.993248366737766
ml,kmeans_templates,metadata,low,100000,4,0.0497790669853476,0.0495649042895053,0.05,,,,,oracle,0.43208536143111936,-0.4418660293048077,0.4922197362019397,0.995581339706952
ml,kmeans_templates,metadata,medium,5000,0,0.049633330579276,0.0494065197820925,0.05,,,,,oracle,0.459070580530363,-0.7333388414480085,0.38217077897421947,0.9926666115855199
ml,kmeans_templates,metadata,medium,5000,1,0.0496434835802832,0.0494612371841995,0.05,,,,,oracle,0.36846307625705044,-0.7130328394336083,0.33826832650451794,0.992869671605664
ml,kmeans_templates,metadata,medium,5000,2,0.0496443778924838,0.0493515662465463,0.05,,,,,oracle,0.5933178381304024,-0.7112442150324083,0.4515675570217008,0.992887557849676
ml,kmeans_templates,metadata,medium,5000,3,0.0497658381260815,0.0494196814887133,0.05,,,,,oracle,0.7004428740546558,-0.46832374783700725,0.5964942193566922,0.9953167625216299
ml,kmeans_templates,metadata,medium,5000,4,0.0495016520240017,0.0493398046090751,0.05,,,,,oracle,0.32802605565412196,-0.9966959519966123,0.24515077983179845,0.9900330404800339
ml,kmeans_templates,metadata,medium,25000,0,0.049719249096749,0.0494065197820925,0.05,,,,,oracle,0.6329717535980937,-0.56150180650201,0.5269414299252,0.9943849819349799
ml,kmeans_templates,metadata,medium,25000,1,0.0495772459016609,0.0494612371841995,0.05,,,,,oracle,0.23454471433734347,-0.8455081966782102,0.21532428382056984,0.9915449180332179
ml,kmeans_templates,metadata,medium,25000,2,0.0494031264911986,0.0493515662465463,0.05,,,,,oracle,0.10447539677813718,-1.193747017602803,0.07951505358517018,0.988062529823972
ml,kmeans_templates,metadata,medium,25000,3,0.0496766473052304,0.0494196814887133,0.05,,,,,oracle,0.51996655740444,-0.6467053895392039,0.44280134360585477,0.993532946104608
ml,kmeans_templates,metadata,medium,25000,4,0.0495134040174126,0.0493398046090751,0.05,,,,,oracle,0.351844539541561,-0.9731919651747994,0.2629515605892078,0.990268080348252
ml,kmeans_templates,metadata,medium,50000,0,0.0498303374000253,0.0494065197820925,0.05,,,,,oracle,0.8578171864807521,-0.3393251999494057,0.7141225691179733,0.996606748000506
ml,kmeans_templates,metadata,medium,50000,1,0.0496282910328078,0.0494612371841995,0.05,,,,,oracle,0.3377470077955667,-0.7434179343843994,0.31006937321776923,0.9925658206561561
ml,kmeans_templates,metadata,medium,50000,2,0.0497460774768146,0.0493515662465463,0.05,,,,,oracle,0.7993894829952092,-0.5078450463708029,0.608406376390877,0.994921549536292
ml,kmeans_templates,metadata,medium,50000,3,0.0495687491080938,0.0494196814887133,0.05,,,,,oracle,0.30163613946914203,-0.8625017838124055,0.2568720736651718,0.9913749821618759
ml,kmeans_templates,metadata,medium,50000,4,0.0495382902947506,0.0493398046090751,0.05,,,,,oracle,0.4022830800570158,-0.9234194104988103,0.3006468818230171,0.990765805895012
ml,kmeans_templates,metadata,medium,100000,0,0.0495936548597302,0.0494065197820925,0.05,,,,,oracle,0.3787659573332816,-0.8126902805396102,0.31531813865254255,0.9918730971946039
ml,kmeans_templates,metadata,medium,100000,1,0.0496425918209036,0.0494612371841995,0.05,,,,,oracle,0.36666013029296995,-0.7148163581928019,0.33661312805086857,0.992851836418072
ml,kmeans_templates,metadata,medium,100000,2,0.049462616729065,0.0493515662465463,0.05,,,,,oracle,0.22501916547880896,-1.0747665418700119,0.17125956495512432,0.9892523345812999
ml,kmeans_templates,metadata,medium,100000,3,0.0496407307381302,0.0494196814887133,0.05,,,,,oracle,0.4472899111407306,-0.7185385237396119,0.38091021588606433,0.9928146147626039
ml,kmeans_templates,metadata,medium,100000,4,0.0497852169334192,0.0493398046090751,0.05,,,,,oracle,0.9027444025633239,-0.4295661331615991,0.6746674249271908,0.995704338668384
ml,kmeans_templates,action,brutal,5000,0,0.04644794836018415,0.0466157293267131,0.05,,,,,mean_trials,-0.3599235042597664,-7.1041032796317065,-0.0495766984163828,0.928958967203683
ml,kmeans_templates,action,brutal,5000,1,0.04728880286759328,0.0472428440534382,0.05,,,,,mean_trials,0.09728206477809966,-5.4223942648134456,0.016668920817624895,0.9457760573518655
ml,kmeans_templates,action,brutal,5000,2,0.047037418344132914,0.0469590268046477,0.05,,,,,mean_trials,0.16693603939308813,-5.925163311734177,0.02577843816743527,0.9407483668826583
ml,kmeans_templates,action,brutal,5000,3,0.04666778480561114,0.046602650168757,0.05,,,,,mean_trials,0.13976595025878455,-6.664430388777731,0.019172190115702373,0.9333556961122227
ml,kmeans_templates,action,brutal,5000,4,0.04674703582777972,0.0467027704858169,0.05,,,,,mean_trials,0.09478097659380554,-6.505928344440568,0.01342501083786024,0.9349407165555943
ml,kmeans_templates,action,brutal,25000,0,0.04667211394143211,0.0466157293267131,0.05,,,,,mean_trials,0.12095619983509152,-6.6557721171357915,0.016660787555813943,0.9334422788286421
ml,kmeans_templates,action,brutal,25000,1,0.04737985325431012,0.0472428440534382,0.05,,,,,mean_trials,0.29001048437504595,-5.240293491379764,0.04969222036307929,0.9475970650862023
ml,kmeans_templates,action,brutal,25000,2,0.047014437350290476,0.0469590268046477,0.05,,,,,mean_trials,0.1179976447835916,-5.971125299419053,0.01822131997988896,0.9402887470058094
ml,kmeans_templates,action,brutal,25000,3,0.04680127183410235,0.046602650168757,0.05,,,,,mean_trials,0.42620251128659997,-6.397456331795309,0.058463707069189436,0.936025436682047
ml,kmeans_templates,action,brutal,25000,4,0.04669220595399669,0.0467027704858169,0.05,,,,,mean_trials,-0.022620781830103263,-6.61558809200663,-0.0032040632217948234,0.9338441190799337
ml,kmeans_templates,action,brutal,50000,0,0.046760924933706594,0.0466157293267131,0.05,,,,,mean_trials,0.3114734212906259,-6.478150132586818,0.04290307159517853,0.9352184986741319
ml,kmeans_templates,action,brutal,50000,1,0.0472972449924182,0.0472428440534382,0.05,,,,,mean_trials,0.11515170195610151,-5.405510015163608,0.019730816839663847,0.9459448998483639
ml,kmeans_templates,action,brutal,50000,2,0.047067325029580505,0.0469590268046477,0.05,,,,,mean_trials,0.2306228052453795,-5.865349940838995,0.03561301529994628,0.9413465005916101
ml,kmeans_templates,action,brutal,50000,3,0.04681447276119123,0.046602650168757,0.05,,,,,mean_trials,0.45452907005757054,-6.371054477617544,0.06234936140112877,0.9362894552238246
ml,kmeans_templates,action,brutal,50000,4,0.046875068501278566,0.0467027704858169,0.05,,,,,mean_trials,0.3689246133995261,-6.2498629974428725,0.052255390387755625,0.9375013700255713
ml,kmeans_templates,action,brutal,100000,0,0.046749102314514276,0.0466157293267131,0.05,,,,,mean_trials,0.2861115544635372,-6.501795370971452,0.03940966922472492,0.9349820462902855
ml,kmeans_templates,action,brutal,100000,1,0.04736482484541981,0.0472428440534382,0.05,,,,,mean_trials,0.2581995102657998,-5.270350309160385,0.044241527989638714,0.9472964969083961
ml,kmeans_templates,action,brutal,100000,2,0.04712691708507612,0.0469590268046477,0.05,,,,,mean_trials,0.3575250422604665,-5.746165829847771,0.0552093917450561,0.9425383417015223
ml,kmeans_templates,action,brutal,100000,3,0.04695092807898328,0.046602650168757,0.05,,,,,mean_trials,0.747334988386077,-6.098143842033443,0.10251458564067216,0.9390185615796656
ml,kmeans_templates,action,brutal,100000,4,0.046971016942051476,0.0467027704858169,0.05,,,,,mean_trials,0.5743694719696363,-6.057966115897053,0.08135510587925703,0.9394203388410295
ml,kmeans_templates,action,extreme,5000,0,0.047293085354951206,0.047214446646648,0.05,,,,,mean_trials,0.1665564544084086,-5.413829290097594,0.028230910820134382,0.9458617070990241
ml,kmeans_templates,action,extreme,5000,1,0.04763548251703528,0.0475615721433665,0.05,,,,,mean_trials,0.1553993493864948,-4.72903496592944,0.030310666550053586,0.9527096503407056
ml,kmeans_templates,action,extreme,5000,2,0.04742522681488454,0.0474672099741214,0.05,,,,,mean_trials,-0.0884466545637378,-5.14954637023092,-0.01657585461404035,0.9485045362976908
ml,kmeans_templates,action,extreme,5000,3,0.047169003384134406,0.0470871931671049,0.05,,,,,mean_trials,0.1737419700069523,-5.661993231731193,0.028086385992233502,0.9433800676826881
ml,kmeans_templates,action,extreme,5000,4,0.047397377195678346,0.0473316286445249,0.05,,,,,mean_trials,0.13891039255639934,-5.205245608643314,0.02463995538647212,0.9479475439135668
ml,kmeans_templates,action,extreme,25000,0,0.04733198625981441,0.047214446646648,0.05,,,,,mean_trials,0.24894840777458963,-5.33602748037118,0.04219614498676598,0.9466397251962883
ml,kmeans_templates,action,extreme,25000,1,0.04752483935192272,0.0475615721433665,0.05,,,,,mean_trials,-0.07723207999318911,-4.950321296154566,-0.015064128858212993,0.9504967870384543
ml,kmeans_templates,action,extreme,25000,2,0.04760444779977249,0.0474672099741214,0.05,,,,,mean_trials,0.2891213233849536,-4.79110440045502,0.05418444649926627,0.9520889559954498
ml,kmeans_templates,action,extreme,25000,3,0.04713046532809473,0.0470871931671049,0.05,,,,,mean_trials,0.09189794098846282,-5.739069343810549,0.01485582926445568,0.9426093065618946
ml,kmeans_templates,action,extreme,25000,4,0.047283992023068495,0.0473316286445249,0.05,,,,,mean_trials,-0.10064437421786095,-5.432015953863014,-0.017852320801848138,0.9456798404613699
ml,kmeans_templates,action,extreme,50000,0,0.047333608591884874,0.047214446646648,0.05,,,,,mean_trials,0.25238450029644555,-5.3327828162302575,0.04277855424793088,0.9466721718376975
ml,kmeans_templates,action,extreme,50000,1,0.04768216560178755,0.0475615721433665,0.05,,,,,mean_trials,0.2535522965000763,-4.635668796424907,0.04945541369738861,0.9536433120357509
ml,kmeans_templates,action,extreme,50000,2,0.04763482327919282,0.0474672099741214,0.05,,,,,mean_trials,0.3531138762164543,-4.730353441614363,0.06617733936048636,0.9526964655838563
ml,kmeans_templates,action,extreme,50000,3,0.04728224152740546,0.0470871931671049,0.05,,,,,mean_trials,0.41422804627230186,-5.435516945189081,0.0669623395886848,0.9456448305481092
ml,kmeans_templates,action,extreme,50000,4,0.04752983978865336,0.0473316286445249,0.05,,,,,mean_trials,0.41877102015037254,-4.940320422693281,0.0742816938586014,0.9505967957730672
ml,kmeans_templates,action,extreme,100000,0,0.04735171072157053,0.047214446646648,0.05,,,,,mean_trials,0.29072473505792235,-5.296578556858944,0.04927713007448031,0.9470342144314106
ml,kmeans_templates,action,extreme,100000,1,0.04766796065136924,0.0475615721433665,0.05,,,,,mean_trials,0.22368585227175722,-4.6640786972615285,0.043629959243336514,0.9533592130273847
ml,kmeans_templates,action,extreme,100000,2,0.04768364223534396,0.0474672099741214,0.05,,,,,mean_trials,0.45596162348820685,-4.632715529312089,0.08545211368142581,0.9536728447068791
ml,kmeans_templates,action,extreme,100000,3,0.04736636981170917,0.0470871931671049,0.05,,,,,mean_trials,0.5928929414278711,-5.267260376581664,0.09584454466786314,0.9473273962341834
ml,kmeans_templates,action,extreme,100000,4,0.04743515093136669,0.0473316286445249,0.05,,,,,mean_trials,0.2187169337004488,-5.12969813726663,0.03879605686419011,0.9487030186273337
ml,kmeans_templates,action,high,5000,0,0.04826408532177339,0.0482957077058575,0.05,,,,,mean_trials,-0.06547659323412604,-3.4718293564532234,-0.018554554399377376,0.9652817064354677
ml,kmeans_templates,action,high,5000,1,0.04840796434206112,0.048376614634751,0.05,,,,,mean_trials,0.0648034335325323,-3.1840713158777647,0.019311315711726642,0.9681592868412223
ml,kmeans_templates,action,high,5000,2,0.04844144254213353,0.0484063424369392,0.05,,,,,mean_trials,0.07251137645868393,-3.1171149157329516,0.02202487285092465,0.9688288508426705
ml,kmeans_templates,action,high,5000,3,0.04837445173601712,0.0481926027612877,0.05,,,,,mean_trials,0.3773379404930101,-3.251096527965763,0.10061372831297485,0.9674890347203424
ml,kmeans_templates,action,high,5000,4,0.04825614554933119,0.04838807517565,0.05,,,,,mean_trials,-0.27264904801420015,-3.4877089013376215,-0.08184601684014928,0.9651229109866238
ml,kmeans_templates,action,high,25000,0,0.048078896991972674,0.0482957077058575,0.05,,,,,mean_trials,-0.44892336024,-3.842206016054658,-0.1272145128097935,0.9615779398394534
ml,kmeans_templates,action,high,25000,1,0.04831427631038149,0.048376614634751,0.05,,,,,mean_trials,-0.12886045218371311,-3.37144737923703,-0.03840020102679115,0.9662855262076298
ml,kmeans_templates,action,high,25000,2,0.04848585611090582,0.0484063424369392,0.05,,,,,mean_trials,0.16426292498799597,-3.0282877781883655,0.04989382650932026,0.9697171222181163
ml,kmeans_templates,action,high,25000,3,0.04829595705350064,0.0481926027612877,0.05,,,,,mean_trials,0.2144609053901609,-3.4080858929987214,0.057184048973416085,0.9659191410700128
ml,kmeans_templates,action,high,25000,4,0.048191327288245114,0.04838807517565,0.05,,,,,mean_trials,-0.40660407898161427,-3.617345423509777,-0.12205773149763337,0.9638265457649022
ml,kmeans_templates,action,high,50000,0,0.04839667348566014,0.0482957077058575,0.05,,,,,mean_trials,0.20905745996635444,-3.206653028679729,0.05924205615999711,0.9679334697132027
ml,kmeans_templates,action,high,50000,1,0.04852132012250474,0.048376614634751,0.05,,,,,mean_trials,0.29912280726190776,-2.957359754990521,0.0891381004482238,0.9704264024500948
ml,kmeans_templates,action,high,50000,2,0.04846596166345028,0.0484063424369392,0.05,,,,,mean_trials,0.12316408038626919,-3.06807667309944,0.03741031190952897,0.9693192332690056
ml,kmeans_templates,action,high,50000,3,0.04845576777571428,0.0481926027612877,0.05,,,,,mean_trials,0.5460693121932328,-3.0884644485714428,0.1456044132357285,0.9691153555142856
ml,kmeans_templates,action,high,50000,4,0.04838670874624554,0.04838807517565,0.05,,,,,mean_trials,-0.0028238970025133356,-3.226582507508929,-0.0008477004534067402,0.9677341749249108
ml,kmeans_templates,action,high,100000,0,0.048436114613214426,0.0482957077058575,0.05,,,,,mean_trials,0.29072336658170395,-3.1277707735711533,0.08238428809394603,0.9687222922642885
ml,kmeans_templates,action,high,100000,1,0.048433446719727324,0.048376614634751,0.05,,,,,mean_trials,0.11747842507255432,-3.1331065605453565,0.03500837582554351,0.9686689343945465
ml,kmeans_templates,action,high,100000,2,0.04849383148926775,0.0484063424369392,0.05,,,,,mean_trials,0.18073882041910036,-3.0123370214645004,0.05489827573780744,0.969876629785355
ml,kmeans_templates,action,high,100000,3,0.04851795453261135,0.0481926027612877,0.05,,,,,mean_trials,0.6751072834460019,-2.9640909347772997,0.1800112141122072,0.970359090652227
ml,kmeans_templates,action,high,100000,4,0.048532687737234056,0.04838807517565,0.05,,,,,mean_trials,0.298859917570831,-2.9346245255318926,0.08971420962039782,0.9706537547446811
ml,kmeans_templates,action,low,5000,0,0.049389706961054665,0.0494143220917449,0.05,,,,,mean_trials,-0.0498137577290517,-1.2205860778906756,-0.042028443182312254,0.9877941392210933
ml,kmeans_templates,action,low,5000,1,0.04950265312255884,0.0494137412479531,0.05,,,,,mean_trials,0.17993350100650826,-0.9946937548823281,0.1516597821274415,0.9900530624511767
ml,kmeans_templates,action,low,5000,2,0.049432560504363524,0.049422432069098,0.05,,,,,mean_trials,0.02049359944764046,-1.1348789912729584,0.01753635325580719,0.9886512100872704
ml,kmeans_templates,action,low,5000,3,0.04959960867249938,0.0494175204532242,0.05,,,,,mean_trials,0.3684689511031468,-0.8007826550012476,0.3126087779100414,0.9919921734499876
ml,kmeans_templates,action,low,5000,4,0.0490395236579707,0.0494217371956612,0.05,,,,,mean_trials,-0.7733713126621085,-1.9209526840586049,-0.6609685679637219,0.9807904731594139
ml,kmeans_templates,action,low,25000,0,0.04939880868361357,0.0494143220917449,0.05,,,,,mean_trials,-0.03139455824674911,-1.2023826327728637,-0.02648795167560241,0.9879761736722714
ml,kmeans_templates,action,low,25000,1,0.04939694024538345,0.0494137412479531,0.05,,,,,mean_trials,-0.03400066893406018,-1.2061195092331056,-0.028657998726653585,0.9879388049076689
ml,kmeans_templates,action,low,25000,2,0.04939346434746034,0.049422432069098,0.05,,,,,mean_trials,-0.05861249725055434,-1.213071305079319,-0.05015465729272318,0.9878692869492068
ml,kmeans_templates,action,low,25000,3,0.04925714148300368,0.0494175204532242,0.05,,,,,mean_trials,-0.3245386833447528,-1.4857170339926395,-0.2753383721510277,0.9851428296600736
ml,kmeans_templates,action,low,25000,4,0.04947639981635904,0.0494217371956612,0.05,,,,,mean_trials,0.1106044097183946,-1.0472003672819252,0.09452902778407118,0.9895279963271808
ml,kmeans_templates,action,low,50000,0,0.04943497581196812,0.0494143220917449,0.05,,,,,mean_trials,0.0417970324167762,-1.1300483760637718,0.035264639372774007,0.9886995162393623
ml,kmeans_templates,action,low,50000,1,0.04932592124332606,0.0494137412479531,0.05,,,,,mean_trials,-0.17772385253398523,-1.3481575133478807,-0.14979734514907717,0.9865184248665212
ml,kmeans_templates,action,low,50000,2,0.049405393332925915,0.049422432069098,0.05,,,,,mean_trials,-0.034475713676460795,-1.1892133341481759,-0.029500834898287625,0.9881078666585182
ml,kmeans_templates,action,low,50000,3,0.049429463466700865,0.0494175204532242,0.05,,,,,mean_trials,0.024167569248985638,-1.141073066598275,0.02050374737237168,0.9885892693340173
ml,kmeans_templates,action,low,50000,4,0.04947982945968897,0.0494217371956612,0.05,,,,,mean_trials,0.11754395398482181,-1.0403410806220648,0.1004599700895369,0.9895965891937794
ml,kmeans_templates,action,low,100000,0,0.0494440241184291,0.0494143220917449,0.05,,,,,mean_trials,0.06010813348619216,-1.1119517631417997,0.050713926999045526,0.9888804823685821
ml,kmeans_templates,action,low,100000,1,0.04944189508203556,0.0494137412479531,0.05,,,,,mean_trials,0.05697571843667089,-1.1162098359288886,0.04802288065493381,0.9888379016407112
ml,kmeans_templates,action,low,100000,2,0.04938673287409644,0.049422432069098,0.05,,,,,mean_trials,-0.07223277671089162,-1.226534251807132,-0.06180951727325187,0.9877346574819287
ml,kmeans_templates,action,low,100000,3,0.049510920916028864,0.0494175204532242,0.05,,,,,mean_trials,0.189002730100695,-0.978158167942278,0.16034977248842897,0.9902184183205772
ml,kmeans_templates,action,low,100000,4,0.049418839365444306,0.0494217371956612,0.05,,,,,mean_trials,-0.005863473000603749,-1.1623212691113938,-0.005011268570542742,0.9883767873088861
ml,kmeans_templates,action,medium,5000,0,0.04885847301419617,0.0489544608348695,0.05,,,,,mean_trials,-0.1960757386280027,-2.2830539716076625,-0.09180700625532802,0.9771694602839234
ml,kmeans_templates,action,medium,5000,1,0.049100769808746204,0.0489734201804317,0.05,,,,,mean_trials,0.2600382571715677,-1.7984603825075967,0.12405233951321641,0.9820153961749241
ml,kmeans_templates,action,medium,5000,2,0.048977489278788824,0.048996904473098,0.05,,,,,mean_trials,-0.039625348821443855,-2.0450214424223567,-0.019355279520722513,0.9795497855757764
ml,kmeans_templates,action,medium,5000,3,0.04913814044316862,0.0489256006287711,0.05,,,,,mean_trials,0.4344143182016116,-1.723719113662772,0.19782198322995556,0.9827628088633723
ml,kmeans_templates,action,medium,5000,4,0.04887672500609698,0.0489931279488378,0.05,,,,,mean_trials,-0.23759034708372567,-2.2465499878060458,-0.11560847538319963,0.9775345001219395
ml,kmeans_templates,action,medium,25000,0,0.048869348985847966,0.0489544608348695,0.05,,,,,mean_trials,-0.1738592307422751,-2.261302028304074,-0.08140474490107577,0.9773869797169593
ml,kmeans_templates,action,medium,25000,1,0.04880072172902642,0.0489734201804317,0.05,,,,,mean_trials,-0.35263710553400396,-2.3985565419471637,-0.16822700788907327,0.9760144345805284
ml,kmeans_templates,action,medium,25000,2,0.049036336269571254,0.048996904473098,0.05,,,,,mean_trials,0.08047813815443204,-1.9273274608574975,0.03931011096723507,0.980726725391425
ml,kmeans_templates,action,medium,25000,3,0.04894197145501625,0.0489256006287711,0.05,,,,,mean_trials,0.03346065461590542,-2.11605708996751,0.015237188966729648,0.978839429100325
ml,kmeans_templates,action,medium,25000,4,0.04898852325042414,0.0489931279488378,0.05,,,,,mean_trials,-0.009398661825526088,-2.0229534991517277,-0.004573270663679154,0.9797704650084827
ml,kmeans_templates,action,medium,50000,0,0.048798625905633206,0.0489544608348695,0.05,,,,,mean_trials,-0.31832631098102876,-2.4027481887335944,-0.1490474335476866,0.9759725181126641
ml,kmeans_templates,action,medium,50000,1,0.04908998425576883,0.0489734201804317,0.05,,,,,mean_trials,0.2380149781405453,-1.8200314884623396,0.11354604202735015,0.9817996851153766
ml,kmeans_templates,action,medium,50000,2,0.04898395965283375,0.048996904473098,0.05,,,,,mean_trials,-0.026419669575970212,-2.0320806943324996,-0.01290487288306978,0.9796791930566751
ml,kmeans_templates,action,medium,50000,3,0.04898131068107438,0.0489256006287711,0.05,,,,,mean_trials,0.11386687457551517,-2.0373786378512504,0.05185227560172406,0.9796262136214875
ml,kmeans_templates,action,medium,50000,4,0.049122005739816496,0.0489931279488378,0.05,,,,,mean_trials,0.2630527920431663,-1.7559885203670134,0.12799818093067386,0.9824401147963299
ml,kmeans_templates,action,medium,100000,0,0.04903616589030486,0.0489544608348695,0.05,,,,,mean_trials,0.1669001231797079,-1.927668219390291,0.07814633651256918,0.9807233178060971
ml,kmeans_templates,action,medium,100000,1,0.048999304903291956,0.0489734201804317,0.05,,,,,mean_trials,0.05285463576954213,-2.001390193416094,0.025214525326573905,0.979986098065839
ml,kmeans_templates,action,medium,100000,2,0.049046856176255274,0.048996904473098,0.05,,,,,mean_trials,0.10194869184991302,-1.9062876474894574,0.04979755349079022,0.9809371235251054
ml,kmeans_templates,action,medium,100000,3,0.0490356502013041,0.0489256006287711,0.05,,,,,mean_trials,0.2249324916172528,-1.9286995973918086,0.10242892492307182,0.980713004026082
ml,kmeans_templates,action,medium,100000,4,0.04910098320318672,0.0489931279488378,0.05,,,,,mean_trials,0.22014363822932714,-1.798033593626569,0.10711912623299696,0.9820196640637343
ml,kmeans_templates,combined,brutal,5000,0,0.04562452644498384,0.0453757151109518,0.05,,,,,mean_trials,0.5483358960264343,-8.750947110032325,0.0538053645053974,0.9124905288996767
ml,kmeans_templates,combined,brutal,5000,1,0.047650074567349626,0.0477221012838836,0.05,,,,,mean_trials,-0.15092947417698527,-4.6998508653007525,-0.03161980645775702,0.9530014913469925
ml,kmeans_templates,combined,brutal,5000,2,0.04702908350232944,0.0472252309336187,0.05,,,,,mean_trials,-0.41534456774806044,-5.941832995341123,-0.07068964176722158,0.9405816700465888
ml,kmeans_templates,combined,brutal,5000,3,0.04801674977463385,0.0480277739082754,0.05,,,,,mean_trials,-0.022953663566853376,-3.96650045073231,-0.005589690597752177,0.9603349954926769
ml,kmeans_templates,combined,brutal,5000,4,0.046652974700687674,0.0466125840939772,0.05,,,,,mean_trials,0.086651721837695,-6.694050598624656,0.011923722339102367,0.9330594940137534
ml,kmeans_templates,combined,brutal,25000,0,0.04536659997996744,0.0453757151109518,0.05,,,,,mean_trials,-0.02008812635144405,-9.266800040065123,-0.001971143907233496,0.9073319995993487
ml,kmeans_templates,combined,brutal,25000,1,0.04778796382767135,0.0477221012838836,0.05,,,,,mean_trials,0.13801266502486026,-4.424072344657303,0.028913727955402722,0.955759276553427
ml,kmeans_templates,combined,brutal,25000,2,0.04732001617664957,0.0472252309336187,0.05,,,,,mean_trials,0.20070890317953013,-5.359967646700867,0.03415968708144781,0.9464003235329913
ml,kmeans_templates,combined,brutal,25000,3,0.04808163698563007,0.0480277739082754,0.05,,,,,mean_trials,0.11214985199508634,-3.83672602873987,0.027310802539664877,0.9616327397126013
ml,kmeans_templates,combined,brutal,25000,4,0.04665808902834836,0.0466125840939772,0.05,,,,,mean_trials,0.09762371096915497,-6.68382194330329,0.013433524442703102,0.9331617805669671
ml,kmeans_templates,combined,brutal,50000,0,0.04559954479632906,0.0453757151109518,0.05,,,,,mean_trials,0.49328078869931374,-8.80091040734189,0.048403091666639655,0.9119908959265811
ml,kmeans_templates,combined,brutal,50000,1,0.04805284939480693,0.0477221012838836,0.05,,,,,mean_trials,0.6930711390008091,-3.894301210386142,0.14519877841066847,0.9610569878961386
ml,kmeans_templates,combined,brutal,50000,2,0.047207363523463296,0.0472252309336187,0.05,,,,,mean_trials,-0.0378344579839587,-5.585272953073415,-0.00643924223168205,0.9441472704692658
ml,kmeans_templates,combined,brutal,50000,3,0.04809424089643066,0.0480277739082754,0.05,,,,,mean_trials,0.13839281471217132,-3.811518207138681,0.03370150533661103,0.9618848179286132
ml,kmeans_templates,combined,brutal,50000,4,0.04686299440966069,0.0466125840939772,0.05,,,,,mean_trials,0.5372161199615797,-6.27401118067862,0.07392369954875186,0.9372598881932138
ml,kmeans_templates,combined,brutal,100000,0,0.04550662632390909,0.0453757151109518,0.05,,,,,mean_trials,0.28850501339138485,-8.986747352181828,0.02830950430137384,0.9101325264781818
ml,kmeans_templates,combined,brutal,100000,1,0.04791059693675641,0.0477221012838836,0.05,,,,,mean_trials,0.3949860710271485,-4.1788061264871885,0.08274979547561935,0.9582119387351281
ml,kmeans_templates,combined,brutal,100000,2,0.04734548455578281,0.0472252309336187,0.05,,,,,mean_trials,0.25463850527938764,-5.309030888434387,0.04333824519708006,0.9469096911156561
ml,kmeans_templates,combined,brutal,100000,3,0.048238916717745925,0.0480277739082754,0.05,,,,,mean_trials,0.43962647503456737,-3.5221665645081557,0.10705811588056334,0.9647783343549184
ml,kmeans_templates,combined,brutal,100000,4,0.046870329129902036,0.0466125840939772,0.05,,,,,mean_trials,0.5529516136783744,-6.259341740195934,0.07608898436904876,0.9374065825980407
ml,kmeans_templates,combined,extreme,5000,0,0.0449738031083708,0.0451021576054243,0.05,,,,,mean_trials,-0.28458615700030926,-10.052393783258408,-0.02620633469048547,0.8994760621674159
ml,kmeans_templates,combined,extreme,5000,1,0.04785190225224794,0.0477720022195072,0.05,,,,,mean_trials,0.16725284482239083,-4.296195495504127,0.03586180984573001,0.9570380450449587
ml,kmeans_templates,combined,extreme,5000,2,0.04678925718421641,0.0468224388100205,0.05,,,,,mean_trials,-0.07086693185446591,-6.421485631567192,-0.010442482086178267,0.9357851436843281
ml,kmeans_templates,combined,extreme,5000,3,0.047762455112541,0.0476569546621607,0.05,,,,,mean_trials,0.22137472091573576,-4.475089774918006,0.04502706314577205,0.9552491022508199
ml,kmeans_templates,combined,extreme,5000,4,0.046287448418153535,0.0463574283847847,0.05,,,,,mean_trials,-0.1509573957604114,-7.4251031636929365,-0.019211692733468046,0.9257489683630706
ml,kmeans_templates,combined,extreme,25000,0,0.04539038015933491,0.0451021576054243,0.05,,,,,mean_trials,0.6390438267546338,-9.21923968133019,0.058846841260105094,0.9078076031866981
ml,kmeans_templates,combined,extreme,25000,1,0.04777532326282582,0.0477720022195072,0.05,,,,,mean_trials,0.00695186126668977,-4.449353474348369,0.0014905954340248605,0.9555064652565163
ml,kmeans_templates,combined,extreme,25000,2,0.046912818923547484,0.0468224388100205,0.05,,,,,mean_trials,0.19302735146644728,-6.174362152905038,0.028443233071953396,0.9382563784709497
ml,kmeans_templates,combined,extreme,25000,3,0.04780732777239532,0.0476569546621607,0.05,,,,,mean_trials,0.31553235262430773,-4.38534445520937,0.06417848933870217,0.9561465554479063
ml,kmeans_templates,combined,extreme,25000,4,0.04652104124425781,0.0463574283847847,0.05,,,,,mean_trials,0.3529377387266909,-6.95791751148439,0.044916854562222164,0.9304208248851561
ml,kmeans_templates,combined,extreme,50000,0,0.045713983131791244,0.0451021576054243,0.05,,,,,mean_trials,1.356532722269065,-8.572033736417517,0.12491735688443854,0.9142796626358248
ml,kmeans_templates,combined,extreme,50000,1,0.047752530940001,0.0477720022195072,0.05,,,,,mean_trials,-0.04075876790076247,-4.494938119998001,-0.008739362164844364,0.95505061880002
ml,kmeans_templates,combined,extreme,50000,2,0.04703498414962569,0.0468224388100205,0.05,,,,,mean_trials,0.45393906213979346,-5.930031700748628,0.0668894560631756,0.9406996829925137
ml,kmeans_templates,combined,extreme,50000,3,0.047704824162260503,0.0476569546621607,0.05,,,,,mean_trials,0.10044599038932905,-4.590351675478998,0.020430462580781704,0.95409648324521
ml,kmeans_templates,combined,extreme,50000,4,0.04655321531301505,0.0463574283847847,0.05,,,,,mean_trials,0.4223420820612446,-6.893569373969899,0.053749644183393175,0.931064306260301
ml,kmeans_templates,combined,extreme,100000,0,0.045374652423158454,0.0451021576054243,0.05,,,,,mean_trials,0.6041724658010245,-9.250695153683097,0.05563568522252588,0.907493048463169
ml,kmeans_templates,combined,extreme,100000,1,0.04790432882916576,0.0477720022195072,0.05,,,,,mean_trials,0.2769961557201126,-4.191342341668485,0.05939261287293241,0.9580865765833152
ml,kmeans_templates,combined,extreme,100000,2,0.04711193720685418,0.0468224388100205,0.05,,,,,mean_trials,0.6182898716752029,-5.776125586291647,0.09110710369531669,0.9422387441370835
ml,kmeans_templates,combined,extreme,100000,3,0.04779674396519828,0.0476569546621607,0.05,,,,,mean_trials,0.2933240363941409,-4.406512069603449,0.05966137350397402,0.9559348793039655
ml,kmeans_templates,combined,extreme,100000,4,0.04673557804657541,0.0463574283847847,0.05,,,,,mean_trials,0.8157261413465764,-6.528843906849185,0.1038139264609505,0.9347115609315082
ml,kmeans_templates,combined,high,5000,0,0.04595676483003771,0.0456478618068448,0.05,,,,,mean_trials,0.6767086364307929,-8.086470339924587,0.0709773011525087,0.9191352966007541
ml,kmeans_templates,combined,high,5000,1,0.04811293513060003,0.0479894558651901,0.05,,,,,mean_trials,0.25730499165651194,-3.774129738799939,0.061415844234430535,0.9622587026120006
ml,kmeans_templates,combined,high,5000,2,0.046633837611967044,0.0467197937920064,0.05,,,,,mean_trials,-0.18398236178444644,-6.7323247760659175,-0.026204505018583336,0.9326767522393409
ml,kmeans_templates,combined,high,5000,3,0.04746746895665518,0.0472903071338551,0.05,,,,,mean_trials,0.3746260778104571,-5.065062086689651,0.0653807761807814,0.9493493791331035
ml,kmeans_templates,combined,high,5000,4,0.04705276878556372,0.046938630668035,0.05,,,,,mean_trials,0.2431645659540941,-5.894462428872565,0.037283354326758285,0.9410553757112744
ml,kmeans_templates,combined,high,25000,0,0.045913188968673364,0.0456478618068448,0.05,,,,,mean_trials,0.5812477328100873,-8.173622062653276,0.0609647832979795,0.9182637793734673
ml,kmeans_templates,combined,high,25000,1,0.04808641001685608,0.0479894558651901,0.05,,,,,mean_trials,0.2020321962773261,-3.8271799662878414,0.04822284176076975,0.9617282003371216
ml,kmeans_templates,combined,high,25000,2,0.047279340910240115,0.0467197937920064,0.05,,,,,mean_trials,1.1976660700275856,-5.441318179519774,0.17058290935190082,0.9455868182048023
ml,kmeans_templates,combined,high,25000,3,0.047400389830402366,0.0472903071338551,0.05,,,,,mean_trials,0.23278067582788142,-5.199220339195274,0.04062552546919605,0.9480077966080472
ml,kmeans_templates,combined,high,25000,4,0.04742185288626431,0.046938630668035,0.05,,,,,mean_trials,1.0294765981709544,-5.15629422747138,0.15784512282911925,0.9484370577252862
ml,kmeans_templates,combined,high,50000,0,0.04639560180586127,0.0456478618068448,0.05,,,,,mean_trials,1.6380613886811868,-7.208796388277469,0.1718098014884899,0.9279120361172253
ml,kmeans_templates,combined,high,50000,1,0.04806140169358256,0.0479894558651901,0.05,,,,,mean_trials,0.1499200753485718,-3.8771966128348794,0.035784257180340444,0.9612280338716512
ml,kmeans_templates,combined,high,50000,2,0.046958805250470914,0.0467197937920064,0.05,,,,,mean_trials,0.5115850029830562,-6.082389499058177,0.07286476620953332,0.9391761050094183
ml,kmeans_templates,combined,high,50000,3,0.047530841930304484,0.0472903071338551,0.05,,,,,mean_trials,0.5086344560388518,-4.938316139391039,0.0887682878951504,0.9506168386060896
ml,kmeans_templates,combined,high,50000,4,0.04723847877318978,0.046938630668035,0.05,,,,,mean_trials,0.6388088039367993,-5.523042453620439,0.09794574670359102,0.9447695754637956
ml,kmeans_templates,combined,high,100000,0,0.046977466128271764,0.0456478618068448,0.05,,,,,mean_trials,2.912741733781702,-6.045067743456478,0.30550599783758986,0.9395493225654352
ml,kmeans_templates,combined,high,100000,1,0.04818292759135276,0.0479894558651901,0.05,,,,,mean_trials,0.40315465694412284,-3.6341448172944877,0.09622853973357377,0.9636585518270552
ml,kmeans_templates,combined,high,100000,2,0.04743032663906259,0.0467197937920064,0.05,,,,,mean_trials,1.5208390050252292,-5.139346721874826,0.21661224996302877,0.9486065327812517
ml,kmeans_templates,combined,high,100000,3,0.047793399703618,0.0472903071338551,0.05,,,,,mean_trials,1.0638386600850316,-4.41320059276401,0.18566405663482174,0.9558679940723599
ml,kmeans_templates,combined,high,100000,4,0.04757149544361403,0.046938630668035,0.05,,,,,mean_trials,1.3482812910646187,-4.85700911277194,0.2067260454238684,0.9514299088722806
ml,kmeans_templates,combined,low,5000,0,0.04919086173730488,0.0491980080391786,0.05,,,,,mean_trials,-0.014525591906137914,-1.618276525390247,-0.008910690160036934,0.9838172347460975
ml,kmeans_templates,combined,low,5000,1,0.04942959193674166,0.0493234520724208,0.05,,,,,mean_trials,0.21519147557841795,-1.1408161265166887,0.15688447188160334,0.9885918387348331
ml,kmeans_templates,combined,low,5000,2,0.04919373972882825,0.0492421747865324,0.05,,,,,mean_trials,-0.09836092316012059,-1.6125205423435096,-0.06391323070728644,0.9838747945765649
ml,kmeans_templates,combined,low,5000,3,0.04946172730752679,0.0492054216827995,0.05,,,,,mean_trials,0.5208889914196011,-1.0765453849464202,0.32256810836510547,0.9892345461505359
ml,kmeans_templates,combined,low,5000,4,0.04930050067542349,0.049313461619669,0.05,,,,,mean_trials,-0.026282771113228798,-1.3989986491530215,-0.018878688529050083,0.9860100135084698
ml,kmeans_templates,combined,low,25000,0,0.0491688204269264,0.0491980080391786,0.05,,,,,mean_trials,-0.05932681711210111,-1.6623591461472076,-0.03639389629580104,0.9833764085385279
ml,kmeans_templates,combined,low,25000,1,0.049269753209880494,0.0493234520724208,0.05,,,,,mean_trials,-0.10887085206741556,-1.4604935802390167,-0.079371852830074,0.9853950641976098
ml,kmeans_templates,combined,low,25000,2,0.04921120661676686,0.0492421747865324,0.05,,,,,mean_trials,-0.06288952488347628,-1.577586766466285,-0.04086452814606059,0.9842241323353371
ml,kmeans_templates,combined,low,25000,3,0.0493291583307492,0.0492054216827995,0.05,,,,,mean_trials,0.25146954079036815,-1.3416833385016118,0.15572618239276229,0.9865831666149839
ml,kmeans_templates,combined,low,25000,4,0.04934827322627213,0.049313461619669,0.05,,,,,mean_trials,0.07059250245220393,-1.3034535474557434,0.05070598760457884,0.9869654645254425
ml,kmeans_templates,combined,low,50000,0,0.04911624022094924,0.0491980080391786,0.05,,,,,mean_trials,-0.16620148149950964,-1.7675195581015324,-0.10195590756996585,0.9823248044189847
ml,kmeans_templates,combined,low,50000,1,0.049407578172344105,0.0493234520724208,0.05,,,,,mean_trials,0.17056004068770705,-1.1848436553117958,0.12434610541831027,0.988151563446882
ml,kmeans_templates,combined,low,50000,2,0.04929109644613044,0.0492421747865324,0.05,,,,,mean_trials,0.09934910431985274,-1.41780710773913,0.06455533377437275,0.9858219289226087
ml,kmeans_templates,combined,low,50000,3,0.049141988657611047,0.0492054216827995,0.05,,,,,mean_trials,-0.12891470699584343,-1.7160226847779125,-0.07983231333563223,0.9828397731522209
ml,kmeans_templates,combined,low,50000,4,0.04906589283642478,0.049313461619669,0.05,,,,,mean_trials,-0.5020308352181703,-1.8682143271504386,-0.3606044328138725,0.9813178567284956
ml,kmeans_templates,combined,low,100000,0,0.04927602618692984,0.0491980080391786,0.05,,,,,mean_trials,0.15857989146453158,-1.447947626140325,0.09728046110503955,0.9855205237385968
ml,kmeans_templates,combined,low,100000,1,0.049375947250964905,0.0493234520724208,0.05,,,,,mean_trials,0.10643046327541095,-1.2481054980701956,0.07759269728596922,0.987518945019298
ml,kmeans_templates,combined,low,100000,2,0.049265483841126625,0.0492421747865324,0.05,,,,,mean_trials,0.04733555066418202,-1.4690323177467546,0.03075782407340109,0.9853096768225325
ml,kmeans_templates,combined,low,100000,3,0.049424741323079426,0.0492054216827995,0.05,,,,,mean_trials,0.4457225093888289,-1.1505173538411544,0.27602016759360565,0.9884948264615885
ml,kmeans_templates,combined,low,100000,4,0.04939567764324678,0.049313461619669,0.05,,,,,mean_trials,0.16672125800430368,-1.208644713506443,0.11975444626729029,0.9879135528649355
ml,kmeans_templates,combined,medium,5000,0,0.047994082687952896,0.047819037623913,0.05,,,,,mean_trials,0.36605727078112876,-4.011834624094212,0.08026046939606359,0.9598816537590579
ml,kmeans_templates,combined,medium,5000,1,0.048778354644219195,0.048585671698699,0.05,,,,,mean_trials,0.39658388735491334,-2.4432907115616156,0.13623636417580864,0.9755670928843838
ml,kmeans_templates,combined,medium,5000,2,0.048250299724871305,0.0480506136646491,0.05,,,,,mean_trials,0.41557442245345555,-3.499400550257395,0.10243534419064332,0.9650059944974261
ml,kmeans_templates,combined,medium,5000,3,0.04844476120389824,0.0481034871888418,0.05,,,,,mean_trials,0.7094579520122763,-3.1104775922035226,0.17994817279827793,0.9688952240779648
ml,kmeans_templates,combined,medium,5000,4,0.0482598443439219,0.0482533546384371,0.05,,,,,mean_trials,0.013449231734100906,-3.4803113121562035,0.0037155255598044982,0.965196886878438
ml,kmeans_templates,combined,medium,25000,0,0.04792347406087541,0.047819037623913,0.05,,,,,mean_trials,0.21839928645946713,-4.153051878249186,0.04788548308191627,0.9584694812175082
ml,kmeans_templates,combined,medium,25000,1,0.04868598646237964,0.048585671698699,0.05,,,,,mean_trials,0.2064698504175046,-2.628027075240721,0.07092749511437103,0.9737197292475928
ml,kmeans_templates,combined,medium,25000,2,0.048266213713090124,0.0480506136646491,0.05,,,,,mean_trials,0.44869364197036793,-3.4675725738197576,0.1105989328699258,0.9653242742618025
ml,kmeans_templates,combined,medium,25000,3,0.04811172547446828,0.0481034871888418,0.05,,,,,mean_trials,0.017126171319222908,-3.776549051063449,0.0043439124576492285,0.9622345094893655
ml,kmeans_templates,combined,medium,25000,4,0.048332067310465715,0.0482533546384371,0.05,,,,,mean_trials,0.16312373019121637,-3.3358653790685753,0.04506505657117632,0.9666413462093143
ml,kmeans_templates,combined,medium,50000,0,0.0480367357174163,0.047819037623913,0.05,,,,,mean_trials,0.45525402500871903,-3.9265285651674113,0.09981744567913317,0.9607347143483259
ml,kmeans_templates,combined,medium,50000,1,0.0487165463791836,0.048585671698699,0.05,,,,,mean_trials,0.26936888162463496,-2.566907241632804,0.09253486645513209,0.974330927583672
ml,kmeans_templates,combined,medium,50000,2,0.04814795170296467,0.0480506136646491,0.05,,,,,mean_trials,0.20257397542287808,-3.7040965940706716,0.049932656523955156,0.9629590340592933
ml,kmeans_templates,combined,medium,50000,3,0.04845524205536817,0.0481034871888418,0.05,,,,,mean_trials,0.7312460843960771,-3.0895158892636636,0.1854745533258784,0.9691048411073634
ml,kmeans_templates,combined,medium,50000,4,0.04842170519000473,0.0482533546384371,0.05,,,,,mean_trials,0.3488888033362281,-3.1565896199905463,0.09638507923382283,0.9684341038000945
ml,kmeans_templates,combined,medium,100000,0,0.04826960902451459,0.047819037623913,0.05,,,,,mean_trials,0.9422427196156534,-3.460781950970826,0.20659292683901673,0.9653921804902917
ml,kmeans_templates,combined,medium,100000,1,0.04877322664311204,0.048585671698699,0.05,,,,,mean_trials,0.38602933304318726,-2.453546713775928,0.13261061398581456,0.9754645328622408
ml,kmeans_templates,combined,medium,100000,2,0.04830584825033109,0.0480506136646491,0.05,,,,,mean_trials,0.5311786181614689,-3.3883034993378303,0.1309307349977114,0.9661169650066217
ml,kmeans_templates,combined,medium,100000,3,0.04864208522089328,0.0481034871888418,0.05,,,,,mean_trials,1.119665254074169,-2.7158295582134504,0.2839938801797797,0.9728417044178655
ml,kmeans_templates,combined,medium,100000,4,0.04859486509777147,0.0482533546384371,0.05,,,,,mean_trials,0.7077444913277302,-2.8102698044570604,0.1955236402590552,0.9718973019554294
ml,kmeans_templates,context,brutal,5000,0,0.046485127446979406,0.0466604711186673,0.05,,,,,mean_trials,-0.37578632937922707,-7.029745106041194,-0.05250551138156948,0.929702548939588
ml,kmeans_templates,context,brutal,5000,1,0.049321738247736016,0.0493162344238843,0.05,,,,,mean_trials,0.011160267842849422,-1.3565235045279733,0.008049284789940488,0.9864347649547203
ml,kmeans_templates,context,brutal,5000,2,0.04753973085092628,0.046883262473433,0.05,,,,,mean_trials,1.4002190608327998,-4.920538298147439,0.2106267762035008,0.9507946170185256
ml,kmeans_templates,context,brutal,5000,3,0.04809307196058966,0.0481144194008443,0.05,,,,,mean_trials,-0.04436807202596856,-3.8138560788206903,-0.011321414881019586,0.9618614392117931
ml,kmeans_templates,context,brutal,5000,4,0.048582173309810385,0.0484927499264902,0.05,,,,,mean_trials,0.18440567601495592,-2.8356533803792354,0.059328829961144885,0.9716434661962077
ml,kmeans_templates,context,brutal,25000,0,0.046970442486654225,0.0466604711186673,0.05,,,,,mean_trials,0.6643125552646115,-6.059115026691555,0.09281889122732331,0.9394088497330845
ml,kmeans_templates,context,brutal,25000,1,0.04930141068505868,0.0493162344238843,0.05,,,,,mean_trials,-0.030058537515677698,-1.397178629882645,-0.02167956291370027,0.9860282137011736
ml,kmeans_templates,context,brutal,25000,2,0.04720457530718656,0.046883262473433,0.05,,,,,mean_trials,0.6853465753063419,-5.5908493856268855,0.10309268297849697,0.9440915061437312
ml,kmeans_templates,context,brutal,25000,3,0.0483374960177491,0.0481144194008443,0.05,,,,,mean_trials,0.4636377611591551,-3.3250079645018027,0.11830659320778263,0.966749920354982
ml,kmeans_templates,context,brutal,25000,4,0.048585098258509915,0.0484927499264902,0.05,,,,,mean_trials,0.19043739973440663,-2.8298034829801755,0.061269416165741275,0.9717019651701982
ml,kmeans_templates,context,brutal,50000,0,0.046891215607970896,0.0466604711186673,0.05,,,,,mean_trials,0.49451813016796237,-6.217568784058214,0.06909492251838609,0.9378243121594179
ml,kmeans_templates,context,brutal,50000,1,0.04934500700179302,0.0493162344238843,0.05,,,,,mean_trials,0.05834301471886591,-1.3099859964139648,0.04207959410909074,0.9869001400358604
ml,kmeans_templates,context,brutal,50000,2,0.04756248371076573,0.046883262473433,0.05,,,,,mean_trials,1.4487499408080078,-4.875032578468552,0.21792699306343805,0.9512496742153145
ml,kmeans_templates,context,brutal,50000,3,0.04794173019821153,0.0481144194008443,0.05,,,,,mean_trials,-0.35891361629885543,-4.116539603576941,-0.09158410025542936,0.9588346039642306
ml,kmeans_templates,context,brutal,50000,4,0.04859703533152744,0.0484927499264902,0.05,,,,,mean_trials,0.21505360119879344,-2.8059293369451233,0.06918918557051515,0.9719407066305488
ml,kmeans_templates,context,brutal,100000,0,0.04743148302188975,0.0466604711186673,0.05,,,,,mean_trials,1.6523877379240477,-5.137033956220504,0.2308744528404148,0.948629660437795
ml,kmeans_templates,context,brutal,100000,1,0.04927947232476563,0.0493162344238843,0.05,,,,,mean_trials,-0.07454360526129315,-1.4410553504687478,-0.05376418527459444,0.9855894464953125
ml,kmeans_templates,context,brutal,100000,2,0.047190478353359065,0.046883262473433,0.05,,,,,mean_trials,0.6552783738122958,-5.619043293281876,0.09856969902257119,0.9438095670671812
ml,kmeans_templates,context,brutal,100000,3,0.0481285780070123,0.0481144194008443,0.05,,,,,mean_trials,0.029426950058446543,-3.742843985975408,0.0075088840934923184,0.9625715601402459
ml,kmeans_templates,context,brutal,100000,4,0.04847126370972554,0.0484927499264902,0.05,,,,,mean_trials,-0.04430810130839507,-3.05747258054892,-0.014255243467743107,0.9694252741945109
ml,kmeans_templates,context,extreme,5000,0,0.04773198217913896,0.0471409906431615,0.05,,,,,mean_trials,1.2536680453981826,-4.536035641722085,0.20671199783374672,0.9546396435827792
ml,kmeans_templates,context,extreme,5000,1,0.04936906110826057,0.049408615419236,0.05,,,,,mean_trials,-0.08005549364176401,-1.2618777834788597,-0.06688424463879421,0.9873812221652114
ml,kmeans_templates,context,extreme,5000,2,0.04749669643585316,0.0472092083079514,0.05,,,,,mean_trials,0.6089662127490766,-5.006607128293692,0.10301310868914099,0.9499339287170631
ml,kmeans_templates,context,extreme,5000,3,0.04830561905439096,0.048278926861906,0.05,,,,,mean_trials,0.05528746022319213,-3.3887618912180892,0.01550904019948882,0.9661123810878192
ml,kmeans_templates,context,extreme,5000,4,0.04888014674354836,0.0488470168479899,0.05,,,,,mean_trials,0.06782378473911625,-2.2397065129032834,0.02873406736317188,0.9776029348709672
ml,kmeans_templates,context,extreme,25000,0,0.04757963316847735,0.0471409906431615,0.05,,,,,mean_trials,0.9304906819549155,-4.840733663045299,0.1534246553851462,0.9515926633695471
ml,kmeans_templates,context,extreme,25000,1,0.04943665501788955,0.049408615419236,0.05,,,,,mean_trials,0.056750423819056116,-1.1266899642209116,0.04741347604518206,0.9887331003577909
ml,kmeans_templates,context,extreme,25000,2,0.04798902159449844,0.0472092083079514,0.05,,,,,mean_trials,1.6518245369848683,-4.021956811003118,0.27942368065981055,0.9597804318899689
ml,kmeans_templates,context,extreme,25000,3,0.04811446837559373,0.048278926861906,0.05,,,,,mean_trials,-0.34064238168067446,-3.771063248812545,-0.0955557800956654,0.9622893675118745
ml,kmeans_templates,context,extreme,25000,4,0.048643817860123686,0.0488470168479899,0.05,,,,,mean_trials,-0.41599057829582875,-2.7123642797526326,-0.1762376037429155,0.9728763572024737
ml,kmeans_templates,context,extreme,50000,0,0.04747813306937275,0.0471409906431615,0.05,,,,,mean_trials,0.7151789167166345,-5.043733861254506,0.11792281316073225,0.9495626613874549
ml,kmeans_templates,context,extreme,50000,1,0.04934603563611069,0.049408615419236,0.05,,,,,mean_trials,-0.12665763368254768,-1.307928727778629,-0.10581909836822079,0.9869207127222137
ml,kmeans_templates,context,extreme,50000,2,0.047556150475390156,0.0472092083079514,0.05,,,,,mean_trials,0.7349035916374774,-4.887699049219693,0.12431675514415694,0.951123009507803
ml,kmeans_templates,context,extreme,50000,3,0.04855486247966591,0.048278926861906,0.05,,,,,mean_trials,0.5715446379932585,-2.8902750406681887,0.1603276535159304,0.9710972495933181
ml,kmeans_templates,context,extreme,50000,4,0.048768064642958055,0.0488470168479899,0.05,,,,,mean_trials,-0.16163157983125598,-2.463870714083896,-0.06847646029710076,0.9753612928591611
ml,kmeans_templates,context,extreme,100000,0,0.04800741588662598,0.0471409906431615,0.05,,,,,mean_trials,1.8379444972274244,-3.985168226748048,0.3030508596944836,0.9601483177325195
ml,kmeans_templates,context,extreme,100000,1,0.0492419716707556,0.049408615419236,0.05,,,,,mean_trials,-0.3372767017784618,-1.5160566584888069,-0.281785751439646,0.9848394334151119
ml,kmeans_templates,context,extreme,100000,2,0.047802119483847945,0.0472092083079514,0.05,,,,,mean_trials,1.25592272598369,-4.395761032304115,0.21245268057298514,0.9560423896769589
ml,kmeans_templates,context,extreme,100000,3,0.04860718516659031,0.048278926861906,0.05,,,,,mean_trials,0.6799204663832729,-2.785629666819389,0.1907288524924854,0.9721437033318061
ml,kmeans_templates,context,extreme,100000,4,0.04891808273109903,0.0488470168479899,0.05,,,,,mean_trials,0.1454866390925857,-2.1638345378019452,0.06163653214293189,0.9783616546219805
ml,kmeans_templates,context,high,5000,0,0.04838627877031127,0.0483407652012639,0.05,,,,,mean_trials,0.09415152792446646,-3.2274424593774635,0.02743045714930647,0.9677255754062254
ml,kmeans_templates,context,high,5000,1,0.049403822003579824,0.0494328812879498,0.05,,,,,mean_trials,-0.05878533399804201,-1.1923559928403575,-0.05124021435463506,0.9880764400715965
ml,kmeans_templates,context,high,5000,2,0.04849250167999868,0.0484716154000644,0.05,,,,,mean_trials,0.04308971294209039,-3.01499664000264,0.013665591720278956,0.9698500335999736
ml,kmeans_templates,context,high,5000,3,0.048858772289736764,0.0487627254693241,0.05,,,,,mean_trials,0.19696770327795857,-2.2824554205264773,0.07762773582690258,0.9771754457947353
ml,kmeans_templates,context,high,5000,4,0.049174852687009454,0.0492230940860696,0.05,,,,,mean_trials,-0.098005621052164,-1.6502946259810969,-0.062094261602525236,0.983497053740189
ml,kmeans_templates,context,high,25000,0,0.04842672163061916,0.0483407652012639,0.05,,,,,mean_trials,0.1778135472150334,-3.1465567387616855,0.051804861747556136,0.9685344326123831
ml,kmeans_templates,context,high,25000,1,0.04920515136654291,0.0494328812879498,0.05,,,,,mean_trials,-0.4606851056897722,-1.5896972669141862,-0.40155599977228806,0.9841030273308582
ml,kmeans_templates,context,high,25000,2,0.04886721905564943,0.0484716154000644,0.05,,,,,mean_trials,0.8161552948460357,-2.2655618887011397,0.2588377660974212,0.9773443811129886
ml,kmeans_templates,context,high,25000,3,0.04890412582448596,0.0487627254693241,0.05,,,,,mean_trials,0.28997631654287037,-2.191748351028089,0.1142837354654132,0.9780825164897191
ml,kmeans_templates,context,high,25000,4,0.04906218130052516,0.0492230940860696,0.05,,,,,mean_trials,-0.3269050605861454,-1.8756373989496922,-0.20712004202719417,0.9812436260105031
ml,kmeans_templates,context,high,50000,0,0.048315873794328064,0.0483407652012639,0.05,,,,,mean_trials,-0.0514915451424991,-3.3682524113438777,-0.015001738726067576,0.9663174758865613
ml,kmeans_templates,context,high,50000,1,0.04934097006988058,0.0494328812879498,0.05,,,,,mean_trials,-0.1859313389681527,-1.3180598602388487,-0.16206698194977986,0.9868194013976115
ml,kmeans_templates,context,high,50000,2,0.04874190496483408,0.0484716154000644,0.05,,,,,mean_trials,0.5576244210943364,-2.516190070331839,0.17684656386950703,0.9748380992966816
ml,kmeans_templates,context,high,50000,3,0.04891101807700622,0.0487627254693241,0.05,,,,,mean_trials,0.3041105808891052,-2.1779638459875628,0.11985424738445992,0.9782203615401244
ml,kmeans_templates,context,high,50000,4,0.04914341627609166,0.0492230940860696,0.05,,,,,mean_trials,-0.16187078739629324,-1.713167447816688,-0.10255786260506781,0.9828683255218331
ml,kmeans_templates,context,high,100000,0,0.0485680047799719,0.0483407652012639,0.05,,,,,mean_trials,0.4700785719090231,-2.8639904400562104,0.13695444362732265,0.9713600955994379
ml,kmeans_templates,context,high,100000,1,0.04933595258488504,0.0494328812879498,0.05,,,,,mean_trials,-0.19608143514869417,-1.3280948302299282,-0.17091430948267147,0.9867190516977007
ml,kmeans_templates,context,high,100000,2,0.048661329526000406,0.0484716154000644,0.05,,,,,mean_trials,0.3913922083474717,-2.677340947999193,0.12412721637210869,0.973226590520008
ml,kmeans_templates,context,high,100000,3,0.0491686356519252,0.0487627254693241,0.05,,,,,mean_trials,0.8324189812902242,-1.6627286961496124,0.3280680015124488,0.9833727130385039
ml,kmeans_templates,context,high,100000,4,0.04925534055967408,0.0492230940860696,0.05,,,,,mean_trials,0.06551086274279457,-1.4893188806518465,0.04150627897958094,0.9851068111934815
ml,kmeans_templates,context,low,5000,0,0.049393566851955284,0.0493921732446926,0.05,,,,,mean_trials,0.0028215143637896926,-1.2128662960894376,0.002292770514818948,0.9878713370391057
ml,kmeans_templates,context,low,5000,1,0.049539978114110005,0.0494842785581161,0.05,,,,,mean_trials,0.1125601051826743,-0.9200437717799964,0.10800318053567,0.9907995622822
ml,kmeans_templates,context,low,5000,2,0.049501328848464574,0.0494173384520355,0.05,,,,,mean_trials,0.16996139221580553,-0.9973423030708584,0.14414954397195381,0.9900265769692914
ml,kmeans_templates,context,low,5000,3,0.04958188601197492,0.0494008502741158,0.05,,,,,mean_trials,0.3664627974105398,-0.8362279760501662,0.3021544199022241,0.9916377202394984
ml,kmeans_templates,context,low,5000,4,0.049388216195534546,0.0494797975761023,0.05,,,,,mean_trials,-0.18508843013533893,-1.2235676089309144,-0.17604950757738114,0.9877643239106909
ml,kmeans_templates,context,low,25000,0,0.04929917123604778,0.0493921732446926,0.05,,,,,mean_trials,-0.18829300784979985,-1.401657527904443,-0.1530074282396148,0.9859834247209556
ml,kmeans_templates,context,low,25000,1,0.04939212721781294,0.0494842785581161,0.05,,,,,mean_trials,-0.1862234693286141,-1.215745564374121,-0.17868432998739722,0.9878425443562588
ml,kmeans_templates,context,low,25000,2,0.04936773238609445,0.0494173384520355,0.05,,,,,mean_trials,-0.10038190540996582,-1.2645352278111004,-0.0851370167026482,0.987354647721889
ml,kmeans_templates,context,low,25000,3,0.04944504751708084,0.0494008502741158,0.05,,,,,mean_trials,0.08946656326722668,-1.1099049658383209,0.0737666080040599,0.9889009503416168
ml,kmeans_templates,context,low,25000,4,0.0494372577861403,0.0494797975761023,0.05,,,,,mean_trials,-0.08597405819328893,-1.1254844277194114,-0.0817754551070006,0.9887451557228059
ml,kmeans_templates,context,low,50000,0,0.04906377263062867,0.0493921732446926,0.05,,,,,mean_trials,-0.6648839127547649,-1.8724547387426598,-0.5402865392094118,0.9812754526125734
ml,kmeans_templates,context,low,50000,1,0.049433870371019074,0.0494842785581161,0.05,,,,,mean_trials,-0.10186707488889826,-1.1322592579618567,-0.09774305080837613,0.9886774074203815
ml,kmeans_templates,context,low,50000,2,0.04935634864474022,0.0494173384520355,0.05,,,,,mean_trials,-0.12341783108063052,-1.2873027105195638,-0.10467450187564468,0.9871269728948043
ml,kmeans_templates,context,low,50000,3,0.049388346531515095,0.0494008502741158,0.05,,,,,mean_trials,-0.025310784189596487,-1.2233069369698146,-0.020869145157756074,0.9877669306303019
ml,kmeans_templates,context,low,50000,4,0.049352493600008526,0.0494797975761023,0.05,,,,,mean_trials,-0.2572847552538406,-1.295012799982953,-0.24472007481226948,0.9870498720001705
ml,kmeans_templates,context,low,100000,0,0.04938224988599109,0.0493921732446926,0.05,,,,,mean_trials,-0.020090953788056417,-1.2355002280178273,-0.016325965605922137,0.9876449977198217
ml,kmeans_templates,context,low,100000,1,0.04956067390659956,0.0494842785581161,0.05,,,,,mean_trials,0.15438307015779948,-0.8786521868008879,0.1481329692331376,0.9912134781319911
ml,kmeans_templates,context,low,100000,2,0.049313682215106305,0.0494173384520355,0.05,,,,,mean_trials,-0.2097568185097644,-1.3726355697873949,-0.17790128298548144,0.986273644302126
ml,kmeans_templates,context,low,100000,3,0.04950414700465215,0.0494008502741158,0.05,,,,,mean_trials,0.209099094374238,-0.9917059906957015,0.17240553750384915,0.990082940093043
ml,kmeans_templates,context,low,100000,4,0.04931870650629554,0.0494797975761023,0.05,,,,,mean_trials,-0.3255693792178392,-1.3625869874089314,-0.3096699715463784,0.9863741301259107
ml,kmeans_templates,context,medium,5000,0,0.049129811904282686,0.049136977115994,0.05,,,,,mean_trials,-0.014582117443645841,-1.7403761914346338,-0.008302458537428269,0.9825962380856537
ml,kmeans_templates,context,medium,5000,1,0.04939760365315439,0.0494402888742142,0.05,,,,,mean_trials,-0.08633691677734644,-1.2047926936912257,-0.07626294903443691,0.9879520730630877
ml,kmeans_templates,context,medium,5000,2,0.04922840862124013,0.0492065579942153,0.05,,,,,mean_trials,0.04440592456680358,-1.5431827575197454,0.02753903481984383,0.9845681724248025
ml,kmeans_templates,context,medium,5000,3,0.0492992326377913,0.0492010900159723,0.05,,,,,mean_trials,0.19947245434427213,-1.4015347244174108,0.12284565693397537,0.9859846527558259
ml,kmeans_templates,context,medium,5000,4,0.049389124466766104,0.0493947719733825,0.05,,,,,mean_trials,-0.0114334096317632,-1.2217510664677966,-0.009331204716270207,0.9877824893353221
ml,kmeans_templates,context,medium,25000,0,0.04905197193491094,0.049136977115994,0.05,,,,,mean_trials,-0.17299635849065764,-1.8960561301781254,-0.09849701862884308,0.9810394386982187
ml,kmeans_templates,context,medium,25000,1,0.049301931278616616,0.0494402888742142,0.05,,,,,mean_trials,-0.279847870528412,-1.3961374427667732,-0.24719464956737738,0.9860386255723322
ml,kmeans_templates,context,medium,25000,2,0.04919549823770815,0.0492065579942153,0.05,,,,,mean_trials,-0.022476183984357398,-1.6090035245837075,-0.013938960159049546,0.9839099647541629
ml,kmeans_templates,context,medium,25000,3,0.049332763298800805,0.0492010900159723,0.05,,,,,mean_trials,0.26762269450891635,-1.334473402398395,0.16481616885631145,0.986655265976016
ml,kmeans_templates,context,medium,25000,4,0.04952414709222628,0.0493947719733825,0.05,,,,,mean_trials,0.2619206723203415,-0.9517058155474462,0.21376260376908476,0.9904829418445256
ml,kmeans_templates,context,medium,50000,0,0.04914680564565863,0.049136977115994,0.05,,,,,mean_trials,0.020002308325629214,-1.7063887086827405,0.011388492526423665,0.9829361129131726
ml,kmeans_templates,context,medium,50000,1,0.04946264581516636,0.0494402888742142,0.05,,,,,mean_trials,0.045220085604754594,-1.0747083696672903,0.039943713680462824,0.9892529163033271
ml,kmeans_templates,context,medium,50000,2,0.04924702371789253,0.0492065579942153,0.05,,,,,mean_trials,0.08223644434140222,-1.5059525642149434,0.051000228601726934,0.9849404743578506
ml,kmeans_templates,context,medium,50000,3,0.049355904251645294,0.0492010900159723,0.05,,,,,mean_trials,0.3146561094941867,-1.2881914967094177,0.19378182619836107,0.9871180850329059
ml,kmeans_templates,context,medium,50000,4,0.049376870352589926,0.0493947719733825,0.05,,,,,mean_trials,-0.03624193427235082,-1.2462592948201539,-0.0295783076877971,0.9875374070517985
ml,kmeans_templates,context,medium,100000,0,0.049268092888497504,0.049136977115994,0.05,,,,,mean_trials,0.26683727856109557,-1.463814223004997,0.15192618287812903,0.98536185776995
ml,kmeans_templates,context,medium,100000,1,0.04954626913099093,0.0494402888742142,0.05,,,,,mean_trials,0.21436010830431224,-0.9074617380181449,0.18934813316054794,0.9909253826198186
ml,kmeans_templates,context,medium,100000,2,0.049242555434308784,0.0492065579942153,0.05,,,,,mean_trials,0.07315577752403901,-1.514889131382438,0.045368709787282246,0.9848511086861756
ml,kmeans_templates,context,medium,100000,3,0.04933864730238312,0.0492010900159723,0.05,,,,,mean_trials,0.2795817864322915,-1.3227053952337697,0.17218120834755488,0.9867729460476623
ml,kmeans_templates,context,medium,100000,4,0.049540210138574965,0.0493947719733825,0.05,,,,,mean_trials,0.29444040205477867,-0.9195797228500752,0.24030309039931988,0.9908042027714993
ml,kmeans_templates,metadata,brutal,5000,0,0.04825888514323856,0.0483336438363672,0.05,,,,,mean_trials,-0.15467216455215618,-3.482229713522883,-0.04486357404269353,0.9651777028647712
ml,kmeans_templates,metadata,brutal,5000,1,0.048594675490644265,0.0486852170264628,0.05,,,,,mean_trials,-0.18597336388440283,-2.810649018711475,-0.06886424424477305,0.9718935098128852
ml,kmeans_templates,metadata,brutal,5000,2,0.04709513519450626,0.0471111837169598,0.05,,,,,mean_trials,-0.03406520742496022,-5.809729610987482,-0.005555397395035067,0.9419027038901252
ml,kmeans_templates,metadata,brutal,5000,3,0.04767298325698333,0.0476569946382313,0.05,,,,,mean_trials,0.03354936431346832,-4.65403348603334,0.006823978729592282,0.9534596651396666
ml,kmeans_templates,metadata,brutal,5000,4,0.04695210962927247,0.0468878473517264,0.05,,,,,mean_trials,0.13705529508320616,-6.095780741455059,0.020648819260751874,0.9390421925854494
ml,kmeans_templates,metadata,brutal,25000,0,0.04850036389865023,0.0483336438363672,0.05,,,,,mean_trials,0.34493584395882976,-2.9992722026995486,0.10005067699306476,0.9700072779730046
ml,kmeans_templates,metadata,brutal,25000,1,0.048635003299035896,0.0486852170264628,0.05,,,,,mean_trials,-0.10313957807687323,-2.729993401928213,-0.03819164716729802,0.9727000659807179
ml,kmeans_templates,metadata,brutal,25000,2,0.047699929898941076,0.0471111837169598,0.05,,,,,mean_trials,1.24969515841168,-4.600140202117853,0.20380187741176775,0.9539985979788215
ml,kmeans_templates,metadata,brutal,25000,3,0.04792070399156736,0.0476569946382313,0.05,,,,,mean_trials,0.553348685408927,-4.158592016865289,0.11255174983337869,0.9584140798313471
ml,kmeans_templates,metadata,brutal,25000,4,0.047156507998011535,0.0468878473517264,0.05,,,,,mean_trials,0.5729856699749758,-5.686984003976936,0.08632630743037849,0.9431301599602306
ml,kmeans_templates,metadata,brutal,50000,0,0.04834603123580282,0.0483336438363672,0.05,,,,,mean_trials,0.025628937635152164,-3.307937528394367,0.007433824596425713,0.9669206247160563
ml,kmeans_templates,metadata,brutal,50000,1,0.04868156078175731,0.0486852170264628,0.05,,,,,mean_trials,-0.007509968998397089,-2.6368784364853846,-0.0027808731776113476,0.9736312156351462
ml,kmeans_templates,metadata,brutal,50000,2,0.04738330978104487,0.0471111837169598,0.05,,,,,mean_trials,0.5776251892119428,-5.2333804379102595,0.09419985122719131,0.9476661956208974
ml,kmeans_templates,metadata,brutal,50000,3,0.04783205875973589,0.0476569946382313,0.05,,,,,mean_trials,0.36734192500705265,-4.335882480528228,0.07471776392881721,0.9566411751947177
ml,kmeans_templates,metadata,brutal,50000,4,0.04718827633054854,0.0468878473517264,0.05,,,,,mean_trials,0.6407395429534004,-5.623447338902922,0.0965341397983149,0.9437655266109708
ml,kmeans_templates,metadata,brutal,100000,0,0.0485356471687455,0.0483336438363672,0.05,,,,,mean_trials,0.4179352441586586,-2.9287056625090093,0.1212245837876056,0.9707129433749099
ml,kmeans_templates,metadata,brutal,100000,1,0.04877494846453374,0.0486852170264628,0.05,,,,,mean_trials,0.18430941372238274,-2.450103070932519,0.06824809864211726,0.9754989692906748
ml,kmeans_templates,metadata,brutal,100000,2,0.04775599220322867,0.0471111837169598,0.05,,,,,mean_trials,1.368695149208788,-4.488015593542671,0.22320854740899945,0.9551198440645733
ml,kmeans_templates,metadata,brutal,100000,3,0.04791252118810508,0.0476569946382313,0.05,,,,,mean_trials,0.5361784808578538,-4.174957623789846,0.10905931076524902,0.9582504237621016
ml,kmeans_templates,metadata,brutal,100000,4,0.04750010185609013,0.0468878473517264,0.05,,,,,mean_trials,1.3057850572045675,-4.99979628781974,0.19673022938105741,0.9500020371218026
ml,kmeans_templates,metadata,extreme,5000,0,0.04882224550600837,0.0487495462989563,0.05,,,,,mean_trials,0.1491279664558066,-2.3555089879832707,0.05813826372890615,0.9764449101201673
ml,kmeans_templates,metadata,extreme,5000,1,0.0489950295413777,0.0490334445806698,0.05,,,,,mean_trials,-0.07834456587869719,-2.0099409172446014,-0.039744269727149124,0.979900590827554
ml,kmeans_templates,metadata,extreme,5000,2,0.04832002102509912,0.0481010572132755,0.05,,,,,mean_trials,0.45521621458913086,-3.3599579498017618,0.11530827224200703,0.9664004205019824
ml,kmeans_templates,metadata,extreme,5000,3,0.048619475843940205,0.0484583491135662,0.05,,,,,mean_trials,0.33250561218333685,-2.761048312119596,0.10451570572292525,0.972389516878804
ml,kmeans_templates,metadata,extreme,5000,4,0.048000824181321886,0.0480174153978949,0.05,,,,,mean_trials,-0.03455249816244835,-3.9983516373562344,-0.008368478477738757,0.9600164836264377
ml,kmeans_templates,metadata,extreme,25000,0,0.048927020540743014,0.0487495462989563,0.05,,,,,mean_trials,0.36405311487075764,-2.1459589185139762,0.14192787916784308,0.9785404108148602
ml,kmeans_templates,metadata,extreme,25000,1,0.04884004505187218,0.0490334445806698,0.05,,,,,mean_trials,-0.3944237049865828,-2.319909896255648,-0.20009150528755115,0.9768009010374435
ml,kmeans_templates,metadata,extreme,25000,2,0.048282471215006895,0.0481010572132755,0.05,,,,,mean_trials,0.3771517971570254,-3.435057569986216,0.09553421145684927,0.9656494243001379
ml,kmeans_templates,metadata,extreme,25000,3,0.04862785718518915,0.0484583491135662,0.05,,,,,mean_trials,0.34980158161330055,-2.744285629621701,0.10995230704602733,0.972557143703783
ml,kmeans_templates,metadata,extreme,25000,4,0.04791444754493159,0.0480174153978949,0.05,,,,,mean_trials,-0.2144385575734689,-4.171104910136822,-0.051936171023408285,0.9582889508986318
ml,kmeans_templates,metadata,extreme,50000,0,0.0488718878806241,0.0487495462989563,0.05,,,,,mean_trials,0.2509594262017051,-2.2562242387518108,0.09783775406133145,0.9774377576124819
ml,kmeans_templates,metadata,extreme,50000,1,0.048904883234812506,0.0490334445806698,0.05,,,,,mean_trials,-0.2621911370019791,-2.1902335303749934,-0.13300980294164919,0.97809766469625
ml,kmeans_templates,metadata,extreme,50000,2,0.0483145234403601,0.0481010572132755,0.05,,,,,mean_trials,0.44378697569601155,-3.370953119279804,0.11241319568811883,0.9662904688072019
ml,kmeans_templates,metadata,extreme,50000,3,0.04870230756220985,0.0484583491135662,0.05,,,,,mean_trials,0.5034394549263501,-2.595384875580309,0.1582449378068848,0.9740461512441969
ml,kmeans_templates,metadata,extreme,50000,4,0.048287122533783026,0.0480174153978949,0.05,,,,,mean_trials,0.561686075048413,-3.4257549324339522,0.13603814717503285,0.9657424506756604
ml,kmeans_templates,metadata,extreme,100000,0,0.04897001213473387,0.0487495462989563,0.05,,,,,mean_trials,0.45224182072498237,-2.059975730532265,0.17630867547799228,0.9794002426946774
ml,kmeans_templates,metadata,extreme,100000,1,0.049127315971822995,0.0490334445806698,0.05,,,,,mean_trials,0.19144359927387583,-1.7453680563540157,0.0971195125244301,0.9825463194364599
ml,kmeans_templates,metadata,extreme,100000,2,0.048371545674047285,0.0481010572132755,0.05,,,,,mean_trials,0.5623337124846717,-3.256908651905435,0.14244160627838331,0.9674309134809457
ml,kmeans_templates,metadata,extreme,100000,3,0.04883733834864738,0.0484583491135662,0.05,,,,,mean_trials,0.7820927497818526,-2.32532330270524,0.2458333714955861,0.9767467669729476
ml,kmeans_templates,metadata,extreme,100000,4,0.048260635900431094,0.0480174153978949,0.05,,,,,mean_trials,0.5065256022648367,-3.4787281991378176,0.1226784987021207,0.9652127180086219
ml,kmeans_templates,metadata,high,5000,0,0.04899082994795946,0.0492097793541848,0.05,,,,,mean_trials,-0.44493068064675567,-2.0183401040810844,-0.2770737608348239,0.9798165989591892
ml,kmeans_templates,metadata,high,5000,1,0.04938946504155746,0.0493404184265193,0.05,,,,,mean_trials,0.09940453810945984,-1.221069916885087,0.07436019593350798,0.9877893008311491
ml,kmeans_templates,metadata,high,5000,2,0.048874936100996455,0.0490257140623287,0.05,,,,,mean_trials,-0.3075487307345622,-2.2501277980070955,-0.15475740283456338,0.977498722019929
ml,kmeans_templates,metadata,high,5000,3,0.04933681236734952,0.0491809027580983,0.05,,,,,mean_trials,0.3170124997869198,-1.3263752653009664,0.19034322333847076,0.9867362473469904
ml,kmeans_templates,metadata,high,5000,4,0.04878997857066991,0.0490068696983157,0.05,,,,,mean_trials,-0.4425729065760772,-2.4200428586601817,-0.21839141075239474,0.9757995714133982
ml,kmeans_templates,metadata,high,25000,0,0.049325808060565315,0.0492097793541848,0.05,,,,,mean_trials,0.2357838378940967,-1.3483838788693747,0.14683077061447458,0.9865161612113063
ml,kmeans_templates,metadata,high,25000,1,0.04934141960912224,0.0493404184265193,0.05,,,,,mean_trials,0.0020291327776865292,-1.317160781755519,0.0015179056589722682,0.9868283921824448
ml,kmeans_templates,metadata,high,25000,2,0.048988945168800285,0.0490257140623287,0.05,,,,,mean_trials,-0.07499920038221455,-2.022109662399435,-0.037739324880641315,0.9797789033760057
ml,kmeans_templates,metadata,high,25000,3,0.04932476969030114,0.0491809027580983,0.05,,,,,mean_trials,0.2925260093546219,-1.3504606193977253,0.17564084560805637,0.9864953938060228
ml,kmeans_templates,metadata,high,25000,4,0.04914311433039312,0.0490068696983157,0.05,,,,,mean_trials,0.2780112929394088,-1.713771339213771,0.13718706583250362,0.9828622866078623
ml,kmeans_templates,metadata,high,50000,0,0.049230349764878764,0.0492097793541848,0.05,,,,,mean_trials,0.041801469065544945,-1.5393004702424773,0.026031224067477758,0.9846069952975752
ml,kmeans_templates,metadata,high,50000,1,0.049215468314696295,0.0493404184265193,0.05,,,,,mean_trials,-0.2532408840615955,-1.5690633706074153,-0.18943845135580348,0.9843093662939258
ml,kmeans_templates,metadata,high,50000,2,0.04916058756093032,0.0490257140623287,0.05,,,,,mean_trials,0.27510766784579194,-1.6788248781393622,0.13843317796825466,0.9832117512186064
ml,kmeans_templates,metadata,high,50000,3,0.04940015998956241,0.0491809027580983,0.05,,,,,mean_trials,0.44581782596092867,-1.199680020875185,0.2676815648347941,0.9880031997912482
ml,kmeans_templates,metadata,high,50000,4,0.04889111300925707,0.0490068696983157,0.05,,,,,mean_trials,-0.23620502548157973,-2.217773981485871,-0.11655740325545705,0.9778222601851413
ml,kmeans_templates,metadata,high,100000,0,0.0492007395662616,0.0492097793541848,0.05,,,,,mean_trials,-0.018369901352610952,-1.5985208674768048,-0.01143957446704737,0.984014791325232
ml,kmeans_templates,metadata,high,100000,1,0.04921200590314195,0.0493404184265193,0.05,,,,,mean_trials,-0.2602582780455933,-1.575988193716099,-0.19468785748470774,0.9842401180628391
ml,kmeans_templates,metadata,high,100000,2,0.04910063560144101,0.0490257140623287,0.05,,,,,mean_trials,0.1528209033672772,-1.7987287971179822,0.07689892280636164,0.9820127120288202
ml,kmeans_templates,metadata,high,100000,3,0.049247475867369196,0.0491809027580983,0.05,,,,,mean_trials,0.1353637398612738,-1.505048265261613,0.08127619758105262,0.9849495173473839
ml,kmeans_templates,metadata,high,100000,4,0.048762463552206155,0.0490068696983157,0.05,,,,,mean_trials,-0.49871813403732584,-2.475072895587696,-0.24609675658374522,0.9752492710441231
ml,kmeans_templates,metadata,low,5000,0,0.04940752793898338,0.0495645657207356,0.05,,,,,mean_trials,-0.31683477796825854,-1.1849441220332517,-0.360646346028418,0.9881505587796675
ml,kmeans_templates,metadata,low,5000,1,0.049648972682470094,0.0495587490547782,0.05,,,,,mean_trials,0.1820538843548413,-0.7020546350598178,0.20447237262356405,0.9929794536494019
ml,kmeans_templates,metadata,low,5000,2,0.04954113492147167,0.0495645025806952,0.05,,,,,mean_trials,-0.04714595730176404,-0.9177301570566648,-0.053657399992928984,0.9908226984294334
ml,kmeans_templates,metadata,low,5000,3,0.04961732785694823,0.0495665836309931,0.05,,,,,mean_trials,0.10237587955002521,-0.7653442861035448,0.11707962500677983,0.9923465571389646
ml,kmeans_templates,metadata,low,5000,4,0.049491242123391975,0.0495649042895053,0.05,,,,,mean_trials,-0.14861758974267517,-1.0175157532160555,-0.1693010625859151,0.9898248424678394
ml,kmeans_templates,metadata,low,25000,0,0.04950169615747801,0.0495645657207356,0.05,,,,,mean_trials,-0.12684376901801775,-0.9966076850439903,-0.14438358726327608,0.9900339231495601
ml,kmeans_templates,metadata,low,25000,1,0.04952292326818736,0.0495587490547782,0.05,,,,,mean_trials,-0.07228952964741985,-0.9541534636252902,-0.08119141041802408,0.9904584653637472
ml,kmeans_templates,metadata,low,25000,2,0.04926505987527528,0.0495645025806952,0.05,,,,,mean_trials,-0.6041475044209228,-1.46988024944944,-0.6875877838677453,0.9853011975055056
ml,kmeans_templates,metadata,low,25000,3,0.04958193476476983,0.0495665836309931,0.05,,,,,mean_trials,0.030970731997616918,-0.8361304704603417,0.03541890633227359,0.9916386952953966
ml,kmeans_templates,metadata,low,25000,4,0.049492845705254626,0.0495649042895053,0.05,,,,,mean_trials,-0.14538227256484967,-1.0143085894907533,-0.16561547841679544,0.9898569141050925
ml,kmeans_templates,metadata,low,50000,0,0.04953773784033324,0.0495645657207356,0.05,,,,,mean_trials,-0.05412713702268683,-0.9245243193335279,-0.06161177858501114,0.9907547568066647
ml,kmeans_templates,metadata,low,50000,1,0.049556813301818915,0.0495587490547782,0.05,,,,,mean_trials,-0.0039059762326670005,-0.886373396362175,-0.004386966147604933,0.9911362660363783
ml,kmeans_templates,metadata,low,50000,2,0.04962822193016003,0.0495645025806952,0.05,,,,,mean_trials,0.12855843627421729,-0.7435561396799406,0.14631395420563545,0.9925644386032006
ml,kmeans_templates,metadata,low,50000,3,0.049629720314523965,0.0495665836309931,0.05,,,,,mean_trials,0.1273775170806486,-0.7405593709520764,0.14567212511038552,0.9925944062904792
ml,kmeans_templates,metadata,low,50000,4,0.04958062458853073,0.0495649042895053,0.05,,,,,mean_trials,0.031716593123241085,-0.8387508229385499,0.03613066883043361,0.9916124917706145
ml,kmeans_templates,metadata,low,100000,0,0.04945818244525875,0.0495645657207356,0.05,,,,,mean_trials,-0.21463574618257011,-1.0836351094825059,-0.24431534342351083,0.9891636489051749
ml,kmeans_templates,metadata,low,100000,1,0.049583512370597896,0.0495587490547782,0.05,,,,,mean_trials,0.0499675966242056,-0.8329752588042139,0.05612070883439413,0.9916702474119579
ml,kmeans_templates,metadata,low,100000,2,0.04944151556119389,0.0495645025806952,0.05,,,,,mean_trials,-0.2481352845235863,-1.1169688776122288,-0.2824058514459974,0.9888303112238778
ml,kmeans_templates,metadata,low,100000,3,0.04951021168806785,0.0495665836309931,0.05,,,,,mean_trials,-0.11372973240383447,-0.9795766238643033,-0.1300641760587353,0.990204233761357
ml,kmeans_templates,metadata,low,100000,4,0.049579485005826596,0.0495649042895053,0.05,,,,,mean_trials,0.029417420512161396,-0.8410299883468142,0.033511514753192834,0.9915897001165319
ml,kmeans_templates,metadata,medium,5000,0,0.049360739181612545,0.0494065197820925,0.05,,,,,mean_trials,-0.09266105097438167,-1.2785216367749153,-0.07713921896397176,0.9872147836322509
ml,kmeans_templates,metadata,medium,5000,1,0.049476585860508696,0.0494612371841995,0.05,,,,,mean_trials,0.03103172743543438,-1.0468282789826144,0.02848874469257723,0.9895317172101739
ml,kmeans_templates,metadata,medium,5000,2,0.04937460717198582,0.0493515662465463,0.05,,,,,mean_trials,0.0466873236087781,-1.2507856560283608,0.03553319875284769,0.9874921434397164
ml,kmeans_templates,metadata,medium,5000,3,0.049529894645188505,0.0494196814887133,0.05,,,,,mean_trials,0.2230147041728237,-0.9402107096229961,0.18991838849123904,0.9905978929037701
ml,kmeans_templates,metadata,medium,5000,4,0.04929205266634263,0.0493398046090751,0.05,,,,,mean_trials,-0.09678178320893491,-1.415894667314746,-0.07233001530890526,0.9858410533268526
ml,kmeans_templates,metadata,medium,25000,0,0.049520193437454105,0.0494065197820925,0.05,,,,,mean_trials,0.23007824850437686,-0.9596131250917961,0.19153739574066672,0.990403868749082
ml,kmeans_templates,metadata,medium,25000,1,0.04941433785588561,0.0494612371841995,0.05,,,,,mean_trials,-0.0948203704230736,-1.1713242882287893,-0.08705004677096966,0.9882867571177121
ml,kmeans_templates,metadata,medium,25000,2,0.04925096980677266,0.0493515662465463,0.05,,,,,mean_trials,-0.2038363671602327,-1.498060386454683,-0.1551375745599855,0.9850193961354532
ml,kmeans_templates,metadata,medium,25000,3,0.04946877081600297,0.0494196814887133,0.05,,,,,mean_trials,0.0993315331279118,-1.062458367994068,0.084590317790875,0.9893754163200593
ml,kmeans_templates,metadata,medium,25000,4,0.04933535535204441,0.0493398046090751,0.05,,,,,mean_trials,-0.009017581374585937,-1.3292892959111817,-0.006739303381763736,0.9867071070408882
ml,kmeans_templates,metadata,medium,50000,0,0.04948287028238317,0.0494065197820925,0.05,,,,,mean_trials,0.15453527313281074,-1.0342594352336643,0.12864877040024977,0.9896574056476634
ml,kmeans_templates,metadata,medium,50000,1,0.04942353056961208,0.0494612371841995,0.05,,,,,mean_trials,-0.07623467736360331,-1.1529388607758455,-0.06998741093777239,0.9884706113922416
ml,kmeans_templates,metadata,medium,50000,2,0.04940891133272187,0.0493515662465463,0.05,,,,,mean_trials,0.11619709471649653,-1.182177334556264,0.0884363065157249,0.9881782266544373
ml,kmeans_templates,metadata,medium,50000,3,0.049446607809358376,0.0494196814887133,0.05,,,,,mean_trials,0.05448501454066647,-1.1067843812832545,0.0463992102981076,0.9889321561871675
ml,kmeans_templates,metadata,medium,50000,4,0.0493255718827469,0.0493398046090751,0.05,,,,,mean_trials,-0.028846337031454544,-1.3488562345062016,-0.021558354577809906,0.986511437654938
ml,kmeans_templates,metadata,medium,100000,0,0.0493979853951341,0.0494065197820925,0.05,,,,,mean_trials,-0.01727380717371166,-1.2040292097318106,-0.014380238297564393,0.987959707902682
ml,kmeans_templates,metadata,medium,100000,1,0.04947889725692382,0.0494612371841995,0.05,,,,,mean_trials,0.03570487462445408,-1.0422054861523589,0.03277893760741951,0.9895779451384764
ml,kmeans_templates,metadata,medium,100000,2,0.049273800164558096,0.0493515662465463,0.05,,,,,mean_trials,-0.1575757121865268,-1.4523996708838138,-0.11992910852342435,0.9854760032911619
ml,kmeans_templates,metadata,medium,100000,3,0.04934687510523607,0.0494196814887133,0.05,,,,,mean_trials,-0.14732264815154394,-1.306249789527869,-0.1254593504449854,0.9869375021047213
ml,kmeans_templates,metadata,medium,100000,4,0.04943119622945307,0.0493398046090751,0.05,,,,,mean_trials,0.18522898722862935,-1.1376075410938629,0.13843116997520777,0.9886239245890613
