dataset,bias,seed,train_size,share,state,estimator,R,pop_ess_share,bias_ratio,noise_rank_eff,p_bias_ratio,p_bias_hotelling,p_bias_ratio_holm,p_bias_hotelling_holm,t_along_gstar,p_along_gstar,top5_var_share,p_bias_hotelling_drop3,hidden_mass,gvis_rel_gstar,bias_ratio_vis,p_bias_ratio_vis,p_bias_hotelling_vis,p_bias_ratio_vis_holm,p_bias_hotelling_vis_holm,verdict,stop,hidden_mass@0.1,hidden_mass@10,p_bias_hotelling_vis@0.1,p_bias_hotelling_vis@10,p_bias_ratio_vis@0.1,p_bias_ratio_vis@10
anime,high,100,25000,0.8,source,G1,300,1,0.389975,1.21683,0.573007,0.836147,1,1,0.567223,0.570988,0.117278,0.234888,,,,,,,,consistent,False,,,,,,
anime,high,100,25000,0.8,likelihood,G1,300,5.48169e-05,1.01889,2.07547,0.363193,0.31918,1,1,-1.34749,0.178844,0.883997,0.294193,0.688237,1.28827,0.958869,0.386006,0.326692,1,0.653385,consistent,False,0.31261,0.937514,0.315881,0.295542,0.382906,0.381713
anime,high,100,25000,0.8,mid,G1,300,0.0105111,0.81344,2.57241,0.470022,0.0105082,1,1,-0.503948,0.614669,0.258168,0.0927512,,,,,,,,consistent,False,,,,,,
anime,high,100,25000,0.8,mid_greedy,G1,300,0.00499647,0.801769,3.10003,0.496195,0.311521,1,1,-0.56999,0.569112,0.262162,0.131273,,,,,,,,consistent,False,,,,,,
anime,high,100,25000,0.8,value,G1,300,1.48942e-05,1.91786,10.4836,0.0351906,0.134548,1,1,-1.33312,0.183508,0.510218,0.0037294,0.821657,3.08454,1.64382,0.0837518,0.193975,0.502511,0.581924,consistent,False,0.50095,0.968585,0.209389,0.159734,0.143445,0.0419269
anime,none,100,25000,0.8,source,G1,300,1,2.55378,1.28192,0.100619,0.132734,1,1,1.65899,0.0981668,0.110442,0.552862,,,,,,,,consistent,False,,,,,,
anime,none,100,25000,0.8,likelihood,G1,300,0.103392,0.706911,23.1549,0.844935,0.614202,1,1,0.954766,0.340467,0.0969446,0.124427,,,,,,,,consistent,False,,,,,,
anime,none,100,25000,0.8,mid,G1,300,0.300776,0.239258,1.54826,0.729222,0.851148,1,1,-0.0286786,0.97714,0.156431,0.257432,,,,,,,,consistent,False,,,,,,
anime,none,100,25000,0.8,mid_greedy,G1,300,0.106791,1.01595,80.2123,0.439173,0.0913857,1,1,1.19551,0.232836,0.0356973,0.287597,,,,,,,,consistent,False,,,,,,
anime,none,100,25000,0.8,value,G1,300,0.106158,0.962846,78.8008,0.572548,0.0112393,1,1,1.10891,0.268361,0.0385183,0.447164,,,,,,,,consistent,False,,,,,,
anime,w-high.g-none.v-none,100,25000,0.8,source,G1,300,1,0.279246,1.49615,0.690875,0.796912,1,1,0.391509,0.6957,0.0998805,0.58749,,,,,,,,consistent,False,,,,,,
anime,w-high.g-none.v-none,100,25000,0.8,likelihood,G1,300,0.000148018,0.873638,5.89719,0.511723,0.866046,1,1,0.823018,0.411153,0.699673,0.678739,,,,,,,,consistent,False,,,,,,
anime,w-high.g-none.v-none,100,25000,0.8,mid,G1,300,0.026363,1.06398,3.57411,0.369064,0.468202,1,1,1.13818,0.255957,0.412052,0.749882,,,,,,,,consistent,False,,,,,,
anime,w-high.g-none.v-none,100,25000,0.8,mid_greedy,G1,300,0.00471437,0.710183,1.46293,0.449986,0.67885,1,1,0.5557,0.578831,0.859129,0.29538,,,,,,,,consistent,False,,,,,,
anime,w-high.g-none.v-none,100,25000,0.8,value,G1,300,0.000150526,0.896043,7.39824,0.512579,0.827085,1,1,0.73551,0.462605,0.591541,0.369554,,,,,,,,consistent,False,,,,,,
anime,w-none.g-high.v-none,100,25000,0.8,source,G1,300,1,0.371239,1.36741,0.608806,0.598719,1,1,-0.502324,0.615809,0.0952995,0.760666,,,,,,,,consistent,False,,,,,,
anime,w-none.g-high.v-none,100,25000,0.8,likelihood,G1,300,0.00820547,1.07662,18.7103,0.367983,0.329763,1,1,1.78056,0.0759996,0.376292,0.641192,,,,,,,,consistent,False,,,,,,
anime,w-none.g-high.v-none,100,25000,0.8,mid,G1,300,0.274342,0.306239,1.78506,0.711124,0.963554,1,1,0.0732755,0.941636,0.0873545,0.42716,,,,,,,,consistent,False,,,,,,
anime,w-none.g-high.v-none,100,25000,0.8,mid_greedy,G1,300,0.0298029,0.86226,7.09613,0.536802,0.0591251,1,1,-0.0523547,0.958281,0.118208,0.00103344,,,,,,,,consistent,False,,,,,,
anime,w-none.g-high.v-none,100,25000,0.8,value,G1,300,0.00688393,0.941421,7.36775,0.475767,0.812013,1,1,-0.883042,0.377923,0.62637,0.315899,,,,,,,,consistent,False,,,,,,
anime,w-none.g-none.v-high,100,25000,0.8,source,G1,300,1,4.43451,1.29611,0.0255767,0.0190466,1,1,2.21191,0.0277286,0.102135,0.351273,,,,,,,,consistent,False,,,,,,
anime,w-none.g-none.v-high,100,25000,0.8,likelihood,G1,300,0.049507,0.98095,62.5688,0.518942,0.752702,1,1,1.60291,0.110011,0.121443,0.41615,,,,,,,,consistent,False,,,,,,
anime,w-none.g-none.v-high,100,25000,0.8,mid,G1,300,0.336805,0.83685,1.69629,0.416271,0.193972,1,1,0.875136,0.382202,0.0924089,0.536495,,,,,,,,consistent,False,,,,,,
anime,w-none.g-none.v-high,100,25000,0.8,mid_greedy,G1,300,0.0169402,0.713343,8.70348,0.692335,0.255003,1,1,0.508354,0.61158,0.178909,0.855854,,,,,,,,consistent,False,,,,,,
anime,w-none.g-none.v-high,100,25000,0.8,value,G1,300,0.0148376,1.00331,20.5221,0.454278,0.492922,1,1,0.654992,0.512976,0.324384,0.254119,,,,,,,,consistent,False,,,,,,
kuairand,high,100,25000,0.8,source,G1,300,1,0.438712,1.35505,0.567346,0.419878,1,1,-0.607971,0.543668,0.0979757,0.598647,,,,,,,,consistent,False,,,,,,
kuairand,high,100,25000,0.8,likelihood,G1,300,1.95657e-06,0.821173,10.0783,0.609033,0.774973,1,1,-1.71114,0.0880919,0.483071,0.693507,0.509765,1.65815,0.845838,0.584943,0.701694,1,0.701694,consistent,False,0.26226,0.758151,0.835763,0.800481,0.618574,0.548163
kuairand,high,100,25000,0.8,mid,G1,300,0.0396065,0.560834,3.44991,0.665215,0.249341,1,1,0.542917,0.587591,0.350126,0.0204,,,,,,,,consistent,False,,,,,,
kuairand,high,100,25000,0.8,mid_greedy,G1,300,0.00927581,0.625758,3.3496,0.615737,0.0344552,1,1,-0.729051,0.466541,0.671481,2.6399e-06,,,,,,,,consistent,False,,,,,,
kuairand,high,100,25000,0.8,value,G1,300,2.42203e-06,1.07719,1.32505,0.317919,6.05872e-06,1,0.00262948,-1.17169,0.242255,0.956736,1.36018e-05,0.523111,2.57963,1.08372,0.316178,0.0843732,1,0.421866,practical support failure,False,0.27377,0.768885,0.290457,0.530895,0.367989,0.321574
kuairand,none,100,25000,0.8,source,G1,300,1,0.0765976,1.15406,0.817428,0.873185,1,1,0.15638,0.875839,0.0996249,0.399872,,,,,,,,consistent,False,,,,,,
kuairand,none,100,25000,0.8,likelihood,G1,300,0.0632446,2.05914,2.99779,0.103339,0.050988,1,1,-1.86492,0.0631714,0.628513,0.607097,,,,,,,,consistent,False,,,,,,
kuairand,none,100,25000,0.8,mid,G1,300,0.436098,0.636313,1.41895,0.477338,0.771292,1,1,0.800075,0.424303,0.120795,0.670787,,,,,,,,consistent,False,,,,,,
kuairand,none,100,25000,0.8,mid_greedy,G1,300,0.0652729,0.779893,55.1715,0.882779,0.488404,1,1,-0.14063,0.888257,0.0850343,0.66543,,,,,,,,consistent,False,,,,,,
kuairand,none,100,25000,0.8,value,G1,300,0.0651066,0.749178,53.1601,0.912181,0.582907,1,1,0.307463,0.758705,0.0756929,0.898803,,,,,,,,consistent,False,,,,,,
kuairand,w-high.g-none.v-none,100,25000,0.8,source,G1,300,1,0.162334,1.32847,0.758083,0.733287,1,1,-0.268934,0.788166,0.121298,0.4129,,,,,,,,consistent,False,,,,,,
kuairand,w-high.g-none.v-none,100,25000,0.8,likelihood,G1,300,0.000911088,1.06523,10.4406,0.385272,0.513208,1,1,-0.650274,0.516014,0.525236,5.75158e-06,,,,,,,,consistent,False,,,,,,
kuairand,w-high.g-none.v-none,100,25000,0.8,mid,G1,300,0.0585588,0.670647,2.60495,0.54942,0.804586,1,1,0.812071,0.417397,0.416526,4.57966e-05,,,,,,,,consistent,False,,,,,,
kuairand,w-high.g-none.v-none,100,25000,0.8,mid_greedy,G1,300,0.00836059,1.12888,4.63037,0.342014,0.566127,1,1,0.432543,0.665659,0.287865,0.00105824,,,,,,,,consistent,False,,,,,,
kuairand,w-high.g-none.v-none,100,25000,0.8,value,G1,300,0.000684386,1.06954,3.71581,0.367585,0.373448,1,1,0.113931,0.909369,0.649659,0.16873,,,,,,,,consistent,False,,,,,,
kuairand,w-none.g-high.v-none,100,25000,0.8,source,G1,300,1,0.37103,1.23839,0.587782,0.959277,1,1,-0.550348,0.582492,0.113597,0.288379,,,,,,,,consistent,False,,,,,,
kuairand,w-none.g-high.v-none,100,25000,0.8,likelihood,G1,300,0.00505697,1.09163,8.10734,0.365287,0.00116848,1,0.495436,1.40333,0.161556,0.565833,0.311003,,,,,,,,consistent,False,,,,,,
kuairand,w-none.g-high.v-none,100,25000,0.8,mid,G1,300,0.436544,2.28359,1.60668,0.113395,0.508063,1,1,1.61136,0.108157,0.0861315,0.716915,,,,,,,,consistent,False,,,,,,
kuairand,w-none.g-high.v-none,100,25000,0.8,mid_greedy,G1,300,0.0285065,0.708056,10.5949,0.726471,0.6664,1,1,-0.193119,0.846997,0.323427,0.0163936,,,,,,,,consistent,False,,,,,,
kuairand,w-none.g-high.v-none,100,25000,0.8,value,G1,300,0.00611017,0.674708,11.1762,0.766451,0.455663,1,1,-0.799164,0.42483,0.562261,0.759444,,,,,,,,consistent,False,,,,,,
kuairand,w-none.g-none.v-high,100,25000,0.8,source,G1,300,1,2.51915,1.22996,0.10497,0.792953,1,1,-1.64097,0.101856,0.0964201,0.939624,,,,,,,,consistent,False,,,,,,
kuairand,w-none.g-none.v-high,100,25000,0.8,likelihood,G1,300,0.0127828,1.35567,4.98639,0.23778,0.71449,1,1,-0.985608,0.325122,0.427518,0.097965,,,,,,,,consistent,False,,,,,,
kuairand,w-none.g-none.v-high,100,25000,0.8,mid,G1,300,0.433064,2.20299,1.60636,0.121603,0.905584,1,1,-1.60906,0.108658,0.109084,0.638881,,,,,,,,consistent,False,,,,,,
kuairand,w-none.g-none.v-high,100,25000,0.8,mid_greedy,G1,300,0.0141892,0.78321,5.06314,0.563024,0.245723,1,1,0.010474,0.99165,0.549367,0.0169913,,,,,,,,consistent,False,,,,,,
kuairand,w-none.g-none.v-high,100,25000,0.8,value,G1,300,0.00716498,0.966495,8.64857,0.463723,0.749472,1,1,-0.966159,0.334745,0.52412,0.216697,,,,,,,,consistent,False,,,,,,
ml,high,100,25000,0.8,source,G1,300,1,0.615831,1.2994,0.47289,0.0375338,1,1,0.746395,0.456015,0.103051,0.409294,,,,,,,,consistent,False,,,,,,
ml,high,100,25000,0.8,likelihood,G1,300,3.98531e-06,0.985623,4.66946,0.421485,0.335476,1,1,1.73094,0.084494,0.689727,0.13251,0.384828,1.69949,0.949237,0.443584,0.116234,1,0.464936,consistent,False,0.158336,0.698253,0.346768,0.495714,0.468214,0.345779
ml,high,100,25000,0.8,mid,G1,300,0.00946997,0.51717,7.30178,0.829438,0.687848,1,1,-0.403389,0.68695,0.185134,0.0681169,,,,,,,,consistent,False,,,,,,
ml,high,100,25000,0.8,mid_greedy,G1,300,0.00577459,0.790343,6.66343,0.589496,0.189236,1,1,-0.948137,0.343825,0.344196,0.445973,,,,,,,,consistent,False,,,,,,
ml,high,100,25000,0.8,value,G1,300,3.36741e-06,2.64045,3.95142,0.0325786,3.95122e-08,1,1.71878e-05,-24.9769,3.75017e-75,0.925663,7.71365e-204,0.437932,1.05404,0.661403,0.616918,0.00385188,1,0.0231113,"low overlap, unresolved",False,0.184832,0.723155,1.18922e-19,0.363318,0.00029588,0.479391
ml,none,100,25000,0.8,source,G1,300,1,0.385293,1.31036,0.591251,0.338,1,1,0.52678,0.598737,0.105201,0.421982,,,,,,,,consistent,False,,,,,,
ml,none,100,25000,0.8,likelihood,G1,300,0.159274,0.957936,6.91907,0.459564,0.34666,1,1,0.422103,0.673253,0.0664313,0.950558,,,,,,,,consistent,False,,,,,,
ml,none,100,25000,0.8,mid,G1,300,0.339593,1.06163,1.74187,0.338512,0.091452,1,1,1.01462,0.311107,0.115911,0.15897,,,,,,,,consistent,False,,,,,,
ml,none,100,25000,0.8,mid_greedy,G1,300,0.159997,0.802822,24.6781,0.74135,0.900707,1,1,-0.0133625,0.989348,0.0786585,0.558554,,,,,,,,consistent,False,,,,,,
ml,none,100,25000,0.8,value,G1,300,0.159881,0.780004,23.9058,0.766191,0.754057,1,1,-0.150386,0.880561,0.0817062,0.26883,,,,,,,,consistent,False,,,,,,
ml,w-high.g-none.v-none,100,25000,0.8,source,G1,300,1,0.612952,1.37243,0.482646,0.217449,1,1,0.751424,0.452988,0.0947293,0.636161,,,,,,,,consistent,False,,,,,,
ml,w-high.g-none.v-none,100,25000,0.8,likelihood,G1,300,0.00131534,1.3584,5.64426,0.230591,0.333038,1,1,-0.201494,0.840449,0.496441,0.380205,,,,,,,,consistent,False,,,,,,
ml,w-high.g-none.v-none,100,25000,0.8,mid,G1,300,0.135133,0.198599,2.30386,0.849075,0.656406,1,1,0.0971984,0.922634,0.108913,0.915919,,,,,,,,consistent,False,,,,,,
ml,w-high.g-none.v-none,100,25000,0.8,mid_greedy,G1,300,0.0129978,0.684838,3.4071,0.579287,0.00307078,1,1,-0.60461,0.545897,0.225203,0.0771344,,,,,,,,consistent,False,,,,,,
ml,w-high.g-none.v-none,100,25000,0.8,value,G1,300,0.00148873,0.971652,7.10617,0.450528,0.256654,1,1,-1.13202,0.258534,0.595293,0.714869,,,,,,,,consistent,False,,,,,,
ml,w-none.g-high.v-none,100,25000,0.8,source,G1,300,1,0.149495,1.3124,0.767256,0.70943,1,1,-0.152731,0.878714,0.118594,0.396119,,,,,,,,consistent,False,,,,,,
ml,w-none.g-high.v-none,100,25000,0.8,likelihood,G1,300,0.00731268,1.24661,2.11309,0.288404,0.767712,1,1,3.10548,0.00208189,0.75812,0.0971257,,,,,,,,consistent,False,,,,,,
ml,w-none.g-high.v-none,100,25000,0.8,mid,G1,300,0.176211,0.390872,2.43466,0.717213,0.303759,1,1,0.362314,0.717373,0.0752838,0.0458939,,,,,,,,consistent,False,,,,,,
ml,w-none.g-high.v-none,100,25000,0.8,mid_greedy,G1,300,0.0062821,1.12691,4.85501,0.343292,0.868125,1,1,1.10623,0.269518,0.414935,0.857575,,,,,,,,consistent,False,,,,,,
ml,w-none.g-high.v-none,100,25000,0.8,value,G1,300,0.00373116,0.827436,2.66723,0.46662,0.202171,1,1,1.27561,0.203085,0.883705,0.0484946,,,,,,,,consistent,False,,,,,,
ml,w-none.g-none.v-high,100,25000,0.8,source,G1,300,1,0.277958,1.28941,0.65737,0.652848,1,1,-0.426173,0.670288,0.0962939,0.405963,,,,,,,,consistent,False,,,,,,
ml,w-none.g-none.v-high,100,25000,0.8,likelihood,G1,300,0.0291807,0.739977,38.1544,0.879854,0.675827,1,1,-0.839612,0.401797,0.161301,0.916014,,,,,,,,consistent,False,,,,,,
ml,w-none.g-none.v-high,100,25000,0.8,mid,G1,300,0.254933,1.12655,2.20469,0.327743,0.927601,1,1,-1.12582,0.261146,0.0820351,0.84174,,,,,,,,consistent,False,,,,,,
ml,w-none.g-none.v-high,100,25000,0.8,mid_greedy,G1,300,0.0365837,2.43152,6.84228,0.0181443,0.00729983,1,1,-2.44365,0.0151175,0.268528,0.717147,,,,,,,,consistent,False,,,,,,
ml,w-none.g-none.v-high,100,25000,0.8,value,G1,300,0.00620323,0.617793,2.26902,0.558997,0.025653,1,1,0.0637502,0.949212,0.94478,0.00502794,,,,,,,,consistent,False,,,,,,
anime,high,100,100000,0.6,source,G1,40,1,0.870633,1.22966,0.371756,0.0945121,1,1,-0.925119,0.360593,0.398487,0.431514,,,,,,,,consistent,False,,,,,,
anime,high,100,100000,0.6,mid,G1,40,0.0215271,0.606162,1.35841,0.484083,0.0202808,1,1,-0.696841,0.490036,0.449481,0.0718153,,,,,,,,consistent,False,,,,,,
anime,high,100,100000,0.6,mid_greedy,G1,40,0.00419231,1.02736,2.08067,0.360226,0.0282603,1,1,-1.00377,0.321678,0.414971,0.0610123,,,,,,,,consistent,False,,,,,,
anime,none,100,100000,0.6,source,G1,40,1,0.168746,1.08321,0.701536,0.92959,1,1,-0.371881,0.711995,0.422885,0.666858,,,,,,,,consistent,False,,,,,,
anime,none,100,100000,0.6,mid,G1,40,0.274578,0.38496,1.14682,0.563484,0.906712,1,1,0.582239,0.563757,0.361902,0.461443,,,,,,,,consistent,False,,,,,,
anime,none,100,100000,0.6,mid_greedy,G1,40,0.0330574,1.64326,28.0005,0.0173802,0.214261,1,1,-1.25394,0.217328,0.18778,0.0269908,,,,,,,,consistent,False,,,,,,
anime,w-high.g-none.v-none,100,100000,0.6,source,G1,40,1,0.120696,1.19423,0.773327,0.208316,1,1,-0.106586,0.915664,0.465221,0.664485,,,,,,,,consistent,False,,,,,,
anime,w-high.g-none.v-none,100,100000,0.6,mid,G1,40,0.0192638,0.245993,1.53798,0.722394,0.599042,1,1,-0.381632,0.704806,0.420078,0.0101549,,,,,,,,consistent,False,,,,,,
anime,w-high.g-none.v-none,100,100000,0.6,mid_greedy,G1,40,0.00466146,0.846985,10.8483,0.591261,0.770531,1,1,0.480086,0.633848,0.381467,0.589887,,,,,,,,consistent,False,,,,,,
anime,w-none.g-high.v-none,100,100000,0.6,source,G1,40,1,0.0631814,1.10744,0.826478,0.0897697,1,1,0.0960974,0.923935,0.559288,0.444425,,,,,,,,consistent,False,,,,,,
anime,w-none.g-high.v-none,100,100000,0.6,mid,G1,40,0.155058,0.880176,1.17649,0.364414,0.748388,1,1,-0.934704,0.355693,0.54705,0.820307,,,,,,,,consistent,False,,,,,,
anime,w-none.g-high.v-none,100,100000,0.6,mid_greedy,G1,40,0.0222113,0.869239,5.57416,0.51012,0.354047,1,1,-0.743347,0.461727,0.341572,0.051993,,,,,,,,consistent,False,,,,,,
anime,w-none.g-none.v-high,100,100000,0.6,source,G1,40,1,0.0932468,1.15927,0.797299,0.987027,1,1,-0.134964,0.893334,0.465936,0.994614,,,,,,,,consistent,False,,,,,,
anime,w-none.g-none.v-high,100,100000,0.6,mid,G1,40,0.343539,0.470056,1.15605,0.520151,0.635203,1,1,0.648085,0.520728,0.513117,0.107155,,,,,,,,consistent,False,,,,,,
anime,w-none.g-none.v-high,100,100000,0.6,mid_greedy,G1,40,0.0142263,0.46628,7.90011,0.878682,0.100231,1,1,0.141866,0.887916,0.254154,0.680933,,,,,,,,consistent,False,,,,,,
kuairand,high,100,100000,0.6,source,G1,40,1,0.231821,1.1112,0.655834,0.899026,1,1,0.431765,0.66829,0.380226,0.847883,,,,,,,,consistent,False,,,,,,
kuairand,high,100,100000,0.6,mid,G1,40,0.0386834,1.92083,1.5845,0.155921,0.149832,1,1,-1.36961,0.178644,0.393451,0.00641167,,,,,,,,consistent,False,,,,,,
kuairand,high,100,100000,0.6,mid_greedy,G1,40,0.0167949,6.15367,2.02115,0.00204591,0.159536,0.885881,1,-2.72669,0.00953578,0.401969,0.384439,,,,,,,,consistent,False,,,,,,
kuairand,none,100,100000,0.6,source,G1,40,1,0.277372,1.06471,0.613076,0.333657,1,1,0.509483,0.613285,0.442344,0.134934,,,,,,,,consistent,False,,,,,,
kuairand,none,100,100000,0.6,mid,G1,40,0.424644,0.733775,1.11676,0.405821,0.544571,1,1,-0.831883,0.41054,0.545005,0.306264,,,,,,,,consistent,False,,,,,,
kuairand,none,100,100000,0.6,mid_greedy,G1,40,0.01937,0.753842,21.7294,0.784055,0.906813,1,1,-1.23729,0.223379,0.257046,0.266034,,,,,,,,consistent,False,,,,,,
kuairand,w-high.g-none.v-none,100,100000,0.6,source,G1,40,1,0.363976,1.07519,0.561742,0.23508,1,1,0.590192,0.558466,0.540755,0.841068,,,,,,,,consistent,False,,,,,,
kuairand,w-high.g-none.v-none,100,100000,0.6,mid,G1,40,0.112513,0.670913,1.2646,0.445946,0.540329,1,1,-0.685321,0.497195,0.529896,0.0106267,,,,,,,,consistent,False,,,,,,
kuairand,w-high.g-none.v-none,100,100000,0.6,mid_greedy,G1,40,0.0078461,1.13916,4.02866,0.335946,0.0963272,1,1,-1.01358,0.317032,0.329706,0.0124253,,,,,,,,consistent,False,,,,,,
kuairand,w-none.g-high.v-none,100,100000,0.6,source,G1,40,1,2.43846,1.07758,0.116068,0.597532,1,1,-1.57858,0.122509,0.449825,0.662661,,,,,,,,consistent,False,,,,,,
kuairand,w-none.g-high.v-none,100,100000,0.6,mid,G1,40,0.204169,1.10678,1.2055,0.304586,0.311633,1,1,-1.06821,0.291992,0.443255,0.912417,,,,,,,,consistent,False,,,,,,
kuairand,w-none.g-high.v-none,100,100000,0.6,mid_greedy,G1,40,0.0162449,0.944442,6.12402,0.462743,0.604808,1,1,-0.439687,0.66259,0.277199,0.318839,,,,,,,,consistent,False,,,,,,
kuairand,w-none.g-none.v-high,100,100000,0.6,source,G1,40,1,0.687704,1.10063,0.420152,0.142083,1,1,-0.819806,0.417309,0.441439,0.390333,,,,,,,,consistent,False,,,,,,
kuairand,w-none.g-none.v-high,100,100000,0.6,mid,G1,40,0.22159,1.65734,1.22573,0.198608,0.289679,1,1,-1.29159,0.204101,0.433728,0.124126,,,,,,,,consistent,False,,,,,,
kuairand,w-none.g-none.v-high,100,100000,0.6,mid_greedy,G1,40,0.0115204,0.888524,4.1893,0.473431,0.42301,1,1,-0.440679,0.661878,0.347142,0.115451,,,,,,,,consistent,False,,,,,,
ml,high,100,100000,0.6,source,G1,40,1,1.02716,1.1501,0.321418,0.601795,1,1,-1.01453,0.316585,0.560643,0.608645,,,,,,,,consistent,False,,,,,,
ml,high,100,100000,0.6,mid,G1,40,0.0218625,2.94438,2.27294,0.0457802,0.535742,1,1,-1.97645,0.0552066,0.439426,0.179081,,,,,,,,consistent,False,,,,,,
ml,high,100,100000,0.6,mid_greedy,G1,40,0.0109128,5.35505,3.77784,0.000359087,0.188173,0.155844,1,-3.18552,0.00284128,0.319794,0.0371475,,,,,,,,consistent,False,,,,,,
ml,none,100,100000,0.6,source,G1,40,1,0.127262,1.12596,0.751655,0.0176391,1,1,0.261442,0.795127,0.367036,0.354595,,,,,,,,consistent,False,,,,,,
ml,none,100,100000,0.6,mid,G1,40,0.321971,1.23009,1.24323,0.277378,0.525494,1,1,-1.11037,0.27364,0.432636,0.518695,,,,,,,,consistent,False,,,,,,
ml,none,100,100000,0.6,mid_greedy,G1,40,0.057022,0.721045,13.3931,0.748618,0.830899,1,1,0.582085,0.56386,0.269374,0.100867,,,,,,,,consistent,False,,,,,,
ml,w-high.g-none.v-none,100,100000,0.6,source,G1,40,1,1.95173,1.13277,0.160702,0.67115,1,1,-1.40093,0.169142,0.518039,0.75321,,,,,,,,consistent,False,,,,,,
ml,w-high.g-none.v-none,100,100000,0.6,mid,G1,40,0.167672,4.01512,1.22248,0.036897,0.121374,1,1,-2.07422,0.0447065,0.387008,0.0887975,,,,,,,,consistent,False,,,,,,
ml,w-high.g-none.v-none,100,100000,0.6,mid_greedy,G1,40,0.00456629,0.900066,10.0696,0.53257,0.931393,1,1,0.247527,0.805799,0.403704,0.843576,,,,,,,,consistent,False,,,,,,
ml,w-none.g-high.v-none,100,100000,0.6,source,G1,40,1,0.354149,1.14219,0.580448,0.669066,1,1,0.557088,0.580651,0.415788,0.543189,,,,,,,,consistent,False,,,,,,
ml,w-none.g-high.v-none,100,100000,0.6,mid,G1,40,0.22503,1.11586,1.37601,0.309854,0.311249,1,1,1.07184,0.29038,0.416257,0.802833,,,,,,,,consistent,False,,,,,,
ml,w-none.g-high.v-none,100,100000,0.6,mid_greedy,G1,40,0.0127097,0.920898,7.59536,0.494138,0.680127,1,1,0.883014,0.382639,0.29727,0.494314,,,,,,,,consistent,False,,,,,,
ml,w-none.g-none.v-high,100,100000,0.6,source,G1,40,1,0.0814432,1.15902,0.812076,0.996293,1,1,-0.112554,0.910961,0.585714,0.982977,,,,,,,,consistent,False,,,,,,
ml,w-none.g-none.v-high,100,100000,0.6,mid,G1,40,0.226294,0.172009,1.41979,0.765225,0.633979,1,1,-0.100366,0.920568,0.445746,0.820119,,,,,,,,consistent,False,,,,,,
ml,w-none.g-none.v-high,100,100000,0.6,mid_greedy,G1,40,0.0205318,0.534945,3.70508,0.696294,0.304447,1,1,-0.379444,0.706416,0.331977,0.409509,,,,,,,,consistent,False,,,,,,
anime,high,100,100000,0.8,source,G1,40,1,5.96376,1.70218,0.00430458,0.0917935,1,1,2.75335,0.00891076,0.383541,0.228477,,,,,,,,consistent,False,,,,,,
anime,high,100,100000,0.8,mid,G1,40,0.0105111,0.936406,3.82113,0.438499,0.649315,1,1,1.04271,0.303504,0.450025,0.191552,,,,,,,,consistent,False,,,,,,
anime,high,100,100000,0.8,mid_greedy,G1,40,0.00499647,0.904985,3.62299,0.452344,0.828887,1,1,1.08835,0.283122,0.500675,0.0892898,,,,,,,,consistent,False,,,,,,
anime,none,100,100000,0.8,source,G1,40,1,3.16663,1.51404,0.0561477,0.139874,1,1,-1.92595,0.0614224,0.397034,0.357608,,,,,,,,consistent,False,,,,,,
anime,none,100,100000,0.8,mid,G1,40,0.300776,1.42045,1.55353,0.241469,0.472897,1,1,-1.21701,0.230915,0.414836,0.0650677,,,,,,,,consistent,False,,,,,,
anime,none,100,100000,0.8,mid_greedy,G1,40,0.106791,0.83745,27.1044,0.706198,0.967072,1,1,-0.302622,0.763786,0.169713,0.97972,,,,,,,,consistent,False,,,,,,
anime,w-high.g-none.v-none,100,100000,0.8,source,G1,40,1,0.186485,1.4118,0.751044,0.167095,1,1,-0.11477,0.909216,0.487242,0.306995,,,,,,,,consistent,False,,,,,,
anime,w-high.g-none.v-none,100,100000,0.8,mid,G1,40,0.026363,0.696486,2.5091,0.529395,0.798504,1,1,0.715102,0.478805,0.574037,0.742597,,,,,,,,consistent,False,,,,,,
anime,w-high.g-none.v-none,100,100000,0.8,mid_greedy,G1,40,0.00471437,1.25986,1.47222,0.276592,0.288074,1,1,1.40819,0.166997,0.86059,0.325765,,,,,,,,consistent,False,,,,,,
anime,w-none.g-high.v-none,100,100000,0.8,source,G1,40,1,2.39058,1.54926,0.105174,0.275976,1,1,-1.65785,0.105371,0.516526,0.680369,,,,,,,,consistent,False,,,,,,
anime,w-none.g-high.v-none,100,100000,0.8,mid,G1,40,0.274342,2.00142,1.8016,0.140091,0.0297287,1,1,-1.55225,0.128681,0.346341,0.253723,,,,,,,,consistent,False,,,,,,
anime,w-none.g-high.v-none,100,100000,0.8,mid_greedy,G1,40,0.0298029,0.897018,5.59722,0.490518,0.0648466,1,1,-0.922775,0.361798,0.331062,0.195902,,,,,,,,consistent,False,,,,,,
anime,w-none.g-none.v-high,100,100000,0.8,source,G1,40,1,0.239232,1.30226,0.688387,0.026845,1,1,-0.357388,0.722728,0.376585,0.0659528,,,,,,,,consistent,False,,,,,,
anime,w-none.g-none.v-high,100,100000,0.8,mid,G1,40,0.336805,0.4218,1.66023,0.618045,0.945275,1,1,0.511918,0.611595,0.407883,0.839824,,,,,,,,consistent,False,,,,,,
anime,w-none.g-none.v-high,100,100000,0.8,mid_greedy,G1,40,0.0169402,0.603875,6.97708,0.75273,0.178057,1,1,-0.286936,0.77568,0.333324,0.794685,,,,,,,,consistent,False,,,,,,
kuairand,high,100,100000,0.8,source,G1,40,1,0.180737,1.41881,0.757272,0.501751,1,1,-0.133778,0.894266,0.475675,0.773154,,,,,,,,consistent,False,,,,,,
kuairand,high,100,100000,0.8,mid,G1,40,0.0396065,2.07692,1.8351,0.129653,0.0310298,1,1,2.51438,0.0161598,0.806428,0.0904783,,,,,,,,consistent,False,,,,,,
kuairand,high,100,100000,0.8,mid_greedy,G1,40,0.00927581,1.846,1.10984,0.173515,0.00232771,1,0.97764,1.56078,0.126655,0.937166,0.0262027,,,,,,,,consistent,False,,,,,,
kuairand,none,100,100000,0.8,source,G1,40,1,0.855399,1.20031,0.374095,0.677978,1,1,0.908164,0.36937,0.5208,0.305055,,,,,,,,consistent,False,,,,,,
kuairand,none,100,100000,0.8,mid,G1,40,0.436098,0.174897,1.51845,0.778499,0.773642,1,1,-0.22275,0.824892,0.496681,0.750391,,,,,,,,consistent,False,,,,,,
kuairand,none,100,100000,0.8,mid_greedy,G1,40,0.0652729,1.10506,21.8603,0.331403,0.0633274,1,1,0.170618,0.865406,0.244798,0.91574,,,,,,,,consistent,False,,,,,,
kuairand,w-high.g-none.v-none,100,100000,0.8,source,G1,40,1,0.106918,1.31487,0.811613,0.547857,1,1,-0.00716386,0.994321,0.437288,0.526885,,,,,,,,consistent,False,,,,,,
kuairand,w-high.g-none.v-none,100,100000,0.8,mid,G1,40,0.0585588,1.24391,3.10091,0.291884,0.157063,1,1,-1.30863,0.198319,0.552287,0.156166,,,,,,,,consistent,False,,,,,,
kuairand,w-high.g-none.v-none,100,100000,0.8,mid_greedy,G1,40,0.00836059,0.791283,1.47711,0.418908,0.230978,1,1,-0.230113,0.819207,0.914008,0.00841807,,,,,,,,consistent,False,,,,,,
kuairand,w-none.g-high.v-none,100,100000,0.8,source,G1,40,1,0.135173,1.21425,0.762353,0.194528,1,1,0.228305,0.820602,0.465696,0.667357,,,,,,,,consistent,False,,,,,,
kuairand,w-none.g-high.v-none,100,100000,0.8,mid,G1,40,0.436544,0.627198,1.58789,0.498593,0.528811,1,1,0.759438,0.452157,0.502227,0.00118555,,,,,,,,consistent,False,,,,,,
kuairand,w-none.g-high.v-none,100,100000,0.8,mid_greedy,G1,40,0.0285065,1.30827,11.3029,0.210051,0.384168,1,1,-1.17545,0.24694,0.277198,0.103701,,,,,,,,consistent,False,,,,,,
kuairand,w-none.g-none.v-high,100,100000,0.8,source,G1,40,1,0.375474,1.22804,0.583365,0.91553,1,1,0.550452,0.585149,0.465446,0.672456,,,,,,,,consistent,False,,,,,,
kuairand,w-none.g-none.v-high,100,100000,0.8,mid,G1,40,0.433064,0.310254,1.56541,0.678877,0.546449,1,1,-0.054639,0.956705,0.468728,0.293379,,,,,,,,consistent,False,,,,,,
kuairand,w-none.g-none.v-high,100,100000,0.8,mid_greedy,G1,40,0.0141892,0.784786,1.49076,0.422462,0.176069,1,1,-0.108921,0.913823,0.837563,0.56639,,,,,,,,consistent,False,,,,,,
ml,high,100,100000,0.8,source,G1,40,1,0.595158,1.32666,0.485276,0.339669,1,1,-0.705436,0.484732,0.512873,0.0534251,,,,,,,,consistent,False,,,,,,
ml,high,100,100000,0.8,mid,G1,40,0.00946997,0.836445,4.74528,0.518376,0.630737,1,1,-0.866686,0.391415,0.499628,0.983535,,,,,,,,consistent,False,,,,,,
ml,high,100,100000,0.8,mid_greedy,G1,40,0.00577459,0.895523,1.91433,0.404563,0.0868852,1,1,-0.66693,0.508744,0.811439,0.993693,,,,,,,,consistent,False,,,,,,
ml,none,100,100000,0.8,source,G1,40,1,1.289,1.21151,0.26375,0.197616,1,1,-1.13745,0.26229,0.498194,0.228402,,,,,,,,consistent,False,,,,,,
ml,none,100,100000,0.8,mid,G1,40,0.339593,3.02407,2.40046,0.0391461,0.619405,1,1,-2.10647,0.0416496,0.37455,0.284419,,,,,,,,consistent,False,,,,,,
ml,none,100,100000,0.8,mid_greedy,G1,40,0.159997,1.16871,17.4016,0.279631,0.820524,1,1,1.09761,0.279104,0.198252,0.21586,,,,,,,,consistent,False,,,,,,
ml,w-high.g-none.v-none,100,100000,0.8,source,G1,40,1,3.74616,1.55785,0.0338529,0.81058,1,1,-2.10895,0.0414218,0.350606,0.498654,,,,,,,,consistent,False,,,,,,
ml,w-high.g-none.v-none,100,100000,0.8,mid,G1,40,0.135133,3.1979,2.09938,0.0384651,0.015149,1,1,-1.9852,0.0541864,0.314905,0.177407,,,,,,,,consistent,False,,,,,,
ml,w-high.g-none.v-none,100,100000,0.8,mid_greedy,G1,40,0.0129978,6.72918,3.10584,0.000125251,0.0588626,0.0544844,1,-3.45239,0.00135154,0.407486,0.0710974,,,,,,,,consistent,False,,,,,,
ml,w-none.g-high.v-none,100,100000,0.8,source,G1,40,1,0.117256,1.26375,0.790856,0.0188279,1,1,0.00187556,0.998513,0.406074,0.309588,,,,,,,,consistent,False,,,,,,
ml,w-none.g-high.v-none,100,100000,0.8,mid,G1,40,0.176211,0.38352,2.50271,0.728083,0.467113,1,1,0.236253,0.814473,0.342066,0.31643,,,,,,,,consistent,False,,,,,,
ml,w-none.g-high.v-none,100,100000,0.8,mid_greedy,G1,40,0.0062821,1.33361,6.01925,0.237819,0.716158,1,1,1.18776,0.242113,0.336241,0.787958,,,,,,,,consistent,False,,,,,,
ml,w-none.g-none.v-high,100,100000,0.8,source,G1,40,1,1.57768,1.24081,0.211106,0.366578,1,1,-1.27544,0.209697,0.434958,0.599666,,,,,,,,consistent,False,,,,,,
ml,w-none.g-none.v-high,100,100000,0.8,mid,G1,40,0.254933,0.231452,1.69201,0.755948,0.587593,1,1,0.217508,0.828947,0.397275,0.358065,,,,,,,,consistent,False,,,,,,
ml,w-none.g-none.v-high,100,100000,0.8,mid_greedy,G1,40,0.0365837,0.778359,7.53734,0.614469,0.682147,1,1,0.698429,0.489053,0.300574,0.59972,,,,,,,,consistent,False,,,,,,
anime,high,100,100000,0.9,source,G1,40,1,0.562198,1.35379,0.503791,0.670005,1,1,0.709373,0.482313,0.3221,0.256774,,,,,,,,consistent,False,,,,,,
anime,high,100,100000,0.9,mid,G1,40,0.00253074,0.844925,4.54586,0.508521,0.226525,1,1,-0.651424,0.518593,0.446097,0.172072,,,,,,,,consistent,False,,,,,,
anime,high,100,100000,0.9,mid_greedy,G1,40,0.000884872,1.16181,6.31559,0.322824,0.0257253,1,1,-1.3143,0.196423,0.350317,0.630369,,,,,,,,consistent,False,,,,,,
anime,none,100,100000,0.9,source,G1,40,1,0.213806,1.33124,0.713849,0.919855,1,1,0.316932,0.752986,0.462288,0.997962,,,,,,,,consistent,False,,,,,,
anime,none,100,100000,0.9,mid,G1,40,0.40178,1.0709,3.56574,0.365706,0.223191,1,1,-1.05728,0.29689,0.296712,0.909219,,,,,,,,consistent,False,,,,,,
anime,none,100,100000,0.9,mid_greedy,G1,40,0.219548,0.937297,26.8965,0.557013,0.0493793,1,1,0.433434,0.667088,0.172882,0.334239,,,,,,,,consistent,False,,,,,,
anime,w-high.g-none.v-none,100,100000,0.9,source,G1,40,1,0.398145,1.55654,0.619447,0.962935,1,1,-0.541701,0.591106,0.277719,0.2175,,,,,,,,consistent,False,,,,,,
anime,w-high.g-none.v-none,100,100000,0.9,mid,G1,40,0.00126523,0.669369,2.97379,0.569443,0.437595,1,1,0.623356,0.536679,0.625363,0.0153856,,,,,,,,consistent,False,,,,,,
anime,w-high.g-none.v-none,100,100000,0.9,mid_greedy,G1,40,0.000102346,1.68849,6.55681,0.112043,0.0341497,1,1,1.65817,0.105307,0.553609,0.00560291,,,,,,,,consistent,False,,,,,,
anime,w-none.g-high.v-none,100,100000,0.9,source,G1,40,1,0.316019,1.98633,0.727549,0.915427,1,1,0.0931763,0.926241,0.319948,0.748425,,,,,,,,consistent,False,,,,,,
anime,w-none.g-high.v-none,100,100000,0.9,mid,G1,40,0.203708,0.316994,2.53428,0.77885,0.40273,1,1,-0.055903,0.955705,0.405324,0.58495,,,,,,,,consistent,False,,,,,,
anime,w-none.g-high.v-none,100,100000,0.9,mid_greedy,G1,40,0.0149998,0.878075,6.75175,0.519726,0.0441332,1,1,-0.262213,0.794537,0.410574,0.000988975,,,,,,,,consistent,False,,,,,,
anime,w-none.g-none.v-high,100,100000,0.9,source,G1,40,1,0.929664,1.58411,0.37566,0.47263,1,1,-0.953498,0.34621,0.388887,0.244303,,,,,,,,consistent,False,,,,,,
anime,w-none.g-none.v-high,100,100000,0.9,mid,G1,40,0.536287,0.463214,2.52255,0.6744,0.66943,1,1,-0.241485,0.810445,0.341627,0.124018,,,,,,,,consistent,False,,,,,,
anime,w-none.g-none.v-high,100,100000,0.9,mid_greedy,G1,40,0.279281,0.647398,2.84334,0.57634,0.841197,1,1,0.541089,0.591524,0.290252,0.644513,,,,,,,,consistent,False,,,,,,
kuairand,high,100,100000,0.9,source,G1,40,1,0.704403,2.5234,0.525756,0.850773,1,1,-0.801899,0.427471,0.311449,0.938883,,,,,,,,consistent,False,,,,,,
kuairand,high,100,100000,0.9,mid,G1,40,0.00028328,2.88653,4.39209,0.0174617,6.69817e-05,1,0.0288691,-1.09136,0.281811,0.672247,0.000123317,,,,,,,,biased,False,,,,,,
kuairand,high,100,100000,0.9,mid_greedy,G1,40,0.00028328,2.88653,4.39209,0.0174617,6.69817e-05,1,0.0288691,-1.09136,0.281811,0.672247,0.000123317,,,,,,,,biased,False,,,,,,
kuairand,none,100,100000,0.9,source,G1,40,1,1.3716,1.56378,0.252131,0.868684,1,1,-1.19066,0.240982,0.364704,0.5325,,,,,,,,consistent,False,,,,,,
kuairand,none,100,100000,0.9,mid,G1,40,0.379777,0.835941,2.69586,0.463339,0.635931,1,1,-0.611853,0.544185,0.27376,0.764815,,,,,,,,consistent,False,,,,,,
kuairand,none,100,100000,0.9,mid_greedy,G1,40,0.156651,1.02741,22.5571,0.42448,0.0620446,1,1,1.34717,0.185702,0.195382,0.0808502,,,,,,,,consistent,False,,,,,,
kuairand,w-high.g-none.v-none,100,100000,0.9,source,G1,40,1,0.279185,1.6612,0.714857,0.97803,1,1,0.120553,0.904664,0.383682,0.733989,,,,,,,,consistent,False,,,,,,
kuairand,w-high.g-none.v-none,100,100000,0.9,mid,G1,40,0.0121656,0.578584,1.73709,0.537235,0.00100113,1,0.427481,-0.33428,0.739959,0.840887,0.119702,,,,,,,,consistent,False,,,,,,
kuairand,w-high.g-none.v-none,100,100000,0.9,mid_greedy,G1,40,0.00218304,0.496293,3.38056,0.707196,0.00162738,1,0.685126,0.600047,0.551946,0.734852,0.125417,,,,,,,,consistent,False,,,,,,
kuairand,w-none.g-high.v-none,100,100000,0.9,source,G1,40,1,0.331966,1.61062,0.670101,0.265162,1,1,-0.341996,0.73419,0.408032,0.749346,,,,,,,,consistent,False,,,,,,
kuairand,w-none.g-high.v-none,100,100000,0.9,mid,G1,40,0.145502,0.617042,5.31381,0.696865,0.324398,1,1,0.178116,0.859554,0.456895,0.0349639,,,,,,,,consistent,False,,,,,,
kuairand,w-none.g-high.v-none,100,100000,0.9,mid_greedy,G1,40,0.0120543,1.35655,4.39069,0.242853,0.126967,1,1,0.344919,0.732009,0.610588,0.127376,,,,,,,,consistent,False,,,,,,
kuairand,w-none.g-none.v-high,100,100000,0.9,source,G1,40,1,5.04726,1.86172,0.00773792,0.445589,1,1,-2.57975,0.0137701,0.402743,0.40179,,,,,,,,consistent,False,,,,,,
kuairand,w-none.g-none.v-high,100,100000,0.9,mid,G1,40,0.0780339,0.598851,4.44248,0.68102,0.67133,1,1,0.441082,0.661589,0.549287,0.385723,,,,,,,,consistent,False,,,,,,
kuairand,w-none.g-none.v-high,100,100000,0.9,mid_greedy,G1,40,0.00534916,0.841056,6.25546,0.541943,0.130162,1,1,1.14886,0.257609,0.574145,0.0182748,,,,,,,,consistent,False,,,,,,
ml,high,100,100000,0.9,source,G1,40,1,0.16819,1.42731,0.76994,0.0331636,1,1,0.0573687,0.954544,0.426193,0.314013,,,,,,,,consistent,False,,,,,,
ml,high,100,100000,0.9,mid,G1,40,0.00111017,0.901902,1.24282,0.363082,0.0124474,1,1,0.0365889,0.970999,0.955345,0.00412959,,,,,,,,consistent,False,,,,,,
ml,high,100,100000,0.9,mid_greedy,G1,40,0.000589834,0.818521,1.03098,0.369031,0.00667846,1,1,0.779801,0.440215,0.969829,0.153641,,,,,,,,consistent,False,,,,,,
ml,none,100,100000,0.9,source,G1,40,1,0.192556,1.53451,0.76552,0.153574,1,1,0.171192,0.864958,0.38507,0.915733,,,,,,,,consistent,False,,,,,,
ml,none,100,100000,0.9,mid,G1,40,0.444272,0.638067,3.99797,0.635222,0.00158255,1,0.667836,-0.517804,0.60752,0.247422,0.565772,,,,,,,,consistent,False,,,,,,
ml,none,100,100000,0.9,mid_greedy,G1,40,0.293396,0.971511,15.6066,0.484204,0.0581923,1,1,-0.306017,0.761219,0.180397,0.44086,,,,,,,,consistent,False,,,,,,
ml,w-high.g-none.v-none,100,100000,0.9,source,G1,40,1,0.538475,1.86172,0.570976,0.251282,1,1,-0.642151,0.524532,0.355068,0.156787,,,,,,,,consistent,False,,,,,,
ml,w-high.g-none.v-none,100,100000,0.9,mid,G1,40,0.0535208,0.655975,4.05705,0.624758,0.804078,1,1,-0.291025,0.772574,0.353732,0.495204,,,,,,,,consistent,False,,,,,,
ml,w-high.g-none.v-none,100,100000,0.9,mid_greedy,G1,40,0.0152883,0.753449,4.68834,0.575299,0.91674,1,1,0.16375,0.870774,0.432154,0.0235955,,,,,,,,consistent,False,,,,,,
ml,w-none.g-high.v-none,100,100000,0.9,source,G1,40,1,1.77075,1.71954,0.175377,0.187134,1,1,1.44112,0.157533,0.501462,0.02237,,,,,,,,consistent,False,,,,,,
ml,w-none.g-high.v-none,100,100000,0.9,mid,G1,40,0.0714888,0.76567,5.76144,0.591801,0.54028,1,1,0.496538,0.622302,0.404333,0.0708658,,,,,,,,consistent,False,,,,,,
ml,w-none.g-high.v-none,100,100000,0.9,mid_greedy,G1,40,0.0017855,0.659333,2.2935,0.537268,0.0125331,1,1,0.290703,0.772819,0.834494,0.100482,,,,,,,,consistent,False,,,,,,
ml,w-none.g-none.v-high,100,100000,0.9,source,G1,40,1,0.475904,1.64863,0.584375,0.488582,1,1,-0.543968,0.58956,0.48417,0.110397,,,,,,,,consistent,False,,,,,,
ml,w-none.g-none.v-high,100,100000,0.9,mid,G1,40,0.145694,1.28097,5.91915,0.262595,0.354323,1,1,-1.35078,0.184552,0.284675,0.940465,,,,,,,,consistent,False,,,,,,
ml,w-none.g-none.v-high,100,100000,0.9,mid_greedy,G1,40,0.0441474,0.895833,8.54358,0.523832,0.937312,1,1,-1.13572,0.263004,0.442644,0.0598878,,,,,,,,consistent,False,,,,,,
anime,high,100,25000,0.6,source,G1,40,1,0.364581,1.11469,0.569101,0.64447,1,1,-0.576726,0.567439,0.451417,0.819387,,,,,,,,consistent,False,,,,,,
anime,high,100,25000,0.6,mid,G1,40,0.0215271,0.548117,1.38786,0.514773,0.115033,1,1,-0.663854,0.510689,0.424022,0.129621,,,,,,,,consistent,False,,,,,,
anime,high,100,25000,0.6,mid_greedy,G1,40,0.00419231,0.927049,2.20678,0.403488,0.530051,1,1,-0.857565,0.396372,0.615958,0.0913894,,,,,,,,consistent,False,,,,,,
anime,none,100,25000,0.6,source,G1,40,1,0.247165,1.0704,0.635424,0.441822,1,1,0.467338,0.642859,0.531529,0.206099,,,,,,,,consistent,False,,,,,,
anime,none,100,25000,0.6,mid,G1,40,0.274578,0.580108,1.17755,0.472681,0.598245,1,1,-0.73321,0.467815,0.428084,0.544479,,,,,,,,consistent,False,,,,,,
anime,none,100,25000,0.6,mid_greedy,G1,40,0.0330574,0.851117,24.6692,0.675459,0.707216,1,1,-1.22462,0.228063,0.24512,0.988984,,,,,,,,consistent,False,,,,,,
anime,w-high.g-none.v-none,100,25000,0.6,source,G1,40,1,0.44782,1.15179,0.530629,0.136415,1,1,0.631062,0.531681,0.409485,0.624713,,,,,,,,consistent,False,,,,,,
anime,w-high.g-none.v-none,100,25000,0.6,mid,G1,40,0.0192638,0.271309,1.58135,0.709493,0.82763,1,1,0.334478,0.739811,0.506167,0.68694,,,,,,,,consistent,False,,,,,,
anime,w-high.g-none.v-none,100,25000,0.6,mid_greedy,G1,40,0.00466146,0.686021,8.10473,0.706334,0.846495,1,1,1.01916,0.314407,0.471204,0.199847,,,,,,,,consistent,False,,,,,,
anime,w-none.g-high.v-none,100,25000,0.6,source,G1,40,1,0.208145,1.13214,0.678954,0.928754,1,1,0.3977,0.69302,0.378859,0.157144,,,,,,,,consistent,False,,,,,,
anime,w-none.g-high.v-none,100,25000,0.6,mid,G1,40,0.155058,0.234989,1.21445,0.67491,0.386336,1,1,-0.392411,0.696891,0.392936,0.43824,,,,,,,,consistent,False,,,,,,
anime,w-none.g-high.v-none,100,25000,0.6,mid_greedy,G1,40,0.0222113,0.613755,7.85495,0.764131,0.535901,1,1,0.107289,0.91511,0.273491,0.772511,,,,,,,,consistent,False,,,,,,
anime,w-none.g-none.v-high,100,25000,0.6,source,G1,40,1,0.520708,1.0997,0.487176,0.0137141,1,1,0.703684,0.48581,0.493982,0.92301,,,,,,,,consistent,False,,,,,,
anime,w-none.g-none.v-high,100,25000,0.6,mid,G1,40,0.343539,2.01745,1.17332,0.152632,0.309662,1,1,1.45019,0.155001,0.377012,0.405305,,,,,,,,consistent,False,,,,,,
anime,w-none.g-none.v-high,100,25000,0.6,mid_greedy,G1,40,0.0142263,1.07777,7.12133,0.374595,0.050656,1,1,-1.02963,0.309529,0.355322,0.0993039,,,,,,,,consistent,False,,,,,,
kuairand,high,100,25000,0.6,source,G1,40,1,0.109678,1.13576,0.772967,0.933247,1,1,-0.216746,0.829536,0.453004,0.260593,,,,,,,,consistent,False,,,,,,
kuairand,high,100,25000,0.6,mid,G1,40,0.0386834,1.09648,1.64469,0.32469,0.178711,1,1,-1.05378,0.29847,0.441943,0.454349,,,,,,,,consistent,False,,,,,,
kuairand,high,100,25000,0.6,mid_greedy,G1,40,0.0167949,1.25278,1.76327,0.283179,0.0410422,1,1,-0.95188,0.34702,0.386036,0.0147707,,,,,,,,consistent,False,,,,,,
kuairand,none,100,25000,0.6,source,G1,40,1,0.784852,1.07885,0.384632,0.120311,1,1,-0.867574,0.390935,0.465076,0.0470109,,,,,,,,consistent,False,,,,,,
kuairand,none,100,25000,0.6,mid,G1,40,0.424644,1.00734,1.12141,0.324609,0.565265,1,1,-0.995098,0.325823,0.506846,0.221456,,,,,,,,consistent,False,,,,,,
kuairand,none,100,25000,0.6,mid_greedy,G1,40,0.01937,0.749997,17.8119,0.759532,0.320252,1,1,-0.709322,0.482344,0.331374,0.739202,,,,,,,,consistent,False,,,,,,
kuairand,w-high.g-none.v-none,100,25000,0.6,source,G1,40,1,2.96886,1.0935,0.0812666,0.199285,1,1,-1.75073,0.0878559,0.449798,0.698959,,,,,,,,consistent,False,,,,,,
kuairand,w-high.g-none.v-none,100,25000,0.6,mid,G1,40,0.112513,6.52716,1.22235,0.006829,0.133011,1,1,-2.64124,0.0118227,0.480875,0.00956551,,,,,,,,consistent,False,,,,,,
kuairand,w-high.g-none.v-none,100,25000,0.6,mid_greedy,G1,40,0.0078461,0.685053,2.89343,0.555914,0.3638,1,1,-0.279948,0.780997,0.415455,0.00099795,,,,,,,,consistent,False,,,,,,
kuairand,w-none.g-high.v-none,100,25000,0.6,source,G1,40,1,1.12963,1.10001,0.29371,0.95181,1,1,1.06328,0.294196,0.409094,0.33937,,,,,,,,consistent,False,,,,,,
kuairand,w-none.g-high.v-none,100,25000,0.6,mid,G1,40,0.204169,1.02713,1.27996,0.329179,0.150539,1,1,1.00163,0.322698,0.414977,0.0813773,,,,,,,,consistent,False,,,,,,
kuairand,w-none.g-high.v-none,100,25000,0.6,mid_greedy,G1,40,0.0162449,0.726262,8.87295,0.683231,0.590381,1,1,-1.13605,0.262869,0.379088,0.466315,,,,,,,,consistent,False,,,,,,
kuairand,w-none.g-none.v-high,100,25000,0.6,source,G1,40,1,0.585315,1.12939,0.463732,0.138069,1,1,-0.751652,0.456773,0.31568,0.349197,,,,,,,,consistent,False,,,,,,
kuairand,w-none.g-none.v-high,100,25000,0.6,mid,G1,40,0.22159,1.59653,1.22159,0.208027,0.634858,1,1,1.31081,0.197589,0.474075,0.278646,,,,,,,,consistent,False,,,,,,
kuairand,w-none.g-none.v-high,100,25000,0.6,mid_greedy,G1,40,0.0115204,0.763251,6.12331,0.601306,0.0498056,1,1,-0.731817,0.468655,0.416939,0.2065,,,,,,,,consistent,False,,,,,,
ml,high,100,25000,0.6,source,G1,40,1,0.0951853,1.18669,0.800651,0.983546,1,1,-0.143473,0.886655,0.361283,0.594825,,,,,,,,consistent,False,,,,,,
ml,high,100,25000,0.6,mid,G1,40,0.0218625,0.960642,2.29858,0.3925,0.0793104,1,1,0.981191,0.332547,0.392913,0.371798,,,,,,,,consistent,False,,,,,,
ml,high,100,25000,0.6,mid_greedy,G1,40,0.0109128,0.967501,4.16091,0.426092,0.418766,1,1,0.894043,0.376783,0.463011,0.0196733,,,,,,,,consistent,False,,,,,,
ml,none,100,25000,0.6,source,G1,40,1,3.01883,1.09581,0.0785608,0.185285,1,1,1.76392,0.0855774,0.423689,0.777726,,,,,,,,consistent,False,,,,,,
ml,none,100,25000,0.6,mid,G1,40,0.321971,0.798174,1.1605,0.388816,0.926358,1,1,0.885645,0.381237,0.466399,0.73583,,,,,,,,consistent,False,,,,,,
ml,none,100,25000,0.6,mid_greedy,G1,40,0.057022,1.1948,10.915,0.284471,0.0695513,1,1,-1.56977,0.124547,0.269988,0.966299,,,,,,,,consistent,False,,,,,,
ml,w-high.g-none.v-none,100,25000,0.6,source,G1,40,1,0.038387,1.082,0.862591,0.373259,1,1,-0.0501361,0.96027,0.507681,0.359541,,,,,,,,consistent,False,,,,,,
ml,w-high.g-none.v-none,100,25000,0.6,mid,G1,40,0.167672,1.24317,1.24443,0.274529,0.102034,1,1,1.13624,0.26279,0.452447,0.838345,,,,,,,,consistent,False,,,,,,
ml,w-high.g-none.v-none,100,25000,0.6,mid_greedy,G1,40,0.00456629,1.26799,5.8578,0.269174,0.359598,1,1,1.25327,0.217569,0.519129,0.338808,,,,,,,,consistent,False,,,,,,
ml,w-none.g-high.v-none,100,25000,0.6,source,G1,40,1,4.8785,1.11916,0.023391,0.871944,1,1,2.2607,0.0294344,0.377564,0.21313,,,,,,,,consistent,False,,,,,,
ml,w-none.g-high.v-none,100,25000,0.6,mid,G1,40,0.22503,0.130195,1.23728,0.772073,0.497911,1,1,0.178816,0.859008,0.425782,0.816328,,,,,,,,consistent,False,,,,,,
ml,w-none.g-high.v-none,100,25000,0.6,mid_greedy,G1,40,0.0127097,0.567465,2.87283,0.62893,0.92015,1,1,-0.159172,0.874355,0.661759,0.962565,,,,,,,,consistent,False,,,,,,
ml,w-none.g-none.v-high,100,25000,0.6,source,G1,40,1,2.10108,1.12345,0.1448,0.42996,1,1,1.47471,0.148319,0.394623,0.879573,,,,,,,,consistent,False,,,,,,
ml,w-none.g-none.v-high,100,25000,0.6,mid,G1,40,0.226294,0.104016,1.20803,0.794629,0.360961,1,1,0.152558,0.879533,0.528213,0.457333,,,,,,,,consistent,False,,,,,,
ml,w-none.g-none.v-high,100,25000,0.6,mid_greedy,G1,40,0.0205318,0.715233,3.55833,0.565562,0.642525,1,1,0.537027,0.594299,0.391727,0.591055,,,,,,,,consistent,False,,,,,,
anime,high,100,25000,0.9,source,G1,40,1,0.194298,1.40854,0.743739,0.626585,1,1,0.201006,0.841738,0.47746,0.437694,,,,,,,,consistent,False,,,,,,
anime,high,100,25000,0.9,mid,G1,40,0.00253074,0.732925,3.98289,0.568761,0.931955,1,1,0.519394,0.606422,0.66751,0.0111345,,,,,,,,consistent,False,,,,,,
anime,high,100,25000,0.9,mid_greedy,G1,40,0.000884872,1.14641,4.10874,0.332698,0.709513,1,1,1.43954,0.157976,0.738889,0.934662,,,,,,,,consistent,False,,,,,,
anime,none,100,25000,0.9,source,G1,40,1,0.728779,1.52922,0.44805,0.470135,1,1,-0.808891,0.423485,0.353527,0.70142,,,,,,,,consistent,False,,,,,,
anime,none,100,25000,0.9,mid,G1,40,0.40178,1.17557,2.88664,0.316789,0.781954,1,1,-1.17084,0.248769,0.354358,0.020179,,,,,,,,consistent,False,,,,,,
anime,none,100,25000,0.9,mid_greedy,G1,40,0.219548,0.997922,26.6379,0.466559,0.610011,1,1,0.739162,0.464234,0.197446,0.110644,,,,,,,,consistent,False,,,,,,
anime,w-high.g-none.v-none,100,25000,0.9,source,G1,40,1,0.246882,1.63372,0.735686,0.297134,1,1,0.0766151,0.939321,0.439026,0.694764,,,,,,,,consistent,False,,,,,,
anime,w-high.g-none.v-none,100,25000,0.9,mid,G1,40,0.00126523,0.70502,5.34106,0.628942,0.360943,1,1,-0.16102,0.872909,0.438063,0.00859623,,,,,,,,consistent,False,,,,,,
anime,w-high.g-none.v-none,100,25000,0.9,mid_greedy,G1,40,0.000102346,1.03704,4.74376,0.392077,0.725186,1,1,-1.25481,0.217017,0.608983,0.146159,,,,,,,,consistent,False,,,,,,
anime,w-none.g-high.v-none,100,25000,0.9,source,G1,40,1,0.503791,1.62499,0.565898,0.696784,1,1,-0.62672,0.534494,0.410777,0.134939,,,,,,,,consistent,False,,,,,,
anime,w-none.g-high.v-none,100,25000,0.9,mid,G1,40,0.203708,0.623777,4.15141,0.651503,0.126834,1,1,0.662236,0.511715,0.246274,0.336262,,,,,,,,consistent,False,,,,,,
anime,w-none.g-high.v-none,100,25000,0.9,mid_greedy,G1,40,0.0149998,1.28069,6.59485,0.258029,0.273837,1,1,-1.30779,0.198601,0.512079,0.249199,,,,,,,,consistent,False,,,,,,
anime,w-none.g-none.v-high,100,25000,0.9,source,G1,40,1,1.08001,1.37494,0.319407,0.11325,1,1,-1.05896,0.296132,0.479333,0.249145,,,,,,,,consistent,False,,,,,,
anime,w-none.g-none.v-high,100,25000,0.9,mid,G1,40,0.536287,3.20807,3.20521,0.0194853,0.580403,1,1,-2.28838,0.0276175,0.249418,0.618583,,,,,,,,consistent,False,,,,,,
anime,w-none.g-none.v-high,100,25000,0.9,mid_greedy,G1,40,0.279281,1.1791,5.33047,0.3158,0.808338,1,1,-1.26151,0.21462,0.302844,0.907492,,,,,,,,consistent,False,,,,,,
kuairand,high,100,25000,0.9,source,G1,40,1,1.21592,2.08586,0.297369,0.761411,1,1,1.19068,0.240976,0.359873,0.519543,,,,,,,,consistent,False,,,,,,
kuairand,high,100,25000,0.9,mid,G1,40,0.00028328,1.68858,2.05691,0.183843,0.000161037,1,0.0690848,-0.721434,0.474945,0.843255,6.06144e-07,,,,,,,,consistent,False,,,,,,
kuairand,high,100,25000,0.9,mid_greedy,G1,40,0.00028328,1.68858,2.05691,0.183843,0.000161037,1,0.0690848,-0.721434,0.474945,0.843255,6.06144e-07,,,,,,,,consistent,False,,,,,,
kuairand,none,100,25000,0.9,source,G1,40,1,0.533992,1.44093,0.528297,0.592489,1,1,-0.672072,0.5055,0.381935,0.424893,,,,,,,,consistent,False,,,,,,
kuairand,none,100,25000,0.9,mid,G1,40,0.379777,2.08282,3.32233,0.0932003,0.780501,1,1,-1.83597,0.0739946,0.449644,0.411725,,,,,,,,consistent,False,,,,,,
kuairand,none,100,25000,0.9,mid_greedy,G1,40,0.156651,0.887381,12.8658,0.565132,0.385037,1,1,-0.0934861,0.925996,0.42318,0.471789,,,,,,,,consistent,False,,,,,,
kuairand,w-high.g-none.v-none,100,25000,0.9,source,G1,40,1,0.601624,1.7049,0.522293,0.0366089,1,1,-0.681982,0.499281,0.38405,0.923398,,,,,,,,consistent,False,,,,,,
kuairand,w-high.g-none.v-none,100,25000,0.9,mid,G1,40,0.0121656,0.877286,2.16172,0.422978,0.00132528,1,0.560592,0.564262,0.575807,0.903396,0.0369688,,,,,,,,consistent,False,,,,,,
kuairand,w-high.g-none.v-none,100,25000,0.9,mid_greedy,G1,40,0.00218304,1.8585,4.13367,0.11226,0.143512,1,1,-0.186122,0.853314,0.350461,0.00058284,,,,,,,,consistent,False,,,,,,
kuairand,w-none.g-high.v-none,100,25000,0.9,source,G1,40,1,0.712782,1.74506,0.472237,0.8647,1,1,0.709309,0.482352,0.377005,0.865216,,,,,,,,consistent,False,,,,,,
kuairand,w-none.g-high.v-none,100,25000,0.9,mid,G1,40,0.145502,0.709536,2.78035,0.535912,0.0164097,1,1,0.368684,0.714357,0.431333,0.831322,,,,,,,,consistent,False,,,,,,
kuairand,w-none.g-high.v-none,100,25000,0.9,mid_greedy,G1,40,0.0120543,0.613119,2.77454,0.59383,0.00104423,1,0.444842,0.67387,0.504368,0.765749,0.00324759,,,,,,,,consistent,False,,,,,,
kuairand,w-none.g-none.v-high,100,25000,0.9,source,G1,40,1,0.366407,1.59029,0.644232,0.302138,1,1,0.466934,0.643145,0.410462,0.499725,,,,,,,,consistent,False,,,,,,
kuairand,w-none.g-none.v-high,100,25000,0.9,mid,G1,40,0.0780339,1.03602,3.32228,0.379642,0.19151,1,1,0.0113978,0.990964,0.468419,0.0114855,,,,,,,,consistent,False,,,,,,
kuairand,w-none.g-none.v-high,100,25000,0.9,mid_greedy,G1,40,0.00534916,0.946283,1.20152,0.346884,0.0440931,1,1,-1.20153,0.236792,0.937569,0.00169427,,,,,,,,consistent,False,,,,,,
ml,high,100,25000,0.9,source,G1,40,1,1.33335,1.62153,0.261392,0.69244,1,1,1.20273,0.236331,0.38367,0.952863,,,,,,,,consistent,False,,,,,,
ml,high,100,25000,0.9,mid,G1,40,0.00111017,1.16674,2.74559,0.319275,0.520859,1,1,1.07791,0.287698,0.814476,0.11552,,,,,,,,consistent,False,,,,,,
ml,high,100,25000,0.9,mid_greedy,G1,40,0.000589834,0.951146,3.25978,0.420214,0.0875808,1,1,0.72213,0.474522,0.789832,0.000635344,,,,,,,,consistent,False,,,,,,
ml,none,100,25000,0.9,source,G1,40,1,0.568447,1.54556,0.522964,0.614174,1,1,-0.659496,0.513453,0.465578,0.298459,,,,,,,,consistent,False,,,,,,
ml,none,100,25000,0.9,mid,G1,40,0.444272,0.437171,4.70929,0.81209,0.467048,1,1,-0.0832551,0.934075,0.232118,0.28973,,,,,,,,consistent,False,,,,,,
ml,none,100,25000,0.9,mid_greedy,G1,40,0.293396,0.647267,14.1868,0.829114,0.566594,1,1,0.54061,0.591851,0.280648,0.905761,,,,,,,,consistent,False,,,,,,
ml,w-high.g-none.v-none,100,25000,0.9,source,G1,40,1,0.559368,1.50896,0.523479,0.250933,1,1,-0.676311,0.502834,0.39095,0.631034,,,,,,,,consistent,False,,,,,,
ml,w-high.g-none.v-none,100,25000,0.9,mid,G1,40,0.0535208,0.818771,2.15327,0.448748,0.0912791,1,1,0.0782156,0.938057,0.590363,0.00213397,,,,,,,,consistent,False,,,,,,
ml,w-high.g-none.v-none,100,25000,0.9,mid_greedy,G1,40,0.0152883,0.833417,3.12485,0.479281,0.164922,1,1,-0.444569,0.659089,0.613453,0.0747645,,,,,,,,consistent,False,,,,,,
ml,w-none.g-high.v-none,100,25000,0.9,source,G1,40,1,2.7889,1.72342,0.0696754,0.0611964,1,1,-1.84399,0.0727915,0.398471,0.484785,,,,,,,,consistent,False,,,,,,
ml,w-none.g-high.v-none,100,25000,0.9,mid,G1,40,0.0714888,0.871808,2.39453,0.434681,0.843825,1,1,-0.943535,0.351216,0.704794,0.392856,,,,,,,,consistent,False,,,,,,
ml,w-none.g-high.v-none,100,25000,0.9,mid_greedy,G1,40,0.0017855,0.706468,1.93767,0.489142,0.0144502,1,1,0.762415,0.450399,0.749506,0.00238013,,,,,,,,consistent,False,,,,,,
ml,w-none.g-none.v-high,100,25000,0.9,source,G1,40,1,2.11098,1.64886,0.130569,0.936781,1,1,-1.54584,0.13022,0.439766,0.675814,,,,,,,,consistent,False,,,,,,
ml,w-none.g-none.v-high,100,25000,0.9,mid,G1,40,0.145694,0.654275,4.90124,0.655127,0.261216,1,1,-0.115194,0.908882,0.30438,0.407861,,,,,,,,consistent,False,,,,,,
ml,w-none.g-none.v-high,100,25000,0.9,mid_greedy,G1,40,0.0441474,0.791972,6.10399,0.577993,0.408539,1,1,0.451479,0.654145,0.464499,0.0814814,,,,,,,,consistent,False,,,,,,
anime,high,100,5000,0.6,source,G1,40,1,0.703889,1.15634,0.420997,0.412125,1,1,-0.82625,0.413688,0.396956,0.707444,,,,,,,,consistent,False,,,,,,
anime,high,100,5000,0.6,mid,G1,40,0.0215271,1.24852,1.44063,0.278614,0.0836977,1,1,-1.13662,0.262633,0.51104,0.0374516,,,,,,,,consistent,False,,,,,,
anime,high,100,5000,0.6,mid_greedy,G1,40,0.00419231,3.28002,1.99475,0.0377533,0.347397,1,1,-2.05973,0.0461433,0.605933,0.0795479,,,,,,,,consistent,False,,,,,,
anime,none,100,5000,0.6,source,G1,40,1,1.3829,1.1674,0.244168,0.518099,1,1,-1.19333,0.23995,0.400962,0.440907,,,,,,,,consistent,False,,,,,,
anime,none,100,5000,0.6,mid,G1,40,0.274578,1.00548,1.10749,0.324112,0.417354,1,1,-1.01072,0.318382,0.518374,0.982252,,,,,,,,consistent,False,,,,,,
anime,none,100,5000,0.6,mid_greedy,G1,40,0.0330574,1.01757,19.3823,0.435834,0.181464,1,1,-0.383246,0.703619,0.346688,0.305559,,,,,,,,consistent,False,,,,,,
anime,w-high.g-none.v-none,100,5000,0.6,source,G1,40,1,1.42636,1.19702,0.236739,0.175817,1,1,1.21261,0.232574,0.38159,0.346214,,,,,,,,consistent,False,,,,,,
anime,w-high.g-none.v-none,100,5000,0.6,mid,G1,40,0.0192638,0.932468,1.89989,0.389515,0.714775,1,1,0.931996,0.357073,0.446115,0.30722,,,,,,,,consistent,False,,,,,,
anime,w-high.g-none.v-none,100,5000,0.6,mid_greedy,G1,40,0.00466146,1.0084,12.1395,0.437882,0.0618009,1,1,-0.386876,0.700951,0.473474,0.373447,,,,,,,,consistent,False,,,,,,
anime,w-none.g-high.v-none,100,5000,0.6,source,G1,40,1,0.0729088,1.11593,0.814366,0.842328,1,1,0.165788,0.869181,0.45022,0.468561,,,,,,,,consistent,False,,,,,,
anime,w-none.g-high.v-none,100,5000,0.6,mid,G1,40,0.155058,0.0660575,1.17804,0.836788,0.709411,1,1,0.0516678,0.959057,0.574152,0.0225539,,,,,,,,consistent,False,,,,,,
anime,w-none.g-high.v-none,100,5000,0.6,mid_greedy,G1,40,0.0222113,0.72032,5.73395,0.626907,0.637201,1,1,-0.735239,0.466593,0.350007,0.213348,,,,,,,,consistent,False,,,,,,
anime,w-none.g-none.v-high,100,5000,0.6,source,G1,40,1,0.715344,1.17607,0.419078,0.653802,1,1,-0.839386,0.406369,0.499293,0.8766,,,,,,,,consistent,False,,,,,,
anime,w-none.g-none.v-high,100,5000,0.6,mid,G1,40,0.343539,1.16918,1.1643,0.287948,0.948377,1,1,-1.09223,0.281433,0.449236,0.217128,,,,,,,,consistent,False,,,,,,
anime,w-none.g-none.v-high,100,5000,0.6,mid_greedy,G1,40,0.0142263,1.34296,11.9612,0.186275,0.391051,1,1,-1.77953,0.0829461,0.315303,0.930745,,,,,,,,consistent,False,,,,,,
kuairand,high,100,5000,0.6,source,G1,40,1,0.192625,1.1679,0.699498,0.736532,1,1,0.325985,0.746179,0.375071,0.498518,,,,,,,,consistent,False,,,,,,
kuairand,high,100,5000,0.6,mid,G1,40,0.0386834,0.837906,1.92345,0.42867,0.0113409,1,1,-0.420768,0.676234,0.727883,0.00460974,,,,,,,,consistent,False,,,,,,
kuairand,high,100,5000,0.6,mid_greedy,G1,40,0.0167949,1.05206,2.12233,0.352314,0.00359037,1,1,-0.125855,0.900493,0.874333,0.00412581,,,,,,,,consistent,False,,,,,,
kuairand,none,100,5000,0.6,source,G1,40,1,0.394906,1.0643,0.542523,0.0286526,1,1,0.614331,0.542564,0.450566,0.658096,,,,,,,,consistent,False,,,,,,
kuairand,none,100,5000,0.6,mid,G1,40,0.424644,0.2022,1.08828,0.674015,0.983062,1,1,-0.413173,0.681743,0.559003,0.146562,,,,,,,,consistent,False,,,,,,
kuairand,none,100,5000,0.6,mid_greedy,G1,40,0.01937,0.99054,8.98616,0.445115,0.495921,1,1,-0.15864,0.874771,0.604165,0.756636,,,,,,,,consistent,False,,,,,,
kuairand,w-high.g-none.v-none,100,5000,0.6,source,G1,40,1,0.860821,1.10092,0.363505,0.810079,1,1,0.92398,0.361178,0.368531,0.346379,,,,,,,,consistent,False,,,,,,
kuairand,w-high.g-none.v-none,100,5000,0.6,mid,G1,40,0.112513,0.257611,1.15839,0.646749,0.239292,1,1,-0.451147,0.654382,0.470146,0.736996,,,,,,,,consistent,False,,,,,,
kuairand,w-high.g-none.v-none,100,5000,0.6,mid_greedy,G1,40,0.0078461,0.6166,2.60108,0.581355,0.0650697,1,1,0.209486,0.835159,0.556724,0.0130049,,,,,,,,consistent,False,,,,,,
kuairand,w-none.g-high.v-none,100,5000,0.6,source,G1,40,1,0.0774888,1.09315,0.803071,0.660752,1,1,0.209412,0.835217,0.480176,0.39224,,,,,,,,consistent,False,,,,,,
kuairand,w-none.g-high.v-none,100,5000,0.6,mid,G1,40,0.204169,0.414043,1.13662,0.54567,0.788008,1,1,0.626768,0.534464,0.559732,0.547183,,,,,,,,consistent,False,,,,,,
kuairand,w-none.g-high.v-none,100,5000,0.6,mid_greedy,G1,40,0.0162449,0.772975,5.34226,0.576974,0.149035,1,1,-0.613978,0.542795,0.588064,0.79094,,,,,,,,consistent,False,,,,,,
kuairand,w-none.g-none.v-high,100,5000,0.6,source,G1,40,1,0.113142,1.05758,0.751025,0.297494,1,1,0.29592,0.768862,0.441981,0.870849,,,,,,,,consistent,False,,,,,,
kuairand,w-none.g-none.v-high,100,5000,0.6,mid,G1,40,0.22159,0.361011,1.15173,0.578187,0.675508,1,1,-0.575586,0.568201,0.494993,0.948646,,,,,,,,consistent,False,,,,,,
kuairand,w-none.g-none.v-high,100,5000,0.6,mid_greedy,G1,40,0.0115204,0.807488,5.45414,0.553449,0.153618,1,1,0.252538,0.801952,0.380455,0.705493,,,,,,,,consistent,False,,,,,,
ml,high,100,5000,0.6,source,G1,40,1,0.207013,1.11867,0.676919,0.590383,1,1,-0.392942,0.696502,0.560137,0.393693,,,,,,,,consistent,False,,,,,,
ml,high,100,5000,0.6,mid,G1,40,0.0218625,0.485134,2.33296,0.644851,0.535562,1,1,0.337709,0.737393,0.438571,0.200011,,,,,,,,consistent,False,,,,,,
ml,high,100,5000,0.6,mid_greedy,G1,40,0.0109128,0.48861,2.72177,0.671778,0.0962992,1,1,-0.0666904,0.947169,0.475891,0.954991,,,,,,,,consistent,False,,,,,,
ml,none,100,5000,0.6,source,G1,40,1,0.87752,1.06883,0.355618,0.701117,1,1,-0.936688,0.354684,0.410238,0.24958,,,,,,,,consistent,False,,,,,,
ml,none,100,5000,0.6,mid,G1,40,0.321971,0.824587,1.13289,0.377626,0.494052,1,1,0.902421,0.372373,0.542701,0.96952,,,,,,,,consistent,False,,,,,,
ml,none,100,5000,0.6,mid_greedy,G1,40,0.057022,0.959434,14.8742,0.495671,0.862735,1,1,2.13892,0.0387598,0.355042,0.481284,,,,,,,,consistent,False,,,,,,
ml,w-high.g-none.v-none,100,5000,0.6,source,G1,40,1,0.550252,1.09622,0.473659,0.728556,1,1,-0.723109,0.473928,0.390436,0.0196334,,,,,,,,consistent,False,,,,,,
ml,w-high.g-none.v-none,100,5000,0.6,mid,G1,40,0.167672,0.243206,1.1809,0.661939,0.954818,1,1,0.416984,0.678976,0.428517,0.599564,,,,,,,,consistent,False,,,,,,
ml,w-high.g-none.v-none,100,5000,0.6,mid_greedy,G1,40,0.00456629,1.12312,7.4259,0.344412,0.0490382,1,1,-0.639359,0.526327,0.552393,0.231924,,,,,,,,consistent,False,,,,,,
ml,w-none.g-high.v-none,100,5000,0.6,source,G1,40,1,0.222963,1.12894,0.6665,0.261723,1,1,-0.418143,0.678136,0.478171,0.252272,,,,,,,,consistent,False,,,,,,
ml,w-none.g-high.v-none,100,5000,0.6,mid,G1,40,0.22503,0.139748,1.27612,0.769968,0.0348416,1,1,-0.201935,0.841017,0.540212,0.0908479,,,,,,,,consistent,False,,,,,,
ml,w-none.g-high.v-none,100,5000,0.6,mid_greedy,G1,40,0.0127097,2.5512,7.454,0.0107631,0.790894,1,1,-2.44872,0.0189352,0.40064,0.125568,,,,,,,,consistent,False,,,,,,
ml,w-none.g-none.v-high,100,5000,0.6,source,G1,40,1,0.809855,1.11404,0.380401,0.65084,1,1,0.892468,0.377616,0.387976,0.28931,,,,,,,,consistent,False,,,,,,
ml,w-none.g-none.v-high,100,5000,0.6,mid,G1,40,0.226294,0.194511,1.30909,0.725897,0.943091,1,1,0.290919,0.772654,0.400338,0.565044,,,,,,,,consistent,False,,,,,,
ml,w-none.g-none.v-high,100,5000,0.6,mid_greedy,G1,40,0.0205318,1.21559,6.29443,0.293206,0.324101,1,1,-1.07274,0.28998,0.280448,0.548597,,,,,,,,consistent,False,,,,,,
anime,high,100,5000,0.8,source,G1,40,1,1.19286,1.32669,0.28874,0.265697,1,1,1.11213,0.272892,0.498921,0.618415,,,,,,,,consistent,False,,,,,,
anime,high,100,5000,0.8,mid,G1,40,0.0105111,0.484937,1.44968,0.555016,0.407347,1,1,0.550115,0.585378,0.852844,0.0196741,,,,,,,,consistent,False,,,,,,
anime,high,100,5000,0.8,mid_greedy,G1,40,0.00499647,0.373933,1.35024,0.604454,0.0243647,1,1,0.413131,0.681773,0.894614,0.0230063,,,,,,,,consistent,False,,,,,,
anime,none,100,5000,0.8,source,G1,40,1,1.9448,1.32795,0.158122,0.467789,1,1,-1.44926,0.155258,0.413644,0.413288,,,,,,,,consistent,False,,,,,,
anime,none,100,5000,0.8,mid,G1,40,0.300776,2.51413,1.87367,0.0846477,0.434981,1,1,-1.77243,0.0841351,0.421803,0.0153502,,,,,,,,consistent,False,,,,,,
anime,none,100,5000,0.8,mid_greedy,G1,40,0.106791,0.946296,19.5294,0.525323,0.949991,1,1,-0.177248,0.860231,0.329516,0.645352,,,,,,,,consistent,False,,,,,,
anime,w-high.g-none.v-none,100,5000,0.8,source,G1,40,1,0.303521,1.40505,0.659162,0.274068,1,1,-0.411011,0.683314,0.394618,0.465275,,,,,,,,consistent,False,,,,,,
anime,w-high.g-none.v-none,100,5000,0.8,mid,G1,40,0.026363,4.12151,2.2986,0.0121717,0.278317,1,1,-2.38279,0.0221514,0.358038,0.179077,,,,,,,,consistent,False,,,,,,
anime,w-high.g-none.v-none,100,5000,0.8,mid_greedy,G1,40,0.00471437,0.812619,5.35813,0.547728,0.943575,1,1,-0.732248,0.468395,0.440129,0.400576,,,,,,,,consistent,False,,,,,,
anime,w-none.g-high.v-none,100,5000,0.8,source,G1,40,1,0.621186,1.2029,0.458754,0.426954,1,1,-0.772755,0.444325,0.459374,0.0453654,,,,,,,,consistent,False,,,,,,
anime,w-none.g-high.v-none,100,5000,0.8,mid,G1,40,0.274342,2.49534,2.16522,0.077821,0.292492,1,1,-1.82519,0.0756388,0.383519,0.429479,,,,,,,,consistent,False,,,,,,
anime,w-none.g-high.v-none,100,5000,0.8,mid_greedy,G1,40,0.0298029,0.900894,3.71583,0.456613,0.510854,1,1,0.716751,0.477798,0.784884,0.4926,,,,,,,,consistent,False,,,,,,
anime,w-none.g-none.v-high,100,5000,0.8,source,G1,40,1,0.144235,1.23965,0.758425,0.991996,1,1,0.235706,0.814894,0.36029,0.524736,,,,,,,,consistent,False,,,,,,
anime,w-none.g-none.v-high,100,5000,0.8,mid,G1,40,0.336805,0.97161,1.57975,0.361303,0.337997,1,1,0.979935,0.333158,0.400104,0.513783,,,,,,,,consistent,False,,,,,,
anime,w-none.g-none.v-high,100,5000,0.8,mid_greedy,G1,40,0.0169402,0.563023,3.46328,0.664357,0.113915,1,1,-0.388221,0.699964,0.678767,0.0238091,,,,,,,,consistent,False,,,,,,
kuairand,high,100,5000,0.8,source,G1,40,1,2.69324,1.3145,0.0896224,0.828637,1,1,1.7282,0.0918646,0.519039,0.150935,,,,,,,,consistent,False,,,,,,
kuairand,high,100,5000,0.8,mid,G1,40,0.0396065,1.33527,2.04899,0.263192,0.0264346,1,1,1.31195,0.197207,0.78672,0.184589,,,,,,,,consistent,False,,,,,,
kuairand,high,100,5000,0.8,mid_greedy,G1,40,0.00927581,1.38236,1.31229,0.24697,0.0579454,1,1,1.27318,0.210493,0.866386,0.18918,,,,,,,,consistent,False,,,,,,
kuairand,none,100,5000,0.8,source,G1,40,1,0.49887,1.16138,0.507015,0.784438,1,1,0.679471,0.500852,0.487862,0.223096,,,,,,,,consistent,False,,,,,,
kuairand,none,100,5000,0.8,mid,G1,40,0.436098,0.685009,1.45434,0.459756,0.0499767,1,1,-0.788778,0.435011,0.348734,0.0345965,,,,,,,,consistent,False,,,,,,
kuairand,none,100,5000,0.8,mid_greedy,G1,40,0.0652729,0.713425,11.2015,0.729589,0.980566,1,1,0.625785,0.535102,0.493427,0.858751,,,,,,,,consistent,False,,,,,,
kuairand,w-high.g-none.v-none,100,5000,0.8,source,G1,40,1,1.42928,1.2841,0.237468,0.485062,1,1,-1.22028,0.229684,0.391722,0.804432,,,,,,,,consistent,False,,,,,,
kuairand,w-high.g-none.v-none,100,5000,0.8,mid,G1,40,0.0585588,4.6789,2.53222,0.00494639,0.00998488,1,1,-2.71058,0.00993281,0.62741,0.000401647,,,,,,,,consistent,False,,,,,,
kuairand,w-high.g-none.v-none,100,5000,0.8,mid_greedy,G1,40,0.00836059,0.91455,4.42049,0.461444,0.572151,1,1,-1.05925,0.296001,0.543647,0.274599,,,,,,,,consistent,False,,,,,,
kuairand,w-none.g-high.v-none,100,5000,0.8,source,G1,40,1,0.481941,1.19853,0.521025,0.400444,1,1,-0.645734,0.522233,0.372521,0.526464,,,,,,,,consistent,False,,,,,,
kuairand,w-none.g-high.v-none,100,5000,0.8,mid,G1,40,0.436544,1.1138,1.50111,0.315014,0.758369,1,1,-1.11794,0.270434,0.423704,0.0247533,,,,,,,,consistent,False,,,,,,
kuairand,w-none.g-high.v-none,100,5000,0.8,mid_greedy,G1,40,0.0285065,1.00638,5.25384,0.413946,0.404229,1,1,-0.875795,0.386504,0.66599,0.341949,,,,,,,,consistent,False,,,,,,
kuairand,w-none.g-none.v-high,100,5000,0.8,source,G1,40,1,1.12851,1.33333,0.304879,0.372626,1,1,-1.05925,0.296004,0.369272,0.0237785,,,,,,,,consistent,False,,,,,,
kuairand,w-none.g-none.v-high,100,5000,0.8,mid,G1,40,0.433064,0.588728,1.72248,0.530557,0.916521,1,1,-0.73602,0.466122,0.399905,0.422201,,,,,,,,consistent,False,,,,,,
kuairand,w-none.g-none.v-high,100,5000,0.8,mid_greedy,G1,40,0.0141892,0.623984,3.41064,0.619808,0.148394,1,1,0.138102,0.89087,0.811175,0.0871934,,,,,,,,consistent,False,,,,,,
ml,high,100,5000,0.8,source,G1,40,1,1.28035,1.38978,0.270092,0.735416,1,1,1.15341,0.255761,0.412311,0.857833,,,,,,,,consistent,False,,,,,,
ml,high,100,5000,0.8,mid,G1,40,0.00946997,0.617493,3.96874,0.648745,0.0597327,1,1,-0.610361,0.545164,0.451952,0.162203,,,,,,,,consistent,False,,,,,,
ml,high,100,5000,0.8,mid_greedy,G1,40,0.00577459,1.26831,4.9596,0.274632,0.0236999,1,1,-1.43176,0.16018,0.426673,0.206511,,,,,,,,consistent,False,,,,,,
ml,none,100,5000,0.8,source,G1,40,1,2.43169,1.2805,0.110212,0.58378,1,1,-1.61761,0.113807,0.400757,0.213702,,,,,,,,consistent,False,,,,,,
ml,none,100,5000,0.8,mid,G1,40,0.339593,1.51272,1.77482,0.221912,0.944941,1,1,-1.34347,0.186884,0.340807,0.409786,,,,,,,,consistent,False,,,,,,
ml,none,100,5000,0.8,mid_greedy,G1,40,0.159997,0.963658,13.112,0.485316,0.733174,1,1,-0.0225926,0.98209,0.395436,0.577058,,,,,,,,consistent,False,,,,,,
ml,w-high.g-none.v-none,100,5000,0.8,source,G1,40,1,0.210492,1.5874,0.758297,0.748264,1,1,-0.122138,0.903417,0.409705,0.900539,,,,,,,,consistent,False,,,,,,
ml,w-high.g-none.v-none,100,5000,0.8,mid,G1,40,0.135133,0.412972,1.82348,0.642755,0.526582,1,1,-0.294456,0.769971,0.624342,0.4829,,,,,,,,consistent,False,,,,,,
ml,w-high.g-none.v-none,100,5000,0.8,mid_greedy,G1,40,0.0129978,0.498886,2.96976,0.681147,0.28782,1,1,-0.326124,0.746074,0.512562,0.385387,,,,,,,,consistent,False,,,,,,
ml,w-none.g-high.v-none,100,5000,0.8,source,G1,40,1,1.16497,1.29943,0.294493,0.396214,1,1,-1.09138,0.281803,0.482657,0.374623,,,,,,,,consistent,False,,,,,,
ml,w-none.g-high.v-none,100,5000,0.8,mid,G1,40,0.176211,0.610347,2.08983,0.55015,0.0169665,1,1,-0.482121,0.632415,0.543157,0.340845,,,,,,,,consistent,False,,,,,,
ml,w-none.g-high.v-none,100,5000,0.8,mid_greedy,G1,40,0.0062821,1.63797,3.05012,0.177361,0.33476,1,1,-2.01625,0.0506982,0.686714,0.367557,,,,,,,,consistent,False,,,,,,
ml,w-none.g-none.v-high,100,5000,0.8,source,G1,40,1,0.62921,1.37201,0.475388,0.19928,1,1,-0.751101,0.4571,0.422347,0.0820888,,,,,,,,consistent,False,,,,,,
ml,w-none.g-none.v-high,100,5000,0.8,mid,G1,40,0.254933,1.58126,2.05984,0.204997,0.412525,1,1,-1.38906,0.172696,0.336109,0.266478,,,,,,,,consistent,False,,,,,,
ml,w-none.g-none.v-high,100,5000,0.8,mid_greedy,G1,40,0.0365837,0.588983,3.83216,0.663353,0.135239,1,1,0.203076,0.840131,0.540648,0.0856757,,,,,,,,consistent,False,,,,,,
anime,high,100,5000,0.9,source,G1,40,1,0.386599,1.33153,0.593839,0.791725,1,1,-0.549177,0.586015,0.397255,0.79004,,,,,,,,consistent,False,,,,,,
anime,high,100,5000,0.9,mid,G1,40,0.00253074,1.75512,5.87191,0.105737,0.0223855,1,1,-1.94604,0.0588814,0.639541,0.00207366,,,,,,,,consistent,False,,,,,,
anime,high,100,5000,0.9,mid_greedy,G1,40,0.000884872,1.32217,5.35403,0.248353,0.00953979,1,1,-1.20554,0.235257,0.653476,0.0609851,,,,,,,,consistent,False,,,,,,
anime,none,100,5000,0.9,source,G1,40,1,0.258612,1.68784,0.734065,0.499327,1,1,0.175045,0.86195,0.43889,0.765076,,,,,,,,consistent,False,,,,,,
anime,none,100,5000,0.9,mid,G1,40,0.40178,0.689661,3.42778,0.577013,0.580299,1,1,-0.277195,0.783094,0.544404,0.859625,,,,,,,,consistent,False,,,,,,
anime,none,100,5000,0.9,mid_greedy,G1,40,0.219548,0.796409,22.0403,0.73423,0.848142,1,1,-0.246732,0.80641,0.257658,0.773968,,,,,,,,consistent,False,,,,,,
anime,w-high.g-none.v-none,100,5000,0.9,source,G1,40,1,0.365463,2.05917,0.700063,0.119624,1,1,-0.353194,0.725845,0.391811,0.833555,,,,,,,,consistent,False,,,,,,
anime,w-high.g-none.v-none,100,5000,0.9,mid,G1,40,0.00126523,1.00746,1.27715,0.334473,0.105949,1,1,-1.86615,0.0695542,0.922126,0.152213,,,,,,,,consistent,False,,,,,,
anime,w-high.g-none.v-none,100,5000,0.9,mid_greedy,G1,40,0.000102346,0.873005,1.10941,0.360688,0.388059,1,1,-0.891851,0.377943,0.968283,0.000723825,,,,,,,,consistent,False,,,,,,
anime,w-none.g-high.v-none,100,5000,0.9,source,G1,40,1,0.862027,2.29581,0.435304,0.545384,1,1,0.832261,0.410329,0.329347,0.171184,,,,,,,,consistent,False,,,,,,
anime,w-none.g-high.v-none,100,5000,0.9,mid,G1,40,0.203708,0.77652,2.57408,0.489204,0.159696,1,1,0.801283,0.427823,0.503358,0.00449356,,,,,,,,consistent,False,,,,,,
anime,w-none.g-high.v-none,100,5000,0.9,mid_greedy,G1,40,0.0149998,1.25857,4.78612,0.279937,0.00828311,1,1,1.61221,0.114981,0.70357,0.0191028,,,,,,,,consistent,False,,,,,,
anime,w-none.g-none.v-high,100,5000,0.9,source,G1,40,1,4.65208,1.67299,0.0140371,0.778538,1,1,2.41003,0.0207674,0.385452,0.868821,,,,,,,,consistent,False,,,,,,
anime,w-none.g-none.v-high,100,5000,0.9,mid,G1,40,0.536287,2.27035,2.43607,0.0915487,0.262852,1,1,1.76955,0.0846204,0.391042,0.178059,,,,,,,,consistent,False,,,,,,
anime,w-none.g-none.v-high,100,5000,0.9,mid_greedy,G1,40,0.279281,1.4264,3.46337,0.228109,0.338374,1,1,1.37867,0.175854,0.502808,0.509562,,,,,,,,consistent,False,,,,,,
kuairand,high,100,5000,0.9,source,G1,40,1,2.29339,2.02798,0.100133,0.13118,1,1,1.66326,0.104277,0.356127,0.212541,,,,,,,,consistent,False,,,,,,
kuairand,high,100,5000,0.9,mid,G1,40,0.00028328,1.98026,1.98289,0.138453,8.13485e-06,1,0.00352239,-2.6873,0.0105337,0.866832,0.000352736,,,,,,,,biased,False,,,,,,
kuairand,high,100,5000,0.9,mid_greedy,G1,40,0.00028328,1.98026,1.98289,0.138453,8.13485e-06,1,0.00352239,-2.6873,0.0105337,0.866832,0.000352736,,,,,,,,biased,False,,,,,,
kuairand,none,100,5000,0.9,source,G1,40,1,1.34444,1.3629,0.255565,0.636357,1,1,-1.18965,0.241375,0.476606,0.873888,,,,,,,,consistent,False,,,,,,
kuairand,none,100,5000,0.9,mid,G1,40,0.379777,0.497421,2.39622,0.641926,0.881068,1,1,-0.737682,0.465123,0.361936,0.854305,,,,,,,,consistent,False,,,,,,
kuairand,none,100,5000,0.9,mid_greedy,G1,40,0.156651,1.11291,1.64671,0.319891,0.288828,1,1,0.851234,0.399836,0.822192,0.936922,,,,,,,,consistent,False,,,,,,
kuairand,w-high.g-none.v-none,100,5000,0.9,source,G1,40,1,0.250576,1.80364,0.755353,0.645175,1,1,-0.230221,0.819124,0.383597,0.218357,,,,,,,,consistent,False,,,,,,
kuairand,w-high.g-none.v-none,100,5000,0.9,mid,G1,40,0.0121656,1.26454,2.8857,0.284758,0.00105308,1,0.447558,-1.1932,0.240001,0.693158,0.00478241,,,,,,,,consistent,False,,,,,,
kuairand,w-high.g-none.v-none,100,5000,0.9,mid_greedy,G1,40,0.00218304,1.25732,5.50772,0.276411,0.349621,1,1,0.318139,0.752077,0.503329,0.0731849,,,,,,,,consistent,False,,,,,,
kuairand,w-none.g-high.v-none,100,5000,0.9,source,G1,40,1,0.404749,1.44647,0.600209,0.37142,1,1,0.477402,0.635741,0.400232,0.431208,,,,,,,,consistent,False,,,,,,
kuairand,w-none.g-high.v-none,100,5000,0.9,mid,G1,40,0.145502,0.555812,2.51546,0.613398,0.0180204,1,1,0.104217,0.917531,0.715587,0.00113099,,,,,,,,consistent,False,,,,,,
kuairand,w-none.g-high.v-none,100,5000,0.9,mid_greedy,G1,40,0.0120543,1.75048,5.3574,0.114,0.00895209,1,1,-0.897404,0.37501,0.661035,0.00853228,,,,,,,,consistent,False,,,,,,
kuairand,w-none.g-none.v-high,100,5000,0.9,source,G1,40,1,0.462887,1.77511,0.606278,0.808224,1,1,0.426983,0.67174,0.337064,0.118936,,,,,,,,consistent,False,,,,,,
kuairand,w-none.g-none.v-high,100,5000,0.9,mid,G1,40,0.0780339,1.02745,3.95731,0.390935,0.849495,1,1,0.0798739,0.936746,0.529331,0.692604,,,,,,,,consistent,False,,,,,,
kuairand,w-none.g-none.v-high,100,5000,0.9,mid_greedy,G1,40,0.00534916,1.7363,6.14277,0.106231,0.010351,1,1,-0.418207,0.67809,0.544826,0.00172777,,,,,,,,consistent,False,,,,,,
ml,high,100,5000,0.9,source,G1,40,1,0.412139,2.01417,0.663677,0.625281,1,1,0.380051,0.705969,0.504168,0.530342,,,,,,,,consistent,False,,,,,,
ml,high,100,5000,0.9,mid,G1,40,0.00111017,0.825975,3.67314,0.499724,0.970929,1,1,0.673216,0.50478,0.719566,0.00225652,,,,,,,,consistent,False,,,,,,
ml,high,100,5000,0.9,mid_greedy,G1,40,0.000589834,0.810151,3.45617,0.502947,0.524955,1,1,0.481262,0.633019,0.711847,0.159391,,,,,,,,consistent,False,,,,,,
ml,none,100,5000,0.9,source,G1,40,1,0.191726,1.549,0.76843,0.427938,1,1,-0.0320152,0.974623,0.323682,0.618108,,,,,,,,consistent,False,,,,,,
ml,none,100,5000,0.9,mid,G1,40,0.444272,0.664103,4.21294,0.62468,0.105798,1,1,-0.668472,0.50777,0.30446,0.117153,,,,,,,,consistent,False,,,,,,
ml,none,100,5000,0.9,mid_greedy,G1,40,0.293396,1.05988,11.2266,0.389852,0.598867,1,1,-2.08092,0.0440556,0.360364,0.840032,,,,,,,,consistent,False,,,,,,
ml,w-high.g-none.v-none,100,5000,0.9,source,G1,40,1,0.817106,1.5991,0.417782,0.960387,1,1,-0.891861,0.377937,0.414672,0.803452,,,,,,,,consistent,False,,,,,,
ml,w-high.g-none.v-none,100,5000,0.9,mid,G1,40,0.0535208,0.853183,1.34667,0.38664,0.288591,1,1,-0.847956,0.401637,0.885565,0.0386117,,,,,,,,consistent,False,,,,,,
ml,w-high.g-none.v-none,100,5000,0.9,mid_greedy,G1,40,0.0152883,0.561888,1.32002,0.499697,0.181609,1,1,0.459165,0.648665,0.88368,0.17066,,,,,,,,consistent,False,,,,,,
ml,w-none.g-high.v-none,100,5000,0.9,source,G1,40,1,0.261386,1.59268,0.718632,0.238536,1,1,0.244833,0.807869,0.393455,0.982529,,,,,,,,consistent,False,,,,,,
ml,w-none.g-high.v-none,100,5000,0.9,mid,G1,40,0.0714888,0.802435,4.56069,0.537612,0.602123,1,1,0.811711,0.421884,0.638634,0.0305617,,,,,,,,consistent,False,,,,,,
ml,w-none.g-high.v-none,100,5000,0.9,mid_greedy,G1,40,0.0017855,0.957881,4.42196,0.435147,0.328731,1,1,-0.887481,0.380261,0.612245,0.387546,,,,,,,,consistent,False,,,,,,
ml,w-none.g-none.v-high,100,5000,0.9,source,G1,40,1,0.943768,1.46711,0.364551,0.330762,1,1,0.957218,0.344354,0.381429,0.873654,,,,,,,,consistent,False,,,,,,
ml,w-none.g-none.v-high,100,5000,0.9,mid,G1,40,0.145694,0.621046,6.44698,0.725477,0.0594316,1,1,0.0391631,0.96896,0.362958,0.624634,,,,,,,,consistent,False,,,,,,
ml,w-none.g-none.v-high,100,5000,0.9,mid_greedy,G1,40,0.0441474,0.685853,6.72384,0.678169,0.189599,1,1,0.583901,0.562649,0.498683,0.254908,,,,,,,,consistent,False,,,,,,
anime,high,100,25000,0.8,source,G2,300,1,0.298735,1.21585,0.629418,0.818296,1,1,0.470384,0.638424,0.125638,0.483712,,,,,,,,consistent,False,,,,,,
anime,high,100,25000,0.8,likelihood,G2,300,5.48169e-05,0.904979,2.97705,0.43709,0.844881,1,1,-0.5961,0.551559,0.796258,0.717138,0.688237,1.28827,0.869376,0.455384,0.792166,1,0.792166,consistent,False,0.31261,0.937514,0.886494,0.786725,0.459069,0.446104
anime,high,100,25000,0.8,mid,G2,300,0.0105111,0.569415,2.74288,0.619701,0.139635,1,1,-0.365521,0.714981,0.207375,0.201252,,,,,,,,consistent,False,,,,,,
anime,high,100,25000,0.8,mid_greedy,G2,300,0.00499647,0.638202,3.13145,0.596961,0.771411,1,1,-0.477232,0.633545,0.211139,0.203226,,,,,,,,consistent,False,,,,,,
anime,high,100,25000,0.8,value,G2,300,1.48942e-05,1.26363,13.1459,0.225999,0.113144,1,1,0.10213,0.918722,0.463329,0.130935,0.821657,3.08454,1.20426,0.267577,0.0853972,1,0.170794,consistent,False,0.50095,0.968585,0.0653034,0.0953629,0.282067,0.225075
anime,none,100,25000,0.8,source,G2,300,1,4.08351,1.26658,0.0337772,0.272826,1,1,2.11672,0.0351096,0.118568,0.282563,,,,,,,,consistent,False,,,,,,
anime,none,100,25000,0.8,likelihood,G2,300,0.103392,0.713161,24.5506,0.846954,0.955353,1,1,0.863619,0.388489,0.0922931,0.539724,,,,,,,,consistent,False,,,,,,
anime,none,100,25000,0.8,mid,G2,300,0.300776,0.522345,1.50534,0.542032,0.702357,1,1,0.611785,0.541145,0.15317,0.798769,,,,,,,,consistent,False,,,,,,
anime,none,100,25000,0.8,mid_greedy,G2,300,0.106791,1.17237,81.5524,0.136836,0.0722092,1,1,1.29257,0.197159,0.0333366,0.122764,,,,,,,,consistent,False,,,,,,
anime,none,100,25000,0.8,value,G2,300,0.106158,1.00271,79.0179,0.472065,0.652682,1,1,0.958349,0.338661,0.0359108,0.282848,,,,,,,,consistent,False,,,,,,
anime,w-high.g-none.v-none,100,25000,0.8,source,G2,300,1,0.269708,1.42721,0.686987,0.500884,1,1,-0.373383,0.709128,0.114182,0.481328,,,,,,,,consistent,False,,,,,,
anime,w-high.g-none.v-none,100,25000,0.8,likelihood,G2,300,0.000148018,1.02014,2.55696,0.374335,0.359364,1,1,1.89033,0.0596809,0.889653,0.0267189,,,,,,,,consistent,False,,,,,,
anime,w-high.g-none.v-none,100,25000,0.8,mid,G2,300,0.026363,0.828489,3.60724,0.49639,0.017936,1,1,0.671083,0.502686,0.373249,0.402313,,,,,,,,consistent,False,,,,,,
anime,w-high.g-none.v-none,100,25000,0.8,mid_greedy,G2,300,0.00471437,0.909371,1.65801,0.386723,0.293209,1,1,0.808523,0.419433,0.838988,0.360267,,,,,,,,consistent,False,,,,,,
anime,w-high.g-none.v-none,100,25000,0.8,value,G2,300,0.000150526,1.06536,7.60856,0.383705,0.759917,1,1,-0.651844,0.515002,0.637544,0.452322,,,,,,,,consistent,False,,,,,,
anime,w-none.g-high.v-none,100,25000,0.8,source,G2,300,1,0.40666,1.36002,0.586383,0.223452,1,1,0.517009,0.605532,0.0924738,0.0949273,,,,,,,,consistent,False,,,,,,
anime,w-none.g-high.v-none,100,25000,0.8,likelihood,G2,300,0.00820547,1.07587,26.1968,0.359555,0.300549,1,1,1.42503,0.155192,0.312928,0.602961,,,,,,,,consistent,False,,,,,,
anime,w-none.g-high.v-none,100,25000,0.8,mid,G2,300,0.274342,0.833774,1.79485,0.42332,0.400968,1,1,-0.771336,0.441117,0.105884,0.332425,,,,,,,,consistent,False,,,,,,
anime,w-none.g-high.v-none,100,25000,0.8,mid_greedy,G2,300,0.0298029,0.928628,6.58732,0.478811,0.523542,1,1,-0.0341823,0.972755,0.135131,0.0461139,,,,,,,,consistent,False,,,,,,
anime,w-none.g-high.v-none,100,25000,0.8,value,G2,300,0.00688393,0.916498,9.98231,0.5164,0.474931,1,1,-0.895366,0.371312,0.567357,0.807204,,,,,,,,consistent,False,,,,,,
anime,w-none.g-none.v-high,100,25000,0.8,source,G2,300,1,4.65248,1.29024,0.0220633,0.0216733,1,1,2.26881,0.0239923,0.107965,0.926681,,,,,,,,consistent,False,,,,,,
anime,w-none.g-none.v-high,100,25000,0.8,likelihood,G2,300,0.049507,1.01177,64.0019,0.450168,0.709583,1,1,1.54595,0.123175,0.117137,0.644967,,,,,,,,consistent,False,,,,,,
anime,w-none.g-none.v-high,100,25000,0.8,mid,G2,300,0.336805,1.20908,1.78819,0.295485,0.245753,1,1,1.13257,0.258304,0.0878418,0.521269,,,,,,,,consistent,False,,,,,,
anime,w-none.g-none.v-high,100,25000,0.8,mid_greedy,G2,300,0.0169402,1.22662,9.07805,0.272583,0.16409,1,1,1.21851,0.223991,0.157691,0.267438,,,,,,,,consistent,False,,,,,,
anime,w-none.g-none.v-high,100,25000,0.8,value,G2,300,0.0148376,0.914398,27.5626,0.59357,0.109437,1,1,0.379167,0.704833,0.229473,0.30451,,,,,,,,consistent,False,,,,,,
kuairand,high,100,25000,0.8,source,G2,300,1,0.130793,1.33569,0.789997,0.190422,1,1,-0.15742,0.87502,0.101639,0.644374,,,,,,,,consistent,False,,,,,,
kuairand,high,100,25000,0.8,likelihood,G2,300,1.95657e-06,0.641175,12.2288,0.811527,0.277568,1,1,-1.29186,0.197404,0.384805,0.324317,0.509765,1.65815,0.677769,0.77757,0.0272576,1,0.120591,consistent,False,0.26226,0.758151,0.0867332,0.0468687,0.796131,0.787406
kuairand,high,100,25000,0.8,mid,G2,300,0.0396065,0.950792,3.9424,0.432407,0.887144,1,1,0.940627,0.347655,0.530036,0.26915,,,,,,,,consistent,False,,,,,,
kuairand,high,100,25000,0.8,mid_greedy,G2,300,0.00927581,0.800331,1.49921,0.417138,0.894452,1,1,-0.370409,0.71134,0.907864,0.64559,,,,,,,,consistent,False,,,,,,
kuairand,high,100,25000,0.8,value,G2,300,2.42203e-06,1.0014,1.00109,0.31706,0.806062,1,1,0.983218,0.326295,0.996653,0.494741,0.523111,2.57963,0.994825,0.318655,0.0241182,1,0.120591,consistent,False,0.27377,0.768885,0.0471433,0.0577141,0.31835,0.318359
kuairand,none,100,25000,0.8,source,G2,300,1,0.0565366,1.1398,0.84329,0.631903,1,1,-0.00135125,0.998923,0.0940174,0.741937,,,,,,,,consistent,False,,,,,,
kuairand,none,100,25000,0.8,likelihood,G2,300,0.0632446,2.1075,2.84305,0.100487,0.585193,1,1,-1.68897,0.0922667,0.62151,0.57036,,,,,,,,consistent,False,,,,,,
kuairand,none,100,25000,0.8,mid,G2,300,0.436098,0.848482,1.43492,0.394758,0.578658,1,1,0.933729,0.351197,0.100433,0.797068,,,,,,,,consistent,False,,,,,,
kuairand,none,100,25000,0.8,mid_greedy,G2,300,0.0652729,0.994277,54.7259,0.486513,0.278497,1,1,-0.679615,0.497274,0.0866929,0.836199,,,,,,,,consistent,False,,,,,,
kuairand,none,100,25000,0.8,value,G2,300,0.0651066,0.968249,53.1127,0.540016,0.279886,1,1,-0.0999717,0.920434,0.0776273,0.965253,,,,,,,,consistent,False,,,,,,
kuairand,w-high.g-none.v-none,100,25000,0.8,source,G2,300,1,0.201429,1.29273,0.716988,0.38635,1,1,-0.32367,0.746414,0.116314,0.821904,,,,,,,,consistent,False,,,,,,
kuairand,w-high.g-none.v-none,100,25000,0.8,likelihood,G2,300,0.000911088,1.14914,2.73192,0.325754,0.637249,1,1,-0.557905,0.577327,0.784575,0.415471,,,,,,,,consistent,False,,,,,,
kuairand,w-high.g-none.v-none,100,25000,0.8,mid,G2,300,0.0585588,0.69267,2.39784,0.525255,0.589527,1,1,0.473407,0.636268,0.321964,0.569974,,,,,,,,consistent,False,,,,,,
kuairand,w-high.g-none.v-none,100,25000,0.8,mid_greedy,G2,300,0.00836059,0.727971,1.55261,0.45034,0.774708,1,1,-0.47647,0.634087,0.800935,0.946716,,,,,,,,consistent,False,,,,,,
kuairand,w-high.g-none.v-none,100,25000,0.8,value,G2,300,0.000684386,0.696074,5.70229,0.645385,0.56818,1,1,-0.467746,0.640307,0.64449,0.395264,,,,,,,,consistent,False,,,,,,
kuairand,w-none.g-high.v-none,100,25000,0.8,source,G2,300,1,0.209415,1.2076,0.693768,0.894779,1,1,0.385992,0.699777,0.108676,0.889331,,,,,,,,consistent,False,,,,,,
kuairand,w-none.g-high.v-none,100,25000,0.8,likelihood,G2,300,0.00505697,1.13405,8.68101,0.334762,0.130762,1,1,1.09247,0.275506,0.584252,0.486967,,,,,,,,consistent,False,,,,,,
kuairand,w-none.g-high.v-none,100,25000,0.8,mid,G2,300,0.436544,3.73656,1.56335,0.0339706,0.176183,1,1,2.13251,0.0337798,0.117171,0.990297,,,,,,,,consistent,False,,,,,,
kuairand,w-none.g-high.v-none,100,25000,0.8,mid_greedy,G2,300,0.0285065,0.636751,9.95063,0.782705,0.654318,1,1,-0.354823,0.722973,0.314542,0.343931,,,,,,,,consistent,False,,,,,,
kuairand,w-none.g-high.v-none,100,25000,0.8,value,G2,300,0.00611017,0.771649,13.9428,0.700872,0.405932,1,1,-0.908655,0.364264,0.501149,0.803858,,,,,,,,consistent,False,,,,,,
kuairand,w-none.g-none.v-high,100,25000,0.8,source,G2,300,1,2.59167,1.21483,0.100142,0.268465,1,1,-1.65803,0.09836,0.0879615,0.22443,,,,,,,,consistent,False,,,,,,
kuairand,w-none.g-none.v-high,100,25000,0.8,likelihood,G2,300,0.0127828,0.644306,5.22017,0.672692,0.823375,1,1,-0.253576,0.799997,0.520964,0.351313,,,,,,,,consistent,False,,,,,,
kuairand,w-none.g-none.v-high,100,25000,0.8,mid,G2,300,0.433064,3.38856,1.49117,0.0475936,0.872343,1,1,-2.00154,0.0462377,0.117183,0.745133,,,,,,,,consistent,False,,,,,,
kuairand,w-none.g-none.v-high,100,25000,0.8,mid_greedy,G2,300,0.0141892,0.836649,4.70461,0.517397,0.872694,1,1,-0.190248,0.849244,0.544058,0.799134,,,,,,,,consistent,False,,,,,,
kuairand,w-none.g-none.v-high,100,25000,0.8,value,G2,300,0.00716498,0.76142,8.82987,0.649925,0.711046,1,1,-1.02577,0.30583,0.507856,0.597693,,,,,,,,consistent,False,,,,,,
ml,high,100,25000,0.8,source,G2,300,1,0.150907,1.29177,0.762044,0.129465,1,1,0.170832,0.864471,0.119394,0.119841,,,,,,,,consistent,False,,,,,,
ml,high,100,25000,0.8,likelihood,G2,300,3.98531e-06,1.10696,1.96141,0.329729,0.230573,1,1,1.67073,0.0958209,0.971516,0.600847,0.384828,1.69949,1.07795,0.339353,0.040683,1,0.122049,consistent,False,0.158336,0.698253,0.11477,0.103041,0.336166,0.330521
ml,high,100,25000,0.8,mid,G2,300,0.00946997,0.637983,7.69501,0.740132,0.50883,1,1,-0.100835,0.919749,0.166292,0.322124,,,,,,,,consistent,False,,,,,,
ml,high,100,25000,0.8,mid_greedy,G2,300,0.00577459,1.15515,9.21856,0.318679,0.266501,1,1,-1.22473,0.22164,0.222045,0.281583,,,,,,,,consistent,False,,,,,,
ml,high,100,25000,0.8,value,G2,300,3.36741e-06,1.02147,1.18529,0.325129,0.889355,1,1,-1.02679,0.305347,0.974529,0.018201,0.437932,1.05404,0.524978,0.49839,3.5982e-17,1,2.15892e-16,consistent,False,0.184832,0.723155,4.93143e-13,1.41938e-15,0.199785,0.53751
ml,none,100,25000,0.8,source,G2,300,1,0.576412,1.30779,0.491445,0.653555,1,1,0.696847,0.48644,0.101625,0.738036,,,,,,,,consistent,False,,,,,,
ml,none,100,25000,0.8,likelihood,G2,300,0.159274,0.361903,6.9397,0.923445,0.478016,1,1,-0.0379827,0.969727,0.066989,0.801833,,,,,,,,consistent,False,,,,,,
ml,none,100,25000,0.8,mid,G2,300,0.339593,1.05646,1.73308,0.33988,0.199888,1,1,1.0247,0.306332,0.110078,0.506922,,,,,,,,consistent,False,,,,,,
ml,none,100,25000,0.8,mid_greedy,G2,300,0.159997,0.890901,23.1476,0.612751,0.658522,1,1,0.850839,0.39554,0.0757174,0.853903,,,,,,,,consistent,False,,,,,,
ml,none,100,25000,0.8,value,G2,300,0.159881,0.87854,22.2485,0.626118,0.791005,1,1,0.735929,0.462351,0.0792217,0.715349,,,,,,,,consistent,False,,,,,,
ml,w-high.g-none.v-none,100,25000,0.8,source,G2,300,1,1.86285,1.38512,0.167639,0.378443,1,1,1.42671,0.154707,0.0998093,0.391425,,,,,,,,consistent,False,,,,,,
ml,w-high.g-none.v-none,100,25000,0.8,likelihood,G2,300,0.00131534,0.801982,5.95778,0.567369,0.428303,1,1,0.515935,0.606281,0.412483,0.160693,,,,,,,,consistent,False,,,,,,
ml,w-high.g-none.v-none,100,25000,0.8,mid,G2,300,0.135133,0.267151,2.33977,0.79933,0.36385,1,1,-0.105537,0.916021,0.10947,0.931393,,,,,,,,consistent,False,,,,,,
ml,w-high.g-none.v-none,100,25000,0.8,mid_greedy,G2,300,0.0129978,0.749944,3.51045,0.541616,0.0533569,1,1,-0.494667,0.621199,0.220238,0.00130537,,,,,,,,consistent,False,,,,,,
ml,w-high.g-none.v-none,100,25000,0.8,value,G2,300,0.00148873,0.34175,1.56417,0.656999,0.467689,1,1,-0.447942,0.65452,0.887916,0.438661,,,,,,,,consistent,False,,,,,,
ml,w-none.g-high.v-none,100,25000,0.8,source,G2,300,1,0.266663,1.29132,0.665846,0.782133,1,1,-0.402744,0.687425,0.115353,0.326694,,,,,,,,consistent,False,,,,,,
ml,w-none.g-high.v-none,100,25000,0.8,likelihood,G2,300,0.00731268,0.418595,1.89112,0.646569,0.802923,1,1,0.0235844,0.9812,0.639934,0.809774,,,,,,,,consistent,False,,,,,,
ml,w-none.g-high.v-none,100,25000,0.8,mid,G2,300,0.176211,0.247468,2.40758,0.820231,0.118781,1,1,0.0929959,0.925969,0.0813645,0.844098,,,,,,,,consistent,False,,,,,,
ml,w-none.g-high.v-none,100,25000,0.8,mid_greedy,G2,300,0.0062821,1.21566,4.66451,0.299857,0.887595,1,1,1.11815,0.2644,0.391903,0.995866,,,,,,,,consistent,False,,,,,,
ml,w-none.g-high.v-none,100,25000,0.8,value,G2,300,0.00373116,1.11312,3.78197,0.347283,0.310313,1,1,1.44308,0.150046,0.732861,0.0334627,,,,,,,,consistent,False,,,,,,
ml,w-none.g-none.v-high,100,25000,0.8,source,G2,300,1,0.123508,1.28062,0.787412,0.37366,1,1,0.0512947,0.959125,0.101916,0.44604,,,,,,,,consistent,False,,,,,,
ml,w-none.g-none.v-high,100,25000,0.8,likelihood,G2,300,0.0291807,0.682291,41.1182,0.939897,0.510142,1,1,-0.375378,0.707645,0.136176,0.751434,,,,,,,,consistent,False,,,,,,
ml,w-none.g-none.v-high,100,25000,0.8,mid,G2,300,0.254933,0.336231,2.23043,0.73786,0.812862,1,1,-0.159773,0.873168,0.0878398,0.871563,,,,,,,,consistent,False,,,,,,
ml,w-none.g-none.v-high,100,25000,0.8,mid_greedy,G2,300,0.0365837,1.2577,6.24105,0.271786,0.0177397,1,1,-1.37796,0.169246,0.242419,0.817058,,,,,,,,consistent,False,,,,,,
ml,w-none.g-none.v-high,100,25000,0.8,value,G2,300,0.00620323,0.820488,2.6995,0.47143,0.153619,1,1,0.249055,0.803489,0.855878,0.479269,,,,,,,,consistent,False,,,,,,
anime,high,100,100000,0.6,source,G2,40,1,1.47887,1.21435,0.227608,0.0300533,1,1,-1.2358,0.223924,0.430354,0.239954,,,,,,,,consistent,False,,,,,,
anime,high,100,100000,0.6,mid,G2,40,0.0215271,0.80154,1.31028,0.401511,0.195902,1,1,-0.876102,0.386339,0.438212,0.668482,,,,,,,,consistent,False,,,,,,
anime,high,100,100000,0.6,mid_greedy,G2,40,0.00419231,1.38739,2.07419,0.249614,0.516521,1,1,-1.22291,0.228701,0.383053,0.0740255,,,,,,,,consistent,False,,,,,,
anime,none,100,100000,0.6,source,G2,40,1,0.289709,1.08274,0.608752,0.224161,1,1,-0.510877,0.612317,0.417215,0.329764,,,,,,,,consistent,False,,,,,,
anime,none,100,100000,0.6,mid,G2,40,0.274578,0.161071,1.15072,0.723797,0.879825,1,1,0.312368,0.756425,0.385122,0.0688077,,,,,,,,consistent,False,,,,,,
anime,none,100,100000,0.6,mid_greedy,G2,40,0.0330574,1.50883,28.0318,0.0410083,0.659411,1,1,-1.257,0.21623,0.18975,0.192492,,,,,,,,consistent,False,,,,,,
anime,w-high.g-none.v-none,100,100000,0.6,source,G2,40,1,0.136483,1.23863,0.765933,0.616914,1,1,-0.107107,0.915253,0.47646,0.522083,,,,,,,,consistent,False,,,,,,
anime,w-high.g-none.v-none,100,100000,0.6,mid,G2,40,0.0192638,0.879656,1.5122,0.388934,0.0235522,1,1,-0.942912,0.351531,0.459038,0.0427636,,,,,,,,consistent,False,,,,,,
anime,w-high.g-none.v-none,100,100000,0.6,mid_greedy,G2,40,0.00466146,0.928854,11.8469,0.515617,0.644072,1,1,0.0245157,0.980566,0.35489,0.239341,,,,,,,,consistent,False,,,,,,
anime,w-none.g-high.v-none,100,100000,0.6,source,G2,40,1,0.138812,1.11154,0.736547,0.206455,1,1,0.286777,0.775801,0.551602,0.286898,,,,,,,,consistent,False,,,,,,
anime,w-none.g-high.v-none,100,100000,0.6,mid,G2,40,0.155058,1.66834,1.16134,0.19705,0.69978,1,1,-1.30858,0.198337,0.501647,0.837907,,,,,,,,consistent,False,,,,,,
anime,w-none.g-high.v-none,100,100000,0.6,mid_greedy,G2,40,0.0222113,0.629471,4.6871,0.666856,0.352427,1,1,-0.33784,0.737295,0.322828,0.673792,,,,,,,,consistent,False,,,,,,
anime,w-none.g-none.v-high,100,100000,0.6,source,G2,40,1,0.156242,1.15249,0.728709,0.729979,1,1,-0.297197,0.767893,0.440214,0.495127,,,,,,,,consistent,False,,,,,,
anime,w-none.g-none.v-high,100,100000,0.6,mid,G2,40,0.343539,0.103901,1.19339,0.79179,0.418917,1,1,0.123844,0.902075,0.498028,0.14459,,,,,,,,consistent,False,,,,,,
anime,w-none.g-none.v-high,100,100000,0.6,mid_greedy,G2,40,0.0142263,0.521699,7.28685,0.825658,0.291334,1,1,-0.230477,0.818926,0.25026,0.0256515,,,,,,,,consistent,False,,,,,,
kuairand,high,100,100000,0.6,source,G2,40,1,0.180013,1.11827,0.699542,0.0658887,1,1,-0.341399,0.734636,0.401113,0.635417,,,,,,,,consistent,False,,,,,,
kuairand,high,100,100000,0.6,mid,G2,40,0.0386834,0.859845,1.63641,0.403789,0.334827,1,1,-0.802012,0.427406,0.494848,0.180381,,,,,,,,consistent,False,,,,,,
kuairand,high,100,100000,0.6,mid_greedy,G2,40,0.0167949,1.58884,2.07436,0.203238,0.528372,1,1,-1.18709,0.242372,0.538059,0.0132504,,,,,,,,consistent,False,,,,,,
kuairand,none,100,100000,0.6,source,G2,40,1,0.153765,1.07501,0.713467,0.505371,1,1,-0.360427,0.720473,0.477924,0.249069,,,,,,,,consistent,False,,,,,,
kuairand,none,100,100000,0.6,mid,G2,40,0.424644,0.152312,1.12482,0.726329,0.967407,1,1,-0.323315,0.748184,0.53644,0.620775,,,,,,,,consistent,False,,,,,,
kuairand,none,100,100000,0.6,mid_greedy,G2,40,0.01937,0.757602,22.2739,0.783243,0.857269,1,1,-1.53784,0.132163,0.259999,0.281366,,,,,,,,consistent,False,,,,,,
kuairand,w-high.g-none.v-none,100,100000,0.6,source,G2,40,1,0.197269,1.07067,0.674004,0.0557154,1,1,0.400499,0.690974,0.51119,0.141402,,,,,,,,consistent,False,,,,,,
kuairand,w-high.g-none.v-none,100,100000,0.6,mid,G2,40,0.112513,0.150137,1.23823,0.7524,0.433071,1,1,0.128302,0.898569,0.592617,0.429458,,,,,,,,consistent,False,,,,,,
kuairand,w-high.g-none.v-none,100,100000,0.6,mid_greedy,G2,40,0.0078461,2.13313,3.50994,0.0830157,0.186702,1,1,-1.7954,0.0803422,0.282874,0.0420957,,,,,,,,consistent,False,,,,,,
kuairand,w-none.g-high.v-none,100,100000,0.6,source,G2,40,1,2.37746,1.07946,0.120846,0.334169,1,1,-1.55817,0.127272,0.482693,0.579171,,,,,,,,consistent,False,,,,,,
kuairand,w-none.g-high.v-none,100,100000,0.6,mid,G2,40,0.204169,0.144253,1.19295,0.748895,0.268476,1,1,-0.242457,0.809696,0.400969,0.963361,,,,,,,,consistent,False,,,,,,
kuairand,w-none.g-high.v-none,100,100000,0.6,mid_greedy,G2,40,0.0162449,1.03396,5.49766,0.398344,0.724675,1,1,-0.702708,0.486411,0.26676,0.18406,,,,,,,,consistent,False,,,,,,
kuairand,w-none.g-none.v-high,100,100000,0.6,source,G2,40,1,2.52212,1.11514,0.108554,0.0820274,1,1,-1.61469,0.11444,0.470887,0.0869724,,,,,,,,consistent,False,,,,,,
kuairand,w-none.g-none.v-high,100,100000,0.6,mid,G2,40,0.22159,0.796316,1.26425,0.399263,0.0602453,1,1,-0.830976,0.411046,0.493673,0.204379,,,,,,,,consistent,False,,,,,,
kuairand,w-none.g-none.v-high,100,100000,0.6,mid_greedy,G2,40,0.0115204,0.69889,5.0197,0.62479,0.250143,1,1,-0.181628,0.856816,0.308802,0.470434,,,,,,,,consistent,False,,,,,,
ml,high,100,100000,0.6,source,G2,40,1,0.740736,1.1427,0.406338,0.952685,1,1,-0.854152,0.398237,0.621966,0.213458,,,,,,,,consistent,False,,,,,,
ml,high,100,100000,0.6,mid,G2,40,0.0218625,2.39596,2.58472,0.0755834,0.630174,1,1,-1.79692,0.0800955,0.366875,0.183204,,,,,,,,consistent,False,,,,,,
ml,high,100,100000,0.6,mid_greedy,G2,40,0.0109128,3.78823,4.02921,0.00429197,0.383759,1,1,-2.65535,0.0114131,0.361422,0.379253,,,,,,,,consistent,False,,,,,,
ml,none,100,100000,0.6,source,G2,40,1,0.06397,1.13693,0.831525,0.141277,1,1,-0.0371187,0.97058,0.353963,0.745445,,,,,,,,consistent,False,,,,,,
ml,none,100,100000,0.6,mid,G2,40,0.321971,2.13132,1.33369,0.136678,0.941562,1,1,-1.50724,0.139807,0.471381,0.756514,,,,,,,,consistent,False,,,,,,
ml,none,100,100000,0.6,mid_greedy,G2,40,0.057022,0.615267,16.8848,0.882288,0.121056,1,1,0.993695,0.326497,0.230417,0.524528,,,,,,,,consistent,False,,,,,,
ml,w-high.g-none.v-none,100,100000,0.6,source,G2,40,1,0.798111,1.12543,0.385309,0.725407,1,1,-0.870417,0.389399,0.495161,0.0487383,,,,,,,,consistent,False,,,,,,
ml,w-high.g-none.v-none,100,100000,0.6,mid,G2,40,0.167672,2.41007,1.24714,0.113056,0.429947,1,1,-1.59745,0.118238,0.455246,0.919629,,,,,,,,consistent,False,,,,,,
ml,w-high.g-none.v-none,100,100000,0.6,mid_greedy,G2,40,0.00456629,1.00322,10.351,0.438643,0.445807,1,1,0.152691,0.879429,0.386238,0.189631,,,,,,,,consistent,False,,,,,,
ml,w-none.g-high.v-none,100,100000,0.6,source,G2,40,1,0.825244,1.1405,0.378154,0.701837,1,1,0.905995,0.370502,0.460037,0.861754,,,,,,,,consistent,False,,,,,,
ml,w-none.g-high.v-none,100,100000,0.6,mid,G2,40,0.22503,0.617202,1.36457,0.479859,0.0707117,1,1,0.751679,0.456757,0.397874,0.041604,,,,,,,,consistent,False,,,,,,
ml,w-none.g-high.v-none,100,100000,0.6,mid_greedy,G2,40,0.0127097,0.672717,7.29595,0.70182,0.298851,1,1,0.506266,0.61552,0.255005,0.224524,,,,,,,,consistent,False,,,,,,
ml,w-none.g-none.v-high,100,100000,0.6,source,G2,40,1,0.0915807,1.18735,0.805146,0.779922,1,1,-0.0192513,0.984739,0.458921,0.0407145,,,,,,,,consistent,False,,,,,,
ml,w-none.g-none.v-high,100,100000,0.6,mid,G2,40,0.226294,0.198901,1.3453,0.728776,0.59364,1,1,0.163751,0.870772,0.527535,0.286399,,,,,,,,consistent,False,,,,,,
ml,w-none.g-none.v-high,100,100000,0.6,mid_greedy,G2,40,0.0205318,0.590092,4.84908,0.702421,0.904774,1,1,-0.0786933,0.937679,0.271782,0.0569016,,,,,,,,consistent,False,,,,,,
anime,high,100,100000,0.8,source,G2,40,1,5.68807,1.70644,0.00543821,0.108113,1,1,2.68826,0.0105084,0.347987,0.420572,,,,,,,,consistent,False,,,,,,
anime,high,100,100000,0.8,mid,G2,40,0.0105111,0.580948,3.62313,0.659537,0.213223,1,1,0.539955,0.592298,0.472987,0.122686,,,,,,,,consistent,False,,,,,,
anime,high,100,100000,0.8,mid_greedy,G2,40,0.00499647,0.788766,3.95391,0.530914,0.393211,1,1,0.900378,0.373445,0.469775,0.31009,,,,,,,,consistent,False,,,,,,
anime,none,100,100000,0.8,source,G2,40,1,1.24584,1.39175,0.278085,0.777258,1,1,-1.1461,0.258736,0.379053,0.29834,,,,,,,,consistent,False,,,,,,
anime,none,100,100000,0.8,mid,G2,40,0.300776,0.277849,1.61474,0.709392,0.922995,1,1,-0.19436,0.846903,0.407176,0.261069,,,,,,,,consistent,False,,,,,,
anime,none,100,100000,0.8,mid_greedy,G2,40,0.106791,0.941243,27.7501,0.552993,0.471857,1,1,-1.01567,0.316045,0.168603,0.195963,,,,,,,,consistent,False,,,,,,
anime,w-high.g-none.v-none,100,100000,0.8,source,G2,40,1,0.24411,1.40988,0.703469,0.568437,1,1,-0.295748,0.768991,0.528642,0.0452783,,,,,,,,consistent,False,,,,,,
anime,w-high.g-none.v-none,100,100000,0.8,mid,G2,40,0.026363,1.03807,2.54091,0.366661,0.485467,1,1,1.03029,0.309223,0.49831,0.0884235,,,,,,,,consistent,False,,,,,,
anime,w-high.g-none.v-none,100,100000,0.8,mid_greedy,G2,40,0.00471437,1.36485,1.55834,0.253588,0.816601,1,1,1.404,0.168233,0.838442,0.848401,,,,,,,,consistent,False,,,,,,
anime,w-none.g-high.v-none,100,100000,0.8,source,G2,40,1,1.55163,1.66562,0.214748,0.476878,1,1,-1.29733,0.20214,0.476357,0.754378,,,,,,,,consistent,False,,,,,,
anime,w-none.g-high.v-none,100,100000,0.8,mid,G2,40,0.274342,1.66624,1.63044,0.194086,0.370387,1,1,-1.36524,0.180002,0.324259,0.695831,,,,,,,,consistent,False,,,,,,
anime,w-none.g-high.v-none,100,100000,0.8,mid_greedy,G2,40,0.0298029,0.650088,6.39784,0.70031,0.321969,1,1,-0.382185,0.704399,0.317388,0.918867,,,,,,,,consistent,False,,,,,,
anime,w-none.g-none.v-high,100,100000,0.8,source,G2,40,1,0.158104,1.26672,0.750417,0.30307,1,1,0.22232,0.825225,0.382937,0.0129585,,,,,,,,consistent,False,,,,,,
anime,w-none.g-none.v-high,100,100000,0.8,mid,G2,40,0.336805,2.01758,1.86889,0.13629,0.828134,1,1,1.57463,0.12342,0.444364,0.670224,,,,,,,,consistent,False,,,,,,
anime,w-none.g-none.v-high,100,100000,0.8,mid_greedy,G2,40,0.0169402,0.785572,7.5948,0.609094,0.238325,1,1,-0.217929,0.828621,0.286436,0.274235,,,,,,,,consistent,False,,,,,,
kuairand,high,100,100000,0.8,source,G2,40,1,0.554004,1.3567,0.508052,0.227376,1,1,-0.70792,0.483205,0.516082,0.903369,,,,,,,,consistent,False,,,,,,
kuairand,high,100,100000,0.8,mid,G2,40,0.0396065,3.77759,3.208,0.00848957,0.514472,1,1,3.50118,0.00117665,0.621217,0.708338,,,,,,,,consistent,False,,,,,,
kuairand,high,100,100000,0.8,mid_greedy,G2,40,0.00927581,2.67812,1.49019,0.0845922,0.669725,1,1,2.0366,0.0485198,0.855627,0.797159,,,,,,,,consistent,False,,,,,,
kuairand,none,100,100000,0.8,source,G2,40,1,0.619651,1.15225,0.452797,0.0921215,1,1,0.77835,0.441059,0.538329,0.187072,,,,,,,,consistent,False,,,,,,
kuairand,none,100,100000,0.8,mid,G2,40,0.436098,0.395506,1.45943,0.607655,0.863259,1,1,-0.522801,0.60407,0.452765,0.456914,,,,,,,,consistent,False,,,,,,
kuairand,none,100,100000,0.8,mid_greedy,G2,40,0.0652729,1.06723,23.0348,0.374054,0.143715,1,1,-0.114068,0.909769,0.253484,0.671024,,,,,,,,consistent,False,,,,,,
kuairand,w-high.g-none.v-none,100,100000,0.8,source,G2,40,1,0.201598,1.23859,0.706415,0.46234,1,1,0.361477,0.719694,0.457891,0.3447,,,,,,,,consistent,False,,,,,,
kuairand,w-high.g-none.v-none,100,100000,0.8,mid,G2,40,0.0585588,1.34657,3.13067,0.256401,0.430085,1,1,-1.30015,0.20118,0.538856,0.165874,,,,,,,,consistent,False,,,,,,
kuairand,w-high.g-none.v-none,100,100000,0.8,mid_greedy,G2,40,0.00836059,0.901137,1.59136,0.386043,0.0547268,1,1,0.0368719,0.970775,0.889738,0.356984,,,,,,,,consistent,False,,,,,,
kuairand,w-none.g-high.v-none,100,100000,0.8,source,G2,40,1,0.152753,1.25961,0.754106,0.502216,1,1,0.10089,0.920155,0.45656,0.699364,,,,,,,,consistent,False,,,,,,
kuairand,w-none.g-high.v-none,100,100000,0.8,mid,G2,40,0.436544,0.180205,1.58007,0.783052,0.199801,1,1,-0.197832,0.844204,0.467039,0.648079,,,,,,,,consistent,False,,,,,,
kuairand,w-none.g-high.v-none,100,100000,0.8,mid_greedy,G2,40,0.0285065,0.808266,9.04116,0.609098,0.796172,1,1,-0.749625,0.457979,0.255198,0.180596,,,,,,,,consistent,False,,,,,,
kuairand,w-none.g-none.v-high,100,100000,0.8,source,G2,40,1,0.241529,1.19313,0.665672,0.660382,1,1,0.430934,0.668889,0.490006,0.470562,,,,,,,,consistent,False,,,,,,
kuairand,w-none.g-none.v-high,100,100000,0.8,mid,G2,40,0.433064,0.422768,1.44679,0.589568,0.793572,1,1,0.552154,0.583994,0.500322,0.93965,,,,,,,,consistent,False,,,,,,
kuairand,w-none.g-none.v-high,100,100000,0.8,mid_greedy,G2,40,0.0141892,0.808617,3.01308,0.489302,0.488837,1,1,-0.262025,0.794681,0.697077,0.435324,,,,,,,,consistent,False,,,,,,
ml,high,100,100000,0.8,source,G2,40,1,0.263607,1.27835,0.665702,0.822132,1,1,-0.375559,0.70928,0.531459,0.972361,,,,,,,,consistent,False,,,,,,
ml,high,100,100000,0.8,mid,G2,40,0.00946997,0.827913,6.12562,0.550108,0.639081,1,1,-0.767888,0.447178,0.382115,0.960795,,,,,,,,consistent,False,,,,,,
ml,high,100,100000,0.8,mid_greedy,G2,40,0.00577459,0.821026,4.66375,0.527207,0.616144,1,1,-0.121413,0.903987,0.631023,0.995722,,,,,,,,consistent,False,,,,,,
ml,none,100,100000,0.8,source,G2,40,1,0.873975,1.19947,0.368232,0.354439,1,1,-0.909541,0.368652,0.475299,0.900955,,,,,,,,consistent,False,,,,,,
ml,none,100,100000,0.8,mid,G2,40,0.339593,2.90133,1.86772,0.0586618,0.839785,1,1,-1.93092,0.0607857,0.342716,0.638407,,,,,,,,consistent,False,,,,,,
ml,none,100,100000,0.8,mid_greedy,G2,40,0.159997,0.98955,17.2054,0.466811,0.361532,1,1,0.18334,0.855481,0.20192,0.418712,,,,,,,,consistent,False,,,,,,
ml,w-high.g-none.v-none,100,100000,0.8,source,G2,40,1,1.68148,1.37837,0.19411,0.848219,1,1,-1.32308,0.193514,0.376259,0.2539,,,,,,,,consistent,False,,,,,,
ml,w-high.g-none.v-none,100,100000,0.8,mid,G2,40,0.135133,1.85948,1.93109,0.157251,0.0493907,1,1,-1.4507,0.15486,0.2705,0.0319219,,,,,,,,consistent,False,,,,,,
ml,w-high.g-none.v-none,100,100000,0.8,mid_greedy,G2,40,0.0129978,3.29757,3.42701,0.0148803,0.00444154,1,1,-2.42289,0.0201413,0.419746,0.360404,,,,,,,,consistent,False,,,,,,
ml,w-none.g-high.v-none,100,100000,0.8,source,G2,40,1,0.14697,1.25905,0.759571,0.588357,1,1,-0.185423,0.853859,0.393807,0.279794,,,,,,,,consistent,False,,,,,,
ml,w-none.g-high.v-none,100,100000,0.8,mid,G2,40,0.176211,0.704494,2.30271,0.513342,0.0849426,1,1,0.6591,0.513705,0.274883,0.450976,,,,,,,,consistent,False,,,,,,
ml,w-none.g-high.v-none,100,100000,0.8,mid_greedy,G2,40,0.0062821,1.14425,4.56837,0.334217,0.0585358,1,1,0.969004,0.338514,0.339317,0.50123,,,,,,,,consistent,False,,,,,,
ml,w-none.g-none.v-high,100,100000,0.8,source,G2,40,1,0.348405,1.19362,0.593476,0.915377,1,1,-0.524862,0.60265,0.504848,0.798285,,,,,,,,consistent,False,,,,,,
ml,w-none.g-none.v-high,100,100000,0.8,mid,G2,40,0.254933,0.599536,1.7195,0.524722,0.623196,1,1,0.711552,0.480977,0.386479,0.454427,,,,,,,,consistent,False,,,,,,
ml,w-none.g-none.v-high,100,100000,0.8,mid_greedy,G2,40,0.0365837,1.81532,8.94961,0.0605727,0.933926,1,1,2.14586,0.0381661,0.312148,0.447319,,,,,,,,consistent,False,,,,,,
anime,high,100,100000,0.9,source,G2,40,1,0.684335,1.34156,0.448829,0.832613,1,1,0.806823,0.424662,0.359263,0.0313882,,,,,,,,consistent,False,,,,,,
anime,high,100,100000,0.9,mid,G2,40,0.00253074,0.613091,4.81197,0.683567,0.552106,1,1,0.0400258,0.968277,0.400288,0.470292,,,,,,,,consistent,False,,,,,,
anime,high,100,100000,0.9,mid_greedy,G2,40,0.000884872,0.507576,4.76909,0.762253,0.646017,1,1,-0.1715,0.864717,0.471645,0.763631,,,,,,,,consistent,False,,,,,,
anime,none,100,100000,0.9,source,G2,40,1,0.190071,1.37384,0.741389,0.706085,1,1,0.188697,0.851309,0.455612,0.890516,,,,,,,,consistent,False,,,,,,
anime,none,100,100000,0.9,mid,G2,40,0.40178,0.676387,3.28685,0.579582,0.387497,1,1,-0.591477,0.557614,0.348438,0.963316,,,,,,,,consistent,False,,,,,,
anime,none,100,100000,0.9,mid_greedy,G2,40,0.219548,0.983771,26.9031,0.487508,0.120311,1,1,1.18068,0.244881,0.164527,0.557289,,,,,,,,consistent,False,,,,,,
anime,w-high.g-none.v-none,100,100000,0.9,source,G2,40,1,0.677971,1.65207,0.480687,0.560966,1,1,-0.772819,0.444288,0.302411,0.580937,,,,,,,,consistent,False,,,,,,
anime,w-high.g-none.v-none,100,100000,0.9,mid,G2,40,0.00126523,0.810802,4.9542,0.540684,0.270267,1,1,0.0310909,0.975356,0.461208,0.200907,,,,,,,,consistent,False,,,,,,
anime,w-high.g-none.v-none,100,100000,0.9,mid_greedy,G2,40,0.000102346,1.19879,7.94831,0.295195,0.577201,1,1,-0.342182,0.734051,0.456136,0.295,,,,,,,,consistent,False,,,,,,
anime,w-none.g-high.v-none,100,100000,0.9,source,G2,40,1,0.393295,1.86482,0.660244,0.968076,1,1,-0.399988,0.691348,0.355126,0.0379942,,,,,,,,consistent,False,,,,,,
anime,w-none.g-high.v-none,100,100000,0.9,mid,G2,40,0.203708,0.38005,2.50275,0.730555,0.227255,1,1,-0.19041,0.849975,0.404957,0.205349,,,,,,,,consistent,False,,,,,,
anime,w-none.g-high.v-none,100,100000,0.9,mid_greedy,G2,40,0.0149998,0.863335,3.14143,0.463405,0.915412,1,1,-0.282864,0.778777,0.690704,0.0986709,,,,,,,,consistent,False,,,,,,
anime,w-none.g-none.v-high,100,100000,0.9,source,G2,40,1,1.5305,1.60978,0.21914,0.395269,1,1,-1.2983,0.201808,0.413738,0.537634,,,,,,,,consistent,False,,,,,,
anime,w-none.g-none.v-high,100,100000,0.9,mid,G2,40,0.536287,0.347091,2.25015,0.731895,0.241764,1,1,-0.203417,0.839867,0.395513,0.161941,,,,,,,,consistent,False,,,,,,
anime,w-none.g-none.v-high,100,100000,0.9,mid_greedy,G2,40,0.279281,0.670889,2.72261,0.555678,0.556212,1,1,0.660261,0.512968,0.306487,0.72649,,,,,,,,consistent,False,,,,,,
kuairand,high,100,100000,0.9,source,G2,40,1,0.601088,1.99575,0.547872,0.584967,1,1,-0.634342,0.529561,0.369577,0.867273,,,,,,,,consistent,False,,,,,,
kuairand,high,100,100000,0.9,mid,G2,40,0.00028328,0.748833,5.02018,0.587319,0.828547,1,1,0.0855184,0.932287,0.501746,0.646902,,,,,,,,consistent,False,,,,,,
kuairand,high,100,100000,0.9,mid_greedy,G2,40,0.00028328,0.748833,5.02018,0.587319,0.828547,1,1,0.0855184,0.932287,0.501746,0.646902,,,,,,,,consistent,False,,,,,,
kuairand,none,100,100000,0.9,source,G2,40,1,1.31243,1.38673,0.262879,0.0364774,1,1,-1.16243,0.252126,0.374251,0.17807,,,,,,,,consistent,False,,,,,,
kuairand,none,100,100000,0.9,mid,G2,40,0.379777,2.05628,2.68536,0.110883,0.180503,1,1,-1.74527,0.0888128,0.305317,0.107138,,,,,,,,consistent,False,,,,,,
kuairand,none,100,100000,0.9,mid_greedy,G2,40,0.156651,1.08091,21.8643,0.35905,0.0848152,1,1,1.19288,0.240124,0.19711,0.465435,,,,,,,,consistent,False,,,,,,
kuairand,w-high.g-none.v-none,100,100000,0.9,source,G2,40,1,0.462633,1.43068,0.564683,0.764952,1,1,-0.631756,0.531232,0.437339,0.78585,,,,,,,,consistent,False,,,,,,
kuairand,w-high.g-none.v-none,100,100000,0.9,mid,G2,40,0.0121656,1.00438,2.08763,0.368946,0.0102521,1,1,-0.323666,0.74792,0.779758,0.150526,,,,,,,,consistent,False,,,,,,
kuairand,w-high.g-none.v-none,100,100000,0.9,mid_greedy,G2,40,0.00218304,0.490378,4.32666,0.757347,0.166639,1,1,0.888494,0.379722,0.627518,0.411011,,,,,,,,consistent,False,,,,,,
kuairand,w-none.g-high.v-none,100,100000,0.9,source,G2,40,1,2.54879,1.6593,0.0885212,0.0892446,1,1,-1.70934,0.0953355,0.405025,0.122856,,,,,,,,consistent,False,,,,,,
kuairand,w-none.g-high.v-none,100,100000,0.9,mid,G2,40,0.145502,0.787108,5.34257,0.566366,0.550578,1,1,-0.665227,0.509821,0.349399,0.881998,,,,,,,,consistent,False,,,,,,
kuairand,w-none.g-high.v-none,100,100000,0.9,mid_greedy,G2,40,0.0120543,0.826166,5.68472,0.543808,0.637019,1,1,0.449881,0.655287,0.551876,0.192488,,,,,,,,consistent,False,,,,,,
kuairand,w-none.g-none.v-high,100,100000,0.9,source,G2,40,1,4.29724,1.62291,0.0201076,0.181232,1,1,-2.29962,0.0269088,0.419644,0.356498,,,,,,,,consistent,False,,,,,,
kuairand,w-none.g-none.v-high,100,100000,0.9,mid,G2,40,0.0780339,0.438292,5.10249,0.825683,0.7892,1,1,-0.0864566,0.931546,0.478493,0.0497978,,,,,,,,consistent,False,,,,,,
kuairand,w-none.g-none.v-high,100,100000,0.9,mid_greedy,G2,40,0.00534916,1.1073,5.47598,0.35465,0.376349,1,1,0.755444,0.454521,0.661414,0.66447,,,,,,,,consistent,False,,,,,,
ml,high,100,100000,0.9,source,G2,40,1,0.153542,1.37826,0.77519,0.0262084,1,1,0.0115531,0.990841,0.431894,0.225029,,,,,,,,consistent,False,,,,,,
ml,high,100,100000,0.9,mid,G2,40,0.00111017,0.929982,1.29186,0.358024,0.36228,1,1,0.0789018,0.937514,0.944097,0.434365,,,,,,,,consistent,False,,,,,,
ml,high,100,100000,0.9,mid_greedy,G2,40,0.000589834,0.893391,1.04026,0.348453,0.303977,1,1,0.889803,0.379028,0.964937,0.309531,,,,,,,,consistent,False,,,,,,
ml,none,100,100000,0.9,source,G2,40,1,0.474209,1.65483,0.58607,0.229228,1,1,0.577768,0.566742,0.361011,0.10514,,,,,,,,consistent,False,,,,,,
ml,none,100,100000,0.9,mid,G2,40,0.444272,0.613177,3.69141,0.640006,0.251609,1,1,-0.463479,0.645597,0.298772,0.0177337,,,,,,,,consistent,False,,,,,,
ml,none,100,100000,0.9,mid_greedy,G2,40,0.293396,1.10031,14.3778,0.350424,0.0291718,1,1,0.586837,0.560695,0.177864,0.0103003,,,,,,,,consistent,False,,,,,,
ml,w-high.g-none.v-none,100,100000,0.9,source,G2,40,1,0.641575,1.63513,0.496197,0.204546,1,1,-0.735923,0.466181,0.345347,0.118651,,,,,,,,consistent,False,,,,,,
ml,w-high.g-none.v-none,100,100000,0.9,mid,G2,40,0.0535208,0.737334,3.86789,0.562017,0.424878,1,1,-0.779891,0.440163,0.299934,0.436355,,,,,,,,consistent,False,,,,,,
ml,w-high.g-none.v-none,100,100000,0.9,mid_greedy,G2,40,0.0152883,0.948139,4.48495,0.441832,0.524536,1,1,0.834221,0.409237,0.342458,0.183941,,,,,,,,consistent,False,,,,,,
ml,w-none.g-high.v-none,100,100000,0.9,source,G2,40,1,0.922685,1.55211,0.376327,0.546725,1,1,0.957787,0.34407,0.463732,0.0115499,,,,,,,,consistent,False,,,,,,
ml,w-none.g-high.v-none,100,100000,0.9,mid,G2,40,0.0714888,0.433221,6.93763,0.880588,0.512009,1,1,-0.161707,0.872371,0.343158,0.0948215,,,,,,,,consistent,False,,,,,,
ml,w-none.g-high.v-none,100,100000,0.9,mid_greedy,G2,40,0.0017855,0.738808,3.7519,0.557141,0.0498999,1,1,0.230939,0.818569,0.698578,0.218384,,,,,,,,consistent,False,,,,,,
ml,w-none.g-none.v-high,100,100000,0.9,source,G2,40,1,0.260807,1.71297,0.735746,0.783475,1,1,-0.162358,0.871862,0.39787,0.16879,,,,,,,,consistent,False,,,,,,
ml,w-none.g-none.v-high,100,100000,0.9,mid,G2,40,0.145694,1.6658,5.26143,0.135159,0.161033,1,1,-1.62802,0.111574,0.303857,0.213472,,,,,,,,consistent,False,,,,,,
ml,w-none.g-none.v-high,100,100000,0.9,mid_greedy,G2,40,0.0441474,0.924291,8.58151,0.499297,0.0965331,1,1,-0.934572,0.35576,0.391832,0.205391,,,,,,,,consistent,False,,,,,,
anime,high,100,25000,0.6,source,G2,40,1,0.589109,1.1059,0.458794,0.870119,1,1,-0.754429,0.455123,0.421649,0.977641,,,,,,,,consistent,False,,,,,,
anime,high,100,25000,0.6,mid,G2,40,0.0215271,0.281382,1.3932,0.672879,0.152637,1,1,-0.352638,0.726258,0.420336,0.291982,,,,,,,,consistent,False,,,,,,
anime,high,100,25000,0.6,mid_greedy,G2,40,0.00419231,0.379446,2.23332,0.707362,0.733582,1,1,-0.149312,0.882077,0.600312,0.541365,,,,,,,,consistent,False,,,,,,
anime,none,100,25000,0.6,source,G2,40,1,0.107614,1.07157,0.760644,0.375646,1,1,-0.275694,0.784239,0.486761,0.308755,,,,,,,,consistent,False,,,,,,
anime,none,100,25000,0.6,mid,G2,40,0.274578,1.29061,1.1729,0.262263,0.800193,1,1,-1.14706,0.258347,0.399453,0.370155,,,,,,,,consistent,False,,,,,,
anime,none,100,25000,0.6,mid_greedy,G2,40,0.0330574,0.901516,25.4983,0.606264,0.482829,1,1,-0.562287,0.577138,0.238003,0.324072,,,,,,,,consistent,False,,,,,,
anime,w-high.g-none.v-none,100,25000,0.6,source,G2,40,1,0.104808,1.17271,0.78646,0.0145144,1,1,0.132131,0.89556,0.340652,0.13196,,,,,,,,consistent,False,,,,,,
anime,w-high.g-none.v-none,100,25000,0.6,mid,G2,40,0.0192638,0.277624,1.68764,0.719609,0.880024,1,1,0.222393,0.825169,0.546119,0.469541,,,,,,,,consistent,False,,,,,,
anime,w-high.g-none.v-none,100,25000,0.6,mid_greedy,G2,40,0.00466146,0.662943,8.92666,0.741976,0.60981,1,1,0.936512,0.354773,0.453475,0.348472,,,,,,,,consistent,False,,,,,,
anime,w-none.g-high.v-none,100,25000,0.6,source,G2,40,1,0.0784869,1.13265,0.810399,0.818738,1,1,-0.131547,0.896019,0.466981,0.513007,,,,,,,,consistent,False,,,,,,
anime,w-none.g-high.v-none,100,25000,0.6,mid,G2,40,0.155058,0.78377,1.19529,0.397058,0.292914,1,1,0.874433,0.387236,0.446161,0.642738,,,,,,,,consistent,False,,,,,,
anime,w-none.g-high.v-none,100,25000,0.6,mid_greedy,G2,40,0.0222113,0.524186,6.24967,0.797523,0.777901,1,1,-0.277416,0.782926,0.26661,0.61106,,,,,,,,consistent,False,,,,,,
anime,w-none.g-none.v-high,100,25000,0.6,source,G2,40,1,0.147289,1.10683,0.727096,0.676902,1,1,0.315069,0.754389,0.495949,0.859306,,,,,,,,consistent,False,,,,,,
anime,w-none.g-none.v-high,100,25000,0.6,mid,G2,40,0.343539,0.793628,1.17078,0.391333,0.110815,1,1,0.877886,0.385382,0.414366,0.997409,,,,,,,,consistent,False,,,,,,
anime,w-none.g-none.v-high,100,25000,0.6,mid_greedy,G2,40,0.0142263,1.06253,7.50141,0.385565,0.209912,1,1,-0.853988,0.398327,0.326296,0.096546,,,,,,,,consistent,False,,,,,,
kuairand,high,100,25000,0.6,source,G2,40,1,0.418376,1.14755,0.545281,0.77068,1,1,0.625233,0.53546,0.434226,0.676459,,,,,,,,consistent,False,,,,,,
kuairand,high,100,25000,0.6,mid,G2,40,0.0386834,1.12444,1.79074,0.320282,0.879073,1,1,-1.09683,0.279442,0.5738,0.92889,,,,,,,,consistent,False,,,,,,
kuairand,high,100,25000,0.6,mid_greedy,G2,40,0.0167949,0.305783,1.78896,0.71194,0.976097,1,1,-0.0110626,0.99123,0.425177,0.515163,,,,,,,,consistent,False,,,,,,
kuairand,none,100,25000,0.6,source,G2,40,1,1.24323,1.06419,0.267794,0.0139453,1,1,-1.10485,0.275994,0.479046,0.158699,,,,,,,,consistent,False,,,,,,
kuairand,none,100,25000,0.6,mid,G2,40,0.424644,0.530878,1.07781,0.479165,0.820521,1,1,-0.697162,0.489836,0.563838,0.730298,,,,,,,,consistent,False,,,,,,
kuairand,none,100,25000,0.6,mid_greedy,G2,40,0.01937,0.800807,19.4678,0.712038,0.908224,1,1,-1.08415,0.284954,0.323317,0.637035,,,,,,,,consistent,False,,,,,,
kuairand,w-high.g-none.v-none,100,25000,0.6,source,G2,40,1,0.883398,1.07463,0.354479,0.840943,1,1,-0.942143,0.351919,0.578679,0.991219,,,,,,,,consistent,False,,,,,,
kuairand,w-high.g-none.v-none,100,25000,0.6,mid,G2,40,0.112513,3.09509,1.19737,0.0708178,0.247153,1,1,-1.78395,0.0822147,0.489787,0.191795,,,,,,,,consistent,False,,,,,,
kuairand,w-high.g-none.v-none,100,25000,0.6,mid_greedy,G2,40,0.0078461,0.527882,3.01837,0.664211,0.761639,1,1,-0.360829,0.720174,0.387463,0.634434,,,,,,,,consistent,False,,,,,,
kuairand,w-none.g-high.v-none,100,25000,0.6,source,G2,40,1,0.794694,1.07195,0.380767,0.760729,1,1,0.888721,0.379602,0.510474,0.447219,,,,,,,,consistent,False,,,,,,
kuairand,w-none.g-high.v-none,100,25000,0.6,mid,G2,40,0.204169,0.127248,1.23361,0.774396,0.82458,1,1,0.214299,0.831431,0.366025,0.401992,,,,,,,,consistent,False,,,,,,
kuairand,w-none.g-high.v-none,100,25000,0.6,mid_greedy,G2,40,0.0162449,0.622955,8.90424,0.776813,0.356179,1,1,-0.579011,0.565911,0.309669,0.293492,,,,,,,,consistent,False,,,,,,
kuairand,w-none.g-none.v-high,100,25000,0.6,source,G2,40,1,0.331726,1.08513,0.582686,0.00297924,1,1,-0.551314,0.584563,0.427731,0.620001,,,,,,,,consistent,False,,,,,,
kuairand,w-none.g-none.v-high,100,25000,0.6,mid,G2,40,0.22159,1.3194,1.15309,0.255929,0.732791,1,1,1.17439,0.24736,0.491733,0.638426,,,,,,,,consistent,False,,,,,,
kuairand,w-none.g-none.v-high,100,25000,0.6,mid_greedy,G2,40,0.0115204,0.717359,5.8709,0.632549,0.442757,1,1,-0.697845,0.489414,0.352844,0.362032,,,,,,,,consistent,False,,,,,,
ml,high,100,25000,0.6,source,G2,40,1,0.110081,1.1633,0.778476,0.640734,1,1,-0.213286,0.832215,0.468688,0.86584,,,,,,,,consistent,False,,,,,,
ml,high,100,25000,0.6,mid,G2,40,0.0218625,1.05558,2.53855,0.359577,0.0156479,1,1,1.00102,0.322986,0.333725,0.981612,,,,,,,,consistent,False,,,,,,
ml,high,100,25000,0.6,mid_greedy,G2,40,0.0109128,1.02889,4.23115,0.392704,0.294356,1,1,0.93257,0.35678,0.402209,0.0399804,,,,,,,,consistent,False,,,,,,
ml,none,100,25000,0.6,source,G2,40,1,1.29795,1.08032,0.257722,0.544462,1,1,1.14323,0.259912,0.405023,0.619404,,,,,,,,consistent,False,,,,,,
ml,none,100,25000,0.6,mid,G2,40,0.321971,0.533881,1.20237,0.496768,0.156938,1,1,0.704648,0.485216,0.462552,0.84116,,,,,,,,consistent,False,,,,,,
ml,none,100,25000,0.6,mid_greedy,G2,40,0.057022,0.989035,12.0194,0.456357,0.617857,1,1,-1.41774,0.164208,0.278607,0.33025,,,,,,,,consistent,False,,,,,,
ml,w-high.g-none.v-none,100,25000,0.6,source,G2,40,1,0.0522943,1.08708,0.839095,0.833022,1,1,-0.121228,0.904133,0.471536,0.0865585,,,,,,,,consistent,False,,,,,,
ml,w-high.g-none.v-none,100,25000,0.6,mid,G2,40,0.167672,0.97855,1.29556,0.343813,0.329082,1,1,1.00288,0.322103,0.470668,0.688153,,,,,,,,consistent,False,,,,,,
ml,w-high.g-none.v-none,100,25000,0.6,mid_greedy,G2,40,0.00456629,1.45809,7.76646,0.169158,0.233272,1,1,1.33366,0.190053,0.444024,0.114404,,,,,,,,consistent,False,,,,,,
ml,w-none.g-high.v-none,100,25000,0.6,source,G2,40,1,2.59301,1.11823,0.103359,0.759035,1,1,1.6382,0.109424,0.431965,0.204808,,,,,,,,consistent,False,,,,,,
ml,w-none.g-high.v-none,100,25000,0.6,mid,G2,40,0.22503,0.228143,1.27204,0.691391,0.96898,1,1,-0.384303,0.702842,0.439671,0.414273,,,,,,,,consistent,False,,,,,,
ml,w-none.g-high.v-none,100,25000,0.6,mid_greedy,G2,40,0.0127097,0.579263,2.7022,0.61085,0.922347,1,1,0.465629,0.644071,0.645028,0.861458,,,,,,,,consistent,False,,,,,,
ml,w-none.g-none.v-high,100,25000,0.6,source,G2,40,1,3.30506,1.13998,0.0634625,0.76284,1,1,1.86313,0.0699874,0.500341,0.815379,,,,,,,,consistent,False,,,,,,
ml,w-none.g-none.v-high,100,25000,0.6,mid,G2,40,0.226294,0.305421,1.21153,0.62414,0.124334,1,1,0.47927,0.634423,0.440157,0.47758,,,,,,,,consistent,False,,,,,,
ml,w-none.g-none.v-high,100,25000,0.6,mid_greedy,G2,40,0.0205318,0.730893,4.23446,0.578164,0.79198,1,1,0.645005,0.5227,0.363898,0.302513,,,,,,,,consistent,False,,,,,,
anime,high,100,25000,0.9,source,G2,40,1,0.14835,1.35452,0.775984,0.488508,1,1,-0.0967051,0.923456,0.391536,0.0435629,,,,,,,,consistent,False,,,,,,
anime,high,100,25000,0.9,mid,G2,40,0.00253074,0.849614,3.68262,0.485771,0.390789,1,1,0.712197,0.480582,0.677615,0.19497,,,,,,,,consistent,False,,,,,,
anime,high,100,25000,0.9,mid_greedy,G2,40,0.000884872,1.47929,4.6985,0.196557,0.789836,1,1,1.65289,0.106383,0.690904,0.691975,,,,,,,,consistent,False,,,,,,
anime,none,100,25000,0.9,source,G2,40,1,2.29084,1.43162,0.117941,0.699787,1,1,-1.58879,0.120184,0.405054,0.863967,,,,,,,,consistent,False,,,,,,
anime,none,100,25000,0.9,mid,G2,40,0.40178,1.29736,2.65692,0.274188,0.623537,1,1,-1.22754,0.226977,0.372988,0.381226,,,,,,,,consistent,False,,,,,,
anime,none,100,25000,0.9,mid_greedy,G2,40,0.219548,0.871195,27.4148,0.658313,0.550483,1,1,0.993691,0.326499,0.182828,0.612097,,,,,,,,consistent,False,,,,,,
anime,w-high.g-none.v-none,100,25000,0.9,source,G2,40,1,0.291327,1.75948,0.718823,0.36829,1,1,-0.0718126,0.943118,0.378623,0.554079,,,,,,,,consistent,False,,,,,,
anime,w-high.g-none.v-none,100,25000,0.9,mid,G2,40,0.00126523,0.823853,6.16968,0.554021,0.354528,1,1,-0.374516,0.71005,0.506639,0.481413,,,,,,,,consistent,False,,,,,,
anime,w-high.g-none.v-none,100,25000,0.9,mid_greedy,G2,40,0.000102346,0.91568,5.49027,0.476007,0.582492,1,1,-0.774962,0.443035,0.617033,0.680207,,,,,,,,consistent,False,,,,,,
anime,w-none.g-high.v-none,100,25000,0.9,source,G2,40,1,0.477696,1.65691,0.584296,0.25006,1,1,-0.579705,0.565448,0.377561,0.230637,,,,,,,,consistent,False,,,,,,
anime,w-none.g-high.v-none,100,25000,0.9,mid,G2,40,0.203708,0.852674,3.50635,0.479411,0.202124,1,1,0.866464,0.391535,0.259225,0.496102,,,,,,,,consistent,False,,,,,,
anime,w-none.g-high.v-none,100,25000,0.9,mid_greedy,G2,40,0.0149998,0.66867,6.89215,0.696454,0.238571,1,1,-0.331412,0.742108,0.471743,0.635317,,,,,,,,consistent,False,,,,,,
anime,w-none.g-none.v-high,100,25000,0.9,source,G2,40,1,2.03946,1.37765,0.145754,0.627687,1,1,-1.50265,0.140985,0.466067,0.6946,,,,,,,,consistent,False,,,,,,
anime,w-none.g-none.v-high,100,25000,0.9,mid,G2,40,0.536287,3.90816,3.11237,0.00761218,0.80185,1,1,-2.53656,0.0153095,0.315869,0.229003,,,,,,,,consistent,False,,,,,,
anime,w-none.g-none.v-high,100,25000,0.9,mid_greedy,G2,40,0.279281,2.25113,5.28916,0.0430728,0.863912,1,1,-2.02469,0.0497849,0.273144,0.215612,,,,,,,,consistent,False,,,,,,
kuairand,high,100,25000,0.9,source,G2,40,1,0.418655,1.91587,0.649179,0.591595,1,1,0.511239,0.612066,0.346785,0.301167,,,,,,,,consistent,False,,,,,,
kuairand,high,100,25000,0.9,mid,G2,40,0.00028328,1.44296,5.61196,0.198122,0.415056,1,1,0.65488,0.516389,0.566852,0.823233,,,,,,,,consistent,False,,,,,,
kuairand,high,100,25000,0.9,mid_greedy,G2,40,0.00028328,1.44296,5.61196,0.198122,0.415056,1,1,0.65488,0.516389,0.566852,0.823233,,,,,,,,consistent,False,,,,,,
kuairand,none,100,25000,0.9,source,G2,40,1,0.373003,1.33221,0.602158,0.365336,1,1,-0.516052,0.608732,0.455864,0.721064,,,,,,,,consistent,False,,,,,,
kuairand,none,100,25000,0.9,mid,G2,40,0.379777,0.777838,2.92815,0.503341,0.503824,1,1,-0.82556,0.414076,0.423053,0.758032,,,,,,,,consistent,False,,,,,,
kuairand,none,100,25000,0.9,mid_greedy,G2,40,0.156651,0.935227,11.3773,0.506744,0.258361,1,1,-0.129345,0.897749,0.450284,0.326049,,,,,,,,consistent,False,,,,,,
kuairand,w-high.g-none.v-none,100,25000,0.9,source,G2,40,1,0.2442,1.55574,0.726465,0.694788,1,1,-0.188064,0.851802,0.367796,0.764446,,,,,,,,consistent,False,,,,,,
kuairand,w-high.g-none.v-none,100,25000,0.9,mid,G2,40,0.0121656,0.688035,2.46632,0.531732,0.294021,1,1,0.751875,0.45664,0.806691,0.0890159,,,,,,,,consistent,False,,,,,,
kuairand,w-high.g-none.v-none,100,25000,0.9,mid_greedy,G2,40,0.00218304,1.02894,5.44753,0.401187,0.72606,1,1,-0.0212522,0.983153,0.470953,0.723405,,,,,,,,consistent,False,,,,,,
kuairand,w-none.g-high.v-none,100,25000,0.9,source,G2,40,1,1.30323,1.60759,0.268408,0.743643,1,1,1.16281,0.251973,0.368266,0.666309,,,,,,,,consistent,False,,,,,,
kuairand,w-none.g-high.v-none,100,25000,0.9,mid,G2,40,0.145502,1.0621,3.14399,0.365532,0.761544,1,1,1.03828,0.305532,0.395953,0.802657,,,,,,,,consistent,False,,,,,,
kuairand,w-none.g-high.v-none,100,25000,0.9,mid_greedy,G2,40,0.0120543,0.508261,3.693,0.714993,0.338502,1,1,0.704059,0.485579,0.683669,0.122892,,,,,,,,consistent,False,,,,,,
kuairand,w-none.g-none.v-high,100,25000,0.9,source,G2,40,1,0.155543,1.43427,0.782776,0.886687,1,1,0.112814,0.910757,0.487101,0.0942563,,,,,,,,consistent,False,,,,,,
kuairand,w-none.g-none.v-high,100,25000,0.9,mid,G2,40,0.0780339,0.824477,4.43613,0.519757,0.0651892,1,1,0.436087,0.665178,0.49966,0.403917,,,,,,,,consistent,False,,,,,,
kuairand,w-none.g-none.v-high,100,25000,0.9,mid_greedy,G2,40,0.00534916,1.01126,1.87291,0.359665,0.324582,1,1,-1.22955,0.226232,0.836418,0.905414,,,,,,,,consistent,False,,,,,,
ml,high,100,25000,0.9,source,G2,40,1,0.517681,1.6606,0.562173,0.661904,1,1,0.614304,0.542582,0.314815,0.559389,,,,,,,,consistent,False,,,,,,
ml,high,100,25000,0.9,mid,G2,40,0.00111017,0.675872,2.90786,0.562195,0.0418876,1,1,0.676495,0.502719,0.673967,0.151346,,,,,,,,consistent,False,,,,,,
ml,high,100,25000,0.9,mid_greedy,G2,40,0.000589834,0.797705,4.77464,0.545946,0.846447,1,1,0.862467,0.393703,0.714632,0.154868,,,,,,,,consistent,False,,,,,,
ml,none,100,25000,0.9,source,G2,40,1,0.797646,1.5389,0.421111,0.500784,1,1,-0.847832,0.401705,0.411534,0.0552593,,,,,,,,consistent,False,,,,,,
ml,none,100,25000,0.9,mid,G2,40,0.444272,0.465937,4.34121,0.776059,0.466845,1,1,0.117937,0.906723,0.275927,0.178115,,,,,,,,consistent,False,,,,,,
ml,none,100,25000,0.9,mid_greedy,G2,40,0.293396,0.796631,14.263,0.67637,0.944167,1,1,0.799588,0.428793,0.262176,0.79644,,,,,,,,consistent,False,,,,,,
ml,w-high.g-none.v-none,100,25000,0.9,source,G2,40,1,3.01059,1.64377,0.0595602,0.598212,1,1,-1.90876,0.0636716,0.362446,0.282737,,,,,,,,consistent,False,,,,,,
ml,w-high.g-none.v-none,100,25000,0.9,mid,G2,40,0.0535208,0.536187,2.38911,0.616643,0.177866,1,1,-0.253364,0.801318,0.430378,0.00794921,,,,,,,,consistent,False,,,,,,
ml,w-high.g-none.v-none,100,25000,0.9,mid_greedy,G2,40,0.0152883,0.53666,3.60203,0.68999,0.105945,1,1,-0.362732,0.718764,0.456105,0.105093,,,,,,,,consistent,False,,,,,,
ml,w-none.g-high.v-none,100,25000,0.9,source,G2,40,1,2.75161,1.69971,0.0727991,0.0848225,1,1,-1.82881,0.0750826,0.440924,0.850332,,,,,,,,consistent,False,,,,,,
ml,w-none.g-high.v-none,100,25000,0.9,mid,G2,40,0.0714888,0.588482,3.44217,0.645588,0.85273,1,1,-0.704318,0.48542,0.542224,0.0478415,,,,,,,,consistent,False,,,,,,
ml,w-none.g-high.v-none,100,25000,0.9,mid_greedy,G2,40,0.0017855,0.627348,3.59127,0.625741,0.450081,1,1,0.661999,0.511865,0.570304,0.403966,,,,,,,,consistent,False,,,,,,
ml,w-none.g-none.v-high,100,25000,0.9,source,G2,40,1,1.85464,1.5907,0.165018,0.606476,1,1,-1.43355,0.159669,0.482475,0.253324,,,,,,,,consistent,False,,,,,,
ml,w-none.g-none.v-high,100,25000,0.9,mid,G2,40,0.145694,0.918392,4.79951,0.46483,0.798224,1,1,0.842152,0.404838,0.28708,0.820458,,,,,,,,consistent,False,,,,,,
ml,w-none.g-none.v-high,100,25000,0.9,mid_greedy,G2,40,0.0441474,1.08798,6.88503,0.367618,0.349082,1,1,1.17799,0.245941,0.437095,0.279508,,,,,,,,consistent,False,,,,,,
anime,high,100,5000,0.6,source,G2,40,1,0.0793537,1.1351,0.809775,0.236407,1,1,-0.138002,0.890949,0.364898,0.868736,,,,,,,,consistent,False,,,,,,
anime,high,100,5000,0.6,mid,G2,40,0.0215271,0.49811,1.45389,0.548503,0.342855,1,1,-0.597891,0.553369,0.503163,0.189919,,,,,,,,consistent,False,,,,,,
anime,high,100,5000,0.6,mid_greedy,G2,40,0.00419231,2.73965,2.02023,0.0640254,0.184629,1,1,-1.79527,0.0803629,0.474284,0.35538,,,,,,,,consistent,False,,,,,,
anime,none,100,5000,0.6,source,G2,40,1,0.23644,1.15205,0.661078,0.149078,1,1,-0.430365,0.669299,0.454357,0.364871,,,,,,,,consistent,False,,,,,,
anime,none,100,5000,0.6,mid,G2,40,0.274578,0.103296,1.1379,0.780749,0.823716,1,1,-0.239968,0.811612,0.552613,0.0991686,,,,,,,,consistent,False,,,,,,
anime,none,100,5000,0.6,mid_greedy,G2,40,0.0330574,0.791976,21.5121,0.73649,0.602437,1,1,1.01951,0.314245,0.315833,0.591096,,,,,,,,consistent,False,,,,,,
anime,w-high.g-none.v-none,100,5000,0.6,source,G2,40,1,2.30138,1.18024,0.124383,0.451032,1,1,1.55366,0.128343,0.385985,0.673697,,,,,,,,consistent,False,,,,,,
anime,w-high.g-none.v-none,100,5000,0.6,mid,G2,40,0.0192638,0.97177,1.72958,0.368002,0.282319,1,1,0.939567,0.353223,0.375247,0.290042,,,,,,,,consistent,False,,,,,,
anime,w-high.g-none.v-none,100,5000,0.6,mid_greedy,G2,40,0.00466146,0.949407,14.4201,0.50525,0.93915,1,1,-0.0984363,0.92209,0.409925,0.35825,,,,,,,,consistent,False,,,,,,
anime,w-none.g-high.v-none,100,5000,0.6,source,G2,40,1,0.405486,1.12304,0.547831,0.0832864,1,1,0.61333,0.543219,0.426569,0.433834,,,,,,,,consistent,False,,,,,,
anime,w-none.g-high.v-none,100,5000,0.6,mid,G2,40,0.155058,0.0944125,1.15516,0.795012,0.768805,1,1,0.208383,0.836014,0.434115,0.157254,,,,,,,,consistent,False,,,,,,
anime,w-none.g-high.v-none,100,5000,0.6,mid_greedy,G2,40,0.0222113,1.14785,5.82758,0.331663,0.54802,1,1,-1.21677,0.231006,0.338734,0.879836,,,,,,,,consistent,False,,,,,,
anime,w-none.g-none.v-high,100,5000,0.6,source,G2,40,1,1.6315,1.16399,0.202499,0.548339,1,1,-1.30128,0.200798,0.426055,0.72272,,,,,,,,consistent,False,,,,,,
anime,w-none.g-none.v-high,100,5000,0.6,mid,G2,40,0.343539,1.07786,1.20399,0.311691,0.433355,1,1,-1.04442,0.302723,0.44688,0.429804,,,,,,,,consistent,False,,,,,,
anime,w-none.g-none.v-high,100,5000,0.6,mid_greedy,G2,40,0.0142263,1.83797,8.57218,0.0599805,0.221412,1,1,-2.09385,0.0428229,0.345469,0.679216,,,,,,,,consistent,False,,,,,,
kuairand,high,100,5000,0.6,source,G2,40,1,0.113922,1.17501,0.776681,0.9898,1,1,-0.148457,0.882747,0.394259,0.260236,,,,,,,,consistent,False,,,,,,
kuairand,high,100,5000,0.6,mid,G2,40,0.0386834,1.50585,2.14188,0.220597,0.166237,1,1,-1.09945,0.278311,0.695439,0.101823,,,,,,,,consistent,False,,,,,,
kuairand,high,100,5000,0.6,mid_greedy,G2,40,0.0167949,1.46137,2.60047,0.227091,0.505036,1,1,-0.94106,0.352467,0.842118,0.0156662,,,,,,,,consistent,False,,,,,,
kuairand,none,100,5000,0.6,source,G2,40,1,1.14751,1.0664,0.287897,0.704198,1,1,1.07012,0.291144,0.505597,0.00225816,,,,,,,,consistent,False,,,,,,
kuairand,none,100,5000,0.6,mid,G2,40,0.424644,0.452548,1.09812,0.51904,0.761257,1,1,-0.641298,0.52508,0.441652,0.0605978,,,,,,,,consistent,False,,,,,,
kuairand,none,100,5000,0.6,mid_greedy,G2,40,0.01937,0.857612,9.612,0.568973,0.0594217,1,1,-0.311765,0.75688,0.55905,0.370916,,,,,,,,consistent,False,,,,,,
kuairand,w-high.g-none.v-none,100,5000,0.6,source,G2,40,1,0.892327,1.10767,0.354903,0.243399,1,1,0.936319,0.354871,0.390685,0.920124,,,,,,,,consistent,False,,,,,,
kuairand,w-high.g-none.v-none,100,5000,0.6,mid,G2,40,0.112513,0.540472,1.17144,0.48926,0.0316552,1,1,-0.69563,0.490785,0.39866,0.167154,,,,,,,,consistent,False,,,,,,
kuairand,w-high.g-none.v-none,100,5000,0.6,mid_greedy,G2,40,0.0078461,0.475702,2.60418,0.672106,0.513335,1,1,0.21891,0.827862,0.450788,0.121384,,,,,,,,consistent,False,,,,,,
kuairand,w-none.g-high.v-none,100,5000,0.6,source,G2,40,1,0.300968,1.10778,0.606638,0.696613,1,1,0.52546,0.602239,0.346713,0.647889,,,,,,,,consistent,False,,,,,,
kuairand,w-none.g-high.v-none,100,5000,0.6,mid,G2,40,0.204169,0.298295,1.12653,0.612224,0.999637,1,1,0.519901,0.606072,0.481432,0.248738,,,,,,,,consistent,False,,,,,,
kuairand,w-none.g-high.v-none,100,5000,0.6,mid_greedy,G2,40,0.0162449,0.798482,5.57113,0.562566,0.455919,1,1,-0.254554,0.800405,0.528369,0.965994,,,,,,,,consistent,False,,,,,,
kuairand,w-none.g-none.v-high,100,5000,0.6,source,G2,40,1,0.261771,1.05639,0.621913,0.211329,1,1,0.48475,0.630566,0.432469,0.65383,,,,,,,,consistent,False,,,,,,
kuairand,w-none.g-none.v-high,100,5000,0.6,mid,G2,40,0.22159,0.0952294,1.15952,0.794948,0.843162,1,1,-0.0732382,0.941991,0.499728,0.927453,,,,,,,,consistent,False,,,,,,
kuairand,w-none.g-none.v-high,100,5000,0.6,mid_greedy,G2,40,0.0115204,0.839936,5.06335,0.522257,0.31448,1,1,0.53702,0.594305,0.327229,0.398583,,,,,,,,consistent,False,,,,,,
ml,high,100,5000,0.6,source,G2,40,1,0.128974,1.11271,0.746875,0.244764,1,1,-0.275088,0.784701,0.490072,0.761938,,,,,,,,consistent,False,,,,,,
ml,high,100,5000,0.6,mid,G2,40,0.0218625,0.491743,2.507,0.654145,0.542838,1,1,0.233298,0.81675,0.432001,0.993781,,,,,,,,consistent,False,,,,,,
ml,high,100,5000,0.6,mid_greedy,G2,40,0.0109128,0.525059,3.34557,0.684872,0.485639,1,1,0.0476201,0.962262,0.433914,0.235077,,,,,,,,consistent,False,,,,,,
ml,none,100,5000,0.6,source,G2,40,1,1.64192,1.08289,0.200677,0.588354,1,1,-1.29346,0.203461,0.455413,0.19936,,,,,,,,consistent,False,,,,,,
ml,none,100,5000,0.6,mid,G2,40,0.321971,0.456871,1.1385,0.523812,0.796399,1,1,0.650126,0.519422,0.488497,0.818221,,,,,,,,consistent,False,,,,,,
ml,none,100,5000,0.6,mid_greedy,G2,40,0.057022,0.839058,16.6257,0.645805,0.71948,1,1,1.42783,0.161299,0.281028,0.540674,,,,,,,,consistent,False,,,,,,
ml,w-high.g-none.v-none,100,5000,0.6,source,G2,40,1,0.851701,1.09905,0.366048,0.1634,1,1,-0.917031,0.364763,0.4496,0.238672,,,,,,,,consistent,False,,,,,,
ml,w-high.g-none.v-none,100,5000,0.6,mid,G2,40,0.167672,0.869489,1.15961,0.366212,0.921545,1,1,0.917291,0.364628,0.431039,0.284449,,,,,,,,consistent,False,,,,,,
ml,w-high.g-none.v-none,100,5000,0.6,mid_greedy,G2,40,0.00456629,1.12369,10.2098,0.338914,0.198034,1,1,-1.05742,0.296827,0.464341,0.933784,,,,,,,,consistent,False,,,,,,
ml,w-none.g-high.v-none,100,5000,0.6,source,G2,40,1,3.02073,1.16348,0.0758578,0.269786,1,1,-1.78095,0.0827108,0.494906,0.576415,,,,,,,,consistent,False,,,,,,
ml,w-none.g-high.v-none,100,5000,0.6,mid,G2,40,0.22503,1.51167,1.26669,0.222348,0.328696,1,1,-1.25201,0.218023,0.548472,0.492057,,,,,,,,consistent,False,,,,,,
ml,w-none.g-high.v-none,100,5000,0.6,mid_greedy,G2,40,0.0127097,2.92688,6.52452,0.00577745,0.925862,1,1,-2.59472,0.0132707,0.301642,0.0163627,,,,,,,,consistent,False,,,,,,
ml,w-none.g-none.v-high,100,5000,0.6,source,G2,40,1,0.106799,1.11634,0.771923,0.678002,1,1,0.235571,0.814998,0.445214,0.840223,,,,,,,,consistent,False,,,,,,
ml,w-none.g-none.v-high,100,5000,0.6,mid,G2,40,0.226294,0.103789,1.26611,0.806188,0.434811,1,1,0.0221354,0.982453,0.417607,0.0235488,,,,,,,,consistent,False,,,,,,
ml,w-none.g-none.v-high,100,5000,0.6,mid_greedy,G2,40,0.0205318,1.96428,5.61755,0.0717861,0.231568,1,1,-1.75383,0.0873153,0.278409,0.0587548,,,,,,,,consistent,False,,,,,,
anime,high,100,5000,0.8,source,G2,40,1,1.02497,1.26003,0.32865,0.471458,1,1,1.02034,0.313856,0.519028,0.809765,,,,,,,,consistent,False,,,,,,
anime,high,100,5000,0.8,mid,G2,40,0.0105111,0.493246,1.4423,0.54961,0.0843461,1,1,0.537928,0.593683,0.789407,0.0711843,,,,,,,,consistent,False,,,,,,
anime,high,100,5000,0.8,mid_greedy,G2,40,0.00499647,0.643271,1.35564,0.467483,0.755825,1,1,0.710587,0.481568,0.8749,0.147191,,,,,,,,consistent,False,,,,,,
anime,none,100,5000,0.8,source,G2,40,1,0.194291,1.29646,0.723728,0.0862302,1,1,-0.228603,0.820372,0.398541,0.410903,,,,,,,,consistent,False,,,,,,
anime,none,100,5000,0.8,mid,G2,40,0.300776,0.219345,1.73033,0.770844,0.174089,1,1,0.065354,0.948226,0.362144,0.111743,,,,,,,,consistent,False,,,,,,
anime,none,100,5000,0.8,mid_greedy,G2,40,0.106791,0.963466,19.9899,0.504364,0.975808,1,1,-0.824081,0.414905,0.343413,0.307534,,,,,,,,consistent,False,,,,,,
anime,w-high.g-none.v-none,100,5000,0.8,source,G2,40,1,0.150327,1.30714,0.765481,0.336039,1,1,0.186809,0.852779,0.47498,0.623989,,,,,,,,consistent,False,,,,,,
anime,w-high.g-none.v-none,100,5000,0.8,mid,G2,40,0.026363,1.70995,2.29609,0.175617,0.582513,1,1,-1.40498,0.167942,0.381606,0.627617,,,,,,,,consistent,False,,,,,,
anime,w-high.g-none.v-none,100,5000,0.8,mid_greedy,G2,40,0.00471437,1.02832,6.59286,0.407001,0.393942,1,1,-0.780807,0.43963,0.492981,0.744526,,,,,,,,consistent,False,,,,,,
anime,w-none.g-high.v-none,100,5000,0.8,source,G2,40,1,0.307122,1.23875,0.628064,0.860493,1,1,-0.486342,0.629447,0.441667,0.641936,,,,,,,,consistent,False,,,,,,
anime,w-none.g-high.v-none,100,5000,0.8,mid,G2,40,0.274342,2.86114,2.08591,0.0548902,0.612769,1,1,-1.95307,0.0580139,0.482197,0.205875,,,,,,,,consistent,False,,,,,,
anime,w-none.g-high.v-none,100,5000,0.8,mid_greedy,G2,40,0.0298029,0.828222,4.24173,0.512768,0.966356,1,1,0.264424,0.792846,0.722616,0.630012,,,,,,,,consistent,False,,,,,,
anime,w-none.g-none.v-high,100,5000,0.8,source,G2,40,1,0.270601,1.19047,0.643922,0.431261,1,1,0.455518,0.651263,0.33895,0.23379,,,,,,,,consistent,False,,,,,,
anime,w-none.g-none.v-high,100,5000,0.8,mid,G2,40,0.336805,2.29059,1.70236,0.109856,0.16557,1,1,1.65116,0.106736,0.344433,0.768982,,,,,,,,consistent,False,,,,,,
anime,w-none.g-none.v-high,100,5000,0.8,mid_greedy,G2,40,0.0169402,0.657619,3.50962,0.601615,0.0506923,1,1,-0.54526,0.58868,0.599462,0.803427,,,,,,,,consistent,False,,,,,,
kuairand,high,100,5000,0.8,source,G2,40,1,4.63861,1.32261,0.0214493,0.887623,1,1,2.29094,0.0274546,0.529607,0.464989,,,,,,,,consistent,False,,,,,,
kuairand,high,100,5000,0.8,mid,G2,40,0.0396065,0.974146,2.05701,0.379456,0.776519,1,1,0.985219,0.330589,0.730012,0.219859,,,,,,,,consistent,False,,,,,,
kuairand,high,100,5000,0.8,mid_greedy,G2,40,0.00927581,2.12611,1.73537,0.126477,0.551718,1,1,1.66869,0.103188,0.710354,0.425247,,,,,,,,consistent,False,,,,,,
kuairand,none,100,5000,0.8,source,G2,40,1,0.0837048,1.19643,0.816774,0.803651,1,1,-0.116354,0.907969,0.432265,0.624548,,,,,,,,consistent,False,,,,,,
kuairand,none,100,5000,0.8,mid,G2,40,0.436098,1.52697,1.50275,0.220114,0.2674,1,1,-1.31203,0.197179,0.340294,0.602738,,,,,,,,consistent,False,,,,,,
kuairand,none,100,5000,0.8,mid_greedy,G2,40,0.0652729,0.72981,11.5594,0.718015,0.198327,1,1,0.540138,0.592173,0.481436,0.765998,,,,,,,,consistent,False,,,,,,
kuairand,w-high.g-none.v-none,100,5000,0.8,source,G2,40,1,1.33282,1.21211,0.254861,0.609348,1,1,-1.16084,0.252765,0.335152,0.178095,,,,,,,,consistent,False,,,,,,
kuairand,w-high.g-none.v-none,100,5000,0.8,mid,G2,40,0.0585588,2.60207,2.10089,0.0712755,0.334283,1,1,-1.88268,0.0672185,0.478547,0.682259,,,,,,,,consistent,False,,,,,,
kuairand,w-high.g-none.v-none,100,5000,0.8,mid_greedy,G2,40,0.00836059,0.784071,5.07097,0.562573,0.763195,1,1,-0.963607,0.34118,0.470735,0.238992,,,,,,,,consistent,False,,,,,,
kuairand,w-none.g-high.v-none,100,5000,0.8,source,G2,40,1,0.276215,1.19212,0.640298,0.138787,1,1,-0.449721,0.655401,0.360932,0.117615,,,,,,,,consistent,False,,,,,,
kuairand,w-none.g-high.v-none,100,5000,0.8,mid,G2,40,0.436544,0.58166,1.51732,0.513355,0.240954,1,1,-0.680586,0.500154,0.408856,0.769277,,,,,,,,consistent,False,,,,,,
kuairand,w-none.g-high.v-none,100,5000,0.8,mid_greedy,G2,40,0.0285065,0.918926,5.98269,0.479623,0.939525,1,1,-0.838079,0.407093,0.61735,0.450489,,,,,,,,consistent,False,,,,,,
kuairand,w-none.g-none.v-high,100,5000,0.8,source,G2,40,1,0.175384,1.26127,0.733513,0.705708,1,1,-0.0862543,0.931706,0.37438,0.526408,,,,,,,,consistent,False,,,,,,
kuairand,w-none.g-none.v-high,100,5000,0.8,mid,G2,40,0.433064,0.43436,1.49255,0.58905,0.621339,1,1,-0.623619,0.536508,0.498793,0.294536,,,,,,,,consistent,False,,,,,,
kuairand,w-none.g-none.v-high,100,5000,0.8,mid_greedy,G2,40,0.0141892,0.685065,4.03233,0.603352,0.994292,1,1,-0.761677,0.450835,0.683942,0.668797,,,,,,,,consistent,False,,,,,,
ml,high,100,5000,0.8,source,G2,40,1,1.39583,1.29173,0.243997,0.522094,1,1,1.2052,0.235387,0.422352,0.766304,,,,,,,,consistent,False,,,,,,
ml,high,100,5000,0.8,mid,G2,40,0.00946997,0.566984,4.51936,0.707849,0.222983,1,1,0.0343893,0.972742,0.43822,0.635772,,,,,,,,consistent,False,,,,,,
ml,high,100,5000,0.8,mid_greedy,G2,40,0.00577459,0.715783,5.48808,0.624392,0.163264,1,1,-0.225798,0.822538,0.519148,0.862492,,,,,,,,consistent,False,,,,,,
ml,none,100,5000,0.8,source,G2,40,1,0.266813,1.29537,0.66647,0.519426,1,1,-0.391376,0.697649,0.426078,0.770369,,,,,,,,consistent,False,,,,,,
ml,none,100,5000,0.8,mid,G2,40,0.339593,0.757259,1.74582,0.45248,0.854345,1,1,-0.907672,0.369626,0.378576,0.972107,,,,,,,,consistent,False,,,,,,
ml,none,100,5000,0.8,mid_greedy,G2,40,0.159997,0.85761,15.9303,0.618982,0.761926,1,1,-1.36887,0.178874,0.334434,0.306354,,,,,,,,consistent,False,,,,,,
ml,w-high.g-none.v-none,100,5000,0.8,source,G2,40,1,0.819994,1.55802,0.413863,0.553891,1,1,0.875636,0.386589,0.426284,0.555698,,,,,,,,consistent,False,,,,,,
ml,w-high.g-none.v-none,100,5000,0.8,mid,G2,40,0.135133,0.418356,1.7989,0.636532,0.408424,1,1,-0.478057,0.635278,0.532617,0.218854,,,,,,,,consistent,False,,,,,,
ml,w-high.g-none.v-none,100,5000,0.8,mid_greedy,G2,40,0.0129978,0.492788,3.15674,0.696847,0.547854,1,1,0.130705,0.896681,0.451227,0.940362,,,,,,,,consistent,False,,,,,,
ml,w-none.g-high.v-none,100,5000,0.8,source,G2,40,1,0.850415,1.32878,0.386202,0.609332,1,1,-0.908886,0.368993,0.437615,0.21737,,,,,,,,consistent,False,,,,,,
ml,w-none.g-high.v-none,100,5000,0.8,mid,G2,40,0.176211,1.60763,1.86166,0.202078,0.386901,1,1,-1.29269,0.203726,0.47906,0.645088,,,,,,,,consistent,False,,,,,,
ml,w-none.g-high.v-none,100,5000,0.8,mid_greedy,G2,40,0.0062821,1.6738,3.99161,0.153039,0.534394,1,1,-1.93134,0.0607314,0.590498,0.123252,,,,,,,,consistent,False,,,,,,
ml,w-none.g-none.v-high,100,5000,0.8,source,G2,40,1,1.04473,1.29914,0.325395,0.0210096,1,1,-1.0147,0.316503,0.473226,0.498105,,,,,,,,consistent,False,,,,,,
ml,w-none.g-none.v-high,100,5000,0.8,mid,G2,40,0.254933,1.82162,2.12454,0.159157,0.818858,1,1,-1.50718,0.139823,0.370793,0.699398,,,,,,,,consistent,False,,,,,,
ml,w-none.g-none.v-high,100,5000,0.8,mid_greedy,G2,40,0.0365837,0.682966,3.84449,0.597905,0.0415793,1,1,0.527789,0.600636,0.487403,0.895508,,,,,,,,consistent,False,,,,,,
anime,high,100,5000,0.9,source,G2,40,1,0.325119,1.30329,0.62763,0.650182,1,1,-0.484958,0.630419,0.455197,0.0534584,,,,,,,,consistent,False,,,,,,
anime,high,100,5000,0.9,mid,G2,40,0.00253074,2.60443,5.76986,0.017336,0.22165,1,1,-2.43797,0.0194291,0.513335,0.0358465,,,,,,,,consistent,False,,,,,,
anime,high,100,5000,0.9,mid_greedy,G2,40,0.000884872,1.89904,6.2989,0.0732268,0.693093,1,1,-1.99913,0.052597,0.467096,0.0916076,,,,,,,,consistent,False,,,,,,
anime,none,100,5000,0.9,source,G2,40,1,0.966976,1.65224,0.366245,0.748883,1,1,0.98305,0.331642,0.430787,0.702907,,,,,,,,consistent,False,,,,,,
anime,none,100,5000,0.9,mid,G2,40,0.40178,0.593906,3.1904,0.629163,0.968062,1,1,0.232797,0.817137,0.511624,0.816962,,,,,,,,consistent,False,,,,,,
anime,none,100,5000,0.9,mid_greedy,G2,40,0.219548,0.738288,25.14,0.82319,0.530737,1,1,0.113949,0.909863,0.230824,0.325761,,,,,,,,consistent,False,,,,,,
anime,w-high.g-none.v-none,100,5000,0.9,source,G2,40,1,0.616647,1.85256,0.527729,0.463289,1,1,0.612765,0.543589,0.310455,0.579589,,,,,,,,consistent,False,,,,,,
anime,w-high.g-none.v-none,100,5000,0.9,mid,G2,40,0.00126523,0.798196,1.52585,0.419939,0.324475,1,1,-0.979563,0.33334,0.885869,0.257944,,,,,,,,consistent,False,,,,,,
anime,w-high.g-none.v-none,100,5000,0.9,mid_greedy,G2,40,0.000102346,0.742589,1.18916,0.410724,0.404528,1,1,0.182049,0.856487,0.950352,0.116738,,,,,,,,consistent,False,,,,,,
anime,w-none.g-high.v-none,100,5000,0.9,source,G2,40,1,2.00063,1.87615,0.138339,0.2898,1,1,1.54141,0.131294,0.417301,0.578539,,,,,,,,consistent,False,,,,,,
anime,w-none.g-high.v-none,100,5000,0.9,mid,G2,40,0.203708,0.663003,2.50525,0.548158,0.0747523,1,1,0.557516,0.580361,0.428655,0.0595615,,,,,,,,consistent,False,,,,,,
anime,w-none.g-high.v-none,100,5000,0.9,mid_greedy,G2,40,0.0149998,1.45674,5.41886,0.195426,0.138216,1,1,1.66973,0.102982,0.623487,0.346107,,,,,,,,consistent,False,,,,,,
anime,w-none.g-none.v-high,100,5000,0.9,source,G2,40,1,6.47275,1.79754,0.00229255,0.689187,0.997257,1,2.91029,0.00593898,0.359028,0.674168,,,,,,,,consistent,False,,,,,,
anime,w-none.g-none.v-high,100,5000,0.9,mid,G2,40,0.536287,2.47124,3.65568,0.0477178,0.135027,1,1,2.03516,0.048671,0.341955,0.38266,,,,,,,,consistent,False,,,,,,
anime,w-none.g-none.v-high,100,5000,0.9,mid_greedy,G2,40,0.279281,1.38434,4.71072,0.229435,0.0913213,1,1,1.42267,0.162782,0.440119,0.296902,,,,,,,,consistent,False,,,,,,
kuairand,high,100,5000,0.9,source,G2,40,1,2.19106,1.97752,0.112418,0.849914,1,1,1.60126,0.11739,0.407234,0.0246285,,,,,,,,consistent,False,,,,,,
kuairand,high,100,5000,0.9,mid,G2,40,0.00028328,1.41181,5.941,0.206215,0.959789,1,1,-1.80441,0.0788931,0.630755,0.978704,,,,,,,,consistent,False,,,,,,
kuairand,high,100,5000,0.9,mid_greedy,G2,40,0.00028328,1.41181,5.941,0.206215,0.959789,1,1,-1.80441,0.0788931,0.630755,0.978704,,,,,,,,consistent,False,,,,,,
kuairand,none,100,5000,0.9,source,G2,40,1,0.217541,1.2538,0.696332,0.153943,1,1,-0.344535,0.732295,0.525271,0.189807,,,,,,,,consistent,False,,,,,,
kuairand,none,100,5000,0.9,mid,G2,40,0.379777,0.455702,2.14156,0.647414,0.960663,1,1,-0.658173,0.514294,0.359201,0.0925934,,,,,,,,consistent,False,,,,,,
kuairand,none,100,5000,0.9,mid_greedy,G2,40,0.156651,1.04134,1.58512,0.33931,0.0436126,1,1,0.630261,0.5322,0.830783,0.498462,,,,,,,,consistent,False,,,,,,
kuairand,w-high.g-none.v-none,100,5000,0.9,source,G2,40,1,0.190457,1.47879,0.758623,0.795592,1,1,-0.12572,0.9006,0.448798,0.912638,,,,,,,,consistent,False,,,,,,
kuairand,w-high.g-none.v-none,100,5000,0.9,mid,G2,40,0.0121656,0.98852,3.1957,0.400482,0.626332,1,1,-1.05011,0.300132,0.448729,0.696411,,,,,,,,consistent,False,,,,,,
kuairand,w-high.g-none.v-none,100,5000,0.9,mid_greedy,G2,40,0.00218304,0.992564,2.69237,0.388952,0.278226,1,1,-0.732859,0.468026,0.682412,0.441538,,,,,,,,consistent,False,,,,,,
kuairand,w-none.g-high.v-none,100,5000,0.9,source,G2,40,1,0.430716,1.42535,0.581947,0.346694,1,1,0.541811,0.591031,0.415006,0.826904,,,,,,,,consistent,False,,,,,,
kuairand,w-none.g-high.v-none,100,5000,0.9,mid,G2,40,0.145502,0.669036,3.10634,0.576033,0.0506502,1,1,0.107173,0.915201,0.781022,0.0536471,,,,,,,,consistent,False,,,,,,
kuairand,w-none.g-high.v-none,100,5000,0.9,mid_greedy,G2,40,0.0120543,1.12154,5.77571,0.346647,0.649524,1,1,-0.786721,0.4362,0.652557,0.848478,,,,,,,,consistent,False,,,,,,
kuairand,w-none.g-none.v-high,100,5000,0.9,source,G2,40,1,0.455092,1.59442,0.589994,0.350464,1,1,0.35077,0.727649,0.363274,0.120248,,,,,,,,consistent,False,,,,,,
kuairand,w-none.g-none.v-high,100,5000,0.9,mid,G2,40,0.0780339,1.08877,3.98252,0.359981,0.527808,1,1,1.05289,0.298871,0.535627,0.63501,,,,,,,,consistent,False,,,,,,
kuairand,w-none.g-none.v-high,100,5000,0.9,mid_greedy,G2,40,0.00534916,1.05859,6.82812,0.387105,0.144506,1,1,-1.35658,0.182716,0.508045,0.210879,,,,,,,,consistent,False,,,,,,
ml,high,100,5000,0.9,source,G2,40,1,0.57412,1.92188,0.556508,0.705085,1,1,0.642238,0.524476,0.519067,0.37555,,,,,,,,consistent,False,,,,,,
ml,high,100,5000,0.9,mid,G2,40,0.00111017,0.803688,5.45107,0.556228,0.851941,1,1,0.846964,0.402183,0.621725,0.488515,,,,,,,,consistent,False,,,,,,
ml,high,100,5000,0.9,mid_greedy,G2,40,0.000589834,0.743937,5.39666,0.600333,0.939605,1,1,0.648819,0.520258,0.652144,0.287854,,,,,,,,consistent,False,,,,,,
ml,none,100,5000,0.9,source,G2,40,1,0.242177,1.58452,0.732306,0.129216,1,1,-0.0780612,0.938178,0.352105,0.690402,,,,,,,,consistent,False,,,,,,
ml,none,100,5000,0.9,mid,G2,40,0.444272,1.09061,4.90136,0.362839,0.310419,1,1,-1.01814,0.314888,0.281511,0.313104,,,,,,,,consistent,False,,,,,,
ml,none,100,5000,0.9,mid_greedy,G2,40,0.293396,0.878835,11.1574,0.561787,0.860712,1,1,-1.98068,0.0547115,0.309404,0.492187,,,,,,,,consistent,False,,,,,,
ml,w-high.g-none.v-none,100,5000,0.9,source,G2,40,1,0.388675,1.7452,0.649409,0.936008,1,1,-0.482978,0.631811,0.474267,0.332631,,,,,,,,consistent,False,,,,,,
ml,w-high.g-none.v-none,100,5000,0.9,mid,G2,40,0.0535208,0.869578,2.02376,0.420229,0.0831555,1,1,-0.539462,0.592635,0.751914,0.864049,,,,,,,,consistent,False,,,,,,
ml,w-high.g-none.v-none,100,5000,0.9,mid_greedy,G2,40,0.0152883,0.805424,1.98366,0.446005,0.464133,1,1,0.740761,0.463275,0.728092,0.774979,,,,,,,,consistent,False,,,,,,
ml,w-none.g-high.v-none,100,5000,0.9,source,G2,40,1,0.44722,1.60176,0.595516,0.453267,1,1,0.538559,0.593252,0.405963,0.654872,,,,,,,,consistent,False,,,,,,
ml,w-none.g-high.v-none,100,5000,0.9,mid,G2,40,0.0714888,1.0368,4.83662,0.392824,0.176069,1,1,1.16097,0.252713,0.591682,0.43738,,,,,,,,consistent,False,,,,,,
ml,w-none.g-high.v-none,100,5000,0.9,mid_greedy,G2,40,0.0017855,0.921185,5.8548,0.476539,0.922213,1,1,-1.24843,0.219318,0.528938,0.184462,,,,,,,,consistent,False,,,,,,
ml,w-none.g-none.v-high,100,5000,0.9,source,G2,40,1,2.22579,1.43442,0.124195,0.406058,1,1,1.57437,0.123481,0.315028,0.836975,,,,,,,,consistent,False,,,,,,
ml,w-none.g-none.v-high,100,5000,0.9,mid,G2,40,0.145694,0.561562,5.90957,0.758636,0.570616,1,1,-0.174758,0.862174,0.297615,0.826263,,,,,,,,consistent,False,,,,,,
ml,w-none.g-none.v-high,100,5000,0.9,mid_greedy,G2,40,0.0441474,1.30295,7.9826,0.236674,0.323433,1,1,1.69543,0.0979642,0.457219,0.393928,,,,,,,,consistent,False,,,,,,
anime,high,100,25000,0.8,source,G3,300,1,0.373786,1.22586,0.583982,0.712765,1,1,0.548123,0.584017,0.124343,0.319562,,,,,,,,consistent,False,,,,,,
anime,high,100,25000,0.8,likelihood,G3,300,5.48169e-05,0.947873,2.27755,0.397159,0.773108,1,1,-0.830058,0.407168,0.836643,0.799886,0.688237,1.28827,0.899067,0.418033,0.712829,1,1,consistent,False,0.31261,0.937514,0.794291,0.71321,0.41879,0.410283
anime,high,100,25000,0.8,mid,G3,300,0.0105111,0.7124,2.6996,0.530317,0.095062,1,1,-0.47949,0.631941,0.234916,0.0515661,,,,,,,,consistent,False,,,,,,
anime,high,100,25000,0.8,mid_greedy,G3,300,0.00499647,1.0781,3.13777,0.358394,0.647438,1,1,-0.908765,0.364206,0.222577,0.0873856,,,,,,,,consistent,False,,,,,,
anime,high,100,25000,0.8,value,G3,300,1.48942e-05,1.39495,17.358,0.125418,0.065381,1,1,-0.0933323,0.925702,0.358195,0.460987,0.821657,3.08454,1.2714,0.198223,0.0732513,1,0.366256,consistent,False,0.50095,0.968585,0.0493876,0.0624548,0.263417,0.131096
anime,none,100,25000,0.8,source,G3,300,1,4.1182,1.26938,0.0328753,0.271962,1,1,2.12717,0.0342244,0.116513,0.326734,,,,,,,,consistent,False,,,,,,
anime,none,100,25000,0.8,likelihood,G3,300,0.103392,0.709172,24.5926,0.851311,0.947288,1,1,1.00339,0.316486,0.0939644,0.513208,,,,,,,,consistent,False,,,,,,
anime,none,100,25000,0.8,mid,G3,300,0.300776,0.470641,1.51326,0.571003,0.720442,1,1,0.556491,0.578291,0.155005,0.819162,,,,,,,,consistent,False,,,,,,
anime,none,100,25000,0.8,mid_greedy,G3,300,0.106791,1.1684,81.8126,0.141549,0.07806,1,1,1.33761,0.182041,0.0333501,0.132986,,,,,,,,consistent,False,,,,,,
anime,none,100,25000,0.8,value,G3,300,0.106158,0.992131,78.8911,0.498567,0.41631,1,1,0.998206,0.318987,0.0363155,0.282457,,,,,,,,consistent,False,,,,,,
anime,w-high.g-none.v-none,100,25000,0.8,source,G3,300,1,0.221963,1.43599,0.725326,0.427305,1,1,-0.258701,0.796044,0.112705,0.490658,,,,,,,,consistent,False,,,,,,
anime,w-high.g-none.v-none,100,25000,0.8,likelihood,G3,300,0.000148018,1.04543,4.5248,0.385908,0.269156,1,1,1.70539,0.0891603,0.800327,0.200297,,,,,,,,consistent,False,,,,,,
anime,w-high.g-none.v-none,100,25000,0.8,mid,G3,300,0.026363,0.849495,3.67058,0.485535,0.0195585,1,1,0.676212,0.499429,0.32034,0.351738,,,,,,,,consistent,False,,,,,,
anime,w-high.g-none.v-none,100,25000,0.8,mid_greedy,G3,300,0.00471437,0.880068,1.66111,0.397645,0.374378,1,1,0.749303,0.454264,0.82713,0.334217,,,,,,,,consistent,False,,,,,,
anime,w-high.g-none.v-none,100,25000,0.8,value,G3,300,0.000150526,1.04341,8.5106,0.401248,0.598126,1,1,-0.39637,0.692115,0.617573,0.375547,,,,,,,,consistent,False,,,,,,
anime,w-none.g-high.v-none,100,25000,0.8,source,G3,300,1,0.351516,1.35423,0.61907,0.207528,1,1,0.455935,0.648768,0.100362,0.371538,,,,,,,,consistent,False,,,,,,
anime,w-none.g-high.v-none,100,25000,0.8,likelihood,G3,300,0.00820547,1.01735,22.31,0.437435,0.127693,1,1,1.50866,0.13244,0.342197,0.704561,,,,,,,,consistent,False,,,,,,
anime,w-none.g-high.v-none,100,25000,0.8,mid,G3,300,0.274342,0.6662,1.80441,0.498816,0.668941,1,1,-0.631606,0.528127,0.102389,0.306639,,,,,,,,consistent,False,,,,,,
anime,w-none.g-high.v-none,100,25000,0.8,mid_greedy,G3,300,0.0298029,0.933767,6.64985,0.47553,0.346457,1,1,-0.198214,0.843013,0.114606,0.034588,,,,,,,,consistent,False,,,,,,
anime,w-none.g-high.v-none,100,25000,0.8,value,G3,300,0.00688393,0.940585,8.4743,0.484553,0.57304,1,1,-0.886129,0.37626,0.569248,0.901968,,,,,,,,consistent,False,,,,,,
anime,w-none.g-none.v-high,100,25000,0.8,source,G3,300,1,4.69406,1.29194,0.0213818,0.0535166,1,1,2.27923,0.0233581,0.110746,0.815907,,,,,,,,consistent,False,,,,,,
anime,w-none.g-none.v-high,100,25000,0.8,likelihood,G3,300,0.049507,1.01605,67.0295,0.440399,0.703795,1,1,1.7026,0.0896822,0.11336,0.265199,,,,,,,,consistent,False,,,,,,
anime,w-none.g-none.v-high,100,25000,0.8,mid,G3,300,0.336805,1.30038,1.77775,0.27092,0.252328,1,1,1.1855,0.23676,0.0855299,0.720851,,,,,,,,consistent,False,,,,,,
anime,w-none.g-none.v-high,100,25000,0.8,mid_greedy,G3,300,0.0169402,1.10189,8.96836,0.35728,0.286215,1,1,1.09432,0.274696,0.162076,0.451859,,,,,,,,consistent,False,,,,,,
anime,w-none.g-none.v-high,100,25000,0.8,value,G3,300,0.0148376,0.941986,24.6992,0.544772,0.336119,1,1,0.33664,0.736624,0.274969,0.407322,,,,,,,,consistent,False,,,,,,
kuairand,high,100,25000,0.8,source,G3,300,1,0.283856,1.34586,0.663116,0.183983,1,1,-0.443373,0.657817,0.104231,0.707175,,,,,,,,consistent,False,,,,,,
kuairand,high,100,25000,0.8,likelihood,G3,300,1.95657e-06,0.733886,11.2575,0.710108,0.490352,1,1,-1.60552,0.109436,0.431085,0.895449,0.509765,1.65815,0.744427,0.699575,0.111573,1,0.368892,consistent,False,0.26226,0.758151,0.2542,0.172886,0.717367,0.693149
kuairand,high,100,25000,0.8,mid,G3,300,0.0396065,1.03196,3.93161,0.388331,0.806496,1,1,0.522082,0.602,0.373856,0.353128,,,,,,,,consistent,False,,,,,,
kuairand,high,100,25000,0.8,mid_greedy,G3,300,0.00927581,1.06897,2.75164,0.357545,0.255524,1,1,-1.17107,0.242504,0.795825,0.0054937,,,,,,,,consistent,False,,,,,,
kuairand,high,100,25000,0.8,value,G3,300,2.42203e-06,1.00124,1.00212,0.317184,0.0694428,1,1,0.970914,0.332376,0.996542,0.000153032,0.523111,2.57963,0.989283,0.320094,8.69196e-05,1,0.000521517,consistent,False,0.27377,0.768885,0.000107802,5.17433e-05,0.319549,0.319536
kuairand,none,100,25000,0.8,source,G3,300,1,0.0545354,1.13939,0.846331,0.707524,1,1,-0.000870632,0.999306,0.0923422,0.791621,,,,,,,,consistent,False,,,,,,
kuairand,none,100,25000,0.8,likelihood,G3,300,0.0632446,2.19138,2.83493,0.0905237,0.622817,1,1,-1.71295,0.0877583,0.621656,0.799215,,,,,,,,consistent,False,,,,,,
kuairand,none,100,25000,0.8,mid,G3,300,0.436098,0.903775,1.43974,0.376084,0.625299,1,1,0.971006,0.33233,0.0993571,0.825725,,,,,,,,consistent,False,,,,,,
kuairand,none,100,25000,0.8,mid_greedy,G3,300,0.0652729,1.00716,54.1481,0.459679,0.21287,1,1,-0.745582,0.456506,0.0864659,0.822801,,,,,,,,consistent,False,,,,,,
kuairand,none,100,25000,0.8,value,G3,300,0.0651066,0.981779,52.3853,0.511384,0.216244,1,1,-0.0852742,0.9321,0.0771417,0.958126,,,,,,,,consistent,False,,,,,,
kuairand,w-high.g-none.v-none,100,25000,0.8,source,G3,300,1,0.316044,1.29256,0.631759,0.34811,1,1,-0.490786,0.623938,0.107319,0.63356,,,,,,,,consistent,False,,,,,,
kuairand,w-high.g-none.v-none,100,25000,0.8,likelihood,G3,300,0.000911088,1.15486,10.6627,0.314255,0.506657,1,1,-0.587569,0.557265,0.579971,0.284466,,,,,,,,consistent,False,,,,,,
kuairand,w-high.g-none.v-none,100,25000,0.8,mid,G3,300,0.0585588,0.642637,2.48748,0.558891,0.561992,1,1,0.498176,0.618726,0.360907,0.604632,,,,,,,,consistent,False,,,,,,
kuairand,w-high.g-none.v-none,100,25000,0.8,mid_greedy,G3,300,0.00836059,0.714569,2.40198,0.513595,0.93675,1,1,-0.407622,0.683843,0.626687,0.984322,,,,,,,,consistent,False,,,,,,
kuairand,w-high.g-none.v-none,100,25000,0.8,value,G3,300,0.000684386,0.647796,4.54694,0.648317,0.547406,1,1,-0.520689,0.602969,0.647661,0.641654,,,,,,,,consistent,False,,,,,,
kuairand,w-none.g-high.v-none,100,25000,0.8,source,G3,300,1,0.186432,1.21108,0.713784,0.869318,1,1,0.343631,0.731365,0.102111,0.720603,,,,,,,,consistent,False,,,,,,
kuairand,w-none.g-high.v-none,100,25000,0.8,likelihood,G3,300,0.00505697,1.13642,10.3946,0.328827,0.0575863,1,1,1.22841,0.220259,0.48787,0.167661,,,,,,,,consistent,False,,,,,,
kuairand,w-none.g-high.v-none,100,25000,0.8,mid,G3,300,0.436544,3.64633,1.56951,0.0364325,0.284267,1,1,2.10324,0.0362806,0.106742,0.988073,,,,,,,,consistent,False,,,,,,
kuairand,w-none.g-high.v-none,100,25000,0.8,mid_greedy,G3,300,0.0285065,0.627985,9.8025,0.788014,0.602198,1,1,-0.18299,0.85493,0.308675,0.0885505,,,,,,,,consistent,False,,,,,,
kuairand,w-none.g-high.v-none,100,25000,0.8,value,G3,300,0.00611017,0.784511,11.6526,0.663421,0.730524,1,1,-0.864713,0.38789,0.562467,0.885459,,,,,,,,consistent,False,,,,,,
kuairand,w-none.g-none.v-high,100,25000,0.8,source,G3,300,1,3.11348,1.22006,0.0690617,0.420192,1,1,-1.82381,0.0691788,0.0904588,0.449108,,,,,,,,consistent,False,,,,,,
kuairand,w-none.g-none.v-high,100,25000,0.8,likelihood,G3,300,0.0127828,0.588683,4.92635,0.706186,0.692097,1,1,-0.396165,0.692266,0.445416,0.936628,,,,,,,,consistent,False,,,,,,
kuairand,w-none.g-none.v-high,100,25000,0.8,mid,G3,300,0.433064,3.00272,1.52102,0.0639572,0.933936,1,1,-1.88898,0.0598621,0.123962,0.9214,,,,,,,,consistent,False,,,,,,
kuairand,w-none.g-none.v-high,100,25000,0.8,mid_greedy,G3,300,0.0141892,0.854618,5.00552,0.510905,0.560392,1,1,0.0970916,0.922719,0.553558,0.695128,,,,,,,,consistent,False,,,,,,
kuairand,w-none.g-none.v-high,100,25000,0.8,value,G3,300,0.00716498,0.788419,8.04587,0.613535,0.652436,1,1,-1.13176,0.258642,0.530564,0.421986,,,,,,,,consistent,False,,,,,,
ml,high,100,25000,0.8,source,G3,300,1,0.223489,1.29051,0.698548,0.0752544,1,1,0.337426,0.736032,0.120917,0.582011,,,,,,,,consistent,False,,,,,,
ml,high,100,25000,0.8,likelihood,G3,300,3.98531e-06,1.14473,1.63375,0.310352,0.445954,1,1,1.91828,0.0560271,0.920288,0.035494,0.384828,1.69949,1.11879,0.317794,0.0922229,1,0.368892,consistent,False,0.158336,0.698253,0.32629,0.294604,0.314322,0.303593
ml,high,100,25000,0.8,mid,G3,300,0.00946997,0.606765,7.5017,0.762394,0.462374,1,1,-0.170484,0.864744,0.161925,0.100082,,,,,,,,consistent,False,,,,,,
ml,high,100,25000,0.8,mid_greedy,G3,300,0.00577459,1.12089,7.86819,0.345272,0.25612,1,1,-1.23401,0.218166,0.274314,0.582248,,,,,,,,consistent,False,,,,,,
ml,high,100,25000,0.8,value,G3,300,3.36741e-06,2.79982,2.62508,0.0456446,3.82507e-47,1,1.66391e-44,-2.11309,0.0354211,0.925382,4.56453e-45,0.437932,1.05404,1.03946,0.36766,0.751516,1,1,practical support failure,False,0.184832,0.723155,3.80979e-74,0.28139,0.00251581,0.436993
ml,none,100,25000,0.8,source,G3,300,1,0.556412,1.30805,0.500724,0.643142,1,1,0.681091,0.496341,0.101296,0.634839,,,,,,,,consistent,False,,,,,,
ml,none,100,25000,0.8,likelihood,G3,300,0.159274,0.363944,6.89893,0.921564,0.512244,1,1,-0.102024,0.918806,0.0674105,0.821083,,,,,,,,consistent,False,,,,,,
ml,none,100,25000,0.8,mid,G3,300,0.339593,0.80154,1.7345,0.432923,0.19029,1,1,0.849078,0.396517,0.110525,0.51985,,,,,,,,consistent,False,,,,,,
ml,none,100,25000,0.8,mid_greedy,G3,300,0.159997,0.896456,22.7561,0.603422,0.65113,1,1,0.917235,0.359759,0.0764287,0.806739,,,,,,,,consistent,False,,,,,,
ml,none,100,25000,0.8,value,G3,300,0.159881,0.885986,21.8404,0.614113,0.733821,1,1,0.804109,0.421973,0.0800006,0.67863,,,,,,,,consistent,False,,,,,,
ml,w-high.g-none.v-none,100,25000,0.8,source,G3,300,1,1.71022,1.38116,0.189626,0.308207,1,1,1.36066,0.174647,0.10292,0.754196,,,,,,,,consistent,False,,,,,,
ml,w-high.g-none.v-none,100,25000,0.8,likelihood,G3,300,0.00131534,1.00879,5.90357,0.416735,0.681937,1,1,0.19839,0.842875,0.425918,0.0488392,,,,,,,,consistent,False,,,,,,
ml,w-high.g-none.v-none,100,25000,0.8,mid,G3,300,0.135133,0.262196,2.26923,0.796639,0.41856,1,1,-0.19796,0.843211,0.112083,0.776116,,,,,,,,consistent,False,,,,,,
ml,w-high.g-none.v-none,100,25000,0.8,mid_greedy,G3,300,0.0129978,0.842688,3.48196,0.484546,0.121863,1,1,-0.745203,0.456734,0.202798,0.00176489,,,,,,,,consistent,False,,,,,,
ml,w-high.g-none.v-none,100,25000,0.8,value,G3,300,0.00148873,0.551619,1.96691,0.573119,0.55225,1,1,-0.751928,0.452686,0.84131,0.564715,,,,,,,,consistent,False,,,,,,
ml,w-none.g-high.v-none,100,25000,0.8,source,G3,300,1,0.433608,1.2879,0.560091,0.867775,1,1,-0.591773,0.55445,0.115801,0.794982,,,,,,,,consistent,False,,,,,,
ml,w-none.g-high.v-none,100,25000,0.8,likelihood,G3,300,0.00731268,0.375019,1.96956,0.684037,0.705596,1,1,-0.197337,0.843698,0.680712,0.5973,,,,,,,,consistent,False,,,,,,
ml,w-none.g-high.v-none,100,25000,0.8,mid,G3,300,0.176211,0.280944,2.41889,0.795903,0.105817,1,1,0.108994,0.913281,0.0841577,0.158586,,,,,,,,consistent,False,,,,,,
ml,w-none.g-high.v-none,100,25000,0.8,mid_greedy,G3,300,0.0062821,1.31955,4.47631,0.256405,0.796022,1,1,1.19396,0.233442,0.413894,0.992017,,,,,,,,consistent,False,,,,,,
ml,w-none.g-high.v-none,100,25000,0.8,value,G3,300,0.00373116,0.985699,2.95292,0.397381,0.412075,1,1,1.35198,0.177403,0.831759,0.0212329,,,,,,,,consistent,False,,,,,,
ml,w-none.g-none.v-high,100,25000,0.8,source,G3,300,1,0.161096,1.28988,0.752055,0.398439,1,1,-0.218827,0.826934,0.0949709,0.282378,,,,,,,,consistent,False,,,,,,
ml,w-none.g-none.v-high,100,25000,0.8,likelihood,G3,300,0.0291807,0.686492,40.5946,0.935566,0.666571,1,1,-0.365346,0.715111,0.132718,0.968769,,,,,,,,consistent,False,,,,,,
ml,w-none.g-none.v-high,100,25000,0.8,mid,G3,300,0.254933,0.397703,2.22345,0.693766,0.848158,1,1,-0.358713,0.720063,0.0809553,0.878253,,,,,,,,consistent,False,,,,,,
ml,w-none.g-none.v-high,100,25000,0.8,mid_greedy,G3,300,0.0365837,1.56712,7.03483,0.139534,0.0175568,1,1,-1.75519,0.0802501,0.239424,0.860767,,,,,,,,consistent,False,,,,,,
ml,w-none.g-none.v-high,100,25000,0.8,value,G3,300,0.00620323,0.720355,2.42159,0.511554,0.0624426,1,1,0.194457,0.84595,0.907162,0.665651,,,,,,,,consistent,False,,,,,,
anime,high,100,100000,0.6,source,G3,40,1,1.39271,1.29111,0.244598,0.0515262,1,1,-1.20159,0.236767,0.462904,0.953159,,,,,,,,consistent,False,,,,,,
anime,high,100,100000,0.6,mid,G3,40,0.0215271,0.447868,1.31341,0.556168,0.225189,1,1,-0.581195,0.564453,0.422975,0.482363,,,,,,,,consistent,False,,,,,,
anime,high,100,100000,0.6,mid_greedy,G3,40,0.00419231,1.15629,1.99093,0.314499,0.200332,1,1,-1.07019,0.291112,0.399969,0.0999488,,,,,,,,consistent,False,,,,,,
anime,none,100,100000,0.6,source,G3,40,1,0.295284,1.0821,0.604961,0.277261,1,1,-0.51672,0.60827,0.412929,0.323219,,,,,,,,consistent,False,,,,,,
anime,none,100,100000,0.6,mid,G3,40,0.274578,0.165114,1.14984,0.71987,0.865225,1,1,0.319056,0.751386,0.40209,0.096864,,,,,,,,consistent,False,,,,,,
anime,none,100,100000,0.6,mid_greedy,G3,40,0.0330574,1.50854,28.1015,0.0409106,0.654792,1,1,-1.25696,0.216244,0.189543,0.211312,,,,,,,,consistent,False,,,,,,
anime,w-high.g-none.v-none,100,100000,0.6,source,G3,40,1,0.17784,1.2352,0.726183,0.64921,1,1,-0.246292,0.806748,0.471187,0.571768,,,,,,,,consistent,False,,,,,,
anime,w-high.g-none.v-none,100,100000,0.6,mid,G3,40,0.0192638,0.735698,1.5341,0.445582,0.0387911,1,1,-0.844496,0.403543,0.472712,0.288286,,,,,,,,consistent,False,,,,,,
anime,w-high.g-none.v-none,100,100000,0.6,mid_greedy,G3,40,0.00466146,0.926129,11.7617,0.51792,0.580186,1,1,0.25024,0.803716,0.361328,0.0945269,,,,,,,,consistent,False,,,,,,
anime,w-none.g-high.v-none,100,100000,0.6,source,G3,40,1,0.0771821,1.11352,0.808007,0.159926,1,1,0.129541,0.897596,0.542123,0.3832,,,,,,,,consistent,False,,,,,,
anime,w-none.g-high.v-none,100,100000,0.6,mid,G3,40,0.155058,1.32296,1.15901,0.255403,0.848752,1,1,-1.15928,0.25339,0.53901,0.853235,,,,,,,,consistent,False,,,,,,
anime,w-none.g-high.v-none,100,100000,0.6,mid_greedy,G3,40,0.0222113,0.657706,4.70056,0.646073,0.248629,1,1,-0.380558,0.705596,0.324714,0.364996,,,,,,,,consistent,False,,,,,,
anime,w-none.g-none.v-high,100,100000,0.6,source,G3,40,1,0.383038,1.15875,0.56674,0.89335,1,1,-0.576766,0.567412,0.471876,0.657947,,,,,,,,consistent,False,,,,,,
anime,w-none.g-none.v-high,100,100000,0.6,mid,G3,40,0.343539,0.0979703,1.20265,0.800576,0.481184,1,1,0.0673716,0.94663,0.523394,0.124414,,,,,,,,consistent,False,,,,,,
anime,w-none.g-none.v-high,100,100000,0.6,mid_greedy,G3,40,0.0142263,0.494515,7.45741,0.849731,0.44917,1,1,-0.16509,0.869726,0.249443,0.284048,,,,,,,,consistent,False,,,,,,
kuairand,high,100,100000,0.6,source,G3,40,1,0.169609,1.11802,0.70873,0.368432,1,1,0.32641,0.745859,0.459278,0.292781,,,,,,,,consistent,False,,,,,,
kuairand,high,100,100000,0.6,mid,G3,40,0.0386834,0.79222,1.50402,0.420611,0.347757,1,1,-0.722591,0.474242,0.450847,0.377905,,,,,,,,consistent,False,,,,,,
kuairand,high,100,100000,0.6,mid_greedy,G3,40,0.0167949,2.87416,2.05363,0.0550137,0.179403,1,1,-1.72943,0.0916407,0.417635,0.192448,,,,,,,,consistent,False,,,,,,
kuairand,none,100,100000,0.6,source,G3,40,1,0.158616,1.07507,0.708917,0.520109,1,1,-0.366988,0.715611,0.478475,0.27931,,,,,,,,consistent,False,,,,,,
kuairand,none,100,100000,0.6,mid,G3,40,0.424644,0.14024,1.12758,0.73874,0.964194,1,1,-0.302344,0.763996,0.531118,0.601273,,,,,,,,consistent,False,,,,,,
kuairand,none,100,100000,0.6,mid_greedy,G3,40,0.01937,0.758379,22.2782,0.782356,0.870339,1,1,-1.53299,0.133352,0.260134,0.276465,,,,,,,,consistent,False,,,,,,
kuairand,w-high.g-none.v-none,100,100000,0.6,source,G3,40,1,0.462055,1.07544,0.510406,0.0950139,1,1,0.659664,0.513347,0.534029,0.263788,,,,,,,,consistent,False,,,,,,
kuairand,w-high.g-none.v-none,100,100000,0.6,mid,G3,40,0.112513,0.197595,1.252,0.712408,0.420851,1,1,0.106327,0.915868,0.556345,0.39019,,,,,,,,consistent,False,,,,,,
kuairand,w-high.g-none.v-none,100,100000,0.6,mid_greedy,G3,40,0.0078461,1.87827,3.44407,0.121694,0.0948011,1,1,-1.6073,0.116055,0.29178,0.0183399,,,,,,,,consistent,False,,,,,,
kuairand,w-none.g-high.v-none,100,100000,0.6,source,G3,40,1,2.18424,1.07613,0.137756,0.330726,1,1,-1.4919,0.143772,0.491594,0.255667,,,,,,,,consistent,False,,,,,,
kuairand,w-none.g-high.v-none,100,100000,0.6,mid,G3,40,0.204169,0.164351,1.20824,0.732928,0.264601,1,1,-0.294296,0.770093,0.370225,0.751586,,,,,,,,consistent,False,,,,,,
kuairand,w-none.g-high.v-none,100,100000,0.6,mid_greedy,G3,40,0.0162449,0.957464,5.5834,0.448483,0.684021,1,1,-0.624548,0.535905,0.255011,0.723307,,,,,,,,consistent,False,,,,,,
kuairand,w-none.g-none.v-high,100,100000,0.6,source,G3,40,1,1.12093,1.10995,0.296235,0.0993621,1,1,-1.06,0.295667,0.461837,0.082329,,,,,,,,consistent,False,,,,,,
kuairand,w-none.g-none.v-high,100,100000,0.6,mid,G3,40,0.22159,0.252382,1.261,0.670751,0.366977,1,1,-0.251366,0.802851,0.433289,0.0475929,,,,,,,,consistent,False,,,,,,
kuairand,w-none.g-none.v-high,100,100000,0.6,mid_greedy,G3,40,0.0115204,0.81386,4.751,0.53409,0.768369,1,1,-0.485775,0.629845,0.312569,0.299522,,,,,,,,consistent,False,,,,,,
ml,high,100,100000,0.6,source,G3,40,1,0.801182,1.16207,0.387984,0.963782,1,1,-0.891457,0.378151,0.553277,0.504821,,,,,,,,consistent,False,,,,,,
ml,high,100,100000,0.6,mid,G3,40,0.0218625,2.95259,2.67455,0.036908,0.630631,1,1,-2.04334,0.0478168,0.41606,0.327173,,,,,,,,consistent,False,,,,,,
ml,high,100,100000,0.6,mid_greedy,G3,40,0.0109128,5.06447,4.29487,0.000302068,0.198715,0.1314,1,-3.183,0.00286094,0.345266,0.193437,,,,,,,,consistent,False,,,,,,
ml,none,100,100000,0.6,source,G3,40,1,0.0670761,1.13616,0.826872,0.130324,1,1,-0.0655635,0.94806,0.36248,0.735257,,,,,,,,consistent,False,,,,,,
ml,none,100,100000,0.6,mid,G3,40,0.321971,2.30364,1.3416,0.119443,0.951335,1,1,-1.57352,0.123676,0.469174,0.73058,,,,,,,,consistent,False,,,,,,
ml,none,100,100000,0.6,mid_greedy,G3,40,0.057022,0.599092,16.7806,0.893929,0.122987,1,1,0.954623,0.345649,0.231854,0.504319,,,,,,,,consistent,False,,,,,,
ml,w-high.g-none.v-none,100,100000,0.6,source,G3,40,1,0.932351,1.11445,0.344158,0.81845,1,1,-0.950994,0.347464,0.481828,0.926481,,,,,,,,consistent,False,,,,,,
ml,w-high.g-none.v-none,100,100000,0.6,mid,G3,40,0.167672,3.0232,1.21943,0.0736105,0.229674,1,1,-1.79233,0.0808402,0.445255,0.929131,,,,,,,,consistent,False,,,,,,
ml,w-high.g-none.v-none,100,100000,0.6,mid_greedy,G3,40,0.00456629,1.03978,10.4316,0.406805,0.447321,1,1,0.330917,0.742479,0.387694,0.278492,,,,,,,,consistent,False,,,,,,
ml,w-none.g-high.v-none,100,100000,0.6,source,G3,40,1,0.598784,1.15203,0.461296,0.696183,1,1,0.759483,0.45213,0.427629,0.873399,,,,,,,,consistent,False,,,,,,
ml,w-none.g-high.v-none,100,100000,0.6,mid,G3,40,0.22503,0.832717,1.39579,0.397448,0.154164,1,1,0.908674,0.369104,0.401451,0.0604035,,,,,,,,consistent,False,,,,,,
ml,w-none.g-high.v-none,100,100000,0.6,mid_greedy,G3,40,0.0127097,0.730438,7.35611,0.653044,0.417359,1,1,0.560939,0.578048,0.280535,0.388484,,,,,,,,consistent,False,,,,,,
ml,w-none.g-none.v-high,100,100000,0.6,source,G3,40,1,0.0911486,1.1853,0.805256,0.939921,1,1,-0.0283243,0.977548,0.442094,0.351076,,,,,,,,consistent,False,,,,,,
ml,w-none.g-none.v-high,100,100000,0.6,mid,G3,40,0.226294,0.216204,1.3974,0.723523,0.669522,1,1,0.12006,0.905052,0.489443,0.181092,,,,,,,,consistent,False,,,,,,
ml,w-none.g-none.v-high,100,100000,0.6,mid_greedy,G3,40,0.0205318,0.590644,4.4226,0.686391,0.913636,1,1,-0.0730605,0.942131,0.29003,0.138318,,,,,,,,consistent,False,,,,,,
anime,high,100,100000,0.8,source,G3,40,1,5.42028,1.63258,0.00768327,0.0728593,1,1,2.59547,0.013246,0.32951,0.212817,,,,,,,,consistent,False,,,,,,
anime,high,100,100000,0.8,mid,G3,40,0.0105111,0.710258,3.56758,0.569152,0.416542,1,1,0.786503,0.436326,0.488236,0.0553718,,,,,,,,consistent,False,,,,,,
anime,high,100,100000,0.8,mid_greedy,G3,40,0.00499647,0.96993,3.92933,0.421535,0.603208,1,1,1.13567,0.263026,0.495018,0.00766497,,,,,,,,consistent,False,,,,,,
anime,none,100,100000,0.8,source,G3,40,1,1.29368,1.39214,0.26714,0.774917,1,1,-1.17071,0.248819,0.377846,0.309714,,,,,,,,consistent,False,,,,,,
anime,none,100,100000,0.8,mid,G3,40,0.300776,0.294183,1.61515,0.697439,0.966181,1,1,-0.245638,0.80725,0.404668,0.244486,,,,,,,,consistent,False,,,,,,
anime,none,100,100000,0.8,mid_greedy,G3,40,0.106791,0.93702,27.7517,0.559463,0.458314,1,1,-1.05054,0.299936,0.168758,0.200728,,,,,,,,consistent,False,,,,,,
anime,w-high.g-none.v-none,100,100000,0.8,source,G3,40,1,0.177305,1.43227,0.762565,0.602225,1,1,-0.0110142,0.991268,0.547408,0.485868,,,,,,,,consistent,False,,,,,,
anime,w-high.g-none.v-none,100,100000,0.8,mid,G3,40,0.026363,1.1827,2.55028,0.312167,0.44384,1,1,1.13859,0.261821,0.50841,0.409523,,,,,,,,consistent,False,,,,,,
anime,w-high.g-none.v-none,100,100000,0.8,mid_greedy,G3,40,0.00471437,1.45358,1.50108,0.234413,0.911185,1,1,1.48104,0.146631,0.853155,0.624478,,,,,,,,consistent,False,,,,,,
anime,w-none.g-high.v-none,100,100000,0.8,source,G3,40,1,2.24803,1.65833,0.115426,0.149127,1,1,-1.60701,0.11612,0.513275,0.766556,,,,,,,,consistent,False,,,,,,
anime,w-none.g-high.v-none,100,100000,0.8,mid,G3,40,0.274342,1.80224,1.65432,0.171601,0.18846,1,1,-1.43393,0.159561,0.320128,0.729247,,,,,,,,consistent,False,,,,,,
anime,w-none.g-high.v-none,100,100000,0.8,mid_greedy,G3,40,0.0298029,0.657417,6.37746,0.693751,0.078178,1,1,-0.481649,0.632747,0.308913,0.037579,,,,,,,,consistent,False,,,,,,
anime,w-none.g-none.v-high,100,100000,0.8,source,G3,40,1,0.181592,1.27647,0.73094,0.333115,1,1,0.263626,0.793456,0.380736,0.00694203,,,,,,,,consistent,False,,,,,,
anime,w-none.g-none.v-high,100,100000,0.8,mid,G3,40,0.336805,1.81818,1.90878,0.164192,0.800569,1,1,1.48615,0.145278,0.413712,0.320178,,,,,,,,consistent,False,,,,,,
anime,w-none.g-none.v-high,100,100000,0.8,mid_greedy,G3,40,0.0169402,0.71074,7.33167,0.669681,0.308705,1,1,-0.310644,0.757726,0.309125,0.208669,,,,,,,,consistent,False,,,,,,
kuairand,high,100,100000,0.8,source,G3,40,1,0.596998,1.3942,0.492371,0.0923168,1,1,-0.740327,0.463536,0.492802,0.617625,,,,,,,,consistent,False,,,,,,
kuairand,high,100,100000,0.8,mid,G3,40,0.0396065,2.45182,2.22708,0.0798014,0.360129,1,1,2.65227,0.0115015,0.755928,0.834212,,,,,,,,consistent,False,,,,,,
kuairand,high,100,100000,0.8,mid_greedy,G3,40,0.00927581,2.14273,1.20613,0.138698,0.0766263,1,1,1.71877,0.0935864,0.914281,0.212437,,,,,,,,consistent,False,,,,,,
kuairand,none,100,100000,0.8,source,G3,40,1,0.650977,1.14961,0.440071,0.0787844,1,1,0.799565,0.428806,0.529908,0.195381,,,,,,,,consistent,False,,,,,,
kuairand,none,100,100000,0.8,mid,G3,40,0.436098,0.330756,1.45453,0.648351,0.84168,1,1,-0.443737,0.659685,0.453331,0.34866,,,,,,,,consistent,False,,,,,,
kuairand,none,100,100000,0.8,mid_greedy,G3,40,0.0652729,1.06921,22.984,0.371688,0.151111,1,1,-0.14279,0.887191,0.252737,0.61916,,,,,,,,consistent,False,,,,,,
kuairand,w-high.g-none.v-none,100,100000,0.8,source,G3,40,1,0.249256,1.23138,0.667427,0.845437,1,1,0.427971,0.671026,0.470597,0.473505,,,,,,,,consistent,False,,,,,,
kuairand,w-high.g-none.v-none,100,100000,0.8,mid,G3,40,0.0585588,1.24108,3.04729,0.292934,0.274174,1,1,-1.17735,0.246191,0.581039,0.0862175,,,,,,,,consistent,False,,,,,,
kuairand,w-high.g-none.v-none,100,100000,0.8,mid_greedy,G3,40,0.00836059,0.911401,1.49715,0.377029,0.0510261,1,1,0.0158881,0.987405,0.900252,0.170063,,,,,,,,consistent,False,,,,,,
kuairand,w-none.g-high.v-none,100,100000,0.8,source,G3,40,1,0.174052,1.26375,0.735189,0.462196,1,1,0.212572,0.832768,0.472969,0.93234,,,,,,,,consistent,False,,,,,,
kuairand,w-none.g-high.v-none,100,100000,0.8,mid,G3,40,0.436544,0.15197,1.58155,0.808765,0.248747,1,1,-0.00583335,0.995375,0.491942,0.819369,,,,,,,,consistent,False,,,,,,
kuairand,w-none.g-high.v-none,100,100000,0.8,mid_greedy,G3,40,0.0285065,1.02145,9.03833,0.419743,0.546112,1,1,-1.01606,0.315864,0.265376,0.337878,,,,,,,,consistent,False,,,,,,
kuairand,w-none.g-none.v-high,100,100000,0.8,source,G3,40,1,0.423433,1.19243,0.550265,0.441206,1,1,0.616989,0.540828,0.485962,0.206589,,,,,,,,consistent,False,,,,,,
kuairand,w-none.g-none.v-high,100,100000,0.8,mid,G3,40,0.433064,0.455102,1.4597,0.572771,0.13934,1,1,0.552061,0.584056,0.513834,0.804139,,,,,,,,consistent,False,,,,,,
kuairand,w-none.g-none.v-high,100,100000,0.8,mid_greedy,G3,40,0.0141892,0.818986,1.73506,0.425796,0.529471,1,1,-0.136355,0.892242,0.801079,0.24452,,,,,,,,consistent,False,,,,,,
ml,high,100,100000,0.8,source,G3,40,1,0.196266,1.29807,0.722349,0.434606,1,1,-0.231682,0.817996,0.500698,0.784244,,,,,,,,consistent,False,,,,,,
ml,high,100,100000,0.8,mid,G3,40,0.00946997,0.987699,4.60238,0.419562,0.574838,1,1,-1.04793,0.301122,0.487686,0.933262,,,,,,,,consistent,False,,,,,,
ml,high,100,100000,0.8,mid_greedy,G3,40,0.00577459,0.886551,2.19024,0.420124,0.276586,1,1,-0.404811,0.687829,0.776481,0.999745,,,,,,,,consistent,False,,,,,,
ml,none,100,100000,0.8,source,G3,40,1,0.924722,1.20011,0.353026,0.375875,1,1,-0.939534,0.35324,0.473426,0.915571,,,,,,,,consistent,False,,,,,,
ml,none,100,100000,0.8,mid,G3,40,0.339593,2.97842,1.87324,0.054357,0.846789,1,1,-1.95892,0.0573002,0.344518,0.619251,,,,,,,,consistent,False,,,,,,
ml,none,100,100000,0.8,mid_greedy,G3,40,0.159997,0.981961,17.1544,0.475625,0.379454,1,1,0.18111,0.857219,0.201429,0.425676,,,,,,,,consistent,False,,,,,,
ml,w-high.g-none.v-none,100,100000,0.8,source,G3,40,1,1.20177,1.39699,0.288772,0.719501,1,1,-1.0912,0.281882,0.363521,0.373111,,,,,,,,consistent,False,,,,,,
ml,w-high.g-none.v-none,100,100000,0.8,mid,G3,40,0.135133,2.0806,1.95974,0.125913,0.119373,1,1,-1.55436,0.128177,0.280119,0.3601,,,,,,,,consistent,False,,,,,,
ml,w-high.g-none.v-none,100,100000,0.8,mid_greedy,G3,40,0.0129978,3.56372,3.36967,0.0103129,0.0246935,1,1,-2.52288,0.0158291,0.442888,0.672317,,,,,,,,consistent,False,,,,,,
ml,w-none.g-high.v-none,100,100000,0.8,source,G3,40,1,0.128347,1.26788,0.779947,0.28951,1,1,-0.114582,0.909365,0.374185,0.281737,,,,,,,,consistent,False,,,,,,
ml,w-none.g-high.v-none,100,100000,0.8,mid,G3,40,0.176211,0.689195,2.41041,0.52789,0.174154,1,1,0.691664,0.493245,0.326604,0.237605,,,,,,,,consistent,False,,,,,,
ml,w-none.g-high.v-none,100,100000,0.8,mid_greedy,G3,40,0.0062821,1.10074,4.8733,0.357248,0.0952256,1,1,0.928067,0.359081,0.32513,0.684514,,,,,,,,consistent,False,,,,,,
ml,w-none.g-none.v-high,100,100000,0.8,source,G3,40,1,0.385297,1.1911,0.571221,0.907822,1,1,-0.565706,0.574834,0.468312,0.883412,,,,,,,,consistent,False,,,,,,
ml,w-none.g-none.v-high,100,100000,0.8,mid,G3,40,0.254933,0.490325,1.78173,0.590687,0.50135,1,1,0.602663,0.550221,0.376914,0.391346,,,,,,,,consistent,False,,,,,,
ml,w-none.g-none.v-high,100,100000,0.8,mid_greedy,G3,40,0.0365837,1.22094,8.12843,0.281057,0.405273,1,1,1.44428,0.156646,0.328721,0.160037,,,,,,,,consistent,False,,,,,,
anime,high,100,100000,0.9,source,G3,40,1,0.625595,1.37057,0.47682,0.742804,1,1,0.758074,0.452964,0.339765,0.160731,,,,,,,,consistent,False,,,,,,
anime,high,100,100000,0.9,mid,G3,40,0.00253074,0.664179,5.04133,0.651903,0.200096,1,1,-0.184803,0.854341,0.411253,0.869971,,,,,,,,consistent,False,,,,,,
anime,high,100,100000,0.9,mid_greedy,G3,40,0.000884872,0.743938,6.21675,0.618874,0.199805,1,1,-0.720163,0.475719,0.328392,0.803104,,,,,,,,consistent,False,,,,,,
anime,none,100,100000,0.9,source,G3,40,1,0.187883,1.376,0.743664,0.742776,1,1,0.182876,0.855843,0.457392,0.87756,,,,,,,,consistent,False,,,,,,
anime,none,100,100000,0.9,mid,G3,40,0.40178,0.656807,3.22008,0.589185,0.385524,1,1,-0.576804,0.567386,0.35036,0.965959,,,,,,,,consistent,False,,,,,,
anime,none,100,100000,0.9,mid_greedy,G3,40,0.219548,0.99581,26.9082,0.46984,0.115794,1,1,1.24514,0.220509,0.164308,0.54624,,,,,,,,consistent,False,,,,,,
anime,w-high.g-none.v-none,100,100000,0.9,source,G3,40,1,0.818474,1.70345,0.424037,0.626762,1,1,-0.876495,0.386128,0.30817,0.996576,,,,,,,,consistent,False,,,,,,
anime,w-high.g-none.v-none,100,100000,0.9,mid,G3,40,0.00126523,0.770691,4.17293,0.549091,0.885747,1,1,0.230578,0.818848,0.521638,0.367734,,,,,,,,consistent,False,,,,,,
anime,w-high.g-none.v-none,100,100000,0.9,mid_greedy,G3,40,0.000102346,1.08335,7.805,0.37114,0.693578,1,1,-0.0517789,0.958969,0.465608,0.368422,,,,,,,,consistent,False,,,,,,
anime,w-none.g-high.v-none,100,100000,0.9,source,G3,40,1,0.517155,1.92844,0.589582,0.625356,1,1,-0.558435,0.57974,0.344568,0.123599,,,,,,,,consistent,False,,,,,,
anime,w-none.g-high.v-none,100,100000,0.9,mid,G3,40,0.203708,0.366646,2.51638,0.741262,0.22155,1,1,-0.140003,0.889378,0.381953,0.110954,,,,,,,,consistent,False,,,,,,
anime,w-none.g-high.v-none,100,100000,0.9,mid_greedy,G3,40,0.0149998,0.910596,7.63255,0.502918,0.749597,1,1,-0.04621,0.963379,0.513328,0.0776933,,,,,,,,consistent,False,,,,,,
anime,w-none.g-none.v-high,100,100000,0.9,source,G3,40,1,0.920561,1.5617,0.377586,0.539719,1,1,-0.957353,0.344286,0.413125,0.679987,,,,,,,,consistent,False,,,,,,
anime,w-none.g-none.v-high,100,100000,0.9,mid,G3,40,0.536287,0.345646,2.36397,0.743354,0.390633,1,1,-0.0493485,0.960893,0.372761,0.25842,,,,,,,,consistent,False,,,,,,
anime,w-none.g-none.v-high,100,100000,0.9,mid_greedy,G3,40,0.279281,0.780036,2.8961,0.500846,0.557018,1,1,0.762564,0.450311,0.288042,0.490079,,,,,,,,consistent,False,,,,,,
kuairand,high,100,100000,0.9,source,G3,40,1,0.566892,2.06442,0.572677,0.564594,1,1,-0.602749,0.550165,0.334193,0.624097,,,,,,,,consistent,False,,,,,,
kuairand,high,100,100000,0.9,mid,G3,40,0.00028328,1.25771,4.95595,0.279389,0.0168088,1,1,-0.619021,0.539502,0.537675,0.341802,,,,,,,,consistent,False,,,,,,
kuairand,high,100,100000,0.9,mid_greedy,G3,40,0.00028328,1.25771,4.95595,0.279389,0.0168088,1,1,-0.619021,0.539502,0.537675,0.341802,,,,,,,,consistent,False,,,,,,
kuairand,none,100,100000,0.9,source,G3,40,1,1.29532,1.38589,0.266648,0.0245553,1,1,-1.15327,0.255821,0.369473,0.16061,,,,,,,,consistent,False,,,,,,
kuairand,none,100,100000,0.9,mid,G3,40,0.379777,2.14161,2.70177,0.0995467,0.159447,1,1,-1.78518,0.0820115,0.302975,0.064382,,,,,,,,consistent,False,,,,,,
kuairand,none,100,100000,0.9,mid_greedy,G3,40,0.156651,1.08409,21.8584,0.355343,0.0852323,1,1,1.2222,0.228968,0.198063,0.446185,,,,,,,,consistent,False,,,,,,
kuairand,w-high.g-none.v-none,100,100000,0.9,source,G3,40,1,0.325442,1.42803,0.64783,0.961665,1,1,-0.482981,0.631809,0.444226,0.656878,,,,,,,,consistent,False,,,,,,
kuairand,w-high.g-none.v-none,100,100000,0.9,mid,G3,40,0.0121656,0.824152,2.07753,0.442566,0.175752,1,1,-0.449117,0.655833,0.787386,0.195758,,,,,,,,consistent,False,,,,,,
kuairand,w-high.g-none.v-none,100,100000,0.9,mid_greedy,G3,40,0.00218304,0.445868,3.53675,0.752096,0.101908,1,1,0.748864,0.458432,0.661953,0.125771,,,,,,,,consistent,False,,,,,,
kuairand,w-none.g-high.v-none,100,100000,0.9,source,G3,40,1,2.68,1.66176,0.0788093,0.252652,1,1,-1.76965,0.0846039,0.407606,0.0481997,,,,,,,,consistent,False,,,,,,
kuairand,w-none.g-high.v-none,100,100000,0.9,mid,G3,40,0.145502,0.669966,5.22821,0.652986,0.352124,1,1,-0.220615,0.826543,0.379624,0.398736,,,,,,,,consistent,False,,,,,,
kuairand,w-none.g-high.v-none,100,100000,0.9,mid_greedy,G3,40,0.0120543,0.908218,4.89371,0.472837,0.451585,1,1,0.635705,0.528682,0.578835,0.501629,,,,,,,,consistent,False,,,,,,
kuairand,w-none.g-none.v-high,100,100000,0.9,source,G3,40,1,4.12886,1.65857,0.0224054,0.238056,1,1,-2.26155,0.0293776,0.416664,0.0268024,,,,,,,,consistent,False,,,,,,
kuairand,w-none.g-none.v-high,100,100000,0.9,mid,G3,40,0.0780339,0.431925,5.38057,0.839548,0.929501,1,1,0.0555131,0.956013,0.499501,0.349488,,,,,,,,consistent,False,,,,,,
kuairand,w-none.g-none.v-high,100,100000,0.9,mid_greedy,G3,40,0.00534916,0.988367,5.86168,0.430059,0.148625,1,1,0.878458,0.385075,0.620555,0.129495,,,,,,,,consistent,False,,,,,,
ml,high,100,100000,0.9,source,G3,40,1,0.146599,1.35946,0.778546,0.0177028,1,1,0.0500723,0.96032,0.445397,0.432826,,,,,,,,consistent,False,,,,,,
ml,high,100,100000,0.9,mid,G3,40,0.00111017,0.917664,1.29899,0.362298,0.123964,1,1,-0.0280654,0.977753,0.94918,0.00319366,,,,,,,,consistent,False,,,,,,
ml,high,100,100000,0.9,mid_greedy,G3,40,0.000589834,0.846833,1.03829,0.361464,0.300044,1,1,0.812644,0.421356,0.967306,0.0578402,,,,,,,,consistent,False,,,,,,
ml,none,100,100000,0.9,source,G3,40,1,0.525038,1.64879,0.556862,0.227077,1,1,0.632973,0.530446,0.363634,0.116409,,,,,,,,consistent,False,,,,,,
ml,none,100,100000,0.9,mid,G3,40,0.444272,0.576718,3.64212,0.66342,0.237374,1,1,-0.394839,0.695113,0.299163,0.0213371,,,,,,,,consistent,False,,,,,,
ml,none,100,100000,0.9,mid_greedy,G3,40,0.293396,1.11852,14.4086,0.33368,0.0143408,1,1,0.627039,0.534288,0.176829,0.0949784,,,,,,,,consistent,False,,,,,,
ml,w-high.g-none.v-none,100,100000,0.9,source,G3,40,1,0.602076,1.63838,0.515707,0.331893,1,1,-0.706363,0.484161,0.351171,0.229836,,,,,,,,consistent,False,,,,,,
ml,w-high.g-none.v-none,100,100000,0.9,mid,G3,40,0.0535208,0.742402,3.83286,0.557499,0.360768,1,1,-0.72576,0.472319,0.307808,0.249174,,,,,,,,consistent,False,,,,,,
ml,w-high.g-none.v-none,100,100000,0.9,mid_greedy,G3,40,0.0152883,0.993201,4.50346,0.415321,0.821187,1,1,0.8276,0.412933,0.316273,0.585564,,,,,,,,consistent,False,,,,,,
ml,w-none.g-high.v-none,100,100000,0.9,source,G3,40,1,0.844334,1.60466,0.407693,0.7816,1,1,0.9066,0.370186,0.483668,0.00289735,,,,,,,,consistent,False,,,,,,
ml,w-none.g-high.v-none,100,100000,0.9,mid,G3,40,0.0714888,0.485597,6.736,0.839374,0.295619,1,1,-0.0929516,0.926418,0.372575,0.26245,,,,,,,,consistent,False,,,,,,
ml,w-none.g-high.v-none,100,100000,0.9,mid_greedy,G3,40,0.0017855,0.715058,2.97082,0.541526,0.0988817,1,1,0.251636,0.802644,0.764455,0.119065,,,,,,,,consistent,False,,,,,,
ml,w-none.g-none.v-high,100,100000,0.9,source,G3,40,1,0.341659,1.74534,0.681043,0.884685,1,1,-0.349356,0.728702,0.372484,0.782462,,,,,,,,consistent,False,,,,,,
ml,w-none.g-none.v-high,100,100000,0.9,mid,G3,40,0.145694,1.91352,5.63249,0.0793966,0.158258,1,1,-1.85208,0.0715944,0.303096,0.616708,,,,,,,,consistent,False,,,,,,
ml,w-none.g-none.v-high,100,100000,0.9,mid_greedy,G3,40,0.0441474,1.08382,8.69045,0.370811,0.171321,1,1,-1.30099,0.200897,0.399597,0.347095,,,,,,,,consistent,False,,,,,,
anime,high,100,25000,0.6,source,G3,40,1,0.913076,1.10567,0.348818,0.794343,1,1,-0.954428,0.345746,0.440044,0.846508,,,,,,,,consistent,False,,,,,,
anime,high,100,25000,0.6,mid,G3,40,0.0215271,0.213034,1.41277,0.728731,0.0481441,1,1,-0.154029,0.878381,0.393348,0.242983,,,,,,,,consistent,False,,,,,,
anime,high,100,25000,0.6,mid_greedy,G3,40,0.00419231,0.528267,2.35457,0.619002,0.665555,1,1,-0.431236,0.668671,0.606923,0.395365,,,,,,,,consistent,False,,,,,,
anime,none,100,25000,0.6,source,G3,40,1,0.103392,1.07232,0.765717,0.321204,1,1,-0.268078,0.790052,0.480505,0.285069,,,,,,,,consistent,False,,,,,,
anime,none,100,25000,0.6,mid,G3,40,0.274578,1.09461,1.17555,0.306017,0.783453,1,1,-1.05029,0.30005,0.399611,0.768467,,,,,,,,consistent,False,,,,,,
anime,none,100,25000,0.6,mid_greedy,G3,40,0.0330574,0.894131,25.5323,0.617225,0.464711,1,1,-0.531714,0.59794,0.236751,0.456576,,,,,,,,consistent,False,,,,,,
anime,w-high.g-none.v-none,100,25000,0.6,source,G3,40,1,0.08481,1.16263,0.8085,0.0128263,1,1,-0.000196597,0.999844,0.353682,0.131067,,,,,,,,consistent,False,,,,,,
anime,w-high.g-none.v-none,100,25000,0.6,mid,G3,40,0.0192638,0.309167,1.69812,0.697883,0.831919,1,1,0.316243,0.753505,0.551464,0.44573,,,,,,,,consistent,False,,,,,,
anime,w-high.g-none.v-none,100,25000,0.6,mid_greedy,G3,40,0.00466146,0.630661,8.61903,0.764844,0.416891,1,1,0.824607,0.41461,0.455795,0.488281,,,,,,,,consistent,False,,,,,,
anime,w-none.g-high.v-none,100,25000,0.6,source,G3,40,1,0.146419,1.12428,0.731901,0.846605,1,1,-0.306518,0.760841,0.499931,0.238355,,,,,,,,consistent,False,,,,,,
anime,w-none.g-high.v-none,100,25000,0.6,mid,G3,40,0.155058,0.275239,1.19691,0.641918,0.27039,1,1,0.454971,0.651653,0.436275,0.523602,,,,,,,,consistent,False,,,,,,
anime,w-none.g-high.v-none,100,25000,0.6,mid_greedy,G3,40,0.0222113,0.608264,6.47653,0.736708,0.727275,1,1,-0.489847,0.626987,0.251246,0.599371,,,,,,,,consistent,False,,,,,,
anime,w-none.g-none.v-high,100,25000,0.6,source,G3,40,1,0.0746608,1.10693,0.809989,0.426461,1,1,0.158357,0.874992,0.485303,0.939463,,,,,,,,consistent,False,,,,,,
anime,w-none.g-none.v-high,100,25000,0.6,mid,G3,40,0.343539,0.614711,1.19061,0.459849,0.274283,1,1,0.75527,0.454624,0.419996,0.808833,,,,,,,,consistent,False,,,,,,
anime,w-none.g-none.v-high,100,25000,0.6,mid_greedy,G3,40,0.0142263,1.084,7.08388,0.370376,0.331118,1,1,-0.985352,0.330525,0.326491,0.109717,,,,,,,,consistent,False,,,,,,
kuairand,high,100,25000,0.6,source,G3,40,1,0.143681,1.14052,0.738202,0.901572,1,1,0.300615,0.765305,0.458873,0.561692,,,,,,,,consistent,False,,,,,,
kuairand,high,100,25000,0.6,mid,G3,40,0.0386834,1.52273,1.71595,0.220185,0.0365107,1,1,-1.25511,0.216908,0.515366,0.844223,,,,,,,,consistent,False,,,,,,
kuairand,high,100,25000,0.6,mid_greedy,G3,40,0.0167949,0.806981,1.86806,0.438782,0.431504,1,1,-0.533278,0.596867,0.403387,0.0448011,,,,,,,,consistent,False,,,,,,
kuairand,none,100,25000,0.6,source,G3,40,1,1.23461,1.06418,0.269522,0.0141935,1,1,-1.10166,0.27736,0.493309,0.317649,,,,,,,,consistent,False,,,,,,
kuairand,none,100,25000,0.6,mid,G3,40,0.424644,0.534806,1.0777,0.477434,0.791373,1,1,-0.700416,0.487825,0.563718,0.626267,,,,,,,,consistent,False,,,,,,
kuairand,none,100,25000,0.6,mid_greedy,G3,40,0.01937,0.827273,19.5549,0.679503,0.935506,1,1,-1.07561,0.288711,0.318576,0.940473,,,,,,,,consistent,False,,,,,,
kuairand,w-high.g-none.v-none,100,25000,0.6,source,G3,40,1,1.30765,1.0755,0.255698,0.667379,1,1,-1.15266,0.256068,0.551125,0.908461,,,,,,,,consistent,False,,,,,,
kuairand,w-high.g-none.v-none,100,25000,0.6,mid,G3,40,0.112513,4.0768,1.21479,0.0356254,0.0273153,1,1,-2.06735,0.0453826,0.478512,0.0914775,,,,,,,,consistent,False,,,,,,
kuairand,w-high.g-none.v-none,100,25000,0.6,mid_greedy,G3,40,0.0078461,0.609784,2.82922,0.599077,0.710375,1,1,-0.505469,0.616075,0.411911,0.183464,,,,,,,,consistent,False,,,,,,
kuairand,w-none.g-high.v-none,100,25000,0.6,source,G3,40,1,0.611664,1.07189,0.444858,0.824993,1,1,0.775611,0.442657,0.518164,0.897709,,,,,,,,consistent,False,,,,,,
kuairand,w-none.g-high.v-none,100,25000,0.6,mid,G3,40,0.204169,0.308523,1.3023,0.638489,0.722138,1,1,0.462964,0.645964,0.355305,0.942894,,,,,,,,consistent,False,,,,,,
kuairand,w-none.g-high.v-none,100,25000,0.6,mid_greedy,G3,40,0.0162449,0.577424,8.68294,0.810943,0.551418,1,1,-0.595618,0.554871,0.335802,0.43352,,,,,,,,consistent,False,,,,,,
kuairand,w-none.g-none.v-high,100,25000,0.6,source,G3,40,1,0.155214,1.08542,0.714544,0.0122612,1,1,-0.345664,0.731453,0.41919,0.891657,,,,,,,,consistent,False,,,,,,
kuairand,w-none.g-none.v-high,100,25000,0.6,mid,G3,40,0.22159,1.81741,1.16098,0.176647,0.453357,1,1,1.38614,0.17358,0.56743,0.888688,,,,,,,,consistent,False,,,,,,
kuairand,w-none.g-none.v-high,100,25000,0.6,mid_greedy,G3,40,0.0115204,0.747936,6.15438,0.614305,0.382278,1,1,-0.746324,0.459947,0.369512,0.898109,,,,,,,,consistent,False,,,,,,
ml,high,100,25000,0.6,source,G3,40,1,0.126611,1.18175,0.764453,0.741635,1,1,-0.234007,0.816203,0.414,0.81024,,,,,,,,consistent,False,,,,,,
ml,high,100,25000,0.6,mid,G3,40,0.0218625,0.656856,2.15022,0.529129,0.00187288,1,0.810959,0.639459,0.526263,0.437619,0.179349,,,,,,,,consistent,False,,,,,,
ml,high,100,25000,0.6,mid_greedy,G3,40,0.0109128,0.783811,3.82643,0.530389,0.323645,1,1,0.550272,0.585271,0.425921,0.111435,,,,,,,,consistent,False,,,,,,
ml,none,100,25000,0.6,source,G3,40,1,1.37471,1.0799,0.243474,0.548622,1,1,1.17812,0.245887,0.416179,0.666588,,,,,,,,consistent,False,,,,,,
ml,none,100,25000,0.6,mid,G3,40,0.321971,0.457257,1.20301,0.53419,0.230796,1,1,0.641886,0.524702,0.478469,0.480917,,,,,,,,consistent,False,,,,,,
ml,none,100,25000,0.6,mid_greedy,G3,40,0.057022,0.957952,12.1976,0.487793,0.405151,1,1,-1.4148,0.165062,0.268827,0.269567,,,,,,,,consistent,False,,,,,,
ml,w-high.g-none.v-none,100,25000,0.6,source,G3,40,1,0.0608995,1.08964,0.826052,0.80228,1,1,-0.151595,0.880288,0.47708,0.207971,,,,,,,,consistent,False,,,,,,
ml,w-high.g-none.v-none,100,25000,0.6,mid,G3,40,0.167672,0.701289,1.30897,0.438682,0.785123,1,1,0.830917,0.411079,0.490517,0.624502,,,,,,,,consistent,False,,,,,,
ml,w-high.g-none.v-none,100,25000,0.6,mid_greedy,G3,40,0.00456629,1.48029,7.15706,0.167254,0.183463,1,1,1.2864,0.205887,0.478838,0.211416,,,,,,,,consistent,False,,,,,,
ml,w-none.g-high.v-none,100,25000,0.6,source,G3,40,1,2.14867,1.1194,0.140158,0.649445,1,1,1.48729,0.144978,0.445736,0.470322,,,,,,,,consistent,False,,,,,,
ml,w-none.g-high.v-none,100,25000,0.6,mid,G3,40,0.22503,0.574335,1.2685,0.487375,0.879997,1,1,-0.736382,0.465905,0.424755,0.607909,,,,,,,,consistent,False,,,,,,
ml,w-none.g-high.v-none,100,25000,0.6,mid_greedy,G3,40,0.0127097,0.594435,2.69554,0.600846,0.987053,1,1,0.443042,0.660184,0.643528,0.967359,,,,,,,,consistent,False,,,,,,
ml,w-none.g-none.v-high,100,25000,0.6,source,G3,40,1,2.36001,1.12785,0.120865,0.42393,1,1,1.56527,0.125598,0.434985,0.794075,,,,,,,,consistent,False,,,,,,
ml,w-none.g-none.v-high,100,25000,0.6,mid,G3,40,0.226294,0.344363,1.2153,0.599896,0.187659,1,1,0.520216,0.605854,0.464662,0.189283,,,,,,,,consistent,False,,,,,,
ml,w-none.g-none.v-high,100,25000,0.6,mid_greedy,G3,40,0.0205318,0.862066,3.79878,0.481177,0.88846,1,1,0.796127,0.430778,0.399776,0.294456,,,,,,,,consistent,False,,,,,,
anime,high,100,25000,0.9,source,G3,40,1,0.180355,1.35991,0.747427,0.443442,1,1,-0.189858,0.850405,0.423246,0.160779,,,,,,,,consistent,False,,,,,,
anime,high,100,25000,0.9,mid,G3,40,0.00253074,0.81559,4.01797,0.515385,0.277522,1,1,0.552683,0.583634,0.642864,0.51501,,,,,,,,consistent,False,,,,,,
anime,high,100,25000,0.9,mid_greedy,G3,40,0.000884872,1.43838,4.69704,0.210251,0.435485,1,1,1.67419,0.102096,0.684684,0.422637,,,,,,,,consistent,False,,,,,,
anime,none,100,25000,0.9,source,G3,40,1,2.24011,1.43546,0.12274,0.710029,1,1,-1.57004,0.124485,0.398929,0.922673,,,,,,,,consistent,False,,,,,,
anime,none,100,25000,0.9,mid,G3,40,0.40178,1.40382,2.57188,0.242897,0.616016,1,1,-1.29297,0.203629,0.375622,0.685544,,,,,,,,consistent,False,,,,,,
anime,none,100,25000,0.9,mid_greedy,G3,40,0.219548,0.875852,27.3485,0.651114,0.568306,1,1,1.02518,0.311593,0.181054,0.711503,,,,,,,,consistent,False,,,,,,
anime,w-high.g-none.v-none,100,25000,0.9,source,G3,40,1,0.320734,1.74786,0.696037,0.0978055,1,1,0.120059,0.905053,0.384554,0.905735,,,,,,,,consistent,False,,,,,,
anime,w-high.g-none.v-none,100,25000,0.9,mid,G3,40,0.00126523,0.76514,5.82866,0.593654,0.178334,1,1,-0.326597,0.745719,0.535847,0.1252,,,,,,,,consistent,False,,,,,,
anime,w-high.g-none.v-none,100,25000,0.9,mid_greedy,G3,40,0.000102346,0.874659,5.04145,0.497711,0.626538,1,1,-0.796631,0.430488,0.645774,0.264671,,,,,,,,consistent,False,,,,,,
anime,w-none.g-high.v-none,100,25000,0.9,source,G3,40,1,0.468948,1.72589,0.597218,0.234558,1,1,-0.547286,0.587301,0.380806,0.511793,,,,,,,,consistent,False,,,,,,
anime,w-none.g-high.v-none,100,25000,0.9,mid,G3,40,0.203708,0.983206,3.71664,0.411326,0.294041,1,1,0.994862,0.325936,0.257422,0.378905,,,,,,,,consistent,False,,,,,,
anime,w-none.g-high.v-none,100,25000,0.9,mid_greedy,G3,40,0.0149998,0.652132,6.29102,0.695958,0.0940238,1,1,-0.229828,0.819427,0.496819,0.332432,,,,,,,,consistent,False,,,,,,
anime,w-none.g-none.v-high,100,25000,0.9,source,G3,40,1,1.81595,1.38523,0.174076,0.417836,1,1,-1.4118,0.165938,0.468763,0.63276,,,,,,,,consistent,False,,,,,,
anime,w-none.g-none.v-high,100,25000,0.9,mid,G3,40,0.536287,3.7066,3.31443,0.00866461,0.918512,1,1,-2.49672,0.0168672,0.287433,0.391067,,,,,,,,consistent,False,,,,,,
anime,w-none.g-none.v-high,100,25000,0.9,mid_greedy,G3,40,0.279281,1.79704,5.2595,0.105732,0.962054,1,1,-1.70531,0.0960914,0.264273,0.746639,,,,,,,,consistent,False,,,,,,
kuairand,high,100,25000,0.9,source,G3,40,1,0.532799,2.01521,0.588312,0.916974,1,1,0.635904,0.528553,0.361448,0.299627,,,,,,,,consistent,False,,,,,,
kuairand,high,100,25000,0.9,mid,G3,40,0.00028328,1.27348,3.14089,0.281198,0.234699,1,1,-0.0432769,0.965702,0.727987,0.00728824,,,,,,,,consistent,False,,,,,,
kuairand,high,100,25000,0.9,mid_greedy,G3,40,0.00028328,1.27348,3.14089,0.281198,0.234699,1,1,-0.0432769,0.965702,0.727987,0.00728824,,,,,,,,consistent,False,,,,,,
kuairand,none,100,25000,0.9,source,G3,40,1,0.362661,1.33391,0.608797,0.30001,1,1,-0.498968,0.620605,0.458776,0.77496,,,,,,,,consistent,False,,,,,,
kuairand,none,100,25000,0.9,mid,G3,40,0.379777,0.790249,2.90619,0.495561,0.561383,1,1,-0.833981,0.409371,0.418531,0.714869,,,,,,,,consistent,False,,,,,,
kuairand,none,100,25000,0.9,mid_greedy,G3,40,0.156651,0.928251,11.3247,0.513374,0.1873,1,1,-0.188255,0.851653,0.447743,0.38649,,,,,,,,consistent,False,,,,,,
kuairand,w-high.g-none.v-none,100,25000,0.9,source,G3,40,1,0.396271,1.56767,0.6221,0.641261,1,1,-0.460553,0.647677,0.358601,0.458744,,,,,,,,consistent,False,,,,,,
kuairand,w-high.g-none.v-none,100,25000,0.9,mid,G3,40,0.0121656,0.666124,2.5108,0.546688,0.496119,1,1,0.730981,0.46916,0.821581,0.390118,,,,,,,,consistent,False,,,,,,
kuairand,w-high.g-none.v-none,100,25000,0.9,mid_greedy,G3,40,0.00218304,1.1594,5.4765,0.325861,0.715037,1,1,0.0935018,0.925984,0.426369,0.454519,,,,,,,,consistent,False,,,,,,
kuairand,w-none.g-high.v-none,100,25000,0.9,source,G3,40,1,0.839262,1.55369,0.406289,0.8541,1,1,0.877392,0.385647,0.370899,0.0394226,,,,,,,,consistent,False,,,,,,
kuairand,w-none.g-high.v-none,100,25000,0.9,mid,G3,40,0.145502,0.793125,2.93773,0.495164,0.50889,1,1,0.675944,0.503065,0.414124,0.673909,,,,,,,,consistent,False,,,,,,
kuairand,w-none.g-high.v-none,100,25000,0.9,mid_greedy,G3,40,0.0120543,0.574341,3.39941,0.653248,0.0261919,1,1,0.894605,0.376486,0.697657,0.0810818,,,,,,,,consistent,False,,,,,,
kuairand,w-none.g-none.v-high,100,25000,0.9,source,G3,40,1,0.324369,1.45512,0.652749,0.968076,1,1,0.458681,0.64901,0.508573,0.353462,,,,,,,,consistent,False,,,,,,
kuairand,w-none.g-none.v-high,100,25000,0.9,mid,G3,40,0.0780339,0.909295,4.13327,0.459758,0.100883,1,1,0.334449,0.739833,0.42736,0.274713,,,,,,,,consistent,False,,,,,,
kuairand,w-none.g-none.v-high,100,25000,0.9,mid_greedy,G3,40,0.00534916,0.994281,1.43773,0.347089,0.606302,1,1,-1.12033,0.269425,0.885702,0.261785,,,,,,,,consistent,False,,,,,,
ml,high,100,25000,0.9,source,G3,40,1,0.904057,1.6421,0.387795,0.533636,1,1,0.944963,0.350496,0.360075,0.897369,,,,,,,,consistent,False,,,,,,
ml,high,100,25000,0.9,mid,G3,40,0.00111017,0.866747,2.93768,0.455566,0.943317,1,1,0.774286,0.443431,0.70645,0.0195853,,,,,,,,consistent,False,,,,,,
ml,high,100,25000,0.9,mid_greedy,G3,40,0.000589834,0.920533,4.17717,0.453786,0.590772,1,1,0.748599,0.45859,0.738428,0.0811149,,,,,,,,consistent,False,,,,,,
ml,none,100,25000,0.9,source,G3,40,1,0.756206,1.54794,0.438278,0.531431,1,1,-0.818185,0.418223,0.406145,0.0897368,,,,,,,,consistent,False,,,,,,
ml,none,100,25000,0.9,mid,G3,40,0.444272,0.471443,4.33639,0.771788,0.472589,1,1,0.237871,0.813226,0.281263,0.110908,,,,,,,,consistent,False,,,,,,
ml,none,100,25000,0.9,mid_greedy,G3,40,0.293396,0.814716,14.4506,0.657714,0.94816,1,1,0.729051,0.470326,0.260765,0.304816,,,,,,,,consistent,False,,,,,,
ml,w-high.g-none.v-none,100,25000,0.9,source,G3,40,1,2.87352,1.65854,0.0666127,0.422024,1,1,-1.85942,0.0705237,0.36599,0.0314375,,,,,,,,consistent,False,,,,,,
ml,w-high.g-none.v-none,100,25000,0.9,mid,G3,40,0.0535208,0.548387,2.32076,0.603923,0.596731,1,1,-0.157167,0.875924,0.441728,0.0922232,,,,,,,,consistent,False,,,,,,
ml,w-high.g-none.v-none,100,25000,0.9,mid_greedy,G3,40,0.0152883,0.55364,3.63115,0.679293,0.218676,1,1,-0.319194,0.751283,0.484562,0.240795,,,,,,,,consistent,False,,,,,,
ml,w-none.g-high.v-none,100,25000,0.9,source,G3,40,1,2.9644,1.71996,0.0596182,0.117613,1,1,-1.90718,0.0638827,0.444174,0.497699,,,,,,,,consistent,False,,,,,,
ml,w-none.g-high.v-none,100,25000,0.9,mid,G3,40,0.0714888,0.551934,2.63129,0.623741,0.938021,1,1,-0.577607,0.566849,0.639461,0.00867526,,,,,,,,consistent,False,,,,,,
ml,w-none.g-high.v-none,100,25000,0.9,mid_greedy,G3,40,0.0017855,0.605231,2.57225,0.586494,0.102075,1,1,0.615893,0.541543,0.676275,0.0440685,,,,,,,,consistent,False,,,,,,
ml,w-none.g-none.v-high,100,25000,0.9,source,G3,40,1,1.83933,1.68873,0.165342,0.461001,1,1,-1.4277,0.161338,0.454733,0.0691299,,,,,,,,consistent,False,,,,,,
ml,w-none.g-none.v-high,100,25000,0.9,mid,G3,40,0.145694,0.768375,4.96871,0.571639,0.828003,1,1,0.636219,0.52835,0.28545,0.293861,,,,,,,,consistent,False,,,,,,
ml,w-none.g-none.v-high,100,25000,0.9,mid_greedy,G3,40,0.0441474,0.985104,6.2497,0.435042,0.571533,1,1,1.03821,0.305567,0.447251,0.0688489,,,,,,,,consistent,False,,,,,,
anime,high,100,5000,0.6,source,G3,40,1,0.350985,1.13946,0.581813,0.0165662,1,1,-0.553647,0.582981,0.403646,0.403067,,,,,,,,consistent,False,,,,,,
anime,high,100,5000,0.6,mid,G3,40,0.0215271,0.366287,1.40467,0.617652,0.171945,1,1,-0.476358,0.636478,0.486022,0.211595,,,,,,,,consistent,False,,,,,,
anime,high,100,5000,0.6,mid_greedy,G3,40,0.00419231,2.27809,2.00833,0.102244,0.200778,1,1,-1.61898,0.11351,0.523123,0.131802,,,,,,,,consistent,False,,,,,,
anime,none,100,5000,0.6,source,G3,40,1,0.469376,1.15058,0.519593,0.203523,1,1,-0.661005,0.512495,0.440369,0.234064,,,,,,,,consistent,False,,,,,,
anime,none,100,5000,0.6,mid,G3,40,0.274578,0.322459,1.15034,0.601411,0.756347,1,1,-0.536388,0.594737,0.568963,0.791111,,,,,,,,consistent,False,,,,,,
anime,none,100,5000,0.6,mid_greedy,G3,40,0.0330574,0.784332,21.8388,0.748089,0.470994,1,1,0.940494,0.352753,0.298695,0.784416,,,,,,,,consistent,False,,,,,,
anime,w-high.g-none.v-none,100,5000,0.6,source,G3,40,1,1.86941,1.17836,0.169882,0.25785,1,1,1.39467,0.171008,0.424121,0.456008,,,,,,,,consistent,False,,,,,,
anime,w-high.g-none.v-none,100,5000,0.6,mid,G3,40,0.0192638,0.831332,1.72014,0.419906,0.216072,1,1,0.837253,0.407552,0.405512,0.30773,,,,,,,,consistent,False,,,,,,
anime,w-high.g-none.v-none,100,5000,0.6,mid_greedy,G3,40,0.00466146,0.993645,15.2756,0.45881,0.980411,1,1,-0.210252,0.834566,0.405754,0.438525,,,,,,,,consistent,False,,,,,,
anime,w-none.g-high.v-none,100,5000,0.6,source,G3,40,1,0.697424,1.12058,0.4191,0.275297,1,1,0.827928,0.412749,0.448579,0.914851,,,,,,,,consistent,False,,,,,,
anime,w-none.g-high.v-none,100,5000,0.6,mid,G3,40,0.155058,0.103901,1.15248,0.783209,0.662842,1,1,0.239565,0.811922,0.405051,0.187063,,,,,,,,consistent,False,,,,,,
anime,w-none.g-high.v-none,100,5000,0.6,mid_greedy,G3,40,0.0222113,1.07871,5.4593,0.371168,0.813517,1,1,-1.12199,0.268726,0.34801,0.369166,,,,,,,,consistent,False,,,,,,
anime,w-none.g-none.v-high,100,5000,0.6,source,G3,40,1,1.79825,1.16438,0.179105,0.487594,1,1,-1.36783,0.179196,0.448293,0.553075,,,,,,,,consistent,False,,,,,,
anime,w-none.g-none.v-high,100,5000,0.6,mid,G3,40,0.343539,1.24972,1.18257,0.271056,0.651255,1,1,-1.12835,0.266064,0.483208,0.223811,,,,,,,,consistent,False,,,,,,
anime,w-none.g-none.v-high,100,5000,0.6,mid_greedy,G3,40,0.0142263,1.52606,8.98319,0.132247,0.261984,1,1,-1.83283,0.07447,0.337574,0.859181,,,,,,,,consistent,False,,,,,,
kuairand,high,100,5000,0.6,source,G3,40,1,0.0888881,1.16318,0.803482,0.791025,1,1,-0.00102932,0.999184,0.405979,0.769937,,,,,,,,consistent,False,,,,,,
kuairand,high,100,5000,0.6,mid,G3,40,0.0386834,0.984217,1.91402,0.370754,0.293818,1,1,-0.417988,0.678248,0.715193,0.189924,,,,,,,,consistent,False,,,,,,
kuairand,high,100,5000,0.6,mid_greedy,G3,40,0.0167949,1.12418,2.15361,0.327711,0.00106906,1,0.463971,-0.275439,0.784433,0.858,0.0358198,,,,,,,,consistent,False,,,,,,
kuairand,none,100,5000,0.6,source,G3,40,1,0.513615,1.06084,0.484001,0.299571,1,1,0.701433,0.487198,0.53354,0.0155213,,,,,,,,consistent,False,,,,,,
kuairand,none,100,5000,0.6,mid,G3,40,0.424644,0.57666,1.1035,0.463586,0.512118,1,1,-0.740007,0.463727,0.423701,0.131907,,,,,,,,consistent,False,,,,,,
kuairand,none,100,5000,0.6,mid_greedy,G3,40,0.01937,0.869418,8.92375,0.551139,0.0695213,1,1,-0.3528,0.726138,0.573755,0.127102,,,,,,,,consistent,False,,,,,,
kuairand,w-high.g-none.v-none,100,5000,0.6,source,G3,40,1,1.50549,1.10414,0.221684,0.32479,1,1,1.23372,0.22469,0.414271,0.716688,,,,,,,,consistent,False,,,,,,
kuairand,w-high.g-none.v-none,100,5000,0.6,mid,G3,40,0.112513,0.537482,1.15124,0.487615,0.0984787,1,1,-0.704577,0.48526,0.445614,0.891697,,,,,,,,consistent,False,,,,,,
kuairand,w-high.g-none.v-none,100,5000,0.6,mid_greedy,G3,40,0.0078461,0.482455,2.54041,0.662828,0.424847,1,1,0.273296,0.786068,0.485056,0.00586141,,,,,,,,consistent,False,,,,,,
kuairand,w-none.g-high.v-none,100,5000,0.6,source,G3,40,1,0.206814,1.09878,0.672646,0.76932,1,1,0.423427,0.67431,0.329032,0.988557,,,,,,,,consistent,False,,,,,,
kuairand,w-none.g-high.v-none,100,5000,0.6,mid,G3,40,0.204169,0.110515,1.13977,0.772903,0.960512,1,1,0.257185,0.798388,0.482471,0.523925,,,,,,,,consistent,False,,,,,,
kuairand,w-none.g-high.v-none,100,5000,0.6,mid_greedy,G3,40,0.0162449,0.786153,5.24254,0.564894,0.50203,1,1,-0.37026,0.713192,0.569637,0.418643,,,,,,,,consistent,False,,,,,,
kuairand,w-none.g-none.v-high,100,5000,0.6,source,G3,40,1,0.103145,1.05634,0.762185,0.396564,1,1,0.270633,0.788101,0.470909,0.428646,,,,,,,,consistent,False,,,,,,
kuairand,w-none.g-none.v-high,100,5000,0.6,mid,G3,40,0.22159,0.0731245,1.14618,0.820492,0.665236,1,1,0.0158244,0.987455,0.500216,0.95908,,,,,,,,consistent,False,,,,,,
kuairand,w-none.g-none.v-high,100,5000,0.6,mid_greedy,G3,40,0.0115204,0.9225,5.55558,0.472089,0.548047,1,1,0.692567,0.492685,0.343778,0.746153,,,,,,,,consistent,False,,,,,,
ml,high,100,5000,0.6,source,G3,40,1,0.100112,1.11009,0.778313,0.0459113,1,1,-0.226041,0.82235,0.551203,0.52264,,,,,,,,consistent,False,,,,,,
ml,high,100,5000,0.6,mid,G3,40,0.0218625,0.53761,2.26203,0.60601,0.0740704,1,1,0.432594,0.667693,0.411454,0.933079,,,,,,,,consistent,False,,,,,,
ml,high,100,5000,0.6,mid_greedy,G3,40,0.0109128,0.464077,2.84834,0.697345,0.24154,1,1,0.00658741,0.994778,0.438402,0.401767,,,,,,,,consistent,False,,,,,,
ml,none,100,5000,0.6,source,G3,40,1,1.96084,1.0806,0.160433,0.6325,1,1,-1.41636,0.164607,0.454725,0.295474,,,,,,,,consistent,False,,,,,,
ml,none,100,5000,0.6,mid,G3,40,0.321971,0.196875,1.13814,0.689525,0.50227,1,1,0.38809,0.70006,0.497836,0.755798,,,,,,,,consistent,False,,,,,,
ml,none,100,5000,0.6,mid_greedy,G3,40,0.057022,0.923618,15.3512,0.538166,0.687776,1,1,1.57041,0.124398,0.327684,0.829947,,,,,,,,consistent,False,,,,,,
ml,w-high.g-none.v-none,100,5000,0.6,source,G3,40,1,0.789284,1.10586,0.386117,0.0896053,1,1,-0.879672,0.384426,0.458463,0.455949,,,,,,,,consistent,False,,,,,,
ml,w-high.g-none.v-none,100,5000,0.6,mid,G3,40,0.167672,1.62739,1.17574,0.203144,0.931757,1,1,1.29266,0.203735,0.401691,0.307483,,,,,,,,consistent,False,,,,,,
ml,w-high.g-none.v-none,100,5000,0.6,mid_greedy,G3,40,0.00456629,1.27737,8.14383,0.249007,0.0546165,1,1,-1.50697,0.139877,0.484079,0.433294,,,,,,,,consistent,False,,,,,,
ml,w-none.g-high.v-none,100,5000,0.6,source,G3,40,1,1.68857,1.1547,0.194142,0.329449,1,1,-1.31624,0.195777,0.478278,0.268066,,,,,,,,consistent,False,,,,,,
ml,w-none.g-high.v-none,100,5000,0.6,mid,G3,40,0.22503,0.728121,1.27109,0.4245,0.126659,1,1,-0.824543,0.414646,0.609714,0.891063,,,,,,,,consistent,False,,,,,,
ml,w-none.g-high.v-none,100,5000,0.6,mid_greedy,G3,40,0.0127097,2.39969,7.17217,0.017788,0.903703,1,1,-2.36061,0.0233395,0.326045,0.000934887,,,,,,,,consistent,False,,,,,,
ml,w-none.g-none.v-high,100,5000,0.6,source,G3,40,1,0.186816,1.11002,0.691804,0.118469,1,1,0.376909,0.708284,0.489854,0.648192,,,,,,,,consistent,False,,,,,,
ml,w-none.g-none.v-high,100,5000,0.6,mid,G3,40,0.226294,0.240435,1.26514,0.680551,0.686249,1,1,0.387036,0.700834,0.385651,0.00354235,,,,,,,,consistent,False,,,,,,
ml,w-none.g-none.v-high,100,5000,0.6,mid_greedy,G3,40,0.0205318,1.31197,5.66461,0.250297,0.327919,1,1,-0.923788,0.361277,0.266486,0.213429,,,,,,,,consistent,False,,,,,,
anime,high,100,5000,0.8,source,G3,40,1,0.468444,1.2832,0.540732,0.245927,1,1,0.631997,0.531077,0.499661,0.481068,,,,,,,,consistent,False,,,,,,
anime,high,100,5000,0.8,mid,G3,40,0.0105111,0.566018,1.45386,0.513918,0.0448027,1,1,0.656831,0.515147,0.817732,0.251861,,,,,,,,consistent,False,,,,,,
anime,high,100,5000,0.8,mid_greedy,G3,40,0.00499647,0.572336,1.36047,0.499839,0.32474,1,1,0.666587,0.50896,0.874836,0.374593,,,,,,,,consistent,False,,,,,,
anime,none,100,5000,0.8,source,G3,40,1,0.184974,1.28425,0.729461,0.0425693,1,1,-0.205143,0.838527,0.40716,0.207218,,,,,,,,consistent,False,,,,,,
anime,none,100,5000,0.8,mid,G3,40,0.300776,0.237146,1.76197,0.760638,0.152946,1,1,0.13232,0.895412,0.368842,0.17189,,,,,,,,consistent,False,,,,,,
anime,none,100,5000,0.8,mid_greedy,G3,40,0.106791,0.980788,19.7537,0.481771,0.991147,1,1,-0.759665,0.452023,0.346143,0.198085,,,,,,,,consistent,False,,,,,,
anime,w-high.g-none.v-none,100,5000,0.8,source,G3,40,1,0.274227,1.3061,0.663036,0.709445,1,1,0.427169,0.671605,0.491693,0.289546,,,,,,,,consistent,False,,,,,,
anime,w-high.g-none.v-none,100,5000,0.8,mid,G3,40,0.026363,1.41047,2.59237,0.240903,0.387135,1,1,-1.22124,0.229328,0.370102,0.838653,,,,,,,,consistent,False,,,,,,
anime,w-high.g-none.v-none,100,5000,0.8,mid_greedy,G3,40,0.00471437,1.03766,4.68493,0.391331,0.737063,1,1,-0.282847,0.77879,0.617791,0.465869,,,,,,,,consistent,False,,,,,,
anime,w-none.g-high.v-none,100,5000,0.8,source,G3,40,1,0.379599,1.23991,0.582972,0.799643,1,1,-0.562365,0.577086,0.443208,0.764906,,,,,,,,consistent,False,,,,,,
anime,w-none.g-high.v-none,100,5000,0.8,mid,G3,40,0.274342,2.76026,1.95325,0.0646009,0.455766,1,1,-1.88631,0.066715,0.445079,0.117495,,,,,,,,consistent,False,,,,,,
anime,w-none.g-high.v-none,100,5000,0.8,mid_greedy,G3,40,0.0298029,0.850205,4.1822,0.497261,0.853603,1,1,0.266089,0.791572,0.723113,0.597852,,,,,,,,consistent,False,,,,,,
anime,w-none.g-none.v-high,100,5000,0.8,source,G3,40,1,0.533945,1.21258,0.498206,0.750576,1,1,0.699135,0.488617,0.376021,0.299764,,,,,,,,consistent,False,,,,,,
anime,w-none.g-none.v-high,100,5000,0.8,mid,G3,40,0.336805,2.6543,1.68044,0.0800099,0.598118,1,1,1.78137,0.0826405,0.340275,0.805391,,,,,,,,consistent,False,,,,,,
anime,w-none.g-none.v-high,100,5000,0.8,mid_greedy,G3,40,0.0169402,0.596537,3.56037,0.645661,0.0509024,1,1,-0.446954,0.657381,0.62792,0.236944,,,,,,,,consistent,False,,,,,,
kuairand,high,100,5000,0.8,source,G3,40,1,6.05408,1.30337,0.00808682,0.897786,1,1,2.61376,0.0126595,0.528698,0.0657025,,,,,,,,consistent,False,,,,,,
kuairand,high,100,5000,0.8,mid,G3,40,0.0396065,1.18384,2.02843,0.3065,0.152893,1,1,1.16498,0.251103,0.694414,0.0712361,,,,,,,,consistent,False,,,,,,
kuairand,high,100,5000,0.8,mid_greedy,G3,40,0.00927581,1.80415,1.50834,0.173837,0.408086,1,1,1.52091,0.136348,0.791286,0.609778,,,,,,,,consistent,False,,,,,,
kuairand,none,100,5000,0.8,source,G3,40,1,0.0770437,1.18665,0.823451,0.778991,1,1,-0.0104079,0.991749,0.471455,0.619862,,,,,,,,consistent,False,,,,,,
kuairand,none,100,5000,0.8,mid,G3,40,0.436098,1.51831,1.47373,0.221769,0.163183,1,1,-1.30167,0.200667,0.350085,0.21539,,,,,,,,consistent,False,,,,,,
kuairand,none,100,5000,0.8,mid_greedy,G3,40,0.0652729,0.633856,10.6111,0.795571,0.618787,1,1,0.810339,0.422663,0.469891,0.987237,,,,,,,,consistent,False,,,,,,
kuairand,w-high.g-none.v-none,100,5000,0.8,source,G3,40,1,1.18193,1.22989,0.2878,0.485344,1,1,-1.09098,0.281977,0.336783,0.454929,,,,,,,,consistent,False,,,,,,
kuairand,w-high.g-none.v-none,100,5000,0.8,mid,G3,40,0.0585588,2.73851,2.21403,0.0588951,0.266152,1,1,-1.97109,0.0558395,0.517605,0.235267,,,,,,,,consistent,False,,,,,,
kuairand,w-high.g-none.v-none,100,5000,0.8,mid_greedy,G3,40,0.00836059,0.626465,5.04079,0.680912,0.891368,1,1,-0.603881,0.54942,0.487772,0.51594,,,,,,,,consistent,False,,,,,,
kuairand,w-none.g-high.v-none,100,5000,0.8,source,G3,40,1,0.291883,1.18421,0.627978,0.19996,1,1,-0.474015,0.638133,0.359017,0.499354,,,,,,,,consistent,False,,,,,,
kuairand,w-none.g-high.v-none,100,5000,0.8,mid,G3,40,0.436544,0.558247,1.53004,0.526398,0.272225,1,1,-0.672783,0.505052,0.408834,0.379187,,,,,,,,consistent,False,,,,,,
kuairand,w-none.g-high.v-none,100,5000,0.8,mid_greedy,G3,40,0.0285065,0.926859,5.50426,0.468463,0.682444,1,1,-0.868485,0.390442,0.62793,0.499583,,,,,,,,consistent,False,,,,,,
kuairand,w-none.g-none.v-high,100,5000,0.8,source,G3,40,1,0.199922,1.24645,0.709364,0.404273,1,1,-0.237819,0.813266,0.426208,0.303279,,,,,,,,consistent,False,,,,,,
kuairand,w-none.g-none.v-high,100,5000,0.8,mid,G3,40,0.433064,0.484082,1.66753,0.581833,0.992176,1,1,-0.653256,0.517424,0.45194,0.461452,,,,,,,,consistent,False,,,,,,
kuairand,w-none.g-none.v-high,100,5000,0.8,mid_greedy,G3,40,0.0141892,0.667387,4.0992,0.61822,0.957603,1,1,-0.690967,0.493679,0.687387,0.81183,,,,,,,,consistent,False,,,,,,
ml,high,100,5000,0.8,source,G3,40,1,1.06548,1.33672,0.321619,0.0557947,1,1,1.03741,0.305932,0.495565,0.856114,,,,,,,,consistent,False,,,,,,
ml,high,100,5000,0.8,mid,G3,40,0.00946997,0.621507,2.44204,0.568427,0.0609892,1,1,0.272202,0.786903,0.714261,0.0722533,,,,,,,,consistent,False,,,,,,
ml,high,100,5000,0.8,mid_greedy,G3,40,0.00577459,0.876723,1.35872,0.379638,0.432889,1,1,0.20724,0.836901,0.898906,0.135373,,,,,,,,consistent,False,,,,,,
ml,none,100,5000,0.8,source,G3,40,1,0.255973,1.29031,0.673523,0.461223,1,1,-0.372245,0.711725,0.429415,0.783763,,,,,,,,consistent,False,,,,,,
ml,none,100,5000,0.8,mid,G3,40,0.339593,0.78036,1.79249,0.4456,0.85156,1,1,-0.926617,0.359825,0.391029,0.909732,,,,,,,,consistent,False,,,,,,
ml,none,100,5000,0.8,mid_greedy,G3,40,0.159997,0.804114,15.0545,0.67481,0.846916,1,1,-1.58817,0.120324,0.343056,0.373075,,,,,,,,consistent,False,,,,,,
ml,w-high.g-none.v-none,100,5000,0.8,source,G3,40,1,0.56642,1.54477,0.523896,0.67414,1,1,0.670636,0.506405,0.367633,0.535087,,,,,,,,consistent,False,,,,,,
ml,w-high.g-none.v-none,100,5000,0.8,mid,G3,40,0.135133,0.51719,1.89801,0.586669,0.309894,1,1,-0.610442,0.54511,0.496704,0.231454,,,,,,,,consistent,False,,,,,,
ml,w-high.g-none.v-none,100,5000,0.8,mid_greedy,G3,40,0.0129978,0.468382,3.05867,0.708048,0.19901,1,1,-0.0307764,0.975605,0.463554,0.424157,,,,,,,,consistent,False,,,,,,
ml,w-none.g-high.v-none,100,5000,0.8,source,G3,40,1,1.15601,1.35399,0.298707,0.852407,1,1,-1.09147,0.281765,0.469178,0.671118,,,,,,,,consistent,False,,,,,,
ml,w-none.g-high.v-none,100,5000,0.8,mid,G3,40,0.176211,1.28971,1.81658,0.274021,0.280048,1,1,-1.12536,0.267313,0.517453,0.249785,,,,,,,,consistent,False,,,,,,
ml,w-none.g-high.v-none,100,5000,0.8,mid_greedy,G3,40,0.0062821,1.599,3.65552,0.176857,0.325492,1,1,-2.05389,0.0467332,0.634793,0.252815,,,,,,,,consistent,False,,,,,,
ml,w-none.g-none.v-high,100,5000,0.8,source,G3,40,1,1.00413,1.29946,0.336702,0.0144955,1,1,-0.994866,0.325934,0.461567,0.629861,,,,,,,,consistent,False,,,,,,
ml,w-none.g-none.v-high,100,5000,0.8,mid,G3,40,0.254933,1.57594,2.21727,0.204133,0.519269,1,1,-1.38652,0.173465,0.371077,0.644033,,,,,,,,consistent,False,,,,,,
ml,w-none.g-none.v-high,100,5000,0.8,mid_greedy,G3,40,0.0365837,0.774228,3.6263,0.530261,0.124042,1,1,0.683913,0.498074,0.526234,0.280366,,,,,,,,consistent,False,,,,,,
anime,high,100,5000,0.9,source,G3,40,1,0.271311,1.27354,0.659233,0.586448,1,1,-0.426082,0.67239,0.437836,0.276045,,,,,,,,consistent,False,,,,,,
anime,high,100,5000,0.9,mid,G3,40,0.00253074,2.86743,6.86435,0.00576151,0.0401155,1,1,-2.74487,0.0091053,0.479825,0.0623183,,,,,,,,consistent,False,,,,,,
anime,high,100,5000,0.9,mid_greedy,G3,40,0.000884872,1.79953,6.75343,0.0854231,0.0910454,1,1,-1.8598,0.0704692,0.463703,0.0576857,,,,,,,,consistent,False,,,,,,
anime,none,100,5000,0.9,source,G3,40,1,0.670406,1.67335,0.486002,0.479209,1,1,0.762759,0.450196,0.40428,0.193609,,,,,,,,consistent,False,,,,,,
anime,none,100,5000,0.9,mid,G3,40,0.40178,0.587526,3.18416,0.633122,0.977038,1,1,0.21978,0.827189,0.503025,0.710599,,,,,,,,consistent,False,,,,,,
anime,none,100,5000,0.9,mid_greedy,G3,40,0.219548,0.733436,25.318,0.829639,0.840538,1,1,0.0786793,0.93769,0.22881,0.286719,,,,,,,,consistent,False,,,,,,
anime,w-high.g-none.v-none,100,5000,0.9,source,G3,40,1,0.553857,1.75927,0.552581,0.485606,1,1,0.571562,0.570899,0.355408,0.291532,,,,,,,,consistent,False,,,,,,
anime,w-high.g-none.v-none,100,5000,0.9,mid,G3,40,0.00126523,0.802812,1.55763,0.420459,0.82976,1,1,-1.13056,0.265146,0.889814,0.631659,,,,,,,,consistent,False,,,,,,
anime,w-high.g-none.v-none,100,5000,0.9,mid_greedy,G3,40,0.000102346,0.730788,1.18961,0.414986,0.332554,1,1,-0.0737926,0.941553,0.957096,0.662132,,,,,,,,consistent,False,,,,,,
anime,w-none.g-high.v-none,100,5000,0.9,source,G3,40,1,1.47331,1.88261,0.229818,0.253727,1,1,1.27676,0.209238,0.439503,0.573757,,,,,,,,consistent,False,,,,,,
anime,w-none.g-high.v-none,100,5000,0.9,mid,G3,40,0.203708,0.66195,2.49401,0.548103,0.0346642,1,1,0.506947,0.615047,0.460376,0.0891727,,,,,,,,consistent,False,,,,,,
anime,w-none.g-high.v-none,100,5000,0.9,mid_greedy,G3,40,0.0149998,1.42008,4.9444,0.213895,0.0754735,1,1,1.61077,0.115295,0.646155,0.262255,,,,,,,,consistent,False,,,,,,
anime,w-none.g-none.v-high,100,5000,0.9,source,G3,40,1,6.23908,1.7899,0.00287789,0.836181,1,1,2.85349,0.00688716,0.398997,0.784949,,,,,,,,consistent,False,,,,,,
anime,w-none.g-none.v-high,100,5000,0.9,mid,G3,40,0.536287,2.81454,3.46574,0.0304009,0.174801,1,1,2.1703,0.036136,0.342991,0.487393,,,,,,,,consistent,False,,,,,,
anime,w-none.g-none.v-high,100,5000,0.9,mid_greedy,G3,40,0.279281,1.30626,4.38812,0.262345,0.0930561,1,1,1.35801,0.182265,0.430626,0.155061,,,,,,,,consistent,False,,,,,,
kuairand,high,100,5000,0.9,source,G3,40,1,2.80143,1.99928,0.0607434,0.654358,1,1,1.83397,0.0742974,0.329796,0.494169,,,,,,,,consistent,False,,,,,,
kuairand,high,100,5000,0.9,mid,G3,40,0.00028328,1.78345,4.12655,0.126755,0.463582,1,1,-2.35874,0.0234423,0.720435,0.067533,,,,,,,,consistent,False,,,,,,
kuairand,high,100,5000,0.9,mid_greedy,G3,40,0.00028328,1.78345,4.12655,0.126755,0.463582,1,1,-2.35874,0.0234423,0.720435,0.067533,,,,,,,,consistent,False,,,,,,
kuairand,none,100,5000,0.9,source,G3,40,1,0.330667,1.24137,0.61319,0.239658,1,1,-0.500313,0.619666,0.513067,0.282481,,,,,,,,consistent,False,,,,,,
kuairand,none,100,5000,0.9,mid,G3,40,0.379777,0.542951,2.01375,0.582236,0.929182,1,1,-0.750987,0.457168,0.365022,0.123618,,,,,,,,consistent,False,,,,,,
kuairand,none,100,5000,0.9,mid_greedy,G3,40,0.156651,1.04146,1.64637,0.341614,0.108487,1,1,0.684485,0.497717,0.819523,0.661537,,,,,,,,consistent,False,,,,,,
kuairand,w-high.g-none.v-none,100,5000,0.9,source,G3,40,1,0.192156,1.46853,0.755512,0.788827,1,1,-0.122765,0.902924,0.412869,0.855663,,,,,,,,consistent,False,,,,,,
kuairand,w-high.g-none.v-none,100,5000,0.9,mid,G3,40,0.0121656,0.919145,3.11253,0.433303,0.271411,1,1,-0.946676,0.349633,0.442154,0.707314,,,,,,,,consistent,False,,,,,,
kuairand,w-high.g-none.v-none,100,5000,0.9,mid_greedy,G3,40,0.00218304,0.944506,4.6453,0.446196,0.278308,1,1,-0.463598,0.645513,0.52392,0.532502,,,,,,,,consistent,False,,,,,,
kuairand,w-none.g-high.v-none,100,5000,0.9,source,G3,40,1,0.26096,1.41487,0.691474,0.351773,1,1,0.301302,0.764785,0.457308,0.828008,,,,,,,,consistent,False,,,,,,
kuairand,w-none.g-high.v-none,100,5000,0.9,mid,G3,40,0.145502,0.570966,3.31833,0.651425,0.0122335,1,1,0.0983408,0.922165,0.7187,0.118341,,,,,,,,consistent,False,,,,,,
kuairand,w-none.g-high.v-none,100,5000,0.9,mid_greedy,G3,40,0.0120543,1.23452,5.61896,0.286792,0.312191,1,1,-0.763766,0.449603,0.647741,0.459914,,,,,,,,consistent,False,,,,,,
kuairand,w-none.g-none.v-high,100,5000,0.9,source,G3,40,1,0.566036,1.57771,0.527637,0.487583,1,1,0.571104,0.571205,0.392272,0.270859,,,,,,,,consistent,False,,,,,,
kuairand,w-none.g-none.v-high,100,5000,0.9,mid,G3,40,0.0780339,1.3003,4.01996,0.267146,0.473805,1,1,1.238,0.223116,0.535055,0.53,,,,,,,,consistent,False,,,,,,
kuairand,w-none.g-none.v-high,100,5000,0.9,mid_greedy,G3,40,0.00534916,0.967858,6.72066,0.450713,0.620533,1,1,-1.02995,0.309378,0.532872,0.0597584,,,,,,,,consistent,False,,,,,,
ml,high,100,5000,0.9,source,G3,40,1,0.430204,2.00523,0.650901,0.309267,1,1,0.435311,0.665736,0.520397,0.44527,,,,,,,,consistent,False,,,,,,
ml,high,100,5000,0.9,mid,G3,40,0.00111017,0.821461,6.36098,0.559099,0.79979,1,1,0.731733,0.468706,0.581935,0.530688,,,,,,,,consistent,False,,,,,,
ml,high,100,5000,0.9,mid_greedy,G3,40,0.000589834,0.742721,5.89814,0.612915,0.367719,1,1,0.329125,0.743823,0.646778,0.599306,,,,,,,,consistent,False,,,,,,
ml,none,100,5000,0.9,source,G3,40,1,0.256562,1.5769,0.720024,0.085509,1,1,-0.150623,0.881049,0.35774,0.649355,,,,,,,,consistent,False,,,,,,
ml,none,100,5000,0.9,mid,G3,40,0.444272,1.10865,4.60664,0.352387,0.248234,1,1,-1.051,0.299728,0.284552,0.231187,,,,,,,,consistent,False,,,,,,
ml,none,100,5000,0.9,mid_greedy,G3,40,0.293396,0.960397,11.4856,0.482493,0.826796,1,1,-2.01917,0.0503806,0.297521,0.529015,,,,,,,,consistent,False,,,,,,
ml,w-high.g-none.v-none,100,5000,0.9,source,G3,40,1,0.235787,1.77667,0.7636,0.775836,1,1,-0.153949,0.878444,0.482074,0.0210232,,,,,,,,consistent,False,,,,,,
ml,w-high.g-none.v-none,100,5000,0.9,mid,G3,40,0.0535208,0.77145,2.07953,0.466917,0.120875,1,1,-0.170788,0.865274,0.739379,0.834708,,,,,,,,consistent,False,,,,,,
ml,w-high.g-none.v-none,100,5000,0.9,mid_greedy,G3,40,0.0152883,0.93745,2.07502,0.394467,0.367526,1,1,0.967338,0.339336,0.706406,0.730685,,,,,,,,consistent,False,,,,,,
ml,w-none.g-high.v-none,100,5000,0.9,source,G3,40,1,0.297728,1.5621,0.687314,0.568007,1,1,0.344811,0.732089,0.42284,0.751357,,,,,,,,consistent,False,,,,,,
ml,w-none.g-high.v-none,100,5000,0.9,mid,G3,40,0.0714888,1.09998,4.93892,0.357814,0.170762,1,1,1.23165,0.225455,0.577135,0.405887,,,,,,,,consistent,False,,,,,,
ml,w-none.g-high.v-none,100,5000,0.9,mid_greedy,G3,40,0.0017855,0.694197,5.91903,0.65234,0.92898,1,1,-0.807235,0.424427,0.552255,0.0680788,,,,,,,,consistent,False,,,,,,
ml,w-none.g-none.v-high,100,5000,0.9,source,G3,40,1,1.94014,1.45454,0.15615,0.847056,1,1,1.46451,0.15107,0.313433,0.198562,,,,,,,,consistent,False,,,,,,
ml,w-none.g-none.v-high,100,5000,0.9,mid,G3,40,0.145694,0.592612,7.24985,0.768435,0.376607,1,1,-0.213263,0.832233,0.308251,0.955192,,,,,,,,consistent,False,,,,,,
ml,w-none.g-none.v-high,100,5000,0.9,mid_greedy,G3,40,0.0441474,1.13459,7.43039,0.336976,0.352984,1,1,1.41843,0.164008,0.47176,0.588984,,,,,,,,consistent,False,,,,,,
anime,high,100,25000,0.8,source,G4,300,1,0.292111,1.21604,0.633939,0.820225,1,1,0.462415,0.64412,0.126011,0.493107,,,,,,,,consistent,False,,,,,,
anime,high,100,25000,0.8,likelihood,G4,300,5.48169e-05,1.36758,63.0217,0.0279562,0.0543517,1,1,-1.15204,0.250225,0.0409582,0.308218,0.688237,1.28827,266.512,0,1.02968e-91,0,6.17805e-91,consistent,False,0.31261,0.937514,2.60605e-74,6.2284e-83,0,0
anime,high,100,25000,0.8,mid,G4,300,0.0105111,0.44708,2.35342,0.671674,0.0467219,1,1,-0.347337,0.728582,0.0834002,0.293715,,,,,,,,consistent,False,,,,,,
anime,high,100,25000,0.8,mid_greedy,G4,300,0.00499647,0.393097,2.60182,0.72923,0.529692,1,1,-0.135674,0.89217,0.0755032,0.422355,,,,,,,,consistent,False,,,,,,
anime,high,100,25000,0.8,value,G4,300,1.48942e-05,1.05668,31.3812,0.380447,0.738365,1,1,1.60095,0.110443,0.131724,0.741344,0.821657,3.08454,47.6143,1.02448e-294,1.51239e-41,3.07343e-294,4.53716e-41,consistent,False,0.50095,0.968585,2.53416e-59,4.60934e-11,0,1.11519e-83
anime,none,100,25000,0.8,source,G4,300,1,4.09181,1.26631,0.0335889,0.275503,1,1,2.11885,0.0349278,0.118594,0.287936,,,,,,,,consistent,False,,,,,,
anime,none,100,25000,0.8,likelihood,G4,300,0.103392,0.79073,29.9426,0.784189,0.687874,1,1,0.312465,0.754905,0.0512573,0.860794,,,,,,,,consistent,False,,,,,,
anime,none,100,25000,0.8,mid,G4,300,0.300776,1.0401,1.60724,0.340557,0.889103,1,1,1.02683,0.305332,0.14772,0.681042,,,,,,,,consistent,False,,,,,,
anime,none,100,25000,0.8,mid_greedy,G4,300,0.106791,1.10684,77.5623,0.243168,0.0575588,1,1,0.594494,0.552631,0.0279382,0.209445,,,,,,,,consistent,False,,,,,,
anime,none,100,25000,0.8,value,G4,300,0.106158,1.1289,75.383,0.207979,0.0179774,1,1,1.64416,0.101194,0.026288,0.169973,,,,,,,,consistent,False,,,,,,
anime,w-high.g-none.v-none,100,25000,0.8,source,G4,300,1,0.263997,1.42652,0.691115,0.509578,1,1,-0.364292,0.715898,0.114352,0.47719,,,,,,,,consistent,False,,,,,,
anime,w-high.g-none.v-none,100,25000,0.8,likelihood,G4,300,0.000148018,0.731559,22.6789,0.815647,0.82523,1,1,-0.0272615,0.978269,0.113041,0.589387,,,,,,,,consistent,False,,,,,,
anime,w-high.g-none.v-none,100,25000,0.8,mid,G4,300,0.026363,0.372062,2.36615,0.724614,0.272603,1,1,0.246032,0.805826,0.0822294,0.2449,,,,,,,,consistent,False,,,,,,
anime,w-high.g-none.v-none,100,25000,0.8,mid_greedy,G4,300,0.00471437,0.517608,4.59838,0.748113,0.572099,1,1,0.0079885,0.993631,0.0897902,0.146222,,,,,,,,consistent,False,,,,,,
anime,w-high.g-none.v-none,100,25000,0.8,value,G4,300,0.000150526,0.920192,56.1648,0.644812,0.595207,1,1,-1.0887,0.277163,0.0438963,0.584393,,,,,,,,consistent,False,,,,,,
anime,w-none.g-high.v-none,100,25000,0.8,source,G4,300,1,0.409257,1.36017,0.584889,0.222375,1,1,0.51959,0.603734,0.0924516,0.0960031,,,,,,,,consistent,False,,,,,,
anime,w-none.g-high.v-none,100,25000,0.8,likelihood,G4,300,0.00820547,1.02661,68.8469,0.416244,0.928947,1,1,0.353331,0.72409,0.0402133,0.0124613,,,,,,,,consistent,False,,,,,,
anime,w-none.g-high.v-none,100,25000,0.8,mid,G4,300,0.274342,0.347912,1.74184,0.676296,0.0612433,1,1,0.230262,0.818046,0.106846,0.426432,,,,,,,,consistent,False,,,,,,
anime,w-none.g-high.v-none,100,25000,0.8,mid_greedy,G4,300,0.0298029,1.34046,5.24566,0.241598,0.597127,1,1,1.37415,0.170425,0.0534989,0.181921,,,,,,,,consistent,False,,,,,,
anime,w-none.g-high.v-none,100,25000,0.8,value,G4,300,0.00688393,0.899455,64.8433,0.703265,0.372639,1,1,0.0656301,0.947716,0.0471443,0.303308,,,,,,,,consistent,False,,,,,,
anime,w-none.g-none.v-high,100,25000,0.8,source,G4,300,1,4.63025,1.29031,0.0224107,0.0214408,1,1,2.26326,0.0243366,0.108406,0.927811,,,,,,,,consistent,False,,,,,,
anime,w-none.g-none.v-high,100,25000,0.8,likelihood,G4,300,0.049507,0.846548,94.0247,0.855899,0.746753,1,1,0.130768,0.896046,0.0262753,0.731655,,,,,,,,consistent,False,,,,,,
anime,w-none.g-none.v-high,100,25000,0.8,mid,G4,300,0.336805,1.87878,1.86345,0.1558,0.0843288,1,1,1.47833,0.140373,0.0892149,0.751062,,,,,,,,consistent,False,,,,,,
anime,w-none.g-none.v-high,100,25000,0.8,mid_greedy,G4,300,0.0169402,0.615084,5.41518,0.70152,0.367487,1,1,0.572184,0.567627,0.0540938,0.349062,,,,,,,,consistent,False,,,,,,
anime,w-none.g-none.v-high,100,25000,0.8,value,G4,300,0.0148376,0.98541,68.8268,0.511598,0.63406,1,1,0.247332,0.804821,0.0470968,0.796577,,,,,,,,consistent,False,,,,,,
kuairand,high,100,25000,0.8,source,G4,300,1,0.131683,1.33476,0.788926,0.184951,1,1,-0.162284,0.871192,0.101339,0.650147,,,,,,,,consistent,False,,,,,,
kuairand,high,100,25000,0.8,likelihood,G4,300,1.95657e-06,0.921263,33.837,0.599125,0.143129,1,1,-0.166299,0.868034,0.0366376,0.248415,0.509765,1.65815,380.844,0,1.89822e-85,0,7.5929e-85,consistent,False,0.26226,0.758151,3.95886e-75,7.33091e-87,0,0
kuairand,high,100,25000,0.8,mid,G4,300,0.0396065,0.654998,2.50646,0.552849,0.985892,1,1,-0.667974,0.504665,0.0973267,0.980099,,,,,,,,consistent,False,,,,,,
kuairand,high,100,25000,0.8,mid_greedy,G4,300,0.00927581,0.638303,2.94421,0.587352,0.930885,1,1,-0.526102,0.599208,0.0794901,0.886541,,,,,,,,consistent,False,,,,,,
kuairand,high,100,25000,0.8,value,G4,300,2.42203e-06,0.8848,8.61532,0.534265,0.659832,1,1,-0.299774,0.764558,0.114993,0.102264,0.523111,2.57963,74.9423,1.41319e-133,5.3597e-34,2.82638e-133,1.03922e-33,consistent,False,0.27377,0.768885,1.54471e-28,2.6793e-24,9.50639e-89,3.93661e-66
kuairand,none,100,25000,0.8,source,G4,300,1,0.0560477,1.13973,0.844033,0.641652,1,1,-0.00272538,0.997827,0.0939554,0.744388,,,,,,,,consistent,False,,,,,,
kuairand,none,100,25000,0.8,likelihood,G4,300,0.0632446,0.945129,9.88135,0.489217,0.203293,1,1,-0.508951,0.611162,0.14728,0.0485786,,,,,,,,consistent,False,,,,,,
kuairand,none,100,25000,0.8,mid,G4,300,0.436098,0.67065,1.29472,0.449392,0.858346,1,1,0.801991,0.423195,0.102181,0.902975,,,,,,,,consistent,False,,,,,,
kuairand,none,100,25000,0.8,mid_greedy,G4,300,0.0652729,0.921249,42.3949,0.617756,0.875621,1,1,-0.376624,0.70672,0.0325756,0.608718,,,,,,,,consistent,False,,,,,,
kuairand,none,100,25000,0.8,value,G4,300,0.0651066,0.907339,40.9675,0.640112,0.891617,1,1,-0.353651,0.72385,0.0341396,0.615954,,,,,,,,consistent,False,,,,,,
kuairand,w-high.g-none.v-none,100,25000,0.8,source,G4,300,1,0.202733,1.29306,0.715958,0.374697,1,1,-0.325838,0.744775,0.116475,0.82806,,,,,,,,consistent,False,,,,,,
kuairand,w-high.g-none.v-none,100,25000,0.8,likelihood,G4,300,0.000911088,1.83758,16.4417,0.020132,0.709327,1,1,-0.765941,0.444315,0.0756131,0.0451352,,,,,,,,consistent,False,,,,,,
kuairand,w-high.g-none.v-none,100,25000,0.8,mid,G4,300,0.0585588,1.41185,1.59971,0.243515,0.511288,1,1,1.25314,0.211134,0.114076,0.716505,,,,,,,,consistent,False,,,,,,
kuairand,w-high.g-none.v-none,100,25000,0.8,mid_greedy,G4,300,0.00836059,1.22099,4.1159,0.299122,0.907926,1,1,1.38592,0.166805,0.0603546,0.716372,,,,,,,,consistent,False,,,,,,
kuairand,w-high.g-none.v-none,100,25000,0.8,value,G4,300,0.000684386,0.933953,24.4523,0.555743,0.0261094,1,1,-0.766791,0.443811,0.0491659,0.789988,,,,,,,,consistent,False,,,,,,
kuairand,w-none.g-high.v-none,100,25000,0.8,source,G4,300,1,0.219858,1.20743,0.685326,0.894697,1,1,0.400725,0.688909,0.10924,0.889521,,,,,,,,consistent,False,,,,,,
kuairand,w-none.g-high.v-none,100,25000,0.8,likelihood,G4,300,0.00505697,1.4273,17.5639,0.109345,0.315136,1,1,1.18803,0.235766,0.0814416,0.457829,,,,,,,,consistent,False,,,,,,
kuairand,w-none.g-high.v-none,100,25000,0.8,mid,G4,300,0.436544,1.5626,1.42474,0.213731,0.479972,1,1,1.31408,0.189827,0.108559,0.929059,,,,,,,,consistent,False,,,,,,
kuairand,w-none.g-high.v-none,100,25000,0.8,mid_greedy,G4,300,0.0285065,0.715655,9.33271,0.700425,0.282267,1,1,-0.56732,0.570923,0.0499092,0.899543,,,,,,,,consistent,False,,,,,,
kuairand,w-none.g-high.v-none,100,25000,0.8,value,G4,300,0.00611017,0.736959,26.9639,0.834821,0.528787,1,1,-0.442858,0.658188,0.0603216,0.688875,,,,,,,,consistent,False,,,,,,
kuairand,w-none.g-none.v-high,100,25000,0.8,source,G4,300,1,2.59298,1.21474,0.100051,0.286266,1,1,-1.65845,0.0982758,0.0878725,0.219944,,,,,,,,consistent,False,,,,,,
kuairand,w-none.g-none.v-high,100,25000,0.8,likelihood,G4,300,0.0127828,0.619963,5.4024,0.69729,0.59216,1,1,-0.0750549,0.940221,0.15661,0.248068,,,,,,,,consistent,False,,,,,,
kuairand,w-none.g-none.v-high,100,25000,0.8,mid,G4,300,0.433064,0.964331,1.37762,0.352944,0.726306,1,1,-0.993237,0.321397,0.122951,0.757199,,,,,,,,consistent,False,,,,,,
kuairand,w-none.g-none.v-high,100,25000,0.8,mid_greedy,G4,300,0.0141892,0.57952,4.66156,0.703737,0.129862,1,1,-0.347446,0.728501,0.0667555,0.728075,,,,,,,,consistent,False,,,,,,
kuairand,w-none.g-none.v-high,100,25000,0.8,value,G4,300,0.00716498,1.27692,24.3789,0.162722,0.314473,1,1,1.38096,0.168323,0.0697331,0.0068256,,,,,,,,consistent,False,,,,,,
ml,high,100,25000,0.8,source,G4,300,1,0.158597,1.29146,0.754691,0.131223,1,1,0.195183,0.845382,0.119224,0.116432,,,,,,,,consistent,False,,,,,,
ml,high,100,25000,0.8,likelihood,G4,300,3.98531e-06,1.1272,56.6297,0.238183,0.607756,1,1,0.40543,0.685451,0.041377,0.763687,0.384828,1.69949,480.87,0,7.35485e-90,0,3.67742e-89,consistent,False,0.158336,0.698253,1.39723e-71,2.06005e-82,0,0
ml,high,100,25000,0.8,mid,G4,300,0.00946997,0.566716,3.47141,0.662178,0.673598,1,1,0.305236,0.760399,0.0704531,0.106684,,,,,,,,consistent,False,,,,,,
ml,high,100,25000,0.8,mid_greedy,G4,300,0.00577459,0.546884,3.74176,0.689451,0.698599,1,1,-0.189514,0.849818,0.0690233,0.138711,,,,,,,,consistent,False,,,,,,
ml,high,100,25000,0.8,value,G4,300,3.36741e-06,0.341853,5.23495,0.894924,0.730953,1,1,-0.0631781,0.949667,0.560265,0.290474,0.437932,1.05404,50.792,3.4776e-55,5.19608e-34,3.4776e-55,1.03922e-33,consistent,False,0.184832,0.723155,2.81796e-21,6.11806e-24,1.17464e-27,5.57332e-51
ml,none,100,25000,0.8,source,G4,300,1,0.583511,1.3077,0.488208,0.65002,1,1,0.702449,0.482945,0.1016,0.731192,,,,,,,,consistent,False,,,,,,
ml,none,100,25000,0.8,likelihood,G4,300,0.159274,0.497118,6.15396,0.815416,0.624503,1,1,-0.148209,0.882278,0.0599603,0.937501,,,,,,,,consistent,False,,,,,,
ml,none,100,25000,0.8,mid,G4,300,0.339593,0.948124,1.69396,0.374689,0.264871,1,1,0.96894,0.333358,0.116755,0.606084,,,,,,,,consistent,False,,,,,,
ml,none,100,25000,0.8,mid_greedy,G4,300,0.159997,0.985692,32.0761,0.489677,0.828732,1,1,0.812495,0.417154,0.0361612,0.827722,,,,,,,,consistent,False,,,,,,
ml,none,100,25000,0.8,value,G4,300,0.159881,1.00261,31.586,0.462411,0.768275,1,1,0.717542,0.4736,0.0369153,0.595031,,,,,,,,consistent,False,,,,,,
ml,w-high.g-none.v-none,100,25000,0.8,source,G4,300,1,1.87003,1.38512,0.166676,0.371102,1,1,1.42947,0.153914,0.100072,0.39904,,,,,,,,consistent,False,,,,,,
ml,w-high.g-none.v-none,100,25000,0.8,likelihood,G4,300,0.00131534,0.815266,7.47973,0.581577,0.314287,1,1,1.55657,0.12063,0.125254,0.609523,,,,,,,,consistent,False,,,,,,
ml,w-high.g-none.v-none,100,25000,0.8,mid,G4,300,0.135133,1.03135,1.80407,0.350461,0.766615,1,1,1.06553,0.287495,0.0707461,0.768627,,,,,,,,consistent,False,,,,,,
ml,w-high.g-none.v-none,100,25000,0.8,mid_greedy,G4,300,0.0129978,0.557032,2.49749,0.611383,0.565461,1,1,0.498353,0.618602,0.0792583,0.310109,,,,,,,,consistent,False,,,,,,
ml,w-high.g-none.v-none,100,25000,0.8,value,G4,300,0.00148873,0.872063,21.9393,0.633571,0.442051,1,1,-0.660886,0.509195,0.0579572,0.522136,,,,,,,,consistent,False,,,,,,
ml,w-none.g-high.v-none,100,25000,0.8,source,G4,300,1,0.274001,1.29112,0.660507,0.788965,1,1,-0.413039,0.679874,0.115209,0.337357,,,,,,,,consistent,False,,,,,,
ml,w-none.g-high.v-none,100,25000,0.8,likelihood,G4,300,0.00731268,0.441016,4.59745,0.804914,0.658064,1,1,0.0534703,0.957393,0.128375,0.221331,,,,,,,,consistent,False,,,,,,
ml,w-none.g-high.v-none,100,25000,0.8,mid,G4,300,0.176211,0.488474,1.83167,0.596977,0.234823,1,1,0.566171,0.571702,0.0870288,0.150198,,,,,,,,consistent,False,,,,,,
ml,w-none.g-high.v-none,100,25000,0.8,mid_greedy,G4,300,0.0062821,3.24228,4.76787,0.00719827,0.421186,1,1,2.54527,0.0114215,0.0629787,0.14656,,,,,,,,consistent,False,,,,,,
ml,w-none.g-high.v-none,100,25000,0.8,value,G4,300,0.00373116,0.748614,9.00261,0.664465,0.0182195,1,1,2.0117,0.0451486,0.262257,0.0103591,,,,,,,,consistent,False,,,,,,
ml,w-none.g-none.v-high,100,25000,0.8,source,G4,300,1,0.124036,1.2807,0.786873,0.367084,1,1,0.0556969,0.95562,0.101931,0.312685,,,,,,,,consistent,False,,,,,,
ml,w-none.g-none.v-high,100,25000,0.8,likelihood,G4,300,0.0291807,0.841781,64.3037,0.813194,0.980784,1,1,-0.189567,0.849777,0.0253603,0.63705,,,,,,,,consistent,False,,,,,,
ml,w-none.g-none.v-high,100,25000,0.8,mid,G4,300,0.254933,0.363459,2.04703,0.700208,0.844127,1,1,0.365071,0.715317,0.0957798,0.327087,,,,,,,,consistent,False,,,,,,
ml,w-none.g-none.v-high,100,25000,0.8,mid_greedy,G4,300,0.0365837,0.777957,5.06724,0.566967,0.247814,1,1,-0.706708,0.480298,0.0506636,0.844627,,,,,,,,consistent,False,,,,,,
ml,w-none.g-none.v-high,100,25000,0.8,value,G4,300,0.00620323,0.583713,10.6589,0.83891,0.146581,1,1,-0.400629,0.688979,0.210336,0.51545,,,,,,,,consistent,False,,,,,,
anime,high,100,100000,0.6,source,G4,40,1,1.48039,1.21235,0.227319,0.0313775,1,1,-1.23639,0.223707,0.430708,0.226628,,,,,,,,consistent,False,,,,,,
anime,high,100,100000,0.6,mid,G4,40,0.0215271,0.938733,1.56711,0.371663,0.0403299,1,1,-0.949241,0.348344,0.377628,0.906819,,,,,,,,consistent,False,,,,,,
anime,high,100,100000,0.6,mid_greedy,G4,40,0.00419231,0.91434,1.78061,0.391038,0.64238,1,1,0.893738,0.376945,0.396072,0.866541,,,,,,,,consistent,False,,,,,,
anime,none,100,100000,0.6,source,G4,40,1,0.285759,1.08233,0.611282,0.226312,1,1,-0.50689,0.615086,0.413079,0.33026,,,,,,,,consistent,False,,,,,,
anime,none,100,100000,0.6,mid,G4,40,0.274578,0.0841092,1.21674,0.820248,0.815931,1,1,-0.0654134,0.948179,0.366613,0.733277,,,,,,,,consistent,False,,,,,,
anime,none,100,100000,0.6,mid_greedy,G4,40,0.0330574,1.3718,28.322,0.089799,0.669935,1,1,-2.13571,0.0390381,0.151485,0.162981,,,,,,,,consistent,False,,,,,,
anime,w-high.g-none.v-none,100,100000,0.6,source,G4,40,1,0.133909,1.23754,0.768323,0.616464,1,1,-0.097549,0.92279,0.477649,0.525972,,,,,,,,consistent,False,,,,,,
anime,w-high.g-none.v-none,100,100000,0.6,mid,G4,40,0.0192638,2.7902,1.80834,0.0669813,0.658119,1,1,1.87711,0.0679977,0.357936,0.593124,,,,,,,,consistent,False,,,,,,
anime,w-high.g-none.v-none,100,100000,0.6,mid_greedy,G4,40,0.00466146,0.810934,10.7492,0.626551,0.125255,1,1,-0.388627,0.699666,0.235243,0.714939,,,,,,,,consistent,False,,,,,,
anime,w-none.g-high.v-none,100,100000,0.6,source,G4,40,1,0.137195,1.11111,0.738075,0.220752,1,1,0.284451,0.77757,0.551056,0.289608,,,,,,,,consistent,False,,,,,,
anime,w-none.g-high.v-none,100,100000,0.6,mid,G4,40,0.155058,0.196629,1.32017,0.726139,0.303992,1,1,0.323868,0.747769,0.44093,0.491103,,,,,,,,consistent,False,,,,,,
anime,w-none.g-high.v-none,100,100000,0.6,mid_greedy,G4,40,0.0222113,0.603286,3.31058,0.628972,0.172665,1,1,0.45723,0.650043,0.368113,0.943483,,,,,,,,consistent,False,,,,,,
anime,w-none.g-none.v-high,100,100000,0.6,source,G4,40,1,0.15556,1.15202,0.729252,0.705796,1,1,-0.296595,0.76835,0.437355,0.500693,,,,,,,,consistent,False,,,,,,
anime,w-none.g-none.v-high,100,100000,0.6,mid,G4,40,0.343539,0.135649,1.22225,0.763495,0.769636,1,1,0.179672,0.858341,0.435189,0.573916,,,,,,,,consistent,False,,,,,,
anime,w-none.g-none.v-high,100,100000,0.6,mid_greedy,G4,40,0.0142263,1.5988,6.04524,0.142294,0.565656,1,1,-1.46153,0.151881,0.309119,0.745859,,,,,,,,consistent,False,,,,,,
kuairand,high,100,100000,0.6,source,G4,40,1,0.188807,1.11696,0.69166,0.0707565,1,1,-0.355712,0.723973,0.3991,0.657384,,,,,,,,consistent,False,,,,,,
kuairand,high,100,100000,0.6,mid,G4,40,0.0386834,3.0657,1.53002,0.0604392,0.200028,1,1,-1.91218,0.0632186,0.376086,0.0960134,,,,,,,,consistent,False,,,,,,
kuairand,high,100,100000,0.6,mid_greedy,G4,40,0.0167949,1.54514,1.75492,0.215425,0.125158,1,1,-1.3341,0.189909,0.397076,0.966426,,,,,,,,consistent,False,,,,,,
kuairand,none,100,100000,0.6,source,G4,40,1,0.19291,1.07478,0.678584,0.508928,1,1,-0.413409,0.681572,0.475079,0.393845,,,,,,,,consistent,False,,,,,,
kuairand,none,100,100000,0.6,mid,G4,40,0.424644,0.104749,1.1635,0.784582,0.431894,1,1,-0.184608,0.854493,0.584597,0.678513,,,,,,,,consistent,False,,,,,,
kuairand,none,100,100000,0.6,mid_greedy,G4,40,0.01937,0.900755,19.8881,0.585942,0.737858,1,1,-0.27526,0.78457,0.187364,0.810104,,,,,,,,consistent,False,,,,,,
kuairand,w-high.g-none.v-none,100,100000,0.6,source,G4,40,1,0.166419,1.07124,0.700831,0.0584596,1,1,0.357975,0.722292,0.51053,0.165197,,,,,,,,consistent,False,,,,,,
kuairand,w-high.g-none.v-none,100,100000,0.6,mid,G4,40,0.112513,1.03385,1.36456,0.331754,0.0595172,1,1,1.02777,0.310388,0.41028,0.00565919,,,,,,,,consistent,False,,,,,,
kuairand,w-high.g-none.v-none,100,100000,0.6,mid_greedy,G4,40,0.0078461,0.739434,4.08474,0.567613,0.161514,1,1,0.552977,0.583435,0.369299,0.0713342,,,,,,,,consistent,False,,,,,,
kuairand,w-none.g-high.v-none,100,100000,0.6,source,G4,40,1,2.44294,1.07964,0.115658,0.283241,1,1,-1.58003,0.122178,0.481147,0.531224,,,,,,,,consistent,False,,,,,,
kuairand,w-none.g-high.v-none,100,100000,0.6,mid,G4,40,0.204169,0.870546,1.22603,0.371487,0.523533,1,1,-0.932992,0.356565,0.476288,0.0569668,,,,,,,,consistent,False,,,,,,
kuairand,w-none.g-high.v-none,100,100000,0.6,mid_greedy,G4,40,0.0162449,1.22751,5.75,0.289628,0.445675,1,1,-1.44106,0.157548,0.257585,0.871297,,,,,,,,consistent,False,,,,,,
kuairand,w-none.g-none.v-high,100,100000,0.6,source,G4,40,1,2.65473,1.11472,0.0992576,0.0814341,1,1,-1.65731,0.105482,0.473332,0.0685369,,,,,,,,consistent,False,,,,,,
kuairand,w-none.g-none.v-high,100,100000,0.6,mid,G4,40,0.22159,0.324634,1.30085,0.627528,0.372798,1,1,-0.474158,0.638031,0.467879,0.36708,,,,,,,,consistent,False,,,,,,
kuairand,w-none.g-none.v-high,100,100000,0.6,mid_greedy,G4,40,0.0115204,0.522212,3.71754,0.706101,0.964688,1,1,0.502126,0.618402,0.285152,0.717025,,,,,,,,consistent,False,,,,,,
ml,high,100,100000,0.6,source,G4,40,1,0.73132,1.14237,0.409586,0.95299,1,1,-0.848209,0.401498,0.621664,0.215105,,,,,,,,consistent,False,,,,,,
ml,high,100,100000,0.6,mid,G4,40,0.0218625,1.0829,2.02078,0.339095,0.0219135,1,1,-1.03369,0.30765,0.365038,0.00635897,,,,,,,,consistent,False,,,,,,
ml,high,100,100000,0.6,mid_greedy,G4,40,0.0109128,1.58163,2.19851,0.203151,0.694067,1,1,-1.35076,0.184557,0.362119,0.194238,,,,,,,,consistent,False,,,,,,
ml,none,100,100000,0.6,source,G4,40,1,0.0633889,1.13733,0.832459,0.144728,1,1,-0.0268487,0.978717,0.355327,0.757611,,,,,,,,consistent,False,,,,,,
ml,none,100,100000,0.6,mid,G4,40,0.321971,0.410785,1.42176,0.593067,0.983988,1,1,-0.518916,0.606751,0.42006,0.613969,,,,,,,,consistent,False,,,,,,
ml,none,100,100000,0.6,mid_greedy,G4,40,0.057022,0.821321,20.7692,0.694588,0.294716,1,1,1.51733,0.137248,0.188889,0.636142,,,,,,,,consistent,False,,,,,,
ml,w-high.g-none.v-none,100,100000,0.6,source,G4,40,1,0.78166,1.12571,0.390689,0.729204,1,1,-0.860487,0.39478,0.491043,0.0485972,,,,,,,,consistent,False,,,,,,
ml,w-high.g-none.v-none,100,100000,0.6,mid,G4,40,0.167672,0.281565,1.17677,0.633561,0.971311,1,1,-0.468586,0.641974,0.402499,0.912829,,,,,,,,consistent,False,,,,,,
ml,w-high.g-none.v-none,100,100000,0.6,mid_greedy,G4,40,0.00456629,0.603097,8.21877,0.780593,0.943791,1,1,0.271119,0.78773,0.235835,0.0757747,,,,,,,,consistent,False,,,,,,
ml,w-none.g-high.v-none,100,100000,0.6,source,G4,40,1,0.808045,1.14074,0.383653,0.702959,1,1,0.895828,0.375841,0.45954,0.86281,,,,,,,,consistent,False,,,,,,
ml,w-none.g-high.v-none,100,100000,0.6,mid,G4,40,0.22503,0.204628,1.4691,0.745011,0.20891,1,1,0.214514,0.831264,0.519868,0.460952,,,,,,,,consistent,False,,,,,,
ml,w-none.g-high.v-none,100,100000,0.6,mid_greedy,G4,40,0.0127097,2.12928,4.03733,0.073719,0.359207,1,1,-1.80106,0.0794297,0.3001,0.114234,,,,,,,,consistent,False,,,,,,
ml,w-none.g-none.v-high,100,100000,0.6,source,G4,40,1,0.0912702,1.1873,0.805515,0.781792,1,1,-0.0106147,0.991585,0.457186,0.0404654,,,,,,,,consistent,False,,,,,,
ml,w-none.g-none.v-high,100,100000,0.6,mid,G4,40,0.226294,0.199262,1.26239,0.713023,0.202245,1,1,-0.255855,0.799407,0.518467,0.314576,,,,,,,,consistent,False,,,,,,
ml,w-none.g-none.v-high,100,100000,0.6,mid_greedy,G4,40,0.0205318,0.688475,3.50453,0.58093,0.328642,1,1,-0.681946,0.499303,0.318098,0.927172,,,,,,,,consistent,False,,,,,,
anime,high,100,100000,0.8,source,G4,40,1,5.70652,1.70677,0.00534824,0.105758,1,1,2.69292,0.0103856,0.34908,0.424529,,,,,,,,consistent,False,,,,,,
anime,high,100,100000,0.8,mid,G4,40,0.0105111,1.65949,2.0527,0.189427,0.10766,1,1,1.37353,0.177432,0.307516,0.540614,,,,,,,,consistent,False,,,,,,
anime,high,100,100000,0.8,mid_greedy,G4,40,0.00499647,1.82043,2.29543,0.155742,0.0874795,1,1,1.5,0.141666,0.30365,0.884275,,,,,,,,consistent,False,,,,,,
anime,none,100,100000,0.8,source,G4,40,1,1.23762,1.39177,0.280015,0.768481,1,1,-1.14189,0.260464,0.379882,0.302026,,,,,,,,consistent,False,,,,,,
anime,none,100,100000,0.8,mid,G4,40,0.300776,1.40763,1.71318,0.244804,0.954963,1,1,-1.26164,0.214574,0.412905,0.705069,,,,,,,,consistent,False,,,,,,
anime,none,100,100000,0.8,mid_greedy,G4,40,0.106791,1.13711,27.1367,0.283216,0.132217,1,1,-1.86574,0.069612,0.160144,0.00781804,,,,,,,,consistent,False,,,,,,
anime,w-high.g-none.v-none,100,100000,0.8,source,G4,40,1,0.240346,1.40938,0.706306,0.564421,1,1,-0.288432,0.774543,0.529432,0.0391796,,,,,,,,consistent,False,,,,,,
anime,w-high.g-none.v-none,100,100000,0.8,mid,G4,40,0.026363,1.7799,1.83824,0.17175,0.617331,1,1,1.41625,0.16464,0.462647,0.236337,,,,,,,,consistent,False,,,,,,
anime,w-high.g-none.v-none,100,100000,0.8,mid_greedy,G4,40,0.00471437,0.757338,3.4433,0.534625,0.63372,1,1,0.665412,0.509703,0.36343,0.645939,,,,,,,,consistent,False,,,,,,
anime,w-none.g-high.v-none,100,100000,0.8,source,G4,40,1,1.5503,1.66179,0.21503,0.471158,1,1,-1.29638,0.202464,0.477799,0.761966,,,,,,,,consistent,False,,,,,,
anime,w-none.g-high.v-none,100,100000,0.8,mid,G4,40,0.274342,1.07668,2.44162,0.349669,0.0212052,1,1,-1.0323,0.308289,0.354075,0.907336,,,,,,,,consistent,False,,,,,,
anime,w-none.g-high.v-none,100,100000,0.8,mid_greedy,G4,40,0.0298029,0.712396,3.26132,0.555644,0.384516,1,1,0.699215,0.488567,0.284239,0.555587,,,,,,,,consistent,False,,,,,,
anime,w-none.g-none.v-high,100,100000,0.8,source,G4,40,1,0.158142,1.26534,0.750115,0.307146,1,1,0.223784,0.824094,0.383361,0.0131625,,,,,,,,consistent,False,,,,,,
anime,w-none.g-none.v-high,100,100000,0.8,mid,G4,40,0.336805,1.03587,1.97067,0.354081,0.328135,1,1,1.04519,0.30237,0.408618,0.187154,,,,,,,,consistent,False,,,,,,
anime,w-none.g-none.v-high,100,100000,0.8,mid_greedy,G4,40,0.0169402,1.27998,5.27373,0.267433,0.726655,1,1,1.28948,0.204825,0.27783,0.842672,,,,,,,,consistent,False,,,,,,
kuairand,high,100,100000,0.8,source,G4,40,1,0.564704,1.36025,0.503403,0.220303,1,1,-0.716239,0.478111,0.51474,0.893578,,,,,,,,consistent,False,,,,,,
kuairand,high,100,100000,0.8,mid,G4,40,0.0396065,0.660931,2.15002,0.526929,0.0676444,1,1,-0.533788,0.596518,0.363425,0.989701,,,,,,,,consistent,False,,,,,,
kuairand,high,100,100000,0.8,mid_greedy,G4,40,0.00927581,0.730236,2.63472,0.517085,0.0139041,1,1,-0.491797,0.62562,0.367637,0.0131933,,,,,,,,consistent,False,,,,,,
kuairand,none,100,100000,0.8,source,G4,40,1,0.596977,1.15179,0.462013,0.097627,1,1,0.762431,0.450389,0.539601,0.186671,,,,,,,,consistent,False,,,,,,
kuairand,none,100,100000,0.8,mid,G4,40,0.436098,0.513919,1.30636,0.520945,0.540964,1,1,0.684467,0.497728,0.4789,0.0305065,,,,,,,,consistent,False,,,,,,
kuairand,none,100,100000,0.8,mid_greedy,G4,40,0.0652729,1.13159,21.7225,0.302822,0.608179,1,1,-0.0611601,0.951544,0.188064,0.956763,,,,,,,,consistent,False,,,,,,
kuairand,w-high.g-none.v-none,100,100000,0.8,source,G4,40,1,0.199334,1.23873,0.708337,0.45952,1,1,0.356988,0.723025,0.455334,0.33474,,,,,,,,consistent,False,,,,,,
kuairand,w-high.g-none.v-none,100,100000,0.8,mid,G4,40,0.0585588,0.296908,1.61409,0.695314,0.665839,1,1,0.0167095,0.986754,0.397749,0.54051,,,,,,,,consistent,False,,,,,,
kuairand,w-high.g-none.v-none,100,100000,0.8,mid_greedy,G4,40,0.00836059,0.692957,3.05417,0.558698,0.564955,1,1,0.579273,0.565736,0.343511,0.0344132,,,,,,,,consistent,False,,,,,,
kuairand,w-none.g-high.v-none,100,100000,0.8,source,G4,40,1,0.152101,1.25978,0.754761,0.496294,1,1,0.0955153,0.924395,0.455923,0.696125,,,,,,,,consistent,False,,,,,,
kuairand,w-none.g-high.v-none,100,100000,0.8,mid,G4,40,0.436544,0.562993,1.43333,0.513005,0.901012,1,1,-0.700288,0.487904,0.472592,0.708482,,,,,,,,consistent,False,,,,,,
kuairand,w-none.g-high.v-none,100,100000,0.8,mid_greedy,G4,40,0.0285065,0.790447,9.27348,0.6289,0.541109,1,1,-0.66589,0.509401,0.241374,0.00183347,,,,,,,,consistent,False,,,,,,
kuairand,w-none.g-none.v-high,100,100000,0.8,source,G4,40,1,0.239657,1.19473,0.667409,0.684395,1,1,0.427986,0.671016,0.486657,0.432495,,,,,,,,consistent,False,,,,,,
kuairand,w-none.g-none.v-high,100,100000,0.8,mid,G4,40,0.433064,0.860794,1.33135,0.382921,0.890176,1,1,0.913429,0.36663,0.505325,0.818505,,,,,,,,consistent,False,,,,,,
kuairand,w-none.g-none.v-high,100,100000,0.8,mid_greedy,G4,40,0.0141892,0.929202,3.614,0.438714,0.733819,1,1,-0.362997,0.718567,0.295918,0.349344,,,,,,,,consistent,False,,,,,,
ml,high,100,100000,0.8,source,G4,40,1,0.267924,1.27646,0.662214,0.827698,1,1,-0.382955,0.703833,0.532199,0.955641,,,,,,,,consistent,False,,,,,,
ml,high,100,100000,0.8,mid,G4,40,0.00946997,3.27576,3.52901,0.0144381,0.0150551,1,1,2.37373,0.0226301,0.289838,0.393934,,,,,,,,consistent,False,,,,,,
ml,high,100,100000,0.8,mid_greedy,G4,40,0.00577459,2.23638,4.53197,0.0542096,0.400259,1,1,1.97908,0.0548978,0.256017,0.36759,,,,,,,,consistent,False,,,,,,
ml,none,100,100000,0.8,source,G4,40,1,0.875561,1.19886,0.367692,0.354491,1,1,-0.910526,0.368138,0.474353,0.897546,,,,,,,,consistent,False,,,,,,
ml,none,100,100000,0.8,mid,G4,40,0.339593,2.92396,1.58887,0.0659824,0.167285,1,1,-1.86041,0.0703797,0.411262,0.551208,,,,,,,,consistent,False,,,,,,
ml,none,100,100000,0.8,mid_greedy,G4,40,0.159997,1.1162,17.8352,0.328058,0.367338,1,1,0.530586,0.598714,0.189068,0.304552,,,,,,,,consistent,False,,,,,,
ml,w-high.g-none.v-none,100,100000,0.8,source,G4,40,1,1.65806,1.37811,0.197827,0.851259,1,1,-1.31233,0.197081,0.375496,0.235859,,,,,,,,consistent,False,,,,,,
ml,w-high.g-none.v-none,100,100000,0.8,mid,G4,40,0.135133,0.704811,1.69658,0.472104,0.134388,1,1,-0.704179,0.485505,0.451395,0.542169,,,,,,,,consistent,False,,,,,,
ml,w-high.g-none.v-none,100,100000,0.8,mid_greedy,G4,40,0.0129978,2.08032,2.26983,0.11791,0.16866,1,1,1.51983,0.136619,0.394603,0.0382522,,,,,,,,consistent,False,,,,,,
ml,w-none.g-high.v-none,100,100000,0.8,source,G4,40,1,0.146233,1.25936,0.760349,0.590954,1,1,-0.18314,0.855637,0.392922,0.281532,,,,,,,,consistent,False,,,,,,
ml,w-none.g-high.v-none,100,100000,0.8,mid,G4,40,0.176211,0.57243,2.34096,0.590776,0.245134,1,1,0.443582,0.659796,0.305574,0.609024,,,,,,,,consistent,False,,,,,,
ml,w-none.g-high.v-none,100,100000,0.8,mid_greedy,G4,40,0.0062821,0.834403,5.78442,0.539348,0.272231,1,1,0.0532707,0.957788,0.288991,0.200176,,,,,,,,consistent,False,,,,,,
ml,w-none.g-none.v-high,100,100000,0.8,source,G4,40,1,0.346982,1.19311,0.594253,0.914549,1,1,-0.523442,0.603629,0.504495,0.799252,,,,,,,,consistent,False,,,,,,
ml,w-none.g-none.v-high,100,100000,0.8,mid,G4,40,0.254933,0.353529,1.74984,0.673445,0.977642,1,1,0.423585,0.674196,0.371887,0.407165,,,,,,,,consistent,False,,,,,,
ml,w-none.g-none.v-high,100,100000,0.8,mid_greedy,G4,40,0.0365837,2.95064,6.24235,0.00623421,0.294742,1,1,2.46464,0.0182251,0.231862,0.754514,,,,,,,,consistent,False,,,,,,
anime,high,100,100000,0.9,source,G4,40,1,0.694326,1.34263,0.444898,0.831341,1,1,0.813914,0.420636,0.358086,0.0318038,,,,,,,,consistent,False,,,,,,
anime,high,100,100000,0.9,mid,G4,40,0.00253074,0.644636,4.20833,0.638547,0.569134,1,1,-0.470722,0.640461,0.266965,0.774729,,,,,,,,consistent,False,,,,,,
anime,high,100,100000,0.9,mid_greedy,G4,40,0.000884872,0.578606,4.88966,0.712639,0.885014,1,1,-0.227486,0.821234,0.277513,0.953456,,,,,,,,consistent,False,,,,,,
anime,none,100,100000,0.9,source,G4,40,1,0.190399,1.37338,0.741026,0.707358,1,1,0.189789,0.850459,0.455795,0.89122,,,,,,,,consistent,False,,,,,,
anime,none,100,100000,0.9,mid,G4,40,0.40178,0.525793,3.01341,0.665341,0.600106,1,1,-0.411577,0.682903,0.351374,0.705826,,,,,,,,consistent,False,,,,,,
anime,none,100,100000,0.9,mid_greedy,G4,40,0.219548,0.996271,26.7927,0.469076,0.111155,1,1,0.897755,0.374825,0.165276,0.00143776,,,,,,,,consistent,False,,,,,,
anime,w-high.g-none.v-none,100,100000,0.9,source,G4,40,1,0.689616,1.65135,0.475312,0.546895,1,1,-0.782843,0.438447,0.302213,0.566518,,,,,,,,consistent,False,,,,,,
anime,w-high.g-none.v-none,100,100000,0.9,mid,G4,40,0.00126523,1.34582,4.14114,0.249012,0.702899,1,1,-1.46185,0.151794,0.361476,0.47073,,,,,,,,consistent,False,,,,,,
anime,w-high.g-none.v-none,100,100000,0.9,mid_greedy,G4,40,0.000102346,0.806627,5.53279,0.555652,0.726484,1,1,-1.03376,0.307616,0.243868,0.467616,,,,,,,,consistent,False,,,,,,
anime,w-none.g-high.v-none,100,100000,0.9,source,G4,40,1,0.392505,1.86294,0.660557,0.964594,1,1,-0.399363,0.691804,0.354426,0.0367524,,,,,,,,consistent,False,,,,,,
anime,w-none.g-high.v-none,100,100000,0.9,mid,G4,40,0.203708,0.695492,2.33521,0.520072,0.254026,1,1,-0.704205,0.485489,0.36487,0.312142,,,,,,,,consistent,False,,,,,,
anime,w-none.g-high.v-none,100,100000,0.9,mid_greedy,G4,40,0.0149998,0.509174,4.45386,0.748648,0.758784,1,1,0.242454,0.809699,0.305009,0.690688,,,,,,,,consistent,False,,,,,,
anime,w-none.g-none.v-high,100,100000,0.9,source,G4,40,1,1.54711,1.61068,0.215929,0.388945,1,1,-1.30675,0.198951,0.414884,0.530299,,,,,,,,consistent,False,,,,,,
anime,w-none.g-none.v-high,100,100000,0.9,mid,G4,40,0.536287,0.771498,2.15049,0.470827,0.586154,1,1,-0.826721,0.413425,0.358668,0.652329,,,,,,,,consistent,False,,,,,,
anime,w-none.g-none.v-high,100,100000,0.9,mid_greedy,G4,40,0.279281,0.45255,2.56257,0.68472,0.864394,1,1,-0.326258,0.745974,0.316782,0.611153,,,,,,,,consistent,False,,,,,,
kuairand,high,100,100000,0.9,source,G4,40,1,0.610709,1.9953,0.542592,0.593348,1,1,-0.646029,0.522044,0.370731,0.883671,,,,,,,,consistent,False,,,,,,
kuairand,high,100,100000,0.9,mid,G4,40,0.00028328,1.11429,8.55809,0.348837,0.968046,1,1,1.04251,0.303593,0.219732,0.873282,,,,,,,,consistent,False,,,,,,
kuairand,high,100,100000,0.9,mid_greedy,G4,40,0.00028328,1.11429,8.55809,0.348837,0.968046,1,1,1.04251,0.303593,0.219732,0.873282,,,,,,,,consistent,False,,,,,,
kuairand,none,100,100000,0.9,source,G4,40,1,1.31843,1.38709,0.26157,0.03766,1,1,-1.16548,0.250904,0.373542,0.176863,,,,,,,,consistent,False,,,,,,
kuairand,none,100,100000,0.9,mid,G4,40,0.379777,3.07538,1.82924,0.0507911,0.586614,1,1,-1.95281,0.0580449,0.422317,0.788534,,,,,,,,consistent,False,,,,,,
kuairand,none,100,100000,0.9,mid_greedy,G4,40,0.156651,1.0753,19.3934,0.368626,0.694372,1,1,1.38168,0.174935,0.189166,0.459869,,,,,,,,consistent,False,,,,,,
kuairand,w-high.g-none.v-none,100,100000,0.9,source,G4,40,1,0.464952,1.43023,0.563344,0.77033,1,1,-0.634144,0.529689,0.436195,0.803552,,,,,,,,consistent,False,,,,,,
kuairand,w-high.g-none.v-none,100,100000,0.9,mid,G4,40,0.0121656,1.29126,2.24681,0.275902,0.753856,1,1,-1.24262,0.221427,0.340178,0.0157252,,,,,,,,consistent,False,,,,,,
kuairand,w-high.g-none.v-none,100,100000,0.9,mid_greedy,G4,40,0.00218304,0.773532,4.50426,0.556206,0.837308,1,1,0.256995,0.798534,0.247792,0.899948,,,,,,,,consistent,False,,,,,,
kuairand,w-none.g-high.v-none,100,100000,0.9,source,G4,40,1,2.51723,1.65725,0.0910774,0.0946799,1,1,-1.69746,0.0975779,0.405401,0.117199,,,,,,,,consistent,False,,,,,,
kuairand,w-none.g-high.v-none,100,100000,0.9,mid,G4,40,0.145502,2.10658,2.67863,0.104459,0.102804,1,1,-1.69481,0.0980826,0.352312,0.36139,,,,,,,,consistent,False,,,,,,
kuairand,w-none.g-high.v-none,100,100000,0.9,mid_greedy,G4,40,0.0120543,0.729473,14.1688,0.748251,0.23675,1,1,0.581218,0.564438,0.19844,0.88217,,,,,,,,consistent,False,,,,,,
kuairand,w-none.g-none.v-high,100,100000,0.9,source,G4,40,1,4.28808,1.62707,0.0201771,0.161936,1,1,-2.29831,0.0269905,0.417534,0.379743,,,,,,,,consistent,False,,,,,,
kuairand,w-none.g-none.v-high,100,100000,0.9,mid,G4,40,0.0780339,0.447627,2.28323,0.665328,0.750268,1,1,0.446352,0.657812,0.288698,0.6,,,,,,,,consistent,False,,,,,,
kuairand,w-none.g-none.v-high,100,100000,0.9,mid_greedy,G4,40,0.00534916,0.751071,6.51135,0.619097,0.0125506,1,1,0.715436,0.478601,0.27829,0.762518,,,,,,,,consistent,False,,,,,,
ml,high,100,100000,0.9,source,G4,40,1,0.153338,1.37881,0.77548,0.0266591,1,1,0.00177655,0.998592,0.430149,0.237926,,,,,,,,consistent,False,,,,,,
ml,high,100,100000,0.9,mid,G4,40,0.00111017,0.898001,10.1795,0.535376,0.501389,1,1,0.987585,0.329444,0.20194,0.671476,,,,,,,,consistent,False,,,,,,
ml,high,100,100000,0.9,mid_greedy,G4,40,0.000589834,1.16625,10.6235,0.306031,0.060101,1,1,1.42267,0.162782,0.202305,0.0178557,,,,,,,,consistent,False,,,,,,
ml,none,100,100000,0.9,source,G4,40,1,0.476001,1.65487,0.58504,0.229101,1,1,0.579599,0.565519,0.361347,0.107031,,,,,,,,consistent,False,,,,,,
ml,none,100,100000,0.9,mid,G4,40,0.444272,0.470734,3.35866,0.724262,0.646008,1,1,0.236559,0.814237,0.304739,0.905854,,,,,,,,consistent,False,,,,,,
ml,none,100,100000,0.9,mid_greedy,G4,40,0.293396,0.982625,14.8617,0.470034,0.00892507,1,1,0.428926,0.670337,0.191262,0.0668973,,,,,,,,consistent,False,,,,,,
ml,w-high.g-none.v-none,100,100000,0.9,source,G4,40,1,0.655556,1.63658,0.489732,0.194083,1,1,-0.747842,0.459041,0.345879,0.11645,,,,,,,,consistent,False,,,,,,
ml,w-high.g-none.v-none,100,100000,0.9,mid,G4,40,0.0535208,0.428495,2.17975,0.668831,0.820353,1,1,-0.489921,0.626934,0.359412,0.4952,,,,,,,,consistent,False,,,,,,
ml,w-high.g-none.v-none,100,100000,0.9,mid_greedy,G4,40,0.0152883,0.446286,2.67062,0.69714,0.504737,1,1,-0.441918,0.66099,0.345267,0.740078,,,,,,,,consistent,False,,,,,,
ml,w-none.g-high.v-none,100,100000,0.9,source,G4,40,1,0.922238,1.5523,0.37649,0.572276,1,1,0.957607,0.34416,0.461871,0.0112848,,,,,,,,consistent,False,,,,,,
ml,w-none.g-high.v-none,100,100000,0.9,mid,G4,40,0.0714888,0.85704,2.77254,0.455275,0.313156,1,1,-0.864844,0.392413,0.334031,0.450743,,,,,,,,consistent,False,,,,,,
ml,w-none.g-high.v-none,100,100000,0.9,mid_greedy,G4,40,0.0017855,0.664043,4.11841,0.621299,0.388824,1,1,-0.623317,0.536705,0.308561,0.350099,,,,,,,,consistent,False,,,,,,
ml,w-none.g-none.v-high,100,100000,0.9,source,G4,40,1,0.261506,1.71174,0.735046,0.788132,1,1,-0.164936,0.869847,0.399539,0.185828,,,,,,,,consistent,False,,,,,,
ml,w-none.g-none.v-high,100,100000,0.9,mid,G4,40,0.145694,0.97835,2.63931,0.394005,0.0664457,1,1,-0.920454,0.362994,0.35765,0.699927,,,,,,,,consistent,False,,,,,,
ml,w-none.g-none.v-high,100,100000,0.9,mid_greedy,G4,40,0.0441474,1.26725,5.88321,0.269364,0.613289,1,1,-1.22908,0.226407,0.235108,0.939473,,,,,,,,consistent,False,,,,,,
anime,high,100,25000,0.6,source,G4,40,1,0.592964,1.10586,0.457212,0.866905,1,1,-0.757163,0.453503,0.422813,0.976156,,,,,,,,consistent,False,,,,,,
anime,high,100,25000,0.6,mid,G4,40,0.0215271,0.595355,1.52892,0.507927,0.307807,1,1,0.694182,0.491682,0.391656,0.366881,,,,,,,,consistent,False,,,,,,
anime,high,100,25000,0.6,mid_greedy,G4,40,0.00419231,4.9113,1.88235,0.00856547,0.666244,1,1,2.48711,0.0172639,0.360517,0.561547,,,,,,,,consistent,False,,,,,,
anime,none,100,25000,0.6,source,G4,40,1,0.11431,1.07195,0.753171,0.384019,1,1,-0.287818,0.77501,0.48336,0.309584,,,,,,,,consistent,False,,,,,,
anime,none,100,25000,0.6,mid,G4,40,0.274578,0.945831,1.22519,0.348698,0.729948,1,1,-0.967936,0.339041,0.440868,0.565149,,,,,,,,consistent,False,,,,,,
anime,none,100,25000,0.6,mid_greedy,G4,40,0.0330574,0.894885,26.7906,0.620593,0.077598,1,1,1.1563,0.254592,0.18646,0.900808,,,,,,,,consistent,False,,,,,,
anime,w-high.g-none.v-none,100,25000,0.6,source,G4,40,1,0.0995088,1.17332,0.792751,0.0142303,1,1,0.108003,0.914547,0.338477,0.140449,,,,,,,,consistent,False,,,,,,
anime,w-high.g-none.v-none,100,25000,0.6,mid,G4,40,0.0192638,0.397281,1.86243,0.657343,0.632095,1,1,-0.392119,0.697105,0.470017,0.687104,,,,,,,,consistent,False,,,,,,
anime,w-high.g-none.v-none,100,25000,0.6,mid_greedy,G4,40,0.00466146,0.93814,11.4965,0.504471,0.706755,1,1,-0.909159,0.368851,0.204181,0.608703,,,,,,,,consistent,False,,,,,,
anime,w-none.g-high.v-none,100,25000,0.6,source,G4,40,1,0.0795961,1.13257,0.808914,0.821084,1,1,-0.13554,0.892882,0.466396,0.504156,,,,,,,,consistent,False,,,,,,
anime,w-none.g-high.v-none,100,25000,0.6,mid,G4,40,0.155058,0.390734,1.37764,0.598498,0.818798,1,1,0.533518,0.596703,0.366587,0.746096,,,,,,,,consistent,False,,,,,,
anime,w-none.g-high.v-none,100,25000,0.6,mid_greedy,G4,40,0.0222113,1.20924,3.68997,0.304853,0.281559,1,1,1.16279,0.251979,0.300456,0.549367,,,,,,,,consistent,False,,,,,,
anime,w-none.g-none.v-high,100,25000,0.6,source,G4,40,1,0.139328,1.10705,0.735003,0.681471,1,1,0.301392,0.764717,0.49662,0.861247,,,,,,,,consistent,False,,,,,,
anime,w-none.g-none.v-high,100,25000,0.6,mid,G4,40,0.343539,0.939243,1.23201,0.351101,0.191304,1,1,0.962171,0.341892,0.432639,0.0263824,,,,,,,,consistent,False,,,,,,
anime,w-none.g-none.v-high,100,25000,0.6,mid_greedy,G4,40,0.0142263,1.35639,3.05534,0.253729,0.14098,1,1,-1.21921,0.230086,0.366625,0.615956,,,,,,,,consistent,False,,,,,,
kuairand,high,100,25000,0.6,source,G4,40,1,0.429001,1.14501,0.539213,0.797976,1,1,0.634637,0.529371,0.432747,0.658823,,,,,,,,consistent,False,,,,,,
kuairand,high,100,25000,0.6,mid,G4,40,0.0386834,1.27425,1.6842,0.276558,0.819085,1,1,-1.19092,0.240884,0.365673,0.86845,,,,,,,,consistent,False,,,,,,
kuairand,high,100,25000,0.6,mid_greedy,G4,40,0.0167949,0.682176,1.97519,0.503765,0.777178,1,1,-0.764304,0.449286,0.386047,0.971577,,,,,,,,consistent,False,,,,,,
kuairand,none,100,25000,0.6,source,G4,40,1,1.22138,1.06317,0.272155,0.0158382,1,1,-1.0948,0.28032,0.476202,0.127353,,,,,,,,consistent,False,,,,,,
kuairand,none,100,25000,0.6,mid,G4,40,0.424644,0.0853826,1.08008,0.789663,0.724556,1,1,-0.182641,0.856026,0.638853,0.771448,,,,,,,,consistent,False,,,,,,
kuairand,none,100,25000,0.6,mid_greedy,G4,40,0.01937,0.706623,14.7051,0.777435,0.288162,1,1,-0.70582,0.484495,0.238874,0.398871,,,,,,,,consistent,False,,,,,,
kuairand,w-high.g-none.v-none,100,25000,0.6,source,G4,40,1,0.893053,1.07406,0.351684,0.851395,1,1,-0.947436,0.349251,0.579167,0.992656,,,,,,,,consistent,False,,,,,,
kuairand,w-high.g-none.v-none,100,25000,0.6,mid,G4,40,0.112513,0.221157,1.20606,0.684018,0.300084,1,1,-0.415231,0.680248,0.428379,0.28833,,,,,,,,consistent,False,,,,,,
kuairand,w-high.g-none.v-none,100,25000,0.6,mid_greedy,G4,40,0.0078461,1.52136,3.37585,0.201516,0.534549,1,1,1.13698,0.262485,0.260606,0.58186,,,,,,,,consistent,False,,,,,,
kuairand,w-none.g-high.v-none,100,25000,0.6,source,G4,40,1,0.820867,1.07174,0.372647,0.800382,1,1,0.903916,0.37159,0.510752,0.420285,,,,,,,,consistent,False,,,,,,
kuairand,w-none.g-high.v-none,100,25000,0.6,mid,G4,40,0.204169,0.281944,1.36573,0.66787,0.360951,1,1,-0.420683,0.676296,0.421073,0.761643,,,,,,,,consistent,False,,,,,,
kuairand,w-none.g-high.v-none,100,25000,0.6,mid_greedy,G4,40,0.0162449,0.942839,10.28,0.493538,0.367752,1,1,0.409016,0.684766,0.205441,0.508091,,,,,,,,consistent,False,,,,,,
kuairand,w-none.g-none.v-high,100,25000,0.6,source,G4,40,1,0.345098,1.08441,0.574534,0.00284935,1,1,-0.564092,0.575921,0.425982,0.591691,,,,,,,,consistent,False,,,,,,
kuairand,w-none.g-none.v-high,100,25000,0.6,mid,G4,40,0.22159,0.289497,1.22273,0.636992,0.931292,1,1,0.46144,0.647046,0.54461,0.624425,,,,,,,,consistent,False,,,,,,
kuairand,w-none.g-none.v-high,100,25000,0.6,mid_greedy,G4,40,0.0115204,1.63573,3.54109,0.169633,0.240389,1,1,1.38263,0.174644,0.269095,0.0060034,,,,,,,,consistent,False,,,,,,
ml,high,100,25000,0.6,source,G4,40,1,0.121565,1.16446,0.766128,0.640754,1,1,-0.23987,0.811688,0.469157,0.871305,,,,,,,,consistent,False,,,,,,
ml,high,100,25000,0.6,mid,G4,40,0.0218625,0.428031,1.76581,0.626654,0.965971,1,1,0.539984,0.592278,0.341782,0.635773,,,,,,,,consistent,False,,,,,,
ml,high,100,25000,0.6,mid_greedy,G4,40,0.0109128,1.58078,2.04324,0.205297,0.699465,1,1,1.38014,0.175405,0.281459,0.298504,,,,,,,,consistent,False,,,,,,
ml,none,100,25000,0.6,source,G4,40,1,1.30906,1.08048,0.255607,0.547746,1,1,1.14825,0.257859,0.40389,0.618036,,,,,,,,consistent,False,,,,,,
ml,none,100,25000,0.6,mid,G4,40,0.321971,0.975044,1.22633,0.34042,0.262176,1,1,0.987307,0.329578,0.435018,0.0937314,,,,,,,,consistent,False,,,,,,
ml,none,100,25000,0.6,mid_greedy,G4,40,0.057022,0.908557,20.5962,0.578475,0.362364,1,1,-1.79243,0.0808233,0.191525,0.570612,,,,,,,,consistent,False,,,,,,
ml,w-high.g-none.v-none,100,25000,0.6,source,G4,40,1,0.0520708,1.08752,0.839556,0.831076,1,1,-0.119815,0.905245,0.472953,0.0782034,,,,,,,,consistent,False,,,,,,
ml,w-high.g-none.v-none,100,25000,0.6,mid,G4,40,0.167672,0.362115,1.3604,0.613376,0.398211,1,1,0.524626,0.602813,0.456178,0.815202,,,,,,,,consistent,False,,,,,,
ml,w-high.g-none.v-none,100,25000,0.6,mid_greedy,G4,40,0.00456629,0.795114,8.50848,0.614172,0.157499,1,1,0.666538,0.508991,0.225342,0.0128493,,,,,,,,consistent,False,,,,,,
ml,w-none.g-high.v-none,100,25000,0.6,source,G4,40,1,2.61811,1.11811,0.101622,0.758192,1,1,1.64624,0.10775,0.431256,0.194809,,,,,,,,consistent,False,,,,,,
ml,w-none.g-high.v-none,100,25000,0.6,mid,G4,40,0.22503,0.158525,1.2732,0.751274,0.774444,1,1,0.251462,0.802777,0.400481,0.933579,,,,,,,,consistent,False,,,,,,
ml,w-none.g-high.v-none,100,25000,0.6,mid_greedy,G4,40,0.0127097,1.04799,3.98363,0.380513,0.384096,1,1,-1.09286,0.281162,0.241017,0.790389,,,,,,,,consistent,False,,,,,,
ml,w-none.g-none.v-high,100,25000,0.6,source,G4,40,1,3.30374,1.14011,0.0635131,0.762213,1,1,1.86281,0.0700335,0.499465,0.841746,,,,,,,,consistent,False,,,,,,
ml,w-none.g-none.v-high,100,25000,0.6,mid,G4,40,0.226294,0.89815,1.24751,0.36459,0.000479493,1,0.208579,0.947815,0.34906,0.434082,0.0804229,,,,,,,,consistent,False,,,,,,
ml,w-none.g-none.v-high,100,25000,0.6,mid_greedy,G4,40,0.0205318,0.517602,3.5831,0.702701,0.298007,1,1,0.27798,0.782496,0.277116,0.841873,,,,,,,,consistent,False,,,,,,
anime,high,100,25000,0.9,source,G4,40,1,0.146862,1.35359,0.777255,0.489793,1,1,-0.0911558,0.927835,0.39059,0.0456237,,,,,,,,consistent,False,,,,,,
anime,high,100,25000,0.9,mid,G4,40,0.00253074,2.90183,5.2722,0.0111348,0.378953,1,1,-2.42155,0.0202057,0.255989,0.140518,,,,,,,,consistent,False,,,,,,
anime,high,100,25000,0.9,mid_greedy,G4,40,0.000884872,1.99114,5.24697,0.0729467,0.791359,1,1,-1.87058,0.0689213,0.26726,0.193063,,,,,,,,consistent,False,,,,,,
anime,none,100,25000,0.9,source,G4,40,1,2.29766,1.43137,0.117305,0.701004,1,1,-1.59137,0.1196,0.405145,0.864831,,,,,,,,consistent,False,,,,,,
anime,none,100,25000,0.9,mid,G4,40,0.40178,1.20678,2.64851,0.304325,0.490348,1,1,-1.15363,0.255672,0.397537,0.0138815,,,,,,,,consistent,False,,,,,,
anime,none,100,25000,0.9,mid_greedy,G4,40,0.219548,0.854393,28.4589,0.687514,0.152986,1,1,0.896965,0.375241,0.167682,0.286448,,,,,,,,consistent,False,,,,,,
anime,w-high.g-none.v-none,100,25000,0.9,source,G4,40,1,0.290791,1.75796,0.719026,0.381148,1,1,-0.0679703,0.946157,0.379114,0.55918,,,,,,,,consistent,False,,,,,,
anime,w-high.g-none.v-none,100,25000,0.9,mid,G4,40,0.00126523,0.791783,3.20672,0.505642,0.281376,1,1,-0.577709,0.566781,0.349672,0.000689203,,,,,,,,consistent,False,,,,,,
anime,w-high.g-none.v-none,100,25000,0.9,mid_greedy,G4,40,0.000102346,0.763126,6.14047,0.601757,0.415635,1,1,-0.192169,0.848607,0.256329,0.122476,,,,,,,,consistent,False,,,,,,
anime,w-none.g-high.v-none,100,25000,0.9,source,G4,40,1,0.478845,1.65952,0.583932,0.25332,1,1,-0.580536,0.564893,0.377752,0.149247,,,,,,,,consistent,False,,,,,,
anime,w-none.g-high.v-none,100,25000,0.9,mid,G4,40,0.203708,1.33041,3.04694,0.262168,0.0884758,1,1,1.25866,0.215635,0.325236,0.585964,,,,,,,,consistent,False,,,,,,
anime,w-none.g-high.v-none,100,25000,0.9,mid_greedy,G4,40,0.0149998,0.983875,5.2756,0.428305,0.3706,1,1,1.03521,0.306949,0.245873,0.462688,,,,,,,,consistent,False,,,,,,
anime,w-none.g-none.v-high,100,25000,0.9,source,G4,40,1,2.07356,1.37888,0.14184,0.623647,1,1,-1.5162,0.137532,0.466324,0.696157,,,,,,,,consistent,False,,,,,,
anime,w-none.g-none.v-high,100,25000,0.9,mid,G4,40,0.536287,3.61846,2.55374,0.017578,0.873501,1,1,-2.31852,0.0257537,0.311503,0.536962,,,,,,,,consistent,False,,,,,,
anime,w-none.g-none.v-high,100,25000,0.9,mid_greedy,G4,40,0.279281,2.89115,4.98445,0.0130556,0.997473,1,1,-2.36703,0.0229902,0.239419,0.320206,,,,,,,,consistent,False,,,,,,
kuairand,high,100,25000,0.9,source,G4,40,1,0.412809,1.92594,0.654063,0.62237,1,1,0.501494,0.618843,0.346722,0.342964,,,,,,,,consistent,False,,,,,,
kuairand,high,100,25000,0.9,mid,G4,40,0.00028328,0.614464,5.01876,0.689455,0.412883,1,1,0.386438,0.701273,0.281262,0.393104,,,,,,,,consistent,False,,,,,,
kuairand,high,100,25000,0.9,mid_greedy,G4,40,0.00028328,0.614464,5.01876,0.689455,0.412883,1,1,0.386438,0.701273,0.281262,0.393104,,,,,,,,consistent,False,,,,,,
kuairand,none,100,25000,0.9,source,G4,40,1,0.382638,1.33327,0.596489,0.367418,1,1,-0.526598,0.601455,0.454272,0.714243,,,,,,,,consistent,False,,,,,,
kuairand,none,100,25000,0.9,mid,G4,40,0.379777,1.10178,1.91093,0.330267,0.988442,1,1,-1.03583,0.30666,0.393481,0.450634,,,,,,,,consistent,False,,,,,,
kuairand,none,100,25000,0.9,mid_greedy,G4,40,0.156651,1.13076,20.5936,0.306567,0.529139,1,1,0.24512,0.807648,0.211362,0.0236209,,,,,,,,consistent,False,,,,,,
kuairand,w-high.g-none.v-none,100,25000,0.9,source,G4,40,1,0.248676,1.55566,0.722967,0.681212,1,1,-0.200734,0.84195,0.367792,0.762036,,,,,,,,consistent,False,,,,,,
kuairand,w-high.g-none.v-none,100,25000,0.9,mid,G4,40,0.0121656,0.708916,2.09933,0.498645,0.654025,1,1,-0.757974,0.453023,0.407663,0.842338,,,,,,,,consistent,False,,,,,,
kuairand,w-high.g-none.v-none,100,25000,0.9,mid_greedy,G4,40,0.00218304,0.424966,4.95992,0.830188,0.961167,1,1,-0.402283,0.689672,0.298012,0.633504,,,,,,,,consistent,False,,,,,,
kuairand,w-none.g-high.v-none,100,25000,0.9,source,G4,40,1,1.29765,1.60768,0.269756,0.762526,1,1,1.15893,0.253533,0.36778,0.683209,,,,,,,,consistent,False,,,,,,
kuairand,w-none.g-high.v-none,100,25000,0.9,mid,G4,40,0.145502,0.760087,2.13654,0.475563,0.727007,1,1,0.775788,0.442553,0.339099,0.59195,,,,,,,,consistent,False,,,,,,
kuairand,w-none.g-high.v-none,100,25000,0.9,mid_greedy,G4,40,0.0120543,0.641884,5.25241,0.675557,0.902078,1,1,0.618394,0.53991,0.253728,0.929383,,,,,,,,consistent,False,,,,,,
kuairand,w-none.g-none.v-high,100,25000,0.9,source,G4,40,1,0.153671,1.43599,0.784818,0.88504,1,1,0.0996477,0.921134,0.485013,0.107243,,,,,,,,consistent,False,,,,,,
kuairand,w-none.g-none.v-high,100,25000,0.9,mid,G4,40,0.0780339,1.23356,2.42722,0.294306,0.149689,1,1,1.20465,0.235597,0.335071,0.102092,,,,,,,,consistent,False,,,,,,
kuairand,w-none.g-none.v-high,100,25000,0.9,mid_greedy,G4,40,0.00534916,0.817945,7.71883,0.582684,0.804853,1,1,-0.851422,0.399733,0.214476,0.165367,,,,,,,,consistent,False,,,,,,
ml,high,100,25000,0.9,source,G4,40,1,0.507212,1.65769,0.567653,0.647031,1,1,0.60345,0.549703,0.314061,0.543391,,,,,,,,consistent,False,,,,,,
ml,high,100,25000,0.9,mid,G4,40,0.00111017,1.77601,6.6565,0.0912688,0.626693,1,1,-1.90812,0.0637575,0.216546,0.328146,,,,,,,,consistent,False,,,,,,
ml,high,100,25000,0.9,mid_greedy,G4,40,0.000589834,1.38253,6.05271,0.216748,0.780345,1,1,-1.52224,0.136017,0.238619,0.924494,,,,,,,,consistent,False,,,,,,
ml,none,100,25000,0.9,source,G4,40,1,0.796847,1.53868,0.421406,0.50357,1,1,-0.847384,0.401952,0.41156,0.052743,,,,,,,,consistent,False,,,,,,
ml,none,100,25000,0.9,mid,G4,40,0.444272,0.456536,3.46983,0.740709,0.314343,1,1,-0.0404057,0.967976,0.311482,0.386313,,,,,,,,consistent,False,,,,,,
ml,none,100,25000,0.9,mid_greedy,G4,40,0.293396,0.9297,16.035,0.533938,0.959812,1,1,1.01086,0.318315,0.235644,0.0966433,,,,,,,,consistent,False,,,,,,
ml,w-high.g-none.v-none,100,25000,0.9,source,G4,40,1,3.02203,1.64585,0.0589069,0.58676,1,1,-1.9131,0.0630978,0.360991,0.287998,,,,,,,,consistent,False,,,,,,
ml,w-high.g-none.v-none,100,25000,0.9,mid,G4,40,0.0535208,0.47304,2.80836,0.688408,0.846462,1,1,-0.360898,0.720123,0.328465,0.324923,,,,,,,,consistent,False,,,,,,
ml,w-high.g-none.v-none,100,25000,0.9,mid_greedy,G4,40,0.0152883,0.570315,3.81235,0.675862,0.46944,1,1,0.247993,0.805441,0.334291,0.652067,,,,,,,,consistent,False,,,,,,
ml,w-none.g-high.v-none,100,25000,0.9,source,G4,40,1,2.79086,1.69767,0.0703624,0.0826199,1,1,-1.84248,0.0730174,0.441484,0.583136,,,,,,,,consistent,False,,,,,,
ml,w-none.g-high.v-none,100,25000,0.9,mid,G4,40,0.0714888,0.832171,2.98531,0.475433,0.549083,1,1,-0.890031,0.378907,0.309886,0.98369,,,,,,,,consistent,False,,,,,,
ml,w-none.g-high.v-none,100,25000,0.9,mid_greedy,G4,40,0.0017855,0.512996,3.95803,0.724268,0.895579,1,1,-0.429988,0.669571,0.302688,0.373215,,,,,,,,consistent,False,,,,,,
ml,w-none.g-none.v-high,100,25000,0.9,source,G4,40,1,1.86512,1.58881,0.163556,0.61572,1,1,-1.438,0.15841,0.482525,0.245251,,,,,,,,consistent,False,,,,,,
ml,w-none.g-none.v-high,100,25000,0.9,mid,G4,40,0.145694,0.566721,3.49784,0.663491,0.567305,1,1,0.375933,0.709004,0.257166,0.422087,,,,,,,,consistent,False,,,,,,
ml,w-none.g-none.v-high,100,25000,0.9,mid_greedy,G4,40,0.0441474,0.747297,5.15647,0.591896,0.0587061,1,1,-0.664293,0.510412,0.28462,0.864723,,,,,,,,consistent,False,,,,,,
anime,high,100,5000,0.6,source,G4,40,1,0.0782938,1.13495,0.811147,0.228967,1,1,-0.134128,0.893991,0.364574,0.869548,,,,,,,,consistent,False,,,,,,
anime,high,100,5000,0.6,mid,G4,40,0.0215271,0.557837,1.39092,0.510435,0.217697,1,1,-0.707569,0.48342,0.428708,0.778632,,,,,,,,consistent,False,,,,,,
anime,high,100,5000,0.6,mid_greedy,G4,40,0.00419231,3.97138,1.67851,0.0252092,0.385535,1,1,-2.2166,0.032551,0.412297,0.974153,,,,,,,,consistent,False,,,,,,
anime,none,100,5000,0.6,source,G4,40,1,0.246247,1.15318,0.653977,0.152207,1,1,-0.442207,0.660782,0.451347,0.338112,,,,,,,,consistent,False,,,,,,
anime,none,100,5000,0.6,mid,G4,40,0.274578,0.889667,1.2571,0.367953,0.341303,1,1,-0.946353,0.349796,0.432799,0.488916,,,,,,,,consistent,False,,,,,,
anime,none,100,5000,0.6,mid_greedy,G4,40,0.0330574,0.949526,25.2985,0.535195,0.218773,1,1,0.759272,0.452255,0.206993,0.608399,,,,,,,,consistent,False,,,,,,
anime,w-high.g-none.v-none,100,5000,0.6,source,G4,40,1,2.2992,1.18089,0.124558,0.449673,1,1,1.55306,0.128487,0.385681,0.67977,,,,,,,,consistent,False,,,,,,
anime,w-high.g-none.v-none,100,5000,0.6,mid,G4,40,0.0192638,0.788447,1.55082,0.425586,0.463914,1,1,-0.888324,0.379813,0.336697,0.429186,,,,,,,,consistent,False,,,,,,
anime,w-high.g-none.v-none,100,5000,0.6,mid_greedy,G4,40,0.00466146,0.767456,12.5284,0.690784,0.975975,1,1,0.0861145,0.931816,0.218476,0.58447,,,,,,,,consistent,False,,,,,,
anime,w-none.g-high.v-none,100,5000,0.6,source,G4,40,1,0.401195,1.12326,0.550197,0.0786238,1,1,0.609486,0.545737,0.425113,0.433412,,,,,,,,consistent,False,,,,,,
anime,w-none.g-high.v-none,100,5000,0.6,mid,G4,40,0.155058,0.227011,1.2216,0.682513,0.750466,1,1,-0.38181,0.704675,0.540866,0.501847,,,,,,,,consistent,False,,,,,,
anime,w-none.g-high.v-none,100,5000,0.6,mid_greedy,G4,40,0.0222113,0.869832,3.97485,0.480481,0.787229,1,1,-0.866988,0.391252,0.302716,0.13123,,,,,,,,consistent,False,,,,,,
anime,w-none.g-none.v-high,100,5000,0.6,source,G4,40,1,1.60884,1.16494,0.205938,0.548992,1,1,-1.29198,0.203969,0.425205,0.731061,,,,,,,,consistent,False,,,,,,
anime,w-none.g-none.v-high,100,5000,0.6,mid,G4,40,0.343539,2.66858,1.28645,0.0922765,0.641858,1,1,-1.70642,0.0958822,0.459462,0.731795,,,,,,,,consistent,False,,,,,,
anime,w-none.g-none.v-high,100,5000,0.6,mid_greedy,G4,40,0.0142263,0.569377,4.23976,0.694966,0.913707,1,1,-0.539758,0.592433,0.299001,0.531452,,,,,,,,consistent,False,,,,,,
kuairand,high,100,5000,0.6,source,G4,40,1,0.108208,1.17325,0.782696,0.989935,1,1,-0.127221,0.899419,0.394594,0.256194,,,,,,,,consistent,False,,,,,,
kuairand,high,100,5000,0.6,mid,G4,40,0.0386834,2.03921,1.44653,0.144145,0.270666,1,1,-1.49637,0.142606,0.533691,0.192131,,,,,,,,consistent,False,,,,,,
kuairand,high,100,5000,0.6,mid_greedy,G4,40,0.0167949,2.73538,1.65222,0.0753768,0.0758818,1,1,-1.80582,0.078669,0.490434,0.0129708,,,,,,,,consistent,False,,,,,,
kuairand,none,100,5000,0.6,source,G4,40,1,1.19125,1.06766,0.278596,0.711643,1,1,1.09105,0.281947,0.497561,0.00225652,,,,,,,,consistent,False,,,,,,
kuairand,none,100,5000,0.6,mid,G4,40,0.424644,0.511142,1.1148,0.493923,0.30635,1,1,0.68699,0.496154,0.45822,0.715634,,,,,,,,consistent,False,,,,,,
kuairand,none,100,5000,0.6,mid_greedy,G4,40,0.01937,1.00556,17.13,0.448129,0.0498968,1,1,0.560384,0.578423,0.276381,0.311212,,,,,,,,consistent,False,,,,,,
kuairand,w-high.g-none.v-none,100,5000,0.6,source,G4,40,1,0.9317,1.10832,0.343838,0.24,1,1,0.958411,0.34376,0.391204,0.914071,,,,,,,,consistent,False,,,,,,
kuairand,w-high.g-none.v-none,100,5000,0.6,mid,G4,40,0.112513,0.113913,1.22843,0.787611,0.551647,1,1,-0.029876,0.976318,0.486422,0.314358,,,,,,,,consistent,False,,,,,,
kuairand,w-high.g-none.v-none,100,5000,0.6,mid_greedy,G4,40,0.0078461,0.986543,4.00717,0.41343,0.30909,1,1,-0.207109,0.837003,0.334489,0.207868,,,,,,,,consistent,False,,,,,,
kuairand,w-none.g-high.v-none,100,5000,0.6,source,G4,40,1,0.352333,1.10825,0.574992,0.718148,1,1,0.574516,0.568918,0.347676,0.646442,,,,,,,,consistent,False,,,,,,
kuairand,w-none.g-high.v-none,100,5000,0.6,mid,G4,40,0.204169,0.088062,1.18877,0.809766,0.920643,1,1,0.125507,0.900767,0.487261,0.972426,,,,,,,,consistent,False,,,,,,
kuairand,w-none.g-high.v-none,100,5000,0.6,mid_greedy,G4,40,0.0162449,0.736209,6.34199,0.627855,0.3965,1,1,-0.827323,0.413088,0.244336,0.349461,,,,,,,,consistent,False,,,,,,
kuairand,w-none.g-none.v-high,100,5000,0.6,source,G4,40,1,0.283381,1.05628,0.607207,0.20533,1,1,0.507294,0.614805,0.434495,0.634195,,,,,,,,consistent,False,,,,,,
kuairand,w-none.g-none.v-high,100,5000,0.6,mid,G4,40,0.22159,1.91542,1.18969,0.1641,0.599804,1,1,-1.40347,0.168389,0.429682,0.43237,,,,,,,,consistent,False,,,,,,
kuairand,w-none.g-none.v-high,100,5000,0.6,mid_greedy,G4,40,0.0115204,1.2143,4.32664,0.301489,0.156435,1,1,-1.1968,0.23861,0.272956,0.153186,,,,,,,,consistent,False,,,,,,
ml,high,100,5000,0.6,source,G4,40,1,0.127524,1.11223,0.74828,0.239091,1,1,-0.272713,0.786513,0.489646,0.75614,,,,,,,,consistent,False,,,,,,
ml,high,100,5000,0.6,mid,G4,40,0.0218625,0.841196,1.75875,0.418239,0.0800935,1,1,-0.890129,0.378855,0.421779,0.154082,,,,,,,,consistent,False,,,,,,
ml,high,100,5000,0.6,mid_greedy,G4,40,0.0109128,0.962434,2.24063,0.389993,0.0411644,1,1,-0.958689,0.343622,0.398635,0.0312318,,,,,,,,consistent,False,,,,,,
ml,none,100,5000,0.6,source,G4,40,1,1.68337,1.08283,0.194842,0.60956,1,1,-1.31004,0.197847,0.452984,0.198561,,,,,,,,consistent,False,,,,,,
ml,none,100,5000,0.6,mid,G4,40,0.321971,0.0631394,1.15639,0.836697,0.901117,1,1,0.0447741,0.964516,0.441076,0.372752,,,,,,,,consistent,False,,,,,,
ml,none,100,5000,0.6,mid_greedy,G4,40,0.057022,0.994767,18.7471,0.462897,0.272121,1,1,0.341655,0.734445,0.257445,0.630965,,,,,,,,consistent,False,,,,,,
ml,w-high.g-none.v-none,100,5000,0.6,source,G4,40,1,0.87104,1.09889,0.3603,0.15794,1,1,-0.928117,0.359056,0.451095,0.2476,,,,,,,,consistent,False,,,,,,
ml,w-high.g-none.v-none,100,5000,0.6,mid,G4,40,0.167672,0.456001,1.23932,0.540564,0.566332,1,1,-0.617153,0.54072,0.439313,0.0301067,,,,,,,,consistent,False,,,,,,
ml,w-high.g-none.v-none,100,5000,0.6,mid_greedy,G4,40,0.00456629,1.71973,8.76979,0.080744,0.491194,1,1,-1.8613,0.0702522,0.254962,0.0573603,,,,,,,,consistent,False,,,,,,
ml,w-none.g-high.v-none,100,5000,0.6,source,G4,40,1,3.05673,1.16296,0.0740395,0.268271,1,1,-1.79179,0.0809287,0.492416,0.564607,,,,,,,,consistent,False,,,,,,
ml,w-none.g-high.v-none,100,5000,0.6,mid,G4,40,0.22503,1.29656,1.32865,0.265146,0.297087,1,1,-1.15211,0.256288,0.621726,0.200122,,,,,,,,consistent,False,,,,,,
ml,w-none.g-high.v-none,100,5000,0.6,mid_greedy,G4,40,0.0127097,2.07259,3.59212,0.0891196,0.159923,1,1,-1.78458,0.0821098,0.353883,0.922031,,,,,,,,consistent,False,,,,,,
ml,w-none.g-none.v-high,100,5000,0.6,source,G4,40,1,0.100626,1.11619,0.779077,0.654148,1,1,0.221099,0.826169,0.448524,0.836968,,,,,,,,consistent,False,,,,,,
ml,w-none.g-none.v-high,100,5000,0.6,mid,G4,40,0.226294,0.179446,1.38916,0.753357,0.419125,1,1,-0.189351,0.850799,0.409712,0.0109257,,,,,,,,consistent,False,,,,,,
ml,w-none.g-none.v-high,100,5000,0.6,mid_greedy,G4,40,0.0205318,0.601434,4.73176,0.689644,0.927662,1,1,0.667145,0.508608,0.307217,0.0115099,,,,,,,,consistent,False,,,,,,
anime,high,100,5000,0.8,source,G4,40,1,1.02162,1.26038,0.329585,0.467693,1,1,1.01844,0.314746,0.519356,0.810336,,,,,,,,consistent,False,,,,,,
anime,high,100,5000,0.8,mid,G4,40,0.0105111,0.560567,3.0244,0.642421,0.737134,1,1,-0.541642,0.591146,0.302793,0.795832,,,,,,,,consistent,False,,,,,,
anime,high,100,5000,0.8,mid_greedy,G4,40,0.00499647,0.40755,2.9001,0.740826,0.507705,1,1,0.0849535,0.932733,0.341643,0.146544,,,,,,,,consistent,False,,,,,,
anime,none,100,5000,0.8,source,G4,40,1,0.195417,1.29728,0.722921,0.0809269,1,1,-0.230347,0.819026,0.397427,0.409803,,,,,,,,consistent,False,,,,,,
anime,none,100,5000,0.8,mid,G4,40,0.300776,0.227042,1.59285,0.745565,0.178165,1,1,-0.212284,0.832991,0.401775,0.141004,,,,,,,,consistent,False,,,,,,
anime,none,100,5000,0.8,mid_greedy,G4,40,0.106791,0.9981,26.7035,0.466349,0.895531,1,1,-0.682424,0.499005,0.205111,0.860373,,,,,,,,consistent,False,,,,,,
anime,w-high.g-none.v-none,100,5000,0.8,source,G4,40,1,0.150124,1.30636,0.765531,0.344718,1,1,0.186796,0.852789,0.474064,0.369309,,,,,,,,consistent,False,,,,,,
anime,w-high.g-none.v-none,100,5000,0.8,mid,G4,40,0.026363,2.04833,2.73923,0.110698,0.662964,1,1,-1.70335,0.0964609,0.352087,0.726086,,,,,,,,consistent,False,,,,,,
anime,w-high.g-none.v-none,100,5000,0.8,mid_greedy,G4,40,0.00471437,0.809389,5.46052,0.552156,0.39027,1,1,-0.671648,0.505767,0.291614,0.925579,,,,,,,,consistent,False,,,,,,
anime,w-none.g-high.v-none,100,5000,0.8,source,G4,40,1,0.307604,1.23978,0.627933,0.858692,1,1,-0.486746,0.629162,0.441197,0.633018,,,,,,,,consistent,False,,,,,,
anime,w-none.g-high.v-none,100,5000,0.8,mid,G4,40,0.274342,1.61932,1.60865,0.202564,0.499477,1,1,-1.36595,0.179779,0.499549,0.923958,,,,,,,,consistent,False,,,,,,
anime,w-none.g-high.v-none,100,5000,0.8,mid_greedy,G4,40,0.0298029,1.09321,5.32168,0.36244,0.88848,1,1,-1.15846,0.253721,0.274551,0.928528,,,,,,,,consistent,False,,,,,,
anime,w-none.g-none.v-high,100,5000,0.8,source,G4,40,1,0.262972,1.1904,0.649347,0.40518,1,1,0.446218,0.657908,0.33878,0.226801,,,,,,,,consistent,False,,,,,,
anime,w-none.g-none.v-high,100,5000,0.8,mid,G4,40,0.336805,1.46277,1.72736,0.232654,0.335347,1,1,1.26673,0.212765,0.271793,0.509625,,,,,,,,consistent,False,,,,,,
anime,w-none.g-none.v-high,100,5000,0.8,mid_greedy,G4,40,0.0169402,1.71705,6.14943,0.110503,0.355363,1,1,1.6588,0.105178,0.266493,0.274219,,,,,,,,consistent,False,,,,,,
kuairand,high,100,5000,0.8,source,G4,40,1,4.66538,1.32258,0.0210409,0.893928,1,1,2.29756,0.0270375,0.527618,0.437164,,,,,,,,consistent,False,,,,,,
kuairand,high,100,5000,0.8,mid,G4,40,0.0396065,0.816132,3.04609,0.486275,0.41921,1,1,0.872604,0.38822,0.282709,0.0110042,,,,,,,,consistent,False,,,,,,
kuairand,high,100,5000,0.8,mid_greedy,G4,40,0.00927581,0.630524,2.89977,0.589892,0.826346,1,1,0.702654,0.486445,0.31692,0.52997,,,,,,,,consistent,False,,,,,,
kuairand,none,100,5000,0.8,source,G4,40,1,0.0844957,1.19749,0.815982,0.800983,1,1,-0.119757,0.90529,0.434431,0.549686,,,,,,,,consistent,False,,,,,,
kuairand,none,100,5000,0.8,mid,G4,40,0.436098,2.07439,1.38349,0.141633,0.423858,1,1,-1.52267,0.135909,0.380219,0.377446,,,,,,,,consistent,False,,,,,,
kuairand,none,100,5000,0.8,mid_greedy,G4,40,0.0652729,0.636392,18.2801,0.876251,0.885737,1,1,1.17248,0.248115,0.303121,0.98371,,,,,,,,consistent,False,,,,,,
kuairand,w-high.g-none.v-none,100,5000,0.8,source,G4,40,1,1.3201,1.21276,0.257426,0.618154,1,1,-1.15474,0.255222,0.33154,0.209114,,,,,,,,consistent,False,,,,,,
kuairand,w-high.g-none.v-none,100,5000,0.8,mid,G4,40,0.0585588,1.69384,1.47164,0.191281,0.478889,1,1,-1.33699,0.188974,0.404952,0.930751,,,,,,,,consistent,False,,,,,,
kuairand,w-high.g-none.v-none,100,5000,0.8,mid_greedy,G4,40,0.00836059,0.509369,3.47097,0.702758,0.131918,1,1,0.133398,0.894564,0.269397,0.760666,,,,,,,,consistent,False,,,,,,
kuairand,w-none.g-high.v-none,100,5000,0.8,source,G4,40,1,0.26539,1.19298,0.648124,0.141627,1,1,-0.436124,0.665151,0.359769,0.11875,,,,,,,,consistent,False,,,,,,
kuairand,w-none.g-high.v-none,100,5000,0.8,mid,G4,40,0.436544,0.868146,1.28105,0.376641,0.0438374,1,1,-0.905654,0.37068,0.50446,0.250145,,,,,,,,consistent,False,,,,,,
kuairand,w-none.g-high.v-none,100,5000,0.8,mid_greedy,G4,40,0.0285065,0.989485,8.29102,0.443063,0.091627,1,1,0.21263,0.832723,0.252803,0.269661,,,,,,,,consistent,False,,,,,,
kuairand,w-none.g-none.v-high,100,5000,0.8,source,G4,40,1,0.174596,1.26062,0.734092,0.732669,1,1,-0.0880438,0.930292,0.377805,0.523929,,,,,,,,consistent,False,,,,,,
kuairand,w-none.g-none.v-high,100,5000,0.8,mid,G4,40,0.433064,1.0092,1.44604,0.342986,0.557484,1,1,-1.01947,0.31426,0.457033,0.746839,,,,,,,,consistent,False,,,,,,
kuairand,w-none.g-none.v-high,100,5000,0.8,mid_greedy,G4,40,0.0141892,0.464286,4.57901,0.787112,0.0993881,1,1,0.11693,0.907515,0.267659,0.629144,,,,,,,,consistent,False,,,,,,
ml,high,100,5000,0.8,source,G4,40,1,1.4079,1.28977,0.241625,0.561953,1,1,1.21077,0.23327,0.41939,0.774394,,,,,,,,consistent,False,,,,,,
ml,high,100,5000,0.8,mid,G4,40,0.00946997,0.463658,3.10795,0.71446,0.461278,1,1,0.0428363,0.966051,0.359731,0.119967,,,,,,,,consistent,False,,,,,,
ml,high,100,5000,0.8,mid_greedy,G4,40,0.00577459,0.546854,3.63504,0.684329,0.446596,1,1,-0.175562,0.861546,0.312322,0.454282,,,,,,,,consistent,False,,,,,,
ml,none,100,5000,0.8,source,G4,40,1,0.279053,1.29579,0.657741,0.533069,1,1,-0.40884,0.684893,0.426407,0.780497,,,,,,,,consistent,False,,,,,,
ml,none,100,5000,0.8,mid,G4,40,0.339593,1.90757,1.90657,0.150583,0.933103,1,1,-1.51798,0.137084,0.411144,0.969502,,,,,,,,consistent,False,,,,,,
ml,none,100,5000,0.8,mid_greedy,G4,40,0.159997,0.784011,17.568,0.718429,0.312837,1,1,-1.27921,0.208383,0.288344,0.151359,,,,,,,,consistent,False,,,,,,
ml,w-high.g-none.v-none,100,5000,0.8,source,G4,40,1,0.797256,1.55994,0.422793,0.546667,1,1,0.858286,0.395979,0.423401,0.573099,,,,,,,,consistent,False,,,,,,
ml,w-high.g-none.v-none,100,5000,0.8,mid,G4,40,0.135133,0.304083,1.61001,0.689582,0.980438,1,1,-0.314664,0.754694,0.414532,0.607292,,,,,,,,consistent,False,,,,,,
ml,w-high.g-none.v-none,100,5000,0.8,mid_greedy,G4,40,0.0129978,0.655333,3.06873,0.582895,0.689279,1,1,0.587971,0.559942,0.340856,0.600635,,,,,,,,consistent,False,,,,,,
ml,w-none.g-high.v-none,100,5000,0.8,source,G4,40,1,0.880709,1.32962,0.376224,0.613524,1,1,-0.928128,0.35905,0.438415,0.202734,,,,,,,,consistent,False,,,,,,
ml,w-none.g-high.v-none,100,5000,0.8,mid,G4,40,0.176211,1.23212,2.0604,0.292263,0.592297,1,1,-1.11207,0.272916,0.388198,0.234676,,,,,,,,consistent,False,,,,,,
ml,w-none.g-high.v-none,100,5000,0.8,mid_greedy,G4,40,0.0062821,0.61673,3.61085,0.633946,0.478949,1,1,-0.24242,0.809725,0.37522,0.406073,,,,,,,,consistent,False,,,,,,
ml,w-none.g-none.v-high,100,5000,0.8,source,G4,40,1,1.05523,1.29897,0.322542,0.0217472,1,1,-1.02056,0.313753,0.472757,0.497774,,,,,,,,consistent,False,,,,,,
ml,w-none.g-none.v-high,100,5000,0.8,mid,G4,40,0.254933,1.528,1.8064,0.218545,0.643227,1,1,-1.3147,0.19629,0.466141,0.0534477,,,,,,,,consistent,False,,,,,,
ml,w-none.g-none.v-high,100,5000,0.8,mid_greedy,G4,40,0.0365837,0.583174,5.94953,0.742657,0.419676,1,1,-0.311341,0.7572,0.262208,0.981633,,,,,,,,consistent,False,,,,,,
anime,high,100,5000,0.9,source,G4,40,1,0.332942,1.30466,0.622771,0.679041,1,1,-0.493991,0.624084,0.45498,0.0545955,,,,,,,,consistent,False,,,,,,
anime,high,100,5000,0.9,mid,G4,40,0.00253074,0.616787,7.38384,0.751375,0.916355,1,1,0.309896,0.75829,0.250019,0.0702883,,,,,,,,consistent,False,,,,,,
anime,high,100,5000,0.9,mid_greedy,G4,40,0.000884872,0.651181,7.4333,0.723254,0.952105,1,1,0.332367,0.741392,0.273923,0.334037,,,,,,,,consistent,False,,,,,,
anime,none,100,5000,0.9,source,G4,40,1,0.980457,1.65342,0.361743,0.748748,1,1,0.99181,0.327404,0.429677,0.702989,,,,,,,,consistent,False,,,,,,
anime,none,100,5000,0.9,mid,G4,40,0.40178,0.431813,2.47911,0.692385,0.700582,1,1,-0.156587,0.876378,0.360067,0.936787,,,,,,,,consistent,False,,,,,,
anime,none,100,5000,0.9,mid_greedy,G4,40,0.219548,0.84886,27.3506,0.690892,0.829736,1,1,0.44079,0.661799,0.190894,0.534675,,,,,,,,consistent,False,,,,,,
anime,w-high.g-none.v-none,100,5000,0.9,source,G4,40,1,0.607151,1.8513,0.532585,0.465084,1,1,0.603318,0.54979,0.309708,0.58302,,,,,,,,consistent,False,,,,,,
anime,w-high.g-none.v-none,100,5000,0.9,mid,G4,40,0.00126523,0.732045,3.75317,0.561623,0.570417,1,1,-0.481585,0.632792,0.368857,0.345501,,,,,,,,consistent,False,,,,,,
anime,w-high.g-none.v-none,100,5000,0.9,mid_greedy,G4,40,0.000102346,0.64657,6.33658,0.701681,0.823382,1,1,-0.114917,0.909101,0.255118,0.869641,,,,,,,,consistent,False,,,,,,
anime,w-none.g-high.v-none,100,5000,0.9,source,G4,40,1,2.01183,1.87859,0.136798,0.287816,1,1,1.54689,0.129967,0.417035,0.56233,,,,,,,,consistent,False,,,,,,
anime,w-none.g-high.v-none,100,5000,0.9,mid,G4,40,0.203708,2.42124,2.6374,0.0720681,0.410773,1,1,1.81859,0.0766594,0.327852,0.351976,,,,,,,,consistent,False,,,,,,
anime,w-none.g-high.v-none,100,5000,0.9,mid_greedy,G4,40,0.0149998,0.654986,5.53722,0.673583,0.540566,1,1,0.374603,0.709985,0.256125,0.255976,,,,,,,,consistent,False,,,,,,
anime,w-none.g-none.v-high,100,5000,0.9,source,G4,40,1,6.42049,1.79844,0.00240032,0.685715,1,1,2.8985,0.00612512,0.359635,0.667029,,,,,,,,consistent,False,,,,,,
anime,w-none.g-none.v-high,100,5000,0.9,mid,G4,40,0.536287,3.08832,2.61344,0.0322552,0.127433,1,1,2.142,0.0384951,0.440839,0.203173,,,,,,,,consistent,False,,,,,,
anime,w-none.g-none.v-high,100,5000,0.9,mid_greedy,G4,40,0.279281,0.739671,2.91431,0.524559,0.039086,1,1,0.806624,0.424775,0.359172,0.990784,,,,,,,,consistent,False,,,,,,
kuairand,high,100,5000,0.9,source,G4,40,1,2.25382,1.9919,0.105225,0.849864,1,1,1.63121,0.110896,0.404996,0.0364172,,,,,,,,consistent,False,,,,,,
kuairand,high,100,5000,0.9,mid,G4,40,0.00028328,0.616864,7.22545,0.747734,0.446757,1,1,-0.212157,0.833089,0.31519,0.811051,,,,,,,,consistent,False,,,,,,
kuairand,high,100,5000,0.9,mid_greedy,G4,40,0.00028328,0.616864,7.22545,0.747734,0.446757,1,1,-0.212157,0.833089,0.31519,0.811051,,,,,,,,consistent,False,,,,,,
kuairand,none,100,5000,0.9,source,G4,40,1,0.221153,1.25417,0.693512,0.157398,1,1,-0.350019,0.728208,0.525714,0.198366,,,,,,,,consistent,False,,,,,,
kuairand,none,100,5000,0.9,mid,G4,40,0.379777,1.01078,1.6224,0.350447,0.969666,1,1,-1.03022,0.309256,0.400782,0.45674,,,,,,,,consistent,False,,,,,,
kuairand,none,100,5000,0.9,mid_greedy,G4,40,0.156651,1.11559,21.1346,0.321328,0.188894,1,1,0.0876756,0.930583,0.251511,0.269387,,,,,,,,consistent,False,,,,,,
kuairand,w-high.g-none.v-none,100,5000,0.9,source,G4,40,1,0.191169,1.48144,0.758432,0.77939,1,1,-0.131351,0.896173,0.448158,0.910871,,,,,,,,consistent,False,,,,,,
kuairand,w-high.g-none.v-none,100,5000,0.9,mid,G4,40,0.0121656,0.397056,2.10166,0.682571,0.77257,1,1,0.42707,0.671677,0.386286,0.0956895,,,,,,,,consistent,False,,,,,,
kuairand,w-high.g-none.v-none,100,5000,0.9,mid_greedy,G4,40,0.00218304,1.86092,3.8589,0.116803,0.0236129,1,1,1.38981,0.172468,0.296521,0.31366,,,,,,,,consistent,False,,,,,,
kuairand,w-none.g-high.v-none,100,5000,0.9,source,G4,40,1,0.417212,1.42438,0.589658,0.37492,1,1,0.526772,0.601335,0.415424,0.815222,,,,,,,,consistent,False,,,,,,
kuairand,w-none.g-high.v-none,100,5000,0.9,mid,G4,40,0.145502,0.606983,2.72935,0.595021,0.421553,1,1,0.666587,0.50896,0.368337,0.878398,,,,,,,,consistent,False,,,,,,
kuairand,w-none.g-high.v-none,100,5000,0.9,mid_greedy,G4,40,0.0120543,1.63511,9.03795,0.0986768,0.387135,1,1,1.47274,0.148846,0.219313,0.60895,,,,,,,,consistent,False,,,,,,
kuairand,w-none.g-none.v-high,100,5000,0.9,source,G4,40,1,0.455175,1.59543,0.590069,0.343562,1,1,0.349693,0.728451,0.361823,0.112765,,,,,,,,consistent,False,,,,,,
kuairand,w-none.g-none.v-high,100,5000,0.9,mid,G4,40,0.0780339,0.530047,2.6251,0.637495,0.505463,1,1,-0.34432,0.732455,0.289364,0.758494,,,,,,,,consistent,False,,,,,,
kuairand,w-none.g-none.v-high,100,5000,0.9,mid_greedy,G4,40,0.00534916,0.675025,6.02371,0.67049,0.39961,1,1,-0.62578,0.535105,0.268033,0.464305,,,,,,,,consistent,False,,,,,,
ml,high,100,5000,0.9,source,G4,40,1,0.567023,1.92265,0.560517,0.710263,1,1,0.634892,0.529206,0.519845,0.383327,,,,,,,,consistent,False,,,,,,
ml,high,100,5000,0.9,mid,G4,40,0.00111017,0.793727,7.23727,0.596318,0.457806,1,1,0.52812,0.600409,0.269784,0.0418369,,,,,,,,consistent,False,,,,,,
ml,high,100,5000,0.9,mid_greedy,G4,40,0.000589834,0.97153,7.64162,0.453956,0.655403,1,1,0.824552,0.414641,0.277084,0.898,,,,,,,,consistent,False,,,,,,
ml,none,100,5000,0.9,source,G4,40,1,0.24205,1.5856,0.732564,0.130515,1,1,-0.0767929,0.939181,0.352084,0.691358,,,,,,,,consistent,False,,,,,,
ml,none,100,5000,0.9,mid,G4,40,0.444272,0.969291,4.16265,0.425095,0.616774,1,1,-0.94435,0.350805,0.283201,0.0185051,,,,,,,,consistent,False,,,,,,
ml,none,100,5000,0.9,mid_greedy,G4,40,0.293396,0.902631,11.9086,0.542821,0.939769,1,1,-1.76737,0.0849911,0.298883,0.800541,,,,,,,,consistent,False,,,,,,
ml,w-high.g-none.v-none,100,5000,0.9,source,G4,40,1,0.395498,1.74531,0.644981,0.940583,1,1,-0.492351,0.625231,0.475229,0.312265,,,,,,,,consistent,False,,,,,,
ml,w-high.g-none.v-none,100,5000,0.9,mid,G4,40,0.0535208,0.562923,2.29694,0.593275,0.0740923,1,1,0.631359,0.531489,0.366647,0.183989,,,,,,,,consistent,False,,,,,,
ml,w-high.g-none.v-none,100,5000,0.9,mid_greedy,G4,40,0.0152883,0.408206,2.56477,0.715638,0.111918,1,1,0.324453,0.747329,0.317057,0.718032,,,,,,,,consistent,False,,,,,,
ml,w-none.g-high.v-none,100,5000,0.9,source,G4,40,1,0.454942,1.60176,0.590978,0.43696,1,1,0.547652,0.587052,0.406716,0.626944,,,,,,,,consistent,False,,,,,,
ml,w-none.g-high.v-none,100,5000,0.9,mid,G4,40,0.0714888,2.65407,2.66944,0.053553,0.524289,1,1,1.90215,0.064556,0.317019,0.0269501,,,,,,,,consistent,False,,,,,,
ml,w-none.g-high.v-none,100,5000,0.9,mid_greedy,G4,40,0.0017855,1.20337,5.13874,0.304133,0.287987,1,1,1.12213,0.268668,0.241945,0.507649,,,,,,,,consistent,False,,,,,,
ml,w-none.g-none.v-high,100,5000,0.9,source,G4,40,1,2.22592,1.43362,0.124205,0.407157,1,1,1.57437,0.123481,0.316426,0.840793,,,,,,,,consistent,False,,,,,,
ml,w-none.g-none.v-high,100,5000,0.9,mid,G4,40,0.145694,0.630745,2.92393,0.59105,0.579484,1,1,0.679776,0.500661,0.333482,0.393484,,,,,,,,consistent,False,,,,,,
ml,w-none.g-none.v-high,100,5000,0.9,mid_greedy,G4,40,0.0441474,1.48918,3.82094,0.204735,0.403397,1,1,1.49884,0.141966,0.315807,0.993344,,,,,,,,consistent,False,,,,,,
