dataset,bias,seed,run_tag,arm,trials,diverged,V_logger_greedy,V_logger,native_trial,native_V_greedy,native_gain,native_V,native_lambda,common_trial,common_V_greedy,common_gain,common_V,common_lambda,best_trial,best_V_greedy,best_gain,best_V,best_lambda,native_anchor_R,native_logit_scale_s,native_changed_share,native_changed_gain,native_changed_loss,native_val_nll,native_dr_greedy,native_dr_greedy_low,native_lr,native_num_epochs,native_batch_size,native_lr_decay,common_changed_share,trial_mean_gain,trial_median_gain,regret_native,regret_common,clip10_likelihood,likelihood,uniform_likelihood,value,V_value_star,V_objective_star,objective_mismatch,training_gap,selection_gap_native,selection_gap_common,total_gap_native,ceiling,capacity_gap,frac_value_gap_native,native_stoch_gain,frac_value_gap_common,train_w_mean,train_w_var,train_w_max,train_w_q50,train_w_q90,train_w_q99,train_w_q99.9,train_w_ess,train_w_ess_share,train_w_clip_share,train_w_clip_mass_share,train_wclip_mean,train_wclip_ess,train_wclip_ess_share,val_w_mean,val_w_var,val_w_max,val_w_q50,val_w_q90,val_w_q99,val_w_q99.9,val_w_ess,val_w_ess_share,val_w_clip_share,val_w_clip_mass_share,val_wclip_mean,val_wclip_ess,val_wclip_ess_share,head_theta_s,head_logit_scale,head_intercept,train_w_mean_runs_mean,train_w_var_runs_mean,train_w_max_runs_mean,train_w_q50_runs_mean,train_w_q90_runs_mean,train_w_q99_runs_mean,train_w_q99.9_runs_mean,train_w_ess_runs_mean,train_w_ess_share_runs_mean,train_w_clip_share_runs_mean,train_w_clip_mass_share_runs_mean,train_wclip_mean_runs_mean,train_wclip_ess_runs_mean,train_wclip_ess_share_runs_mean,val_w_mean_runs_mean,val_w_var_runs_mean,val_w_max_runs_mean,val_w_q50_runs_mean,val_w_q90_runs_mean,val_w_q99_runs_mean,val_w_q99.9_runs_mean,val_w_ess_runs_mean,val_w_ess_share_runs_mean,val_w_clip_share_runs_mean,val_w_clip_mass_share_runs_mean,val_wclip_mean_runs_mean,val_wclip_ess_runs_mean,val_wclip_ess_share_runs_mean,head_theta_s_runs_mean,head_logit_scale_runs_mean,head_intercept_runs_mean,train_weights,train_weight_mode,train_weight_param
anime,high,100,run_shared_main_25k,shared_iw_likelihood,20,0,0.11406767,0.088935631,0,0.11401943,-0.0048245336,0.039560296,1,13,0.11865113,0.45834621,0.052853006,0.01,10,0.11945709,0.53894176,0.044874537,0.01,0.0052282261,0.23541778,0.2146465,0.0062079962,-0.0062562415,0.3128959,0.12408411,0.11298944,0.001841274,7,512,0.93407423,0.5009091,0.16732181,0.18724519,0.5437663,0.080595556,0.18137515,0.18663696,0.18023597,0.22309091,0.22309091,0.18023597,4.285494,6.0778882,0.5437663,0.080595556,10.907148,0.29711784,7.402693,-0.00044252341,-4.9375335,0.042041147,2.9455158,116014.69,53836.684,0.019262195,0.63905408,12.74988,107.25815,1.8694646,7.4778584e-05,0.01276,0.86799235,0.38883062,1786.0531,0.071442123,1.0447635,208.16026,1069.9802,0.019809155,0.68923376,13.764387,163.06826,104.32702,0.0052163508,0.0128,0.61396746,0.4033127,1483.8237,0.074191183,-0.038910305,0.31120322,-3.6343985,2.9455158,116014.69,53836.684,0.019262195,0.63905408,12.74988,107.25815,1.8694646,7.4778584e-05,0.01276,0.86799235,0.38883062,1786.0531,0.071442123,1.0447635,208.16026,1069.9802,0.019809155,0.68923376,13.764387,163.06826,104.32702,0.0052163508,0.0128,0.61396746,0.4033127,1483.8237,0.074191183,-0.038910305,0.31120322,-3.6343985,harmonic:0.1,harmonic,0.1
anime,high,100,run_shared_main_25k,shared_iw_likelihood_clip10,20,0,0.11406767,0.088935631,7,0.12094752,0.68798476,0.0345915,0.001,2,0.12651372,1.2446049,0.038704306,0,2,0.12651372,1.2446049,0.038704306,0,0.0057297689,0.11801191,0.22623657,0.010676829,-0.0037969811,0.28959822,0.12465306,0.11367015,5.7931093e-05,17,512,0.95614274,0.43730813,0.24813622,0.22417163,0.55662019,0,0.18137515,0.18663696,0.18023597,0.22309091,0.22309091,0.18137515,4.171576,5.486143,0.55662019,0,10.214339,0.29711784,7.402693,0.063104414,-5.434413,0.1141596,2.9455158,116014.69,53836.684,0.019262195,0.63905408,12.74988,107.25815,1.8694646,7.4778584e-05,0.01276,0.86799235,0.38883062,1786.0531,0.071442123,1.0447635,208.16026,1069.9802,0.019809155,0.68923376,13.764387,163.06826,104.32702,0.0052163508,0.0128,0.61396746,0.4033127,1483.8237,0.074191183,-0.076992345,0.099284049,-3.2666498,2.9455158,116014.69,53836.684,0.019262195,0.63905408,12.74988,107.25815,1.8694646,7.4778584e-05,0.01276,0.86799235,0.38883062,1786.0531,0.071442123,1.0447635,208.16026,1069.9802,0.019809155,0.68923376,13.764387,163.06826,104.32702,0.0052163508,0.0128,0.61396746,0.4033127,1483.8237,0.074191183,-0.076992345,0.099284049,-3.2666498,harmonic:0.1,harmonic,0.1
anime,high,100,run_shared_main_25k,shared_likelihood,20,0,0.11406767,0.088935631,15,0.15807824,4.4010566,0.03827139,0.001,15,0.15807824,4.4010566,0.03827139,0.001,6,0.15855011,4.4482439,0.036530324,0.001,0.2160593,0.10679083,0.86350564,0.057084011,-0.013073445,0.28677664,0.15375501,0.14679373,0.001225339,16,1024,0.88776593,0.86350564,2.2717707,2.2078512,0.047187293,0.047187293,0.18137515,0.18663696,0.18023597,0.22309091,0.22309091,0.18663696,3.645395,2.8086851,0.047187293,0.047187293,6.5012673,0.29711784,7.402693,0.40368059,-5.0664241,0.40368059,2.9455158,116014.69,53836.684,0.019262195,0.63905408,12.74988,107.25815,1.8694646,7.4778584e-05,0.01276,0.86799235,0.38883062,1786.0531,0.071442123,1.0447635,208.16026,1069.9802,0.019809155,0.68923376,13.764387,163.06826,104.32702,0.0052163508,0.0128,0.61396746,0.4033127,1483.8237,0.074191183,-0.075515645,0.10378131,-3.1365314,2.9455158,116014.69,53836.684,0.019262195,0.63905408,12.74988,107.25815,1.8694646,7.4778584e-05,0.01276,0.86799235,0.38883062,1786.0531,0.071442123,1.0447635,208.16026,1069.9802,0.019809155,0.68923376,13.764387,163.06826,104.32702,0.0052163508,0.0128,0.61396746,0.4033127,1483.8237,0.074191183,-0.075515645,0.10378131,-3.1365314,harmonic:0.1,harmonic,0.1
anime,high,100,run_shared_main_25k,shared_opc,20,0,0.11406767,0.088935631,9,0.1603186,4.6250927,0.16027336,0,9,0.1603186,4.6250927,0.16027336,0,15,0.1610108,4.6943127,0.16093179,0.001,0.16764989,21.568718,0.82268551,0.057866578,-0.011615651,,0.15900976,0.15119467,0.0015058425,13,1024,0.97535555,0.82268551,3.2030096,3.3116655,0.069219992,0.069219992,0.18137515,0.18663696,0.18023597,0.22309091,0.22309091,0.22309091,0,6.2080112,0.069219992,0.069219992,6.2772312,0.29711784,7.402693,0.42422999,7.1337731,0.42422999,2.9455158,116014.69,53836.684,0.019262195,0.63905408,12.74988,107.25815,1.8694646,7.4778584e-05,0.01276,0.86799235,0.38883062,1786.0531,0.071442123,1.0447635,208.16026,1069.9802,0.019809155,0.68923376,13.764387,163.06826,104.32702,0.0052163508,0.0128,0.61396746,0.4033127,1483.8237,0.074191183,,,,2.9455158,116014.69,53836.684,0.019262195,0.63905408,12.74988,107.25815,1.8694646,7.4778584e-05,0.01276,0.86799235,0.38883062,1786.0531,0.071442123,1.0447635,208.16026,1069.9802,0.019809155,0.68923376,13.764387,163.06826,104.32702,0.0052163508,0.0128,0.61396746,0.4033127,1483.8237,0.074191183,,,,harmonic:0.1,harmonic,0.1
anime,high,101,run_shared_main_25k,shared_iw_likelihood,20,0,0.11535344,0.09150191,4,0.12678691,1.1433472,0.049266295,0.01,14,0.12807836,1.2724921,0.056134083,0,14,0.12807836,1.2724921,0.056134083,0,0.026869167,0.2994211,0.41613386,0.019399229,-0.0079657577,0.48335817,0.12384465,0.11361919,0.00024120981,21,512,0.92812183,0.52465933,0.63960926,0.67817447,0.12914495,0,0.18578261,0.19355571,0.18292985,0.22068555,0.22068555,0.18292985,3.77557,5.4851492,0.12914495,0,9.3898642,0.29792488,7.723933,0.10854688,-4.2235615,0.12080761,1.0966092,2354.3124,6199.1492,0.014349498,0.5253751,10.417334,94.274858,12.763151,0.00051052604,0.01052,0.69603442,0.33333146,1571.8576,0.062874305,1.4209501,5865.4935,10483.685,0.014083298,0.50349477,9.537118,120.46905,6.8822999,0.00034411499,0.00925,0.76825026,0.3293048,1270.3717,0.063518585,-0.042209499,0.28187686,-3.5083173,1.0966092,2354.3124,6199.1492,0.014349498,0.5253751,10.417334,94.274858,12.763151,0.00051052604,0.01052,0.69603442,0.33333146,1571.8576,0.062874305,1.4209501,5865.4935,10483.685,0.014083298,0.50349477,9.537118,120.46905,6.8822999,0.00034411499,0.00925,0.76825026,0.3293048,1270.3717,0.063518585,-0.042209499,0.28187686,-3.5083173,harmonic:0.1,harmonic,0.1
anime,high,101,run_shared_main_25k,shared_iw_likelihood_clip10,20,0,0.11535344,0.09150191,3,0.12615843,1.0804991,0.038827914,0,14,0.13166227,1.6308836,0.046730886,0,14,0.13166227,1.6308836,0.046730886,0,0.010559707,0.17693815,0.30382099,0.015627124,-0.0048221333,0.31967486,0.12121646,0.11092467,0.00022331859,6,512,0.89399595,0.63672639,0.70074839,0.63251599,0.55038449,0,0.18578261,0.19355571,0.18292985,0.22068555,0.22068555,0.18578261,3.490294,5.4120338,0.55038449,0,9.4527123,0.29792488,7.723933,0.10258022,-5.2673996,0.15483251,1.0966092,2354.3124,6199.1492,0.014349498,0.5253751,10.417334,94.274858,12.763151,0.00051052604,0.01052,0.69603442,0.33333146,1571.8576,0.062874305,1.4209501,5865.4935,10483.685,0.014083298,0.50349477,9.537118,120.46905,6.8822999,0.00034411499,0.00925,0.76825026,0.3293048,1270.3717,0.063518585,-0.06395094,0.1468229,-3.3445874,1.0966092,2354.3124,6199.1492,0.014349498,0.5253751,10.417334,94.274858,12.763151,0.00051052604,0.01052,0.69603442,0.33333146,1571.8576,0.062874305,1.4209501,5865.4935,10483.685,0.014083298,0.50349477,9.537118,120.46905,6.8822999,0.00034411499,0.00925,0.76825026,0.3293048,1270.3717,0.063518585,-0.06395094,0.1468229,-3.3445874,harmonic:0.1,harmonic,0.1
anime,high,101,run_shared_main_25k,shared_likelihood,20,0,0.11535344,0.09150191,19,0.15473197,3.9378536,0.036757404,0,19,0.15473197,3.9378536,0.036757404,0,19,0.15473197,3.9378536,0.036757404,0,0.13254578,0.099602342,0.7313363,0.048029198,-0.0086506615,0.2917402,0.14881035,0.13974448,0.00072693248,23,2048,0.95087739,0.7313363,2.0691442,2.0049096,0,0,0.18578261,0.19355571,0.18292985,0.22068555,0.22068555,0.19355571,2.712984,3.8823737,0,0,6.5953577,0.29792488,7.723933,0.37385119,-5.4744506,0.37385119,1.0966092,2354.3124,6199.1492,0.014349498,0.5253751,10.417334,94.274858,12.763151,0.00051052604,0.01052,0.69603442,0.33333146,1571.8576,0.062874305,1.4209501,5865.4935,10483.685,0.014083298,0.50349477,9.537118,120.46905,6.8822999,0.00034411499,0.00925,0.76825026,0.3293048,1270.3717,0.063518585,-0.073119758,0.11151538,-3.2773945,1.0966092,2354.3124,6199.1492,0.014349498,0.5253751,10.417334,94.274858,12.763151,0.00051052604,0.01052,0.69603442,0.33333146,1571.8576,0.062874305,1.4209501,5865.4935,10483.685,0.014083298,0.50349477,9.537118,120.46905,6.8822999,0.00034411499,0.00925,0.76825026,0.3293048,1270.3717,0.063518585,-0.073119758,0.11151538,-3.2773945,harmonic:0.1,harmonic,0.1
anime,high,101,run_shared_main_25k,shared_opc,20,0,0.11535344,0.09150191,19,0.14932453,3.3971091,0.14913997,0,19,0.14932453,3.3971091,0.14913997,0,14,0.15159284,3.6239405,0.15108703,0,0.093919724,9.0742722,0.67534788,0.04215341,-0.0081823182,,0.15003743,0.14042184,0.00072693248,23,2048,0.95087739,0.67534788,2.6945816,3.0387255,0.22683134,0.22683134,0.18578261,0.19355571,0.18292985,0.22068555,0.22068555,0.22068555,0,6.9092709,0.22683134,0.22683134,7.1361022,0.29792488,7.723933,0.3225141,5.7638056,0.3225141,1.0966092,2354.3124,6199.1492,0.014349498,0.5253751,10.417334,94.274858,12.763151,0.00051052604,0.01052,0.69603442,0.33333146,1571.8576,0.062874305,1.4209501,5865.4935,10483.685,0.014083298,0.50349477,9.537118,120.46905,6.8822999,0.00034411499,0.00925,0.76825026,0.3293048,1270.3717,0.063518585,,,,1.0966092,2354.3124,6199.1492,0.014349498,0.5253751,10.417334,94.274858,12.763151,0.00051052604,0.01052,0.69603442,0.33333146,1571.8576,0.062874305,1.4209501,5865.4935,10483.685,0.014083298,0.50349477,9.537118,120.46905,6.8822999,0.00034411499,0.00925,0.76825026,0.3293048,1270.3717,0.063518585,,,,harmonic:0.1,harmonic,0.1
anime,none,100,run_shared_main_25k,shared_iw_likelihood,20,0,0.29711784,0.23698078,9,0.10670358,-19.041426,0.054039029,0,6,0.28972126,-0.73965856,0.037175582,0.001,17,0.2971077,-0.0010142055,0.032814385,1,0.71619391,0.43656933,0.95686504,0,-0.19041426,0.72134165,0.10676455,0.10139033,0.0013502474,13,1024,0.97535555,0.37718309,-1.4562065,-0.03429057,19.040412,0.73864436,0.29711781,0.2971178,0.29711782,0.29707805,0.29707805,0.29711782,-0.003977,0.0010118232,19.040412,0.73864436,19.037447,0.29711784,0.003979,,-18.294175,,0.31078981,57.172883,795.60072,0.0040656041,0.10811421,2.8805723,56.841235,42.16483,0.0016865932,0.00408,0.58982853,0.12747711,633.14477,0.025325791,0.76707439,1764.0872,4347.2698,0.0040157583,0.10783509,2.6371472,48.951702,6.6686833,0.00033343417,0.0036,0.84015676,0.12261166,513.23911,0.025661955,-0.1134996,0.033207223,-2.7563325,0.31078981,57.172883,795.60072,0.0040656041,0.10811421,2.8805723,56.841235,42.16483,0.0016865932,0.00408,0.58982853,0.12747711,633.14477,0.025325791,0.76707439,1764.0872,4347.2698,0.0040157583,0.10783509,2.6371472,48.951702,6.6686833,0.00033343417,0.0036,0.84015676,0.12261166,513.23911,0.025661955,-0.1134996,0.033207223,-2.7563325,harmonic:0.1,harmonic,0.1
anime,none,100,run_shared_main_25k,shared_iw_likelihood_clip10,20,0,0.29711784,0.23698078,0,0.29700013,-0.011771837,0.045714536,1,2,0.28871491,-0.84029352,0.050503414,0,17,0.29710078,-0.0017065397,0.047931706,1,0.00028869545,0.11484984,0.055597794,0,-0.00011771837,0.52543949,0.28339241,0.2689526,0.001841274,7,512,0.93407423,0.39872572,-1.3036079,-0.060611349,0.010065298,0.83858698,0.29711781,0.2971178,0.29711782,0.29707805,0.29707805,0.29711781,-0.003976,0.0017031575,0.010065298,0.83858698,0.007792455,0.29711784,0.003979,,-19.126625,,0.31078981,57.172883,795.60072,0.0040656041,0.10811421,2.8805723,56.841235,42.16483,0.0016865932,0.00408,0.58982853,0.12747711,633.14477,0.025325791,0.76707439,1764.0872,4347.2698,0.0040157583,0.10783509,2.6371472,48.951702,6.6686833,0.00033343417,0.0036,0.84015676,0.12261166,513.23911,0.025661955,-0.069093783,0.12583126,-3.0114617,0.31078981,57.172883,795.60072,0.0040656041,0.10811421,2.8805723,56.841235,42.16483,0.0016865932,0.00408,0.58982853,0.12747711,633.14477,0.025325791,0.76707439,1764.0872,4347.2698,0.0040157583,0.10783509,2.6371472,48.951702,6.6686833,0.00033343417,0.0036,0.84015676,0.12261166,513.23911,0.025661955,-0.069093783,0.12583126,-3.0114617,harmonic:0.1,harmonic,0.1
anime,none,100,run_shared_main_25k,shared_likelihood,20,0,0.29711784,0.23698078,17,0.2969831,-0.013474112,0.057975399,1,15,0.28773078,-0.93870659,0.058717968,0.001,17,0.2969831,-0.013474112,0.057975399,1,0.00021007645,0.17137183,0.058417782,0,-0.00013474112,0.51527086,0.2865433,0.27215081,0.00013899222,14,2048,0.86218495,0.43072002,-0.28676842,-0.14304614,0,0.92523248,0.29711781,0.2971178,0.29711782,0.29707805,0.29707805,0.2971178,-0.003975,0.01346973,0,0.92523248,0.0094947295,0.29711784,0.003979,,-17.900538,,0.31078981,57.172883,795.60072,0.0040656041,0.10811421,2.8805723,56.841235,42.16483,0.0016865932,0.00408,0.58982853,0.12747711,633.14477,0.025325791,0.76707439,1764.0872,4347.2698,0.0040157583,0.10783509,2.6371472,48.951702,6.6686833,0.00033343417,0.0036,0.84015676,0.12261166,513.23911,0.025661955,-0.05855281,0.17263352,-3.4978601,0.31078981,57.172883,795.60072,0.0040656041,0.10811421,2.8805723,56.841235,42.16483,0.0016865932,0.00408,0.58982853,0.12747711,633.14477,0.025325791,0.76707439,1764.0872,4347.2698,0.0040157583,0.10783509,2.6371472,48.951702,6.6686833,0.00033343417,0.0036,0.84015676,0.12261166,513.23911,0.025661955,-0.05855281,0.17263352,-3.4978601,harmonic:0.1,harmonic,0.1
anime,none,100,run_shared_main_25k,shared_opc,20,0,0.29711784,0.23698078,9,0.28462187,-1.2495971,0.2845526,0,9,0.28462187,-1.2495971,0.2845526,0,17,0.29559929,-0.1518549,0.26805261,1,0.075210243,29.760756,0.486073,0,-0.012495971,,0.29120723,0.27730206,0.0015058425,13,1024,0.97535555,0.486073,-0.58221246,-0.54590454,1.0977422,1.0977422,0.29711781,0.2971178,0.29711782,0.29707805,0.29707805,0.29707805,0,0.14787552,1.0977422,1.0977422,1.2456177,0.29711784,0.003979,,4.7571818,,0.31078981,57.172883,795.60072,0.0040656041,0.10811421,2.8805723,56.841235,42.16483,0.0016865932,0.00408,0.58982853,0.12747711,633.14477,0.025325791,0.76707439,1764.0872,4347.2698,0.0040157583,0.10783509,2.6371472,48.951702,6.6686833,0.00033343417,0.0036,0.84015676,0.12261166,513.23911,0.025661955,,,,0.31078981,57.172883,795.60072,0.0040656041,0.10811421,2.8805723,56.841235,42.16483,0.0016865932,0.00408,0.58982853,0.12747711,633.14477,0.025325791,0.76707439,1764.0872,4347.2698,0.0040157583,0.10783509,2.6371472,48.951702,6.6686833,0.00033343417,0.0036,0.84015676,0.12261166,513.23911,0.025661955,,,,harmonic:0.1,harmonic,0.1
anime,none,101,run_shared_main_25k,shared_iw_likelihood,20,0,0.29792488,0.23784024,2,0.2963293,-0.15955776,0.072377414,1,18,0.29782751,-0.0097370224,0.072154328,0,18,0.29782751,-0.0097370224,0.072154328,0,0.0029397653,0.23668709,0.19140225,0,-0.0015955776,0.54362145,0.29906867,0.28418675,0.0014448339,13,1024,0.95275132,0.049707921,-0.7307391,-0.41818004,0.14982074,0,0.29792487,0.29792487,0.29792487,0.29788212,0.29788212,0.29792487,-0.004275,0.009735901,0.14982074,0,0.15528164,0.29792488,0.004276,,-16.546282,,0.52529007,512.21979,2292.176,0.0039326613,0.10094983,2.6325831,47.157578,13.460096,0.00053840384,0.00388,0.7715566,0.11999905,600.88008,0.024035203,0.34915267,116.18005,1173.4036,0.0038690653,0.099843388,2.5313214,48.60039,20.96398,0.001048199,0.0032,0.67269849,0.1142782,487.56269,0.024378134,-0.046410963,0.24849591,-3.8328217,0.52529007,512.21979,2292.176,0.0039326613,0.10094983,2.6325831,47.157578,13.460096,0.00053840384,0.00388,0.7715566,0.11999905,600.88008,0.024035203,0.34915267,116.18005,1173.4036,0.0038690653,0.099843388,2.5313214,48.60039,20.96398,0.001048199,0.0032,0.67269849,0.1142782,487.56269,0.024378134,-0.046410963,0.24849591,-3.8328217,harmonic:0.1,harmonic,0.1
anime,none,101,run_shared_main_25k,shared_iw_likelihood_clip10,20,0,0.29792488,0.23784024,18,0.29781758,-0.010730012,0.049044656,0,6,0.29762669,-0.029819372,0.049145029,0.01,13,0.29788611,-0.0038774157,0.049332754,1,0.00023751822,0.13749023,0.053129767,0,-0.00010730012,0.52490628,0.29623118,0.28122883,4.1943229e-05,6,1024,0.87499423,0.087184972,-0.83057565,-0.31754182,0.0068525959,0.025941956,0.29792487,0.29792487,0.29792487,0.29788212,0.29788212,0.29792487,-0.004275,0.0038762943,0.0068525959,0.025941956,0.0064538902,0.29792488,0.004276,,-18.879558,,0.52529007,512.21979,2292.176,0.0039326613,0.10094983,2.6325831,47.157578,13.460096,0.00053840384,0.00388,0.7715566,0.11999905,600.88008,0.024035203,0.34915267,116.18005,1173.4036,0.0038690653,0.099843388,2.5313214,48.60039,20.96398,0.001048199,0.0032,0.67269849,0.1142782,487.56269,0.024378134,-0.06617614,0.13734157,-3.2507292,0.52529007,512.21979,2292.176,0.0039326613,0.10094983,2.6325831,47.157578,13.460096,0.00053840384,0.00388,0.7715566,0.11999905,600.88008,0.024035203,0.34915267,116.18005,1173.4036,0.0038690653,0.099843388,2.5313214,48.60039,20.96398,0.001048199,0.0032,0.67269849,0.1142782,487.56269,0.024378134,-0.06617614,0.13734157,-3.2507292,harmonic:0.1,harmonic,0.1
anime,none,101,run_shared_main_25k,shared_likelihood,20,0,0.29792488,0.23784024,13,0.29759813,-0.032675489,0.05819897,1,12,0.29717041,-0.075447174,0.057956876,1,13,0.29759813,-0.032675489,0.05819897,1,0.00044218087,0.17920527,0.085453591,0,-0.00032675489,0.52015938,0.30131653,0.28623833,0.00021477282,6,512,0.86905738,0.13097541,-0.32364743,-0.28836964,0,0.042771685,0.29792487,0.29792487,0.29792487,0.29788212,0.29788212,0.29792487,-0.004275,0.032674368,0,0.042771685,0.028399368,0.29792488,0.004276,,-17.964127,,0.52529007,512.21979,2292.176,0.0039326613,0.10094983,2.6325831,47.157578,13.460096,0.00053840384,0.00388,0.7715566,0.11999905,600.88008,0.024035203,0.34915267,116.18005,1173.4036,0.0038690653,0.099843388,2.5313214,48.60039,20.96398,0.001048199,0.0032,0.67269849,0.1142782,487.56269,0.024378134,-0.057486635,0.1782445,-3.623663,0.52529007,512.21979,2292.176,0.0039326613,0.10094983,2.6325831,47.157578,13.460096,0.00053840384,0.00388,0.7715566,0.11999905,600.88008,0.024035203,0.34915267,116.18005,1173.4036,0.0038690653,0.099843388,2.5313214,48.60039,20.96398,0.001048199,0.0032,0.67269849,0.1142782,487.56269,0.024378134,-0.057486635,0.1782445,-3.623663,harmonic:0.1,harmonic,0.1
anime,none,101,run_shared_main_25k,shared_opc,20,0,0.29792488,0.23784024,13,0.29638033,-0.15445527,0.29002156,1,13,0.29638033,-0.15445527,0.29002156,1,13,0.29638033,-0.15445527,0.29002156,1,0.0023126528,3.0357358,0.18598332,0,-0.0015445527,,0.3017565,0.28677074,0.00021477282,6,512,0.86905738,0.18598332,-0.61951908,-0.64364344,0,0,0.29792487,0.29792487,0.29792487,0.29788212,0.29788212,0.29788212,0,0.15017915,0,0,0.15017915,0.29792488,0.004276,,5.2181327,,0.52529007,512.21979,2292.176,0.0039326613,0.10094983,2.6325831,47.157578,13.460096,0.00053840384,0.00388,0.7715566,0.11999905,600.88008,0.024035203,0.34915267,116.18005,1173.4036,0.0038690653,0.099843388,2.5313214,48.60039,20.96398,0.001048199,0.0032,0.67269849,0.1142782,487.56269,0.024378134,,,,0.52529007,512.21979,2292.176,0.0039326613,0.10094983,2.6325831,47.157578,13.460096,0.00053840384,0.00388,0.7715566,0.11999905,600.88008,0.024035203,0.34915267,116.18005,1173.4036,0.0038690653,0.099843388,2.5313214,48.60039,20.96398,0.001048199,0.0032,0.67269849,0.1142782,487.56269,0.024378134,,,,harmonic:0.1,harmonic,0.1
anime,w-high.g-none.v-none,100,run_shared_main_25k,shared_iw_likelihood,20,0,0.21762282,0.17376569,5,0.21309069,-0.45321334,0.061523741,1,10,0.22390987,0.62870461,0.051717199,0.01,7,0.22411702,0.64941962,0.048883472,0.001,0.0071366904,0.24994482,0.35375055,0.0089365319,-0.013468665,0.57470712,0.20645501,0.19350842,0.0019820474,26,2048,0.9564551,0.42637074,-0.61420496,0.16328537,1.102633,0.020715006,0.29711684,0.29701846,0.29711738,0.29661327,0.29661327,0.29711738,-0.050411,7.3000361,1.102633,0.020715006,8.3522581,0.29711784,0.050457,-0.057375715,-11.224195,0.079592487,0.79018733,2556.849,7746.4821,0.00416423,0.12495788,3.996631,70.950227,6.1036414,0.00024414566,0.00492,0.80850041,0.15132055,717.92516,0.028717006,5.6210632,262862.37,64211.213,0.0042286079,0.12891833,4.1402495,71.612661,2.4037335,0.00012018667,0.005,0.97211171,0.15676182,595.13631,0.029756816,-0.063573174,0.1484963,-3.5450985,0.79018733,2556.849,7746.4821,0.00416423,0.12495788,3.996631,70.950227,6.1036414,0.00024414566,0.00492,0.80850041,0.15132055,717.92516,0.028717006,5.6210632,262862.37,64211.213,0.0042286079,0.12891833,4.1402495,71.612661,2.4037335,0.00012018667,0.005,0.97211171,0.15676182,595.13631,0.029756816,-0.063573174,0.1484963,-3.5450985,harmonic:0.1,harmonic,0.1
anime,w-high.g-none.v-none,100,run_shared_main_25k,shared_iw_likelihood_clip10,20,0,0.21762282,0.17376569,0,0.21883941,0.12165846,0.039399824,1,11,0.22621873,0.85959105,0.041643374,0.01,11,0.22621873,0.85959105,0.041643374,0.01,0.00033398374,0.099932551,0.059641099,0.0025155432,-0.0012989587,0.44369977,0.21046929,0.19695876,0.001841274,7,512,0.93407423,0.39381885,-0.49690558,0.16558783,0.7379326,0,0.29711684,0.29701846,0.29711738,0.29661327,0.29661327,0.29711684,-0.050357,7.0898107,0.7379326,0,7.7773863,0.29711784,0.050457,0.015401667,-13.436586,0.10882215,0.79018733,2556.849,7746.4821,0.00416423,0.12495788,3.996631,70.950227,6.1036414,0.00024414566,0.00492,0.80850041,0.15132055,717.92516,0.028717006,5.6210632,262862.37,64211.213,0.0042286079,0.12891833,4.1402495,71.612661,2.4037335,0.00012018667,0.005,0.97211171,0.15676182,595.13631,0.029756816,-0.075584514,0.10356711,-3.1773933,0.79018733,2556.849,7746.4821,0.00416423,0.12495788,3.996631,70.950227,6.1036414,0.00024414566,0.00492,0.80850041,0.15132055,717.92516,0.028717006,5.6210632,262862.37,64211.213,0.0042286079,0.12891833,4.1402495,71.612661,2.4037335,0.00012018667,0.005,0.97211171,0.15676182,595.13631,0.029756816,-0.075584514,0.10356711,-3.1773933,harmonic:0.1,harmonic,0.1
anime,w-high.g-none.v-none,100,run_shared_main_25k,shared_likelihood,20,0,0.21762282,0.17376569,9,0.25151246,3.3889633,0.049638017,0,6,0.25991855,4.2295723,0.044591194,0.001,13,0.26225598,4.4633155,0.045629353,0.01,0.37336034,0.14223266,0.89793285,0.048481359,-0.014591726,0.42749044,0.22719036,0.21863205,0.0015058425,13,1024,0.97535555,0.78362172,3.0889336,3.2733439,1.0743522,0.2337432,0.29711684,0.29701846,0.29711738,0.29661327,0.29661327,0.29701846,-0.040519,3.4762482,1.0743522,0.2337432,4.5100814,0.29711784,0.050457,0.42903458,-12.412767,0.53545365,0.79018733,2556.849,7746.4821,0.00416423,0.12495788,3.996631,70.950227,6.1036414,0.00024414566,0.00492,0.80850041,0.15132055,717.92516,0.028717006,5.6210632,262862.37,64211.213,0.0042286079,0.12891833,4.1402495,71.612661,2.4037335,0.00012018667,0.005,0.97211171,0.15676182,595.13631,0.029756816,-0.077949343,0.096474141,-2.7968588,0.79018733,2556.849,7746.4821,0.00416423,0.12495788,3.996631,70.950227,6.1036414,0.00024414566,0.00492,0.80850041,0.15132055,717.92516,0.028717006,5.6210632,262862.37,64211.213,0.0042286079,0.12891833,4.1402495,71.612661,2.4037335,0.00012018667,0.005,0.97211171,0.15676182,595.13631,0.029756816,-0.077949343,0.096474141,-2.7968588,harmonic:0.1,harmonic,0.1
anime,w-high.g-none.v-none,100,run_shared_main_25k,shared_opc,20,0,0.21762282,0.17376569,9,0.25082375,3.3200928,0.25073043,0,9,0.25082375,3.3200928,0.25073043,0,8,0.25307859,3.5455766,0.25090699,0.1,0.13089967,17.978758,0.76065203,0.042617811,-0.0094168821,,0.25986542,0.24784102,0.0015058425,13,1024,0.97535555,0.76065203,3.1909722,3.3660412,0.22548373,0.22548373,0.29711684,0.29701846,0.29711738,0.29661327,0.29661327,0.29661327,0,4.3534682,0.22548373,0.22548373,4.5789519,0.29711784,0.050457,0.42031574,7.6964737,0.42031574,0.79018733,2556.849,7746.4821,0.00416423,0.12495788,3.996631,70.950227,6.1036414,0.00024414566,0.00492,0.80850041,0.15132055,717.92516,0.028717006,5.6210632,262862.37,64211.213,0.0042286079,0.12891833,4.1402495,71.612661,2.4037335,0.00012018667,0.005,0.97211171,0.15676182,595.13631,0.029756816,,,,0.79018733,2556.849,7746.4821,0.00416423,0.12495788,3.996631,70.950227,6.1036414,0.00024414566,0.00492,0.80850041,0.15132055,717.92516,0.028717006,5.6210632,262862.37,64211.213,0.0042286079,0.12891833,4.1402495,71.612661,2.4037335,0.00012018667,0.005,0.97211171,0.15676182,595.13631,0.029756816,,,,harmonic:0.1,harmonic,0.1
anime,w-high.g-none.v-none,101,run_shared_main_25k,shared_iw_likelihood,20,0,0.19943815,0.1587894,18,0.19862527,-0.081288654,0.062264656,0,11,0.19261599,-0.68221694,0.068421853,0.1,2,0.19988777,0.044961616,0.066304265,1,0.00019851461,0.2587963,0.054018285,0.0013414811,-0.0021543676,0.44675246,0.19195956,0.17844372,4.1943229e-05,6,1024,0.87499423,0.35867568,-0.84481822,-0.62130676,0.12625027,0.72717855,0.29723264,0.29658574,0.29729292,0.29505505,0.29505505,0.29729292,-0.223787,9.7405149,0.12625027,0.72717855,9.6429782,0.29792488,0.286983,-0.0085014948,-9.652474,-0.071348995,0.37332604,29.720061,342.40087,0.0065336878,0.18952677,4.9674519,61.89147,116.69037,0.0046676147,0.00556,0.50992684,0.18295707,893.68609,0.035747444,0.64101082,375.57791,1621.1498,0.0066426051,0.20757562,6.3013665,71.993184,21.856761,0.0010928381,0.0065,0.67940962,0.2055019,761.89989,0.038094994,-0.045171991,0.25790609,-4.3826143,0.37332604,29.720061,342.40087,0.0065336878,0.18952677,4.9674519,61.89147,116.69037,0.0046676147,0.00556,0.50992684,0.18295707,893.68609,0.035747444,0.64101082,375.57791,1621.1498,0.0066426051,0.20757562,6.3013665,71.993184,21.856761,0.0010928381,0.0065,0.67940962,0.2055019,761.89989,0.038094994,-0.045171991,0.25790609,-4.3826143,harmonic:0.1,harmonic,0.1
anime,w-high.g-none.v-none,101,run_shared_main_25k,shared_iw_likelihood_clip10,20,0,0.19943815,0.1587894,13,0.19947675,0.0038599537,0.048708127,1,7,0.19561522,-0.38229344,0.054860738,0.1,12,0.1999558,0.051764581,0.049150407,1,7.4448064e-05,0.17558798,0.038392966,0.001226161,-0.0011875615,0.42117827,0.18739631,0.17421714,9.1109751e-05,6,512,0.86905738,0.39631273,-0.65705301,-0.32337371,0.047904628,0.43405802,0.29723264,0.29658574,0.29729292,0.29505505,0.29505505,0.29723264,-0.217759,9.7276839,0.047904628,0.43405802,9.5578295,0.29792488,0.286983,0.0004036895,-11.008127,-0.039981787,0.37332604,29.720061,342.40087,0.0065336878,0.18952677,4.9674519,61.89147,116.69037,0.0046676147,0.00556,0.50992684,0.18295707,893.68609,0.035747444,0.64101082,375.57791,1621.1498,0.0066426051,0.20757562,6.3013665,71.993184,21.856761,0.0010928381,0.0065,0.67940962,0.2055019,761.89989,0.038094994,-0.058142747,0.17477036,-3.6141806,0.37332604,29.720061,342.40087,0.0065336878,0.18952677,4.9674519,61.89147,116.69037,0.0046676147,0.00556,0.50992684,0.18295707,893.68609,0.035747444,0.64101082,375.57791,1621.1498,0.0066426051,0.20757562,6.3013665,71.993184,21.856761,0.0010928381,0.0065,0.67940962,0.2055019,761.89989,0.038094994,-0.058142747,0.17477036,-3.6141806,harmonic:0.1,harmonic,0.1
anime,w-high.g-none.v-none,101,run_shared_main_25k,shared_likelihood,20,0,0.19943815,0.1587894,19,0.24535188,4.5913728,0.046595113,0,19,0.24535188,4.5913728,0.046595113,0,19,0.24535188,4.5913728,0.046595113,0,0.14664675,0.15034913,0.80588624,0.053643212,-0.0077294839,0.40934515,0.22462186,0.21389788,0.00072693248,23,2048,0.95087739,0.80588624,2.9317462,3.280781,0,0,0.29723264,0.29658574,0.29729292,0.29505505,0.29505505,0.29658574,-0.153069,5.1233857,0,0,4.9703167,0.29792488,0.286983,0.48018426,-11.219428,0.48018426,0.37332604,29.720061,342.40087,0.0065336878,0.18952677,4.9674519,61.89147,116.69037,0.0046676147,0.00556,0.50992684,0.18295707,893.68609,0.035747444,0.64101082,375.57791,1621.1498,0.0066426051,0.20757562,6.3013665,71.993184,21.856761,0.0010928381,0.0065,0.67940962,0.2055019,761.89989,0.038094994,-0.069643299,0.12377388,-3.1626182,0.37332604,29.720061,342.40087,0.0065336878,0.18952677,4.9674519,61.89147,116.69037,0.0046676147,0.00556,0.50992684,0.18295707,893.68609,0.035747444,0.64101082,375.57791,1621.1498,0.0066426051,0.20757562,6.3013665,71.993184,21.856761,0.0010928381,0.0065,0.67940962,0.2055019,761.89989,0.038094994,-0.069643299,0.12377388,-3.1626182,harmonic:0.1,harmonic,0.1
anime,w-high.g-none.v-none,101,run_shared_main_25k,shared_opc,20,0,0.19943815,0.1587894,7,0.22993578,3.0497625,0.2297161,0.1,7,0.22993578,3.0497625,0.2297161,0.1,14,0.23075229,3.1314133,0.22912374,0,0.04521665,13.697443,0.59930698,0.036688748,-0.0061911227,,0.21975365,0.20696023,0.00128873,23,2048,0.90688967,0.59930698,2.5364901,2.7167313,0.081650814,0.081650814,0.29723264,0.29658574,0.29729292,0.29505505,0.29505505,0.29505505,0,6.4302762,0.081650814,0.081650814,6.511927,0.29792488,0.286983,0.31895645,7.09267,0.31895645,0.37332604,29.720061,342.40087,0.0065336878,0.18952677,4.9674519,61.89147,116.69037,0.0046676147,0.00556,0.50992684,0.18295707,893.68609,0.035747444,0.64101082,375.57791,1621.1498,0.0066426051,0.20757562,6.3013665,71.993184,21.856761,0.0010928381,0.0065,0.67940962,0.2055019,761.89989,0.038094994,,,,0.37332604,29.720061,342.40087,0.0065336878,0.18952677,4.9674519,61.89147,116.69037,0.0046676147,0.00556,0.50992684,0.18295707,893.68609,0.035747444,0.64101082,375.57791,1621.1498,0.0066426051,0.20757562,6.3013665,71.993184,21.856761,0.0010928381,0.0065,0.67940962,0.2055019,761.89989,0.038094994,,,,harmonic:0.1,harmonic,0.1
anime,w-none.g-high.v-none,100,run_shared_main_25k,shared_iw_likelihood,20,0,0.23454601,0.18681187,0,0.23457854,0.0032528015,0.064691262,1,10,0.23362095,-0.092506698,0.065244167,0.01,16,0.23531557,0.076956212,0.066488865,1,0.0016195676,0.24954388,0.11869192,0.0032548532,-0.0032223252,0.48365533,0.23662365,0.22244531,0.001841274,7,512,0.93407423,0.27803995,-0.73339531,0.014327706,0.073703411,0.16946291,0.25606234,0.26001884,0.25195638,0.26735607,0.26735607,0.25195638,1.539969,1.6640805,0.073703411,0.16946291,3.2777529,0.29711784,2.976177,0.0009914038,-12.212061,-0.028194616,0.40842156,173.24508,1873.5781,0.0045234837,0.13610477,4.093363,60.640762,24.047972,0.00096191888,0.0048,0.61861209,0.15576705,763.28983,0.030531593,0.47447163,228.81325,1741.6593,0.0043868784,0.12506548,4.1862775,69.759829,19.658132,0.0009829066,0.00465,0.68248223,0.15065318,569.88267,0.028494133,-0.047893248,0.23768775,-4.1401271,0.40842156,173.24508,1873.5781,0.0045234837,0.13610477,4.093363,60.640762,24.047972,0.00096191888,0.0048,0.61861209,0.15576705,763.28983,0.030531593,0.47447163,228.81325,1741.6593,0.0043868784,0.12506548,4.1862775,69.759829,19.658132,0.0009829066,0.00465,0.68248223,0.15065318,569.88267,0.028494133,-0.047893248,0.23768775,-4.1401271,harmonic:0.1,harmonic,0.1
anime,w-none.g-high.v-none,100,run_shared_main_25k,shared_iw_likelihood_clip10,20,0,0.23454601,0.18681187,14,0.23535138,0.080536626,0.045622993,0,6,0.23366478,-0.088123523,0.049181988,0.001,11,0.23674982,0.22038066,0.047009258,0.01,0.00021745876,0.13986267,0.044291437,0.0016428122,-0.00083744595,0.45698161,0.23541136,0.22119418,3.4911397e-05,30,2048,0.88813975,0.42446823,-0.85004473,0.08260659,0.13984403,0.30850418,0.25606234,0.26001884,0.25195638,0.26735607,0.26735607,0.25606234,1.129373,1.9312521,0.13984403,0.30850418,3.2004691,0.29711784,2.976177,0.024546323,-14.118888,-0.026858692,0.40842156,173.24508,1873.5781,0.0045234837,0.13610477,4.093363,60.640762,24.047972,0.00096191888,0.0048,0.61861209,0.15576705,763.28983,0.030531593,0.47447163,228.81325,1741.6593,0.0043868784,0.12506548,4.1862775,69.759829,19.658132,0.0009829066,0.00465,0.68248223,0.15065318,569.88267,0.028494133,-0.065652516,0.13951607,-3.3478919,0.40842156,173.24508,1873.5781,0.0045234837,0.13610477,4.093363,60.640762,24.047972,0.00096191888,0.0048,0.61861209,0.15576705,763.28983,0.030531593,0.47447163,228.81325,1741.6593,0.0043868784,0.12506548,4.1862775,69.759829,19.658132,0.0009829066,0.00465,0.68248223,0.15065318,569.88267,0.028494133,-0.065652516,0.13951607,-3.3478919,harmonic:0.1,harmonic,0.1
anime,w-none.g-high.v-none,100,run_shared_main_25k,shared_likelihood,20,0,0.23454601,0.18681187,7,0.24827986,1.3733844,0.048003801,0.001,11,0.2486928,1.414679,0.048356487,0.01,10,0.24888101,1.4335001,0.048363734,0.01,0.026163764,0.13848571,0.45548878,0.020556106,-0.0068222613,0.45345041,0.25839068,0.24439662,0.00015485333,17,512,0.95614274,0.46141685,1.0097242,1.046356,0.060115627,0.018821025,0.25606234,0.26001884,0.25195638,0.26735607,0.26735607,0.26001884,0.733723,1.1137827,0.060115627,0.018821025,1.9076213,0.29711784,2.976177,0.41858642,-13.880807,0.43117238,0.40842156,173.24508,1873.5781,0.0045234837,0.13610477,4.093363,60.640762,24.047972,0.00096191888,0.0048,0.61861209,0.15576705,763.28983,0.030531593,0.47447163,228.81325,1741.6593,0.0043868784,0.12506548,4.1862775,69.759829,19.658132,0.0009829066,0.00465,0.68248223,0.15065318,569.88267,0.028494133,-0.064463545,0.14458231,-3.2990141,0.40842156,173.24508,1873.5781,0.0045234837,0.13610477,4.093363,60.640762,24.047972,0.00096191888,0.0048,0.61861209,0.15576705,763.28983,0.030531593,0.47447163,228.81325,1741.6593,0.0043868784,0.12506548,4.1862775,69.759829,19.658132,0.0009829066,0.00465,0.68248223,0.15065318,569.88267,0.028494133,-0.064463545,0.14458231,-3.2990141,harmonic:0.1,harmonic,0.1
anime,w-none.g-high.v-none,100,run_shared_main_25k,shared_opc,20,0,0.23454601,0.18681187,6,0.24725161,1.2705601,0.24623471,0.001,4,0.24729413,1.2748116,0.24004904,0.1,2,0.24769304,1.3147025,0.24529029,0,0.040569946,5.7387424,0.52338484,0.021906092,-0.009200491,,0.25439944,0.24094954,0.00039945421,22,2048,0.96839367,0.41325425,1.0691551,1.1248983,0.044142468,0.039890974,0.25606234,0.26001884,0.25195638,0.26735607,0.26735607,0.26735607,0,1.9663032,0.044142468,0.039890974,2.0104456,0.29711784,2.976177,0.38724714,5.9422836,0.38854293,0.40842156,173.24508,1873.5781,0.0045234837,0.13610477,4.093363,60.640762,24.047972,0.00096191888,0.0048,0.61861209,0.15576705,763.28983,0.030531593,0.47447163,228.81325,1741.6593,0.0043868784,0.12506548,4.1862775,69.759829,19.658132,0.0009829066,0.00465,0.68248223,0.15065318,569.88267,0.028494133,,,,0.40842156,173.24508,1873.5781,0.0045234837,0.13610477,4.093363,60.640762,24.047972,0.00096191888,0.0048,0.61861209,0.15576705,763.28983,0.030531593,0.47447163,228.81325,1741.6593,0.0043868784,0.12506548,4.1862775,69.759829,19.658132,0.0009829066,0.00465,0.68248223,0.15065318,569.88267,0.028494133,,,,harmonic:0.1,harmonic,0.1
anime,w-none.g-high.v-none,101,run_shared_main_25k,shared_iw_likelihood,20,0,0.22372447,0.17991698,19,0.21026061,-1.3463861,0.072351559,0,16,0.22396583,0.02413646,0.065695376,1,3,0.22512362,0.13991472,0.065761448,0,0.051886082,0.30675316,0.5603635,0.012202114,-0.025665975,0.56772667,0.20434302,0.19191409,0.00049269331,23,2048,0.95087739,0.087363305,-0.17284653,0.023476162,1.4863008,0.11577826,0.25411013,0.25746267,0.24549596,0.26735143,0.26735143,0.24549596,2.185547,2.0372342,1.4863008,0.11577826,5.7090821,0.29792488,3.057345,-0.30861332,-10.756542,0.0055324643,0.35320182,91.393079,1156.3054,0.0039114927,0.11466805,3.1255186,51.747789,34.078476,0.001363139,0.00356,0.62773508,0.13148465,682.97478,0.027318991,0.39259592,112.12054,1232.6207,0.0040877448,0.11928881,3.0598506,56.939725,27.456158,0.0013728079,0.0047,0.65470657,0.13556079,531.85293,0.026592646,-0.04656384,0.24735884,-4.3111955,0.35320182,91.393079,1156.3054,0.0039114927,0.11466805,3.1255186,51.747789,34.078476,0.001363139,0.00356,0.62773508,0.13148465,682.97478,0.027318991,0.39259592,112.12054,1232.6207,0.0040877448,0.11928881,3.0598506,56.939725,27.456158,0.0013728079,0.0047,0.65470657,0.13556079,531.85293,0.026592646,-0.04656384,0.24735884,-4.3111955,harmonic:0.1,harmonic,0.1
anime,w-none.g-high.v-none,101,run_shared_main_25k,shared_iw_likelihood_clip10,20,0,0.22372447,0.17991698,17,0.22267694,-0.10475321,0.055336617,0.1,0,0.22463642,0.091194602,0.054001757,0,5,0.22517806,0.14535896,0.052464753,0,0.0083857002,0.20285183,0.32173978,0.0093223241,-0.010369856,0.47369698,0.22120357,0.20751412,0.00097624396,8,1024,0.8588127,0.31171507,-0.19417961,0.029943654,0.25011217,0.054164356,0.25411013,0.25746267,0.24549596,0.26735143,0.26735143,0.25411013,1.32413,2.893207,0.25011217,0.054164356,4.4674492,0.29792488,3.057345,-0.024011118,-12.458036,0.020903268,0.35320182,91.393079,1156.3054,0.0039114927,0.11466805,3.1255186,51.747789,34.078476,0.001363139,0.00356,0.62773508,0.13148465,682.97478,0.027318991,0.39259592,112.12054,1232.6207,0.0040877448,0.11928881,3.0598506,56.939725,27.456158,0.0013728079,0.0047,0.65470657,0.13556079,531.85293,0.026592646,-0.058432111,0.17325976,-3.7139879,0.35320182,91.393079,1156.3054,0.0039114927,0.11466805,3.1255186,51.747789,34.078476,0.001363139,0.00356,0.62773508,0.13148465,682.97478,0.027318991,0.39259592,112.12054,1232.6207,0.0040877448,0.11928881,3.0598506,56.939725,27.456158,0.0013728079,0.0047,0.65470657,0.13556079,531.85293,0.026592646,-0.058432111,0.17325976,-3.7139879,harmonic:0.1,harmonic,0.1
anime,w-none.g-high.v-none,101,run_shared_main_25k,shared_likelihood,20,0,0.22372447,0.17991698,4,0.24143721,1.7712739,0.046589614,0.01,15,0.24272697,1.9002496,0.046202964,0.001,0,0.24284229,1.9117816,0.046126237,0,0.053868361,0.14171074,0.5821918,0.027600348,-0.0098876091,0.44861415,0.22975586,0.21727552,0.00043393462,21,512,0.92812183,0.51780411,1.5256109,1.7499836,0.14050773,0.011531984,0.25411013,0.25746267,0.24549596,0.26735143,0.26735143,0.25746267,0.988876,1.4620383,0.14050773,0.011531984,2.5914221,0.29792488,3.057345,0.40600443,-13.332736,0.43556774,0.35320182,91.393079,1156.3054,0.0039114927,0.11466805,3.1255186,51.747789,34.078476,0.001363139,0.00356,0.62773508,0.13148465,682.97478,0.027318991,0.39259592,112.12054,1232.6207,0.0040877448,0.11928881,3.0598506,56.939725,27.456158,0.0013728079,0.0047,0.65470657,0.13556079,531.85293,0.026592646,-0.066658173,0.13536977,-3.322594,0.35320182,91.393079,1156.3054,0.0039114927,0.11466805,3.1255186,51.747789,34.078476,0.001363139,0.00356,0.62773508,0.13148465,682.97478,0.027318991,0.39259592,112.12054,1232.6207,0.0040877448,0.11928881,3.0598506,56.939725,27.456158,0.0013728079,0.0047,0.65470657,0.13556079,531.85293,0.026592646,-0.066658173,0.13536977,-3.322594,harmonic:0.1,harmonic,0.1
anime,w-none.g-high.v-none,101,run_shared_main_25k,shared_opc,20,0,0.22372447,0.17991698,9,0.239512,1.5787533,0.2394408,0.1,13,0.23765538,1.3930909,0.23317948,1,10,0.2429736,1.9249129,0.23969221,0,0.03355293,13.193469,0.56099768,0.025984388,-0.010196856,,0.23053346,0.21796559,0.00091029002,8,512,0.80199527,0.34351956,1.6583087,1.7288287,0.3461597,0.53182203,0.25411013,0.25746267,0.24549596,0.26735143,0.26735143,0.26735143,0,2.437783,0.3461597,0.53182203,2.7839427,0.29792488,3.057345,0.36187561,5.9523822,0.31931882,0.35320182,91.393079,1156.3054,0.0039114927,0.11466805,3.1255186,51.747789,34.078476,0.001363139,0.00356,0.62773508,0.13148465,682.97478,0.027318991,0.39259592,112.12054,1232.6207,0.0040877448,0.11928881,3.0598506,56.939725,27.456158,0.0013728079,0.0047,0.65470657,0.13556079,531.85293,0.026592646,,,,0.35320182,91.393079,1156.3054,0.0039114927,0.11466805,3.1255186,51.747789,34.078476,0.001363139,0.00356,0.62773508,0.13148465,682.97478,0.027318991,0.39259592,112.12054,1232.6207,0.0040877448,0.11928881,3.0598506,56.939725,27.456158,0.0013728079,0.0047,0.65470657,0.13556079,531.85293,0.026592646,,,,harmonic:0.1,harmonic,0.1
anime,w-none.g-none.v-high,100,run_shared_main_25k,shared_iw_likelihood,20,0,0.22952611,0.18473591,1,0.2293437,-0.018241003,0.10655425,1,10,0.22905665,-0.046945807,0.10983879,0.01,7,0.23037068,0.084456835,0.10705122,0.001,0.00098922208,0.47547707,0.1038624,0.0030156047,-0.0031980147,0.68734387,0.21921174,0.20580849,0.00029962801,16,512,0.97966135,0.29266483,-0.2696741,0.0050455778,0.10269784,0.13140264,0.23603907,0.24345145,0.2350556,0.24999019,0.24999019,0.2350556,1.493459,0.46849225,0.10269784,0.13140264,2.0646491,0.29711784,4.712765,-0.0089136685,-7.8181664,-0.022940589,1.030317,1348.9111,4026.0896,0.0045308665,0.16112902,4.8096136,129.52244,19.658787,0.00078635148,0.00632,0.82966225,0.17550188,820.58019,0.032823207,0.7196363,490.20989,2005.2409,0.0046566545,0.15897731,5.0877334,128.67847,21.106464,0.0010553232,0.00605,0.75384771,0.17714012,655.46497,0.032773248,-0.024125408,0.48492441,-5.9455967,1.030317,1348.9111,4026.0896,0.0045308665,0.16112902,4.8096136,129.52244,19.658787,0.00078635148,0.00632,0.82966225,0.17550188,820.58019,0.032823207,0.7196363,490.20989,2005.2409,0.0046566545,0.15897731,5.0877334,128.67847,21.106464,0.0010553232,0.00605,0.75384771,0.17714012,655.46497,0.032773248,-0.024125408,0.48492441,-5.9455967,harmonic:0.1,harmonic,0.1
anime,w-none.g-none.v-high,100,run_shared_main_25k,shared_iw_likelihood_clip10,20,0,0.22952611,0.18473591,19,0.22986758,0.034147077,0.073093795,1,11,0.22988094,0.035482755,0.074862736,0.01,3,0.23052476,0.0998653,0.073421515,0,0.00044911634,0.30787644,0.077430906,0.002473022,-0.0021315513,0.522144,0.22160834,0.2080532,0.00021057318,19,1024,0.99128752,0.22283688,-0.41570457,0.029782052,0.065718222,0.064382545,0.23603907,0.24345145,0.2350556,0.24999019,0.24999019,0.23603907,1.395112,0.55143078,0.065718222,0.064382545,2.012261,0.29711784,4.712765,0.016686348,-11.164212,0.017339041,1.030317,1348.9111,4026.0896,0.0045308665,0.16112902,4.8096136,129.52244,19.658787,0.00078635148,0.00632,0.82966225,0.17550188,820.58019,0.032823207,0.7196363,490.20989,2005.2409,0.0046566545,0.15897731,5.0877334,128.67847,21.106464,0.0010553232,0.00605,0.75384771,0.17714012,655.46497,0.032773248,-0.039716576,0.3037661,-4.5106132,1.030317,1348.9111,4026.0896,0.0045308665,0.16112902,4.8096136,129.52244,19.658787,0.00078635148,0.00632,0.82966225,0.17550188,820.58019,0.032823207,0.7196363,490.20989,2005.2409,0.0046566545,0.15897731,5.0877334,128.67847,21.106464,0.0010553232,0.00605,0.75384771,0.17714012,655.46497,0.032773248,-0.039716576,0.3037661,-4.5106132,harmonic:0.1,harmonic,0.1
anime,w-none.g-none.v-high,100,run_shared_main_25k,shared_likelihood,20,0,0.22952611,0.18473591,1,0.23064291,0.11168026,0.044382212,1,8,0.23192109,0.2394978,0.044961803,0.1,3,0.23326876,0.37426506,0.045221093,0,0.00088857336,0.14061497,0.10779446,0.003821601,-0.0027047984,0.4541517,0.22216134,0.20871976,0.00050753225,16,512,0.97966135,0.28064228,0.077623153,0.16900555,0.2625848,0.13476726,0.23603907,0.24345145,0.2350556,0.24999019,0.24999019,0.24345145,0.653874,1.018269,0.2625848,0.13476726,1.9347278,0.29711784,4.712765,0.054573798,-14.03537,0.11703326,1.030317,1348.9111,4026.0896,0.0045308665,0.16112902,4.8096136,129.52244,19.658787,0.00078635148,0.00632,0.82966225,0.17550188,820.58019,0.032823207,0.7196363,490.20989,2005.2409,0.0046566545,0.15897731,5.0877334,128.67847,21.106464,0.0010553232,0.00605,0.75384771,0.17714012,655.46497,0.032773248,-0.064848358,0.14292279,-3.1878386,1.030317,1348.9111,4026.0896,0.0045308665,0.16112902,4.8096136,129.52244,19.658787,0.00078635148,0.00632,0.82966225,0.17550188,820.58019,0.032823207,0.7196363,490.20989,2005.2409,0.0046566545,0.15897731,5.0877334,128.67847,21.106464,0.0010553232,0.00605,0.75384771,0.17714012,655.46497,0.032773248,-0.064848358,0.14292279,-3.1878386,harmonic:0.1,harmonic,0.1
anime,w-none.g-none.v-high,100,run_shared_main_25k,shared_opc,20,0,0.22952611,0.18473591,10,0.2336234,0.40972927,0.23322087,0.01,4,0.23584354,0.63174263,0.23064781,0.1,3,0.23598711,0.64609959,0.23009423,0,0.030075129,6.3926058,0.44981727,0.015411049,-0.011313756,,0.23108074,0.21764358,0.00054675158,5,512,0.91825129,0.40250932,0.38404722,0.4195785,0.23637032,0.014356962,0.23603907,0.24345145,0.2350556,0.24999019,0.24999019,0.24999019,0,1.4003085,0.23637032,0.014356962,1.6366788,0.29711784,4.712765,0.20021875,4.8484959,0.30870804,1.030317,1348.9111,4026.0896,0.0045308665,0.16112902,4.8096136,129.52244,19.658787,0.00078635148,0.00632,0.82966225,0.17550188,820.58019,0.032823207,0.7196363,490.20989,2005.2409,0.0046566545,0.15897731,5.0877334,128.67847,21.106464,0.0010553232,0.00605,0.75384771,0.17714012,655.46497,0.032773248,,,,1.030317,1348.9111,4026.0896,0.0045308665,0.16112902,4.8096136,129.52244,19.658787,0.00078635148,0.00632,0.82966225,0.17550188,820.58019,0.032823207,0.7196363,490.20989,2005.2409,0.0046566545,0.15897731,5.0877334,128.67847,21.106464,0.0010553232,0.00605,0.75384771,0.17714012,655.46497,0.032773248,,,,harmonic:0.1,harmonic,0.1
anime,w-none.g-none.v-high,101,run_shared_main_25k,shared_iw_likelihood,20,0,0.22230961,0.17750269,13,0.22214787,-0.016174554,0.064594334,1,9,0.21584553,-0.64640775,0.06878096,0.1,6,0.22219118,-0.011843628,0.065125059,0.01,0.00026943171,0.28829613,0.057647241,0.0017692412,-0.0019309867,0.51919354,0.21310123,0.19988681,9.1109751e-05,6,512,0.86905738,0.33168637,-0.64835686,-0.41484199,0.0043309264,0.63456412,0.22817144,0.2375112,0.22633309,0.24564473,0.24564473,0.22633309,1.931164,0.41419145,0.0043309264,0.63456412,2.3496864,0.29792488,5.228015,-0.0069314215,-11.290836,-0.2770107,0.6683291,503.26437,2280.2298,0.004758031,0.19479994,5.1690836,100.44139,22.168652,0.00088674608,0.00552,0.72110111,0.18639624,906.05863,0.036242345,0.60236329,236.18405,1344.2892,0.004820819,0.18940907,5.3992628,101.33927,30.67819,0.0015339095,0.0063,0.68401163,0.19033979,721.05927,0.036052964,-0.041136707,0.29109628,-4.1145993,0.6683291,503.26437,2280.2298,0.004758031,0.19479994,5.1690836,100.44139,22.168652,0.00088674608,0.00552,0.72110111,0.18639624,906.05863,0.036242345,0.60236329,236.18405,1344.2892,0.004820819,0.18940907,5.3992628,101.33927,30.67819,0.0015339095,0.0063,0.68401163,0.19033979,721.05927,0.036052964,-0.041136707,0.29109628,-4.1145993,harmonic:0.1,harmonic,0.1
anime,w-none.g-none.v-high,101,run_shared_main_25k,shared_iw_likelihood_clip10,20,0,0.22230961,0.17750269,18,0.22195759,-0.035202342,0.04895898,0,1,0.22076709,-0.15425195,0.050314515,0.1,12,0.22222314,-0.0086473711,0.049847557,1,0.00018625459,0.19217823,0.044681774,0.001246572,-0.0015985954,0.45472793,0.21193151,0.19877583,4.1943229e-05,6,1024,0.87499423,0.14848845,-0.79808565,-0.49777516,0.026554971,0.14560458,0.22817144,0.2375112,0.22633309,0.24564473,0.24564473,0.22817144,1.747329,0.5948302,0.026554971,0.14560458,2.3687142,0.29792488,5.228015,-0.015085564,-12.854371,-0.066102922,0.6683291,503.26437,2280.2298,0.004758031,0.19479994,5.1690836,100.44139,22.168652,0.00088674608,0.00552,0.72110111,0.18639624,906.05863,0.036242345,0.60236329,236.18405,1344.2892,0.004820819,0.18940907,5.3992628,101.33927,30.67819,0.0015339095,0.0063,0.68401163,0.19033979,721.05927,0.036052964,-0.05498423,0.19214079,-3.5114716,0.6683291,503.26437,2280.2298,0.004758031,0.19479994,5.1690836,100.44139,22.168652,0.00088674608,0.00552,0.72110111,0.18639624,906.05863,0.036242345,0.60236329,236.18405,1344.2892,0.004820819,0.18940907,5.3992628,101.33927,30.67819,0.0015339095,0.0063,0.68401163,0.19033979,721.05927,0.036052964,-0.05498423,0.19214079,-3.5114716,harmonic:0.1,harmonic,0.1
anime,w-none.g-none.v-high,101,run_shared_main_25k,shared_likelihood,20,0,0.22230961,0.17750269,8,0.22482132,0.25117096,0.041950323,0,17,0.2226414,0.033179314,0.04195822,0.1,8,0.22482132,0.25117096,0.041950323,0,0.003372102,0.13611601,0.16528211,0.0065547065,-0.0040429969,0.44640664,0.22055551,0.20727112,0.00024667681,15,2048,0.84109863,0.31483792,0.049766669,0.093512009,0,0.21799165,0.22817144,0.2375112,0.22633309,0.24564473,0.24564473,0.2375112,0.813353,1.2689879,0,0.21799165,2.0823409,0.29792488,5.228015,0.10763646,-13.555237,0.014218619,0.6683291,503.26437,2280.2298,0.004758031,0.19479994,5.1690836,100.44139,22.168652,0.00088674608,0.00552,0.72110111,0.18639624,906.05863,0.036242345,0.60236329,236.18405,1344.2892,0.004820819,0.18940907,5.3992628,101.33927,30.67819,0.0015339095,0.0063,0.68401163,0.19033979,721.05927,0.036052964,-0.065851549,0.1386855,-3.1579735,0.6683291,503.26437,2280.2298,0.004758031,0.19479994,5.1690836,100.44139,22.168652,0.00088674608,0.00552,0.72110111,0.18639624,906.05863,0.036242345,0.60236329,236.18405,1344.2892,0.004820819,0.18940907,5.3992628,101.33927,30.67819,0.0015339095,0.0063,0.68401163,0.19033979,721.05927,0.036052964,-0.065851549,0.1386855,-3.1579735,harmonic:0.1,harmonic,0.1
anime,w-none.g-none.v-high,101,run_shared_main_25k,shared_opc,20,0,0.22230961,0.17750269,17,0.22298944,0.067982848,0.2228578,0.1,1,0.22746847,0.51588562,0.22258678,0.1,8,0.22828872,0.5979104,0.21760694,0,0.028957928,13.985789,0.4053983,0.013184823,-0.012504995,,0.22137459,0.20837447,0.0011913199,8,1024,0.8588127,0.3120564,0.25998504,0.24469376,0.52992755,0.082024786,0.22817144,0.2375112,0.22633309,0.24564473,0.24564473,0.24564473,0,1.7356014,0.52992755,0.082024786,2.265529,0.29792488,5.228015,0.029133278,4.535511,0.22107692,0.6683291,503.26437,2280.2298,0.004758031,0.19479994,5.1690836,100.44139,22.168652,0.00088674608,0.00552,0.72110111,0.18639624,906.05863,0.036242345,0.60236329,236.18405,1344.2892,0.004820819,0.18940907,5.3992628,101.33927,30.67819,0.0015339095,0.0063,0.68401163,0.19033979,721.05927,0.036052964,,,,0.6683291,503.26437,2280.2298,0.004758031,0.19479994,5.1690836,100.44139,22.168652,0.00088674608,0.00552,0.72110111,0.18639624,906.05863,0.036242345,0.60236329,236.18405,1344.2892,0.004820819,0.18940907,5.3992628,101.33927,30.67819,0.0015339095,0.0063,0.68401163,0.19033979,721.05927,0.036052964,,,,harmonic:0.1,harmonic,0.1
kuairand,high,100,run_shared_main_25k,shared_iw_likelihood,20,0,0.1354483,0.11024683,5,0.13379742,-0.16508803,0.044331168,1,8,0.13475705,-0.069125027,0.041710801,0.1,18,0.13561983,0.017152937,0.038781633,0.1,0.0056828237,0.30161142,0.2014954,0.005805842,-0.0074567223,0.4501269,0.13080509,0.12141145,0.0019820474,26,2048,0.9564551,0.22355155,-0.48761164,-0.05869014,0.18224097,0.086277964,0.22567603,0.2335579,0.22289304,0.25590048,0.25590048,0.22289304,3.300744,8.7273214,0.18224097,0.086277964,12.210306,0.29237682,3.647634,-0.01370569,-6.5915664,-0.005738794,0.86319195,952.65196,4480.88,0.0073220606,0.41136514,8.3268966,99.176129,19.538038,0.00078152154,0.00864,0.66712807,0.28733237,1371.3896,0.054855583,2.3336585,52062.238,32206.812,0.0076707443,0.39034006,9.7141495,99.6826,2.091878,0.0001045939,0.00965,0.87542131,0.29072413,1056.3287,0.052816433,-0.051941891,0.21050272,-4.0828175,0.86319195,952.65196,4480.88,0.0073220606,0.41136514,8.3268966,99.176129,19.538038,0.00078152154,0.00864,0.66712807,0.28733237,1371.3896,0.054855583,2.3336585,52062.238,32206.812,0.0076707443,0.39034006,9.7141495,99.6826,2.091878,0.0001045939,0.00965,0.87542131,0.29072413,1056.3287,0.052816433,-0.051941891,0.21050272,-4.0828175,harmonic:0.1,harmonic,0.1
kuairand,high,100,run_shared_main_25k,shared_iw_likelihood_clip10,20,0,0.1354483,0.11024683,11,0.1400506,0.46023033,0.033213002,0.01,2,0.14157513,0.61268334,0.034603979,0,10,0.14158993,0.6141634,0.034162292,0.01,0.0042368066,0.12865099,0.1768378,0.0087726575,-0.0041703542,0.30655778,0.13651688,0.12699172,9.3577616e-05,29,1024,0.93878402,0.31447518,-0.22429558,0.059677906,0.15393308,0.0014800598,0.22567603,0.2335579,0.22289304,0.25590048,0.25590048,0.22567603,3.022445,8.40861,0.15393308,0.0014800598,11.584988,0.29237682,3.647634,0.03820855,-7.7033829,0.050865275,0.86319195,952.65196,4480.88,0.0073220606,0.41136514,8.3268966,99.176129,19.538038,0.00078152154,0.00864,0.66712807,0.28733237,1371.3896,0.054855583,2.3336585,52062.238,32206.812,0.0076707443,0.39034006,9.7141495,99.6826,2.091878,0.0001045939,0.00965,0.87542131,0.29072413,1056.3287,0.052816433,-0.07238358,0.11400563,-3.6338269,0.86319195,952.65196,4480.88,0.0073220606,0.41136514,8.3268966,99.176129,19.538038,0.00078152154,0.00864,0.66712807,0.28733237,1371.3896,0.054855583,2.3336585,52062.238,32206.812,0.0076707443,0.39034006,9.7141495,99.6826,2.091878,0.0001045939,0.00965,0.87542131,0.29072413,1056.3287,0.052816433,-0.07238358,0.11400563,-3.6338269,harmonic:0.1,harmonic,0.1
kuairand,high,100,run_shared_main_25k,shared_likelihood,20,0,0.1354483,0.11024683,9,0.21146915,7.6020851,0.040412401,0,13,0.20766273,7.2214429,0.039198504,0.01,15,0.212146,7.6697707,0.04002135,0.001,0.26232311,0.13455111,0.80731161,0.083767065,-0.0077462142,0.28792069,0.18364943,0.1747677,0.0015058425,13,1024,0.97535555,0.68049152,4.9714616,5.1402936,0.067685596,0.44832777,0.22567603,0.2335579,0.22289304,0.25590048,0.25590048,0.2335579,2.234258,2.1411897,0.067685596,0.44832777,4.4431333,0.29237682,3.647634,0.63112887,-6.9834431,0.59952777,0.86319195,952.65196,4480.88,0.0073220606,0.41136514,8.3268966,99.176129,19.538038,0.00078152154,0.00864,0.66712807,0.28733237,1371.3896,0.054855583,2.3336585,52062.238,32206.812,0.0076707443,0.39034006,9.7141495,99.6826,2.091878,0.0001045939,0.00965,0.87542131,0.29072413,1056.3287,0.052816433,-0.05762108,0.17752703,-4.1663683,0.86319195,952.65196,4480.88,0.0073220606,0.41136514,8.3268966,99.176129,19.538038,0.00078152154,0.00864,0.66712807,0.28733237,1371.3896,0.054855583,2.3336585,52062.238,32206.812,0.0076707443,0.39034006,9.7141495,99.6826,2.091878,0.0001045939,0.00965,0.87542131,0.29072413,1056.3287,0.052816433,-0.05762108,0.17752703,-4.1663683,harmonic:0.1,harmonic,0.1
kuairand,high,100,run_shared_main_25k,shared_opc,20,0,0.1354483,0.11024683,9,0.20435212,6.890382,0.20427696,0,9,0.20435212,6.890382,0.20427696,0,9,0.20435212,6.890382,0.20427696,0,0.14908293,18.365091,0.75219027,0.077130009,-0.0082261888,,0.19754351,0.18855745,0.0015058425,13,1024,0.97535555,0.75219027,5.5867451,5.9409928,0,0,0.22567603,0.2335579,0.22289304,0.25590048,0.25590048,0.25590048,0,5.1548364,0,0,5.1548364,0.29237682,3.647634,0.57204293,9.4030123,0.57204293,0.86319195,952.65196,4480.88,0.0073220606,0.41136514,8.3268966,99.176129,19.538038,0.00078152154,0.00864,0.66712807,0.28733237,1371.3896,0.054855583,2.3336585,52062.238,32206.812,0.0076707443,0.39034006,9.7141495,99.6826,2.091878,0.0001045939,0.00965,0.87542131,0.29072413,1056.3287,0.052816433,,,,0.86319195,952.65196,4480.88,0.0073220606,0.41136514,8.3268966,99.176129,19.538038,0.00078152154,0.00864,0.66712807,0.28733237,1371.3896,0.054855583,2.3336585,52062.238,32206.812,0.0076707443,0.39034006,9.7141495,99.6826,2.091878,0.0001045939,0.00965,0.87542131,0.29072413,1056.3287,0.052816433,,,,harmonic:0.1,harmonic,0.1
kuairand,high,101,run_shared_main_25k,shared_iw_likelihood,20,0,0.15518624,0.12155841,15,0.16715039,1.1964151,0.058629619,0.001,4,0.1712375,1.6051264,0.059125839,0.01,4,0.1712375,1.6051264,0.059125839,0.01,0.012882562,0.4206875,0.2850301,0.018902684,-0.0069385323,0.57344137,0.15430199,0.14453061,0.00033966079,22,1024,0.85890555,0.38265754,0.87789257,0.94842827,0.40871124,0,0.24139499,0.24380617,0.23994059,0.26437716,0.26437716,0.23994059,2.443657,6.8703087,0.40871124,0,9.7226769,0.30529663,4.091947,0.10957094,-6.2928789,0.14700182,1.2376627,5397.97,11190.19,0.013249245,0.57980664,10.090192,71.662285,7.0923625,0.0002836945,0.01012,0.71920772,0.34752613,1675.4455,0.067017822,0.78974531,173.76152,1305.052,0.013331929,0.55669332,10.354041,143.93339,71.531024,0.0035765512,0.0103,0.57468082,0.33589383,1309.7313,0.065486567,-0.032910623,0.37257433,-4.9715412,1.2376627,5397.97,11190.19,0.013249245,0.57980664,10.090192,71.662285,7.0923625,0.0002836945,0.01012,0.71920772,0.34752613,1675.4455,0.067017822,0.78974531,173.76152,1305.052,0.013331929,0.55669332,10.354041,143.93339,71.531024,0.0035765512,0.0103,0.57468082,0.33589383,1309.7313,0.065486567,-0.032910623,0.37257433,-4.9715412,harmonic:0.1,harmonic,0.1
kuairand,high,101,run_shared_main_25k,shared_iw_likelihood_clip10,20,0,0.15518624,0.12155841,8,0.1612575,0.60712636,0.035007141,0,15,0.17640841,2.1222172,0.039260112,0.001,14,0.17984512,2.4658884,0.043846518,0,0.00076166313,0.18999954,0.085946575,0.0071640408,-0.0010927772,0.32011124,0.14633234,0.13662886,0.00011036457,15,2048,0.84109863,0.35724006,1.211879,1.3372957,1.8587621,0.34367126,0.24139499,0.24380617,0.23994059,0.26437716,0.26437716,0.24139499,2.298217,6.1549866,1.8587621,0.34367126,10.311966,0.30529663,4.091947,0.055602276,-8.6551267,0.19435839,1.2376627,5397.97,11190.19,0.013249245,0.57980664,10.090192,71.662285,7.0923625,0.0002836945,0.01012,0.71920772,0.34752613,1675.4455,0.067017822,0.78974531,173.76152,1305.052,0.013331929,0.55669332,10.354041,143.93339,71.531024,0.0035765512,0.0103,0.57468082,0.33589383,1309.7313,0.065486567,-0.056043205,0.18613256,-3.9538729,1.2376627,5397.97,11190.19,0.013249245,0.57980664,10.090192,71.662285,7.0923625,0.0002836945,0.01012,0.71920772,0.34752613,1675.4455,0.067017822,0.78974531,173.76152,1305.052,0.013331929,0.55669332,10.354041,143.93339,71.531024,0.0035765512,0.0103,0.57468082,0.33589383,1309.7313,0.065486567,-0.056043205,0.18613256,-3.9538729,harmonic:0.1,harmonic,0.1
kuairand,high,101,run_shared_main_25k,shared_likelihood,20,0,0.15518624,0.12155841,19,0.22717935,7.1993105,0.039126317,0,14,0.2241798,6.8993564,0.037861979,0,19,0.22717935,7.1993105,0.039126317,0,0.12416038,0.15143839,0.68799205,0.07762724,-0.0056341345,0.30274047,0.20149721,0.19159575,0.00072693248,23,2048,0.95087739,0.65387078,5.152987,5.7164468,0,0.29995413,0.24139499,0.24380617,0.23994059,0.26437716,0.26437716,0.24380617,2.057099,1.6626825,0,0.29995413,3.7197815,0.30529663,4.091947,0.65933234,-8.2432091,0.63186173,1.2376627,5397.97,11190.19,0.013249245,0.57980664,10.090192,71.662285,7.0923625,0.0002836945,0.01012,0.71920772,0.34752613,1675.4455,0.067017822,0.78974531,173.76152,1305.052,0.013331929,0.55669332,10.354041,143.93339,71.531024,0.0035765512,0.0103,0.57468082,0.33589383,1309.7313,0.065486567,-0.05429352,0.19616373,-4.1313947,1.2376627,5397.97,11190.19,0.013249245,0.57980664,10.090192,71.662285,7.0923625,0.0002836945,0.01012,0.71920772,0.34752613,1675.4455,0.067017822,0.78974531,173.76152,1305.052,0.013331929,0.55669332,10.354041,143.93339,71.531024,0.0035765512,0.0103,0.57468082,0.33589383,1309.7313,0.065486567,-0.05429352,0.19616373,-4.1313947,harmonic:0.1,harmonic,0.1
kuairand,high,101,run_shared_main_25k,shared_opc,20,0,0.15518624,0.12155841,14,0.22446552,6.9279283,0.22393813,0,14,0.22446552,6.9279283,0.22393813,0,14,0.22446552,6.9279283,0.22393813,0,0.10956137,3.3980238,0.69756942,0.077461398,-0.0081821152,,0.20585398,0.19640244,0.0017874308,5,2048,0.87705386,0.69756942,5.6387307,6.0752829,0,0,0.24139499,0.24380617,0.23994059,0.26437716,0.26437716,0.26437716,0,3.9911637,0,0,3.9911637,0.30529663,4.091947,0.63447843,10.237972,0.63447843,1.2376627,5397.97,11190.19,0.013249245,0.57980664,10.090192,71.662285,7.0923625,0.0002836945,0.01012,0.71920772,0.34752613,1675.4455,0.067017822,0.78974531,173.76152,1305.052,0.013331929,0.55669332,10.354041,143.93339,71.531024,0.0035765512,0.0103,0.57468082,0.33589383,1309.7313,0.065486567,,,,1.2376627,5397.97,11190.19,0.013249245,0.57980664,10.090192,71.662285,7.0923625,0.0002836945,0.01012,0.71920772,0.34752613,1675.4455,0.067017822,0.78974531,173.76152,1305.052,0.013331929,0.55669332,10.354041,143.93339,71.531024,0.0035765512,0.0103,0.57468082,0.33589383,1309.7313,0.065486567,,,,harmonic:0.1,harmonic,0.1
kuairand,none,100,run_shared_main_25k,shared_iw_likelihood,20,0,0.29237682,0.23295851,0,0.29201567,-0.036115148,0.052037318,1,18,0.29149386,-0.088296112,0.054077567,0.1,17,0.29235678,-0.0020036702,0.051788289,1,0.0015266915,0.21280152,0.080412258,0,-0.00036115148,0.43719523,0.29000765,0.27784543,0.001841274,7,512,0.93407423,0.12027563,-1.1962615,-0.070353596,0.034111478,0.086292442,0.29237681,0.29174907,0.29237682,0.29220075,0.29220075,0.29237682,-0.017607,0.0020035139,0.034111478,0.086292442,0.018507992,0.29237682,0.017607,,-18.092119,,0.57726436,53.149884,540.06378,0.0078931196,0.46149019,8.8386723,81.382054,155.76604,0.0062306417,0.00872,0.47894633,0.30078571,1457.9787,0.058319148,0.79062331,742.47116,3216.1149,0.0083748616,0.46135147,8.3397423,78.767763,16.823802,0.00084119012,0.00845,0.62025868,0.30023234,1186.5907,0.059329533,-0.052204134,0.20885313,-3.8037629,0.57726436,53.149884,540.06378,0.0078931196,0.46149019,8.8386723,81.382054,155.76604,0.0062306417,0.00872,0.47894633,0.30078571,1457.9787,0.058319148,0.79062331,742.47116,3216.1149,0.0083748616,0.46135147,8.3397423,78.767763,16.823802,0.00084119012,0.00845,0.62025868,0.30023234,1186.5907,0.059329533,-0.052204134,0.20885313,-3.8037629,harmonic:0.1,harmonic,0.1
kuairand,none,100,run_shared_main_25k,shared_iw_likelihood_clip10,20,0,0.29237682,0.23295851,3,0.29177282,-0.060399987,0.053467957,0,3,0.29177282,-0.060399987,0.053467957,0,17,0.29236377,-0.0013051124,0.053632775,1,0.001478065,0.22355555,0.094954615,0,-0.00060399987,0.44024779,0.29516441,0.28285788,4.0789814e-05,26,2048,0.96341352,0.094954615,-1.3379325,-0.068712886,0.059094875,0.059094875,0.29237681,0.29174907,0.29237682,0.29220075,0.29220075,0.29237681,-0.017606,0.001303956,0.059094875,0.059094875,0.042792831,0.29237682,0.017607,,-17.949055,,0.57726436,53.149884,540.06378,0.0078931196,0.46149019,8.8386723,81.382054,155.76604,0.0062306417,0.00872,0.47894633,0.30078571,1457.9787,0.058319148,0.79062331,742.47116,3216.1149,0.0083748616,0.46135147,8.3397423,78.767763,16.823802,0.00084119012,0.00845,0.62025868,0.30023234,1186.5907,0.059329533,-0.050454294,0.22010979,-3.758582,0.57726436,53.149884,540.06378,0.0078931196,0.46149019,8.8386723,81.382054,155.76604,0.0062306417,0.00872,0.47894633,0.30078571,1457.9787,0.058319148,0.79062331,742.47116,3216.1149,0.0083748616,0.46135147,8.3397423,78.767763,16.823802,0.00084119012,0.00845,0.62025868,0.30023234,1186.5907,0.059329533,-0.050454294,0.22010979,-3.758582,harmonic:0.1,harmonic,0.1
kuairand,none,100,run_shared_main_25k,shared_likelihood,20,0,0.29237682,0.23295851,17,0.29227706,-0.0099763474,0.051548573,1,3,0.2914742,-0.090261765,0.051638365,0,17,0.29227706,-0.0099763474,0.051548573,1,0.00018458554,0.20917822,0.039297157,0,-9.9763474e-05,0.43693491,0.28984869,0.27789029,0.00013899222,14,2048,0.86218495,0.1207342,-0.17810222,-0.097233816,0,0.080285418,0.29237681,0.29174907,0.29237682,0.29220075,0.29220075,0.29174907,0.045168,-0.052798809,0,0.080285418,-0.007630809,0.29237682,0.017607,,-18.140993,,0.57726436,53.149884,540.06378,0.0078931196,0.46149019,8.8386723,81.382054,155.76604,0.0062306417,0.00872,0.47894633,0.30078571,1457.9787,0.058319148,0.79062331,742.47116,3216.1149,0.0083748616,0.46135147,8.3397423,78.767763,16.823802,0.00084119012,0.00845,0.62025868,0.30023234,1186.5907,0.059329533,-0.052260118,0.20850265,-3.7920816,0.57726436,53.149884,540.06378,0.0078931196,0.46149019,8.8386723,81.382054,155.76604,0.0062306417,0.00872,0.47894633,0.30078571,1457.9787,0.058319148,0.79062331,742.47116,3216.1149,0.0083748616,0.46135147,8.3397423,78.767763,16.823802,0.00084119012,0.00845,0.62025868,0.30023234,1186.5907,0.059329533,-0.052260118,0.20850265,-3.7920816,harmonic:0.1,harmonic,0.1
kuairand,none,100,run_shared_main_25k,shared_opc,20,0,0.29237682,0.23295851,16,0.28894258,-0.34342441,0.28887933,1,16,0.28894258,-0.34342441,0.28887933,1,17,0.29136182,-0.10150051,0.26817729,1,0.0094104446,17.738226,0.22965797,0,-0.0034342441,,0.29395925,0.28170976,0.00038913418,21,1024,0.9931569,0.22965797,-0.41378939,-0.39577844,0.2419239,0.2419239,0.29237681,0.29174907,0.29237682,0.29220075,0.29220075,0.29220075,0,0.083893356,0.2419239,0.2419239,0.32581725,0.29237682,0.017607,,5.5920822,,0.57726436,53.149884,540.06378,0.0078931196,0.46149019,8.8386723,81.382054,155.76604,0.0062306417,0.00872,0.47894633,0.30078571,1457.9787,0.058319148,0.79062331,742.47116,3216.1149,0.0083748616,0.46135147,8.3397423,78.767763,16.823802,0.00084119012,0.00845,0.62025868,0.30023234,1186.5907,0.059329533,,,,0.57726436,53.149884,540.06378,0.0078931196,0.46149019,8.8386723,81.382054,155.76604,0.0062306417,0.00872,0.47894633,0.30078571,1457.9787,0.058319148,0.79062331,742.47116,3216.1149,0.0083748616,0.46135147,8.3397423,78.767763,16.823802,0.00084119012,0.00845,0.62025868,0.30023234,1186.5907,0.059329533,,,,harmonic:0.1,harmonic,0.1
kuairand,none,101,run_shared_main_25k,shared_iw_likelihood,20,0,0.30529663,0.24601329,2,0.30483641,-0.046021757,0.092966808,1,2,0.30483641,-0.046021757,0.092966808,1,18,0.3052249,-0.0071731465,0.092906013,0,0.0015504926,0.37135825,0.0896799,0,-0.00046021757,0.54333613,0.30321862,0.29120324,0.0014448339,13,1024,0.95275132,0.0896799,-0.47820286,-0.31191448,0.038848611,0.038848611,0.30529662,0.3047995,0.30529662,0.30511552,0.30511552,0.30529662,-0.01811,0.007172059,0.038848611,0.038848611,0.02791067,0.30529663,0.018111,,-15.304648,,1.1764789,8750.1772,14692.333,0.0066760274,0.45530625,7.53121,77.484365,3.9538733,0.00015815493,0.00752,0.75945352,0.28299786,1431.4261,0.057257043,0.73418703,675.613,3165.845,0.0066653905,0.43001086,7.4083851,74.429229,15.944065,0.00079720325,0.00725,0.62654684,0.27418446,1116.0864,0.055804318,-0.032872634,0.3729992,-5.1769063,1.1764789,8750.1772,14692.333,0.0066760274,0.45530625,7.53121,77.484365,3.9538733,0.00015815493,0.00752,0.75945352,0.28299786,1431.4261,0.057257043,0.73418703,675.613,3165.845,0.0066653905,0.43001086,7.4083851,74.429229,15.944065,0.00079720325,0.00725,0.62654684,0.27418446,1116.0864,0.055804318,-0.032872634,0.3729992,-5.1769063,harmonic:0.1,harmonic,0.1
kuairand,none,101,run_shared_main_25k,shared_iw_likelihood_clip10,20,0,0.30529663,0.24601329,0,0.29966368,-0.56329526,0.055204241,0,2,0.30522828,-0.0068354384,0.052238464,1,13,0.30527154,-0.0025089221,0.051251092,1,0.013560766,0.21988638,0.26071849,0,-0.0056329526,0.46315551,0.29391478,0.28182452,0.00015339039,29,1024,0.91708314,0.034856341,-0.51809616,-0.20816812,0.56078634,0.0043265162,0.30529662,0.3047995,0.30529662,0.30511552,0.30511552,0.30529662,-0.01811,0.0025078346,0.56078634,0.0043265162,0.54518417,0.30529663,0.018111,,-19.080905,,1.1764789,8750.1772,14692.333,0.0066760274,0.45530625,7.53121,77.484365,3.9538733,0.00015815493,0.00752,0.75945352,0.28299786,1431.4261,0.057257043,0.73418703,675.613,3165.845,0.0066653905,0.43001086,7.4083851,74.429229,15.944065,0.00079720325,0.00725,0.62654684,0.27418446,1116.0864,0.055804318,-0.053108318,0.20326403,-3.8203404,1.1764789,8750.1772,14692.333,0.0066760274,0.45530625,7.53121,77.484365,3.9538733,0.00015815493,0.00752,0.75945352,0.28299786,1431.4261,0.057257043,0.73418703,675.613,3165.845,0.0066653905,0.43001086,7.4083851,74.429229,15.944065,0.00079720325,0.00725,0.62654684,0.27418446,1116.0864,0.055804318,-0.053108318,0.20326403,-3.8203404,harmonic:0.1,harmonic,0.1
kuairand,none,101,run_shared_main_25k,shared_likelihood,20,0,0.30529663,0.24601329,16,0.30508651,-0.021012485,0.052860756,1,6,0.30495761,-0.033901778,0.052766169,0.01,13,0.305136,-0.016062694,0.053264569,1,0.0004836208,0.2109877,0.056384303,0,-0.00021012485,0.45196294,0.30346003,0.29132577,0.00049273204,10,1024,0.92410432,0.071441547,-0.14491081,-0.12857511,0.0049497913,0.017839084,0.30529662,0.3047995,0.30529662,0.30511552,0.30511552,0.3047995,0.031602,-0.033650394,0.0049497913,0.017839084,0.0029013975,0.30529663,0.018111,,-19.315253,,1.1764789,8750.1772,14692.333,0.0066760274,0.45530625,7.53121,77.484365,3.9538733,0.00015815493,0.00752,0.75945352,0.28299786,1431.4261,0.057257043,0.73418703,675.613,3165.845,0.0066653905,0.43001086,7.4083851,74.429229,15.944065,0.00079720325,0.00725,0.62654684,0.27418446,1116.0864,0.055804318,-0.051783569,0.21150491,-3.8800285,1.1764789,8750.1772,14692.333,0.0066760274,0.45530625,7.53121,77.484365,3.9538733,0.00015815493,0.00752,0.75945352,0.28299786,1431.4261,0.057257043,0.73418703,675.613,3165.845,0.0066653905,0.43001086,7.4083851,74.429229,15.944065,0.00079720325,0.00725,0.62654684,0.27418446,1116.0864,0.055804318,-0.051783569,0.21150491,-3.8800285,harmonic:0.1,harmonic,0.1
kuairand,none,101,run_shared_main_25k,shared_opc,20,0,0.30529663,0.24601329,7,0.29989853,-0.5398103,0.29980478,0.1,16,0.30342051,-0.18761206,0.30225885,1,13,0.3040356,-0.12610284,0.29968077,1,0.028725984,15.328005,0.27790187,0,-0.005398103,,0.30470737,0.29267365,0.00128873,23,2048,0.90688967,0.16354781,-0.40338398,-0.41475243,0.41370746,0.061509216,0.30529662,0.3047995,0.30529662,0.30511552,0.30511552,0.30511552,0,0.10799176,0.41370746,0.061509216,0.52169921,0.30529663,0.018111,,5.379149,,1.1764789,8750.1772,14692.333,0.0066760274,0.45530625,7.53121,77.484365,3.9538733,0.00015815493,0.00752,0.75945352,0.28299786,1431.4261,0.057257043,0.73418703,675.613,3165.845,0.0066653905,0.43001086,7.4083851,74.429229,15.944065,0.00079720325,0.00725,0.62654684,0.27418446,1116.0864,0.055804318,,,,1.1764789,8750.1772,14692.333,0.0066760274,0.45530625,7.53121,77.484365,3.9538733,0.00015815493,0.00752,0.75945352,0.28299786,1431.4261,0.057257043,0.73418703,675.613,3165.845,0.0066653905,0.43001086,7.4083851,74.429229,15.944065,0.00079720325,0.00725,0.62654684,0.27418446,1116.0864,0.055804318,,,,harmonic:0.1,harmonic,0.1
kuairand,w-high.g-none.v-none,100,run_shared_main_25k,shared_iw_likelihood,20,0,0.24068187,0.19277394,5,0.24249682,0.18149471,0.050176508,1,11,0.24373432,0.30524484,0.043915749,0.01,18,0.24386092,0.31790514,0.043182685,0.1,0.0025499021,0.24275313,0.12509033,0.0047566635,-0.0029417164,0.42650838,0.23834614,0.22739928,0.0019820474,26,2048,0.9564551,0.22214834,-0.91303125,0.18961496,0.13641043,0.012660298,0.29235664,0.29087471,0.29236451,0.29142808,0.29142808,0.29236451,-0.093643,4.8503588,0.13641043,0.012660298,4.8931262,0.29237682,0.094874,0.035765176,-14.259743,0.060151259,0.78892226,281.47309,2243.7564,0.0090051068,0.62016177,10.415962,80.685266,55.158479,0.0022063392,0.01032,0.5486136,0.35610878,1722.8476,0.068913905,0.88311655,785.52618,2912.4489,0.0094484712,0.63037496,8.7084602,87.100353,19.836928,0.00099184638,0.0087,0.61206309,0.34259351,1407.1958,0.070359791,-0.060640669,0.16215217,-3.9251913,0.78892226,281.47309,2243.7564,0.0090051068,0.62016177,10.415962,80.685266,55.158479,0.0022063392,0.01032,0.5486136,0.35610878,1722.8476,0.068913905,0.88311655,785.52618,2912.4489,0.0094484712,0.63037496,8.7084602,87.100353,19.836928,0.00099184638,0.0087,0.61206309,0.34259351,1407.1958,0.070359791,-0.060640669,0.16215217,-3.9251913,harmonic:0.1,harmonic,0.1
kuairand,w-high.g-none.v-none,100,run_shared_main_25k,shared_iw_likelihood_clip10,20,0,0.24068187,0.19277394,6,0.24604256,0.53606923,0.040902279,0.001,10,0.24686887,0.61870002,0.039483631,0.01,10,0.24686887,0.61870002,0.039483631,0.01,0.024689164,0.16711786,0.37588897,0.015268238,-0.009907546,0.41193414,0.24392975,0.23272099,0.00021508939,22,2048,0.96839367,0.27328021,-0.7441718,0.16972657,0.082630793,0,0.29235664,0.29087471,0.29236451,0.29142808,0.29142808,0.29235664,-0.092856,4.5487769,0.082630793,0,4.5385517,0.29237682,0.094874,0.1056373,-15.187166,0.12192044,0.78892226,281.47309,2243.7564,0.0090051068,0.62016177,10.415962,80.685266,55.158479,0.0022063392,0.01032,0.5486136,0.35610878,1722.8476,0.068913905,0.88311655,785.52618,2912.4489,0.0094484712,0.63037496,8.7084602,87.100353,19.836928,0.00099184638,0.0087,0.61206309,0.34259351,1407.1958,0.070359791,-0.067777934,0.13089785,-3.5377743,0.78892226,281.47309,2243.7564,0.0090051068,0.62016177,10.415962,80.685266,55.158479,0.0022063392,0.01032,0.5486136,0.35610878,1722.8476,0.068913905,0.88311655,785.52618,2912.4489,0.0094484712,0.63037496,8.7084602,87.100353,19.836928,0.00099184638,0.0087,0.61206309,0.34259351,1407.1958,0.070359791,-0.067777934,0.13089785,-3.5377743,harmonic:0.1,harmonic,0.1
kuairand,w-high.g-none.v-none,100,run_shared_main_25k,shared_likelihood,20,0,0.24068187,0.19277394,15,0.27651426,3.5832389,0.047118938,0.001,10,0.27278616,3.2104294,0.044692872,0.01,15,0.27651426,3.5832389,0.047118938,0.001,0.10209076,0.18232919,0.61666415,0.03946562,-0.0036332312,0.39740704,0.25522133,0.24449568,0.001225339,16,1024,0.88776593,0.51268822,2.5911635,2.6920538,0,0.37280952,0.29235664,0.29087471,0.29236451,0.29142808,0.29142808,0.29087471,0.055337,1.436045,0,0.37280952,1.491382,0.29237682,0.094874,0.70610967,-14.5655,0.63264418,0.78892226,281.47309,2243.7564,0.0090051068,0.62016177,10.415962,80.685266,55.158479,0.0022063392,0.01032,0.5486136,0.35610878,1722.8476,0.068913905,0.88311655,785.52618,2912.4489,0.0094484712,0.63037496,8.7084602,87.100353,19.836928,0.00099184638,0.0087,0.61206309,0.34259351,1407.1958,0.070359791,-0.057530338,0.17801096,-3.5799362,0.78892226,281.47309,2243.7564,0.0090051068,0.62016177,10.415962,80.685266,55.158479,0.0022063392,0.01032,0.5486136,0.35610878,1722.8476,0.068913905,0.88311655,785.52618,2912.4489,0.0094484712,0.63037496,8.7084602,87.100353,19.836928,0.00099184638,0.0087,0.61206309,0.34259351,1407.1958,0.070359791,-0.057530338,0.17801096,-3.5799362,harmonic:0.1,harmonic,0.1
kuairand,w-high.g-none.v-none,100,run_shared_main_25k,shared_opc,20,0,0.24068187,0.19277394,2,0.26685349,2.6171619,0.26487696,0,4,0.26444717,2.37653,0.25807576,0.1,13,0.26716635,2.6484482,0.26686798,0.01,0.042536799,3.2170639,0.44877542,0.029615555,-0.0034439353,,0.25542044,0.24401194,0.00094690377,7,2048,0.85145317,0.38384365,2.2060697,2.3776612,0.031286323,0.27191825,0.29235664,0.29087471,0.29236451,0.29142808,0.29142808,0.29142808,0,2.4261727,0.031286323,0.27191825,2.457459,0.29237682,0.094874,0.51573545,7.2103027,0.46831675,0.78892226,281.47309,2243.7564,0.0090051068,0.62016177,10.415962,80.685266,55.158479,0.0022063392,0.01032,0.5486136,0.35610878,1722.8476,0.068913905,0.88311655,785.52618,2912.4489,0.0094484712,0.63037496,8.7084602,87.100353,19.836928,0.00099184638,0.0087,0.61206309,0.34259351,1407.1958,0.070359791,,,,0.78892226,281.47309,2243.7564,0.0090051068,0.62016177,10.415962,80.685266,55.158479,0.0022063392,0.01032,0.5486136,0.35610878,1722.8476,0.068913905,0.88311655,785.52618,2912.4489,0.0094484712,0.63037496,8.7084602,87.100353,19.836928,0.00099184638,0.0087,0.61206309,0.34259351,1407.1958,0.070359791,,,,harmonic:0.1,harmonic,0.1
kuairand,w-high.g-none.v-none,101,run_shared_main_25k,shared_iw_likelihood,20,0,0.25904046,0.20919334,2,0.25900865,-0.0031806966,0.025887021,1,4,0.25631181,-0.27286465,0.025915321,0.01,16,0.25903469,-0.00057699789,0.025916633,1,6.44544e-07,0.00024839427,0.0010690389,8.3583972e-06,-4.0165364e-05,0.6644699,0.25341641,0.24260949,0.0014448339,13,1024,0.95275132,0.12340945,-0.78010873,-0.064783407,0.0026036987,0.27228765,0.30529306,0.30434793,0.30529336,0.30426127,0.30426127,0.30529336,-0.103209,4.6258672,0.0026036987,0.27228765,4.5252619,0.30529663,0.103536,-0.00070337008,-18.330632,-0.060340501,0.79821254,1415.3633,5839.6259,0.0075512645,0.57184985,7.7602891,66.531168,11.248995,0.00044995979,0.00808,0.60094931,0.31852726,1649.7157,0.065988627,0.81599689,519.97875,2857.9324,0.0076502326,0.51149396,9.4159469,72.868541,25.577945,0.0012788972,0.0093,0.6088609,0.31916829,1241.1651,0.062058255,-0.23025851,0.001,-2.9136911,0.79821254,1415.3633,5839.6259,0.0075512645,0.57184985,7.7602891,66.531168,11.248995,0.00044995979,0.00808,0.60094931,0.31852726,1649.7157,0.065988627,0.81599689,519.97875,2857.9324,0.0076502326,0.51149396,9.4159469,72.868541,25.577945,0.0012788972,0.0093,0.6088609,0.31916829,1241.1651,0.062058255,-0.23025851,0.001,-2.9136911,harmonic:0.1,harmonic,0.1
kuairand,w-high.g-none.v-none,101,run_shared_main_25k,shared_iw_likelihood_clip10,20,0,0.25904046,0.20919334,13,0.25998867,0.094821133,0.042798507,1,7,0.26444241,0.54019554,0.049639844,0.1,7,0.26444241,0.54019554,0.049639844,0.1,7.864795e-05,0.18642807,0.025872779,0.0012888393,-0.00034062797,0.42865268,0.25319956,0.24239539,9.1109751e-05,6,512,0.86905738,0.27124984,0.15574593,0.28864992,0.4453744,0,0.30529306,0.30434793,0.30529336,0.30426127,0.30426127,0.30529306,-0.103179,4.0850647,0.4453744,0,4.4272601,0.30529663,0.103536,0.020968472,-16.639484,0.11945728,0.79821254,1415.3633,5839.6259,0.0075512645,0.57184985,7.7602891,66.531168,11.248995,0.00044995979,0.00808,0.60094931,0.31852726,1649.7157,0.065988627,0.81599689,519.97875,2857.9324,0.0076502326,0.51149396,9.4159469,72.868541,25.577945,0.0012788972,0.0093,0.6088609,0.31916829,1241.1651,0.062058255,-0.056150874,0.18553231,-3.8089601,0.79821254,1415.3633,5839.6259,0.0075512645,0.57184985,7.7602891,66.531168,11.248995,0.00044995979,0.00808,0.60094931,0.31852726,1649.7157,0.065988627,0.81599689,519.97875,2857.9324,0.0076502326,0.51149396,9.4159469,72.868541,25.577945,0.0012788972,0.0093,0.6088609,0.31916829,1241.1651,0.062058255,-0.056150874,0.18553231,-3.8089601,harmonic:0.1,harmonic,0.1
kuairand,w-high.g-none.v-none,101,run_shared_main_25k,shared_likelihood,20,0,0.25904046,0.20919334,19,0.28719392,2.8153459,0.047412498,0,11,0.28157646,2.2536001,0.045514505,0.1,19,0.28719392,2.8153459,0.047412498,0,0.082992546,0.18278913,0.52699342,0.031470249,-0.0033167898,0.40869517,0.27647126,0.26518084,0.00072693248,23,2048,0.95087739,0.38672616,2.0852856,2.2174668,0,0.56174573,0.30529306,0.30434793,0.30529336,0.30426127,0.30426127,0.30434793,-0.008666,1.7154013,0,0.56174573,1.7067353,0.30529663,0.103536,0.62257747,-16.178085,0.49835464,0.79821254,1415.3633,5839.6259,0.0075512645,0.57184985,7.7602891,66.531168,11.248995,0.00044995979,0.00808,0.60094931,0.31852726,1649.7157,0.065988627,0.81599689,519.97875,2857.9324,0.0076502326,0.51149396,9.4159469,72.868541,25.577945,0.0012788972,0.0093,0.6088609,0.31916829,1241.1651,0.062058255,-0.055762774,0.18770509,-3.6741269,0.79821254,1415.3633,5839.6259,0.0075512645,0.57184985,7.7602891,66.531168,11.248995,0.00044995979,0.00808,0.60094931,0.31852726,1649.7157,0.065988627,0.81599689,519.97875,2857.9324,0.0076502326,0.51149396,9.4159469,72.868541,25.577945,0.0012788972,0.0093,0.6088609,0.31916829,1241.1651,0.062058255,-0.055762774,0.18770509,-3.6741269,harmonic:0.1,harmonic,0.1
kuairand,w-high.g-none.v-none,101,run_shared_main_25k,shared_opc,20,0,0.25904046,0.20919334,4,0.27647647,1.7436007,0.27648767,0.01,4,0.27647647,1.7436007,0.27648767,0.01,14,0.2777262,1.868574,0.27709258,0,0.041967344,20.568476,0.41083766,0.022452446,-0.0050164383,,0.28035989,0.26876454,0.00043393462,21,512,0.92812183,0.41083766,1.6211177,1.6800295,0.12497323,0.12497323,0.30529306,0.30434793,0.30529336,0.30426127,0.30426127,0.30426127,0,2.6535072,0.12497323,0.12497323,2.7784805,0.30529663,0.103536,0.38557484,6.7294322,0.38557484,0.79821254,1415.3633,5839.6259,0.0075512645,0.57184985,7.7602891,66.531168,11.248995,0.00044995979,0.00808,0.60094931,0.31852726,1649.7157,0.065988627,0.81599689,519.97875,2857.9324,0.0076502326,0.51149396,9.4159469,72.868541,25.577945,0.0012788972,0.0093,0.6088609,0.31916829,1241.1651,0.062058255,,,,0.79821254,1415.3633,5839.6259,0.0075512645,0.57184985,7.7602891,66.531168,11.248995,0.00044995979,0.00808,0.60094931,0.31852726,1649.7157,0.065988627,0.81599689,519.97875,2857.9324,0.0076502326,0.51149396,9.4159469,72.868541,25.577945,0.0012788972,0.0093,0.6088609,0.31916829,1241.1651,0.062058255,,,,harmonic:0.1,harmonic,0.1
kuairand,w-none.g-high.v-none,100,run_shared_main_25k,shared_iw_likelihood,20,0,0.25534186,0.202847,5,0.25383739,-0.15044729,0.039562905,1,10,0.25490207,-0.04397912,0.029862902,0.01,17,0.25534335,0.0001481693,0.028928166,1,0.0027081012,0.14416444,0.10058495,0.0016163275,-0.0031208004,0.42442633,0.2518373,0.24006515,0.0019820474,26,2048,0.9564551,0.18434342,-0.8767398,-0.064920158,0.15059546,0.044127289,0.27121211,0.26924934,0.27023129,0.28088994,0.28088994,0.27023129,1.065865,1.4887944,0.15059546,0.044127289,2.7052548,0.29237682,1.148688,-0.058887916,-16.32841,-0.017214259,0.51213587,96.641675,1163.0886,0.0074059218,0.37811644,6.9128158,57.052072,67.665748,0.0027066299,0.00668,0.48763952,0.26239818,1336.8854,0.053475418,0.73777503,467.42601,2681.2423,0.0073810695,0.36657442,7.2279513,103.46981,23.262672,0.0011631336,0.0076,0.6499182,0.25828161,1033.353,0.05166765,-0.12019547,0.027163963,-3.0482931,0.51213587,96.641675,1163.0886,0.0074059218,0.37811644,6.9128158,57.052072,67.665748,0.0027066299,0.00668,0.48763952,0.26239818,1336.8854,0.053475418,0.73777503,467.42601,2681.2423,0.0073810695,0.36657442,7.2279513,103.46981,23.262672,0.0011631336,0.0076,0.6499182,0.25828161,1033.353,0.05166765,-0.12019547,0.027163963,-3.0482931,harmonic:0.1,harmonic,0.1
kuairand,w-none.g-high.v-none,100,run_shared_main_25k,shared_iw_likelihood_clip10,20,0,0.25534186,0.202847,16,0.25547642,0.013455653,0.048534312,1,10,0.25544582,0.010395602,0.049795161,0.01,11,0.25602046,0.067859098,0.049193318,0.01,0.0002824394,0.21274659,0.041167161,0.0010113706,-0.00087681403,0.41785217,0.2509602,0.23941108,0.00020743531,21,1024,0.9931569,0.22109976,-0.73610383,0.021757347,0.054403445,0.057463496,0.27121211,0.26924934,0.27023129,0.28088994,0.28088994,0.27121211,0.967783,1.5191654,0.054403445,0.057463496,2.5413519,0.29237682,1.148688,0.0052667971,-15.431269,0.0040690352,0.51213587,96.641675,1163.0886,0.0074059218,0.37811644,6.9128158,57.052072,67.665748,0.0027066299,0.00668,0.48763952,0.26239818,1336.8854,0.053475418,0.73777503,467.42601,2681.2423,0.0073810695,0.36657442,7.2279513,103.46981,23.262672,0.0011631336,0.0076,0.6499182,0.25828161,1033.353,0.05166765,-0.053035632,0.20370774,-3.9707438,0.51213587,96.641675,1163.0886,0.0074059218,0.37811644,6.9128158,57.052072,67.665748,0.0027066299,0.00668,0.48763952,0.26239818,1336.8854,0.053475418,0.73777503,467.42601,2681.2423,0.0073810695,0.36657442,7.2279513,103.46981,23.262672,0.0011631336,0.0076,0.6499182,0.25828161,1033.353,0.05166765,-0.053035632,0.20370774,-3.9707438,harmonic:0.1,harmonic,0.1
kuairand,w-none.g-high.v-none,100,run_shared_main_25k,shared_likelihood,20,0,0.25534186,0.202847,2,0.2628792,0.75373329,0.04869685,0,12,0.26027027,0.49284078,0.048304676,1,2,0.2628792,0.75373329,0.04869685,0,0.021838738,0.19557378,0.31247845,0.012229468,-0.0046921353,0.41007202,0.25293268,0.24135197,0.00094690377,7,2048,0.85145317,0.1614931,0.57035729,0.58639815,0,0.2608925,0.27121211,0.26924934,0.27023129,0.28088994,0.28088994,0.26924934,1.16406,0.63701425,0,0.2608925,1.8010743,0.29237682,1.148688,0.29502547,-15.415015,0.19290721,0.51213587,96.641675,1163.0886,0.0074059218,0.37811644,6.9128158,57.052072,67.665748,0.0027066299,0.00668,0.48763952,0.26239818,1336.8854,0.053475418,0.73777503,467.42601,2681.2423,0.0073810695,0.36657442,7.2279513,103.46981,23.262672,0.0011631336,0.0076,0.6499182,0.25828161,1033.353,0.05166765,-0.051674889,0.21219563,-4.0511025,0.51213587,96.641675,1163.0886,0.0074059218,0.37811644,6.9128158,57.052072,67.665748,0.0027066299,0.00668,0.48763952,0.26239818,1336.8854,0.053475418,0.73777503,467.42601,2681.2423,0.0073810695,0.36657442,7.2279513,103.46981,23.262672,0.0011631336,0.0076,0.6499182,0.25828161,1033.353,0.05166765,-0.051674889,0.21219563,-4.0511025,harmonic:0.1,harmonic,0.1
kuairand,w-none.g-high.v-none,100,run_shared_main_25k,shared_opc,20,0,0.25534186,0.202847,6,0.26212491,0.67830494,0.26099675,0.001,13,0.25932074,0.39788755,0.25897129,0.01,4,0.26301992,0.76780601,0.25737201,0.1,0.043757658,4.206696,0.41070606,0.014354133,-0.0075710838,,0.25866822,0.24712212,0.00039945421,22,2048,0.96839367,0.45070713,0.58465843,0.67537484,0.089501076,0.36991847,0.27121211,0.26924934,0.27023129,0.28088994,0.28088994,0.28088994,0,1.7870015,0.089501076,0.36991847,1.8765026,0.29237682,1.148688,0.26550138,5.8149743,0.15574071,0.51213587,96.641675,1163.0886,0.0074059218,0.37811644,6.9128158,57.052072,67.665748,0.0027066299,0.00668,0.48763952,0.26239818,1336.8854,0.053475418,0.73777503,467.42601,2681.2423,0.0073810695,0.36657442,7.2279513,103.46981,23.262672,0.0011631336,0.0076,0.6499182,0.25828161,1033.353,0.05166765,,,,0.51213587,96.641675,1163.0886,0.0074059218,0.37811644,6.9128158,57.052072,67.665748,0.0027066299,0.00668,0.48763952,0.26239818,1336.8854,0.053475418,0.73777503,467.42601,2681.2423,0.0073810695,0.36657442,7.2279513,103.46981,23.262672,0.0011631336,0.0076,0.6499182,0.25828161,1033.353,0.05166765,,,,harmonic:0.1,harmonic,0.1
kuairand,w-none.g-high.v-none,101,run_shared_main_25k,shared_iw_likelihood,20,0,0.26460698,0.21049685,2,0.26460084,-0.00061327558,0.052393871,1,8,0.26467022,0.0063244042,0.048445619,0,18,0.26481895,0.02119681,0.047880645,0,0.0018433777,0.24026646,0.099526657,0.0025098624,-0.0025159952,0.4300206,0.26161294,0.25014138,0.0014448339,13,1024,0.95275132,0.064159392,-0.38402287,-0.13760676,0.021810086,0.014872406,0.28229452,0.28163631,0.28109624,0.29276435,0.29276435,0.28109624,1.166811,1.6277294,0.021810086,0.014872406,2.8163505,0.30529663,1.253228,-0.00021780284,-15.810298,0.0022460918,0.68462396,160.38595,1233.3377,0.0084319902,0.43590225,9.06827,81.406311,72.846812,0.0029138725,0.00904,0.57026357,0.29420786,1402.1264,0.056085058,0.92720213,1081.5169,4050.1816,0.0084782883,0.41208017,8.7441853,121.23391,15.885483,0.00079427417,0.0085,0.69151289,0.28602991,1093.6408,0.054682038,-0.051705986,0.21199776,-4.243738,0.68462396,160.38595,1233.3377,0.0084319902,0.43590225,9.06827,81.406311,72.846812,0.0029138725,0.00904,0.57026357,0.29420786,1402.1264,0.056085058,0.92720213,1081.5169,4050.1816,0.0084782883,0.41208017,8.7441853,121.23391,15.885483,0.00079427417,0.0085,0.69151289,0.28602991,1093.6408,0.054682038,-0.051705986,0.21199776,-4.243738,harmonic:0.1,harmonic,0.1
kuairand,w-none.g-high.v-none,101,run_shared_main_25k,shared_iw_likelihood_clip10,20,0,0.26460698,0.21049685,13,0.26486402,0.025703963,0.043095123,1,5,0.26590161,0.1294635,0.044562162,0,5,0.26590161,0.1294635,0.044562162,0,8.5646847e-05,0.17834893,0.022998451,0.00078769436,-0.00053065472,0.43173207,0.25839066,0.24694294,9.1109751e-05,6,512,0.86905738,0.13538276,-0.096691768,0.037041909,0.10375953,0,0.28229452,0.28163631,0.28109624,0.29276435,0.29276435,0.28229452,1.046983,1.6392908,0.10375953,0,2.7900333,0.30529663,1.253228,0.0091286796,-16.740173,0.045978543,0.68462396,160.38595,1233.3377,0.0084319902,0.43590225,9.06827,81.406311,72.846812,0.0029138725,0.00904,0.57026357,0.29420786,1402.1264,0.056085058,0.92720213,1081.5169,4050.1816,0.0084782883,0.41208017,8.7441853,121.23391,15.885483,0.00079427417,0.0085,0.69151289,0.28602991,1093.6408,0.054682038,-0.057668082,0.17727688,-3.8149289,0.68462396,160.38595,1233.3377,0.0084319902,0.43590225,9.06827,81.406311,72.846812,0.0029138725,0.00904,0.57026357,0.29420786,1402.1264,0.056085058,0.92720213,1081.5169,4050.1816,0.0084782883,0.41208017,8.7441853,121.23391,15.885483,0.00079427417,0.0085,0.69151289,0.28602991,1093.6408,0.054682038,-0.057668082,0.17727688,-3.8149289,harmonic:0.1,harmonic,0.1
kuairand,w-none.g-high.v-none,101,run_shared_main_25k,shared_likelihood,20,0,0.26460698,0.21049685,4,0.27257912,0.7972146,0.047935741,0.01,4,0.27257912,0.7972146,0.047935741,0.01,0,0.27325364,0.86466602,0.047872207,0,0.039008148,0.18360187,0.39510823,0.014808912,-0.0068367656,0.41720133,0.2693974,0.25789417,0.00043393462,21,512,0.92812183,0.39510823,0.75321553,0.79942538,0.067451423,0.067451423,0.28229452,0.28163631,0.28109624,0.29276435,0.29276435,0.28163631,1.112804,0.83826724,0.067451423,0.067451423,2.0185227,0.30529663,1.253228,0.28312819,-16.256111,0.28312819,0.68462396,160.38595,1233.3377,0.0084319902,0.43590225,9.06827,81.406311,72.846812,0.0029138725,0.00904,0.57026357,0.29420786,1402.1264,0.056085058,0.92720213,1081.5169,4050.1816,0.0084782883,0.41208017,8.7441853,121.23391,15.885483,0.00079427417,0.0085,0.69151289,0.28602991,1093.6408,0.054682038,-0.052218935,0.20876041,-3.9615086,0.68462396,160.38595,1233.3377,0.0084319902,0.43590225,9.06827,81.406311,72.846812,0.0029138725,0.00904,0.57026357,0.29420786,1402.1264,0.056085058,0.92720213,1081.5169,4050.1816,0.0084782883,0.41208017,8.7441853,121.23391,15.885483,0.00079427417,0.0085,0.69151289,0.28602991,1093.6408,0.054682038,-0.052218935,0.20876041,-3.9615086,harmonic:0.1,harmonic,0.1
kuairand,w-none.g-high.v-none,101,run_shared_main_25k,shared_opc,20,0,0.26460698,0.21049685,19,0.27396249,0.93555154,0.27383624,0,19,0.27396249,0.93555154,0.27383624,0,14,0.27502759,1.0420617,0.27459951,0,0.052337222,10.310864,0.38616816,0.015388651,-0.0060331355,,0.27408208,0.26229257,0.00072693248,23,2048,0.95087739,0.38616816,0.84234252,0.87458999,0.10651018,0.10651018,0.28229452,0.28163631,0.28109624,0.29276435,0.29276435,0.29276435,0,1.7736755,0.10651018,0.10651018,1.8801857,0.30529663,1.253228,0.33225811,6.3339391,0.33225811,0.68462396,160.38595,1233.3377,0.0084319902,0.43590225,9.06827,81.406311,72.846812,0.0029138725,0.00904,0.57026357,0.29420786,1402.1264,0.056085058,0.92720213,1081.5169,4050.1816,0.0084782883,0.41208017,8.7441853,121.23391,15.885483,0.00079427417,0.0085,0.69151289,0.28602991,1093.6408,0.054682038,,,,0.68462396,160.38595,1233.3377,0.0084319902,0.43590225,9.06827,81.406311,72.846812,0.0029138725,0.00904,0.57026357,0.29420786,1402.1264,0.056085058,0.92720213,1081.5169,4050.1816,0.0084782883,0.41208017,8.7441853,121.23391,15.885483,0.00079427417,0.0085,0.69151289,0.28602991,1093.6408,0.054682038,,,,harmonic:0.1,harmonic,0.1
kuairand,w-none.g-none.v-high,100,run_shared_main_25k,shared_iw_likelihood,20,0,0.23497068,0.18848489,9,0.17971441,-5.5256266,0.063904246,0,18,0.23596058,0.098990447,0.052717601,0.1,5,0.23676109,0.17904075,0.064262903,1,0.32233626,0.48287219,0.75034862,0.0082304836,-0.06348675,0.61998872,0.18643132,0.17797912,0.0013502474,13,1024,0.97535555,0.1299969,-0.37434433,0.050886798,5.7046674,0.0800503,0.25174739,0.26246665,0.25082107,0.26925622,0.26925622,0.25082107,1.843515,1.4059982,5.7046674,0.0800503,8.9541806,0.29237682,2.31206,-1.6116493,-12.458065,0.028872361,0.68980473,100.38366,918.3903,0.008126014,0.46511099,8.6892121,118.1722,117.94393,0.0047177571,0.00904,0.56156889,0.30243186,1465.168,0.05860672,1.1949994,5396.0256,10101.916,0.0088104147,0.45854042,9.0268569,69.947243,5.2914713,0.00026457356,0.00935,0.74908413,0.29984432,1152.7764,0.057638818,-0.041887546,0.28461258,-3.9911479,0.68980473,100.38366,918.3903,0.008126014,0.46511099,8.6892121,118.1722,117.94393,0.0047177571,0.00904,0.56156889,0.30243186,1465.168,0.05860672,1.1949994,5396.0256,10101.916,0.0088104147,0.45854042,9.0268569,69.947243,5.2914713,0.00026457356,0.00935,0.74908413,0.29984432,1152.7764,0.057638818,-0.041887546,0.28461258,-3.9911479,harmonic:0.1,harmonic,0.1
kuairand,w-none.g-none.v-high,100,run_shared_main_25k,shared_iw_likelihood_clip10,20,0,0.23497068,0.18848489,0,0.23595729,0.098660728,0.047441059,1,0,0.23595729,0.098660728,0.047441059,1,1,0.23595855,0.098786928,0.050416703,1,0.00055461179,0.21366581,0.056918354,0.0022311955,-0.0012445883,0.4013408,0.23068191,0.21908005,0.001841274,7,512,0.93407423,0.056918354,-0.53968294,0.05084359,0.00012619974,0.00012619974,0.25174739,0.26246665,0.25082107,0.26925622,0.26925622,0.25174739,1.750883,1.578884,0.00012619974,0.00012619974,3.3298932,0.29237682,2.31206,0.028776192,-14.104383,0.028776192,0.68980473,100.38366,918.3903,0.008126014,0.46511099,8.6892121,118.1722,117.94393,0.0047177571,0.00904,0.56156889,0.30243186,1465.168,0.05860672,1.1949994,5396.0256,10101.916,0.0088104147,0.45854042,9.0268569,69.947243,5.2914713,0.00026457356,0.00935,0.74908413,0.29984432,1152.7764,0.057638818,-0.048621102,0.23255395,-3.8755168,0.68980473,100.38366,918.3903,0.008126014,0.46511099,8.6892121,118.1722,117.94393,0.0047177571,0.00904,0.56156889,0.30243186,1465.168,0.05860672,1.1949994,5396.0256,10101.916,0.0088104147,0.45854042,9.0268569,69.947243,5.2914713,0.00026457356,0.00935,0.74908413,0.29984432,1152.7764,0.057638818,-0.048621102,0.23255395,-3.8755168,harmonic:0.1,harmonic,0.1
kuairand,w-none.g-none.v-high,100,run_shared_main_25k,shared_likelihood,20,0,0.23497068,0.18848489,18,0.24682149,1.1850808,0.046564664,0.1,14,0.2442624,0.92917217,0.046706219,0,15,0.25099303,1.6022351,0.046600159,0.001,0.0066232611,0.19070773,0.24147797,0.015090697,-0.0032398884,0.3972804,0.23473707,0.2232803,0.00027340684,8,512,0.95325416,0.17208568,1.1449476,1.1610432,0.41715427,0.67306294,0.25174739,0.26246665,0.25082107,0.26925622,0.26925622,0.26246665,0.678957,1.1473618,0.41715427,0.67306294,2.2434731,0.29237682,2.31206,0.34565034,-14.192023,0.27100993,0.68980473,100.38366,918.3903,0.008126014,0.46511099,8.6892121,118.1722,117.94393,0.0047177571,0.00904,0.56156889,0.30243186,1465.168,0.05860672,1.1949994,5396.0256,10101.916,0.0088104147,0.45854042,9.0268569,69.947243,5.2914713,0.00026457356,0.00935,0.74908413,0.29984432,1152.7764,0.057638818,-0.051929144,0.21058323,-3.9768047,0.68980473,100.38366,918.3903,0.008126014,0.46511099,8.6892121,118.1722,117.94393,0.0047177571,0.00904,0.56156889,0.30243186,1465.168,0.05860672,1.1949994,5396.0256,10101.916,0.0088104147,0.45854042,9.0268569,69.947243,5.2914713,0.00026457356,0.00935,0.74908413,0.29984432,1152.7764,0.057638818,-0.051929144,0.21058323,-3.9768047,harmonic:0.1,harmonic,0.1
kuairand,w-none.g-none.v-high,100,run_shared_main_25k,shared_opc,20,0,0.23497068,0.18848489,10,0.24930056,1.4329877,0.24896373,0.01,14,0.24729164,1.2320961,0.23400632,0,2,0.24992925,1.4958571,0.24850306,0,0.030544735,6.5626831,0.39738001,0.020893768,-0.006563891,,0.24259275,0.23101946,0.00054675158,5,512,0.91825129,0.29291908,1.2712787,1.3236531,0.062869369,0.26376097,0.25174739,0.26246665,0.25082107,0.26925622,0.26925622,0.26925622,0,1.9326969,0.062869369,0.26376097,1.9955663,0.29237682,2.31206,0.41795687,6.0478838,0.35936319,0.68980473,100.38366,918.3903,0.008126014,0.46511099,8.6892121,118.1722,117.94393,0.0047177571,0.00904,0.56156889,0.30243186,1465.168,0.05860672,1.1949994,5396.0256,10101.916,0.0088104147,0.45854042,9.0268569,69.947243,5.2914713,0.00026457356,0.00935,0.74908413,0.29984432,1152.7764,0.057638818,,,,0.68980473,100.38366,918.3903,0.008126014,0.46511099,8.6892121,118.1722,117.94393,0.0047177571,0.00904,0.56156889,0.30243186,1465.168,0.05860672,1.1949994,5396.0256,10101.916,0.0088104147,0.45854042,9.0268569,69.947243,5.2914713,0.00026457356,0.00935,0.74908413,0.29984432,1152.7764,0.057638818,,,,harmonic:0.1,harmonic,0.1
kuairand,w-none.g-none.v-high,101,run_shared_main_25k,shared_iw_likelihood,20,0,0.25524763,0.20188315,9,0.24782601,-0.74216238,0.060333986,0.1,8,0.2543473,-0.090033253,0.055888332,0,18,0.25479487,-0.045276177,0.054786713,0,0.010681094,0.31353083,0.22746033,0.0039829987,-0.011404623,0.47196495,0.24677763,0.23528439,0.00067267274,8,512,0.80199527,0.055190446,-0.66866899,-0.41276938,0.69688621,0.044757076,0.27021314,0.27595046,0.2699108,0.28172963,0.28172963,0.2699108,1.181883,1.5115927,0.69688621,0.044757076,3.3903619,0.30529663,2.3567,-0.28025169,-14.154917,-0.033997912,0.72447332,183.26245,1490.5898,0.0095772221,0.5405218,9.2142717,78.138765,71.395244,0.0028558098,0.00912,0.5448697,0.32972976,1613.1261,0.064525044,0.5195597,48.789997,637.45273,0.0091436523,0.4808592,7.3604846,61.338334,110.04591,0.0055022956,0.00765,0.44116331,0.29034903,1198.7758,0.059938789,-0.043047688,0.27487725,-4.2812596,0.72447332,183.26245,1490.5898,0.0095772221,0.5405218,9.2142717,78.138765,71.395244,0.0028558098,0.00912,0.5448697,0.32972976,1613.1261,0.064525044,0.5195597,48.789997,637.45273,0.0091436523,0.4808592,7.3604846,61.338334,110.04591,0.0055022956,0.00765,0.44116331,0.29034903,1198.7758,0.059938789,-0.043047688,0.27487725,-4.2812596,harmonic:0.1,harmonic,0.1
kuairand,w-none.g-none.v-high,101,run_shared_main_25k,shared_iw_likelihood_clip10,20,0,0.25524763,0.20188315,3,0.24954607,-0.57015671,0.053242611,0,13,0.25474864,-0.049899651,0.05195262,1,13,0.25474864,-0.049899651,0.05195262,1,0.006915627,0.26796976,0.17928325,0.0032523787,-0.0089539458,0.43714686,0.24622946,0.23482413,0.00022331859,6,512,0.89399595,0.025470532,-0.7200208,-0.50352708,0.52025706,0,0.27021314,0.27595046,0.2699108,0.28172963,0.28172963,0.27021314,1.151649,1.5464502,0.52025706,0,3.2183562,0.30529663,2.3567,-0.21529976,-14.864054,-0.018842859,0.72447332,183.26245,1490.5898,0.0095772221,0.5405218,9.2142717,78.138765,71.395244,0.0028558098,0.00912,0.5448697,0.32972976,1613.1261,0.064525044,0.5195597,48.789997,637.45273,0.0091436523,0.4808592,7.3604846,61.338334,110.04591,0.0055022956,0.00765,0.44116331,0.29034903,1198.7758,0.059938789,-0.045590984,0.25468456,-4.0887584,0.72447332,183.26245,1490.5898,0.0095772221,0.5405218,9.2142717,78.138765,71.395244,0.0028558098,0.00912,0.5448697,0.32972976,1613.1261,0.064525044,0.5195597,48.789997,637.45273,0.0091436523,0.4808592,7.3604846,61.338334,110.04591,0.0055022956,0.00765,0.44116331,0.29034903,1198.7758,0.059938789,-0.045590984,0.25468456,-4.0887584,harmonic:0.1,harmonic,0.1
kuairand,w-none.g-none.v-high,101,run_shared_main_25k,shared_likelihood,20,0,0.25524763,0.20188315,9,0.26437096,0.91233243,0.045493571,0.1,9,0.26437096,0.91233243,0.045493571,0.1,4,0.2653797,1.0132067,0.04532906,0.01,0.010816489,0.19506289,0.26518258,0.013476502,-0.0043531782,0.41174611,0.25997897,0.24810552,0.00091029002,8,512,0.80199527,0.26518258,0.7991052,0.86874754,0.10087428,0.10087428,0.27021314,0.27595046,0.2699108,0.28172963,0.28172963,0.27595046,0.577917,1.0570758,0.10087428,0.10087428,1.7358671,0.30529663,2.3567,0.34451046,-15.638958,0.34451046,0.72447332,183.26245,1490.5898,0.0095772221,0.5405218,9.2142717,78.138765,71.395244,0.0028558098,0.00912,0.5448697,0.32972976,1613.1261,0.064525044,0.5195597,48.789997,637.45273,0.0091436523,0.4808592,7.3604846,61.338334,110.04591,0.0055022956,0.00765,0.44116331,0.29034903,1198.7758,0.059938789,-0.051440705,0.21369166,-3.9211845,0.72447332,183.26245,1490.5898,0.0095772221,0.5405218,9.2142717,78.138765,71.395244,0.0028558098,0.00912,0.5448697,0.32972976,1613.1261,0.064525044,0.5195597,48.789997,637.45273,0.0091436523,0.4808592,7.3604846,61.338334,110.04591,0.0055022956,0.00765,0.44116331,0.29034903,1198.7758,0.059938789,-0.051440705,0.21369166,-3.9211845,harmonic:0.1,harmonic,0.1
kuairand,w-none.g-none.v-high,101,run_shared_main_25k,shared_opc,20,0,0.25524763,0.20188315,2,0.26065802,0.54103893,0.26061161,1,8,0.26482527,0.95776362,0.25640994,0,14,0.26579576,1.0548129,0.26497479,0,0.014449928,29.79213,0.29280262,0.011967377,-0.0065569876,,0.25797469,0.24660104,0.0015813241,13,1024,0.95275132,0.32787961,0.89693928,0.94260977,0.51377402,0.097049326,0.27021314,0.27595046,0.2699108,0.28172963,0.28172963,0.28172963,0,1.5933866,0.51377402,0.097049326,2.1071606,0.30529663,2.3567,0.20430444,5.8728463,0.36166596,0.72447332,183.26245,1490.5898,0.0095772221,0.5405218,9.2142717,78.138765,71.395244,0.0028558098,0.00912,0.5448697,0.32972976,1613.1261,0.064525044,0.5195597,48.789997,637.45273,0.0091436523,0.4808592,7.3604846,61.338334,110.04591,0.0055022956,0.00765,0.44116331,0.29034903,1198.7758,0.059938789,,,,0.72447332,183.26245,1490.5898,0.0095772221,0.5405218,9.2142717,78.138765,71.395244,0.0028558098,0.00912,0.5448697,0.32972976,1613.1261,0.064525044,0.5195597,48.789997,637.45273,0.0091436523,0.4808592,7.3604846,61.338334,110.04591,0.0055022956,0.00765,0.44116331,0.29034903,1198.7758,0.059938789,,,,harmonic:0.1,harmonic,0.1
ml,high,100,run_shared_main_25k,shared_iw_likelihood,20,0,0.11265929,0.090860242,14,0.11434746,0.16881756,0.036809302,0,15,0.1243074,1.1648116,0.049852749,0.001,15,0.1243074,1.1648116,0.049852749,0.001,0.00014415663,0.19614217,0.041397018,0.0022426005,-0.00055442499,0.29930358,0.11478642,0.10464546,3.4911397e-05,30,2048,0.88813975,0.63511733,0.41042513,0.28068525,0.995994,0,0.19131865,0.19772893,0.18839523,0.2494562,0.2494562,0.18839523,6.106097,6.4087825,0.995994,0,13.510874,0.30298334,5.352714,0.012340743,-5.4050941,0.085148966,0.82908109,200.10383,1446.5434,0.0176193,0.56520983,10.86649,120.43378,85.583364,0.0034233345,0.01092,0.57498207,0.35237433,1651.4397,0.06605759,0.75118121,282.81674,1630.6844,0.017838246,0.57499098,9.8207916,83.495527,39.824348,0.0019912174,0.00995,0.54117081,0.34466386,1345.6214,0.067281071,-0.054651711,0.19406709,-3.7142439,0.82908109,200.10383,1446.5434,0.0176193,0.56520983,10.86649,120.43378,85.583364,0.0034233345,0.01092,0.57498207,0.35237433,1651.4397,0.06605759,0.75118121,282.81674,1630.6844,0.017838246,0.57499098,9.8207916,83.495527,39.824348,0.0019912174,0.00995,0.54117081,0.34466386,1345.6214,0.067281071,-0.054651711,0.19406709,-3.7142439,harmonic:0.1,harmonic,0.1
ml,high,100,run_shared_main_25k,shared_iw_likelihood_clip10,20,0,0.11265929,0.090860242,10,0.12719364,1.4534347,0.037191877,0.01,13,0.12844962,1.5790329,0.044160506,0.01,2,0.12942724,1.6767951,0.038820808,0,0.015467753,0.16822764,0.35414378,0.020869228,-0.0063348813,0.29388534,0.1214362,0.11122458,0.00033214837,5,512,0.91825129,0.58617795,0.58530651,0.42787345,0.22336036,0.097762111,0.19131865,0.19772893,0.18839523,0.2494562,0.2494562,0.19131865,5.813755,6.189141,0.22336036,0.097762111,12.226256,0.30298334,5.352714,0.10624763,-5.3668366,0.11542899,0.82908109,200.10383,1446.5434,0.0176193,0.56520983,10.86649,120.43378,85.583364,0.0034233345,0.01092,0.57498207,0.35237433,1651.4397,0.06605759,0.75118121,282.81674,1630.6844,0.017838246,0.57499098,9.8207916,83.495527,39.824348,0.0019912174,0.00995,0.54117081,0.34466386,1345.6214,0.067281071,-0.067484737,0.1320543,-3.5694261,0.82908109,200.10383,1446.5434,0.0176193,0.56520983,10.86649,120.43378,85.583364,0.0034233345,0.01092,0.57498207,0.35237433,1651.4397,0.06605759,0.75118121,282.81674,1630.6844,0.017838246,0.57499098,9.8207916,83.495527,39.824348,0.0019912174,0.00995,0.54117081,0.34466386,1345.6214,0.067281071,-0.067484737,0.1320543,-3.5694261,harmonic:0.1,harmonic,0.1
ml,high,100,run_shared_main_25k,shared_likelihood,20,0,0.11265929,0.090860242,15,0.15791248,4.5253192,0.039659052,0.001,15,0.15791248,4.5253192,0.039659052,0.001,9,0.15848268,4.5823388,0.042342104,0,0.17562559,0.14271806,0.78556263,0.056692416,-0.011439224,0.28499136,0.14354409,0.13459879,0.001225339,16,1024,0.88776593,0.78556263,2.3666458,2.5108675,0.057019656,0.057019656,0.19131865,0.19772893,0.18839523,0.2494562,0.2494562,0.19772893,5.172727,3.9246253,0.057019656,0.057019656,9.1543719,0.30298334,5.352714,0.33080566,-5.1201191,0.33080566,0.82908109,200.10383,1446.5434,0.0176193,0.56520983,10.86649,120.43378,85.583364,0.0034233345,0.01092,0.57498207,0.35237433,1651.4397,0.06605759,0.75118121,282.81674,1630.6844,0.017838246,0.57499098,9.8207916,83.495527,39.824348,0.0019912174,0.00995,0.54117081,0.34466386,1345.6214,0.067281071,-0.065223932,0.14132148,-3.5748259,0.82908109,200.10383,1446.5434,0.0176193,0.56520983,10.86649,120.43378,85.583364,0.0034233345,0.01092,0.57498207,0.35237433,1651.4397,0.06605759,0.75118121,282.81674,1630.6844,0.017838246,0.57499098,9.8207916,83.495527,39.824348,0.0019912174,0.00995,0.54117081,0.34466386,1345.6214,0.067281071,-0.065223932,0.14132148,-3.5748259,harmonic:0.1,harmonic,0.1
ml,high,100,run_shared_main_25k,shared_opc,20,0,0.11265929,0.090860242,13,0.15326102,4.0601733,0.1530564,0.01,13,0.15326102,4.0601733,0.1530564,0.01,9,0.1549512,4.2291908,0.15478427,0,0.079357155,9.9406834,0.66642322,0.049274042,-0.0086723088,,0.14734067,0.13736212,0.00076182625,22,2048,0.94937569,0.66642322,2.9467237,3.042334,0.16901745,0.16901745,0.19131865,0.19772893,0.18839523,0.2494562,0.2494562,0.2494562,0,9.4505003,0.16901745,0.16901745,9.6195178,0.30298334,5.352714,0.296803,6.219616,0.296803,0.82908109,200.10383,1446.5434,0.0176193,0.56520983,10.86649,120.43378,85.583364,0.0034233345,0.01092,0.57498207,0.35237433,1651.4397,0.06605759,0.75118121,282.81674,1630.6844,0.017838246,0.57499098,9.8207916,83.495527,39.824348,0.0019912174,0.00995,0.54117081,0.34466386,1345.6214,0.067281071,,,,0.82908109,200.10383,1446.5434,0.0176193,0.56520983,10.86649,120.43378,85.583364,0.0034233345,0.01092,0.57498207,0.35237433,1651.4397,0.06605759,0.75118121,282.81674,1630.6844,0.017838246,0.57499098,9.8207916,83.495527,39.824348,0.0019912174,0.00995,0.54117081,0.34466386,1345.6214,0.067281071,,,,harmonic:0.1,harmonic,0.1
ml,high,101,run_shared_main_25k,shared_iw_likelihood,20,0,0.10767297,0.086383276,8,0.10816731,0.049434702,0.043457758,0,3,0.11156815,0.38951862,0.045038336,0,4,0.1127002,0.50272314,0.048201399,0.01,0.00067637785,0.28882253,0.071539744,0.0028739869,-0.0023796399,0.3540034,0.11266327,0.10248391,0.00011036457,15,2048,0.84109863,0.20450865,0.038927945,0.055834756,0.45328844,0.11320453,0.19403123,0.20171867,0.18907482,0.24492501,0.24492501,0.18907482,5.585019,7.6374623,0.45328844,0.11320453,13.67577,0.30089191,5.59669,0.0036017461,-4.2925519,0.028379804,0.92487573,220.09101,989.05809,0.018009852,0.53886246,11.185901,128.17706,96.787627,0.0038715051,0.01124,0.61987259,0.35157061,1643.9197,0.065756787,0.9256154,425.10112,1824.1373,0.017567778,0.55918886,9.863512,97.359128,40.227633,0.0020113816,0.0099,0.63341763,0.33931429,1341.615,0.067080751,-0.042356849,0.28063358,-4.0271378,0.92487573,220.09101,989.05809,0.018009852,0.53886246,11.185901,128.17706,96.787627,0.0038715051,0.01124,0.61987259,0.35157061,1643.9197,0.065756787,0.9256154,425.10112,1824.1373,0.017567778,0.55918886,9.863512,97.359128,40.227633,0.0020113816,0.0099,0.63341763,0.33931429,1341.615,0.067080751,-0.042356849,0.28063358,-4.0271378,harmonic:0.1,harmonic,0.1
ml,high,101,run_shared_main_25k,shared_iw_likelihood_clip10,20,0,0.10767297,0.086383276,8,0.11003836,0.23653962,0.036847249,0,15,0.11838583,1.0712866,0.04139453,0.001,14,0.11958743,1.1914462,0.044961614,0,0.00085819094,0.17699176,0.080348288,0.0042843068,-0.0019189107,0.29645312,0.11419046,0.1039866,0.00011036457,15,2048,0.84109863,0.33629113,0.43487191,0.33189381,0.95490658,0.1201596,0.19403123,0.20171867,0.18907482,0.24492501,0.24492501,0.19403123,5.089378,7.4443803,0.95490658,0.1201596,13.488665,0.30089191,5.59669,0.017233959,-4.9536027,0.078052506,0.92487573,220.09101,989.05809,0.018009852,0.53886246,11.185901,128.17706,96.787627,0.0038715051,0.01124,0.61987259,0.35157061,1643.9197,0.065756787,0.9256154,425.10112,1824.1373,0.017567778,0.55918886,9.863512,97.359128,40.227633,0.0020113816,0.0099,0.63341763,0.33931429,1341.615,0.067080751,-0.058160414,0.17467775,-3.6435897,0.92487573,220.09101,989.05809,0.018009852,0.53886246,11.185901,128.17706,96.787627,0.0038715051,0.01124,0.61987259,0.35157061,1643.9197,0.065756787,0.9256154,425.10112,1824.1373,0.017567778,0.55918886,9.863512,97.359128,40.227633,0.0020113816,0.0099,0.63341763,0.33931429,1341.615,0.067080751,-0.058160414,0.17467775,-3.6435897,harmonic:0.1,harmonic,0.1
ml,high,101,run_shared_main_25k,shared_likelihood,20,0,0.10767297,0.086383276,19,0.16931776,6.1644792,0.04122811,0,14,0.16636578,5.8692813,0.0400155,0,19,0.16931776,6.1644792,0.04122811,0,0.14380263,0.13694108,0.76765585,0.069503644,-0.0078588514,0.28447981,0.15396275,0.14488939,0.00072693248,23,2048,0.95087739,0.7207221,3.5708217,3.8952268,0,0.29519797,0.19403123,0.20171867,0.18907482,0.24492501,0.24492501,0.20171867,4.320634,3.2400912,0,0.29519797,7.5607252,0.30089191,5.59669,0.4491357,-4.5155166,0.42762797,0.92487573,220.09101,989.05809,0.018009852,0.53886246,11.185901,128.17706,96.787627,0.0038715051,0.01124,0.61987259,0.35157061,1643.9197,0.065756787,0.9256154,425.10112,1824.1373,0.017567778,0.55918886,9.863512,97.359128,40.227633,0.0020113816,0.0099,0.63341763,0.33931429,1341.615,0.067080751,-0.063542655,0.14863233,-3.7047478,0.92487573,220.09101,989.05809,0.018009852,0.53886246,11.185901,128.17706,96.787627,0.0038715051,0.01124,0.61987259,0.35157061,1643.9197,0.065756787,0.9256154,425.10112,1824.1373,0.017567778,0.55918886,9.863512,97.359128,40.227633,0.0020113816,0.0099,0.63341763,0.33931429,1341.615,0.067080751,-0.063542655,0.14863233,-3.7047478,harmonic:0.1,harmonic,0.1
ml,high,101,run_shared_main_25k,shared_opc,20,0,0.10767297,0.086383276,14,0.16798897,6.0316,0.16684962,0,14,0.16798897,6.0316,0.16684962,0,14,0.16798897,6.0316,0.16684962,0,0.10779286,4.273952,0.73610331,0.067988474,-0.0076724738,,0.15955173,0.15024422,0.0017874308,5,2048,0.87705386,0.73610331,4.4809162,4.9415105,0,0,0.19403123,0.20171867,0.18907482,0.24492501,0.24492501,0.24492501,0,7.6936045,0,0,7.6936045,0.30089191,5.59669,0.43945429,8.0466339,0.43945429,0.92487573,220.09101,989.05809,0.018009852,0.53886246,11.185901,128.17706,96.787627,0.0038715051,0.01124,0.61987259,0.35157061,1643.9197,0.065756787,0.9256154,425.10112,1824.1373,0.017567778,0.55918886,9.863512,97.359128,40.227633,0.0020113816,0.0099,0.63341763,0.33931429,1341.615,0.067080751,,,,0.92487573,220.09101,989.05809,0.018009852,0.53886246,11.185901,128.17706,96.787627,0.0038715051,0.01124,0.61987259,0.35157061,1643.9197,0.065756787,0.9256154,425.10112,1824.1373,0.017567778,0.55918886,9.863512,97.359128,40.227633,0.0020113816,0.0099,0.63341763,0.33931429,1341.615,0.067080751,,,,harmonic:0.1,harmonic,0.1
ml,none,100,run_shared_main_25k,shared_iw_likelihood,20,0,0.30298334,0.2427668,15,0.27525515,-2.772819,0.11421677,0.001,0,0.30246868,-0.051466055,0.10972426,1,17,0.30296523,-0.0018113227,0.11210423,1,0.091334999,0.47247866,0.57422192,0,-0.02772819,0.60268409,0.27294887,0.25998809,0.0010150455,16,1024,0.88776593,0.1003619,-0.57435656,-0.075848865,2.7710077,0.049654732,0.30298333,0.30296658,0.30298333,0.30284859,0.30284859,0.30298333,-0.013474,0.001810088,2.7710077,0.049654732,2.7593438,0.30298334,0.013475,,-12.855003,,0.70209006,2075.785,6972.3535,0.0061133497,0.15443266,3.8948156,56.330658,5.9352657,0.00023741063,0.00476,0.77401246,0.15866361,798.16336,0.031926535,0.4118628,331.995,2465.3138,0.0061577494,0.15064643,3.8455184,36.412539,10.213668,0.00051068342,0.0046,0.62141072,0.15592684,627.22614,0.031361307,-0.032442242,0.37784649,-5.4533675,0.70209006,2075.785,6972.3535,0.0061133497,0.15443266,3.8948156,56.330658,5.9352657,0.00023741063,0.00476,0.77401246,0.15866361,798.16336,0.031926535,0.4118628,331.995,2465.3138,0.0061577494,0.15064643,3.8455184,36.412539,10.213668,0.00051068342,0.0046,0.62141072,0.15592684,627.22614,0.031361307,-0.032442242,0.37784649,-5.4533675,harmonic:0.1,harmonic,0.1
ml,none,100,run_shared_main_25k,shared_iw_likelihood_clip10,20,0,0.30298334,0.2427668,4,0.30268455,-0.029878996,0.077987985,0.1,4,0.30268455,-0.029878996,0.077987985,0.1,17,0.3029722,-0.0011137843,0.077143081,1,0.00084617391,0.26296577,0.07876292,0,-0.00029878996,0.51698556,0.29709021,0.28352177,9.8844386e-05,15,2048,0.93915334,0.07876292,-0.74006963,-0.045848649,0.028765211,0.028765211,0.30298333,0.30296658,0.30298333,0.30284859,0.30284859,0.30298333,-0.013474,0.0011125495,0.028765211,0.028765211,0.016403761,0.30298334,0.013475,,-16.477881,,0.70209006,2075.785,6972.3535,0.0061133497,0.15443266,3.8948156,56.330658,5.9352657,0.00023741063,0.00476,0.77401246,0.15866361,798.16336,0.031926535,0.4118628,331.995,2465.3138,0.0061577494,0.15064643,3.8455184,36.412539,10.213668,0.00051068342,0.0046,0.62141072,0.15592684,627.22614,0.031361307,-0.045244847,0.25734301,-4.3078934,0.70209006,2075.785,6972.3535,0.0061133497,0.15443266,3.8948156,56.330658,5.9352657,0.00023741063,0.00476,0.77401246,0.15866361,798.16336,0.031926535,0.4118628,331.995,2465.3138,0.0061577494,0.15064643,3.8455184,36.412539,10.213668,0.00051068342,0.0046,0.62141072,0.15592684,627.22614,0.031361307,-0.045244847,0.25734301,-4.3078934,harmonic:0.1,harmonic,0.1
ml,none,100,run_shared_main_25k,shared_likelihood,20,0,0.30298334,0.2427668,17,0.30287786,-0.010548595,0.063289319,1,5,0.30252344,-0.045990436,0.06285519,1,17,0.30287786,-0.010548595,0.063289319,1,0.00014938292,0.2048258,0.044964338,0,-0.00010548595,0.5112121,0.29152619,0.27794497,0.00013899222,14,2048,0.86218495,0.092760872,-0.2143393,-0.10270428,0,0.035441842,0.30298333,0.30296658,0.30298333,0.30284859,0.30284859,0.30296658,-0.011799,0.0088723598,0,0.035441842,-0.0029266402,0.30298334,0.013475,,-17.947748,,0.70209006,2075.785,6972.3535,0.0061133497,0.15443266,3.8948156,56.330658,5.9352657,0.00023741063,0.00476,0.77401246,0.15866361,798.16336,0.031926535,0.4118628,331.995,2465.3138,0.0061577494,0.15064643,3.8455184,36.412539,10.213668,0.00051068342,0.0046,0.62141072,0.15592684,627.22614,0.031361307,-0.052891088,0.204593,-3.7559948,0.70209006,2075.785,6972.3535,0.0061133497,0.15443266,3.8948156,56.330658,5.9352657,0.00023741063,0.00476,0.77401246,0.15866361,798.16336,0.031926535,0.4118628,331.995,2465.3138,0.0061577494,0.15064643,3.8455184,36.412539,10.213668,0.00051068342,0.0046,0.62141072,0.15592684,627.22614,0.031361307,-0.052891088,0.204593,-3.7559948,harmonic:0.1,harmonic,0.1
ml,none,100,run_shared_main_25k,shared_opc,20,0,0.30298334,0.2427668,5,0.29677858,-0.62047664,0.29678788,1,14,0.29843403,-0.45493112,0.27830676,0,17,0.30130669,-0.16766492,0.27588161,1,0.012009187,52.082745,0.31639958,0,-0.0062047664,,0.29758546,0.28378293,0.0019870152,26,2048,0.9564551,0.27427537,-0.63136592,-0.58231634,0.45281172,0.2872662,0.30298333,0.30296658,0.30298333,0.30284859,0.30284859,0.30284859,0,0.15418968,0.45281172,0.2872662,0.60700141,0.30298334,0.013475,,5.4021085,,0.70209006,2075.785,6972.3535,0.0061133497,0.15443266,3.8948156,56.330658,5.9352657,0.00023741063,0.00476,0.77401246,0.15866361,798.16336,0.031926535,0.4118628,331.995,2465.3138,0.0061577494,0.15064643,3.8455184,36.412539,10.213668,0.00051068342,0.0046,0.62141072,0.15592684,627.22614,0.031361307,,,,0.70209006,2075.785,6972.3535,0.0061133497,0.15443266,3.8948156,56.330658,5.9352657,0.00023741063,0.00476,0.77401246,0.15866361,798.16336,0.031926535,0.4118628,331.995,2465.3138,0.0061577494,0.15064643,3.8455184,36.412539,10.213668,0.00051068342,0.0046,0.62141072,0.15592684,627.22614,0.031361307,,,,harmonic:0.1,harmonic,0.1
ml,none,101,run_shared_main_25k,shared_iw_likelihood,20,0,0.30089191,0.24152548,18,0.30083598,-0.0055928768,0.084944824,0,16,0.30039461,-0.049729627,0.087403096,1,18,0.30083598,-0.0055928768,0.084944824,0,0.00021901279,0.28439647,0.032276544,0,-5.5928768e-05,0.52142489,0.29422541,0.28030039,4.1943229e-05,6,1024,0.87499423,0.099899937,-0.62023341,-0.37229943,0,0.04413675,0.30089187,0.30086159,0.3008919,0.30072602,0.30072602,0.3008919,-0.016588,0.0055922369,0,0.04413675,-0.010995763,0.30089191,0.016589,,-15.658066,,0.71544937,2385.4835,7509.41,0.0062293442,0.15551303,4.3739421,65.902762,5.3632523,0.00021453009,0.00488,0.77010902,0.16447536,812.79283,0.032511713,0.79049249,1291.2088,3501.6621,0.0060556378,0.15188237,3.7821564,71.378317,9.6742855,0.00048371428,0.0042,0.80494412,0.15419021,633.35673,0.031667837,-0.041777766,0.28555147,-4.5293144,0.71544937,2385.4835,7509.41,0.0062293442,0.15551303,4.3739421,65.902762,5.3632523,0.00021453009,0.00488,0.77010902,0.16447536,812.79283,0.032511713,0.79049249,1291.2088,3501.6621,0.0060556378,0.15188237,3.7821564,71.378317,9.6742855,0.00048371428,0.0042,0.80494412,0.15419021,633.35673,0.031667837,-0.041777766,0.28555147,-4.5293144,harmonic:0.1,harmonic,0.1
ml,none,101,run_shared_main_25k,shared_iw_likelihood_clip10,20,0,0.30089191,0.24152548,16,0.30080784,-0.0084070454,0.067242124,1,5,0.29945658,-0.14353298,0.067421269,0,13,0.30086331,-0.0028591836,0.066367544,1,0.00019055989,0.21632889,0.041733138,0,-8.4070454e-05,0.51176803,0.29532947,0.281347,0.00028760082,10,1024,0.92410432,0.16538507,-0.52188372,-0.24356353,0.0055478618,0.1406738,0.30089187,0.30086159,0.3008919,0.30072602,0.30072602,0.30089187,-0.016585,0.0028555437,0.0055478618,0.1406738,-0.0081815945,0.30089191,0.016589,,-17.428336,,0.71544937,2385.4835,7509.41,0.0062293442,0.15551303,4.3739421,65.902762,5.3632523,0.00021453009,0.00488,0.77010902,0.16447536,812.79283,0.032511713,0.79049249,1291.2088,3501.6621,0.0060556378,0.15188237,3.7821564,71.378317,9.6742855,0.00048371428,0.0042,0.80494412,0.15419021,633.35673,0.031667837,-0.051708106,0.21198428,-3.9841913,0.71544937,2385.4835,7509.41,0.0062293442,0.15551303,4.3739421,65.902762,5.3632523,0.00021453009,0.00488,0.77010902,0.16447536,812.79283,0.032511713,0.79049249,1291.2088,3501.6621,0.0060556378,0.15188237,3.7821564,71.378317,9.6742855,0.00048371428,0.0042,0.80494412,0.15419021,633.35673,0.031667837,-0.051708106,0.21198428,-3.9841913,harmonic:0.1,harmonic,0.1
ml,none,101,run_shared_main_25k,shared_likelihood,20,0,0.30089191,0.24152548,13,0.30074497,-0.0146935,0.065378152,1,11,0.29933289,-0.15590173,0.066014021,0.1,13,0.30074497,-0.0146935,0.065378152,1,0.00035814446,0.20979157,0.052892952,0,-0.000146935,0.51155737,0.29645848,0.28251113,0.00021477282,6,512,0.86905738,0.17069066,-0.17671893,-0.1625222,0,0.14120823,0.30089187,0.30086159,0.3008919,0.30072602,0.30072602,0.30086159,-0.013557,0.01166186,0,0.14120823,-0.0018951397,0.30089191,0.016589,,-17.614733,,0.71544937,2385.4835,7509.41,0.0062293442,0.15551303,4.3739421,65.902762,5.3632523,0.00021453009,0.00488,0.77010902,0.16447536,812.79283,0.032511713,0.79049249,1291.2088,3501.6621,0.0060556378,0.15188237,3.7821564,71.378317,9.6742855,0.00048371428,0.0042,0.80494412,0.15419021,633.35673,0.031667837,-0.051958834,0.21039575,-3.8330832,0.71544937,2385.4835,7509.41,0.0062293442,0.15551303,4.3739421,65.902762,5.3632523,0.00021453009,0.00488,0.77010902,0.16447536,812.79283,0.032511713,0.79049249,1291.2088,3501.6621,0.0060556378,0.15188237,3.7821564,71.378317,9.6742855,0.00048371428,0.0042,0.80494412,0.15419021,633.35673,0.031667837,-0.051958834,0.21039575,-3.8330832,harmonic:0.1,harmonic,0.1
ml,none,101,run_shared_main_25k,shared_opc,20,0,0.30089191,0.24152548,9,0.29589643,-0.49954763,0.29581061,0.1,9,0.29589643,-0.49954763,0.29581061,0.1,13,0.2997669,-0.11250022,0.29527397,1,0.018705258,16.328075,0.29813813,0,-0.0049954763,,0.29773332,0.2838247,0.00091029002,8,512,0.80199527,0.29813813,-0.46709769,-0.45942947,0.38704741,0.38704741,0.30089187,0.30086159,0.3008919,0.30072602,0.30072602,0.30072602,0,0.095911583,0.38704741,0.38704741,0.48295899,0.30089191,0.016589,,5.4285129,,0.71544937,2385.4835,7509.41,0.0062293442,0.15551303,4.3739421,65.902762,5.3632523,0.00021453009,0.00488,0.77010902,0.16447536,812.79283,0.032511713,0.79049249,1291.2088,3501.6621,0.0060556378,0.15188237,3.7821564,71.378317,9.6742855,0.00048371428,0.0042,0.80494412,0.15419021,633.35673,0.031667837,,,,0.71544937,2385.4835,7509.41,0.0062293442,0.15551303,4.3739421,65.902762,5.3632523,0.00021453009,0.00488,0.77010902,0.16447536,812.79283,0.032511713,0.79049249,1291.2088,3501.6621,0.0060556378,0.15188237,3.7821564,71.378317,9.6742855,0.00048371428,0.0042,0.80494412,0.15419021,633.35673,0.031667837,,,,harmonic:0.1,harmonic,0.1
ml,w-high.g-none.v-none,100,run_shared_main_25k,shared_iw_likelihood,20,0,0.22031196,0.17679525,10,0.23340576,1.3093804,0.060999545,0.01,11,0.22774478,0.74328178,0.060468108,0.01,10,0.23340576,1.3093804,0.060999545,0.01,0.014037146,0.25106585,0.32143873,0.018564924,-0.0054711193,0.45393664,0.22648083,0.2139989,0.00033214837,5,512,0.91825129,0.22228889,0.29081852,0.34601709,0,0.56609865,0.302957,0.30265816,0.30296855,0.30217531,0.30217531,0.30296855,-0.079324,6.9562787,0,0.56609865,6.8769547,0.30298334,0.080803,0.15994708,-11.579571,0.090795426,0.70585544,744.39044,4070.3209,0.0087401545,0.2469637,5.6828835,107.01576,16.72169,0.0006688676,0.0064,0.69818454,0.21303808,1053.8598,0.042154392,0.46930748,67.041723,556.14866,0.0090993396,0.25511924,6.1188002,81.933266,65.490055,0.0032745027,0.0061,0.54524328,0.21342073,852.05517,0.042602758,-0.042749497,0.27734726,-4.0855566,0.70585544,744.39044,4070.3209,0.0087401545,0.2469637,5.6828835,107.01576,16.72169,0.0006688676,0.0064,0.69818454,0.21303808,1053.8598,0.042154392,0.46930748,67.041723,556.14866,0.0090993396,0.25511924,6.1188002,81.933266,65.490055,0.0032745027,0.0061,0.54524328,0.21342073,852.05517,0.042602758,-0.042749497,0.27734726,-4.0855566,harmonic:0.1,harmonic,0.1
ml,w-high.g-none.v-none,100,run_shared_main_25k,shared_iw_likelihood_clip10,20,0,0.22031196,0.17679525,2,0.24535127,2.5039312,0.052098939,0,10,0.24147698,2.1165022,0.051015158,0.01,6,0.24603044,2.5718477,0.052913827,0.001,0.025760245,0.1923276,0.45115548,0.030430267,-0.0053909555,0.44143893,0.23590489,0.22331231,0.00071041412,7,2048,0.85145317,0.37957021,0.56701538,0.58323793,0.067916567,0.45534554,0.302957,0.30265816,0.30296855,0.30217531,0.30217531,0.302957,-0.078169,5.6926564,0.067916567,0.45534554,5.6824039,0.30298334,0.080803,0.30586717,-12.469632,0.25854087,0.70585544,744.39044,4070.3209,0.0087401545,0.2469637,5.6828835,107.01576,16.72169,0.0006688676,0.0064,0.69818454,0.21303808,1053.8598,0.042154392,0.46930748,67.041723,556.14866,0.0090993396,0.25511924,6.1188002,81.933266,65.490055,0.0032745027,0.0061,0.54524328,0.21342073,852.05517,0.042602758,-0.060910922,0.16084282,-3.554843,0.70585544,744.39044,4070.3209,0.0087401545,0.2469637,5.6828835,107.01576,16.72169,0.0006688676,0.0064,0.69818454,0.21303808,1053.8598,0.042154392,0.46930748,67.041723,556.14866,0.0090993396,0.25511924,6.1188002,81.933266,65.490055,0.0032745027,0.0061,0.54524328,0.21342073,852.05517,0.042602758,-0.060910922,0.16084282,-3.554843,harmonic:0.1,harmonic,0.1
ml,w-high.g-none.v-none,100,run_shared_main_25k,shared_likelihood,20,0,0.22031196,0.17679525,15,0.27282927,5.2517308,0.052423775,0.001,11,0.2716848,5.1372837,0.048494711,0.01,13,0.27410081,5.378885,0.050361997,0.01,0.155661,0.16052486,0.78745319,0.059129093,-0.0066117847,0.42958535,0.25255155,0.24117223,0.001225339,16,1024,0.88776593,0.67187104,3.9074057,4.5122566,0.12715415,0.24160123,0.302957,0.30265816,0.30296855,0.30217531,0.30217531,0.30265816,-0.048285,2.8557351,0.12715415,0.24160123,2.9346043,0.30298334,0.080803,0.64152405,-12.437148,0.62754379,0.70585544,744.39044,4070.3209,0.0087401545,0.2469637,5.6828835,107.01576,16.72169,0.0006688676,0.0064,0.69818454,0.21303808,1053.8598,0.042154392,0.46930748,67.041723,556.14866,0.0090993396,0.25511924,6.1188002,81.933266,65.490055,0.0032745027,0.0061,0.54524328,0.21342073,852.05517,0.042602758,-0.066380165,0.13650351,-3.1864602,0.70585544,744.39044,4070.3209,0.0087401545,0.2469637,5.6828835,107.01576,16.72169,0.0006688676,0.0064,0.69818454,0.21303808,1053.8598,0.042154392,0.46930748,67.041723,556.14866,0.0090993396,0.25511924,6.1188002,81.933266,65.490055,0.0032745027,0.0061,0.54524328,0.21342073,852.05517,0.042602758,-0.066380165,0.13650351,-3.1864602,harmonic:0.1,harmonic,0.1
ml,w-high.g-none.v-none,100,run_shared_main_25k,shared_opc,20,0,0.22031196,0.17679525,15,0.26163951,4.1327553,0.26157454,0.001,4,0.26187967,4.1567711,0.25556658,0.1,2,0.26366579,4.3353828,0.2612539,0,0.098605834,16.800602,0.73476586,0.050059285,-0.0087317317,,0.26111972,0.24932542,0.001225339,16,1024,0.88776593,0.6245274,3.8591572,4.1421771,0.20262752,0.17861179,0.302957,0.30265816,0.30296855,0.30217531,0.30217531,0.30217531,0,3.8509523,0.20262752,0.17861179,4.0535798,0.30298334,0.080803,0.50483584,8.4779283,0.50776947,0.70585544,744.39044,4070.3209,0.0087401545,0.2469637,5.6828835,107.01576,16.72169,0.0006688676,0.0064,0.69818454,0.21303808,1053.8598,0.042154392,0.46930748,67.041723,556.14866,0.0090993396,0.25511924,6.1188002,81.933266,65.490055,0.0032745027,0.0061,0.54524328,0.21342073,852.05517,0.042602758,,,,0.70585544,744.39044,4070.3209,0.0087401545,0.2469637,5.6828835,107.01576,16.72169,0.0006688676,0.0064,0.69818454,0.21303808,1053.8598,0.042154392,0.46930748,67.041723,556.14866,0.0090993396,0.25511924,6.1188002,81.933266,65.490055,0.0032745027,0.0061,0.54524328,0.21342073,852.05517,0.042602758,,,,harmonic:0.1,harmonic,0.1
ml,w-high.g-none.v-none,101,run_shared_main_25k,shared_iw_likelihood,20,0,0.22334879,0.17933441,15,0.23635677,1.3007976,0.079219703,0.001,3,0.23362648,1.0277688,0.0758306,0,15,0.23635677,1.3007976,0.079219703,0.001,0.023332067,0.34719092,0.43843304,0.021679158,-0.0086711823,0.49290662,0.23505489,0.2222287,0.00033966079,22,1024,0.85890555,0.29927777,0.71282558,0.7643169,0,0.27302877,0.30087285,0.30046085,0.30087987,0.29982388,0.29982388,0.30087987,-0.105599,6.45231,0,0.27302877,6.346711,0.30089191,0.106803,0.17009429,-10.011471,0.13439263,0.69980657,935.44447,4591.1497,0.009743518,0.29685844,6.4388454,67.147169,13.081294,0.00052325177,0.00696,0.66068385,0.23745567,1191.2772,0.047651088,0.85826267,1165.6812,3524.0838,0.0098044184,0.30544418,6.7001702,70.805282,12.630376,0.0006315188,0.0066,0.71029486,0.2486431,996.15313,0.049807656,-0.0380213,0.31961472,-4.7508434,0.69980657,935.44447,4591.1497,0.009743518,0.29685844,6.4388454,67.147169,13.081294,0.00052325177,0.00696,0.66068385,0.23745567,1191.2772,0.047651088,0.85826267,1165.6812,3524.0838,0.0098044184,0.30544418,6.7001702,70.805282,12.630376,0.0006315188,0.0066,0.71029486,0.2486431,996.15313,0.049807656,-0.0380213,0.31961472,-4.7508434,harmonic:0.1,harmonic,0.1
ml,w-high.g-none.v-none,101,run_shared_main_25k,shared_iw_likelihood_clip10,20,0,0.22334879,0.17933441,3,0.23639602,1.3047228,0.051316091,0,15,0.24007438,1.6725584,0.053678097,0.001,15,0.24007438,1.6725584,0.053678097,0.001,0.010277893,0.18399212,0.28568535,0.016721641,-0.0036744131,0.44355787,0.24167312,0.22880566,0.00022331859,6,512,0.89399595,0.40603459,0.86126119,0.9529392,0.36783567,0,0.30087285,0.30046085,0.30087987,0.29982388,0.29982388,0.30087285,-0.104897,6.0798471,0.36783567,0,6.3427858,0.30089191,0.106803,0.17060756,-12.801832,0.21870632,0.69980657,935.44447,4591.1497,0.009743518,0.29685844,6.4388454,67.147169,13.081294,0.00052325177,0.00696,0.66068385,0.23745567,1191.2772,0.047651088,0.85826267,1165.6812,3524.0838,0.0098044184,0.30544418,6.7001702,70.805282,12.630376,0.0006315188,0.0066,0.71029486,0.2486431,996.15313,0.049807656,-0.058080941,0.17509471,-3.6665666,0.69980657,935.44447,4591.1497,0.009743518,0.29685844,6.4388454,67.147169,13.081294,0.00052325177,0.00696,0.66068385,0.23745567,1191.2772,0.047651088,0.85826267,1165.6812,3524.0838,0.0098044184,0.30544418,6.7001702,70.805282,12.630376,0.0006315188,0.0066,0.71029486,0.2486431,996.15313,0.049807656,-0.058080941,0.17509471,-3.6665666,harmonic:0.1,harmonic,0.1
ml,w-high.g-none.v-none,101,run_shared_main_25k,shared_likelihood,20,0,0.22334879,0.17933441,4,0.26815317,4.4804372,0.050848874,0.01,3,0.26154142,3.8192628,0.048723632,0,4,0.26815317,4.4804372,0.050848874,0.01,0.098128691,0.16748396,0.74800007,0.051496945,-0.0066925734,0.43416622,0.24833878,0.23692108,0.00043393462,21,512,0.92812183,0.69248268,3.3035301,3.7116337,0,0.6611744,0.30087285,0.30046085,0.30087987,0.29982388,0.29982388,0.30046085,-0.063697,3.2307684,0,0.6611744,3.1670714,0.30089191,0.106803,0.58586887,-12.848554,0.49941268,0.69980657,935.44447,4591.1497,0.009743518,0.29685844,6.4388454,67.147169,13.081294,0.00052325177,0.00696,0.66068385,0.23745567,1191.2772,0.047651088,0.85826267,1165.6812,3524.0838,0.0098044184,0.30544418,6.7001702,70.805282,12.630376,0.0006315188,0.0066,0.71029486,0.2486431,996.15313,0.049807656,-0.066002206,0.1380601,-3.0985641,0.69980657,935.44447,4591.1497,0.009743518,0.29685844,6.4388454,67.147169,13.081294,0.00052325177,0.00696,0.66068385,0.23745567,1191.2772,0.047651088,0.85826267,1165.6812,3524.0838,0.0098044184,0.30544418,6.7001702,70.805282,12.630376,0.0006315188,0.0066,0.71029486,0.2486431,996.15313,0.049807656,-0.066002206,0.1380601,-3.0985641,harmonic:0.1,harmonic,0.1
ml,w-high.g-none.v-none,101,run_shared_main_25k,shared_opc,20,0,0.22334879,0.17933441,14,0.2572626,3.3913807,0.25636023,0,14,0.2572626,3.3913807,0.25636023,0,19,0.25953529,3.6186491,0.25939534,0,0.086241186,5.1594834,0.70610686,0.043293813,-0.0093800067,,0.25411123,0.24195482,0.0017874308,5,2048,0.87705386,0.70610686,3.1954107,3.3915775,0.22726844,0.22726844,0.30087285,0.30046085,0.30087987,0.29982388,0.29982388,0.29982388,0,4.0288595,0.22726844,0.22726844,4.2561279,0.30089191,0.106803,0.44346216,7.702582,0.44346216,0.69980657,935.44447,4591.1497,0.009743518,0.29685844,6.4388454,67.147169,13.081294,0.00052325177,0.00696,0.66068385,0.23745567,1191.2772,0.047651088,0.85826267,1165.6812,3524.0838,0.0098044184,0.30544418,6.7001702,70.805282,12.630376,0.0006315188,0.0066,0.71029486,0.2486431,996.15313,0.049807656,,,,0.69980657,935.44447,4591.1497,0.009743518,0.29685844,6.4388454,67.147169,13.081294,0.00052325177,0.00696,0.66068385,0.23745567,1191.2772,0.047651088,0.85826267,1165.6812,3524.0838,0.0098044184,0.30544418,6.7001702,70.805282,12.630376,0.0006315188,0.0066,0.71029486,0.2486431,996.15313,0.049807656,,,,harmonic:0.1,harmonic,0.1
ml,w-none.g-high.v-none,100,run_shared_main_25k,shared_iw_likelihood,20,0,0.23455814,0.1879817,9,0.17727351,-5.7284625,0.075166339,0,10,0.23777611,0.32179719,0.052571781,0.01,10,0.23777611,0.32179719,0.052571781,0.01,0.3247872,0.41792211,0.80133479,0.0095530297,-0.066837655,0.60967623,0.1781588,0.16862405,0.0013502474,13,1024,0.97535555,0.2860084,-0.37222542,0.024065311,6.0502597,0,0.26892299,0.27169437,0.26296,0.28868322,0.28868322,0.26296,2.572322,2.5183889,6.0502597,0,11.140971,0.30298334,1.430012,-1.0583749,-11.281536,0.059454357,0.8008199,2196.5058,7253.0331,0.0076472612,0.20866512,5.2034793,72.595854,7.297105,0.0002918842,0.00632,0.75482043,0.19634468,957.50381,0.038300152,0.5848654,244.32475,1181.3731,0.0077539246,0.21546172,5.3169199,51.98272,27.961906,0.0013980953,0.0055,0.66729423,0.19458809,781.37052,0.039068526,-0.057531542,0.17800453,-3.54787,0.8008199,2196.5058,7253.0331,0.0076472612,0.20866512,5.2034793,72.595854,7.297105,0.0002918842,0.00632,0.75482043,0.19634468,957.50381,0.038300152,0.5848654,244.32475,1181.3731,0.0077539246,0.21546172,5.3169199,51.98272,27.961906,0.0013980953,0.0055,0.66729423,0.19458809,781.37052,0.039068526,-0.057531542,0.17800453,-3.54787,harmonic:0.1,harmonic,0.1
ml,w-none.g-high.v-none,100,run_shared_main_25k,shared_iw_likelihood_clip10,20,0,0.23455814,0.1879817,18,0.23582826,0.12701207,0.050727357,0.1,11,0.23738146,0.28233203,0.052019422,0.01,11,0.23738146,0.28233203,0.052019422,0.01,0.0022129761,0.18510522,0.13336056,0.0046358887,-0.003365768,0.45417642,0.22544946,0.212497,0.00012725709,8,512,0.95325416,0.20403821,-0.51937864,0.010233511,0.15531996,0,0.26892299,0.27169437,0.26296,0.28868322,0.28868322,0.26892299,1.976023,3.1541531,0.15531996,0,5.2854961,0.30298334,1.430012,0.023466398,-13.725434,0.052162882,0.8008199,2196.5058,7253.0331,0.0076472612,0.20866512,5.2034793,72.595854,7.297105,0.0002918842,0.00632,0.75482043,0.19634468,957.50381,0.038300152,0.5848654,244.32475,1181.3731,0.0077539246,0.21546172,5.3169199,51.98272,27.961906,0.0013980953,0.0055,0.66729423,0.19458809,781.37052,0.039068526,-0.057760294,0.17678715,-3.60483,0.8008199,2196.5058,7253.0331,0.0076472612,0.20866512,5.2034793,72.595854,7.297105,0.0002918842,0.00632,0.75482043,0.19634468,957.50381,0.038300152,0.5848654,244.32475,1181.3731,0.0077539246,0.21546172,5.3169199,51.98272,27.961906,0.0013980953,0.0055,0.66729423,0.19458809,781.37052,0.039068526,-0.057760294,0.17678715,-3.60483,harmonic:0.1,harmonic,0.1
ml,w-none.g-high.v-none,100,run_shared_main_25k,shared_likelihood,20,0,0.23455814,0.1879817,13,0.25402278,1.9464642,0.048358982,0.01,6,0.25467049,2.0112347,0.047659641,0.001,7,0.25499896,2.0440823,0.047171358,0.001,0.056479875,0.16331199,0.57934963,0.029981083,-0.010516441,0.4458842,0.25296439,0.23966989,0.00076182625,22,2048,0.94937569,0.52590239,1.4510283,1.4832781,0.097618151,0.032847599,0.26892299,0.27169437,0.26296,0.28868322,0.28868322,0.27169437,1.698885,1.6695408,0.097618151,0.032847599,3.466044,0.30298334,1.430012,0.35962333,-13.962272,0.37159015,0.8008199,2196.5058,7253.0331,0.0076472612,0.20866512,5.2034793,72.595854,7.297105,0.0002918842,0.00632,0.75482043,0.19634468,957.50381,0.038300152,0.5848654,244.32475,1181.3731,0.0077539246,0.21546172,5.3169199,51.98272,27.961906,0.0013980953,0.0055,0.66729423,0.19458809,781.37052,0.039068526,-0.062400431,0.15381373,-3.3005007,0.8008199,2196.5058,7253.0331,0.0076472612,0.20866512,5.2034793,72.595854,7.297105,0.0002918842,0.00632,0.75482043,0.19634468,957.50381,0.038300152,0.5848654,244.32475,1181.3731,0.0077539246,0.21546172,5.3169199,51.98272,27.961906,0.0013980953,0.0055,0.66729423,0.19458809,781.37052,0.039068526,-0.062400431,0.15381373,-3.3005007,harmonic:0.1,harmonic,0.1
ml,w-none.g-high.v-none,100,run_shared_main_25k,shared_opc,20,0,0.23455814,0.1879817,10,0.25352319,1.8965053,0.2532079,0.01,18,0.25303341,1.8475269,0.2518401,0.1,2,0.25522321,2.0665074,0.25267605,0,0.032445394,6.0482545,0.48865365,0.026425429,-0.0074603756,,0.25686644,0.24335671,0.00054675158,5,512,0.91825129,0.43379294,1.7453253,1.8875965,0.17000208,0.21898046,0.26892299,0.27169437,0.26296,0.28868322,0.28868322,0.28868322,0,3.3460008,0.17000208,0.21898046,3.5160028,0.30298334,1.430012,0.35039306,6.5226206,0.34134395,0.8008199,2196.5058,7253.0331,0.0076472612,0.20866512,5.2034793,72.595854,7.297105,0.0002918842,0.00632,0.75482043,0.19634468,957.50381,0.038300152,0.5848654,244.32475,1181.3731,0.0077539246,0.21546172,5.3169199,51.98272,27.961906,0.0013980953,0.0055,0.66729423,0.19458809,781.37052,0.039068526,,,,0.8008199,2196.5058,7253.0331,0.0076472612,0.20866512,5.2034793,72.595854,7.297105,0.0002918842,0.00632,0.75482043,0.19634468,957.50381,0.038300152,0.5848654,244.32475,1181.3731,0.0077539246,0.21546172,5.3169199,51.98272,27.961906,0.0013980953,0.0055,0.66729423,0.19458809,781.37052,0.039068526,,,,harmonic:0.1,harmonic,0.1
ml,w-none.g-high.v-none,101,run_shared_main_25k,shared_iw_likelihood,20,0,0.2306126,0.18730188,12,0.2315757,0.096310542,0.099959907,1,12,0.2315757,0.096310542,0.099959907,1,16,0.23188933,0.12767358,0.098974539,1,0.0020846645,0.41823676,0.15243533,0.0053360553,-0.0043729499,0.60503694,0.23126653,0.21882202,0.0015027922,8,1024,0.80206721,0.15243533,-0.22013198,0.015640712,0.031363033,0.031363033,0.26169093,0.26645941,0.25531442,0.28350121,0.28350121,0.25531442,2.818679,2.3425088,0.031363033,0.031363033,5.1925508,0.30089191,1.73907,0.018210071,-8.7341969,0.018210071,0.81421993,2763.8921,8130.3158,0.006642238,0.18357005,4.8143618,85.633573,5.9951247,0.00023980499,0.00596,0.78086101,0.17842733,853.84149,0.03415366,1.0536189,1780.0698,4625.2646,0.006534766,0.1891247,5.3805635,106.98152,12.464915,0.00062324574,0.00635,0.81873247,0.19098689,725.28928,0.036264464,-0.03067113,0.39846569,-5.671127,0.81421993,2763.8921,8130.3158,0.006642238,0.18357005,4.8143618,85.633573,5.9951247,0.00023980499,0.00596,0.78086101,0.17842733,853.84149,0.03415366,1.0536189,1780.0698,4625.2646,0.006534766,0.1891247,5.3805635,106.98152,12.464915,0.00062324574,0.00635,0.81873247,0.19098689,725.28928,0.036264464,-0.03067113,0.39846569,-5.671127,harmonic:0.1,harmonic,0.1
ml,w-none.g-high.v-none,101,run_shared_main_25k,shared_iw_likelihood_clip10,20,0,0.2306126,0.18730188,12,0.23165959,0.10469912,0.055816612,1,2,0.23174955,0.11369522,0.055933069,1,5,0.23285438,0.22417851,0.056861482,0,0.00040108635,0.20461543,0.075832553,0.0028503306,-0.0018033394,0.46125786,0.23272525,0.22025046,0.0015027922,8,1024,0.80206721,0.081368514,-0.14904798,0.11090247,0.11947939,0.11048329,0.26169093,0.26645941,0.25531442,0.28350121,0.28350121,0.26169093,2.181028,2.8836549,0.11947939,0.11048329,5.1841623,0.30089191,1.73907,0.019796155,-13.148526,0.021497107,0.81421993,2763.8921,8130.3158,0.006642238,0.18357005,4.8143618,85.633573,5.9951247,0.00023980499,0.00596,0.78086101,0.17842733,853.84149,0.03415366,1.0536189,1780.0698,4625.2646,0.006534766,0.1891247,5.3805635,106.98152,12.464915,0.00062324574,0.00635,0.81873247,0.19098689,725.28928,0.036264464,-0.054006244,0.19786163,-3.867073,0.81421993,2763.8921,8130.3158,0.006642238,0.18357005,4.8143618,85.633573,5.9951247,0.00023980499,0.00596,0.78086101,0.17842733,853.84149,0.03415366,1.0536189,1780.0698,4625.2646,0.006534766,0.1891247,5.3805635,106.98152,12.464915,0.00062324574,0.00635,0.81873247,0.19098689,725.28928,0.036264464,-0.054006244,0.19786163,-3.867073,harmonic:0.1,harmonic,0.1
ml,w-none.g-high.v-none,101,run_shared_main_25k,shared_likelihood,20,0,0.2306126,0.18730188,7,0.24884035,1.8227759,0.05221074,0.1,7,0.24884035,1.8227759,0.05221074,0.1,4,0.24900028,1.8387686,0.052853729,0.01,0.021978378,0.1765606,0.45062708,0.02538572,-0.0071579617,0.4532036,0.24742519,0.23438299,0.00128873,23,2048,0.90688967,0.45062708,1.3306047,1.503867,0.015992739,0.015992739,0.26169093,0.26645941,0.25531442,0.28350121,0.28350121,0.26645941,1.70418,1.7459128,0.015992739,0.015992739,3.4660855,0.30089191,1.73907,0.34464429,-13.509114,0.34464429,0.81421993,2763.8921,8130.3158,0.006642238,0.18357005,4.8143618,85.633573,5.9951247,0.00023980499,0.00596,0.78086101,0.17842733,853.84149,0.03415366,1.0536189,1780.0698,4625.2646,0.006534766,0.1891247,5.3805635,106.98152,12.464915,0.00062324574,0.00635,0.81873247,0.19098689,725.28928,0.036264464,-0.059286178,0.16887688,-3.5909748,0.81421993,2763.8921,8130.3158,0.006642238,0.18357005,4.8143618,85.633573,5.9951247,0.00023980499,0.00596,0.78086101,0.17842733,853.84149,0.03415366,1.0536189,1780.0698,4625.2646,0.006534766,0.1891247,5.3805635,106.98152,12.464915,0.00062324574,0.00635,0.81873247,0.19098689,725.28928,0.036264464,-0.059286178,0.16887688,-3.5909748,harmonic:0.1,harmonic,0.1
ml,w-none.g-high.v-none,101,run_shared_main_25k,shared_opc,20,0,0.2306126,0.18730188,14,0.24793024,1.7317642,0.24711465,0,14,0.24793024,1.7317642,0.24711465,0,10,0.24805715,1.7444552,0.24500951,0,0.054042161,5.1853237,0.53149504,0.026211488,-0.0088938463,,0.24903662,0.23646921,0.0017874308,5,2048,0.87705386,0.53149504,1.5188368,1.5700402,0.012690998,0.012690998,0.26169093,0.26645941,0.25531442,0.28350121,0.28350121,0.28350121,0,3.5444062,0.012690998,0.012690998,3.5570972,0.30089191,1.73907,0.32743611,5.9812778,0.32743611,0.81421993,2763.8921,8130.3158,0.006642238,0.18357005,4.8143618,85.633573,5.9951247,0.00023980499,0.00596,0.78086101,0.17842733,853.84149,0.03415366,1.0536189,1780.0698,4625.2646,0.006534766,0.1891247,5.3805635,106.98152,12.464915,0.00062324574,0.00635,0.81873247,0.19098689,725.28928,0.036264464,,,,0.81421993,2763.8921,8130.3158,0.006642238,0.18357005,4.8143618,85.633573,5.9951247,0.00023980499,0.00596,0.78086101,0.17842733,853.84149,0.03415366,1.0536189,1780.0698,4625.2646,0.006534766,0.1891247,5.3805635,106.98152,12.464915,0.00062324574,0.00635,0.81873247,0.19098689,725.28928,0.036264464,,,,harmonic:0.1,harmonic,0.1
ml,w-none.g-none.v-high,100,run_shared_main_25k,shared_iw_likelihood,20,0,0.21727592,0.17420731,9,0.14461412,-7.2661794,0.061171791,0,2,0.21850356,0.1227641,0.032198849,0,10,0.21932427,0.20483516,0.031529403,0.01,0.59602046,0.4025909,0.8610988,0.0093043699,-0.081966164,0.58789215,0.16618267,0.15723804,0.0013502474,13,1024,0.97535555,0.32703388,-0.48241145,-0.0017728243,7.4710145,0.082071058,0.23671184,0.24787736,0.23423117,0.27038546,0.27038546,0.23423117,3.615429,1.4906903,7.4710145,0.082071058,12.577134,0.30298334,3.259788,-1.3681494,-11.303552,0.023115261,0.78537833,542.32893,2748.2033,0.0092915152,0.30614033,6.9574366,106.1853,28.401508,0.0011360603,0.00684,0.68501067,0.24738579,1217.4545,0.048698179,0.55990172,126.83103,1247.4488,0.0094000281,0.31800695,7.2758698,73.851465,49.31238,0.002465619,0.0074,0.55199492,0.25083881,973.82517,0.048691259,-0.11093542,0.03586252,-2.3545907,0.78537833,542.32893,2748.2033,0.0092915152,0.30614033,6.9574366,106.1853,28.401508,0.0011360603,0.00684,0.68501067,0.24738579,1217.4545,0.048698179,0.55990172,126.83103,1247.4488,0.0094000281,0.31800695,7.2758698,73.851465,49.31238,0.002465619,0.0074,0.55199492,0.25083881,973.82517,0.048691259,-0.11093542,0.03586252,-2.3545907,harmonic:0.1,harmonic,0.1
ml,w-none.g-none.v-high,100,run_shared_main_25k,shared_iw_likelihood_clip10,20,0,0.21727592,0.17420731,14,0.21797007,0.0694153,0.045207434,0,18,0.21896417,0.16882534,0.046326177,0.1,7,0.21945715,0.21812313,0.046423791,0.001,0.00014611827,0.17237578,0.039221229,0.0018951346,-0.0012009816,0.43475005,0.21257215,0.1999795,3.4911397e-05,30,2048,0.88813975,0.14369304,-0.52946137,0.063914645,0.14870783,0.04929779,0.23671184,0.24787736,0.23423117,0.27038546,0.27038546,0.23671184,3.367362,1.7254694,0.14870783,0.04929779,5.2415392,0.30298334,3.259788,0.013070212,-12.899987,0.031788135,0.78537833,542.32893,2748.2033,0.0092915152,0.30614033,6.9574366,106.1853,28.401508,0.0011360603,0.00684,0.68501067,0.24738579,1217.4545,0.048698179,0.55990172,126.83103,1247.4488,0.0094000281,0.31800695,7.2758698,73.851465,49.31238,0.002465619,0.0074,0.55199492,0.25083881,973.82517,0.048691259,-0.05865838,0.17208764,-3.3595419,0.78537833,542.32893,2748.2033,0.0092915152,0.30614033,6.9574366,106.1853,28.401508,0.0011360603,0.00684,0.68501067,0.24738579,1217.4545,0.048698179,0.55990172,126.83103,1247.4488,0.0094000281,0.31800695,7.2758698,73.851465,49.31238,0.002465619,0.0074,0.55199492,0.25083881,973.82517,0.048691259,-0.05865838,0.17208764,-3.3595419,harmonic:0.1,harmonic,0.1
ml,w-none.g-none.v-high,100,run_shared_main_25k,shared_likelihood,20,0,0.21727592,0.17420731,7,0.23186336,1.4587449,0.045401862,0.001,13,0.23145166,1.4175745,0.045968668,0.01,6,0.23258888,1.5312968,0.045625834,0.001,0.020828571,0.1547959,0.39529737,0.022055302,-0.0074678533,0.43280814,0.22545706,0.21244922,0.00015485333,17,512,0.95614274,0.51307778,1.0122622,1.1082719,0.072551922,0.11372232,0.23671184,0.24787736,0.23423117,0.27038546,0.27038546,0.24787736,2.25081,1.5288477,0.072551922,0.11372232,3.8522096,0.30298334,3.259788,0.27466717,-12.880545,0.2669152,0.78537833,542.32893,2748.2033,0.0092915152,0.30614033,6.9574366,106.1853,28.401508,0.0011360603,0.00684,0.68501067,0.24738579,1217.4545,0.048698179,0.55990172,126.83103,1247.4488,0.0094000281,0.31800695,7.2758698,73.851465,49.31238,0.002465619,0.0074,0.55199492,0.25083881,973.82517,0.048691259,-0.059436572,0.16811666,-3.3249286,0.78537833,542.32893,2748.2033,0.0092915152,0.30614033,6.9574366,106.1853,28.401508,0.0011360603,0.00684,0.68501067,0.24738579,1217.4545,0.048698179,0.55990172,126.83103,1247.4488,0.0094000281,0.31800695,7.2758698,73.851465,49.31238,0.002465619,0.0074,0.55199492,0.25083881,973.82517,0.048691259,-0.059436572,0.16811666,-3.3249286,harmonic:0.1,harmonic,0.1
ml,w-none.g-none.v-high,100,run_shared_main_25k,shared_opc,20,0,0.21727592,0.17420731,13,0.23271276,1.5436846,0.23246456,0.01,13,0.23271276,1.5436846,0.23246456,0.01,2,0.23402481,1.6748894,0.2323153,0,0.048489545,13.433404,0.47754721,0.025026529,-0.0095896831,,0.23655285,0.2231712,0.00076182625,22,2048,0.94937569,0.47754721,1.2909037,1.4053617,0.13120482,0.13120482,0.23671184,0.24787736,0.23423117,0.27038546,0.27038546,0.27038546,0,3.636065,0.13120482,0.13120482,3.7672699,0.30298334,3.259788,0.29066049,5.8257255,0.29066049,0.78537833,542.32893,2748.2033,0.0092915152,0.30614033,6.9574366,106.1853,28.401508,0.0011360603,0.00684,0.68501067,0.24738579,1217.4545,0.048698179,0.55990172,126.83103,1247.4488,0.0094000281,0.31800695,7.2758698,73.851465,49.31238,0.002465619,0.0074,0.55199492,0.25083881,973.82517,0.048691259,,,,0.78537833,542.32893,2748.2033,0.0092915152,0.30614033,6.9574366,106.1853,28.401508,0.0011360603,0.00684,0.68501067,0.24738579,1217.4545,0.048698179,0.55990172,126.83103,1247.4488,0.0094000281,0.31800695,7.2758698,73.851465,49.31238,0.002465619,0.0074,0.55199492,0.25083881,973.82517,0.048691259,,,,harmonic:0.1,harmonic,0.1
ml,w-none.g-none.v-high,101,run_shared_main_25k,shared_iw_likelihood,20,0,0.22076354,0.17877475,5,0.21953092,-0.12326145,0.077524025,0,18,0.22079491,0.0031367653,0.075023831,0,6,0.22102815,0.0264613,0.075674557,0.01,0.0031734775,0.35272574,0.12703694,0.0038003126,-0.0050329271,0.52665021,0.22295489,0.21028127,0.00020830811,21,1024,0.80413719,0.023251319,-0.52077531,-0.25022939,0.14972274,0.023324534,0.24286204,0.25114987,0.24101922,0.26887285,0.26887285,0.24101922,2.785363,1.999107,0.14972274,0.023324534,4.9341927,0.30089191,3.201906,-0.02562112,-10.125072,0.00065200793,0.82992119,547.40524,2394.8159,0.0086126655,0.27190522,6.9863394,90.787734,31.416562,0.0012566625,0.00712,0.71860611,0.23353475,1114.0377,0.044561507,0.71882994,296.39309,1743.2653,0.0084090586,0.28553219,6.6211593,91.45268,34.806292,0.0017403146,0.007,0.67691274,0.23224479,912.47738,0.045623869,-0.035870176,0.34092073,-4.6449259,0.82992119,547.40524,2394.8159,0.0086126655,0.27190522,6.9863394,90.787734,31.416562,0.0012566625,0.00712,0.71860611,0.23353475,1114.0377,0.044561507,0.71882994,296.39309,1743.2653,0.0084090586,0.28553219,6.6211593,91.45268,34.806292,0.0017403146,0.007,0.67691274,0.23224479,912.47738,0.045623869,-0.035870176,0.34092073,-4.6449259,harmonic:0.1,harmonic,0.1
ml,w-none.g-none.v-high,101,run_shared_main_25k,shared_iw_likelihood_clip10,20,0,0.22076354,0.17877475,5,0.22179757,0.10340276,0.05169714,0,5,0.22179757,0.10340276,0.05169714,0,8,0.22189073,0.11271933,0.050516804,0,0.0037081006,0.19803825,0.13971813,0.0054402908,-0.0044062631,0.44876918,0.22873568,0.21586334,0.00020830811,21,1024,0.80413719,0.13971813,-0.29128752,-0.02460148,0.0093165644,0.0093165644,0.24286204,0.25114987,0.24101922,0.26887285,0.26887285,0.24286204,2.601081,2.0971309,0.0093165644,0.0093165644,4.7075285,0.30089191,3.201906,0.021493295,-12.707761,0.021493295,0.82992119,547.40524,2394.8159,0.0086126655,0.27190522,6.9863394,90.787734,31.416562,0.0012566625,0.00712,0.71860611,0.23353475,1114.0377,0.044561507,0.71882994,296.39309,1743.2653,0.0084090586,0.28553219,6.6211593,91.45268,34.806292,0.0017403146,0.007,0.67691274,0.23224479,912.47738,0.045623869,-0.055243827,0.19065023,-3.7086618,0.82992119,547.40524,2394.8159,0.0086126655,0.27190522,6.9863394,90.787734,31.416562,0.0012566625,0.00712,0.71860611,0.23353475,1114.0377,0.044561507,0.71882994,296.39309,1743.2653,0.0084090586,0.28553219,6.6211593,91.45268,34.806292,0.0017403146,0.007,0.67691274,0.23224479,912.47738,0.045623869,-0.055243827,0.19065023,-3.7086618,harmonic:0.1,harmonic,0.1
ml,w-none.g-none.v-high,101,run_shared_main_25k,shared_likelihood,20,0,0.22076354,0.17877475,11,0.23191642,1.115288,0.048249994,0.1,10,0.2338654,1.3101867,0.048346756,0,3,0.23389782,1.3134287,0.048553988,0,0.01034046,0.16777301,0.32621366,0.017417148,-0.0062642679,0.4460763,0.23378821,0.22091493,0.0007893514,23,2048,0.85827629,0.35793559,1.0016927,1.0889757,0.19814062,0.0032419591,0.24286204,0.25114987,0.24101922,0.26887285,0.26887285,0.25114987,1.772298,1.7252046,0.19814062,0.0032419591,3.6956432,0.30089191,3.201906,0.23182373,-13.052475,0.27233536,0.82992119,547.40524,2394.8159,0.0086126655,0.27190522,6.9863394,90.787734,31.416562,0.0012566625,0.00712,0.71860611,0.23353475,1114.0377,0.044561507,0.71882994,296.39309,1743.2653,0.0084090586,0.28553219,6.6211593,91.45268,34.806292,0.0017403146,0.007,0.67691274,0.23224479,912.47738,0.045623869,-0.057999753,0.1755217,-3.4562577,0.82992119,547.40524,2394.8159,0.0086126655,0.27190522,6.9863394,90.787734,31.416562,0.0012566625,0.00712,0.71860611,0.23353475,1114.0377,0.044561507,0.71882994,296.39309,1743.2653,0.0084090586,0.28553219,6.6211593,91.45268,34.806292,0.0017403146,0.007,0.67691274,0.23224479,912.47738,0.045623869,-0.057999753,0.1755217,-3.4562577,harmonic:0.1,harmonic,0.1
ml,w-none.g-none.v-high,101,run_shared_main_25k,shared_opc,20,0,0.22076354,0.17877475,3,0.23540211,1.4638577,0.23427611,0,1,0.23641148,1.5647941,0.23219823,0.1,8,0.23652999,1.576645,0.22770597,0,0.032107815,4.58217,0.45671035,0.023698922,-0.0090603442,,0.24043057,0.22757597,0.00041043661,6,512,0.89399595,0.42220159,1.3288741,1.3756502,0.11278723,0.011850852,0.24286204,0.25114987,0.24101922,0.26887285,0.26887285,0.26887285,0,3.2342863,0.11278723,0.011850852,3.3470735,0.30089191,3.201906,0.30427742,5.5501359,0.32525805,0.82992119,547.40524,2394.8159,0.0086126655,0.27190522,6.9863394,90.787734,31.416562,0.0012566625,0.00712,0.71860611,0.23353475,1114.0377,0.044561507,0.71882994,296.39309,1743.2653,0.0084090586,0.28553219,6.6211593,91.45268,34.806292,0.0017403146,0.007,0.67691274,0.23224479,912.47738,0.045623869,,,,0.82992119,547.40524,2394.8159,0.0086126655,0.27190522,6.9863394,90.787734,31.416562,0.0012566625,0.00712,0.71860611,0.23353475,1114.0377,0.044561507,0.71882994,296.39309,1743.2653,0.0084090586,0.28553219,6.6211593,91.45268,34.806292,0.0017403146,0.007,0.67691274,0.23224479,912.47738,0.045623869,,,,harmonic:0.1,harmonic,0.1
anime,none,100,,blob_l10_nq,,,0.29711784,0.23698078,,0.28975494,-0.7362908,0.28825587,,,,,,,,,,,,,,,,,,,,,,,,,,,,,,,,,0.29707805,,,,,,,,,,5.127509,,,,,,,,,,,,,,,,,,,,,,,,,,,,,,,,,,,,,,,,,,,,,,,,,,,,,,,,,,,,,,,,,,
anime,none,100,,cap_c,,,0.29711784,0.23698078,,0.29032362,-0.67942287,0.29031007,,,,,,,,,,,,,,,,,,,,,,,,,,,,,,,,,0.29707805,,,,,,,,,,5.332929,,,,,,,,,,,,,,,,,,,,,,,,,,,,,,,,,,,,,,,,,,,,,,,,,,,,,,,,,,,,,,,,,,
anime,none,100,,opc,,,0.29711784,0.23698078,,0.28847601,-0.86418328,0.28829656,,,,,,,,,,,,,,,,,,,,,,,,,,,,,,,,,0.29707805,,,,,,,,,,5.131578,,,,,,,,,,,,,,,,,,,,,,,,,,,,,,,,,,,,,,,,,,,,,,,,,,,,,,,,,,,,,,,,,,
anime,none,100,,dm_own,,,0.29711784,0.23698078,,0.29096401,-0.61538305,0.29038155,,,,,,,,,,,,,,,,,,,,,,,,,,,,,,,,,0.29707805,,,,,,,,,,5.340077,,,,,,,,,,,,,,,,,,,,,,,,,,,,,,,,,,,,,,,,,,,,,,,,,,,,,,,,,,,,,,,,,,
anime,none,101,,blob_l10_nq,,,0.29792488,0.23784024,,0.29681847,-0.11064127,0.29681603,,,,,,,,,,,,,,,,,,,,,,,,,,,,,,,,,0.29788212,,,,,,,,,,5.897579,,,,,,,,,,,,,,,,,,,,,,,,,,,,,,,,,,,,,,,,,,,,,,,,,,,,,,,,,,,,,,,,,,
anime,none,101,,cap_c,,,0.29792488,0.23784024,,0.28950844,-0.84164388,0.28950835,,,,,,,,,,,,,,,,,,,,,,,,,,,,,,,,,0.29788212,,,,,,,,,,5.166811,,,,,,,,,,,,,,,,,,,,,,,,,,,,,,,,,,,,,,,,,,,,,,,,,,,,,,,,,,,,,,,,,,
anime,none,101,,opc,,,0.29792488,0.23784024,,0.29433677,-0.3588107,0.28774078,,,,,,,,,,,,,,,,,,,,,,,,,,,,,,,,,0.29788212,,,,,,,,,,4.990054,,,,,,,,,,,,,,,,,,,,,,,,,,,,,,,,,,,,,,,,,,,,,,,,,,,,,,,,,,,,,,,,,,
anime,none,101,,dm_own,,,0.29792488,0.23784024,,0.28980524,-0.81196448,0.28961915,,,,,,,,,,,,,,,,,,,,,,,,,,,,,,,,,0.29788212,,,,,,,,,,5.177891,,,,,,,,,,,,,,,,,,,,,,,,,,,,,,,,,,,,,,,,,,,,,,,,,,,,,,,,,,,,,,,,,,
kuairand,none,100,,blob_l10_nq,,,0.29237682,0.23295851,,0.29147177,-0.090505517,0.2914704,,,,,,,,,,,,,,,,,,,,,,,,,,,,,,,,,0.29220075,,,,,,,,,,5.851189,,,,,,,,,,,,,,,,,,,,,,,,,,,,,,,,,,,,,,,,,,,,,,,,,,,,,,,,,,,,,,,,,,
kuairand,none,100,,cap_c,,,0.29237682,0.23295851,,0.28969067,-0.26861494,0.28851129,,,,,,,,,,,,,,,,,,,,,,,,,,,,,,,,,0.29220075,,,,,,,,,,5.555278,,,,,,,,,,,,,,,,,,,,,,,,,,,,,,,,,,,,,,,,,,,,,,,,,,,,,,,,,,,,,,,,,,
kuairand,none,100,,opc,,,0.29237682,0.23295851,,0.28741436,-0.49624587,0.28742184,,,,,,,,,,,,,,,,,,,,,,,,,,,,,,,,,0.29220075,,,,,,,,,,5.446333,,,,,,,,,,,,,,,,,,,,,,,,,,,,,,,,,,,,,,,,,,,,,,,,,,,,,,,,,,,,,,,,,,
kuairand,none,100,,dm_own,,,0.29237682,0.23295851,,0.28803715,-0.43396713,0.28746987,,,,,,,,,,,,,,,,,,,,,,,,,,,,,,,,,0.29220075,,,,,,,,,,5.451136,,,,,,,,,,,,,,,,,,,,,,,,,,,,,,,,,,,,,,,,,,,,,,,,,,,,,,,,,,,,,,,,,,
kuairand,none,101,,blob_l10_nq,,,0.30529663,0.24601329,,0.30417099,-0.11256419,0.30397079,,,,,,,,,,,,,,,,,,,,,,,,,,,,,,,,,0.30511552,,,,,,,,,,5.79575,,,,,,,,,,,,,,,,,,,,,,,,,,,,,,,,,,,,,,,,,,,,,,,,,,,,,,,,,,,,,,,,,,
kuairand,none,101,,cap_c,,,0.30529663,0.24601329,,0.30183031,-0.34663176,0.30181953,,,,,,,,,,,,,,,,,,,,,,,,,,,,,,,,,0.30511552,,,,,,,,,,5.580624,,,,,,,,,,,,,,,,,,,,,,,,,,,,,,,,,,,,,,,,,,,,,,,,,,,,,,,,,,,,,,,,,,
kuairand,none,101,,opc,,,0.30529663,0.24601329,,0.29745242,-0.78442129,0.29737328,,,,,,,,,,,,,,,,,,,,,,,,,,,,,,,,,0.30511552,,,,,,,,,,5.135999,,,,,,,,,,,,,,,,,,,,,,,,,,,,,,,,,,,,,,,,,,,,,,,,,,,,,,,,,,,,,,,,,,
kuairand,none,101,,dm_own,,,0.30529663,0.24601329,,0.29971883,-0.55777993,0.29961374,,,,,,,,,,,,,,,,,,,,,,,,,,,,,,,,,0.30511552,,,,,,,,,,5.360045,,,,,,,,,,,,,,,,,,,,,,,,,,,,,,,,,,,,,,,,,,,,,,,,,,,,,,,,,,,,,,,,,,
ml,none,100,,blob_l10_nq,,,0.30298334,0.2427668,,0.30199053,-0.099281077,0.30170202,,,,,,,,,,,,,,,,,,,,,,,,,,,,,,,,,0.30284859,,,,,,,,,,5.893522,,,,,,,,,,,,,,,,,,,,,,,,,,,,,,,,,,,,,,,,,,,,,,,,,,,,,,,,,,,,,,,,,,
ml,none,100,,cap_c,,,0.30298334,0.2427668,,0.29630148,-0.66818607,0.29507106,,,,,,,,,,,,,,,,,,,,,,,,,,,,,,,,,0.30284859,,,,,,,,,,5.230426,,,,,,,,,,,,,,,,,,,,,,,,,,,,,,,,,,,,,,,,,,,,,,,,,,,,,,,,,,,,,,,,,,
ml,none,100,,opc,,,0.30298334,0.2427668,,0.29757369,-0.54096536,0.29571692,,,,,,,,,,,,,,,,,,,,,,,,,,,,,,,,,0.30284859,,,,,,,,,,5.295012,,,,,,,,,,,,,,,,,,,,,,,,,,,,,,,,,,,,,,,,,,,,,,,,,,,,,,,,,,,,,,,,,,
ml,none,100,,dm_own,,,0.30298334,0.2427668,,0.29835885,-0.46244878,0.29801092,,,,,,,,,,,,,,,,,,,,,,,,,,,,,,,,,0.30284859,,,,,,,,,,5.524412,,,,,,,,,,,,,,,,,,,,,,,,,,,,,,,,,,,,,,,,,,,,,,,,,,,,,,,,,,,,,,,,,,
ml,none,101,,blob_l10_nq,,,0.30089191,0.24152548,,0.29992729,-0.09646186,0.29875982,,,,,,,,,,,,,,,,,,,,,,,,,,,,,,,,,0.30072602,,,,,,,,,,5.723434,,,,,,,,,,,,,,,,,,,,,,,,,,,,,,,,,,,,,,,,,,,,,,,,,,,,,,,,,,,,,,,,,,
ml,none,101,,cap_c,,,0.30089191,0.24152548,,0.29580551,-0.50863927,0.29583194,,,,,,,,,,,,,,,,,,,,,,,,,,,,,,,,,0.30072602,,,,,,,,,,5.430646,,,,,,,,,,,,,,,,,,,,,,,,,,,,,,,,,,,,,,,,,,,,,,,,,,,,,,,,,,,,,,,,,,
ml,none,101,,opc,,,0.30089191,0.24152548,,0.29494386,-0.59480432,0.29494176,,,,,,,,,,,,,,,,,,,,,,,,,,,,,,,,,0.30072602,,,,,,,,,,5.341628,,,,,,,,,,,,,,,,,,,,,,,,,,,,,,,,,,,,,,,,,,,,,,,,,,,,,,,,,,,,,,,,,,
ml,none,101,,dm_own,,,0.30089191,0.24152548,,0.29673656,-0.41553446,0.29664462,,,,,,,,,,,,,,,,,,,,,,,,,,,,,,,,,0.30072602,,,,,,,,,,5.511914,,,,,,,,,,,,,,,,,,,,,,,,,,,,,,,,,,,,,,,,,,,,,,,,,,,,,,,,,,,,,,,,,,
anime,w-high.g-none.v-none,100,,blob_l10_nq,,,0.21762282,0.17376569,,0.25422713,3.6604308,0.25422634,,,,,,,,,,,,,,,,,,,,,,,,,,,,,,,,,0.29661327,,,,,,,,,0.46340172,8.046065,,,,,,,,,,,,,,,,,,,,,,,,,,,,,,,,,,,,,,,,,,,,,,,,,,,,,,,,,,,,,,,,,,
anime,w-high.g-none.v-none,100,,cap_c,,,0.21762282,0.17376569,,0.26282555,4.5202731,0.26153582,,,,,,,,,,,,,,,,,,,,,,,,,,,,,,,,,0.29661327,,,,,,,,,0.57225563,8.777013,,,,,,,,,,,,,,,,,,,,,,,,,,,,,,,,,,,,,,,,,,,,,,,,,,,,,,,,,,,,,,,,,,
anime,w-high.g-none.v-none,100,,opc,,,0.21762282,0.17376569,,0.2513713,3.3748479,0.25130628,,,,,,,,,,,,,,,,,,,,,,,,,,,,,,,,,0.29661327,,,,,,,,,0.4272476,7.754059,,,,,,,,,,,,,,,,,,,,,,,,,,,,,,,,,,,,,,,,,,,,,,,,,,,,,,,,,,,,,,,,,,
anime,w-high.g-none.v-none,100,,dm_own,,,0.21762282,0.17376569,,0.24701962,2.9396797,0.24666923,,,,,,,,,,,,,,,,,,,,,,,,,,,,,,,,,0.29661327,,,,,,,,,0.37215638,7.290354,,,,,,,,,,,,,,,,,,,,,,,,,,,,,,,,,,,,,,,,,,,,,,,,,,,,,,,,,,,,,,,,,,
anime,w-high.g-none.v-none,101,,blob_l10_nq,,,0.19943815,0.1587894,,0.22190473,2.2466572,0.22190977,,,,,,,,,,,,,,,,,,,,,,,,,,,,,,,,,0.29505505,,,,,,,,,0.23496453,6.312037,,,,,,,,,,,,,,,,,,,,,,,,,,,,,,,,,,,,,,,,,,,,,,,,,,,,,,,,,,,,,,,,,,
anime,w-high.g-none.v-none,101,,cap_c,,,0.19943815,0.1587894,,0.24289126,4.3453109,0.23762293,,,,,,,,,,,,,,,,,,,,,,,,,,,,,,,,,0.29505505,,,,,,,,,0.4544501,7.883353,,,,,,,,,,,,,,,,,,,,,,,,,,,,,,,,,,,,,,,,,,,,,,,,,,,,,,,,,,,,,,,,,,
anime,w-high.g-none.v-none,101,,opc,,,0.19943815,0.1587894,,0.22762988,2.8191725,0.2276124,,,,,,,,,,,,,,,,,,,,,,,,,,,,,,,,,0.29505505,,,,,,,,,0.29484045,6.8823,,,,,,,,,,,,,,,,,,,,,,,,,,,,,,,,,,,,,,,,,,,,,,,,,,,,,,,,,,,,,,,,,,
anime,w-high.g-none.v-none,101,,dm_own,,,0.19943815,0.1587894,,0.21638609,1.6947931,0.2162082,,,,,,,,,,,,,,,,,,,,,,,,,,,,,,,,,0.29505505,,,,,,,,,0.17724837,5.74188,,,,,,,,,,,,,,,,,,,,,,,,,,,,,,,,,,,,,,,,,,,,,,,,,,,,,,,,,,,,,,,,,,
kuairand,w-high.g-none.v-none,100,,blob_l10_nq,,,0.24068187,0.19277394,,0.26761512,2.693325,0.26646691,,,,,,,,,,,,,,,,,,,,,,,,,,,,,,,,,0.29142808,,,,,,,,,0.53074407,7.369297,,,,,,,,,,,,,,,,,,,,,,,,,,,,,,,,,,,,,,,,,,,,,,,,,,,,,,,,,,,,,,,,,,
kuairand,w-high.g-none.v-none,100,,cap_c,,,0.24068187,0.19277394,,0.27443174,3.3749872,0.27442955,,,,,,,,,,,,,,,,,,,,,,,,,,,,,,,,,0.29142808,,,,,,,,,0.66507174,8.165561,,,,,,,,,,,,,,,,,,,,,,,,,,,,,,,,,,,,,,,,,,,,,,,,,,,,,,,,,,,,,,,,,,
kuairand,w-high.g-none.v-none,100,,opc,,,0.24068187,0.19277394,,0.26572305,2.5041183,0.26400848,,,,,,,,,,,,,,,,,,,,,,,,,,,,,,,,,0.29142808,,,,,,,,,0.49345912,7.123454,,,,,,,,,,,,,,,,,,,,,,,,,,,,,,,,,,,,,,,,,,,,,,,,,,,,,,,,,,,,,,,,,,
kuairand,w-high.g-none.v-none,100,,dm_own,,,0.24068187,0.19277394,,0.25301343,1.2331556,0.25264313,,,,,,,,,,,,,,,,,,,,,,,,,,,,,,,,,0.29142808,,,,,,,,,0.24300455,5.986919,,,,,,,,,,,,,,,,,,,,,,,,,,,,,,,,,,,,,,,,,,,,,,,,,,,,,,,,,,,,,,,,,,
kuairand,w-high.g-none.v-none,101,,blob_l10_nq,,,0.25904046,0.20919334,,0.27617963,1.7139174,0.27617782,,,,,,,,,,,,,,,,,,,,,,,,,,,,,,,,,0.30426127,,,,,,,,,0.37901068,6.698448,,,,,,,,,,,,,,,,,,,,,,,,,,,,,,,,,,,,,,,,,,,,,,,,,,,,,,,,,,,,,,,,,,
kuairand,w-high.g-none.v-none,101,,cap_c,,,0.25904046,0.20919334,,0.28721317,2.8172708,0.28705627,,,,,,,,,,,,,,,,,,,,,,,,,,,,,,,,,0.30426127,,,,,,,,,0.62300321,7.786293,,,,,,,,,,,,,,,,,,,,,,,,,,,,,,,,,,,,,,,,,,,,,,,,,,,,,,,,,,,,,,,,,,
kuairand,w-high.g-none.v-none,101,,opc,,,0.25904046,0.20919334,,0.27579557,1.6755115,0.27579992,,,,,,,,,,,,,,,,,,,,,,,,,,,,,,,,,0.30426127,,,,,,,,,0.37051769,6.660658,,,,,,,,,,,,,,,,,,,,,,,,,,,,,,,,,,,,,,,,,,,,,,,,,,,,,,,,,,,,,,,,,,
kuairand,w-high.g-none.v-none,101,,dm_own,,,0.25904046,0.20919334,,0.26417534,0.51348821,0.26413789,,,,,,,,,,,,,,,,,,,,,,,,,,,,,,,,,0.30426127,,,,,,,,,0.11355126,5.494455,,,,,,,,,,,,,,,,,,,,,,,,,,,,,,,,,,,,,,,,,,,,,,,,,,,,,,,,,,,,,,,,,,
ml,w-high.g-none.v-none,100,,blob_l10_nq,,,0.22031196,0.17679526,,0.26541853,4.5106566,0.26538214,,,,,,,,,,,,,,,,,,,,,,,,,,,,,,,,,0.30217531,,,,,,,,,0.55099834,8.858688,,,,,,,,,,,,,,,,,,,,,,,,,,,,,,,,,,,,,,,,,,,,,,,,,,,,,,,,,,,,,,,,,,
ml,w-high.g-none.v-none,100,,cap_c,,,0.22031196,0.17679526,,0.27435368,5.4041721,0.27303953,,,,,,,,,,,,,,,,,,,,,,,,,,,,,,,,,0.30217531,,,,,,,,,0.66014547,9.624427,,,,,,,,,,,,,,,,,,,,,,,,,,,,,,,,,,,,,,,,,,,,,,,,,,,,,,,,,,,,,,,,,,
ml,w-high.g-none.v-none,100,,opc,,,0.22031196,0.17679526,,0.26344198,4.3130016,0.26307166,,,,,,,,,,,,,,,,,,,,,,,,,,,,,,,,,0.30217531,,,,,,,,,0.52685384,8.62764,,,,,,,,,,,,,,,,,,,,,,,,,,,,,,,,,,,,,,,,,,,,,,,,,,,,,,,,,,,,,,,,,,
ml,w-high.g-none.v-none,100,,dm_own,,,0.22031196,0.17679526,,0.25837775,3.8065791,0.25780376,,,,,,,,,,,,,,,,,,,,,,,,,,,,,,,,,0.30217531,,,,,,,,,0.46499184,8.10085,,,,,,,,,,,,,,,,,,,,,,,,,,,,,,,,,,,,,,,,,,,,,,,,,,,,,,,,,,,,,,,,,,
ml,w-high.g-none.v-none,101,,blob_l10_nq,,,0.22334879,0.17933442,,0.25446631,3.1117518,0.25231523,,,,,,,,,,,,,,,,,,,,,,,,,,,,,,,,,0.29982388,,,,,,,,,0.40689746,7.298081,,,,,,,,,,,,,,,,,,,,,,,,,,,,,,,,,,,,,,,,,,,,,,,,,,,,,,,,,,,,,,,,,,
ml,w-high.g-none.v-none,101,,cap_c,,,0.22334879,0.17933442,,0.2723041,4.895531,0.27231934,,,,,,,,,,,,,,,,,,,,,,,,,,,,,,,,,0.29982388,,,,,,,,,0.64014714,9.298492,,,,,,,,,,,,,,,,,,,,,,,,,,,,,,,,,,,,,,,,,,,,,,,,,,,,,,,,,,,,,,,,,,
ml,w-high.g-none.v-none,101,,opc,,,0.22334879,0.17933442,,0.25843583,3.5087032,0.25831078,,,,,,,,,,,,,,,,,,,,,,,,,,,,,,,,,0.29982388,,,,,,,,,0.45880351,7.897636,,,,,,,,,,,,,,,,,,,,,,,,,,,,,,,,,,,,,,,,,,,,,,,,,,,,,,,,,,,,,,,,,,
ml,w-high.g-none.v-none,101,,dm_own,,,0.22334879,0.17933442,,0.2471626,2.3813802,0.24698183,,,,,,,,,,,,,,,,,,,,,,,,,,,,,,,,,0.29982388,,,,,,,,,0.31139303,6.764741,,,,,,,,,,,,,,,,,,,,,,,,,,,,,,,,,,,,,,,,,,,,,,,,,,,,,,,,,,,,,,,,,,
anime,w-none.g-high.v-none,100,,blob_l10_nq,,,0.23454601,0.18681187,,0.24517338,1.0627366,0.24515751,,,,,,,,,,,,,,,,,,,,,,,,,,,,,,,,,0.26735607,,,,,,,,,0.32390584,5.834564,,,,,,,,,,,,,,,,,,,,,,,,,,,,,,,,,,,,,,,,,,,,,,,,,,,,,,,,,,,,,,,,,,
anime,w-none.g-high.v-none,100,,cap_c,,,0.23454601,0.18681187,,0.24606565,1.1519637,0.24607256,,,,,,,,,,,,,,,,,,,,,,,,,,,,,,,,,0.26735607,,,,,,,,,0.35110085,5.926069,,,,,,,,,,,,,,,,,,,,,,,,,,,,,,,,,,,,,,,,,,,,,,,,,,,,,,,,,,,,,,,,,,
anime,w-none.g-high.v-none,100,,opc,,,0.23454601,0.18681187,,0.24548643,1.0940417,0.24534833,,,,,,,,,,,,,,,,,,,,,,,,,,,,,,,,,0.26735607,,,,,,,,,0.33344712,5.853646,,,,,,,,,,,,,,,,,,,,,,,,,,,,,,,,,,,,,,,,,,,,,,,,,,,,,,,,,,,,,,,,,,
anime,w-none.g-high.v-none,100,,dm_own,,,0.23454601,0.18681187,,0.24255249,0.80064811,0.24207808,,,,,,,,,,,,,,,,,,,,,,,,,,,,,,,,,0.26735607,,,,,,,,,0.24402516,5.526621,,,,,,,,,,,,,,,,,,,,,,,,,,,,,,,,,,,,,,,,,,,,,,,,,,,,,,,,,,,,,,,,,,
anime,w-none.g-high.v-none,101,,blob_l10_nq,,,0.22372447,0.17991697,,0.23936538,1.5640912,0.23924056,,,,,,,,,,,,,,,,,,,,,,,,,,,,,,,,,0.26735143,,,,,,,,,0.35851478,5.932359,,,,,,,,,,,,,,,,,,,,,,,,,,,,,,,,,,,,,,,,,,,,,,,,,,,,,,,,,,,,,,,,,,
anime,w-none.g-high.v-none,101,,cap_c,,,0.22372447,0.17991697,,0.23622119,1.2496717,0.2350583,,,,,,,,,,,,,,,,,,,,,,,,,,,,,,,,,0.26735143,,,,,,,,,0.2864449,5.514133,,,,,,,,,,,,,,,,,,,,,,,,,,,,,,,,,,,,,,,,,,,,,,,,,,,,,,,,,,,,,,,,,,
anime,w-none.g-high.v-none,101,,opc,,,0.22372447,0.17991697,,0.24072774,1.7003265,0.24001049,,,,,,,,,,,,,,,,,,,,,,,,,,,,,,,,,0.26735143,,,,,,,,,0.38974226,6.009352,,,,,,,,,,,,,,,,,,,,,,,,,,,,,,,,,,,,,,,,,,,,,,,,,,,,,,,,,,,,,,,,,,
anime,w-none.g-high.v-none,101,,dm_own,,,0.22372447,0.17991697,,0.23448711,1.0762642,0.23439486,,,,,,,,,,,,,,,,,,,,,,,,,,,,,,,,,0.26735143,,,,,,,,,0.246697,5.447789,,,,,,,,,,,,,,,,,,,,,,,,,,,,,,,,,,,,,,,,,,,,,,,,,,,,,,,,,,,,,,,,,,
kuairand,w-none.g-high.v-none,100,,blob_l10_nq,,,0.25534186,0.202847,,0.26348262,0.81407569,0.26338812,,,,,,,,,,,,,,,,,,,,,,,,,,,,,,,,,0.28088994,,,,,,,,,0.31864469,6.054112,,,,,,,,,,,,,,,,,,,,,,,,,,,,,,,,,,,,,,,,,,,,,,,,,,,,,,,,,,,,,,,,,,
kuairand,w-none.g-high.v-none,100,,cap_c,,,0.25534186,0.202847,,0.26241195,0.70700851,0.26230673,,,,,,,,,,,,,,,,,,,,,,,,,,,,,,,,,0.28088994,,,,,,,,,0.27673665,5.945973,,,,,,,,,,,,,,,,,,,,,,,,,,,,,,,,,,,,,,,,,,,,,,,,,,,,,,,,,,,,,,,,,,
kuairand,w-none.g-high.v-none,100,,opc,,,0.25534186,0.202847,,0.26160465,0.62627839,0.26095701,,,,,,,,,,,,,,,,,,,,,,,,,,,,,,,,,0.28088994,,,,,,,,,0.2451374,5.811001,,,,,,,,,,,,,,,,,,,,,,,,,,,,,,,,,,,,,,,,,,,,,,,,,,,,,,,,,,,,,,,,,,
kuairand,w-none.g-high.v-none,100,,dm_own,,,0.25534186,0.202847,,0.25897128,0.36294152,0.25862075,,,,,,,,,,,,,,,,,,,,,,,,,,,,,,,,,0.28088994,,,,,,,,,0.14206234,5.577375,,,,,,,,,,,,,,,,,,,,,,,,,,,,,,,,,,,,,,,,,,,,,,,,,,,,,,,,,,,,,,,,,,
kuairand,w-none.g-high.v-none,101,,blob_l10_nq,,,0.26460698,0.21049685,,0.27465828,1.0051305,0.27466541,,,,,,,,,,,,,,,,,,,,,,,,,,,,,,,,,0.29276435,,,,,,,,,0.35696871,6.416856,,,,,,,,,,,,,,,,,,,,,,,,,,,,,,,,,,,,,,,,,,,,,,,,,,,,,,,,,,,,,,,,,,
kuairand,w-none.g-high.v-none,101,,cap_c,,,0.26460698,0.21049685,,0.27341465,0.88076747,0.2733788,,,,,,,,,,,,,,,,,,,,,,,,,,,,,,,,,0.29276435,,,,,,,,,0.31280159,6.288195,,,,,,,,,,,,,,,,,,,,,,,,,,,,,,,,,,,,,,,,,,,,,,,,,,,,,,,,,,,,,,,,,,
kuairand,w-none.g-high.v-none,101,,opc,,,0.26460698,0.21049685,,0.27258405,0.79770688,0.27256505,,,,,,,,,,,,,,,,,,,,,,,,,,,,,,,,,0.29276435,,,,,,,,,0.28330309,6.20682,,,,,,,,,,,,,,,,,,,,,,,,,,,,,,,,,,,,,,,,,,,,,,,,,,,,,,,,,,,,,,,,,,
kuairand,w-none.g-high.v-none,101,,dm_own,,,0.26460698,0.21049685,,0.26873187,0.41248972,0.26858366,,,,,,,,,,,,,,,,,,,,,,,,,,,,,,,,,0.29276435,,,,,,,,,0.14649415,5.808681,,,,,,,,,,,,,,,,,,,,,,,,,,,,,,,,,,,,,,,,,,,,,,,,,,,,,,,,,,,,,,,,,,
ml,w-none.g-high.v-none,100,,blob_l10_nq,,,0.23455814,0.1879817,,0.25003125,1.5473111,0.25001689,,,,,,,,,,,,,,,,,,,,,,,,,,,,,,,,,0.28868322,,,,,,,,,0.2858769,6.203519,,,,,,,,,,,,,,,,,,,,,,,,,,,,,,,,,,,,,,,,,,,,,,,,,,,,,,,,,,,,,,,,,,
ml,w-none.g-high.v-none,100,,cap_c,,,0.23455814,0.1879817,,0.25096215,1.6404015,0.25036364,,,,,,,,,,,,,,,,,,,,,,,,,,,,,,,,,0.28868322,,,,,,,,,0.30307595,6.238194,,,,,,,,,,,,,,,,,,,,,,,,,,,,,,,,,,,,,,,,,,,,,,,,,,,,,,,,,,,,,,,,,,
ml,w-none.g-high.v-none,100,,opc,,,0.23455814,0.1879817,,0.25409026,1.9532125,0.25367039,,,,,,,,,,,,,,,,,,,,,,,,,,,,,,,,,0.28868322,,,,,,,,,0.36087004,6.568869,,,,,,,,,,,,,,,,,,,,,,,,,,,,,,,,,,,,,,,,,,,,,,,,,,,,,,,,,,,,,,,,,,
ml,w-none.g-high.v-none,100,,dm_own,,,0.23455814,0.1879817,,0.24449227,0.99341324,0.24416691,,,,,,,,,,,,,,,,,,,,,,,,,,,,,,,,,0.28868322,,,,,,,,,0.18354024,5.618521,,,,,,,,,,,,,,,,,,,,,,,,,,,,,,,,,,,,,,,,,,,,,,,,,,,,,,,,,,,,,,,,,,
ml,w-none.g-high.v-none,101,,blob_l10_nq,,,0.2306126,0.18730189,,0.24167481,1.1062215,0.2414809,,,,,,,,,,,,,,,,,,,,,,,,,,,,,,,,,0.28350121,,,,,,,,,0.20916054,5.417901,,,,,,,,,,,,,,,,,,,,,,,,,,,,,,,,,,,,,,,,,,,,,,,,,,,,,,,,,,,,,,,,,,
ml,w-none.g-high.v-none,101,,cap_c,,,0.2306126,0.18730189,,0.2475006,1.6888007,0.24619292,,,,,,,,,,,,,,,,,,,,,,,,,,,,,,,,,0.28350121,,,,,,,,,0.31931261,5.889103,,,,,,,,,,,,,,,,,,,,,,,,,,,,,,,,,,,,,,,,,,,,,,,,,,,,,,,,,,,,,,,,,,
ml,w-none.g-high.v-none,101,,opc,,,0.2306126,0.18730189,,0.24827002,1.7657428,0.24761382,,,,,,,,,,,,,,,,,,,,,,,,,,,,,,,,,0.28350121,,,,,,,,,0.33386054,6.031193,,,,,,,,,,,,,,,,,,,,,,,,,,,,,,,,,,,,,,,,,,,,,,,,,,,,,,,,,,,,,,,,,,
ml,w-none.g-high.v-none,101,,dm_own,,,0.2306126,0.18730189,,0.24292181,1.2309216,0.24283213,,,,,,,,,,,,,,,,,,,,,,,,,,,,,,,,,0.28350121,,,,,,,,,0.23273839,5.553024,,,,,,,,,,,,,,,,,,,,,,,,,,,,,,,,,,,,,,,,,,,,,,,,,,,,,,,,,,,,,,,,,,
anime,w-none.g-none.v-high,100,,blob_l10_nq,,,0.22952611,0.18473591,,0.23608,0.655389,0.23605049,,,,,,,,,,,,,,,,,,,,,,,,,,,,,,,,,0.24999019,,,,,,,,,0.32026311,5.131458,,,,,,,,,,,,,,,,,,,,,,,,,,,,,,,,,,,,,,,,,,,,,,,,,,,,,,,,,,,,,,,,,,
anime,w-none.g-none.v-high,100,,cap_c,,,0.22952611,0.18473591,,0.23386419,0.43380839,0.23387845,,,,,,,,,,,,,,,,,,,,,,,,,,,,,,,,,0.24999019,,,,,,,,,0.2119851,4.914254,,,,,,,,,,,,,,,,,,,,,,,,,,,,,,,,,,,,,,,,,,,,,,,,,,,,,,,,,,,,,,,,,,
anime,w-none.g-none.v-high,100,,opc,,,0.22952611,0.18473591,,0.23363754,0.41114261,0.2336241,,,,,,,,,,,,,,,,,,,,,,,,,,,,,,,,,0.24999019,,,,,,,,,0.20090959,4.888819,,,,,,,,,,,,,,,,,,,,,,,,,,,,,,,,,,,,,,,,,,,,,,,,,,,,,,,,,,,,,,,,,,
anime,w-none.g-none.v-high,100,,dm_own,,,0.22952611,0.18473591,,0.23044009,0.091398287,0.230064,,,,,,,,,,,,,,,,,,,,,,,,,,,,,,,,,0.24999019,,,,,,,,,0.044662648,4.532809,,,,,,,,,,,,,,,,,,,,,,,,,,,,,,,,,,,,,,,,,,,,,,,,,,,,,,,,,,,,,,,,,,
anime,w-none.g-none.v-high,101,,blob_l10_nq,,,0.22230961,0.17750269,,0.22651526,0.420565,0.2250973,,,,,,,,,,,,,,,,,,,,,,,,,,,,,,,,,0.24564473,,,,,,,,,0.18022834,4.759461,,,,,,,,,,,,,,,,,,,,,,,,,,,,,,,,,,,,,,,,,,,,,,,,,,,,,,,,,,,,,,,,,,
anime,w-none.g-none.v-high,101,,cap_c,,,0.22230961,0.17750269,,0.22333871,0.10291029,0.2215741,,,,,,,,,,,,,,,,,,,,,,,,,,,,,,,,,0.24564473,,,,,,,,,0.044100909,4.407141,,,,,,,,,,,,,,,,,,,,,,,,,,,,,,,,,,,,,,,,,,,,,,,,,,,,,,,,,,,,,,,,,,
anime,w-none.g-none.v-high,101,,opc,,,0.22230961,0.17750269,,0.22423149,0.19218788,0.22422079,,,,,,,,,,,,,,,,,,,,,,,,,,,,,,,,,0.24564473,,,,,,,,,0.082359979,4.67181,,,,,,,,,,,,,,,,,,,,,,,,,,,,,,,,,,,,,,,,,,,,,,,,,,,,,,,,,,,,,,,,,,
anime,w-none.g-none.v-high,101,,dm_own,,,0.22230961,0.17750269,,0.21924982,-0.30597937,0.21915912,,,,,,,,,,,,,,,,,,,,,,,,,,,,,,,,,0.24564473,,,,,,,,,-0.13112382,4.165643,,,,,,,,,,,,,,,,,,,,,,,,,,,,,,,,,,,,,,,,,,,,,,,,,,,,,,,,,,,,,,,,,,
kuairand,w-none.g-none.v-high,100,,blob_l10_nq,,,0.23497068,0.1884849,,0.25092666,1.5955976,0.25023713,,,,,,,,,,,,,,,,,,,,,,,,,,,,,,,,,0.26925622,,,,,,,,,0.46538512,6.175223,,,,,,,,,,,,,,,,,,,,,,,,,,,,,,,,,,,,,,,,,,,,,,,,,,,,,,,,,,,,,,,,,,
kuairand,w-none.g-none.v-high,100,,cap_c,,,0.23497068,0.1884849,,0.25193396,1.696328,0.25190783,,,,,,,,,,,,,,,,,,,,,,,,,,,,,,,,,0.26925622,,,,,,,,,0.49476485,6.342293,,,,,,,,,,,,,,,,,,,,,,,,,,,,,,,,,,,,,,,,,,,,,,,,,,,,,,,,,,,,,,,,,,
kuairand,w-none.g-none.v-high,100,,opc,,,0.23497068,0.1884849,,0.24947724,1.4506562,0.24846871,,,,,,,,,,,,,,,,,,,,,,,,,,,,,,,,,0.26925622,,,,,,,,,0.42311015,5.998381,,,,,,,,,,,,,,,,,,,,,,,,,,,,,,,,,,,,,,,,,,,,,,,,,,,,,,,,,,,,,,,,,,
kuairand,w-none.g-none.v-high,100,,dm_own,,,0.23497068,0.1884849,,0.24650945,1.1538768,0.24605551,,,,,,,,,,,,,,,,,,,,,,,,,,,,,,,,,0.26925622,,,,,,,,,0.33654917,5.757061,,,,,,,,,,,,,,,,,,,,,,,,,,,,,,,,,,,,,,,,,,,,,,,,,,,,,,,,,,,,,,,,,,
kuairand,w-none.g-none.v-high,101,,blob_l10_nq,,,0.25524763,0.20188314,,0.26407171,0.88240758,0.26408714,,,,,,,,,,,,,,,,,,,,,,,,,,,,,,,,,0.28172963,,,,,,,,,0.33321048,6.2204,,,,,,,,,,,,,,,,,,,,,,,,,,,,,,,,,,,,,,,,,,,,,,,,,,,,,,,,,,,,,,,,,,
kuairand,w-none.g-none.v-high,101,,cap_c,,,0.25524763,0.20188314,,0.2661294,1.0881768,0.26612381,,,,,,,,,,,,,,,,,,,,,,,,,,,,,,,,,0.28172963,,,,,,,,,0.41091194,6.424067,,,,,,,,,,,,,,,,,,,,,,,,,,,,,,,,,,,,,,,,,,,,,,,,,,,,,,,,,,,,,,,,,,
kuairand,w-none.g-none.v-high,101,,opc,,,0.25524763,0.20188314,,0.26358113,0.83334986,0.2635573,,,,,,,,,,,,,,,,,,,,,,,,,,,,,,,,,0.28172963,,,,,,,,,0.31468545,6.167416,,,,,,,,,,,,,,,,,,,,,,,,,,,,,,,,,,,,,,,,,,,,,,,,,,,,,,,,,,,,,,,,,,
kuairand,w-none.g-none.v-high,101,,dm_own,,,0.25524763,0.20188314,,0.25972504,0.44774038,0.25965433,,,,,,,,,,,,,,,,,,,,,,,,,,,,,,,,,0.28172963,,,,,,,,,0.16907371,5.777119,,,,,,,,,,,,,,,,,,,,,,,,,,,,,,,,,,,,,,,,,,,,,,,,,,,,,,,,,,,,,,,,,,
ml,w-none.g-none.v-high,100,,blob_l10_nq,,,0.21727592,0.17420731,,0.2331493,1.5873381,0.22755133,,,,,,,,,,,,,,,,,,,,,,,,,,,,,,,,,0.27038546,,,,,,,,,0.29888001,5.334402,,,,,,,,,,,,,,,,,,,,,,,,,,,,,,,,,,,,,,,,,,,,,,,,,,,,,,,,,,,,,,,,,,
ml,w-none.g-none.v-high,100,,cap_c,,,0.21727592,0.17420731,,0.23213219,1.4856271,0.23217229,,,,,,,,,,,,,,,,,,,,,,,,,,,,,,,,,0.27038546,,,,,,,,,0.27972884,5.796498,,,,,,,,,,,,,,,,,,,,,,,,,,,,,,,,,,,,,,,,,,,,,,,,,,,,,,,,,,,,,,,,,,
ml,w-none.g-none.v-high,100,,opc,,,0.21727592,0.17420731,,0.23253809,1.5262172,0.23242757,,,,,,,,,,,,,,,,,,,,,,,,,,,,,,,,,0.27038546,,,,,,,,,0.28737153,5.822026,,,,,,,,,,,,,,,,,,,,,,,,,,,,,,,,,,,,,,,,,,,,,,,,,,,,,,,,,,,,,,,,,,
ml,w-none.g-none.v-high,100,,dm_own,,,0.21727592,0.17420731,,0.22854766,1.1271747,0.22842264,,,,,,,,,,,,,,,,,,,,,,,,,,,,,,,,,0.27038546,,,,,,,,,0.21223569,5.421533,,,,,,,,,,,,,,,,,,,,,,,,,,,,,,,,,,,,,,,,,,,,,,,,,,,,,,,,,,,,,,,,,,
ml,w-none.g-none.v-high,101,,blob_l10_nq,,,0.22076354,0.17877476,,0.23268528,1.1921746,0.23255728,,,,,,,,,,,,,,,,,,,,,,,,,,,,,,,,,0.26887285,,,,,,,,,0.24780526,5.378252,,,,,,,,,,,,,,,,,,,,,,,,,,,,,,,,,,,,,,,,,,,,,,,,,,,,,,,,,,,,,,,,,,
ml,w-none.g-none.v-high,101,,cap_c,,,0.22076354,0.17877476,,0.23472951,1.3965968,0.23358406,,,,,,,,,,,,,,,,,,,,,,,,,,,,,,,,,0.26887285,,,,,,,,,0.29029662,5.48093,,,,,,,,,,,,,,,,,,,,,,,,,,,,,,,,,,,,,,,,,,,,,,,,,,,,,,,,,,,,,,,,,,
ml,w-none.g-none.v-high,101,,opc,,,0.22076354,0.17877476,,0.2345206,1.3757067,0.23441308,,,,,,,,,,,,,,,,,,,,,,,,,,,,,,,,,0.26887285,,,,,,,,,0.28595422,5.563832,,,,,,,,,,,,,,,,,,,,,,,,,,,,,,,,,,,,,,,,,,,,,,,,,,,,,,,,,,,,,,,,,,
ml,w-none.g-none.v-high,101,,dm_own,,,0.22076354,0.17877476,,0.23424649,1.3482953,0.23407475,,,,,,,,,,,,,,,,,,,,,,,,,,,,,,,,,0.26887285,,,,,,,,,0.28025657,5.529999,,,,,,,,,,,,,,,,,,,,,,,,,,,,,,,,,,,,,,,,,,,,,,,,,,,,,,,,,,,,,,,,,,
anime,high,100,,blob_l10_nq,,,0.11406767,0.088935631,,0.16761782,5.3550154,0.16762099,,,,,,,,,,,,,,,,,,,,,,,,,,,,,,,,,0.22309091,,,,,,,,,0.49118105,7.8685359,,,,,,,,,,,,,,,,,,,,,,,,,,,,,,,,,,,,,,,,,,,,,,,,,,,,,,,,,,,,,,,,,,
anime,high,100,,cap_c,,,0.11406767,0.088935631,,0.15914567,4.5077996,0.15915581,,,,,,,,,,,,,,,,,,,,,,,,,,,,,,,,,0.22309091,,,,,,,,,0.41347148,7.0220179,,,,,,,,,,,,,,,,,,,,,,,,,,,,,,,,,,,,,,,,,,,,,,,,,,,,,,,,,,,,,,,,,,
anime,high,100,,opc,,,0.11406767,0.088935631,,0.16103987,4.6972202,0.1610027,,,,,,,,,,,,,,,,,,,,,,,,,,,,,,,,,0.22309091,,,,,,,,,0.43084575,7.2067069,,,,,,,,,,,,,,,,,,,,,,,,,,,,,,,,,,,,,,,,,,,,,,,,,,,,,,,,,,,,,,,,,,
anime,high,100,,dm_own,,,0.11406767,0.088935631,,0.15383121,3.9763539,0.15369948,,,,,,,,,,,,,,,,,,,,,,,,,,,,,,,,,0.22309091,,,,,,,,,0.36472536,6.4763849,,,,,,,,,,,,,,,,,,,,,,,,,,,,,,,,,,,,,,,,,,,,,,,,,,,,,,,,,,,,,,,,,,
anime,high,101,,blob_l10_nq,,,0.11535344,0.091501917,,0.15401377,3.8660332,0.15397215,,,,,,,,,,,,,,,,,,,,,,,,,,,,,,,,,0.22068555,,,,,,,,,0.36703271,6.2470233,,,,,,,,,,,,,,,,,,,,,,,,,,,,,,,,,,,,,,,,,,,,,,,,,,,,,,,,,,,,,,,,,,
anime,high,101,,cap_c,,,0.11535344,0.091501917,,0.15549367,4.0140239,0.15495788,,,,,,,,,,,,,,,,,,,,,,,,,,,,,,,,,0.22068555,,,,,,,,,0.38108256,6.3455963,,,,,,,,,,,,,,,,,,,,,,,,,,,,,,,,,,,,,,,,,,,,,,,,,,,,,,,,,,,,,,,,,,
anime,high,101,,opc,,,0.11535344,0.091501917,,0.153599,3.8245565,0.15357215,,,,,,,,,,,,,,,,,,,,,,,,,,,,,,,,,0.22068555,,,,,,,,,0.36309498,6.2070233,,,,,,,,,,,,,,,,,,,,,,,,,,,,,,,,,,,,,,,,,,,,,,,,,,,,,,,,,,,,,,,,,,
anime,high,101,,dm_own,,,0.11535344,0.091501917,,0.14604385,3.0690414,0.14600914,,,,,,,,,,,,,,,,,,,,,,,,,,,,,,,,,0.22068555,,,,,,,,,0.29136804,5.4507223,,,,,,,,,,,,,,,,,,,,,,,,,,,,,,,,,,,,,,,,,,,,,,,,,,,,,,,,,,,,,,,,,,
kuairand,high,100,,blob_l10_nq,,,0.1354483,0.11024683,,0.22237692,8.6928627,0.22129658,,,,,,,,,,,,,,,,,,,,,,,,,,,,,,,,,0.25590048,,,,,,,,,0.72168573,11.104975,,,,,,,,,,,,,,,,,,,,,,,,,,,,,,,,,,,,,,,,,,,,,,,,,,,,,,,,,,,,,,,,,,
kuairand,high,100,,cap_c,,,0.1354483,0.11024683,,0.21716458,8.1716284,0.21717363,,,,,,,,,,,,,,,,,,,,,,,,,,,,,,,,,0.25590048,,,,,,,,,0.67841263,10.69268,,,,,,,,,,,,,,,,,,,,,,,,,,,,,,,,,,,,,,,,,,,,,,,,,,,,,,,,,,,,,,,,,,
kuairand,high,100,,opc,,,0.1354483,0.11024683,,0.2046567,6.9208407,0.20448839,,,,,,,,,,,,,,,,,,,,,,,,,,,,,,,,,0.25590048,,,,,,,,,0.57457159,9.424156,,,,,,,,,,,,,,,,,,,,,,,,,,,,,,,,,,,,,,,,,,,,,,,,,,,,,,,,,,,,,,,,,,
kuairand,high,100,,dm_own,,,0.1354483,0.11024683,,0.19325953,5.7811232,0.19295279,,,,,,,,,,,,,,,,,,,,,,,,,,,,,,,,,0.25590048,,,,,,,,,0.47995171,8.270596,,,,,,,,,,,,,,,,,,,,,,,,,,,,,,,,,,,,,,,,,,,,,,,,,,,,,,,,,,,,,,,,,,
kuairand,high,101,,blob_l10_nq,,,0.15518624,0.12155841,,0.23250671,7.7320471,0.22765072,,,,,,,,,,,,,,,,,,,,,,,,,,,,,,,,,0.26437716,,,,,,,,,0.70812179,10.609231,,,,,,,,,,,,,,,,,,,,,,,,,,,,,,,,,,,,,,,,,,,,,,,,,,,,,,,,,,,,,,,,,,
kuairand,high,101,,cap_c,,,0.15518624,0.12155841,,0.23452648,7.9340239,0.23433122,,,,,,,,,,,,,,,,,,,,,,,,,,,,,,,,,0.26437716,,,,,,,,,0.72661939,11.277281,,,,,,,,,,,,,,,,,,,,,,,,,,,,,,,,,,,,,,,,,,,,,,,,,,,,,,,,,,,,,,,,,,
kuairand,high,101,,opc,,,0.15518624,0.12155841,,0.22400647,6.8820232,0.22403284,,,,,,,,,,,,,,,,,,,,,,,,,,,,,,,,,0.26437716,,,,,,,,,0.63027429,10.247443,,,,,,,,,,,,,,,,,,,,,,,,,,,,,,,,,,,,,,,,,,,,,,,,,,,,,,,,,,,,,,,,,,
kuairand,high,101,,dm_own,,,0.15518624,0.12155841,,0.20778884,5.2602604,0.2077514,,,,,,,,,,,,,,,,,,,,,,,,,,,,,,,,,0.26437716,,,,,,,,,0.48174885,8.619299,,,,,,,,,,,,,,,,,,,,,,,,,,,,,,,,,,,,,,,,,,,,,,,,,,,,,,,,,,,,,,,,,,
ml,high,100,,blob_l10_nq,,,0.11265929,0.090860242,,0.15370859,4.1049297,0.1535002,,,,,,,,,,,,,,,,,,,,,,,,,,,,,,,,,0.2494562,,,,,,,,,0.30007476,6.2639958,,,,,,,,,,,,,,,,,,,,,,,,,,,,,,,,,,,,,,,,,,,,,,,,,,,,,,,,,,,,,,,,,,
ml,high,100,,cap_c,,,0.11265929,0.090860242,,0.15525679,4.2597503,0.15498062,,,,,,,,,,,,,,,,,,,,,,,,,,,,,,,,,0.2494562,,,,,,,,,0.31139227,6.4120378,,,,,,,,,,,,,,,,,,,,,,,,,,,,,,,,,,,,,,,,,,,,,,,,,,,,,,,,,,,,,,,,,,
ml,high,100,,opc,,,0.11265929,0.090860242,,0.15263032,3.9971029,0.15264974,,,,,,,,,,,,,,,,,,,,,,,,,,,,,,,,,0.2494562,,,,,,,,,0.29219249,6.1789498,,,,,,,,,,,,,,,,,,,,,,,,,,,,,,,,,,,,,,,,,,,,,,,,,,,,,,,,,,,,,,,,,,
ml,high,100,,dm_own,,,0.11265929,0.090860242,,0.16915826,5.6498967,0.16899353,,,,,,,,,,,,,,,,,,,,,,,,,,,,,,,,,0.2494562,,,,,,,,,0.4130135,7.8133288,,,,,,,,,,,,,,,,,,,,,,,,,,,,,,,,,,,,,,,,,,,,,,,,,,,,,,,,,,,,,,,,,,
ml,high,101,,blob_l10_nq,,,0.10767297,0.086383276,,0.17221831,6.4545341,0.17173308,,,,,,,,,,,,,,,,,,,,,,,,,,,,,,,,,0.24492501,,,,,,,,,0.47026871,8.5349804,,,,,,,,,,,,,,,,,,,,,,,,,,,,,,,,,,,,,,,,,,,,,,,,,,,,,,,,,,,,,,,,,,
ml,high,101,,cap_c,,,0.10767297,0.086383276,,0.17228711,6.4614143,0.1722338,,,,,,,,,,,,,,,,,,,,,,,,,,,,,,,,,0.24492501,,,,,,,,,0.47076998,8.5850524,,,,,,,,,,,,,,,,,,,,,,,,,,,,,,,,,,,,,,,,,,,,,,,,,,,,,,,,,,,,,,,,,,
ml,high,101,,opc,,,0.10767297,0.086383276,,0.16979535,6.212238,0.16953136,,,,,,,,,,,,,,,,,,,,,,,,,,,,,,,,,0.24492501,,,,,,,,,0.45261535,8.3148084,,,,,,,,,,,,,,,,,,,,,,,,,,,,,,,,,,,,,,,,,,,,,,,,,,,,,,,,,,,,,,,,,,
ml,high,101,,dm_own,,,0.10767297,0.086383276,,0.17429089,6.6617923,0.17414312,,,,,,,,,,,,,,,,,,,,,,,,,,,,,,,,,0.24492501,,,,,,,,,0.48536925,8.7759844,,,,,,,,,,,,,,,,,,,,,,,,,,,,,,,,,,,,,,,,,,,,,,,,,,,,,,,,,,,,,,,,,,
