dataset,bias,seed,run,arm,value_greedy,agree_logger_top1,pick_rank_median,pick_rank_ge100,q_at_picks_top1,q_at_picks_not_top1,in_logger_top10,pick_below_uniform,pick_log10_rel_pi0,q_at_picks_in_top10,q_at_picks_off_top10,q_at_picks_below_uniform,q_at_picks_above_uniform,distinct_items,top_item_share,optimism_at_pick,logged_ce,pairs_lt0.1,logged_lt0.1,mae_lt0.1,bias_lt0.1,pairs_0.1-1,logged_0.1-1,mae_0.1-1,bias_0.1-1,pairs_1-10,logged_1-10,mae_1-10,bias_1-10,pairs_ge10,logged_ge10,mae_ge10,bias_ge10,run_value_greedy,world_seconds
anime,high,100,run_blob_main_25k_nq,blob_nq_n25000,0.12025622,0.7533148,0,0,0.11724431,0.12945383,0.99800968,0,2.9377254,0.12018526,0.15583897,,0.12025622,2694,0.034093749,-0.0073401772,0.29424285,0.72567495,0.012620844,0.019534954,0.01305542,0.19490408,0.065576932,0.026269891,0.01103673,0.065937211,0.19705933,0.03173818,0.0047410012,0.013483753,0.72474289,0.040299371,-0.0029961482,0.12025623,14.478807
anime,high,100,run_blob_main_25k_mnq,blob_mnq_n25000,0.11927731,0.75998944,0,0,0.11722245,0.12578399,0.99893884,0,2.9417265,0.11921309,0.17973418,,0.11927731,2726,0.033332008,-0.0057631967,0.29423049,0.72567495,0.012620844,0.018234415,0.011205788,0.19490408,0.065576932,0.025346153,0.0092636821,0.065937211,0.19705933,0.031224875,0.0032073292,0.013483753,0.72474289,0.040135117,-0.0039453995,0.11927732,14.478807
anime,high,100,run_blob_pnorm_main_25k,blob_l10_nq_n25000,0.16761781,0.13188914,14,0.16151392,0.15313633,0.16981794,0.43303639,0.0076646752,1.9514752,0.15973979,0.1736349,0.18071856,0.16751663,1650,0.17025862,-0.033457043,0.29058759,0.72567495,0.012620844,0.020367599,0.016167083,0.19490408,0.065576932,0.02554527,0.01423994,0.065937211,0.19705933,0.029238258,0.0076731567,0.013483753,0.72474289,0.035807667,-0.0010691479,0.16761782,14.478807
anime,high,100,run_replay_opc_25k_anime,opc_n25000_r0,0.16103986,0.21160358,5,0.077733388,0.14625726,0.16500748,0.59376914,0.0025947104,2.2400063,0.15285104,0.1730091,0.17209254,0.16101111,1775,0.12354885,,,,,,,,,,,,,,,,,,,0.16103987,14.478807
anime,high,100,run_replay_cap_rho0_25k_anime,causecap_c_r000_n25000,0.15914566,0.18503472,7,0.10362528,0.14939678,0.1613591,0.5503219,0.0057839884,2.1629037,0.15587036,0.16315401,0.1127462,0.15941559,1601,0.11144649,0.00037436942,0.29001249,0.72567495,0.012620844,0.010540549,0.0015306703,0.19490408,0.065576932,0.018285767,0.0011574229,0.065937211,0.19705933,0.02528986,-0.0013668862,0.013483753,0.72474289,0.034747578,-0.0017644756,0.15914567,14.478807
anime,high,100,run_replay_cap_rho0_25k_anime,causecap_t_r000_n25000,0.15525753,0.26986048,3,0.038312654,0.14373846,0.15951499,0.68658615,0.00036191349,2.4122157,0.1506115,0.16543544,0.14577256,0.15526096,1708,0.07496641,-0.012414868,0.29049499,0.72567495,0.012620844,0.011946523,0.0038599024,0.19490408,0.065576932,0.019624137,0.0033309514,0.065937211,0.19705933,0.026371692,0.0002298027,0.013483753,0.72474289,0.035626551,-0.0014530471,0.15525754,14.478807
anime,high,100,policies,oracle_affine_bilinear_likelihood_n0,0.18663694,0.040445346,71,0.43296988,0.21867649,0.18528647,0.19448367,0.10031285,1.2784977,0.21145891,0.18064394,0.14509081,0.19126923,750,0.17385655,0.019705872,0.28636242,0.72567495,0.012620844,0.010525477,0.0040512547,0.19490408,0.065576932,0.016309528,0.0031355733,0.065937211,0.19705933,0.022341115,0.0008813006,0.013483753,0.72474289,0.030456794,-0.0011274756,0.18663696,14.478807
anime,high,100,policies,oracle_affine_bilinear_value_n0,0.2230909,0.017402462,201,0.6332036,0.23679612,0.22284817,0.09341436,0.2156621,0.79152338,0.2402328,0.2213246,0.20194193,0.22890604,909,0.21151796,,,,,,,,,,,,,,,,,,,0.22309091,14.478807
anime,high,100,policies,oracle_bilinear_likelihood_n0,0.18096092,0.054488678,51,0.37097616,0.20623652,0.17950432,0.23902304,0.069478098,1.4393201,0.20156056,0.17449057,0.14212758,0.18386044,1505,0.09112722,0.0075699647,0.28696153,0.72567495,0.012620844,0.012995744,0.0074447016,0.19490408,0.065576932,0.018695529,0.0061905079,0.065937211,0.19705933,0.023805436,0.0023251012,0.013483753,0.72474289,0.031243452,-0.0015058071,0.18096093,14.478807
anime,high,100,policies,oracle_bilinear_value_n0,0.22198755,0.017383126,198,0.63216021,0.23468617,0.22176291,0.093758202,0.212107,0.79802867,0.23716761,0.22041705,0.20229203,0.22728974,1031,0.21091258,,,,,,,,,,,,,,,,,,,0.22198756,14.478807
anime,high,100,policies,oracle_blob_likelihood_n0,0.21096552,0.017643249,165,0.60001026,0.26485011,0.20999774,0.10401825,0.18952471,0.87174416,0.25546544,0.20579934,0.16940235,0.22068481,377,0.1834712,0.026761435,0.28392828,0.72567495,0.012620844,0.0079015644,0.00090863147,0.19490408,0.065576932,0.012945914,0.00075667768,0.065937211,0.19705933,0.018729957,0.00038338266,0.013483753,0.72474289,0.026385929,-9.5153129e-05,0.21096553,14.478807
anime,high,100,policies,oracle_blob_value_n0,0.22375345,0.016560323,198,0.63246905,0.2400758,0.2234786,0.092622046,0.21334835,0.79423843,0.24162486,0.2219292,0.20327075,0.22930858,1005,0.20588276,,,,,,,,,,,,,,,,,,,0.22375347,14.478807
anime,high,100,,logger,0.11406766,1,0,0,0.11406766,,1,0,2.9736708,0.11406766,,,0.11406766,2766,0.022468965,,,,,,,,,,,,,,,,,,,,14.478807
anime,high,100,,blob_prior_mean,0.11312413,0.85286484,0,0,0.11482252,0.1032795,0.99999719,0,2.9621955,0.11312434,0.039865769,,0.11312413,2772,0.021375341,,,,,,,,,,,,,,,,,,,,14.478807
anime,high,101,run_blob_main_25k_nq,blob_nq_n25000,0.12425643,0.61302566,0,3.3152725e-05,0.11903404,0.13252949,0.97371491,0,2.9371605,0.12364303,0.14697956,,0.12425643,2630,0.07805979,-0.0014041427,0.29926245,0.76807933,0.010929114,0.019457104,0.013068331,0.16201037,0.0546687,0.027308739,0.01168962,0.057112301,0.17295325,0.032823797,0.0071879813,0.012797996,0.76144894,0.041379665,0.0021751866,0.12425643,13.515184
anime,high,101,run_blob_main_25k_mnq,blob_mnq_n25000,0.1216961,0.74629244,0,0,0.11832456,0.13161364,0.99620135,0,3.0028705,0.12159563,0.14804644,,0.1216961,2799,0.039246909,-0.0045858149,0.29924156,0.76807933,0.010929114,0.016842654,0.009230618,0.16201037,0.0546687,0.025173981,0.0073017719,0.057112301,0.17295325,0.031302232,0.0026138215,0.012797996,0.76144894,0.040436799,-0.0024118928,0.1216961,13.515184
anime,high,101,run_blob_pnorm_main_25k,blob_l10_nq_n25000,0.15401377,0.28339924,3,0.016670644,0.1449618,0.15759362,0.73346516,4.0855857e-06,2.5255701,0.15151575,0.16088795,0.13748428,0.15401384,1978,0.1186726,-0.033507545,0.29584091,0.76807933,0.010929114,0.017702198,0.012284869,0.16201037,0.0546687,0.02435671,0.0098463911,0.057112301,0.17295325,0.028889346,0.0040130353,0.012797996,0.76144894,0.036150514,-0.0033145806,0.15401377,13.515184
anime,high,101,run_replay_opc_25k_anime,opc_n25000_r0,0.153599,0.26717991,3,0.038632349,0.14731192,0.15589122,0.68816,0.00048853965,2.4555108,0.15270766,0.155566,0.15424659,0.15359869,1843,0.11438187,,,,,,,,,,,,,,,,,,,0.153599,13.515184
anime,high,101,run_replay_cap_rho0_25k_anime,causecap_c_r000_n25000,0.15549368,0.27529891,3,0.027254847,0.15418987,0.15598897,0.71707972,0.00048472995,2.5022879,0.15686325,0.15202241,0.11753648,0.15551209,1419,0.090661128,-0.011373369,0.29476514,0.76807933,0.010929114,0.0097394149,-0.00076189695,0.16201037,0.0546687,0.018187399,-0.0022559256,0.057112301,0.17295325,0.025116309,-0.0046588631,0.012797996,0.76144894,0.034394829,-0.0047901864,0.15549367,13.515184
anime,high,101,run_replay_cap_rho0_25k_anime,causecap_t_r000_n25000,0.15549561,0.27529891,3,0.027254775,0.15418987,0.15599163,0.71709888,0.00048472995,2.5022896,0.1568635,0.15202825,0.11753648,0.15551401,1419,0.090661128,-0.011377565,0.29476519,0.76807933,0.010929114,0.0097394939,-0.00076183503,0.16201037,0.0546687,0.018187486,-0.0022560119,0.057112301,0.17295325,0.025116374,-0.0046591357,0.012797996,0.76144894,0.034394847,-0.0047907991,0.1554956,13.515184
anime,high,101,policies,oracle_affine_bilinear_likelihood_n0,0.19355571,0.033277833,124,0.53668202,0.23494251,0.19213103,0.1558844,0.19934119,0.97113848,0.23083817,0.18667069,0.15900925,0.20215679,519,0.21758441,0.019168465,0.2907148,0.76807933,0.010929114,0.010250615,0.0039046905,0.16201037,0.0546687,0.016767277,0.0030387177,0.057112301,0.17295325,0.022518602,0.0011077158,0.012797996,0.76144894,0.030305318,-0.00067192334,0.19355571,13.515184
anime,high,101,policies,oracle_affine_bilinear_value_n0,0.22068555,0.019294379,213,0.64030651,0.247155,0.22016479,0.097262253,0.26082673,0.70368095,0.24514918,0.2180498,0.19931425,0.22822668,781,0.20091708,,,,,,,,,,,,,,,,,,,0.22068555,13.515184
anime,high,101,policies,oracle_bilinear_likelihood_n0,0.18246716,0.038094202,103,0.50555232,0.22395685,0.18082406,0.17355596,0.1753182,1.0628706,0.21901031,0.17479298,0.1420686,0.19105545,1418,0.13765158,0.0078591215,0.29166008,0.76807933,0.010929114,0.015000284,0.010426745,0.16201037,0.0546687,0.020648692,0.0084546734,0.057112301,0.17295325,0.024868229,0.0039809738,0.012797996,0.76144894,0.03149269,-0.00085883307,0.18246716,13.515184
anime,high,101,policies,oracle_bilinear_value_n0,0.21884193,0.018705294,210,0.6372796,0.24794033,0.21828726,0.098801579,0.2574466,0.71342058,0.24243045,0.21625584,0.19778352,0.22614298,973,0.19963178,,,,,,,,,,,,,,,,,,,0.21884193,13.515184
anime,high,101,policies,oracle_blob_likelihood_n0,0.20616496,0.016115285,209,0.63516464,0.26512549,0.20519923,0.092874427,0.26153786,0.70115353,0.2554342,0.20112062,0.17159064,0.21840999,313,0.13782785,0.022842489,0.28909556,0.76807933,0.010929114,0.0086552007,0.0015288239,0.16201037,0.0546687,0.014689198,0.0014862418,0.057112301,0.17295325,0.020342574,0.00092745164,0.012797996,0.76144894,0.027741841,6.7803385e-05,0.20616496,13.515184
anime,high,101,policies,oracle_blob_value_n0,0.22032737,0.019332156,209,0.63764754,0.2457261,0.21982668,0.098083087,0.2552024,0.71530443,0.24394878,0.21775855,0.19998462,0.22729774,974,0.20283783,,,,,,,,,,,,,,,,,,,0.22032737,13.515184
anime,high,101,,logger,0.11535344,1,0,0,0.11535344,,1,0,3.0456569,0.11535344,,,0.11535344,2883,0.033989935,,,,,,,,,,,,,,,,,,,,13.515184
anime,high,101,,blob_prior_mean,0.11464758,0.83746153,0,0,0.11682591,0.10342396,0.99975603,0,3.0303149,0.11466679,0.035947723,,0.11464758,2850,0.032624458,,,,,,,,,,,,,,,,,,,,13.515184
anime,none,100,run_blob_main_25k_nq,blob_nq_n25000,0.29563924,0.79827455,0,0,0.30265275,0.26788513,0.99962441,0,3.149209,0.29567985,0.18755809,,0.29563924,2081,0.089148638,-0.0007398123,0.52047019,0.91365066,0.0036960526,0.0035709275,0.0035698629,0.052130723,0.018170022,0.0054325227,0.0053300428,0.024501704,0.080612618,0.0053243187,0.0047081193,0.0097169078,0.89752132,0.0058979428,0.0025111908,0.29563925,12.492178
anime,none,100,run_blob_main_25k_mnq,blob_mnq_n25000,0.29677921,0.90499041,0,0,0.29977618,0.26823229,1,0,3.16383,0.29677921,,,0.29677921,2113,0.062529249,-0.0071229999,0.5204161,0.91365066,0.0036960526,0.0018685208,0.0018502781,0.052130723,0.018170022,0.0026629715,0.002017924,0.024501704,0.080612618,0.0030181301,0.00099695997,0.0097169078,0.89752132,0.0045469078,-0.0015196431,0.29677922,12.492178
anime,none,100,run_blob_pnorm_main_25k,blob_l10_nq_n25000,0.28975492,0.58453959,0,2.5643606e-05,0.3110096,0.25985026,0.97821157,0,3.071426,0.29220001,0.17998068,,0.28975492,1934,0.060958817,0.0031701861,0.52110109,0.91365066,0.0036960526,0.0029437501,0.0029202587,0.052130723,0.018170022,0.0040883981,0.0031002335,0.024501704,0.080612618,0.005087065,0.0015488129,0.0097169078,0.89752132,0.0091322348,-0.0024125739,0.28975494,12.492178
anime,none,100,run_replay_opc_25k_anime,opc_n25000_r0,0.288476,0.58616338,0,2.1172134e-05,0.31063676,0.25708721,0.97146925,0,3.0547081,0.29151966,0.1848395,,0.288476,1885,0.087189364,,,,,,,,,,,,,,,,,,,0.28847601,12.492178
anime,none,100,run_replay_cap_rho0_25k_anime,causecap_c_r000_n25000,0.2903236,0.61856978,0,8.3241627e-05,0.31128664,0.2563276,0.97878142,0,3.0779338,0.29268312,0.18148263,,0.2903236,2333,0.06518188,0.0089161484,0.5218859,0.91365066,0.0036960526,0.0073688811,0.0072804406,0.052130723,0.018170022,0.011910524,0.010524378,0.024501704,0.080612618,0.013127558,0.009662971,0.0097169078,0.89752132,0.015807169,0.0061178662,0.29032362,12.492178
anime,none,100,run_replay_cap_rho0_25k_anime,causecap_t_r000_n25000,0.29032203,0.61852819,0,8.3241627e-05,0.31128458,0.25633281,0.97878142,0,3.077916,0.29268151,0.18148263,,0.29032203,2333,0.06518188,0.0089175988,0.52188589,0.91365066,0.0036960526,0.0073689093,0.0072804698,0.052130723,0.018170022,0.011910548,0.01052441,0.024501704,0.080612618,0.01312757,0.0096629922,0.0097169078,0.89752132,0.015807164,0.0061178605,0.29032204,12.492178
anime,none,100,policies,oracle_affine_bilinear_likelihood_n0,0.29711779,0.99884901,0,0,0.29715792,0.26229155,1,0,3.1682008,0.29711779,,,0.29711779,2131,0.055243067,-8.2746821e-06,0.520175,0.91365066,0.0036960526,6.0462382e-06,-1.0983295e-06,0.052130723,0.018170022,1.8020311e-05,-2.4908882e-06,0.024501704,0.080612618,2.3965872e-05,-3.2638371e-06,0.0097169078,0.89752132,3.4190006e-05,-4.6606314e-06,0.2971178,12.492178
anime,none,100,policies,oracle_affine_bilinear_value_n0,0.29707804,0.96696056,0,0,0.29824599,0.26289569,1,0,3.1676741,0.29707804,,,0.29707804,2110,0.055787141,,,,,,,,,,,,,,,,,,,0.29707805,12.492178
anime,none,100,policies,oracle_bilinear_likelihood_n0,0.29709852,0.97955488,0,0,0.29801638,0.25312261,1,0,3.1679367,0.29709852,,,0.29709852,2137,0.05511509,4.2749181e-05,0.52017808,0.91365066,0.0036960526,7.9564767e-05,1.6923549e-05,0.052130723,0.018170022,0.00029027839,1.8350866e-05,0.024501704,0.080612618,0.00038769064,1.1653652e-05,0.0097169078,0.89752132,0.00052544,-2.6550585e-07,0.29709853,12.492178
anime,none,100,policies,oracle_bilinear_value_n0,0.29700536,0.94444089,0,0,0.29899053,0.26325975,1,0,3.1667124,0.29700536,,,0.29700536,2105,0.057104246,,,,,,,,,,,,,,,,,,,0.29700538,12.492178
anime,none,100,policies,oracle_blob_likelihood_n0,0.2971178,0.9988294,0,0,0.29716345,0.2581659,1,0,3.168201,0.2971178,,,0.2971178,2131,0.055206406,6.2593884e-06,0.52017499,0.91365066,0.0036960526,4.7558e-06,-1.3959933e-06,0.052130723,0.018170022,1.4410479e-05,5.5322162e-07,0.024501704,0.080612618,2.009753e-05,1.6513445e-06,0.0097169078,0.89752132,3.0330823e-05,3.570017e-06,0.29711782,12.492178
anime,none,100,policies,oracle_blob_value_n0,0.29701503,0.94590371,0,0,0.29927464,0.25750451,1,0,3.1667961,0.29701503,,,0.29701503,2017,0.055999696,,,,,,,,,,,,,,,,,,,0.29701504,12.492178
anime,none,100,,logger,0.29711783,1,0,0,0.29711783,,1,0,3.1682014,0.29711783,,,0.29711783,2131,0.055322921,,,,,,,,,,,,,,,,,,,,12.492178
anime,none,100,,blob_prior_mean,0.29679632,0.90836694,0,0,0.29976493,0.26736816,1,0,3.1640439,0.29679632,,,0.29679632,2108,0.061121618,,,,,,,,,,,,,,,,,,,,12.492178
anime,none,101,run_blob_main_25k_nq,blob_nq_n25000,0.29374825,0.66112823,0,0,0.3070917,0.26771561,0.99706965,0,3.1222464,0.29409732,0.17497581,,0.29374825,2008,0.075855413,0.00068983697,0.521211,0.91588425,0.0035946026,0.0032136617,0.0032074446,0.050696051,0.017666812,0.0048580753,0.0044902768,0.023853174,0.078517346,0.0051973863,0.0035511213,0.009566522,0.90022125,0.0074531838,0.00062042397,0.29374825,13.897546
anime,none,101,run_blob_main_25k_mnq,blob_mnq_n25000,0.29682985,0.81951035,0,0,0.30384348,0.2649846,0.99986539,0,3.1612287,0.29684657,0.17266687,,0.29682985,2103,0.057092317,-0.0074572448,0.5209553,0.91588425,0.0035946026,0.00065544503,0.00044063728,0.050696051,0.017666812,0.0020566087,-0.00052790886,0.023853174,0.078517346,0.0033231312,-0.0016975954,0.009566522,0.90022125,0.0059315893,-0.0039769749,0.29682985,13.897546
anime,none,101,run_blob_pnorm_main_25k,blob_l10_nq_n25000,0.29681847,0.82040455,0,0,0.30362033,0.26574711,0.99986843,0,3.1610592,0.29683697,0.15624455,,0.29681847,2104,0.057062981,-0.0083243158,0.52097865,0.91588425,0.0035946026,0.0023993339,0.0023904703,0.050696051,0.017666812,0.003299641,0.0028336371,0.023853174,0.078517346,0.0034849413,0.0016688889,0.009566522,0.90022125,0.0053105002,-0.0014864888,0.29681847,13.897546
anime,none,101,run_replay_opc_25k_anime,opc_n25000_r0,0.29433678,0.72637056,0,0,0.30441814,0.267575,0.99625938,0,3.1306364,0.29466706,0.20636972,,0.29433678,2017,0.088497659,,,,,,,,,,,,,,,,,,,0.29433677,13.897546
anime,none,101,run_replay_cap_rho0_25k_anime,causecap_c_r000_n25000,0.28950844,0.59520048,0,0.00018071654,0.31503244,0.25197901,0.96225769,0,3.0621789,0.29403265,0.17416161,,0.28950844,2536,0.057449909,0.0052401668,0.52286084,0.91588425,0.0035946026,0.014278744,0.014272778,0.050696051,0.017666812,0.019759552,0.019455023,0.023853174,0.078517346,0.01872548,0.017244578,0.009566522,0.90022125,0.017998843,0.0093679289,0.28950844,13.897546
anime,none,101,run_replay_cap_rho0_25k_anime,causecap_t_r000_n25000,0.28950765,0.59513032,0,0.00018071654,0.31503748,0.25198058,0.96225769,0,3.0621691,0.29403183,0.17416161,,0.28950765,2536,0.057449909,0.0052413913,0.52286093,0.91588425,0.0035946026,0.01427904,0.014273074,0.050696051,0.017666812,0.019759863,0.019455316,0.023853174,0.078517346,0.018725759,0.017244786,0.009566522,0.90022125,0.017999178,0.0093679672,0.28950765,13.897546
anime,none,101,policies,oracle_affine_bilinear_likelihood_n0,0.29792487,0.9994375,0,0,0.29795774,0.2395244,1,0,3.1753258,0.29792487,,,0.29792487,2131,0.057326244,-3.9696152e-06,0.5206051,0.91588425,0.0035946026,4.3429178e-06,-5.7458117e-07,0.050696051,0.017666812,1.2617525e-05,-1.3573312e-06,0.023853174,0.078517346,1.6876344e-05,-1.8721205e-06,0.009566522,0.90022125,2.4625706e-05,-2.6320973e-06,0.29792487,13.897546
anime,none,101,policies,oracle_affine_bilinear_value_n0,0.29788212,0.96563051,0,0,0.299194,0.26102415,1,0,3.1747615,0.29788212,,,0.29788212,2121,0.058128318,,,,,,,,,,,,,,,,,,,0.29788212,13.897546
anime,none,101,policies,oracle_bilinear_likelihood_n0,0.297908,0.98181938,0,0,0.29861722,0.25960754,1,0,3.1750977,0.297908,,,0.297908,2136,0.057153661,4.0654215e-05,0.52060759,0.91588425,0.0035946026,7.2032005e-05,2.4162863e-05,0.050696051,0.017666812,0.00026005148,3.3231389e-05,0.023853174,0.078517346,0.00034800217,2.8051184e-05,0.009566522,0.90022125,0.00047383911,1.7269528e-05,0.297908,13.897546
anime,none,101,policies,oracle_bilinear_value_n0,0.29781105,0.94441519,0,0,0.30006966,0.25943614,0.99997873,0,3.1738181,0.29781249,0.2302215,,0.29781105,2100,0.059120671,,,,,,,,,,,,,,,,,,,0.29781105,13.897546
anime,none,101,policies,oracle_blob_likelihood_n0,0.29792488,0.99950874,0,0,0.29795239,0.24195407,1,0,3.1753259,0.29792488,,,0.29792488,2131,0.057359854,-1.827306e-06,0.5206051,0.91588425,0.0035946026,3.3449174e-06,7.4149926e-07,0.050696051,0.017666812,1.0286219e-05,-3.6522952e-07,0.023853174,0.078517346,1.4781989e-05,-7.5214025e-07,0.009566522,0.90022125,2.3455701e-05,-1.0882465e-06,0.29792487,13.897546
anime,none,101,policies,oracle_blob_value_n0,0.29781732,0.94702251,0,0,0.30010265,0.25696485,0.99999712,0,3.1738736,0.29781763,0.18837902,,0.29781732,2014,0.057911603,,,,,,,,,,,,,,,,,,,0.29781732,13.897546
anime,none,101,,logger,0.29792488,1,0,0,0.29792488,,1,0,3.175326,0.29792488,,,0.29792488,2131,0.057359361,,,,,,,,,,,,,,,,,,,,13.897546
anime,none,101,,blob_prior_mean,0.29760874,0.90808902,0,0,0.30081169,0.2659633,1,0,3.1712616,0.29760874,,,0.29760874,2108,0.060651105,,,,,,,,,,,,,,,,,,,,13.897546
anime,w-high.g-none.v-none,100,run_blob_main_25k_nq,blob_nq_n25000,0.23160779,0.44205676,1,0.0013620591,0.24539072,0.22068762,0.88836565,0,2.896833,0.23684965,0.18989405,,0.23160779,1675,0.21524163,-0.019738813,0.44714335,0.89712357,0.0048702251,0.025998598,0.024950569,0.064887772,0.02229849,0.031346535,0.022833128,0.028072777,0.090618465,0.034096112,0.016813437,0.0099158858,0.88221283,0.041840215,0.0069112618,0.2316078,13.423621
anime,w-high.g-none.v-none,100,run_blob_main_25k_mnq,blob_mnq_n25000,0.22431142,0.5232058,0,0.00040260708,0.23733275,0.21002258,0.94655109,0,2.9918447,0.22683688,0.1795869,,0.22431142,1708,0.16585382,-0.018948427,0.44914603,0.89712357,0.0048702251,0.015872214,0.013183787,0.064887772,0.02229849,0.024179547,0.0081307082,0.028072777,0.090618465,0.030299489,0.002091879,0.0099158858,0.88221283,0.042205949,-0.0056134994,0.22431143,13.423621
anime,w-high.g-none.v-none,100,run_blob_pnorm_main_25k,blob_l10_nq_n25000,0.25422712,0.24574703,4,0.014007418,0.27451227,0.24761791,0.66324642,0.0023072746,2.5108619,0.2645411,0.23391342,0.22469426,0.25429542,1586,0.14125974,-0.014274827,0.44157479,0.89712357,0.0048702251,0.015048197,0.014016229,0.064887772,0.02229849,0.021925805,0.014464312,0.028072777,0.090618465,0.025219928,0.010804198,0.0099158858,0.88221283,0.031801664,0.0042686344,0.25422713,13.423621
anime,w-high.g-none.v-none,100,run_replay_opc_25k_anime,opc_n25000_r0,0.25137129,0.24285184,4,0.016360212,0.27594346,0.24348988,0.66706816,0.0032831796,2.5097631,0.26424857,0.22557013,0.20773788,0.25151502,1473,0.12088146,,,,,,,,,,,,,,,,,,,0.2513713,13.423621
anime,w-high.g-none.v-none,100,run_replay_cap_rho0_25k_anime,causecap_c_r000_n25000,0.26282554,0.16394099,10,0.1028348,0.3061539,0.25432938,0.49702522,0.017034054,2.1733621,0.29222653,0.23377233,0.19269486,0.26404085,1744,0.054179588,0.030787927,0.43909837,0.89712357,0.0048702251,0.0048697063,0.00011517643,0.064887772,0.02229849,0.013482472,-0.00025190561,0.028072777,0.090618465,0.018587548,-0.00045324496,0.0099158858,0.88221283,0.026320707,0.00041951355,0.26282555,13.423621
anime,w-high.g-none.v-none,100,run_replay_cap_rho0_25k_anime,causecap_t_r000_n25000,0.26216784,0.20815429,6,0.055298019,0.29763603,0.25284424,0.58006717,0.0060787219,2.3585568,0.28457977,0.23120951,0.19812443,0.26255953,1713,0.048371748,0.0095170342,0.43902964,0.89712357,0.0048702251,0.0060213772,0.0031973584,0.064887772,0.02229849,0.014512229,0.0033571678,0.028072777,0.090618465,0.019466605,0.0025438655,0.0099158858,0.88221283,0.026900826,0.0020618032,0.26216786,13.423621
anime,w-high.g-none.v-none,100,policies,oracle_affine_bilinear_likelihood_n0,0.29701845,0.1496664,12,0.13531906,0.32830292,0.2915121,0.46115639,0.025108259,2.0820359,0.32054362,0.276885,0.26347667,0.29788232,2129,0.054789551,0.00016768603,0.43248094,0.89712357,0.0048702251,0.00020525372,-7.1118563e-06,0.064887772,0.02229849,0.00056028186,-1.773776e-05,0.028072777,0.090618465,0.00074176384,-2.334523e-05,0.0099158858,0.88221283,0.00096393319,-2.4397121e-05,0.29701846,13.423621
anime,w-high.g-none.v-none,100,policies,oracle_affine_bilinear_value_n0,0.29661326,0.15263213,12,0.13021585,0.32671123,0.29119186,0.46641971,0.023262768,2.0989829,0.3195403,0.276572,0.2625886,0.29742362,2051,0.056738579,,,,,,,,,,,,,,,,,,,0.29661327,13.423621
anime,w-high.g-none.v-none,100,policies,oracle_bilinear_likelihood_n0,0.29569847,0.14924546,12,0.13672804,0.32789131,0.29005097,0.46003314,0.025463033,2.0795636,0.31970239,0.27524795,0.26168806,0.2965871,2150,0.052497573,0.0029687631,0.43263096,0.89712357,0.0048702251,0.00086806534,-0.00041963633,0.064887772,0.02229849,0.0023055378,-0.00065848426,0.028072777,0.090618465,0.0030511188,-0.00063827503,0.0099158858,0.88221283,0.0039747578,-0.0004146156,0.29569848,13.423621
anime,w-high.g-none.v-none,100,policies,oracle_bilinear_value_n0,0.29611163,0.1538462,11,0.12836431,0.32589803,0.29069592,0.46848168,0.022247668,2.1055508,0.31890039,0.27602555,0.2638939,0.29684471,2067,0.058149025,,,,,,,,,,,,,,,,,,,0.29611164,13.423621
anime,w-high.g-none.v-none,100,policies,oracle_blob_likelihood_n0,0.29703234,0.14952807,12,0.13463827,0.32817229,0.29155739,0.46117063,0.025246457,2.0822462,0.32051183,0.27693684,0.26283126,0.29791816,2132,0.05552928,0.00014170091,0.43247964,0.89712357,0.0048702251,0.00017950473,-4.0150004e-06,0.064887772,0.02229849,0.00052332641,-7.4898396e-06,0.028072777,0.090618465,0.00069452869,-1.2213047e-05,0.0099158858,0.88221283,0.00089522857,-1.4059918e-05,0.29703236,13.423621
anime,w-high.g-none.v-none,100,policies,oracle_blob_value_n0,0.29649289,0.15250025,12,0.13007784,0.32662441,0.29107098,0.46586443,0.023016717,2.0991009,0.31961656,0.27632479,0.26452968,0.29724591,1915,0.057000534,,,,,,,,,,,,,,,,,,,0.2964929,13.423621
anime,w-high.g-none.v-none,100,,logger,0.21762281,1,0,0,0.21762281,,1,0,3.1562649,0.21762281,,,0.21762281,1793,0.049293762,,,,,,,,,,,,,,,,,,,,13.423621
anime,w-high.g-none.v-none,100,,blob_prior_mean,0.21082775,0.70153404,0,0,0.22200128,0.18456475,0.99275903,0,3.0994292,0.2113917,0.13350903,,0.21082775,1792,0.05893736,,,,,,,,,,,,,,,,,,,,13.423621
anime,w-high.g-none.v-none,101,run_blob_main_25k_nq,blob_nq_n25000,0.20498136,0.60417077,0,0,0.21155009,0.19495522,0.99451364,0,2.9838547,0.20531584,0.14434888,,0.20498136,1327,0.07707578,-0.015206567,0.4229295,0.8720313,0.0058301865,0.016136085,0.013757323,0.081819886,0.028136159,0.023778321,0.011064175,0.034856101,0.11153444,0.029107962,0.0056360519,0.011292711,0.85449923,0.040417511,-0.0026852256,0.20498135,12.742784
anime,w-high.g-none.v-none,101,run_blob_main_25k_mnq,blob_mnq_n25000,0.20427033,0.62182281,0,0,0.21162171,0.19218272,0.99592675,0,2.9909361,0.20453721,0.13901668,,0.20427033,1330,0.065984361,-0.013555559,0.42296466,0.8720313,0.0058301865,0.014423042,0.011676488,0.081819886,0.028136159,0.022695627,0.0087950423,0.034856101,0.11153444,0.028577283,0.0036288662,0.011292711,0.85449923,0.040369761,-0.0037983783,0.20427033,12.742784
anime,w-high.g-none.v-none,101,run_blob_pnorm_main_25k,blob_l10_nq_n25000,0.22190473,0.43568597,1,1.45803e-05,0.22174118,0.222031,0.9372707,0,2.8618884,0.22252404,0.21265132,,0.22190473,1266,0.081201642,-0.023435601,0.42005866,0.8720313,0.0058301865,0.012764459,0.010436536,0.081819886,0.028136159,0.021113338,0.0088752967,0.034856101,0.11153444,0.026433875,0.0044272422,0.011292711,0.85449923,0.036445516,-0.0020493532,0.22190473,12.742784
anime,w-high.g-none.v-none,101,run_replay_opc_25k_anime,opc_n25000_r0,0.22762988,0.32534716,2,0.0037875344,0.23633109,0.22343378,0.82332861,3.4261557e-05,2.7032342,0.23301425,0.20253752,0.075859815,0.22763508,1217,0.057636623,,,,,,,,,,,,,,,,,,,0.22762988,12.742784
anime,w-high.g-none.v-none,101,run_replay_cap_rho0_25k_anime,causecap_c_r000_n25000,0.24289127,0.13640696,12,0.12484967,0.27780236,0.23737696,0.46188103,0.018947766,2.0744617,0.26938643,0.2201498,0.17902552,0.24412475,1481,0.044657688,0.032535601,0.41629568,0.8720313,0.0058301865,0.0052091521,-0.0013705438,0.081819886,0.028136159,0.014720463,-0.0038974306,0.034856101,0.11153444,0.020971636,-0.0051303343,0.011292711,0.85449923,0.030144038,-0.0049505016,0.24289126,12.742784
anime,w-high.g-none.v-none,101,run_replay_cap_rho0_25k_anime,causecap_t_r000_n25000,0.24292081,0.13565504,12,0.12746841,0.27890749,0.23727286,0.4604515,0.019973673,2.0694223,0.26984674,0.21994218,0.1783805,0.24423619,1485,0.0434675,0.035020433,0.41644112,0.8720313,0.0058301865,0.005299308,-0.0023449006,0.081819886,0.028136159,0.014838216,-0.0052449659,0.034856101,0.11153444,0.021155718,-0.0063281799,0.011292711,0.85449923,0.030361032,-0.0056539526,0.24292081,12.742784
anime,w-high.g-none.v-none,101,policies,oracle_affine_bilinear_likelihood_n0,0.29658575,0.094807391,20,0.20472113,0.32566884,0.29353966,0.36409029,0.037368049,1.8509756,0.32048815,0.28290041,0.26162162,0.297943,2093,0.056779416,-0.00026939394,0.40772996,0.8720313,0.0058301865,0.00072565625,-5.5513022e-05,0.081819886,0.028136159,0.0020334063,-0.00010331906,0.034856101,0.11153444,0.0028320312,-8.430664e-05,0.011292711,0.85449923,0.0037734575,-9.2862575e-07,0.29658574,12.742784
anime,w-high.g-none.v-none,101,policies,oracle_affine_bilinear_value_n0,0.29505505,0.098385825,19,0.19714417,0.3240195,0.29189439,0.37427884,0.035139581,1.8737348,0.31792556,0.28137491,0.25839078,0.29639033,2001,0.060271663,,,,,,,,,,,,,,,,,,,0.29505505,12.742784
anime,w-high.g-none.v-none,101,policies,oracle_bilinear_likelihood_n0,0.29459943,0.097341636,20,0.20362447,0.32425454,0.29140146,0.36960147,0.038442015,1.8568353,0.31847498,0.28060125,0.25714701,0.29609674,2085,0.054713314,0.0028042221,0.40793142,0.8720313,0.0058301865,0.0011753775,-0.00038578277,0.081819886,0.028136159,0.0032515095,-0.00057284029,0.034856101,0.11153444,0.0045368192,-0.00053187506,0.011292711,0.85449923,0.0060440189,-0.00026878164,0.29459943,12.742784
anime,w-high.g-none.v-none,101,policies,oracle_bilinear_value_n0,0.29398263,0.099785713,19,0.19373761,0.32301448,0.29076454,0.37805782,0.034501769,1.8838117,0.31662049,0.28022182,0.25683978,0.29530991,1951,0.061526379,,,,,,,,,,,,,,,,,,,0.29398262,12.742784
anime,w-high.g-none.v-none,101,policies,oracle_blob_likelihood_n0,0.29672383,0.095160073,20,0.20441055,0.32578503,0.29366753,0.36396141,0.03734653,1.8510196,0.32068278,0.28301377,0.26142269,0.29809335,2080,0.056923183,-0.00035027687,0.40772072,0.8720313,0.0058301865,0.00068598409,-4.3728572e-05,0.081819886,0.028136159,0.0019729513,-7.6456364e-05,0.034856101,0.11153444,0.0027429277,-5.840425e-05,0.011292711,0.85449923,0.0036393598,9.5712122e-06,0.29672383,12.742784
anime,w-high.g-none.v-none,101,policies,oracle_blob_value_n0,0.29509224,0.096694529,19,0.1999523,0.32347717,0.29205376,0.37219985,0.035744425,1.867952,0.31861222,0.2811481,0.25809441,0.29646373,1737,0.061669665,,,,,,,,,,,,,,,,,,,0.29509224,12.742784
anime,w-high.g-none.v-none,101,,logger,0.19943816,1,0,0,0.19943816,,1,0,3.0598707,0.19943816,,,0.19943816,1338,0.040549266,,,,,,,,,,,,,,,,,,,,12.742784
anime,w-high.g-none.v-none,101,,blob_prior_mean,0.19710085,0.77012381,0,0,0.20338337,0.17605336,0.99761072,0,3.0310377,0.19726806,0.12728587,,0.19710085,1361,0.046953334,,,,,,,,,,,,,,,,,,,,12.742784
anime,w-none.g-high.v-none,100,run_blob_main_25k_nq,blob_nq_n25000,0.23885942,0.6979837,0,0,0.24465237,0.22547146,0.99532463,0,3.1126466,0.23905889,0.19639452,,0.23885942,1924,0.088454061,-0.0076318375,0.46428559,0.89857114,0.004754682,0.012678163,0.010108283,0.063575862,0.021873331,0.022982447,0.009344319,0.027777671,0.090040463,0.029098604,0.0065608411,0.010075331,0.88333153,0.040246272,0.0020668476,0.23885943,13.456433
anime,w-none.g-high.v-none,100,run_blob_main_25k_mnq,blob_mnq_n25000,0.23899443,0.69425072,0,0,0.24468654,0.2260696,0.99455447,0,3.1103602,0.23927522,0.18771042,,0.23899443,1921,0.078911758,-0.0093397965,0.46430888,0.89857114,0.004754682,0.011408551,0.0083751235,0.063575862,0.021873331,0.022049997,0.0068518325,0.027777671,0.090040463,0.028468635,0.003951202,0.010075331,0.88333153,0.039961973,-0.00040015101,0.23899444,13.456433
anime,w-none.g-high.v-none,100,run_blob_pnorm_main_25k,blob_l10_nq_n25000,0.24517337,0.54091973,0,2.4521359e-05,0.25497382,0.2336258,0.95378685,0,3.0029574,0.2471093,0.20521796,,0.24517337,1775,0.086168404,-0.011314213,0.46267968,0.89857114,0.004754682,0.015012689,0.013349378,0.063575862,0.021873331,0.024238374,0.014052862,0.027777671,0.090040463,0.028964062,0.011098832,0.010075331,0.88333153,0.037855717,0.0056433876,0.24517338,13.456433
anime,w-none.g-high.v-none,100,run_replay_opc_25k_anime,opc_n25000_r0,0.24548642,0.45068476,1,0.00041538545,0.26303956,0.23108497,0.90169688,0,2.9104364,0.24963258,0.20745525,,0.24548642,1680,0.11778305,,,,,,,,,,,,,,,,,,,0.24548643,13.456433
anime,w-none.g-high.v-none,100,run_replay_cap_rho0_25k_anime,causecap_c_r000_n25000,0.24606564,0.41920222,1,0.0013398344,0.26752282,0.23057849,0.87789395,0,2.8704746,0.25342396,0.19316222,,0.24606564,1842,0.073873248,0.010873369,0.46129571,0.89857114,0.004754682,0.0085311924,0.0039357732,0.063575862,0.021873331,0.020398945,0.0035480459,0.027777671,0.090040463,0.026448302,0.002740022,0.010075331,0.88333153,0.036038667,0.0033532658,0.24606565,13.456433
anime,w-none.g-high.v-none,100,run_replay_cap_rho0_25k_anime,causecap_t_r000_n25000,0.24606549,0.41920077,1,0.0013398344,0.26752308,0.23057814,0.87789395,0,2.8704743,0.25342379,0.19316222,,0.24606549,1842,0.073873248,0.010873526,0.4612957,0.89857114,0.004754682,0.0085311908,0.0039357719,0.063575862,0.021873331,0.020398947,0.00354805,0.027777671,0.090040463,0.026448301,0.0027400232,0.010075331,0.88333153,0.036038659,0.0033532643,0.2460655,13.456433
anime,w-none.g-high.v-none,100,policies,oracle_affine_bilinear_likelihood_n0,0.26001883,0.31114401,2,0.016120317,0.29280785,0.24520861,0.7571345,0.00089842666,2.6698773,0.27562841,0.2113559,0.15999739,0.26010877,1561,0.070859395,0.0097263902,0.45754105,0.89857114,0.004754682,0.0065672475,-0.0026535404,0.063575862,0.021873331,0.017263619,-0.0033162969,0.027777671,0.090040463,0.022503119,-0.0026209097,0.010075331,0.88333153,0.029476711,-3.5360414e-05,0.26001884,13.456433
anime,w-none.g-high.v-none,100,policies,oracle_affine_bilinear_value_n0,0.26735606,0.27449335,3,0.027092071,0.29652327,0.25632073,0.70115882,0.0019493247,2.5780999,0.28218509,0.23256331,0.16679739,0.26755247,1409,0.088653481,,,,,,,,,,,,,,,,,,,0.26735607,13.456433
anime,w-none.g-high.v-none,100,policies,oracle_bilinear_likelihood_n0,0.25731743,0.31321773,2,0.01387196,0.28848608,0.24310248,0.76357269,0.00076827187,2.6795235,0.27228707,0.20897102,0.15045459,0.25739959,1812,0.060025444,0.008115022,0.45779808,0.89857114,0.004754682,0.0067234109,0.00074897776,0.063575862,0.021873331,0.01795757,0.00029201403,0.027777671,0.090040463,0.023213252,0.00010680529,0.010075331,0.88333153,0.030196966,0.001009199,0.25731744,13.456433
anime,w-none.g-high.v-none,100,policies,oracle_bilinear_value_n0,0.26661604,0.27781784,3,0.025429136,0.29515045,0.25563907,0.70493509,0.0018359938,2.5830595,0.28097967,0.23230012,0.16338898,0.26680591,1541,0.088267138,,,,,,,,,,,,,,,,,,,0.26661605,13.456433
anime,w-none.g-high.v-none,100,policies,oracle_blob_likelihood_n0,0.25513835,0.25870614,4,0.085646869,0.30868286,0.2364517,0.66899129,0.03136815,2.4376158,0.28882517,0.18705497,0.066745267,0.26123926,1403,0.080619537,0.023291947,0.45675631,0.89857114,0.004754682,0.006870838,-0.0032256907,0.063575862,0.021873331,0.016812894,-0.0031552357,0.027777671,0.090040463,0.021626839,-0.001990199,0.010075331,0.88333153,0.027747233,0.00037515443,0.25513836,13.456433
anime,w-none.g-high.v-none,100,policies,oracle_blob_value_n0,0.26909019,0.27043866,3,0.023383657,0.29858493,0.25815688,0.70208588,0.0015209145,2.58166,0.28331738,0.23556137,0.15382461,0.26926577,1504,0.088029864,,,,,,,,,,,,,,,,,,,0.2690902,13.456433
anime,w-none.g-high.v-none,100,,logger,0.234546,1,0,0,0.234546,,1,0,3.1631423,0.234546,,,0.234546,2027,0.0595912,,,,,,,,,,,,,,,,,,,,13.456433
anime,w-none.g-high.v-none,100,,blob_prior_mean,0.23426721,0.80341513,0,0,0.24012942,0.21030917,0.99917836,0,3.1399382,0.23434193,0.14340241,,0.23426721,1967,0.053912508,,,,,,,,,,,,,,,,,,,,13.456433
anime,w-none.g-high.v-none,101,run_blob_main_25k_nq,blob_nq_n25000,0.23047953,0.57596746,0,0,0.23861286,0.21943195,0.97984229,0,3.0828206,0.23135189,0.18807526,,0.23047953,1769,0.0450511,-0.013548235,0.45449994,0.90558235,0.004306716,0.01278503,0.0097222642,0.058510361,0.020197925,0.02460145,0.0087065452,0.026139244,0.085100597,0.03097408,0.0055824938,0.0097680482,0.89039477,0.041630981,0.00051046307,0.23047953,12.524934
anime,w-none.g-high.v-none,101,run_blob_main_25k_mnq,blob_mnq_n25000,0.2314377,0.69229494,0,0,0.23441764,0.22473323,0.99469746,0,3.135029,0.23152407,0.21523643,,0.2314377,1888,0.042958101,-0.017485532,0.45444024,0.90558235,0.004306716,0.011046489,0.0072682415,0.058510361,0.020197925,0.023398212,0.0054285138,0.026139244,0.085100597,0.030134863,0.0023613214,0.0097680482,0.89039477,0.041141122,-0.0020809883,0.2314377,12.524934
anime,w-none.g-high.v-none,101,run_blob_pnorm_main_25k,blob_l10_nq_n25000,0.23936538,0.54594056,0,5.5088902e-05,0.24505398,0.23252567,0.96177316,0,3.032969,0.24032906,0.21511968,,0.23936538,1808,0.055558026,-0.025289597,0.45304059,0.90558235,0.004306716,0.013463541,0.010854427,0.058510361,0.020197925,0.024215505,0.0095245003,0.026139244,0.085100597,0.029714285,0.0056123851,0.0097680482,0.89039477,0.039143658,-0.00084014045,0.23936538,12.524934
anime,w-none.g-high.v-none,101,run_replay_opc_25k_anime,opc_n25000_r0,0.24072774,0.48883875,1,0.00031444335,0.25059963,0.23128695,0.91083975,0,2.9597183,0.24356929,0.21169911,,0.24072774,1645,0.11399965,,,,,,,,,,,,,,,,,,,0.24072774,12.524934
anime,w-none.g-high.v-none,101,run_replay_cap_rho0_25k_anime,causecap_c_r000_n25000,0.23622119,0.32091107,2,0.0103073,0.2712585,0.21966392,0.76601872,0.00051950061,2.7013987,0.25135908,0.18666208,0.11948303,0.23628187,1798,0.069296456,0.023084889,0.45228803,0.90558235,0.004306716,0.0078451197,-0.0025213247,0.058510361,0.020197925,0.022078204,-0.0063577612,0.026139244,0.085100597,0.02887814,-0.0073798136,0.0097680482,0.89039477,0.038489941,-0.0055404587,0.23622119,12.524934
anime,w-none.g-high.v-none,101,run_replay_cap_rho0_25k_anime,causecap_t_r000_n25000,0.23622936,0.32091823,2,0.0103073,0.271257,0.21967611,0.76598251,0.00051950061,2.7013512,0.25136875,0.18667531,0.11948303,0.23629004,1798,0.069305208,0.023079064,0.45228799,0.90558235,0.004306716,0.0078451626,-0.0025214638,0.058510361,0.020197925,0.022078158,-0.0063577171,0.026139244,0.085100597,0.028878083,-0.0073796373,0.0097680482,0.89039477,0.038489885,-0.0055401742,0.23622936,12.524934
anime,w-none.g-high.v-none,101,policies,oracle_affine_bilinear_likelihood_n0,0.25746267,0.26604053,3,0.032423353,0.29605141,0.24347529,0.6867363,0.0023934744,2.5630395,0.27811465,0.21218943,0.13223721,0.25776311,1531,0.11273081,0.011960296,0.44651627,0.90558235,0.004306716,0.0072424903,-0.0024253592,0.058510361,0.020197925,0.018626707,-0.0028970244,0.026139244,0.085100597,0.02353286,-0.0025788591,0.0097680482,0.89039477,0.029698838,-0.00025138788,0.25746267,12.524934
anime,w-none.g-high.v-none,101,policies,oracle_affine_bilinear_value_n0,0.26735144,0.2270224,5,0.057536047,0.30042388,0.25763811,0.62187238,0.0056022218,2.4409998,0.28621569,0.2363271,0.19830923,0.2677404,1378,0.10291037,,,,,,,,,,,,,,,,,,,0.26735143,12.524934
anime,w-none.g-high.v-none,101,policies,oracle_bilinear_likelihood_n0,0.25462681,0.27495534,3,0.028564201,0.29273536,0.24017507,0.69884679,0.0019539049,2.5866958,0.27423811,0.20911742,0.12464201,0.25488128,1841,0.08910701,0.0085171856,0.44687401,0.90558235,0.004306716,0.0074611483,0.0012015503,0.058510361,0.020197925,0.019498016,0.00080860026,0.026139244,0.085100597,0.024451091,0.00034340571,0.0097680482,0.89039477,0.030615293,0.00099149543,0.25462681,12.524934
anime,w-none.g-high.v-none,101,policies,oracle_bilinear_value_n0,0.26693439,0.23025676,5,0.055445895,0.29878695,0.25740619,0.62772576,0.0049676739,2.4508649,0.28478033,0.23684272,0.20536799,0.26724176,1440,0.10146765,,,,,,,,,,,,,,,,,,,0.26693439,12.524934
anime,w-none.g-high.v-none,101,policies,oracle_blob_likelihood_n0,0.25579847,0.23642599,4,0.074069568,0.30747998,0.23979629,0.63309107,0.016484686,2.4263063,0.28737203,0.20131918,0.081058737,0.25872728,1328,0.099382113,0.019199818,0.44570307,0.90558235,0.004306716,0.0071260684,-0.0019365998,0.058510361,0.020197925,0.017873813,-0.002274639,0.026139244,0.085100597,0.0225143,-0.0014348241,0.0097680482,0.89039477,0.027997778,0.00062349594,0.25579847,12.524934
anime,w-none.g-high.v-none,101,policies,oracle_blob_value_n0,0.26901205,0.22634789,5,0.057148758,0.30147717,0.25951372,0.62127177,0.0057270205,2.4410443,0.28701204,0.23948459,0.20486619,0.26938153,1397,0.097905753,,,,,,,,,,,,,,,,,,,0.26901205,12.524934
anime,w-none.g-high.v-none,101,,logger,0.22372447,1,0,0,0.22372447,,1,0,3.1921194,0.22372447,,,0.22372447,1973,0.033714804,,,,,,,,,,,,,,,,,,,,12.524934
anime,w-none.g-high.v-none,101,,blob_prior_mean,0.2247637,0.81115294,0,0,0.22988311,0.20277432,0.99933788,0,3.1703935,0.22482989,0.12485875,,0.2247637,1936,0.030605727,,,,,,,,,,,,,,,,,,,,12.524934
anime,w-none.g-none.v-high,100,run_blob_main_25k_nq,blob_nq_n25000,0.23427544,0.69791325,0,0,0.23748377,0.2268632,0.99362679,0,3.1678766,0.2345897,0.18528044,,0.23427544,2168,0.082597147,-0.0032070223,0.46143954,0.8833915,0.0056716265,0.01482649,0.013145248,0.075178928,0.025710822,0.022900629,0.011207336,0.031300719,0.099953485,0.028462573,0.0063721425,0.010128852,0.86866408,0.038945571,-0.00023412519,0.23427545,13.386558
anime,w-none.g-none.v-high,100,run_blob_main_25k_mnq,blob_mnq_n25000,0.23449452,0.79694841,0,0,0.2343814,0.2349385,0.99888884,0,3.204653,0.23453986,0.19373989,,0.23449452,2233,0.066484857,-0.0044105231,0.46136561,0.8833915,0.0056716265,0.012718092,0.010582231,0.075178928,0.025710822,0.021502624,0.0081432716,0.031300719,0.099953485,0.027638283,0.0035421509,0.010128852,0.86866408,0.038580243,-0.0022084414,0.23449453,13.386558
anime,w-none.g-none.v-high,100,run_blob_pnorm_main_25k,blob_l10_nq_n25000,0.23607999,0.7065676,0,0,0.23688452,0.23414273,0.99293907,0,3.1685872,0.23627428,0.2087576,,0.23607999,2180,0.090823382,-0.013431386,0.46145116,0.8833915,0.0056716265,0.015833966,0.014357173,0.075178928,0.025710822,0.023082302,0.011910357,0.031300719,0.099953485,0.028175157,0.0062465439,0.010128852,0.86866408,0.038380906,-0.0023174263,0.23608,13.386558
anime,w-none.g-none.v-high,100,run_replay_opc_25k_anime,opc_n25000_r0,0.23363752,0.4455965,1,0.00035593699,0.24959664,0.22081053,0.92233815,0,2.9656072,0.23734045,0.18966029,,0.23363752,1734,0.10019918,,,,,,,,,,,,,,,,,,,0.23363754,13.386558
anime,w-none.g-none.v-high,100,run_replay_cap_rho0_25k_anime,causecap_c_r000_n25000,0.23386418,0.63797924,0,0,0.24010488,0.22286636,0.98574082,0,3.1321025,0.23435979,0.19960252,,0.23386418,2056,0.093870227,-0.0034399861,0.46216686,0.8833915,0.0056716265,0.030283593,0.029919113,0.075178928,0.025710822,0.035750906,0.031206617,0.031300719,0.099953485,0.037009775,0.025464596,0.010128852,0.86866408,0.04254817,0.014587485,0.23386419,13.386558
anime,w-none.g-none.v-high,100,run_replay_cap_rho0_25k_anime,causecap_t_r000_n25000,0.2338676,0.63796443,0,0,0.24010687,0.22287302,0.98577662,0,3.1321235,0.2343589,0.19981721,,0.2338676,2056,0.093834428,-0.0034422654,0.46216688,0.8833915,0.0056716265,0.030283662,0.029919189,0.075178928,0.025710822,0.035751107,0.031206902,0.031300719,0.099953485,0.037009996,0.025465027,0.010128852,0.86866408,0.042548351,0.014588162,0.23386761,13.386558
anime,w-none.g-none.v-high,100,policies,oracle_affine_bilinear_likelihood_n0,0.24345144,0.44016658,1,0.00075893792,0.25947753,0.23085099,0.93251402,0,2.9732,0.24748098,0.18777166,,0.24345144,1367,0.07190493,0.003789719,0.46003409,0.8833915,0.0056716265,0.0092431065,0.0063195484,0.075178928,0.025710822,0.0199551,0.0057774448,0.031300719,0.099953485,0.026440264,0.002800721,0.010128852,0.86866408,0.036922399,-5.8956977e-05,0.24345145,13.386558
anime,w-none.g-none.v-high,100,policies,oracle_affine_bilinear_value_n0,0.24999018,0.27397031,3,0.0076560075,0.27115935,0.24200191,0.76669821,5.2059436e-05,2.683743,0.25989506,0.21743985,0.18645918,0.24999349,1284,0.11794615,,,,,,,,,,,,,,,,,,,0.24999019,13.386558
anime,w-none.g-none.v-high,100,policies,oracle_bilinear_likelihood_n0,0.24096443,0.5014668,0,0.00016176696,0.25367452,0.22817955,0.96163986,0,3.0375782,0.24319972,0.18492848,,0.24096443,1826,0.065686398,-0.0022569517,0.46038768,0.8833915,0.0056716265,0.014220417,0.012619226,0.075178928,0.025710822,0.022536513,0.011499851,0.031300719,0.099953485,0.027826483,0.0071028551,0.010128852,0.86866408,0.037548351,0.0015502082,0.24096444,13.386558
anime,w-none.g-none.v-high,100,policies,oracle_bilinear_value_n0,0.24959536,0.27551988,2,0.0073639291,0.26939868,0.24206415,0.76855537,5.2059436e-05,2.6859271,0.2592045,0.21768641,0.18645918,0.24959865,1379,0.11891449,,,,,,,,,,,,,,,,,,,0.24959537,13.386558
anime,w-none.g-none.v-high,100,policies,oracle_blob_likelihood_n0,0.24681352,0.28160141,2,0.033230499,0.28188228,0.2330671,0.76734311,0.004537409,2.6755776,0.26591429,0.18381585,0.04741344,0.24772241,1004,0.1197075,0.013432905,0.45871915,0.8833915,0.0056716265,0.0072864166,0.0033606845,0.075178928,0.025710822,0.01786459,0.0042823989,0.031300719,0.099953485,0.024296675,0.0029612326,0.010128852,0.86866408,0.034169584,0.0011075487,0.24681353,13.386558
anime,w-none.g-none.v-high,100,policies,oracle_blob_value_n0,0.25144253,0.2736979,2,0.0070541725,0.27201985,0.24368823,0.77086129,6.0319859e-05,2.6872688,0.26087725,0.21970257,0.21010814,0.25144503,1409,0.1163487,,,,,,,,,,,,,,,,,,,0.25144255,13.386558
anime,w-none.g-none.v-high,100,,logger,0.2295261,1,0,0,0.2295261,,1,0,3.233639,0.2295261,,,0.2295261,2277,0.034130603,,,,,,,,,,,,,,,,,,,,13.386558
anime,w-none.g-none.v-high,100,,blob_prior_mean,0.22983829,0.92933744,0,0,0.23132573,0.21027585,1,0,3.2308103,0.22983829,,,0.22983829,2262,0.034244266,,,,,,,,,,,,,,,,,,,,13.386558
anime,w-none.g-none.v-high,101,run_blob_main_25k_nq,blob_nq_n25000,0.22604331,0.8302148,0,0,0.22670922,0.22278718,0.99972025,0,3.2151526,0.22604892,0.20600277,,0.22604331,2180,0.073881655,-0.0095604355,0.45075037,0.87509637,0.0062126981,0.015904118,0.014150578,0.08150939,0.027756641,0.023677541,0.011629671,0.033115526,0.1051291,0.029393328,0.0057550481,0.010278713,0.86090157,0.040463461,-0.0023225011,0.22604331,13.398207
anime,w-none.g-none.v-high,101,run_blob_main_25k_mnq,blob_mnq_n25000,0.22578534,0.83818132,0,0,0.22630849,0.22307553,0.99977279,0,3.2165655,0.22579352,0.18977699,,0.22578534,2203,0.068869108,-0.0087251308,0.45074373,0.87509637,0.0062126981,0.014049897,0.011924163,0.08150939,0.027756641,0.022437222,0.0089663945,0.033115526,0.1051291,0.028710773,0.0032504781,0.010278713,0.86090157,0.040237469,-0.0040963057,0.22578534,13.398207
anime,w-none.g-none.v-high,101,run_blob_pnorm_main_25k,blob_l10_nq_n25000,0.22651526,0.77421504,0,0,0.22845993,0.219847,0.99858603,0,3.1973247,0.22655524,0.19828138,,0.22651526,2133,0.073353781,-0.012466964,0.45071749,0.87509637,0.0062126981,0.016957676,0.015417379,0.08150939,0.027756641,0.024193317,0.012911794,0.033115526,0.1051291,0.029460526,0.0066803875,0.010278713,0.86090157,0.04017084,-0.0023233102,0.22651526,13.398207
anime,w-none.g-none.v-high,101,run_replay_opc_25k_anime,opc_n25000_r0,0.22423149,0.57623342,0,2.0833685e-05,0.23681532,0.20712013,0.97250993,0,3.0904952,0.22580091,0.16871074,,0.22423149,1897,0.064175264,,,,,,,,,,,,,,,,,,,0.22423149,13.398207
anime,w-none.g-none.v-high,101,run_replay_cap_rho0_25k_anime,causecap_c_r000_n25000,0.22333872,0.65732737,0,0,0.23230729,0.20613487,0.99264681,0,3.1484291,0.22383849,0.15587095,,0.22333872,2139,0.06455613,-0.00020813016,0.45102147,0.87509637,0.0062126981,0.020581538,0.019408125,0.08150939,0.027756641,0.027355342,0.017916953,0.033115526,0.1051291,0.031750225,0.011872819,0.010278713,0.86090157,0.041593682,0.0032065226,0.22333871,13.398207
anime,w-none.g-none.v-high,101,run_replay_cap_rho0_25k_anime,causecap_t_r000_n25000,0.22333851,0.65733787,0,0,0.23230612,0.20613569,0.99264681,0,3.1484307,0.22383828,0.15587095,,0.22333851,2139,0.06455613,-0.00020842555,0.45102151,0.87509637,0.0062126981,0.02058159,0.019408173,0.08150939,0.027756641,0.027355342,0.017916908,0.033115526,0.1051291,0.031750221,0.011872706,0.010278713,0.86090157,0.041593701,0.0032062969,0.2233385,13.398207
anime,w-none.g-none.v-high,101,policies,oracle_affine_bilinear_likelihood_n0,0.2375112,0.42898542,1,0.0019068382,0.25739069,0.22257636,0.9100158,0,2.9433942,0.24316096,0.18037483,,0.2375112,1226,0.12472625,0.0047547452,0.44890379,0.87509637,0.0062126981,0.0094155053,0.0064067805,0.08150939,0.027756641,0.020029073,0.0057427825,0.033115526,0.1051291,0.027044031,0.0025910162,0.010278713,0.86090157,0.038202133,-0.00032506225,0.2375112,13.398207
anime,w-none.g-none.v-high,101,policies,oracle_affine_bilinear_value_n0,0.24564473,0.24737347,4,0.026011996,0.27291204,0.23668251,0.67610818,0.0009514659,2.5411759,0.25649257,0.2230004,0.16367359,0.2457228,1126,0.12162764,,,,,,,,,,,,,,,,,,,0.24564473,13.398207
anime,w-none.g-none.v-high,101,policies,oracle_bilinear_likelihood_n0,0.23401189,0.49772972,1,0.0002598072,0.24841319,0.21974077,0.95480703,0,3.0262218,0.23667195,0.1778119,,0.23401189,1742,0.088077399,-0.0014094897,0.44937272,0.87509637,0.0062126981,0.014798615,0.013095295,0.08150939,0.027756641,0.023061902,0.011816015,0.033115526,0.1051291,0.028645325,0.0069965286,0.010278713,0.86090157,0.038942544,0.0011939001,0.23401189,13.398207
anime,w-none.g-none.v-high,101,policies,oracle_bilinear_value_n0,0.24496981,0.24942819,3,0.024204766,0.27194917,0.23600409,0.68126017,0.00099460201,2.5480073,0.25558264,0.22228643,0.16331002,0.24505111,1205,0.12096279,,,,,,,,,,,,,,,,,,,0.24496981,13.398207
anime,w-none.g-none.v-high,101,policies,oracle_blob_likelihood_n0,0.23719313,0.26955806,3,0.079471277,0.28110282,0.22098895,0.69908917,0.041698073,2.4853931,0.26362641,0.17578218,0.044227294,0.24558955,876,0.11708595,0.019834267,0.44748227,0.87509637,0.0062126981,0.0074262434,0.0034209502,0.08150939,0.027756641,0.017786018,0.0038760142,0.033115526,0.1051291,0.024744062,0.0026185057,0.010278713,0.86090157,0.03525316,0.00105706,0.23719313,13.398207
anime,w-none.g-none.v-high,101,policies,oracle_blob_value_n0,0.24714002,0.24788658,4,0.025749173,0.27383911,0.23834036,0.67729495,0.00094923431,2.5416204,0.25767579,0.22502751,0.17161633,0.24721178,1237,0.12029471,,,,,,,,,,,,,,,,,,,0.24714002,13.398207
anime,w-none.g-none.v-high,101,,logger,0.22230961,1,0,0,0.22230961,,1,0,3.2341293,0.22230961,,,0.22230961,2198,0.051062124,,,,,,,,,,,,,,,,,,,,13.398207
anime,w-none.g-none.v-high,101,,blob_prior_mean,0.22268771,0.9306421,0,0,0.2240238,0.20476001,1,0,3.2312712,0.22268771,,,0.22268771,2182,0.05832962,,,,,,,,,,,,,,,,,,,,13.398207
kuairand,high,100,run_blob_main_25k_nq,blob_nq_n25000,0.18898461,0.46519095,1,0.092779812,0.15053475,0.22242931,0.76383946,0.019370217,2.5042444,0.17961669,0.21928429,0.19095578,0.18894568,1898,0.30196127,-0.042544339,0.30900703,0.80354543,0.0090516605,0.010803622,-0.0019897493,0.13642577,0.04635502,0.016734901,-0.00084089141,0.049125292,0.14838324,0.022494362,0.00011755569,0.010903504,0.79621008,0.035075195,-0.001076628,0.1889846,6.5563662
kuairand,high,100,run_blob_main_25k_mnq,blob_mnq_n25000,0.16693096,0.1006929,64,0.44515178,0.33501298,0.14811129,0.30754628,0.25893248,1.0693469,0.30563468,0.10532712,0.05731657,0.20523075,138,0.33415318,0.073168302,0.31051535,0.80354543,0.0090516605,0.012965401,-0.010182109,0.13642577,0.04635502,0.018515443,-0.013109804,0.049125292,0.14838324,0.023351386,-0.014251561,0.010903504,0.79621008,0.034648371,-0.015651765,0.16693095,6.5563662
kuairand,high,100,run_blob_pnorm_main_25k,blob_l10_nq_n25000,0.22237694,0.17355772,10,0.20477452,0.24146762,0.21836779,0.48837888,0.073532744,1.829428,0.24553147,0.2002743,0.23691453,0.22122311,769,0.30055651,-0.035142833,0.30044429,0.80354543,0.0090516605,0.011295201,0.0039099587,0.13642577,0.04635502,0.016179921,0.0039914954,0.049125292,0.14838324,0.020317997,0.0034301415,0.010903504,0.79621008,0.029258083,0.001023169,0.22237692,6.5563662
kuairand,high,100,run_replay_opc_25k_mlkr,opc_n25000_r0,0.20465672,0.25312393,4,0.16305569,0.19304587,0.20859176,0.60898267,0.06133351,2.0709563,0.2070536,0.20092374,0.19861832,0.20505128,1435,0.26872011,,,,,,,,,,,,,,,,,,,0.2046567,6.5563662
kuairand,high,100,run_replay_cap_rho0_25k_mlkr,causecap_c_r000_n25000,0.2171646,0.21772708,6,0.15062831,0.21672711,0.21728636,0.57484578,0.055150698,2.0359898,0.2263062,0.20480435,0.24674829,0.2154378,1218,0.22007718,-0.016202884,0.29997478,0.80354543,0.0090516605,0.0100061,-0.0058896569,0.13642577,0.04635502,0.014181528,-0.0057938119,0.049125292,0.14838324,0.018075494,-0.0048208979,0.010903504,0.79621008,0.027328173,-0.0025802567,0.21716458,6.5563662
kuairand,high,100,run_replay_cap_rho0_25k_mlkr,causecap_t_r000_n25000,0.21030687,0.17570042,9,0.19868267,0.23741681,0.20452835,0.50606872,0.074337665,1.8501412,0.23785135,0.18208554,0.19566095,0.21148305,1123,0.18517002,0.0047429203,0.30129734,0.80354543,0.0090516605,0.011571887,-0.0093646311,0.13642577,0.04635502,0.015444113,-0.0099635403,0.049125292,0.14838324,0.018855296,-0.0088478844,0.010903504,0.79621008,0.027844023,-0.0054559745,0.21030685,6.5563662
kuairand,high,100,policies,oracle_affine_bilinear_likelihood_n0,0.23355792,0.089226418,51,0.41400517,0.34755923,0.22238947,0.30617308,0.21628542,1.1237628,0.32331669,0.19394902,0.15604889,0.25494845,747,0.22884404,0.0065450759,0.2952447,0.80354543,0.0090516605,0.0099509179,0.0020380767,0.13642577,0.04635502,0.013595546,0.001269393,0.049125292,0.14838324,0.016773934,0.00071354501,0.010903504,0.79621008,0.023859914,3.8081428e-05,0.2335579,6.5563662
kuairand,high,100,policies,oracle_affine_bilinear_value_n0,0.2559005,0.075448849,65,0.43997773,0.36345345,0.24712355,0.27791396,0.2337108,1.0282685,0.33721153,0.2246058,0.20858524,0.2703312,565,0.25335082,,,,,,,,,,,,,,,,,,,0.25590048,6.5563662
kuairand,high,100,policies,oracle_bilinear_likelihood_n0,0.22441892,0.12075568,20,0.28046607,0.30781156,0.21296575,0.4005211,0.10509538,1.5792748,0.28732745,0.18238877,0.15977227,0.23201086,1153,0.1774345,-0.0070966596,0.29632612,0.80354543,0.0090516605,0.0093171539,-0.0038307344,0.13642577,0.04635502,0.013308337,-0.0040310974,0.049125292,0.14838324,0.016778863,-0.0036916893,0.010903504,0.79621008,0.024536923,-0.0028143958,0.2244189,6.5563662
kuairand,high,100,policies,oracle_bilinear_value_n0,0.25409757,0.075582249,62,0.43509542,0.3632871,0.24517002,0.28041433,0.22850938,1.0478967,0.33504935,0.22255159,0.2070493,0.2680329,602,0.24980373,,,,,,,,,,,,,,,,,,,0.25409755,6.5563662
kuairand,high,100,policies,oracle_blob_likelihood_n0,0.24026609,0.069907876,88,0.48296167,0.39228,0.22884037,0.25073657,0.27497385,0.88098099,0.36011544,0.20015921,0.15537322,0.27246261,282,0.24854263,0.027613548,0.29383059,0.80354543,0.0090516605,0.0094897482,0.00065599972,0.13642577,0.04635502,0.012493235,0.00019147271,0.049125292,0.14838324,0.015116355,1.5435784e-07,0.010903504,0.79621008,0.021260787,-0.00014551684,0.24026607,6.5563662
kuairand,high,100,policies,oracle_blob_value_n0,0.25717622,0.07473612,64,0.43886373,0.36452134,0.24850566,0.27637208,0.23043721,1.0349127,0.33805913,0.22628496,0.2108339,0.27105292,508,0.24674447,,,,,,,,,,,,,,,,,,,0.2571762,6.5563662
kuairand,high,100,,logger,0.13544831,1,0,0,0.13544831,,1,0,3.09664,0.13544831,,,0.13544831,2442,0.056142887,,,,,,,,,,,,,,,,,,,,6.5563662
kuairand,high,100,,blob_prior_mean,0.13505799,0.85075464,0,0,0.13909602,0.1120397,0.99986524,0,3.0807381,0.13506105,0.11235032,,0.13505799,2467,0.049781658,,,,,,,,,,,,,,,,,,,,6.5563662
kuairand,high,101,run_blob_main_25k_nq,blob_nq_n25000,0.19932518,0.54891752,0,0.075626421,0.16537554,0.24063813,0.81406879,0.0062657924,2.5778057,0.19081751,0.23657455,0.22503934,0.19916304,2179,0.32283514,-0.027551997,0.31439808,0.75774536,0.010387441,0.01047621,-0.0029585014,0.1695499,0.058054764,0.015989909,-0.0014153743,0.060840347,0.18160897,0.022635289,0.00027081726,0.011864394,0.74994882,0.037617513,0.00085122564,0.19932519,6.9710193
kuairand,high,101,run_blob_main_25k_mnq,blob_mnq_n25000,0.19902214,0.088618535,45,0.40091934,0.37067197,0.1823317,0.31799735,0.16552065,1.2741836,0.33240821,0.13682823,0.066081141,0.22539126,83,0.51120206,0.08442551,0.31690714,0.75774536,0.010387441,0.011740643,-0.0072577877,0.1695499,0.058054764,0.017178384,-0.01020619,0.060840347,0.18160897,0.02299239,-0.012146641,0.011864394,0.74994882,0.036459504,-0.014999065,0.19902215,6.9710193
kuairand,high,101,run_blob_pnorm_main_25k,blob_l10_nq_n25000,0.2325067,0.19575478,7,0.15777922,0.28737828,0.21915085,0.55147136,0.04240779,1.9784372,0.26665479,0.1905212,0.20692309,0.23363969,880,0.32004228,-0.033245279,0.30509973,0.75774536,0.010387441,0.011013648,0.0035995049,0.1695499,0.058054764,0.015879071,0.0039840331,0.060840347,0.18160897,0.020767496,0.0032542525,0.011864394,0.74994882,0.031495037,-0.00016145506,0.23250671,6.9710193
kuairand,high,101,run_replay_opc_25k_mlkr,opc_n25000_r0,0.22400646,0.2258849,6,0.18146172,0.25678635,0.21444137,0.56919177,0.062924579,1.9717802,0.2521138,0.18687052,0.16217414,0.22815849,1219,0.33695066,,,,,,,,,,,,,,,,,,,0.22400647,6.9710193
kuairand,high,101,run_replay_cap_rho0_25k_mlkr,causecap_c_r000_n25000,0.23452646,0.2233764,6,0.17235218,0.28945553,0.21872749,0.56801813,0.052231109,2.0091284,0.27224582,0.18492883,0.16443731,0.23838904,1100,0.21862391,-0.0067393932,0.30379745,0.75774536,0.010387441,0.010131719,-0.006935835,0.1695499,0.058054764,0.013997832,-0.0072513456,0.060840347,0.18160897,0.018313591,-0.0067086103,0.011864394,0.74994882,0.028930081,-0.0048752577,0.23452648,6.9710193
kuairand,high,101,run_replay_cap_rho0_25k_mlkr,causecap_t_r000_n25000,0.23372996,0.23807508,5,0.15601746,0.28012615,0.21923277,0.59258626,0.047045852,2.0667983,0.26566084,0.18728626,0.1660999,0.23706875,1124,0.22423641,-0.011826796,0.30377853,0.75774536,0.010387441,0.010017734,-0.0067670525,0.1695499,0.058054764,0.013916894,-0.0070590898,0.060840347,0.18160897,0.018287538,-0.0065027555,0.011864394,0.74994882,0.028986906,-0.0047672838,0.23372998,6.9710193
kuairand,high,101,policies,oracle_affine_bilinear_likelihood_n0,0.24380615,0.12949931,36,0.3839722,0.38667278,0.22255272,0.35911326,0.17621276,1.3230448,0.35845338,0.17956494,0.1272695,0.268734,664,0.2130588,0.014661441,0.2988449,0.75774536,0.010387441,0.010117084,0.0028333682,0.1695499,0.058054764,0.013773593,0.0022298677,0.060840347,0.18160897,0.017560256,0.001239311,0.011864394,0.74994882,0.026181721,-0.00024794956,0.24380617,6.9710193
kuairand,high,101,policies,oracle_affine_bilinear_value_n0,0.26437714,0.11706953,43,0.40177335,0.38629835,0.24821136,0.34889873,0.19402971,1.244985,0.37295089,0.20619688,0.15968278,0.28958132,545,0.25926411,,,,,,,,,,,,,,,,,,,0.26437716,6.9710193
kuairand,high,101,policies,oracle_bilinear_likelihood_n0,0.23645596,0.14287698,23,0.31784201,0.37345636,0.21361886,0.39803237,0.11554771,1.5497732,0.34017492,0.16787502,0.1183095,0.25189099,1021,0.1881534,0.0016050048,0.29982724,0.75774536,0.010387441,0.0095569626,0.00081333028,0.1695499,0.058054764,0.013701544,0.00076716363,0.060840347,0.18160897,0.017888328,0.00023556242,0.011864394,0.74994882,0.027046327,-0.00088287555,0.23645597,6.9710193
kuairand,high,101,policies,oracle_bilinear_value_n0,0.26248305,0.1187915,41,0.39769436,0.3850163,0.24596493,0.35245367,0.1914263,1.2600895,0.37048365,0.20369929,0.15776152,0.28727542,607,0.25716567,,,,,,,,,,,,,,,,,,,0.26248307,6.9710193
kuairand,high,101,policies,oracle_blob_likelihood_n0,0.24857759,0.10888383,67,0.45434544,0.41355694,0.22841906,0.30488129,0.24037139,1.0802965,0.39353654,0.18499812,0.12462406,0.28780054,284,0.25887256,0.032281274,0.29721489,0.75774536,0.010387441,0.0097982278,0.0013912763,0.1695499,0.058054764,0.012915317,0.0010369694,0.060840347,0.18160897,0.016121113,0.00058388715,0.011864394,0.74994882,0.023607575,-0.00013043431,0.2485776,6.9710193
kuairand,high,101,policies,oracle_blob_value_n0,0.26565771,0.11787983,42,0.39553082,0.38616312,0.24955429,0.34802791,0.18107124,1.2842449,0.37395672,0.20784684,0.16473707,0.28797202,466,0.25638305,,,,,,,,,,,,,,,,,,,0.26565773,6.9710193
kuairand,high,101,,logger,0.15518623,1,0,0,0.15518623,,1,0,3.0123094,0.15518623,,,0.15518623,2578,0.13978381,,,,,,,,,,,,,,,,,,,,6.9710193
kuairand,high,101,,blob_prior_mean,0.15381295,0.84527575,0,0,0.16144678,0.1121085,0.99986184,0,2.9965417,0.15381525,0.13720306,,0.15381295,2641,0.15009835,,,,,,,,,,,,,,,,,,,,6.9710193
kuairand,none,100,run_blob_main_25k_nq,blob_nq_n25000,0.29121836,0.84706964,0,0,0.30561657,0.21146778,0.99986888,0,3.0368459,0.29124734,0.070269824,,0.29121836,1319,0.1550177,-0.0034879635,0.43977322,0.78112002,0.008377523,0.0031818321,0.0031487701,0.15127337,0.053103539,0.0041794204,0.0039873788,0.057079137,0.16838822,0.004745165,0.0039615356,0.010527472,0.77013072,0.0069758845,0.0016749158,0.29121834,6.6728244
kuairand,none,100,run_blob_main_25k_mnq,blob_mnq_n25000,0.29042869,0.81256061,0,0,0.30684658,0.21925622,0.99957581,0,3.0272525,0.29052091,0.073139791,,0.29042869,1293,0.14761466,0.0015702368,0.4403227,0.78112002,0.008377523,0.0035606909,0.0035152841,0.15127337,0.053103539,0.0048143966,0.0045861601,0.057079137,0.16838822,0.0056554037,0.0047711085,0.010527472,0.77013072,0.0088538669,0.0031213394,0.29042867,6.6728244
kuairand,none,100,run_blob_pnorm_main_25k,blob_l10_nq_n25000,0.29147179,0.86255374,0,0,0.30484716,0.2075337,0.9999339,0,3.0401214,0.29148681,0.064280065,,0.29147179,1333,0.16318703,-0.0034337725,0.43954505,0.78112002,0.008377523,0.0025319119,0.002496644,0.15127337,0.053103539,0.0033405735,0.0031605609,0.057079137,0.16838822,0.0038358107,0.0031380087,0.010527472,0.77013072,0.0057293447,0.0012426566,0.29147177,6.6728244
kuairand,none,100,run_replay_opc_25k_mlkr,opc_n25000_r0,0.28741439,0.72330683,0,1.6945189e-05,0.31311347,0.22023411,0.99104397,0,2.9907999,0.28897681,0.11452249,,0.28741439,1227,0.17382293,,,,,,,,,,,,,,,,,,,0.28741436,6.6728244
kuairand,none,100,run_replay_cap_rho0_25k_mlkr,causecap_c_r000_n25000,0.2896907,0.77128905,0,0,0.31892452,0.19110455,0.99694851,0,3.0127428,0.29031597,0.085409149,,0.2896907,1399,0.18083594,0.0040545945,0.44102016,0.78112002,0.008377523,0.0095943823,0.009591548,0.15127337,0.053103539,0.012992995,0.01295945,0.057079137,0.16838822,0.014558425,0.014333031,0.010527472,0.77013072,0.015715194,0.012668634,0.28969067,6.6728244
kuairand,none,100,run_replay_cap_rho0_25k_mlkr,causecap_t_r000_n25000,0.2896907,0.77128905,0,0,0.31892452,0.19110455,0.99694851,0,3.0127428,0.29031597,0.085409149,,0.2896907,1399,0.18083594,0.0040552682,0.44102019,0.78112002,0.008377523,0.0095943965,0.0095915622,0.15127337,0.053103539,0.012993016,0.012959472,0.057079137,0.16838822,0.01455848,0.014333088,0.010527472,0.77013072,0.015715326,0.012668816,0.28969067,6.6728244
kuairand,none,100,policies,oracle_affine_bilinear_likelihood_n0,0.29174909,0.88983876,0,0,0.30701775,0.16841488,0.99781134,0,3.0410066,0.29220866,0.082231649,,0.29174909,1501,0.18003291,0.0016529048,0.43917004,0.78112002,0.008377523,0.00083937733,-0.00029392168,0.15127337,0.053103539,0.00148595,-0.00032925357,0.057079137,0.16838822,0.0020881412,-0.0002691474,0.010527472,0.77013072,0.0032367925,-8.3166166e-05,0.29174907,6.6728244
kuairand,none,100,policies,oracle_affine_bilinear_value_n0,0.29220077,0.93647601,0,0,0.30001559,0.17699413,1,0,3.0492563,0.29220077,,,0.29220077,1192,0.1829126,,,,,,,,,,,,,,,,,,,0.29220075,6.6728244
kuairand,none,100,policies,oracle_bilinear_likelihood_n0,0.28826367,0.7452583,0,0.002647669,0.3286377,0.17014766,0.96277155,2.4795011e-05,2.9788064,0.296342,0.079348655,0.050755139,0.28826956,1987,0.17168152,0.010277841,0.43965941,0.78112002,0.008377523,0.0022976598,-0.0012462227,0.15127337,0.053103539,0.0039965942,-0.0014930783,0.057079137,0.16838822,0.0055896175,-0.0012286933,0.010527472,0.77013072,0.0087877673,-0.00049403382,0.28826365,6.6728244
kuairand,none,100,policies,oracle_bilinear_value_n0,0.29172663,0.8814492,0,0,0.30804383,0.17040496,0.99886234,0,3.0405411,0.29197862,0.070484066,,0.29172663,1006,0.18499868,,,,,,,,,,,,,,,,,,,0.29172661,6.6728244
kuairand,none,100,policies,oracle_blob_likelihood_n0,0.29210695,0.92359627,0,0,0.30245969,0.16695924,0.9998636,0,3.0473683,0.29213633,0.076742913,,0.29210695,1439,0.18082257,0.00082645247,0.43912952,0.78112002,0.008377523,0.00060293149,-0.00020401308,0.15127337,0.053103539,0.0010631561,-0.00025567219,0.057079137,0.16838822,0.0014727089,-0.00019581545,0.010527472,0.77013072,0.0022546056,-3.5407285e-05,0.29210692,6.6728244
kuairand,none,100,policies,oracle_blob_value_n0,0.2921576,0.93061395,0,0,0.30091794,0.1746628,0.99978459,0,3.048404,0.29220367,0.078307754,,0.2921576,1077,0.18310728,,,,,,,,,,,,,,,,,,,0.29215757,6.6728244
kuairand,none,100,,logger,0.29237685,1,0,0,0.29237685,,1,0,3.052174,0.29237685,,,0.29237685,1311,0.18220414,,,,,,,,,,,,,,,,,,,,6.6728244
kuairand,none,100,,blob_prior_mean,0.28980397,0.82504176,0,0,0.30106268,0.23671185,0.99726103,0,3.0237566,0.28998977,0.22215433,,0.28980397,1316,0.23516622,,,,,,,,,,,,,,,,,,,,6.6728244
kuairand,none,101,run_blob_main_25k_nq,blob_nq_n25000,0.30374303,0.84023426,0,0,0.3185323,0.22596381,0.99958844,0,3.0636488,0.30382827,0.096709781,,0.30374303,1287,0.17715558,-0.0065442944,0.44696147,0.79493402,0.0079371935,0.0025865153,0.002451998,0.14135576,0.049580453,0.003289296,0.0026159093,0.05352923,0.15848276,0.003998144,0.0017315089,0.010180984,0.7839996,0.008491546,-0.0029057201,0.30374305,7.3427651
kuairand,none,101,run_blob_main_25k_mnq,blob_mnq_n25000,0.30363629,0.83645828,0,0,0.31861908,0.2270046,0.99964708,0,3.0624577,0.30370609,0.10592344,,0.30363629,1292,0.16926082,-0.0060697137,0.4471828,0.79493402,0.0079371935,0.0036985362,0.0036270376,0.14135576,0.049580453,0.0047681396,0.0043336276,0.05352923,0.15848276,0.0054350641,0.0038124286,0.010180984,0.7839996,0.0092599871,-0.00046186158,0.30363631,7.3427651
kuairand,none,101,run_blob_pnorm_main_25k,blob_l10_nq_n25000,0.30417097,0.85676347,0,0,0.31865661,0.21752567,0.99984458,0,3.0683265,0.3042028,0.099392343,,0.30417097,1270,0.18146743,-0.0077071658,0.44668845,0.79493402,0.0079371935,0.0032739574,0.0032138017,0.14135576,0.049580453,0.0041495609,0.0037731443,0.05352923,0.15848276,0.0046460106,0.0032185244,0.010180984,0.7839996,0.0077040081,-0.0010231263,0.30417099,7.3427651
kuairand,none,101,run_replay_opc_25k_mlkr,opc_n25000_r0,0.2974524,0.67719639,0,0.00065881813,0.33625398,0.21605216,0.97652552,0,2.9837464,0.30173157,0.11944104,,0.2974524,1123,0.19639687,,,,,,,,,,,,,,,,,,,0.29745242,7.3427651
kuairand,none,101,run_replay_cap_rho0_25k_mlkr,causecap_c_r000_n25000,0.30183029,0.76579736,0,3.5403142e-05,0.32996522,0.20983452,0.9932506,0,3.036684,0.3031191,0.11216798,,0.30183029,1261,0.1943032,0.0029154879,0.44725659,0.79493402,0.0079371935,0.0048645851,0.0047532526,0.14135576,0.049580453,0.006399519,0.0058724454,0.05352923,0.15848276,0.0073860156,0.0056336771,0.010180984,0.7839996,0.011259652,0.0025581808,0.30183031,7.3427651
kuairand,none,101,run_replay_cap_rho0_25k_mlkr,causecap_t_r000_n25000,0.30182976,0.76579725,0,3.5403142e-05,0.329966,0.20982975,0.99322016,0,3.0366728,0.30312423,0.11219551,,0.30182976,1260,0.1943032,0.0029226419,0.44725649,0.79493402,0.0079371935,0.0048646631,0.0047533951,0.14135576,0.049580453,0.0063997465,0.0058728905,0.05352923,0.15848276,0.007386304,0.0056345474,0.010180984,0.7839996,0.011259706,0.0025605875,0.30182978,7.3427651
kuairand,none,101,policies,oracle_affine_bilinear_likelihood_n0,0.30479948,0.90598394,0,0,0.31833576,0.17435743,0.99866708,0,3.0742496,0.30509562,0.082925703,,0.30479948,1505,0.17852122,0.0012989158,0.44571333,0.79493402,0.0079371935,0.00074718759,-0.00024876216,0.14135576,0.049580453,0.001345015,-0.00028275689,0.05352923,0.15848276,0.0019062326,-0.00023916125,0.010180984,0.7839996,0.0030133234,-9.4568089e-05,0.3047995,7.3427651
kuairand,none,101,policies,oracle_affine_bilinear_value_n0,0.3051155,0.93654126,0,0,0.31376979,0.1773932,0.99993046,0,3.0797802,0.30513068,0.086895287,,0.3051155,1189,0.18157108,,,,,,,,,,,,,,,,,,,0.30511552,7.3427651
kuairand,none,101,policies,oracle_bilinear_likelihood_n0,0.3012085,0.75234682,0,0.0013052913,0.34214726,0.17684041,0.9653602,4.5902355e-05,3.0122748,0.30908165,0.081795265,0.033596348,0.30122078,1993,0.171839,0.010079241,0.44624335,0.79493402,0.0079371935,0.0022533216,-0.0012037559,0.14135576,0.049580453,0.0040001613,-0.0014983473,0.05352923,0.15848276,0.00563861,-0.0012949236,0.010180984,0.7839996,0.0090270855,-0.00065210921,0.30120852,7.3427651
kuairand,none,101,policies,oracle_bilinear_value_n0,0.30466089,0.88369528,0,0,0.32133017,0.17800601,0.99912883,0,3.0719182,0.30486186,0.074180117,,0.30466089,1027,0.18208139,,,,,,,,,,,,,,,,,,,0.30466091,7.3427651
kuairand,none,101,policies,oracle_blob_likelihood_n0,0.30476414,0.9018372,0,0,0.31870104,0.17672365,0.99891816,0,3.0738743,0.30499882,0.088072054,,0.30476414,1496,0.17868402,0.0014702526,0.44572439,0.79493402,0.0079371935,0.00084116595,-0.00031748109,0.14135576,0.049580453,0.0014989385,-0.000411529,0.05352923,0.15848276,0.0020813379,-0.00032870713,0.010180984,0.7839996,0.0032486904,-9.2213454e-05,0.30476416,7.3427651
kuairand,none,101,policies,oracle_blob_value_n0,0.30505835,0.93165562,0,0,0.31437367,0.17807385,0.99986622,0,3.0788183,0.30508768,0.085833407,,0.30505835,1073,0.18164655,,,,,,,,,,,,,,,,,,,0.30505837,7.3427651
kuairand,none,101,,logger,0.30529661,1,0,0,0.30529661,,1,0,3.0827796,0.30529661,,,0.30529661,1311,0.17983785,,,,,,,,,,,,,,,,,,,,7.3427651
kuairand,none,101,,blob_prior_mean,0.30266889,0.82853951,0,0,0.31427875,0.24656719,0.99782805,0,3.054186,0.30286325,0.21337918,,0.30266889,1316,0.2322075,,,,,,,,,,,,,,,,,,,,7.3427651
kuairand,w-high.g-none.v-none,100,run_blob_main_25k_nq,blob_nq_n25000,0.24927406,0.65843125,0,0.00017996181,0.26201496,0.22471383,0.98515184,0,2.9179327,0.2504319,0.17245316,,0.24927406,1223,0.25014384,-0.0091037711,0.4097555,0.7495857,0.0091497005,0.0092358729,0.0062478248,0.17520015,0.061936204,0.012635939,0.0072768795,0.065020275,0.18801568,0.017117714,0.0063311509,0.010193884,0.74089841,0.031524657,-0.00084955702,0.24927404,6.2670608
kuairand,w-high.g-none.v-none,100,run_blob_main_25k_mnq,blob_mnq_n25000,0.24474245,0.64832307,0,0.00046079988,0.26323577,0.21064965,0.97729121,0,2.9069836,0.2467511,0.15829831,,0.24474245,1190,0.25969787,0.0010977152,0.41187823,0.7495857,0.0091497005,0.010328553,0.0075690467,0.17520015,0.061936204,0.013912821,0.008824575,0.065020275,0.18801568,0.018476653,0.0079212992,0.010193884,0.74089841,0.033513616,0.0010264051,0.24474243,6.2670608
kuairand,w-high.g-none.v-none,100,run_blob_pnorm_main_25k,blob_l10_nq_n25000,0.26761514,0.55113498,0,0.0024884517,0.27868617,0.25402168,0.95470167,0,2.8234424,0.27008471,0.21556691,,0.26761514,1034,0.2470065,-0.021033449,0.404561,0.7495857,0.0091497005,0.0072725167,0.0047594937,0.17520015,0.061936204,0.010232269,0.0056185666,0.065020275,0.18801568,0.013958315,0.0048021934,0.010193884,0.74089841,0.025587448,-0.0011328784,0.26761512,6.2670608
kuairand,w-high.g-none.v-none,100,run_replay_opc_25k_mlkr,opc_n25000_r0,0.26572308,0.57897538,0,0.0012731725,0.26672841,0.26434059,0.96227902,8.0951498e-06,2.8424771,0.26693965,0.23468765,0.55245894,0.26572076,1006,0.26317199,,,,,,,,,,,,,,,,,,,0.26572305,6.2670608
kuairand,w-high.g-none.v-none,100,run_replay_cap_rho0_25k_mlkr,causecap_c_r000_n25000,0.27443177,0.38204335,1,0.018810307,0.32036844,0.24603204,0.83500079,0.0014778425,2.581177,0.29242684,0.18336526,0.20105084,0.27454037,1065,0.21055247,0.0010898561,0.40077033,0.7495857,0.0091497005,0.0046284588,0.00011672511,0.17520015,0.061936204,0.0071157891,0.00051658026,0.065020275,0.18801568,0.010671455,0.00089176707,0.010193884,0.74089841,0.020517164,0.0005131476,0.27443174,6.2670608
kuairand,w-high.g-none.v-none,100,run_replay_cap_rho0_25k_mlkr,causecap_t_r000_n25000,0.27443177,0.38204335,1,0.018810307,0.32036844,0.24603204,0.83500079,0.0014778425,2.581177,0.29242684,0.18336526,0.20105084,0.27454037,1065,0.21055247,0.0010903729,0.40077034,0.7495857,0.0091497005,0.0046284618,0.00011673527,0.17520015,0.061936204,0.0071157954,0.00051659422,0.065020275,0.18801568,0.010671464,0.0008917901,0.010193884,0.74089841,0.020517176,0.0005132418,0.27443174,6.2670608
kuairand,w-high.g-none.v-none,100,policies,oracle_affine_bilinear_likelihood_n0,0.29087474,0.30876659,2,0.063771465,0.35694112,0.26136358,0.71977567,0.0069816879,2.3914724,0.32561769,0.20163505,0.16261583,0.2917765,1568,0.17928022,0.0031342656,0.39580522,0.7495857,0.0091497005,0.001359339,-0.00042475843,0.17520015,0.061936204,0.0021201886,-0.00043271977,0.065020275,0.18801568,0.0029067185,-0.00033099723,0.010193884,0.74089841,0.0045186282,-6.7302489e-05,0.29087471,6.2670608
kuairand,w-high.g-none.v-none,100,policies,oracle_affine_bilinear_value_n0,0.2914281,0.3266672,2,0.05608449,0.34779949,0.26407955,0.74082214,0.0071619252,2.4328946,0.32056711,0.2081385,0.1475644,0.29246588,1039,0.18470126,,,,,,,,,,,,,,,,,,,0.29142808,6.2670608
kuairand,w-high.g-none.v-none,100,policies,oracle_bilinear_likelihood_n0,0.2860537,0.29534538,3,0.081417127,0.36375846,0.25348492,0.69178151,0.0095343538,2.3384136,0.32955032,0.18842764,0.13322497,0.28752485,1905,0.1698367,0.013687968,0.39639616,0.7495857,0.0091497005,0.0029120155,-0.0012834969,0.17520015,0.061936204,0.0045130361,-0.0014014869,0.065020275,0.18801568,0.0062009762,-0.0010420805,0.010193884,0.74089841,0.0098249005,-0.00026056607,0.28605367,6.2670608
kuairand,w-high.g-none.v-none,100,policies,oracle_bilinear_value_n0,0.29070343,0.3267736,2,0.055611298,0.34763441,0.26307002,0.73964982,0.0072581489,2.4347614,0.32047816,0.20611399,0.14278732,0.29178488,950,0.18763028,,,,,,,,,,,,,,,,,,,0.29070341,6.2670608
kuairand,w-high.g-none.v-none,100,policies,oracle_blob_likelihood_n0,0.29124805,0.31084881,2,0.060716416,0.35548712,0.26227235,0.72161989,0.0070190761,2.3978395,0.32492461,0.2039513,0.1609994,0.29216874,1536,0.1793054,0.0023783051,0.3957777,0.7495857,0.0091497005,0.0012921552,-0.00039696135,0.17520015,0.061936204,0.0019835611,-0.00044127263,0.065020275,0.18801568,0.0026725564,-0.00031198946,0.010193884,0.74089841,0.0041086403,-2.5374987e-05,0.29124802,6.2670608
kuairand,w-high.g-none.v-none,100,policies,oracle_blob_value_n0,0.29143765,0.32511393,2,0.056959453,0.34918227,0.26362024,0.73552315,0.0069680548,2.4284925,0.3220918,0.20618694,0.15027698,0.29242817,901,0.1849911,,,,,,,,,,,,,,,,,,,0.29143763,6.2670608
kuairand,w-high.g-none.v-none,100,,logger,0.24068189,1,0,0,0.24068189,,1,0,3.0206546,0.24068189,,,0.24068189,1256,0.14250697,,,,,,,,,,,,,,,,,,,,6.2670608
kuairand,w-high.g-none.v-none,100,,blob_prior_mean,0.23870676,0.75375439,0,0,0.25264964,0.19602779,0.99354932,0,2.9741458,0.23913929,0.17208776,,0.23870676,1273,0.18696714,,,,,,,,,,,,,,,,,,,,6.2670608
kuairand,w-high.g-none.v-none,101,run_blob_main_25k_nq,blob_nq_n25000,0.26561613,0.6396727,0,0.0047652606,0.27923058,0.24144702,0.95988395,0,2.9155458,0.27033677,0.15266224,,0.26561613,1190,0.30480196,0.00014267011,0.41671423,0.761717,0.0089065679,0.0084609334,0.0049875198,0.16648572,0.058703308,0.012235304,0.0060679924,0.061831139,0.17922882,0.017152963,0.0052584304,0.0099661406,0.75316131,0.032299061,-0.0010409328,0.26561615,6.3250546
kuairand,w-high.g-none.v-none,101,run_blob_main_25k_mnq,blob_mnq_n25000,0.25922628,0.63314777,0,0.004537079,0.27810097,0.22665057,0.95250927,0,2.8973349,0.26498669,0.14369123,,0.25922628,1210,0.3237436,0.0052447301,0.42135177,0.761717,0.0089065679,0.0097508376,0.0064379497,0.16648572,0.058703308,0.013734503,0.0076659422,0.061831139,0.17922882,0.018773521,0.0066766947,0.0099661406,0.75316131,0.034735729,-0.00080950911,0.25922629,6.3250546
kuairand,w-high.g-none.v-none,101,run_blob_pnorm_main_25k,blob_l10_nq_n25000,0.27617961,0.50332272,0,0.014678456,0.31699333,0.23481982,0.91541557,0.0024323176,2.7899712,0.28790551,0.14927596,0.11728787,0.27656703,762,0.28827261,-0.0077374637,0.41133482,0.761717,0.0089065679,0.0071379138,0.0042500414,0.16648572,0.058703308,0.0099833466,0.0044074216,0.061831139,0.17922882,0.013688671,0.0024338336,0.0099661406,0.75316131,0.026322134,-0.005309779,0.27617963,6.3250546
kuairand,w-high.g-none.v-none,101,run_replay_opc_25k_mlkr,opc_n25000_r0,0.27579555,0.59664506,0,0.0072765124,0.30313308,0.23535773,0.94631774,0.00063116395,2.8877716,0.28153218,0.17466955,0.1648497,0.27586562,1061,0.21422825,,,,,,,,,,,,,,,,,,,0.27579557,6.3250546
kuairand,w-high.g-none.v-none,101,run_replay_cap_rho0_25k_mlkr,causecap_c_r000_n25000,0.28721315,0.39503951,1,0.037006791,0.36169115,0.23857897,0.79696347,0.0077111836,2.5740377,0.31669833,0.17147726,0.16209961,0.28818542,1015,0.19611638,0.010426757,0.40628927,0.761717,0.0089065679,0.0044660107,-0.00020011129,0.16648572,0.058703308,0.0067342934,-0.00098003631,0.061831139,0.17922882,0.0099380319,-0.0014570952,0.0099661406,0.75316131,0.019305863,-0.0027370795,0.28721317,6.3250546
kuairand,w-high.g-none.v-none,101,run_replay_cap_rho0_25k_mlkr,causecap_t_r000_n25000,0.28722647,0.39490536,1,0.037006791,0.36175187,0.23858866,0.796669,0.0077111836,2.5737039,0.31677375,0.1714576,0.16209961,0.28819885,1015,0.19630312,0.010436619,0.40628879,0.761717,0.0089065679,0.0044660747,-0.00019982304,0.16648572,0.058703308,0.0067343367,-0.00097942483,0.061831139,0.17922882,0.0099379719,-0.0014558108,0.0099661406,0.75316131,0.019305286,-0.0027325684,0.28722649,6.3250546
kuairand,w-high.g-none.v-none,101,policies,oracle_affine_bilinear_likelihood_n0,0.30434791,0.34937828,2,0.060408224,0.38566748,0.26068,0.73646596,0.010407743,2.4604813,0.34226371,0.19838934,0.22402393,0.3051927,1500,0.17701181,0.0022954152,0.40164601,0.761717,0.0089065679,0.0010678618,-0.00027568378,0.16648572,0.058703308,0.0017022246,-0.00029491094,0.061831139,0.17922882,0.0023450008,-0.00023567116,0.0099661406,0.75316131,0.0036924468,-6.8576986e-05,0.30434793,6.3250546
kuairand,w-high.g-none.v-none,101,policies,oracle_affine_bilinear_value_n0,0.30426125,0.36375098,2,0.055968744,0.37978635,0.26108266,0.75362309,0.010063878,2.493015,0.33886739,0.19840723,0.20684372,0.30525161,1063,0.18377582,,,,,,,,,,,,,,,,,,,0.30426127,6.3250546
kuairand,w-high.g-none.v-none,101,policies,oracle_bilinear_likelihood_n0,0.3002442,0.33252591,2,0.072915857,0.39274901,0.25415965,0.7106183,0.012977163,2.4106668,0.3458206,0.18832482,0.1984144,0.30158304,1814,0.1696475,0.011379087,0.40220305,0.761717,0.0089065679,0.0025421119,-0.0010975888,0.16648572,0.058703308,0.0040308192,-0.0012392569,0.061831139,0.17922882,0.0055509702,-0.00099022623,0.0099661406,0.75316131,0.0089332228,-0.00035713642,0.30024422,6.3250546
kuairand,w-high.g-none.v-none,101,policies,oracle_bilinear_value_n0,0.30357092,0.36739441,1,0.056428716,0.37860791,0.25999214,0.75400825,0.01031365,2.496119,0.33860926,0.19617218,0.20657525,0.30458172,988,0.18523741,,,,,,,,,,,,,,,,,,,0.30357094,6.3250546
kuairand,w-high.g-none.v-none,101,policies,oracle_blob_likelihood_n0,0.30454069,0.3507361,2,0.059176027,0.3851914,0.26097271,0.73820581,0.010102974,2.4641789,0.34214673,0.19849938,0.22613775,0.30534087,1471,0.17765965,0.0019234791,0.40162665,0.761717,0.0089065679,0.001018849,-0.00027234927,0.16648572,0.058703308,0.0015937024,-0.00032014413,0.061831139,0.17922882,0.0021595012,-0.00024331743,0.0099661406,0.75316131,0.0033666412,-4.2920736e-05,0.30454071,6.3250546
kuairand,w-high.g-none.v-none,101,policies,oracle_blob_value_n0,0.30429509,0.36216186,2,0.056460943,0.38093038,0.26078188,0.74830671,0.010198606,2.4892778,0.34042105,0.19688935,0.20763765,0.30529101,927,0.18343978,,,,,,,,,,,,,,,,,,,0.30429511,6.3250546
kuairand,w-high.g-none.v-none,101,,logger,0.25904044,1,0,0,0.25904044,,1,0,3.0786685,0.25904044,,,0.25904044,1294,0.1848397,,,,,,,,,,,,,,,,,,,,6.3250546
kuairand,w-high.g-none.v-none,101,,blob_prior_mean,0.25211172,0.76742624,0,0,0.27270576,0.18415735,0.99690718,0,3.0324771,0.25251315,0.12271947,,0.25211172,1337,0.22294459,,,,,,,,,,,,,,,,,,,,6.3250546
kuairand,w-none.g-high.v-none,100,run_blob_main_25k_nq,blob_nq_n25000,0.26025898,0.7257508,0,0.00024170568,0.27638725,0.21757842,0.9851401,0,3.0080986,0.26139706,0.18480929,,0.26025898,1309,0.20412547,-0.0045401508,0.41881195,0.80825036,0.0081251455,0.006508286,0.0012309283,0.13074922,0.045162108,0.01206666,0.0026860331,0.050181903,0.15217508,0.0182127,0.0041377818,0.010818517,0.79453767,0.032120726,0.0025187583,0.26025896,6.6575749
kuairand,w-none.g-high.v-none,100,run_blob_main_25k_mnq,blob_mnq_n25000,0.25933106,0.77758776,0,0,0.27165624,0.21624035,0.99535584,0,3.0417097,0.25969041,0.18231514,,0.25933106,1377,0.18781465,-0.0030828327,0.41911711,0.80825036,0.0081251455,0.0064799648,-0.0035514683,0.13074922,0.045162108,0.011112076,-0.0036718472,0.050181903,0.15217508,0.016573946,-0.0024158064,0.010818517,0.79453767,0.030754025,-0.0020624455,0.25933104,6.6575749
kuairand,w-none.g-high.v-none,100,run_blob_pnorm_main_25k,blob_l10_nq_n25000,0.26348264,0.65233527,0,0,0.28770912,0.21802568,0.97381152,0,2.9694467,0.2659781,0.17068989,,0.26348264,1093,0.2118788,0.0031369986,0.4165657,0.80825036,0.0081251455,0.0066305255,0.0022649792,0.13074922,0.045162108,0.01200389,0.0040187204,0.050181903,0.15217508,0.017695097,0.005482479,0.010818517,0.79453767,0.030377234,0.0047037071,0.26348262,6.6575749
kuairand,w-none.g-high.v-none,100,run_replay_opc_25k_mlkr,opc_n25000_r0,0.26160467,0.58672244,0,0.0025355505,0.29848797,0.20924213,0.94158011,4.1525365e-06,2.9049988,0.2678604,0.16077828,0.044420812,0.26160557,1081,0.19320668,,,,,,,,,,,,,,,,,,,0.26160465,6.6575749
kuairand,w-none.g-high.v-none,100,run_replay_cap_rho0_25k_mlkr,causecap_c_r000_n25000,0.26241197,0.53708591,0,0.0032309258,0.30771029,0.2098556,0.9235761,0.00025422616,2.8574971,0.27178662,0.14912013,0.20713664,0.26242603,1207,0.1785733,0.011997103,0.41430977,0.80825036,0.0081251455,0.006252635,-0.0018927957,0.13074922,0.045162108,0.010643751,-0.0013890688,0.050181903,0.15217508,0.01527173,8.6248849e-05,0.010818517,0.79453767,0.026486228,0.0019358412,0.26241195,6.6575749
kuairand,w-none.g-high.v-none,100,run_replay_cap_rho0_25k_mlkr,causecap_t_r000_n25000,0.26241194,0.53708244,0,0.0032309258,0.30771171,0.20985461,0.9235761,0.00025422616,2.8574963,0.27178659,0.14912013,0.20713664,0.262426,1207,0.1785733,0.011997733,0.41430977,0.80825036,0.0081251455,0.0062526353,-0.0018927891,0.13074922,0.045162108,0.010643753,-0.0013890458,0.050181903,0.15217508,0.015271738,8.6292629e-05,0.010818517,0.79453767,0.02648625,0.0019359635,0.26241192,6.6575749
kuairand,w-none.g-high.v-none,100,policies,oracle_affine_bilinear_likelihood_n0,0.26924936,0.43971432,1,0.027968985,0.3441155,0.21049413,0.82084698,0.003273792,2.680736,0.29779172,0.13847337,0.10921407,0.269775,939,0.17651913,0.01359298,0.40956586,0.80825036,0.0081251455,0.0061413603,-0.0010648481,0.13074922,0.045162108,0.009609119,-0.0013184574,0.050181903,0.15217508,0.012661681,-0.00071190884,0.010818517,0.79453767,0.019796455,0.00035606783,0.26924934,6.6575749
kuairand,w-none.g-high.v-none,100,policies,oracle_affine_bilinear_value_n0,0.28088996,0.42986717,1,0.039570139,0.35241227,0.22696378,0.79878285,0.0043156102,2.6595554,0.3104017,0.16373558,0.1020245,0.28166522,671,0.19645589,,,,,,,,,,,,,,,,,,,0.28088994,6.6575749
kuairand,w-none.g-high.v-none,100,policies,oracle_bilinear_likelihood_n0,0.26483439,0.4372312,1,0.031172546,0.3474377,0.20065751,0.81394024,0.0033237381,2.6783276,0.29732453,0.12270245,0.087967066,0.26542421,1392,0.16791193,0.018384143,0.41037331,0.80825036,0.0081251455,0.006852364,-0.0029777542,0.13074922,0.045162108,0.010910997,-0.0031938609,0.050181903,0.15217508,0.014360211,-0.0021828398,0.010818517,0.79453767,0.022190329,-0.00037439462,0.26483437,6.6575749
kuairand,w-none.g-high.v-none,100,policies,oracle_bilinear_value_n0,0.27976155,0.4307853,1,0.036649968,0.35105106,0.2258092,0.80479572,0.0029939808,2.6641198,0.30774119,0.16440604,0.1093174,0.28027339,700,0.19761314,,,,,,,,,,,,,,,,,,,0.27976153,6.6575749
kuairand,w-none.g-high.v-none,100,policies,oracle_blob_likelihood_n0,0.27042943,0.41559213,1,0.047134501,0.35746366,0.20853646,0.78076241,0.0047931538,2.6202138,0.30875972,0.13392525,0.092266907,0.2712875,782,0.17781325,0.015928617,0.40910521,0.80825036,0.0081251455,0.0063358151,-0.0017269754,0.13074922,0.045162108,0.0095736262,-0.0016612681,0.050181903,0.15217508,0.012171718,-0.00082966443,0.010818517,0.79453767,0.018191173,0.00035443621,0.27042941,6.6575749
kuairand,w-none.g-high.v-none,100,policies,oracle_blob_value_n0,0.28158569,0.42705936,1,0.037975287,0.35298021,0.22836954,0.80028433,0.0025680897,2.6589084,0.30999534,0.16774486,0.11438305,0.28201619,654,0.19412652,,,,,,,,,,,,,,,,,,,0.28158567,6.6575749
kuairand,w-none.g-high.v-none,100,,logger,0.25534189,1,0,0,0.25534189,,1,0,3.0872067,0.25534189,,,0.25534189,1450,0.14841604,,,,,,,,,,,,,,,,,,,,6.6575749
kuairand,w-none.g-high.v-none,100,,blob_prior_mean,0.25659658,0.8613094,0,0,0.26421368,0.20929212,0.99999714,0,3.0723384,0.25659714,0.060486928,,0.25659658,1425,0.17509228,,,,,,,,,,,,,,,,,,,,6.6575749
kuairand,w-none.g-high.v-none,101,run_blob_main_25k_nq,blob_nq_n25000,0.26921738,0.73780079,0,0,0.28008674,0.23863216,0.98273616,0,2.9783456,0.26949614,0.25334885,,0.26921738,1427,0.23596857,-0.0038718673,0.41768299,0.79797777,0.0082628314,0.006209403,-0.00025747155,0.13820243,0.047923772,0.011119173,0.00080442378,0.052871752,0.15950876,0.016849486,0.0017727881,0.010948051,0.78430464,0.031648991,-0.00098712286,0.2692174,6.7561331
kuairand,w-none.g-high.v-none,101,run_blob_main_25k_mnq,blob_mnq_n25000,0.26799131,0.74667768,0,0,0.2775531,0.23980756,0.98433393,0,2.9824131,0.26811304,0.26034274,,0.26799131,1445,0.24205577,-0.0024264588,0.41810568,0.79797777,0.0082628314,0.0062073603,-0.00052508014,0.13820243,0.047923772,0.011104085,0.00058833927,0.052871752,0.15950876,0.016873106,0.0017775596,0.010948051,0.78430464,0.031867578,-0.00026510583,0.26799133,6.7561331
kuairand,w-none.g-high.v-none,101,run_blob_pnorm_main_25k,blob_l10_nq_n25000,0.27465826,0.5662707,0,0.0019959636,0.31986075,0.21564256,0.93487605,6.5516859e-05,2.8717075,0.28170437,0.17350906,0.043815192,0.27467339,929,0.22577079,-0.011434029,0.41501941,0.79797777,0.0082628314,0.0071596989,0.003589674,0.13820243,0.047923772,0.011801588,0.0046658002,0.052871752,0.15950876,0.016449979,0.0040763531,0.010948051,0.78430464,0.028678157,-0.002366867,0.27465828,6.7561331
kuairand,w-none.g-high.v-none,101,run_replay_opc_25k_mlkr,opc_n25000_r0,0.27258403,0.59768158,0,0.0019919694,0.31215695,0.21379476,0.95423821,9.2684027e-06,2.9067535,0.27858972,0.1473515,0.033130207,0.27258625,1047,0.18613985,,,,,,,,,,,,,,,,,,,0.27258405,6.7561331
kuairand,w-none.g-high.v-none,101,run_replay_cap_rho0_25k_mlkr,causecap_c_r000_n25000,0.27341463,0.58092858,0,0.0045861005,0.31732913,0.21253912,0.9365962,0.00040534584,2.8768446,0.280572,0.16768656,0.07889263,0.27349351,1204,0.20148167,0.0027404107,0.41378286,0.79797777,0.0082628314,0.0076957793,0.0044723628,0.13820243,0.047923772,0.01263664,0.0064108698,0.052871752,0.15950876,0.017389197,0.0069778158,0.010948051,0.78430464,0.028857143,0.0041527764,0.27341465,6.7561331
kuairand,w-none.g-high.v-none,101,run_replay_cap_rho0_25k_mlkr,causecap_t_r000_n25000,0.27341463,0.58092858,0,0.0045861005,0.31732913,0.21253912,0.9365962,0.00040534584,2.8768446,0.280572,0.16768656,0.07889263,0.27349351,1204,0.20148167,0.0027407553,0.41378287,0.79797777,0.0082628314,0.0076957759,0.0044723597,0.13820243,0.047923772,0.012636636,0.0064108702,0.052871752,0.15950876,0.017389191,0.0069778124,0.010948051,0.78430464,0.028857141,0.0041527621,0.27341465,6.7561331
kuairand,w-none.g-high.v-none,101,policies,oracle_affine_bilinear_likelihood_n0,0.28163629,0.43852889,1,0.025207512,0.3663425,0.21547773,0.83740906,0.0021341843,2.6933315,0.31052957,0.13282425,0.060979687,0.28210822,999,0.18354709,0.0076162502,0.40891845,0.79797777,0.0082628314,0.0060323892,-0.00070482977,0.13820243,0.047923772,0.0094342525,-0.00093239108,0.052871752,0.15950876,0.012620326,-0.00028864109,0.010948051,0.78430464,0.020552907,0.0003039533,0.28163631,6.7561331
kuairand,w-none.g-high.v-none,101,policies,oracle_affine_bilinear_value_n0,0.29276433,0.43456981,1,0.044210135,0.37056856,0.23296673,0.78535463,0.0047618733,2.6367032,0.32603512,0.1710316,0.17807956,0.29331306,709,0.20383903,,,,,,,,,,,,,,,,,,,0.29276435,6.7561331
kuairand,w-none.g-high.v-none,101,policies,oracle_bilinear_likelihood_n0,0.27689144,0.44170915,1,0.023035941,0.36378228,0.20814506,0.83749119,0.0011876093,2.69876,0.30726708,0.12035023,0.050553337,0.27716056,1455,0.18055862,0.013395706,0.4097886,0.79797777,0.0082628314,0.0066844802,-0.0031000068,0.13820243,0.047923772,0.010538785,-0.0029078412,0.052871752,0.15950876,0.014157435,-0.0018538216,0.010948051,0.78430464,0.022925263,-0.00059634859,0.27689146,6.7561331
kuairand,w-none.g-high.v-none,101,policies,oracle_bilinear_value_n0,0.29167642,0.43370043,1,0.038676829,0.3706089,0.231226,0.79006851,0.0035005875,2.6425388,0.32353926,0.17176195,0.21313762,0.29195232,716,0.20509983,,,,,,,,,,,,,,,,,,,0.29167644,6.7561331
kuairand,w-none.g-high.v-none,101,policies,oracle_blob_likelihood_n0,0.28270892,0.40511496,1,0.058485552,0.38686157,0.21178127,0.77791101,0.0061575954,2.6013491,0.32738926,0.12620711,0.04244951,0.28419751,784,0.17964777,0.011692598,0.40851971,0.79797777,0.0082628314,0.006234749,-0.0016505488,0.13820243,0.047923772,0.0093933438,-0.0012460056,0.052871752,0.15950876,0.01219881,-0.00051138295,0.010948051,0.78430464,0.019127703,6.2530414e-05,0.28270894,6.7561331
kuairand,w-none.g-high.v-none,101,policies,oracle_blob_value_n0,0.29361884,0.42931228,1,0.040921079,0.37403542,0.23312371,0.78479347,0.0038571363,2.634504,0.32668309,0.17304345,0.19986472,0.29398186,676,0.20083953,,,,,,,,,,,,,,,,,,,0.29361886,6.7561331
kuairand,w-none.g-high.v-none,101,,logger,0.26460696,1,0,0,0.26460696,,1,0,3.0565352,0.26460696,,,0.26460696,1495,0.15031042,,,,,,,,,,,,,,,,,,,,6.7561331
kuairand,w-none.g-high.v-none,101,,blob_prior_mean,0.26657232,0.86523226,0,0,0.27343288,0.22252633,0.99931432,0,3.0415111,0.26646851,0.41785505,,0.26657232,1483,0.1799424,,,,,,,,,,,,,,,,,,,,6.7561331
kuairand,w-none.g-none.v-high,100,run_blob_main_25k_nq,blob_nq_n25000,0.24651116,0.72112004,0,0.00016620573,0.24995519,0.23760569,0.98067593,0,2.9707914,0.24749576,0.1965439,,0.24651116,1780,0.22051339,0.0040570101,0.40569152,0.78673579,0.0088949091,0.0061355848,1.0009621e-05,0.14826646,0.051156762,0.010727428,0.00021292925,0.054144378,0.16127593,0.016421336,0.00058507443,0.010853369,0.7786724,0.030776996,-0.0007459665,0.24651114,7.2994041
kuairand,w-none.g-none.v-high,100,run_blob_main_25k_mnq,blob_mnq_n25000,0.2461315,0.73562269,0,0.00016620573,0.24861603,0.23921836,0.98371705,0,2.9794716,0.24688478,0.20062318,,0.2461315,1811,0.21539831,-0.00137743,0.40589994,0.78673579,0.0088949091,0.0062120745,-0.002992988,0.14826646,0.051156762,0.010569416,-0.0042906761,0.054144378,0.16127593,0.01584355,-0.004929102,0.010853369,0.7786724,0.030065414,-0.0074032892,0.24613148,7.2994041
kuairand,w-none.g-none.v-high,100,run_blob_pnorm_main_25k,blob_l10_nq_n25000,0.25092668,0.65517413,0,0.00057451848,0.25688028,0.23961474,0.96361371,0,2.9248834,0.2522339,0.21630775,,0.25092668,1595,0.24036554,-0.00055867698,0.40463945,0.78673579,0.0088949091,0.0071652047,0.0035320027,0.14826646,0.051156762,0.011872795,0.0044039865,0.054144378,0.16127593,0.017360111,0.0044342394,0.010853369,0.7786724,0.030769093,0.0012191671,0.25092666,7.2994041
kuairand,w-none.g-none.v-high,100,run_replay_opc_25k_mlkr,opc_n25000_r0,0.24947726,0.63039903,0,0.00021533497,0.25932845,0.23267487,0.96106277,0,2.9131726,0.25063902,0.22080228,,0.24947726,1488,0.22448772,,,,,,,,,,,,,,,,,,,0.24947724,7.2994041
kuairand,w-none.g-none.v-high,100,run_replay_cap_rho0_25k_mlkr,causecap_c_r000_n25000,0.25193398,0.55227153,0,0.0024843308,0.27869863,0.21891988,0.94640645,0,2.8681343,0.25595979,0.18084245,,0.25193398,1375,0.21852847,0.0061223976,0.40434339,0.78673579,0.0088949091,0.0062218711,0.00045134015,0.14826646,0.051156762,0.010628459,0.00039923108,0.054144378,0.16127593,0.015974204,0.00027841665,0.010853369,0.7786724,0.02969991,-0.00085835519,0.25193396,7.2994041
kuairand,w-none.g-none.v-high,100,run_replay_cap_rho0_25k_mlkr,causecap_t_r000_n25000,0.25193398,0.55227153,0,0.0024843308,0.27869863,0.21891988,0.94640645,0,2.8681343,0.25595979,0.18084245,,0.25193398,1375,0.21852847,0.006122668,0.4043434,0.78673579,0.0088949091,0.0062218719,0.00045134795,0.14826646,0.051156762,0.010628459,0.00039924938,0.054144378,0.16127593,0.015974205,0.0002784515,0.010853369,0.7786724,0.029699911,-0.00085826095,0.25193396,7.2994041
kuairand,w-none.g-none.v-high,100,policies,oracle_affine_bilinear_likelihood_n0,0.26246667,0.38621277,1,0.017285841,0.33307586,0.21803732,0.82943971,0.00068630063,2.66027,0.28587456,0.14863341,0.05154223,0.26261153,724,0.21152169,-0.00067288364,0.40190281,0.78673579,0.0088949091,0.0066996989,0.0026184407,0.14826646,0.051156762,0.010509094,0.0021168504,0.054144378,0.16127593,0.015098455,0.0011740172,0.010853369,0.7786724,0.027080888,-0.00048581367,0.26246665,7.2994041
kuairand,w-none.g-none.v-high,100,policies,oracle_affine_bilinear_value_n0,0.26925624,0.32244387,2,0.032708825,0.35724349,0.22738377,0.74385572,0.0013864351,2.5159559,0.30297617,0.17133189,0.13728903,0.26943946,660,0.21704379,,,,,,,,,,,,,,,,,,,0.26925622,7.2994041
kuairand,w-none.g-none.v-high,100,policies,oracle_bilinear_likelihood_n0,0.26003097,0.43580185,1,0.0047163867,0.31490884,0.21764182,0.8892389,7.3390272e-05,2.7513796,0.27331204,0.15340466,0.072294195,0.26004475,975,0.19552726,-0.002882724,0.40228185,0.78673579,0.0088949091,0.0064172593,0.0016338261,0.14826646,0.051156762,0.010485033,0.0014714418,0.054144378,0.16127593,0.0152762,0.00081884146,0.010853369,0.7786724,0.027567585,-0.00074876265,0.26003095,7.2994041
kuairand,w-none.g-none.v-high,100,policies,oracle_bilinear_value_n0,0.26850521,0.32415307,2,0.028744984,0.35502465,0.22700832,0.74966086,0.0011442983,2.5251409,0.30078368,0.17184472,0.16883189,0.2686194,664,0.21783755,,,,,,,,,,,,,,,,,,,0.26850519,7.2994041
kuairand,w-none.g-none.v-high,100,policies,oracle_blob_likelihood_n0,0.26685633,0.306952,2,0.065162153,0.37547162,0.21875046,0.70304487,0.005517337,2.454978,0.31597026,0.15057852,0.05061162,0.26805605,404,0.23009711,0.0095457468,0.40078165,0.78673579,0.0088949091,0.0061660113,0.0011738881,0.14826646,0.051156762,0.0095301409,0.00074929175,0.054144378,0.16127593,0.013570721,0.00029051982,0.010853369,0.7786724,0.024345305,-0.00046775471,0.26685631,7.2994041
kuairand,w-none.g-none.v-high,100,policies,oracle_blob_value_n0,0.27078605,0.31926056,2,0.031465824,0.36031655,0.22879707,0.7407813,0.00081610264,2.5158867,0.30517531,0.17251029,0.14868509,0.27088578,599,0.21987355,,,,,,,,,,,,,,,,,,,0.27078603,7.2994041
kuairand,w-none.g-none.v-high,100,,logger,0.2349707,1,0,0,0.2349707,,1,0,3.0596318,0.2349707,,,0.2349707,1829,0.12412476,,,,,,,,,,,,,,,,,,,,7.2994041
kuairand,w-none.g-none.v-high,100,,blob_prior_mean,0.23784943,0.85423451,0,0,0.24193778,0.21389039,0.99993841,0,3.0438729,0.23784322,0.33871028,,0.23784943,1879,0.15455045,,,,,,,,,,,,,,,,,,,,7.2994041
kuairand,w-none.g-none.v-high,101,run_blob_main_25k_nq,blob_nq_n25000,0.26200031,0.75061174,0,1.0667854e-05,0.26863882,0.24201965,0.98424577,0,2.9854251,0.26306849,0.19526588,,0.26200031,1837,0.22446808,-0.0035079202,0.41229354,0.77356943,0.0092349988,0.0062728501,0.00098344317,0.15802726,0.054665829,0.010938052,0.001040311,0.05756341,0.17048153,0.017026579,0.00087546376,0.010839898,0.76561764,0.032343373,-0.0025259225,0.26200033,6.3888032
kuairand,w-none.g-none.v-high,101,run_blob_main_25k_mnq,blob_mnq_n25000,0.26169145,0.75712495,0,0,0.26854096,0.24033919,0.98736461,0,2.9917896,0.26268045,0.18440831,,0.26169145,1851,0.21790842,-0.0033833464,0.41239555,0.77356943,0.0092349988,0.0063392712,0.0012177922,0.15802726,0.054665829,0.011056169,0.0015058802,0.05756341,0.17048153,0.017189757,0.0016083059,0.010839898,0.76561764,0.032509465,-0.0012462492,0.26169147,6.3888032
kuairand,w-none.g-none.v-high,101,run_blob_pnorm_main_25k,blob_l10_nq_n25000,0.26407169,0.72918931,0,0.00017077296,0.27139617,0.24434969,0.98032048,0,2.9731901,0.26526606,0.20457541,,0.26407169,1771,0.22675206,-0.0037257778,0.41182243,0.77356943,0.0092349988,0.0067600091,0.0025558332,0.15802726,0.054665829,0.01149515,0.003056103,0.05756341,0.17048153,0.017544041,0.0029386563,0.010839898,0.76561764,0.032527963,-0.00084302593,0.26407171,6.3888032
kuairand,w-none.g-none.v-high,101,run_replay_opc_25k_mlkr,opc_n25000_r0,0.26358112,0.58407742,0,0.0017830229,0.2874915,0.23000392,0.95196406,0,2.877994,0.26787804,0.17842585,,0.26358112,1476,0.24854067,,,,,,,,,,,,,,,,,,,0.26358113,6.3888032
kuairand,w-none.g-none.v-high,101,run_replay_cap_rho0_25k_mlkr,causecap_c_r000_n25000,0.26612939,0.61443346,0,0.0026516103,0.29473878,0.22053786,0.95765376,0,2.9084465,0.27029932,0.17182703,,0.26612939,1521,0.22807898,4.62741e-05,0.41164866,0.77356943,0.0092349988,0.0077765149,0.004542235,0.15802726,0.054665829,0.012496657,0.0053385735,0.05756341,0.17048153,0.018216434,0.0050700795,0.010839898,0.76561764,0.032653517,0.0015887441,0.2661294,6.3888032
kuairand,w-none.g-none.v-high,101,run_replay_cap_rho0_25k_mlkr,causecap_t_r000_n25000,0.26612372,0.61448588,0,0.0026516103,0.29474268,0.22050687,0.95765376,0,2.9084529,0.27029341,0.17182703,,0.26612372,1521,0.22807898,5.834409e-05,0.41164859,0.77356943,0.0092349988,0.0077765232,0.0045423354,0.15802726,0.054665829,0.012496718,0.0053388867,0.05756341,0.17048153,0.018216525,0.0050706887,0.010839898,0.76561764,0.032653594,0.0015904137,0.26612374,6.3888032
kuairand,w-none.g-none.v-high,101,policies,oracle_affine_bilinear_likelihood_n0,0.27595044,0.45456173,1,0.016633197,0.34271409,0.22031041,0.86294277,0.00022999112,2.7382675,0.29780824,0.13832889,0.14302047,0.27598102,800,0.21596228,0.0011295267,0.40849967,0.77356943,0.0092349988,0.0065036972,0.002421004,0.15802726,0.054665829,0.01046309,0.0022569252,0.05756341,0.17048153,0.015438903,0.0015097784,0.010839898,0.76561764,0.028523599,-0.00017390663,0.27595046,6.3888032
kuairand,w-none.g-none.v-high,101,policies,oracle_affine_bilinear_value_n0,0.28172961,0.40741668,1,0.028328997,0.35790964,0.22935383,0.80458407,0.00063877914,2.6506087,0.31201794,0.15702381,0.092849193,0.28185034,628,0.20614323,,,,,,,,,,,,,,,,,,,0.28172963,6.3888032
kuairand,w-none.g-none.v-high,101,policies,oracle_bilinear_likelihood_n0,0.27361249,0.49381858,1,0.0050659765,0.33000111,0.21860109,0.90649727,1.6949814e-05,2.8033401,0.28772722,0.13677194,0.08301124,0.27361572,1000,0.19814329,-0.0020893913,0.4088849,0.77356943,0.0092349988,0.0065544536,0.002441127,0.15802726,0.054665829,0.010720232,0.0026587288,0.05756341,0.17048153,0.015832463,0.0021210944,0.010839898,0.76561764,0.029110086,0.00032327959,0.27361251,6.3888032
kuairand,w-none.g-none.v-high,101,policies,oracle_bilinear_value_n0,0.28103499,0.40685125,1,0.026603785,0.35859795,0.22783317,0.80725199,0.00053338417,2.6538713,0.31081517,0.15631198,0.094755367,0.2811344,619,0.20591846,,,,,,,,,,,,,,,,,,,0.281035,6.3888032
kuairand,w-none.g-none.v-high,101,policies,oracle_blob_likelihood_n0,0.27916573,0.39867642,1,0.057167584,0.36686453,0.22102159,0.77754584,0.014472905,2.5901955,0.31969143,0.13751591,0.028398715,0.28284836,391,0.21373008,0.0074990617,0.40741568,0.77356943,0.0092349988,0.0061828425,0.0013235851,0.15802726,0.054665829,0.0095904085,0.00094685212,0.05756341,0.17048153,0.013942243,0.00060669662,0.010839898,0.76561764,0.025651581,-8.509223e-05,0.27916575,6.3888032
kuairand,w-none.g-none.v-high,101,policies,oracle_blob_value_n0,0.2828927,0.4057111,1,0.025955865,0.36033999,0.23002073,0.80694191,0.0005781133,2.6551309,0.31253767,0.15898302,0.08322953,0.28300819,563,0.20557214,,,,,,,,,,,,,,,,,,,0.28289272,6.3888032
kuairand,w-none.g-none.v-high,101,,logger,0.25524762,1,0,0,0.25524762,,1,0,3.0563405,0.25524762,,,0.25524762,1907,0.13425783,,,,,,,,,,,,,,,,,,,,6.3888032
kuairand,w-none.g-none.v-high,101,,blob_prior_mean,0.25594214,0.8671428,0,0,0.26370968,0.20524435,0.9998594,0,3.041908,0.25592843,0.35342016,,0.25594214,1924,0.14603769,,,,,,,,,,,,,,,,,,,,6.3888032
ml,high,100,run_blob_main_25k_nq,blob_nq_n25000,0.12736973,0.70286278,0,0,0.1186558,0.1479821,0.9868362,0,2.6387783,0.12627233,0.20963778,,0.12736973,861,0.041780729,-0.013474198,0.29484038,0.75634715,0.010749571,0.014410982,0.0040889606,0.16813894,0.057333402,0.023657875,0.0027863384,0.061759392,0.18725257,0.031280514,-0.00043194315,0.01375452,0.74466445,0.043158915,-0.0050091938,0.12736973,3.4992518
ml,high,100,run_blob_main_25k_mnq,blob_mnq_n25000,0.11914123,0.79598369,0,0,0.11642416,0.1297421,0.99762808,0,2.6815463,0.11891732,0.21331691,,0.11914123,882,0.03351266,-0.0051893603,0.29609545,0.75634715,0.010749571,0.013376765,0.00097532322,0.16813894,0.057333402,0.022908193,-0.00070357985,0.061759392,0.18725257,0.031062305,-0.0036670713,0.01375452,0.74466445,0.043763473,-0.0071802526,0.11914123,3.4992518
ml,high,100,run_blob_pnorm_main_25k,blob_l10_nq_n25000,0.15370859,0.3069391,2,0.017321119,0.13942445,0.16003467,0.74381549,0.0050459346,2.1494529,0.14809521,0.17000667,0.1902444,0.15352329,620,0.062845784,-0.028474313,0.29141255,0.75634715,0.010749571,0.014092653,0.0054757317,0.16813894,0.057333402,0.022421342,0.0036303912,0.061759392,0.18725257,0.029099156,-0.00039119098,0.01375452,0.74466445,0.039599678,-0.0061582068,0.15370859,3.4992518
ml,high,100,run_replay_opc_25k_mlkr,opc_n25000_r0,0.15263032,0.33392238,2,0.011101378,0.14285314,0.15753188,0.79269117,0.00016748173,2.2386981,0.14958938,0.16425802,0.28302036,0.15260848,604,0.050344484,,,,,,,,,,,,,,,,,,,0.15263032,3.4992518
ml,high,100,run_replay_cap_rho0_25k_mlkr,causecap_c_r000_n25000,0.15525679,0.28583332,3,0.029297187,0.14699366,0.15856397,0.70669401,0.0022343962,2.0980382,0.15376747,0.15884518,0.11488904,0.15534719,512,0.096081669,-0.012014038,0.29051032,0.75634715,0.010749571,0.011656159,0.0011918897,0.16813894,0.057333402,0.020203459,0.00015334136,0.061759392,0.18725257,0.027435972,-0.0019327681,0.01375452,0.74466445,0.038708265,-0.0032287265,0.15525679,3.4992518
ml,high,100,run_replay_cap_rho0_25k_mlkr,causecap_t_r000_n25000,0.1552972,0.28583332,3,0.029297187,0.14699366,0.15862055,0.7068518,0.0022343962,2.0981944,0.15380545,0.15889415,0.11488904,0.15538769,512,0.095923877,-0.012055916,0.29051039,0.75634715,0.010749571,0.011656344,0.0011923059,0.16813894,0.057333402,0.020203678,0.00015392671,0.061759392,0.18725257,0.027436199,-0.001932022,0.01375452,0.74466445,0.038708534,-0.0032276184,0.1552972,3.4992518
ml,high,100,policies,oracle_affine_bilinear_likelihood_n0,0.19772893,0.030526025,87,0.47644632,0.25358407,0.19597021,0.16561545,0.28878087,0.57287186,0.23616151,0.19010052,0.17449462,0.20716291,246,0.069389875,0.03026962,0.28413438,0.75634715,0.010749571,0.011696132,0.0043212617,0.16813894,0.057333402,0.018505282,0.0034273989,0.061759392,0.18725257,0.024277023,0.0015494863,0.01375452,0.74466445,0.032614839,-0.00058904957,0.19772893,3.4992518
ml,high,100,policies,oracle_affine_bilinear_value_n0,0.2494562,0.023638116,119,0.53075858,0.23065763,0.24991132,0.13104949,0.36999661,0.39093264,0.25459688,0.24868092,0.24225566,0.25368503,280,0.22683244,,,,,,,,,,,,,,,,,,,0.2494562,3.4992518
ml,high,100,policies,oracle_bilinear_likelihood_n0,0.18918154,0.044376042,63,0.41452966,0.23657689,0.18698066,0.20976516,0.2303547,0.79905905,0.2173784,0.18169678,0.16791608,0.19554629,494,0.059554727,0.017642438,0.28495868,0.75634715,0.010749571,0.013793175,0.007293548,0.16813894,0.057333402,0.020423202,0.0057718773,0.061759392,0.18725257,0.025743868,0.002690218,0.01375452,0.74466445,0.033725023,-0.0009332991,0.18918154,3.4992518
ml,high,100,policies,oracle_bilinear_value_n0,0.2483466,0.024805531,120,0.53285046,0.22628373,0.2489078,0.13296212,0.36847134,0.39352323,0.25205505,0.2477779,0.24186646,0.2521275,297,0.23073992,,,,,,,,,,,,,,,,,,,0.2483466,3.4992518
ml,high,100,policies,oracle_blob_likelihood_n0,0.21149247,0.015012693,133,0.55040537,0.32407563,0.20977653,0.11390148,0.37859764,0.31135116,0.27884894,0.20283429,0.17278063,0.23507817,177,0.11664147,0.042574355,0.28186596,0.75634715,0.010749571,0.010280337,0.0030503349,0.16813894,0.057333402,0.016153449,0.0026092593,0.061759392,0.18725257,0.021402476,0.0014985242,0.01375452,0.74466445,0.029029155,-7.2792552e-05,0.21149247,3.4992518
ml,high,100,policies,oracle_blob_value_n0,0.24960554,0.024610962,120,0.532148,0.22714146,0.25017235,0.13105795,0.36875955,0.39385797,0.25475483,0.2488289,0.24252267,0.25374323,285,0.2253288,,,,,,,,,,,,,,,,,,,0.24960554,3.4992518
ml,high,100,,logger,0.11265929,1,0,0,0.11265929,,1,0,2.7121687,0.11265929,,,0.11265929,919,0.022633062,,,,,,,,,,,,,,,,,,,,3.4992518
ml,high,100,,blob_prior_mean,0.11253269,0.86534933,0,0,0.11408476,0.1025581,1,0,2.7008058,0.11253269,,,0.11253269,917,0.023551733,,,,,,,,,,,,,,,,,,,,3.4992518
ml,high,101,run_blob_main_25k_nq,blob_nq_n25000,0.13383441,0.61700129,0,0.00011670895,0.11682866,0.16123023,0.96434897,0,2.5800748,0.13195099,0.18478017,,0.13383441,807,0.11464194,-0.020959677,0.28348084,0.75815412,0.01052095,0.013393639,0.00046470748,0.16605479,0.056805452,0.022640011,-0.0010834632,0.062008852,0.18844685,0.029590109,-0.0022050835,0.013782232,0.74422675,0.04085506,-0.0030867964,0.13383441,3.5247858
ml,high,101,run_blob_main_25k_mnq,blob_mnq_n25000,0.11933149,0.77163594,0,0,0.10990663,0.15117781,0.99396684,0,2.665917,0.119062,0.16372914,,0.11933149,874,0.075918651,-0.0061948532,0.28555766,0.75815412,0.01052095,0.013120723,-0.0020492704,0.16605479,0.056805452,0.022667606,-0.0036494313,0.062008852,0.18844685,0.030076208,-0.0041595417,0.013782232,0.74422675,0.042404483,-0.0036154353,0.11933149,3.5247858
ml,high,101,run_blob_pnorm_main_25k,blob_l10_nq_n25000,0.17221831,0.23128263,4,0.036073438,0.14915354,0.17915776,0.66966319,0.0041266819,2.0027377,0.16449941,0.18786615,0.20873745,0.17206698,541,0.13622334,-0.046764603,0.27918808,0.75815412,0.01052095,0.012934139,0.0023375006,0.16605479,0.056805452,0.020996156,-1.0022434e-05,0.062008852,0.18844685,0.026867516,-0.002260131,0.013782232,0.74422675,0.036200118,-0.0049387143,0.17221831,3.5247858
ml,high,101,run_replay_opc_25k_mlkr,opc_n25000_r0,0.16979535,0.16323276,10,0.15723055,0.16424131,0.1708788,0.49752405,0.057864237,1.6302036,0.16844618,0.17113121,0.16555523,0.17005577,403,0.13086554,,,,,,,,,,,,,,,,,,,0.16979535,3.5247858
ml,high,101,run_replay_cap_rho0_25k_mlkr,causecap_c_r000_n25000,0.17228711,0.2063061,5,0.071248469,0.1628813,0.17473198,0.6137172,0.017598718,1.9029689,0.16943078,0.17682517,0.17421719,0.17225253,436,0.073232758,-0.015530816,0.27808416,0.75815412,0.01052095,0.011045485,-0.0073286309,0.16605479,0.056805452,0.018672807,-0.0097513643,0.062008852,0.18844685,0.024405167,-0.0096760402,0.013782232,0.74422675,0.033991493,-0.0057781612,0.17228711,3.5247858
ml,high,101,run_replay_cap_rho0_25k_mlkr,causecap_t_r000_n25000,0.1722846,0.2063061,5,0.071248469,0.1628813,0.17472881,0.61355576,0.017598718,1.9028894,0.16943757,0.17680482,0.17421719,0.17224998,436,0.073232758,-0.015529983,0.27808415,0.75815412,0.01052095,0.011045504,-0.0073286743,0.16605479,0.056805452,0.018672841,-0.009751491,0.062008852,0.18844685,0.024405201,-0.0096762624,0.013782232,0.74422675,0.033991491,-0.0057786522,0.1722846,3.5247858
ml,high,101,policies,oracle_affine_bilinear_likelihood_n0,0.20171867,0.044909262,71,0.44300942,0.25310048,0.19930265,0.22375072,0.28061585,0.68651164,0.23380599,0.19246963,0.17087547,0.21374993,258,0.1096621,0.01764615,0.27264737,0.75815412,0.01052095,0.010914808,0.0014566398,0.16605479,0.056805452,0.017719128,0.00051848506,0.062008852,0.18844685,0.022640219,-0.00015546702,0.013782232,0.74422675,0.029991351,-0.00054675339,0.20171867,3.5247858
ml,high,101,policies,oracle_affine_bilinear_value_n0,0.24492501,0.030496092,108,0.51409046,0.26152803,0.24440276,0.1793599,0.34844812,0.45378332,0.26701167,0.24009773,0.23039871,0.25269364,233,0.28269548,,,,,,,,,,,,,,,,,,,0.24492501,3.5247858
ml,high,101,policies,oracle_bilinear_likelihood_n0,0.19008972,0.051564064,60,0.40912439,0.23426878,0.18768782,0.23979272,0.24736903,0.78925236,0.21879695,0.18103458,0.15953628,0.2001318,456,0.091701031,0.0132607,0.27345223,0.75815412,0.01052095,0.012837003,0.0048867786,0.16605479,0.056805452,0.019217544,0.0028264686,0.062008852,0.18844685,0.02389008,0.0010006022,0.013782232,0.74422675,0.031054993,-0.00081869403,0.19008972,3.5247858
ml,high,101,policies,oracle_bilinear_value_n0,0.24387163,0.030461908,109,0.51650466,0.26011278,0.24336135,0.18056047,0.34924332,0.44917802,0.26655015,0.2388745,0.22877296,0.25197467,247,0.28454486,,,,,,,,,,,,,,,,,,,0.24387163,3.5247858
ml,high,101,policies,oracle_blob_likelihood_n0,0.20643751,0.023055746,138,0.56475452,0.30712067,0.2040614,0.1486294,0.39220029,0.24736759,0.27938544,0.19370251,0.15499185,0.23963431,148,0.18542438,0.045922606,0.27069796,0.75815412,0.01052095,0.010333087,0.0013310679,0.16605479,0.056805452,0.016302131,0.00078611081,0.062008852,0.18844685,0.020564402,0.00021520838,0.013782232,0.74422675,0.026977578,-0.00038056979,0.20643751,3.5247858
ml,high,101,policies,oracle_blob_value_n0,0.2451849,0.029957012,109,0.51648495,0.26284842,0.24463941,0.18122841,0.34694055,0.45190795,0.26660401,0.24044395,0.23104272,0.25269799,231,0.28430137,,,,,,,,,,,,,,,,,,,0.2451849,3.5247858
ml,high,101,,logger,0.10767297,1,0,0,0.10767297,,1,0,2.7140067,0.10767297,,,0.10767297,932,0.0283631,,,,,,,,,,,,,,,,,,,,3.5247858
ml,high,101,,blob_prior_mean,0.10686518,0.85583327,0,0,0.10863693,0.096347342,0.99996039,0,2.7007578,0.106865,0.11138181,,0.10686518,910,0.030116409,,,,,,,,,,,,,,,,,,,,3.5247858
ml,none,100,run_blob_main_25k_nq,blob_nq_n25000,0.30194243,0.84729708,0,0,0.30973915,0.25868108,1,0,2.8361532,0.30194243,,,0.30194243,504,0.1073656,-0.002788664,0.51415245,0.88921226,0.0048584543,0.0033327763,0.0033235051,0.068646112,0.023757924,0.0059279006,0.0056256141,0.030913031,0.10040691,0.0066195734,0.0052390264,0.011228601,0.87097671,0.0088559758,0.0028149433,0.30194243,3.4647207
ml,none,100,run_blob_main_25k_mnq,blob_mnq_n25000,0.3022561,0.88495172,0,0,0.30751573,0.26179907,1,0,2.8398908,0.3022561,,,0.3022561,504,0.12584094,-0.0054928127,0.51420669,0.88921226,0.0048584543,0.0021377284,0.0020729138,0.068646112,0.023757924,0.0038347238,0.0027301992,0.030913031,0.10040691,0.0050125475,0.0016197201,0.011228601,0.87097671,0.008568999,-0.0012666011,0.3022561,3.4647207
ml,none,100,run_blob_pnorm_main_25k,blob_l10_nq_n25000,0.30199053,0.85101212,0,0,0.30938213,0.25977006,1,0,2.8367037,0.30199053,,,0.30199053,509,0.10800515,-0.0024865958,0.5140894,0.88921226,0.0048584543,0.0032012066,0.0031938805,0.068646112,0.023757924,0.0057066558,0.005458937,0.030913031,0.10040691,0.006326974,0.0051591977,0.011228601,0.87097671,0.0082993527,0.0028667821,0.30199053,3.4647207
ml,none,100,run_replay_opc_25k_mlkr,opc_n25000_r0,0.29757369,0.70852292,0,0,0.31546507,0.2540833,0.99512691,0,2.7875021,0.2982558,0.15828135,,0.29757369,442,0.12105767,,,,,,,,,,,,,,,,,,,0.29757369,3.4647207
ml,none,100,run_replay_cap_rho0_25k_mlkr,causecap_c_r000_n25000,0.29630148,0.66849588,0,0,0.31575473,0.25707296,0.99541205,0,2.7728128,0.2969339,0.15909066,,0.29630148,619,0.088057453,0.0067377339,0.51538768,0.88921226,0.0048584543,0.0078350525,0.0077663208,0.068646112,0.023757924,0.012393888,0.01139669,0.030913031,0.10040691,0.013228842,0.01018546,0.011228601,0.87097671,0.015865946,0.0048703538,0.29630148,3.4647207
ml,none,100,run_replay_cap_rho0_25k_mlkr,causecap_t_r000_n25000,0.29630148,0.66849588,0,0,0.31575473,0.25707296,0.99541205,0,2.7728128,0.2969339,0.15909066,,0.29630148,619,0.088057453,0.0067377713,0.51538767,0.88921226,0.0048584543,0.0078350497,0.0077663191,0.068646112,0.023757924,0.012393879,0.011396692,0.030913031,0.10040691,0.013228824,0.01018547,0.011228601,0.87097671,0.015865912,0.0048704002,0.29630148,3.4647207
ml,none,100,policies,oracle_affine_bilinear_likelihood_n0,0.30296658,0.98081112,0,0,0.30398295,0.25101606,1,0,2.8477409,0.30296658,,,0.30296658,536,0.11570218,5.7733232e-05,0.51359074,0.88921226,0.0048584543,0.00010762008,-4.6709299e-05,0.068646112,0.023757924,0.00030653491,-7.9808363e-05,0.030913031,0.10040691,0.00041209643,-7.467048e-05,0.011228601,0.87097671,0.00054569271,-3.276916e-05,0.30296658,3.4647207
ml,none,100,policies,oracle_affine_bilinear_value_n0,0.30284859,0.95226849,0,0,0.30548835,0.25018407,1,0,2.8463963,0.30284859,,,0.30284859,509,0.11701495,,,,,,,,,,,,,,,,,,,0.30284859,3.4647207
ml,none,100,policies,oracle_bilinear_likelihood_n0,0.30233867,0.89942028,0,0,0.3073605,0.25743171,1,0,2.8406699,0.30233867,,,0.30233867,553,0.11485022,0.0014560473,0.51370167,0.88921226,0.0048584543,0.000705861,-0.00030337947,0.068646112,0.023757924,0.0021033033,-0.00055561419,0.030913031,0.10040691,0.0028789947,-0.00054514463,0.011228601,0.87097671,0.0039205209,-0.00025587958,0.30233867,3.4647207
ml,none,100,policies,oracle_bilinear_value_n0,0.30250556,0.91159199,0,0,0.30706509,0.25549143,1,0,2.8425542,0.30250556,,,0.30250556,489,0.11903083,,,,,,,,,,,,,,,,,,,0.30250556,3.4647207
ml,none,100,policies,oracle_blob_likelihood_n0,0.3029491,0.97315714,0,0,0.30429382,0.25419794,1,0,2.8475468,0.3029491,,,0.3029491,533,0.11501809,0.00010706294,0.51359381,0.88921226,0.0048584543,0.00017448132,-5.5893156e-05,0.068646112,0.023757924,0.00050081716,-0.00010400884,0.030913031,0.10040691,0.00066211152,-9.4277884e-05,0.011228601,0.87097671,0.00084513751,-2.6030731e-05,0.3029491,3.4647207
ml,none,100,policies,oracle_blob_value_n0,0.30280755,0.95172108,0,0,0.3054832,0.25006258,1,0,2.8459156,0.30280755,,,0.30280755,494,0.11825734,,,,,,,,,,,,,,,,,,,0.30280755,3.4647207
ml,none,100,,logger,0.30298334,1,0,0,0.30298334,,1,0,2.8479341,0.30298334,,,0.30298334,530,0.11613278,,,,,,,,,,,,,,,,,,,,3.4647207
ml,none,100,,blob_prior_mean,0.30225941,0.88411527,0,0,0.30741154,0.26295247,1,0,2.8399442,0.30225941,,,0.30225941,498,0.12720465,,,,,,,,,,,,,,,,,,,,3.4647207
ml,none,101,run_blob_main_25k_nq,blob_nq_n25000,0.29990064,0.85918466,0,0,0.30720238,0.25534909,1,0,2.835266,0.29990064,,,0.29990064,516,0.11326675,-0.0068731086,0.51417035,0.88812956,0.0048983237,0.0008096864,4.0309431e-05,0.069329108,0.024027531,0.0028062003,-0.0012334968,0.031254097,0.10144548,0.0047832546,-0.002713554,0.011287238,0.86962867,0.0086122326,-0.0052957978,0.29990064,3.1973329
ml,none,101,run_blob_main_25k_mnq,blob_mnq_n25000,0.29986494,0.85410169,0,0,0.30758278,0.254684,1,0,2.834917,0.29986494,,,0.29986494,504,0.11077018,-0.0040860579,0.51419211,0.88812956,0.0048983237,0.00095154135,0.00027717902,0.069329108,0.024027531,0.0030145563,-0.00047959007,0.031254097,0.10144548,0.0049956528,-0.0016304589,0.011287238,0.86962867,0.0088455215,-0.0034630177,0.29986494,3.1973329
ml,none,101,run_blob_pnorm_main_25k,blob_l10_nq_n25000,0.29992729,0.85794781,0,0,0.30714014,0.25636409,1,0,2.835434,0.29992729,,,0.29992729,532,0.1092904,-0.0084204188,0.51414531,0.88812956,0.0048983237,0.00079612812,-0.00041522749,0.069329108,0.024027531,0.0029546116,-0.0021169695,0.031254097,0.10144548,0.0048595144,-0.0036348735,0.011287238,0.86962867,0.0084469393,-0.0063496196,0.29992729,3.1973329
ml,none,101,run_replay_opc_25k_mlkr,opc_n25000_r0,0.29494386,0.68538421,0,0,0.3126232,0.25642978,0.9953417,0,2.7800164,0.29545855,0.18496954,,0.29494386,487,0.12353468,,,,,,,,,,,,,,,,,,,0.29494386,3.1973329
ml,none,101,run_replay_cap_rho0_25k_mlkr,causecap_c_r000_n25000,0.29580551,0.7028879,0,0,0.31463347,0.25126359,0.99573466,0,2.7873158,0.29646,0.14301573,,0.29580551,639,0.11736354,0.0032317889,0.51531085,0.88812956,0.0048983237,0.011326729,0.011316849,0.069329108,0.024027531,0.016830454,0.016545936,0.031254097,0.10144548,0.01626857,0.014940244,0.011287238,0.86962867,0.015790763,0.0079689956,0.29580551,3.1973329
ml,none,101,run_replay_cap_rho0_25k_mlkr,causecap_t_r000_n25000,0.29580542,0.7028879,0,0,0.31463347,0.25126328,0.99573466,0,2.7873149,0.29645991,0.14301573,,0.29580542,639,0.11736354,0.0032258935,0.51531075,0.88812956,0.0048983237,0.011327229,0.011317354,0.069329108,0.024027531,0.016830511,0.016546059,0.031254097,0.10144548,0.016268068,0.014939832,0.011287238,0.86962867,0.015789463,0.007966831,0.29580542,3.1973329
ml,none,101,policies,oracle_affine_bilinear_likelihood_n0,0.30086159,0.97729687,0,0,0.30199328,0.2521457,1,0,2.8462965,0.30086159,,,0.30086159,532,0.11193022,0.00012713714,0.5136288,0.88812956,0.0048983237,0.00016842601,-7.2611489e-05,0.069329108,0.024027531,0.00046548913,-0.00012384446,0.031254097,0.10144548,0.00061773047,-0.00011211771,0.011287238,0.86962867,0.00081005275,-4.5569074e-05,0.30086159,3.1973329
ml,none,101,policies,oracle_affine_bilinear_value_n0,0.30072602,0.95187997,0,0,0.30349612,0.24592974,1,0,2.8447136,0.30072602,,,0.30072602,506,0.11383361,,,,,,,,,,,,,,,,,,,0.30072602,3.1973329
ml,none,101,policies,oracle_bilinear_likelihood_n0,0.30022356,0.8978394,0,0,0.3056777,0.25228975,1,0,2.8388299,0.30022356,,,0.30022356,557,0.11094613,0.0015676211,0.51374139,0.88812956,0.0048983237,0.00074888181,-0.00031433744,0.069329108,0.024027531,0.002181674,-0.00056783942,0.031254097,0.10144548,0.0029534142,-0.00054174515,0.011287238,0.86962867,0.0039899411,-0.00027825804,0.30022356,3.1973329
ml,none,101,policies,oracle_bilinear_value_n0,0.30043166,0.91593883,0,0,0.30483225,0.25248237,1,0,2.8413802,0.30043166,,,0.30043166,498,0.11694589,,,,,,,,,,,,,,,,,,,0.30043165,3.1973329
ml,none,101,policies,oracle_blob_likelihood_n0,0.30088597,0.98960863,0,0,0.30138042,0.25379734,1,0,2.8465685,0.30088597,,,0.30088597,536,0.11284493,3.2341236e-05,0.5136251,0.88812956,0.0048983237,9.2151943e-05,-3.076351e-05,0.069329108,0.024027531,0.0002520179,-4.8699976e-05,0.031254097,0.10144548,0.0003294601,-4.0489461e-05,0.011287238,0.86962867,0.00041663617,-1.0472557e-05,0.30088597,3.1973329
ml,none,101,policies,oracle_blob_value_n0,0.30073727,0.95984341,0,0,0.3029376,0.24814385,1,0,2.8448619,0.30073727,,,0.30073727,500,0.11424595,,,,,,,,,,,,,,,,,,,0.30073727,3.1973329
ml,none,101,,logger,0.30089191,1,0,0,0.30089191,,1,0,2.8466354,0.30089191,,,0.30089191,530,0.11335664,,,,,,,,,,,,,,,,,,,,3.1973329
ml,none,101,,blob_prior_mean,0.30019646,0.88464363,0,0,0.30624638,0.25380094,1,0,2.8387466,0.30019646,,,0.30019646,498,0.12166694,,,,,,,,,,,,,,,,,,,,3.1973329
ml,w-high.g-none.v-none,100,run_blob_main_25k_nq,blob_nq_n25000,0.25811931,0.42005524,1,0.00085067466,0.26222649,0.25514447,0.88445679,0,2.470606,0.26155349,0.23183146,,0.25811931,446,0.14844254,-0.027787352,0.43580953,0.8525143,0.0063625443,0.013456306,0.012003495,0.094164798,0.032665919,0.020801692,0.012970762,0.040878364,0.13069546,0.025389011,0.0081196219,0.012442536,0.83027608,0.036244015,-0.0012125032,0.25811931,3.3141134
ml,w-high.g-none.v-none,100,run_blob_main_25k_mnq,blob_mnq_n25000,0.23948087,0.61149126,0,0,0.24386975,0.23257302,0.98214427,0,2.675518,0.2400934,0.20578923,,0.23948087,488,0.18699833,-0.025087798,0.4412851,0.8525143,0.0063625443,0.016596308,0.014699024,0.094164798,0.032665919,0.024816906,0.015030652,0.040878364,0.13069546,0.03044074,0.0089539067,0.012442536,0.83027608,0.044383083,-0.0025310263,0.23948087,3.3141134
ml,w-high.g-none.v-none,100,run_blob_pnorm_main_25k,blob_l10_nq_n25000,0.26541853,0.34242318,1,0.0022720254,0.27743583,0.25916069,0.81753848,0.00094118726,2.3429459,0.27194669,0.23616839,0.26195421,0.26542179,434,0.13167674,-0.023818589,0.43377781,0.8525143,0.0063625443,0.010828454,0.0093911465,0.094164798,0.032665919,0.017811335,0.010390131,0.040878364,0.13069546,0.022350592,0.0063858397,0.012442536,0.83027608,0.03235228,-0.0013686252,0.26541853,3.3141134
ml,w-high.g-none.v-none,100,run_replay_opc_25k_mlkr,opc_n25000_r0,0.26344198,0.28437604,2,0.016513442,0.28893341,0.25331214,0.75927084,0.002905749,2.2345841,0.27489782,0.22730972,0.19157596,0.26365141,367,0.1627989,,,,,,,,,,,,,,,,,,,0.26344198,3.3141134
ml,w-high.g-none.v-none,100,run_replay_cap_rho0_25k_mlkr,causecap_c_r000_n25000,0.27435368,0.24712341,3,0.027028014,0.31064424,0.26244171,0.71373795,0.0068179732,2.1400633,0.28847909,0.23913476,0.25529619,0.27448451,476,0.10675733,-0.0053257404,0.43089755,0.8525143,0.0063625443,0.0062139967,0.0041055706,0.094164798,0.032665919,0.012697128,0.0048293863,0.040878364,0.13069546,0.017405183,0.0028679968,0.012442536,0.83027608,0.026124634,-0.00035380124,0.27435368,3.3141134
ml,w-high.g-none.v-none,100,run_replay_cap_rho0_25k_mlkr,causecap_t_r000_n25000,0.27435368,0.24712341,3,0.027028014,0.31064424,0.26244171,0.71373795,0.0068179732,2.1400633,0.28847909,0.23913476,0.25529619,0.27448451,476,0.10675733,-0.0053256037,0.43089755,0.8525143,0.0063625443,0.0062139991,0.004105572,0.094164798,0.032665919,0.012697128,0.0048293804,0.040878364,0.13069546,0.017405186,0.0028679969,0.012442536,0.83027608,0.02612464,-0.0003537787,0.27435368,3.3141134
ml,w-high.g-none.v-none,100,policies,oracle_affine_bilinear_likelihood_n0,0.30265816,0.17164557,6,0.063735453,0.33856125,0.29521859,0.58112185,0.030388984,1.8773652,0.31885958,0.28018147,0.29209663,0.30298918,527,0.11718024,0.00062903548,0.42514437,0.8525143,0.0063625443,0.00043267798,-0.00010330841,0.094164798,0.032665919,0.0010024978,-0.00012972993,0.040878364,0.13069546,0.00141335,-0.00010765908,0.012442536,0.83027608,0.0020283575,-3.7977723e-05,0.30265816,3.3141134
ml,w-high.g-none.v-none,100,policies,oracle_affine_bilinear_value_n0,0.30217531,0.1716056,6,0.064230214,0.33955524,0.29443189,0.58699943,0.026305432,1.8922064,0.31834909,0.27918746,0.29864151,0.30227078,492,0.11944136,,,,,,,,,,,,,,,,,,,0.30217531,3.3141134
ml,w-high.g-none.v-none,100,policies,oracle_bilinear_likelihood_n0,0.29978998,0.16501774,7,0.070391183,0.34063491,0.29171779,0.56657413,0.032354383,1.8490525,0.31833862,0.27554322,0.28280168,0.30035801,585,0.1114672,0.0068763569,0.42545497,0.8525143,0.0063625443,0.0013881284,-0.00060218637,0.094164798,0.032665919,0.003217945,-0.00093603652,0.040878364,0.13069546,0.0045302948,-0.00092207682,0.012442536,0.83027608,0.0064695808,-0.00052828683,0.29978998,3.3141134
ml,w-high.g-none.v-none,100,policies,oracle_bilinear_value_n0,0.30159801,0.1699659,6,0.06194766,0.33680912,0.29438784,0.5904565,0.025965224,1.8935471,0.3162215,0.28051469,0.29719301,0.30171544,487,0.12339212,,,,,,,,,,,,,,,,,,,0.30159801,3.3141134
ml,w-high.g-none.v-none,100,policies,oracle_blob_likelihood_n0,0.30270619,0.17161123,6,0.063823114,0.33846952,0.29529736,0.58045077,0.030599213,1.8760114,0.3189711,0.28020352,0.29196544,0.30304522,529,0.11657412,0.00044520151,0.42513631,0.8525143,0.0063625443,0.00039646652,-5.3215546e-05,0.094164798,0.032665919,0.0009268573,-8.6584757e-05,0.040878364,0.13069546,0.0012911098,-7.6488022e-05,0.012442536,0.83027608,0.0018014736,-3.2086354e-05,0.30270619,3.3141134
ml,w-high.g-none.v-none,100,policies,oracle_blob_value_n0,0.30235486,0.17353295,6,0.0639117,0.33757068,0.29496061,0.58528844,0.027972522,1.8902416,0.31817316,0.28003026,0.29468177,0.30257567,468,0.12088646,,,,,,,,,,,,,,,,,,,0.30235486,3.3141134
ml,w-high.g-none.v-none,100,,logger,0.22031196,1,0,0,0.22031196,,1,0,2.7934988,0.22031196,,,0.22031196,530,0.094140248,,,,,,,,,,,,,,,,,,,,3.3141134
ml,w-high.g-none.v-none,100,,blob_prior_mean,0.22401427,0.78780536,0,0,0.22936927,0.20413299,1,0,2.7649878,0.22401427,,,0.22401427,523,0.12801869,,,,,,,,,,,,,,,,,,,,3.3141134
ml,w-high.g-none.v-none,101,run_blob_main_25k_nq,blob_nq_n25000,0.24550413,0.49181599,1,0.00058450594,0.25497369,0.23633957,0.95439101,0,2.5790843,0.24660872,0.22238996,,0.24550413,432,0.1446979,-0.02411743,0.43993984,0.83285876,0.0071848968,0.011068772,0.0083780626,0.10900222,0.037732416,0.019550796,0.0089476514,0.045678198,0.14349865,0.025738251,0.0046242422,0.012460825,0.81158404,0.038570263,-0.0051407945,0.24550413,3.8159134
ml,w-high.g-none.v-none,101,run_blob_main_25k_mnq,blob_mnq_n25000,0.23098098,0.65828579,0,0,0.23915934,0.21522599,0.99159413,0,2.6956932,0.23152308,0.16703228,,0.23098098,463,0.15644573,-0.016783625,0.44370059,0.83285876,0.0071848968,0.014949023,0.012670254,0.10900222,0.037732416,0.023972723,0.014115183,0.045678198,0.14349865,0.02973373,0.00897996,0.012460825,0.81158404,0.042985354,-0.0029947051,0.23098098,3.8159134
ml,w-high.g-none.v-none,101,run_blob_pnorm_main_25k,blob_l10_nq_n25000,0.25446631,0.37510636,1,0.0055177374,0.26634646,0.24733499,0.89771503,0.00013950559,2.4410944,0.25740893,0.22864007,0.25174087,0.25446669,407,0.14110928,-0.025279193,0.43781574,0.83285876,0.0071848968,0.0098150135,0.0073892605,0.10900222,0.037732416,0.017569106,0.0076968082,0.045678198,0.14349865,0.023452674,0.0036725223,0.012460825,0.81158404,0.035439559,-0.0056995847,0.25446631,3.8159134
ml,w-high.g-none.v-none,101,run_replay_opc_25k_mlkr,opc_n25000_r0,0.25843583,0.31614802,2,0.015089161,0.27209182,0.2521226,0.84888893,0.0020329393,2.342652,0.26217912,0.23740732,0.27879469,0.25839435,379,0.11020818,,,,,,,,,,,,,,,,,,,0.25843583,3.8159134
ml,w-high.g-none.v-none,101,run_replay_cap_rho0_25k_mlkr,causecap_c_r000_n25000,0.2723041,0.20565577,4,0.061769898,0.31106541,0.2622688,0.65468131,0.026858578,1.9475478,0.28697061,0.24449823,0.23569187,0.2733146,440,0.11555142,0.02455998,0.43375077,0.83285876,0.0071848968,0.0045672736,-0.00064004273,0.10900222,0.037732416,0.011128528,-0.0013542758,0.045678198,0.14349865,0.016772683,-0.0021847971,0.012460825,0.81158404,0.027017467,-0.0028926113,0.2723041,3.8159134
ml,w-high.g-none.v-none,101,run_replay_cap_rho0_25k_mlkr,causecap_t_r000_n25000,0.27230126,0.20560282,4,0.061769898,0.31109933,0.26225969,0.65468131,0.026858578,1.9475155,0.28696626,0.24449823,0.23569187,0.27331167,440,0.11555142,0.024555666,0.43375099,0.83285876,0.0071848968,0.0045672409,-0.00064030522,0.10900222,0.037732416,0.011128311,-0.0013547104,0.045678198,0.14349865,0.016772251,-0.0021850959,0.012460825,0.81158404,0.027017008,-0.0028943183,0.27230126,3.8159134
ml,w-high.g-none.v-none,101,policies,oracle_affine_bilinear_likelihood_n0,0.30046085,0.18421251,5,0.075343455,0.33481341,0.29270372,0.6161094,0.030710138,1.8921255,0.31534279,0.27657671,0.27672768,0.30121279,546,0.1120581,0.00088362003,0.42755031,0.83285876,0.0071848968,0.00052585675,-7.2016692e-05,0.10900222,0.037732416,0.001212869,-0.0001291332,0.045678198,0.14349865,0.0017178423,-0.0001259956,0.012460825,0.81158404,0.0024032865,-3.8943629e-05,0.30046085,3.8159134
ml,w-high.g-none.v-none,101,policies,oracle_affine_bilinear_value_n0,0.29982388,0.18908496,5,0.074343036,0.33077936,0.29260584,0.62832532,0.029922478,1.9139416,0.31280614,0.27787704,0.26993796,0.30074572,493,0.11821513,,,,,,,,,,,,,,,,,,,0.29982388,3.8159134
ml,w-high.g-none.v-none,101,policies,oracle_bilinear_likelihood_n0,0.2986983,0.18120677,6,0.076292611,0.33506466,0.29065008,0.60755099,0.030157031,1.8811413,0.31558182,0.2725609,0.25837289,0.29995221,583,0.10891682,0.0045008125,0.42776496,0.83285876,0.0071848968,0.0012708694,-0.00045225884,0.10900222,0.037732416,0.0029010622,-0.00071897098,0.045678198,0.14349865,0.0040966872,-0.00071048441,0.012460825,0.81158404,0.0057786205,-0.00030946063,0.2986983,3.8159134
ml,w-high.g-none.v-none,101,policies,oracle_bilinear_value_n0,0.29924229,0.1933362,5,0.071009813,0.32822907,0.29229492,0.62911251,0.029732732,1.9208267,0.31232216,0.27705576,0.26618026,0.30025544,475,0.11879339,,,,,,,,,,,,,,,,,,,0.29924229,3.8159134
ml,w-high.g-none.v-none,101,policies,oracle_blob_likelihood_n0,0.30050203,0.18352431,6,0.075049121,0.33483763,0.2927842,0.61525086,0.030674912,1.8908239,0.31521694,0.27697146,0.27786518,0.30121838,540,0.1122881,0.00088021696,0.42754706,0.83285876,0.0071848968,0.0005465092,-5.6387366e-05,0.10900222,0.037732416,0.0012372607,-0.00012072042,0.045678198,0.14349865,0.0017238445,-0.00012795641,0.012460825,0.81158404,0.0023478648,-4.1191754e-05,0.30050203,3.8159134
ml,w-high.g-none.v-none,101,policies,oracle_blob_value_n0,0.2999846,0.1897321,5,0.07442046,0.33125563,0.29266218,0.62785398,0.028928255,1.9174927,0.31325093,0.27760275,0.2709147,0.30085059,459,0.11750899,,,,,,,,,,,,,,,,,,,0.2999846,3.8159134
ml,w-high.g-none.v-none,101,,logger,0.22334879,1,0,0,0.22334879,,1,0,2.7798645,0.22334879,,,0.22334879,473,0.20395666,,,,,,,,,,,,,,,,,,,,3.8159134
ml,w-high.g-none.v-none,101,,blob_prior_mean,0.22236762,0.77423898,0,0,0.23064829,0.19396938,0.99871223,0,2.7470031,0.22237127,0.21953519,,0.22236762,460,0.21591642,,,,,,,,,,,,,,,,,,,,3.8159134
ml,w-none.g-high.v-none,100,run_blob_main_25k_nq,blob_nq_n25000,0.2491387,0.5691994,0,0,0.24704298,0.25190769,0.96284189,0,2.6426274,0.25067758,0.20926309,,0.2491387,533,0.11714922,-0.029516579,0.45723204,0.86707747,0.0060026968,0.015019976,0.013032428,0.084755151,0.029116304,0.024546254,0.013724689,0.03608581,0.11610979,0.030694604,0.0084599167,0.012081569,0.84877121,0.043634662,-0.0040847197,0.2491387,3.3557751
ml,w-none.g-high.v-none,100,run_blob_main_25k_mnq,blob_mnq_n25000,0.24459057,0.63984128,0,0,0.24399566,0.24564745,0.97619987,0,2.6963924,0.24597498,0.18780659,,0.24459057,540,0.1065993,-0.009268003,0.45763618,0.86707747,0.0060026968,0.013231139,0.010812696,0.084755151,0.029116304,0.024340008,0.013110408,0.03608581,0.11610979,0.031727589,0.010254428,0.012081569,0.84877121,0.045682354,0.0033211436,0.24459057,3.3557751
ml,w-none.g-high.v-none,100,run_blob_pnorm_main_25k,blob_l10_nq_n25000,0.25003125,0.55259839,0,0,0.24801322,0.25252377,0.95155425,0,2.6146825,0.25169154,0.21742035,,0.25003125,541,0.13079769,-0.013459412,0.45572771,0.86707747,0.0060026968,0.014293263,0.012244883,0.084755151,0.029116304,0.024916404,0.014879639,0.03608581,0.11610979,0.031353681,0.011611603,0.012081569,0.84877121,0.043426208,0.0033515206,0.25003125,3.3557751
ml,w-none.g-high.v-none,100,run_replay_opc_25k_mlkr,opc_n25000_r0,0.25409026,0.46520036,1,3.4136201e-05,0.26621543,0.24354308,0.93565952,0,2.557401,0.25599126,0.22644536,,0.25409026,475,0.077431506,,,,,,,,,,,,,,,,,,,0.25409026,3.3557751
ml,w-none.g-high.v-none,100,run_replay_cap_rho0_25k_mlkr,causecap_c_r000_n25000,0.25096215,0.41572753,1,0,0.26937674,0.23785962,0.90375407,2.9450572e-05,2.4829937,0.2553563,0.20970092,0.23874602,0.25096251,581,0.075065358,0.0054941825,0.45362849,0.86707747,0.0060026968,0.011251473,0.0079049139,0.084755151,0.029116304,0.02254025,0.010173261,0.03608581,0.11610979,0.029379612,0.0080299062,0.012081569,0.84877121,0.040776662,0.0036177808,0.25096215,3.3557751
ml,w-none.g-high.v-none,100,run_replay_cap_rho0_25k_mlkr,causecap_t_r000_n25000,0.25096215,0.41572753,1,0,0.26937674,0.23785962,0.90375407,2.9450572e-05,2.4829937,0.2553563,0.20970092,0.23874602,0.25096251,581,0.075065358,0.0054943259,0.45362849,0.86707747,0.0060026968,0.011251474,0.0079049149,0.084755151,0.029116304,0.022540249,0.010173259,0.03608581,0.11610979,0.029379607,0.0080299001,0.012081569,0.84877121,0.040776659,0.0036178003,0.25096215,3.3557751
ml,w-none.g-high.v-none,100,policies,oracle_affine_bilinear_likelihood_n0,0.27169437,0.27356346,2,0.014294294,0.30812357,0.25797576,0.75493016,0.0049361322,2.2135214,0.28786899,0.22186894,0.21536054,0.27197382,431,0.10692935,0.011259964,0.44784629,0.86707747,0.0060026968,0.006910584,-0.00034175806,0.084755151,0.029116304,0.016445103,-0.00013970631,0.03608581,0.11610979,0.022239105,-0.00040448447,0.012081569,0.84877121,0.030263579,0.00016201205,0.27169437,3.3557751
ml,w-none.g-high.v-none,100,policies,oracle_affine_bilinear_value_n0,0.28868322,0.24645596,3,0.023398101,0.31892674,0.2787917,0.69800771,0.0086580876,2.1107263,0.30399646,0.25328906,0.25484166,0.28897878,383,0.13857825,,,,,,,,,,,,,,,,,,,0.28868322,3.3557751
ml,w-none.g-high.v-none,100,policies,oracle_bilinear_likelihood_n0,0.26866734,0.28328542,2,0.012749696,0.29935255,0.25653884,0.76538495,0.004382339,2.2359476,0.28335394,0.22075524,0.21774569,0.26889148,510,0.099096724,0.0090437515,0.44820052,0.86707747,0.0060026968,0.0078749551,0.0027066089,0.084755151,0.029116304,0.017680702,0.0032213408,0.03608581,0.11610979,0.02347717,0.002013387,0.012081569,0.84877121,0.031193446,0.00067480671,0.26866734,3.3557751
ml,w-none.g-high.v-none,100,policies,oracle_bilinear_value_n0,0.28780646,0.24326229,3,0.024430737,0.31955993,0.27759893,0.69648489,0.0086259009,2.1056118,0.30308213,0.25275294,0.25514744,0.28809063,384,0.14019607,,,,,,,,,,,,,,,,,,,0.28780646,3.3557751
ml,w-none.g-high.v-none,100,policies,oracle_blob_likelihood_n0,0.25945854,0.23796037,4,0.11521976,0.32446049,0.23916053,0.65251076,0.099500768,1.7863094,0.3056018,0.17281134,0.04238292,0.28344434,339,0.12074422,0.034159293,0.44699996,0.86707747,0.0060026968,0.0070458437,-0.00021466428,0.084755151,0.029116304,0.016027294,0.00043589955,0.03608581,0.11610979,0.021207837,0.00016524043,0.012081569,0.84877121,0.027998651,0.00057429846,0.25945854,3.3557751
ml,w-none.g-high.v-none,100,policies,oracle_blob_value_n0,0.28954023,0.24627288,3,0.023978386,0.31957835,0.27972558,0.6954044,0.0082596512,2.1096737,0.30532482,0.25350336,0.26064784,0.28978086,383,0.13915469,,,,,,,,,,,,,,,,,,,0.28954023,3.3557751
ml,w-none.g-high.v-none,100,,logger,0.23455814,1,0,0,0.23455814,,1,0,2.805015,0.23455814,,,0.23455814,581,0.032883827,,,,,,,,,,,,,,,,,,,,3.3557751
ml,w-none.g-high.v-none,100,,blob_prior_mean,0.23439147,0.86687916,0,0,0.23769807,0.21285901,1,0,2.7938891,0.23439147,,,0.23439147,573,0.04516774,,,,,,,,,,,,,,,,,,,,3.3557751
ml,w-none.g-high.v-none,101,run_blob_main_25k_nq,blob_nq_n25000,0.23736763,0.71957356,0,0,0.23917522,0.23272937,0.992634,0,2.7947967,0.23732397,0.24325174,,0.23736763,573,0.11933281,-0.012216226,0.45421614,0.87662675,0.0055346747,0.0089956485,0.0033894135,0.077828164,0.026859076,0.021433944,0.0022251591,0.034016486,0.11004506,0.028616239,0.00068477644,0.011528596,0.85756119,0.040601916,-0.0043648463,0.23736763,3.2455211
ml,w-none.g-high.v-none,101,run_blob_main_25k_mnq,blob_mnq_n25000,0.23355283,0.75970879,0,0,0.23600145,0.22581125,0.99920858,0,2.8215897,0.23358679,0.19068124,,0.23355283,586,0.12363134,-0.0061946442,0.45517603,0.87662675,0.0055346747,0.0087162563,0.002583495,0.077828164,0.026859076,0.021635953,0.0015703709,0.034016486,0.11004506,0.029232738,0.00046901041,0.011528596,0.85756119,0.042069602,-0.0035557213,0.23355283,3.2455211
ml,w-none.g-high.v-none,101,run_blob_pnorm_main_25k,blob_l10_nq_n25000,0.24167481,0.64652085,0,0,0.2436245,0.23810879,0.97711129,0,2.7474982,0.24136699,0.25481568,,0.24167481,558,0.12538248,-0.010700977,0.45318978,0.87662675,0.0055346747,0.0088103592,0.0030632023,0.077828164,0.026859076,0.021091271,0.0019331462,0.034016486,0.11004506,0.028068215,0.00056571718,0.011528596,0.85756119,0.039385639,-0.0036163475,0.24167481,3.2455211
ml,w-none.g-high.v-none,101,run_replay_opc_25k_mlkr,opc_n25000_r0,0.24827002,0.48073639,1,0.00016936554,0.26581849,0.23202358,0.9085649,0,2.5898261,0.25298815,0.2013873,,0.24827002,424,0.12366881,,,,,,,,,,,,,,,,,,,0.24827002,3.2455211
ml,w-none.g-high.v-none,101,run_replay_cap_rho0_25k_mlkr,causecap_c_r000_n25000,0.2475006,0.4960305,1,0.00060739377,0.26122604,0.23399138,0.90205655,0,2.5780344,0.25033798,0.22136844,,0.2475006,545,0.10307842,-0.0054299855,0.45203814,0.87662675,0.0055346747,0.012463022,0.0091969156,0.077828164,0.026859076,0.024024364,0.010601602,0.034016486,0.11004506,0.029909555,0.0091460459,0.011528596,0.85756119,0.038970006,0.004130286,0.2475006,3.2455211
ml,w-none.g-high.v-none,101,run_replay_cap_rho0_25k_mlkr,causecap_t_r000_n25000,0.24750044,0.49605674,1,0.00060739377,0.26122387,0.23399177,0.90208279,0,2.578057,0.2503371,0.22136707,,0.24750044,545,0.10307842,-0.005437062,0.45203838,0.87662675,0.0055346747,0.01246325,0.00919713,0.077828164,0.026859076,0.024024445,0.010601285,0.034016486,0.11004506,0.029909649,0.0091453134,0.011528596,0.85756119,0.038970218,0.0041285546,0.24750044,3.2455211
ml,w-none.g-high.v-none,101,policies,oracle_affine_bilinear_likelihood_n0,0.26645941,0.30308457,2,0.01940013,0.30373891,0.25024676,0.74305281,0.0099706889,2.2365873,0.28051704,0.22580684,0.2054677,0.26707366,456,0.10955642,0.007335619,0.4465873,0.87662675,0.0055346747,0.0072694345,-0.0021333882,0.077828164,0.026859076,0.017024983,-0.0027807558,0.034016486,0.11004506,0.021655925,-0.0019257687,0.011528596,0.85756119,0.02801389,-0.0006030811,0.26645941,3.2455211
ml,w-none.g-high.v-none,101,policies,oracle_affine_bilinear_value_n0,0.28350121,0.26604208,3,0.052678552,0.31179049,0.27324703,0.67136492,0.020062175,2.0867506,0.29880677,0.25223365,0.22885775,0.28461992,349,0.15162642,,,,,,,,,,,,,,,,,,,0.28350121,3.2455211
ml,w-none.g-high.v-none,101,policies,oracle_bilinear_likelihood_n0,0.26230758,0.31843437,2,0.01680015,0.29962608,0.24487199,0.75904459,0.008182493,2.267128,0.27646694,0.21770353,0.18384446,0.2629549,559,0.10168009,0.0064718061,0.44690839,0.87662675,0.0055346747,0.0077170277,0.00075532117,0.077828164,0.026859076,0.018089838,0.00041183616,0.034016486,0.11004506,0.022935234,0.00047340754,0.011528596,0.85756119,0.029052276,2.0520288e-05,0.26230758,3.2455211
ml,w-none.g-high.v-none,101,policies,oracle_bilinear_value_n0,0.28225442,0.26660887,3,0.051159011,0.31120149,0.27173133,0.67542844,0.019061576,2.0955363,0.29713343,0.25129144,0.23492158,0.28317419,364,0.15479771,,,,,,,,,,,,,,,,,,,0.28225442,3.2455211
ml,w-none.g-high.v-none,101,policies,oracle_blob_likelihood_n0,0.26789258,0.27018263,3,0.063303359,0.31847761,0.24916571,0.66917807,0.038000501,2.0628479,0.29665791,0.2097068,0.093956325,0.27476334,413,0.11627123,0.012893648,0.44576385,0.87662675,0.0055346747,0.0077064426,-0.0015793393,0.077828164,0.026859076,0.01649849,-0.0021961581,0.034016486,0.11004506,0.020489864,-0.0015034328,0.011528596,0.85756119,0.025679861,-0.00029643133,0.26789258,3.2455211
ml,w-none.g-high.v-none,101,policies,oracle_blob_value_n0,0.28448521,0.26436968,3,0.053647743,0.31261006,0.27437775,0.66981717,0.019377367,2.0852539,0.29957864,0.25386632,0.23533751,0.28545639,352,0.14812551,,,,,,,,,,,,,,,,,,,0.28448521,3.2455211
ml,w-none.g-high.v-none,101,,logger,0.2306126,1,0,0,0.2306126,,1,0,2.8633849,0.2306126,,,0.2306126,608,0.091832369,,,,,,,,,,,,,,,,,,,,3.2455211
ml,w-none.g-high.v-none,101,,blob_prior_mean,0.23154538,0.89413967,0,0,0.23376737,0.21277754,1,0,2.8559895,0.23154538,,,0.23154538,602,0.08997592,,,,,,,,,,,,,,,,,,,,3.2455211
ml,w-none.g-none.v-high,100,run_blob_main_25k_nq,blob_nq_n25000,0.2296672,0.675493,0,0,0.22741188,0.23436189,0.99529055,0,2.7371552,0.22990186,0.18007527,,0.2296672,637,0.064300229,-0.008922774,0.43852359,0.83239886,0.0077021957,0.014237364,0.012367686,0.11108251,0.038010837,0.023887285,0.013604444,0.044157633,0.13832247,0.030977175,0.0088048601,0.012361005,0.8159645,0.045154534,-0.0008531697,0.2296672,3.5131004
ml,w-none.g-none.v-high,100,run_blob_main_25k_mnq,blob_mnq_n25000,0.22690051,0.73734686,0,0,0.22517488,0.23174487,0.99826124,0,2.7641737,0.22699004,0.17549522,,0.22690051,674,0.056678922,-0.0059444908,0.43889455,0.83239886,0.0077021957,0.011786592,0.0091817198,0.11108251,0.038010837,0.021874807,0.0094854453,0.044157633,0.13832247,0.029898475,0.0049496333,0.012361005,0.8159645,0.045214502,-0.0034716986,0.22690051,3.5131004
ml,w-none.g-none.v-high,100,run_blob_pnorm_main_25k,blob_l10_nq_n25000,0.2331493,0.61134934,0,0,0.2281483,0.24101589,0.98746979,0,2.6940005,0.23331157,0.22036105,,0.2331493,608,0.070158835,-0.011495108,0.43818519,0.83239886,0.0077021957,0.014782292,0.013051107,0.11108251,0.038010837,0.02418773,0.014264803,0.044157633,0.13832247,0.03094705,0.0091955904,0.012361005,0.8159645,0.044723375,-0.00077178495,0.2331493,3.5131004
ml,w-none.g-none.v-high,100,run_replay_opc_25k_mlkr,opc_n25000_r0,0.23253809,0.51535868,0,0,0.23732437,0.22744845,0.97218038,0,2.6285885,0.23363902,0.19406502,,0.23253809,517,0.077060536,,,,,,,,,,,,,,,,,,,0.23253809,3.5131004
ml,w-none.g-none.v-high,100,run_replay_cap_rho0_25k_mlkr,causecap_c_r000_n25000,0.23213219,0.48950466,1,0,0.24060755,0.22400532,0.97217956,0,2.6125038,0.2333115,0.1909212,,0.23213219,563,0.099201728,0.0027617439,0.438271,0.83239886,0.0077021957,0.012536716,0.010084241,0.11108251,0.038010837,0.022548594,0.0105863,0.044157633,0.13832247,0.030211908,0.0061084007,0.012361005,0.8159645,0.044824704,-0.00086855549,0.23213219,3.5131004
ml,w-none.g-none.v-high,100,run_replay_cap_rho0_25k_mlkr,causecap_t_r000_n25000,0.23213219,0.48950466,1,0,0.24060755,0.22400532,0.97217956,0,2.6125038,0.2333115,0.1909212,,0.23213219,563,0.099201728,0.002761751,0.438271,0.83239886,0.0077021957,0.012536715,0.010084241,0.11108251,0.038010837,0.022548593,0.010586308,0.044157633,0.13832247,0.030211905,0.0061084135,0.012361005,0.8159645,0.0448247,-0.00086853978,0.23213219,3.5131004
ml,w-none.g-none.v-high,100,policies,oracle_affine_bilinear_likelihood_n0,0.24787736,0.31060139,2,0.0037765596,0.26784646,0.23888049,0.86354797,3.8196218e-05,2.3700362,0.25622455,0.19505147,0.078529298,0.24788383,412,0.074776137,0.0052717866,0.43486958,0.83239886,0.0077021957,0.0086206539,0.0042852231,0.11108251,0.038010837,0.019460942,0.0045509054,0.044157633,0.13832247,0.027589277,0.0015769081,0.012361005,0.8159645,0.040980622,-0.0015279011,0.24787736,3.5131004
ml,w-none.g-none.v-high,100,policies,oracle_affine_bilinear_value_n0,0.27038546,0.18390813,5,0.036174304,0.28221645,0.26771932,0.64777535,0.009604174,1.9900608,0.28152508,0.24989862,0.2487081,0.27059567,310,0.17824847,,,,,,,,,,,,,,,,,,,0.27038546,3.5131004
ml,w-none.g-none.v-high,100,policies,oracle_bilinear_likelihood_n0,0.24436805,0.33683131,1,0.002532217,0.26223018,0.23529567,0.8948888,0,2.4161661,0.25136621,0.18478763,,0.24436805,495,0.068122074,0.0010692866,0.43532243,0.83239886,0.0077021957,0.011868114,0.0093024132,0.11108251,0.038010837,0.021670607,0.0097104535,0.044157633,0.13832247,0.028938172,0.0053271314,0.012361005,0.8159645,0.041819778,-0.00089330707,0.24436805,3.5131004
ml,w-none.g-none.v-high,100,policies,oracle_bilinear_value_n0,0.2697818,0.18442651,5,0.03495772,0.28060816,0.26733363,0.64793421,0.0094432268,1.9933324,0.28113862,0.24888096,0.25110951,0.26995981,319,0.17897902,,,,,,,,,,,,,,,,,,,0.2697818,3.5131004
ml,w-none.g-none.v-high,100,policies,oracle_blob_likelihood_n0,0.25321433,0.2288525,3,0.045501984,0.29593868,0.24053507,0.73653329,0.023518858,2.1136793,0.27767986,0.1848198,0.032282799,0.25853553,321,0.13131156,0.01377842,0.43320874,0.83239886,0.0077021957,0.0084679706,0.0041574394,0.11108251,0.038010837,0.018085582,0.0047856286,0.044157633,0.13832247,0.02535952,0.0024500763,0.012361005,0.8159645,0.037648221,-0.0006621705,0.25321433,3.5131004
ml,w-none.g-none.v-high,100,policies,oracle_blob_value_n0,0.27115671,0.18409845,5,0.035513835,0.28282669,0.26852352,0.64666584,0.0088928493,1.990557,0.28205613,0.25120879,0.25598422,0.27129285,320,0.1771532,,,,,,,,,,,,,,,,,,,0.27115671,3.5131004
ml,w-none.g-none.v-high,100,,logger,0.21727592,1,0,0,0.21727592,,1,0,2.8113306,0.21727592,,,0.21727592,698,0.042882896,,,,,,,,,,,,,,,,,,,,3.5131004
ml,w-none.g-none.v-high,100,,blob_prior_mean,0.21704665,0.90242218,0,0,0.21907982,0.19824346,1,0,2.8059188,0.21704665,,,0.21704665,680,0.048811359,,,,,,,,,,,,,,,,,,,,3.5131004
ml,w-none.g-none.v-high,101,run_blob_main_25k_nq,blob_nq_n25000,0.23189385,0.70456947,0,0,0.23020784,0.23591478,0.99484271,0,2.7720944,0.23225884,0.1614872,,0.23189385,638,0.10422941,-0.010157641,0.44426271,0.84238183,0.0072371799,0.010460946,0.0069691806,0.103676,0.035562379,0.02081008,0.0055886643,0.041940195,0.13191276,0.028911846,0.00086608888,0.012001978,0.82528768,0.04346917,-0.0066507215,0.23189385,3.1589749
ml,w-none.g-none.v-high,101,run_blob_main_25k_mnq,blob_mnq_n25000,0.2300877,0.77020479,0,0,0.22812638,0.23666146,0.99862024,0,2.8005873,0.23019368,0.15338178,,0.2300877,683,0.081615327,-0.005912763,0.44463362,0.84238183,0.0072371799,0.0098972858,0.0059692072,0.103676,0.035562379,0.020640307,0.0046880928,0.041940195,0.13191276,0.029078007,0.00054520312,0.012001978,0.82528768,0.044029581,-0.0057611539,0.2300877,3.1589749
ml,w-none.g-none.v-high,101,run_blob_pnorm_main_25k,blob_l10_nq_n25000,0.23268528,0.67621056,0,0,0.23154971,0.23505684,0.99245288,0,2.7578758,0.23297793,0.19420155,,0.23268528,632,0.11029692,-0.010566616,0.44419725,0.84238183,0.0072371799,0.01126409,0.0081897698,0.103676,0.035562379,0.021421924,0.0072593686,0.041940195,0.13191276,0.02924094,0.0025149108,0.012001978,0.82528768,0.043507668,-0.0053534395,0.23268528,3.1589749
ml,w-none.g-none.v-high,101,run_replay_opc_25k_mlkr,opc_n25000_r0,0.2345206,0.50079194,0,0,0.24691782,0.22208405,0.95140044,0,2.62265,0.23761673,0.17390976,,0.2345206,482,0.10891552,,,,,,,,,,,,,,,,,,,0.2345206,3.1589749
ml,w-none.g-none.v-high,101,run_replay_cap_rho0_25k_mlkr,causecap_c_r000_n25000,0.2347295,0.5178007,0,0.00019071771,0.23819275,0.23101056,0.95114272,0,2.6296421,0.23748043,0.18117514,,0.2347295,545,0.13470399,-0.0013161249,0.44401951,0.84238183,0.0072371799,0.016249331,0.014542538,0.103676,0.035562379,0.025851847,0.015903035,0.041940195,0.13191276,0.032067778,0.011175233,0.012001978,0.82528768,0.04442558,0.0026192791,0.23472951,3.1589749
ml,w-none.g-none.v-high,101,run_replay_cap_rho0_25k_mlkr,causecap_t_r000_n25000,0.2347295,0.5178007,0,0.00019071771,0.23819275,0.23101056,0.95114272,0,2.6296421,0.23748043,0.18117514,,0.2347295,545,0.13470399,-0.0013161553,0.44401952,0.84238183,0.0072371799,0.016249331,0.014542536,0.103676,0.035562379,0.02585184,0.015903018,0.041940195,0.13191276,0.032067771,0.011175205,0.012001978,0.82528768,0.044425579,0.0026192364,0.23472951,3.1589749
ml,w-none.g-none.v-high,101,policies,oracle_affine_bilinear_likelihood_n0,0.25114987,0.32815001,2,0.0032873424,0.27945474,0.23732499,0.84195141,0.00020000435,2.3753172,0.26114109,0.19792494,0.24902521,0.25115029,384,0.14125905,0.0031114337,0.44073687,0.84238183,0.0072371799,0.0087664405,0.0040947501,0.103676,0.035562379,0.019837469,0.0041071927,0.041940195,0.13191276,0.027738032,0.0015382004,0.012001978,0.82528768,0.040303788,-0.0014829547,0.25114987,3.1589749
ml,w-none.g-none.v-high,101,policies,oracle_affine_bilinear_value_n0,0.26887285,0.24143738,3,0.017550201,0.29426237,0.2607918,0.72115672,0.0041017602,2.1555086,0.28363854,0.23068518,0.23182146,0.26902545,319,0.17779781,,,,,,,,,,,,,,,,,,,0.26887285,3.1589749
ml,w-none.g-none.v-high,101,policies,oracle_bilinear_likelihood_n0,0.24702705,0.374135,1,0.0009125238,0.26727128,0.23492529,0.8841453,5.8471739e-05,2.4521307,0.25393653,0.19429738,0.11890431,0.24703455,484,0.11864461,-0.0019760965,0.44127726,0.84238183,0.0072371799,0.012322902,0.0097045539,0.103676,0.035562379,0.022282282,0.010012101,0.041940195,0.13191276,0.029290244,0.0059061585,0.012001978,0.82528768,0.041370323,-0.00059322604,0.24702705,3.1589749
ml,w-none.g-none.v-high,101,policies,oracle_bilinear_value_n0,0.26834164,0.24386566,3,0.017361101,0.29228858,0.26061836,0.723797,0.0044545578,2.1573442,0.28282328,0.23039211,0.23599255,0.26848638,332,0.17794857,,,,,,,,,,,,,,,,,,,0.26834164,3.1589749
ml,w-none.g-none.v-high,101,policies,oracle_blob_likelihood_n0,0.25063332,0.24850112,3,0.065536792,0.30317259,0.23325996,0.72805029,0.049909396,2.069694,0.2806462,0.17028434,0.045358368,0.26141666,302,0.14141054,0.016479488,0.43913795,0.84238183,0.0072371799,0.0087313965,0.0041772624,0.103676,0.035562379,0.018664856,0.0047694144,0.041940195,0.13191276,0.0256909,0.0026267952,0.012001978,0.82528768,0.037157724,-0.00083546811,0.25063333,3.1589749
ml,w-none.g-none.v-high,101,policies,oracle_blob_value_n0,0.2695423,0.24166369,3,0.01771956,0.29377721,0.26181922,0.72053018,0.0043788999,2.1533237,0.28437129,0.23131016,0.23234166,0.26970592,333,0.17846844,,,,,,,,,,,,,,,,,,,0.2695423,3.1589749
ml,w-none.g-none.v-high,101,,logger,0.22076354,1,0,0,0.22076354,,1,0,2.8420673,0.22076354,,,0.22076354,713,0.037729532,,,,,,,,,,,,,,,,,,,,3.1589749
ml,w-none.g-none.v-high,101,,blob_prior_mean,0.22204728,0.90048627,0,0,0.22276573,0.21554611,1,0,2.8360778,0.22204728,,,0.22204728,701,0.039759945,,,,,,,,,,,,,,,,,,,,3.1589749
