run,dataset,bias,seed,method,train_size,V_method,V_method_greedy,logit_scale,V_tempered,ess_raw,w_share_gt10,w_max,sel_error_point,sel_error_lower,regret,n_trials,V_logger,V_logger_greedy,oracle_repair_value,oracle_repair_greedy,learned_gain,learned_gain_greedy,fraction_of_oracle_repair,fraction_of_oracle_repair_greedy
run_stage2_ml,ml,high,100,opc,5000,0.1396630964404902,0.1416531847694451,2.611133337020874,0.1127356940102865,912.5055541992188,0.02645,184.78993225097656,0.026873920189682515,0.01547706200967161,0.0,20,0.0908602424515623,0.1126592891926408,0.2500821762864098,0.2502978263963233,0.04880285398892789,0.028993895576804304,0.306508361087666,0.21065245363584534
run_stage2_ml,ml,high,100,opc,25000,0.151538028596568,0.1519438854807726,6.331140995025635,0.1095112187068737,548.943603515625,0.03875,221.35104370117188,0.02064298164970879,0.00818006753812009,0.0018421099883172976,20,0.0908602424515623,0.1126592891926408,0.2500821762864098,0.2502978263963233,0.06067778614500571,0.03928459628813179,0.3810893680511605,0.28541858324167607
run_stage2_ml,ml,high,100,opc,100000,0.1608788546921999,0.1610644911818969,5.820093631744385,0.1116784466706313,294.927734375,0.02575,994.0414428710938,0.0419084551928251,0.02987503808141251,0.0,20,0.0908602424515623,0.1126592891926408,0.2500821762864098,0.2502978263963233,0.0700186122406376,0.04840520198925609,0.4397548161502938,0.3516834962988913
run_stage2_ml,ml,high,100,no_propensity,5000,0.1242080833605234,0.126166331091015,2.6518940925598145,0.1127356940102865,20000.0,,,-0.0986842624685471,-0.1006944701988283,0.00037358003843250553,20,0.0908602424515623,0.1126592891926408,0.2500821762864098,0.2502978263963233,0.033347840908961104,0.013507041898374192,0.209442506479987,0.09813415757525801
run_stage2_ml,ml,high,100,no_propensity,25000,0.121629443061745,0.1217383939786347,7.00427770614624,0.1095112187068737,20000.0,,,-0.0898322388950943,-0.0922286408448168,0.0008182827473221937,20,0.0908602424515623,0.1126592891926408,0.2500821762864098,0.2502978263963233,0.030769200610182706,0.0090791047859939,0.1932472484733038,0.06596339201540852
run_stage2_ml,ml,high,100,no_propensity,100000,0.1219401099322473,0.1217801516018113,8.186482429504395,0.1116784466706313,20000.0,,,-0.0848450214205419,-0.08744286959151279,0.0029678081227428044,20,0.0908602424515623,0.1126592891926408,0.2500821762864098,0.2502978263963233,0.031079867480685003,0.009120862409170497,0.19519840471804917,0.06626677814566652
run_stage2_ml,ml,high,100,dm,5000,0.1486355913469139,0.1502024489916457,2.587473630905152,0.1127356940102865,118.13774871826172,0.0136,931.9830932617188,0.06087233595163191,0.059545438335880996,0.0,20,0.0908602424515623,0.1126592891926408,0.2500821762864098,0.2502978263963233,0.0577753488953516,0.037543159799004897,0.36286048978201035,0.2727663382781173
run_stage2_ml,ml,high,100,dm,25000,0.1520278153228453,0.1522278187517167,5.103019237518311,0.1095112187068737,9.94171905517578,0.0147,6649.7080078125,0.018476352353126613,0.017798739837029814,0.002286416872227498,20,0.0908602424515623,0.1126592891926408,0.2500821762864098,0.2502978263963233,0.061167572871282994,0.0395685295590759,0.38416549402501854,0.2874814740331115
run_stage2_ml,ml,high,100,dm,100000,0.1586255584273558,0.1589643561030088,4.476863861083984,0.1116784466706313,145.3235626220703,0.0098,364.1825866699219,0.017415806242444015,0.01680701369346091,0.0,20,0.0908602424515623,0.1126592891926408,0.2500821762864098,0.2502978263963233,0.0677653159757935,0.046305066910367995,0.42560289492578884,0.336425160068681
run_stage2_ml,ml,high,100,tempered_logger,5000,0.1127356940102865,0.1126592890070793,50.08951739606062,0.1127356940102865,2242.876708984375,0.02235,37.41302108764648,-0.0018626802754690003,-0.011400268601172603,2.6582769356200964e-05,20,0.0908602424515623,0.1126592891926408,0.2500821762864098,0.2502978263963233,0.02187545155872421,-1.85561496723885e-10,0.13738968640724125,-1.348179808459344e-09
run_stage2_ml,ml,high,100,tempered_logger,25000,0.1095112187068737,0.1126592890070793,2.2600523920467666,0.1095112187068737,6991.82763671875,0.0,9.274991989135742,-0.003904781977442609,-0.01068160458435291,0.0032580673232908003,20,0.0908602424515623,0.1126592891926408,0.2500821762864098,0.2502978263963233,0.01865097625531141,-1.85561496723885e-10,0.11713823470236887,-1.348179808459344e-09
run_stage2_ml,ml,high,100,tempered_logger,100000,0.1116784466706313,0.1126592890070793,3.409291698672725,0.1116784466706313,4525.06982421875,0.0028,15.27033233642578,0.006849725703140297,-0.0016089920253728046,0.0010917322508550986,20,0.0908602424515623,0.1126592891926408,0.2500821762864098,0.2502978263963233,0.020818204219069006,-1.85561496723885e-10,0.13074960037015146,-1.348179808459344e-09
run_stage2_ml,ml,high,101,opc,5000,0.1440403462828323,0.1459032803945344,3.4691569805145264,0.1032827636386853,513.5333251953125,0.02715,240.0172119140625,0.024992033702023297,0.014273671256222503,0.0,20,0.0863832762615238,0.1076729653564795,0.2461786571664502,0.2463821480495275,0.0576570700213085,0.03823031503805491,0.3608181268744732,0.2756148821282831
run_stage2_ml,ml,high,101,opc,25000,0.164540529235976,0.1644775041089062,17.185476303100586,0.1069934559676279,110.07694244384766,0.0265,1679.8790283203125,0.023514702931267895,0.012833282608782692,0.0,20,0.0863832762615238,0.1076729653564795,0.2461786571664502,0.2463821480495275,0.07815725297445221,0.05680453875242669,0.4891083367481911,0.40952255394749504
run_stage2_ml,ml,high,101,opc,100000,0.1735866154951292,0.1736029965137577,9.42809009552002,0.1068229377728162,245.3819274902344,0.0269,561.8212890625,0.003980598278598202,-0.0068245283423772896,0.002639812959364607,20,0.0863832762615238,0.1076729653564795,0.2461786571664502,0.2463821480495275,0.08720333923360539,0.06593003115727822,0.5457187732196642,0.47531122220780403
run_stage2_ml,ml,high,101,no_propensity,5000,0.1200467452871726,0.1211475895673549,3.280832052230835,0.1032827636386853,20000.0,,,-0.0957006302195714,-0.0977122301568681,0.0,20,0.0863832762615238,0.1076729653564795,0.2461786571664502,0.2463821480495275,0.033663469025648804,0.013474624210875405,0.21066609582211634,0.09714298613303518
run_stage2_ml,ml,high,101,no_propensity,25000,0.1157430409228445,0.1163251847347193,8.035101890563965,0.1069934559676279,20000.0,,,-0.0828735417461039,-0.0853158817771868,0.004623448366109506,20,0.0863832762615238,0.1076729653564795,0.2461786571664502,0.2463821480495275,0.029359764661320703,0.008652219378239803,0.18373350027425955,0.06237668775964496
run_stage2_ml,ml,high,101,no_propensity,100000,0.1145320852388804,0.114738791430428,14.964783668518066,0.1068229377728162,20000.0,,,-0.0815171060254043,-0.08398823960721769,0.007430584797238904,20,0.0863832762615238,0.1076729653564795,0.2461786571664502,0.2463821480495275,0.028148808977356596,0.007065826073948511,0.17615533576721043,0.05093985803077366
run_stage2_ml,ml,high,101,dm,5000,0.1230169885724625,0.1230414812220599,2.9908902645111084,0.1032827636386853,12.677568435668944,0.00475,5820.04150390625,0.12276015645565179,0.1214852958041079,0.007523149235830792,20,0.0863832762615238,0.1076729653564795,0.2461786571664502,0.2463821480495275,0.036633712310938704,0.015368515865580412,0.22925388771240326,0.11079667234136671
run_stage2_ml,ml,high,101,dm,25000,0.155058349527724,0.1553150244651481,7.576385974884033,0.1069934559676279,47.50838470458984,0.00755,626.0570678710938,0.020277147136323226,0.019530868619932,0.0,20,0.0863832762615238,0.1076729653564795,0.2461786571664502,0.2463821480495275,0.06867507326620019,0.047642059108668616,0.4297688260905355,0.34346723254866673
run_stage2_ml,ml,high,101,dm,100000,0.1678191861652229,0.1678386725189971,6.687429428100586,0.1068229377728162,93.78437042236328,0.00845,280.1591491699219,-0.0014642766260002105,-0.0021327174801333004,0.0,20,0.0863832762615238,0.1076729653564795,0.2461786571664502,0.2463821480495275,0.0814359099036991,0.060165707162517595,0.5096261821995411,0.43375431960881317
run_stage2_ml,ml,high,101,tempered_logger,5000,0.1032827636386853,0.1076729654159212,2.0690114827496404,0.1032827636386853,7883.205078125,0.0,8.242819786071777,-0.0012090793039303965,-0.007547173923457495,0.004101362334243297,20,0.0863832762615238,0.1076729653564795,0.2461786571664502,0.2463821480495275,0.0168994873771615,5.944170156091388e-11,0.10575704555074845,4.2853472572506953e-10
run_stage2_ml,ml,high,101,tempered_logger,25000,0.1069934559676279,0.1076729654159212,8.9673637417932,0.1069934559676279,2926.611572265625,0.01735,33.30046081542969,0.0070633324172865025,-0.003033917758898802,0.0003902528304121078,20,0.0863832762615238,0.1076729653564795,0.2461786571664502,0.2463821480495275,0.020610179706104098,5.944170156091388e-11,0.12897856990225867,4.2853472572506953e-10
run_stage2_ml,ml,high,101,tempered_logger,100000,0.1068229377728162,0.1076729654159212,6.391413273611708,0.1068229377728162,3136.55859375,0.0149,30.561054229736328,-0.001445718155449513,-0.010787563124808802,0.0005482441775057911,20,0.0863832762615238,0.1076729653564795,0.2461786571664502,0.2463821480495275,0.02043966151129241,5.944170156091388e-11,0.1279114664988559,4.2853472572506953e-10
run_stage2_ml,ml,medium,100,opc,5000,0.1906338385748566,0.1932881566797507,2.6767711639404297,0.1730542165728777,1558.359130859375,0.02065,83.88318634033203,0.010826358993083096,-0.0011456357870393008,0.0016392955613971916,20,0.140625171819349,0.1770733752122263,0.2708141654662981,0.2708152479464942,0.05000866675550761,0.016214781467524392,0.3841236140984605,0.1729726641315219
run_stage2_ml,ml,medium,100,opc,25000,0.2202983042420722,0.2204338662581343,9.187814712524414,0.1752134460320056,453.2487487792969,0.0394,337.058837890625,0.027687833624901598,0.013600512772661999,0.0,20,0.140625171819349,0.1770733752122263,0.2708141654662981,0.2708152479464942,0.0796731324227232,0.043360491045908,0.6119805537385401,0.46255200350885795
run_stage2_ml,ml,medium,100,opc,100000,0.2224039407969089,0.2226946897208357,6.7091264724731445,0.1768373106650688,582.2992553710938,0.03425,201.3903961181641,0.03603434836858793,0.0217809143567248,0.0011352509290601942,20,0.140625171819349,0.1770733752122263,0.2708141654662981,0.2708152479464942,0.0817787689775599,0.0456213145086094,0.6281542447384632,0.486669544547431
run_stage2_ml,ml,medium,100,no_propensity,5000,0.1823610000539985,0.1847005601689697,2.6936075687408447,0.1730542165728777,20000.0,,,-0.14347951563489109,-0.1459193164009903,0.0,20,0.140625171819349,0.1770733752122263,0.2708141654662981,0.2708152479464942,0.0417358282346495,0.007627184956743416,0.3205787760202688,0.0813636930250408
run_stage2_ml,ml,medium,100,no_propensity,25000,0.187292610623267,0.1871417113236652,9.837533950805664,0.1752134460320056,20000.0,,,-0.1349810560721425,-0.1380344448702088,0.0037030341472495953,20,0.140625171819349,0.1770733752122263,0.2708141654662981,0.2708152479464942,0.04666743880391799,0.010068336111438897,0.3584591715216136,0.10740489620876069
run_stage2_ml,ml,medium,100,no_propensity,100000,0.1920971563736878,0.1920176023439873,8.648540496826172,0.1768373106650688,20000.0,,,-0.1340996949653112,-0.1373045235030284,0.0019419095140208176,20,0.140625171819349,0.1770733752122263,0.2708141654662981,0.2708152479464942,0.051471984554338795,0.014944227131760995,0.39536356424969576,0.1594189095637519
run_stage2_ml,ml,medium,100,dm,5000,0.1946533520845421,0.1958033591659466,2.6846814155578613,0.1730542165728777,227.45887756347656,0.02245,582.7984619140625,0.04727047186813271,0.046118190903408796,0.0029165387694237987,20,0.140625171819349,0.1770733752122263,0.2708141654662981,0.2708152479464942,0.0540281802651931,0.018729983953720303,0.4149980635975153,0.1998038166659481
run_stage2_ml,ml,medium,100,dm,25000,0.2162605982825912,0.2160955319715964,5.912887096405029,0.1752134460320056,305.4302673339844,0.01765,322.7239074707031,0.013609765787347405,0.012719666049105294,0.0005136215290043877,20,0.140625171819349,0.1770733752122263,0.2708141654662981,0.2708152479464942,0.0756354264632422,0.0390221567593701,0.5809663654698253,0.41627242577057366
run_stage2_ml,ml,medium,100,dm,100000,0.2165253037733834,0.2169985826535113,5.28594446182251,0.1768373106650688,77.29917907714844,0.02135,1124.9310302734375,0.01113724464943,0.010219517212497309,0.0,20,0.140625171819349,0.1770733752122263,0.2708141654662981,0.2708152479464942,0.07590013195403439,0.039925207441285,0.5829996056338136,0.425905801503047
run_stage2_ml,ml,medium,100,tempered_logger,5000,0.1730542165728777,0.1770733750445303,2.5490285454260504,0.1730542165728777,6414.6376953125,0.001,13.22465705871582,-0.008788390228387705,-0.017186985101436403,0.0037877498724152026,20,0.140625171819349,0.1770733752122263,0.2708141654662981,0.2708152479464942,0.0324290447535287,-1.676959959784341e-10,0.24909206104988318,-1.7889123727430275e-09
run_stage2_ml,ml,medium,100,tempered_logger,25000,0.1752134460320056,0.1770733750445303,3.5334831773965987,0.1752134460320056,4609.02392578125,0.0047,21.345659255981445,0.0013109248767315118,-0.0084116945974127,0.0016291628398799052,20,0.140625171819349,0.1770733752122263,0.2708141654662981,0.2708152479464942,0.03458827421265659,-1.676959959784341e-10,0.26567740669732987,-1.7889123727430275e-09
run_stage2_ml,ml,medium,100,tempered_logger,100000,0.1768373106650688,0.1770733750445303,39.31376767381931,0.1768373106650688,2233.88134765625,0.0191,50.568397521972656,0.017570167309822804,0.005524090015937594,7.28544516148677e-06,20,0.140625171819349,0.1770733752122263,0.2708141654662981,0.2708152479464942,0.036212138845719805,-1.676959959784341e-10,0.27815053969862535,-1.7889123727430275e-09
run_stage2_ml,ml,medium,101,opc,5000,0.2012011994706677,0.2028632728357479,4.497762680053711,0.1795773324798099,1230.11767578125,0.0253,124.265869140625,0.015536741436810608,0.0026216130423173944,0.0,20,0.1437292197187528,0.1796027466632944,0.2670045168728577,0.2679793380028161,0.0574719797519149,0.0232605261724535,0.46620840572843963,0.26319781991921515
run_stage2_ml,ml,medium,101,opc,25000,0.2205782521233013,0.2207286609781077,24.917705535888672,0.1795502871767085,576.8942260742188,0.03285,237.2834625244141,0.021565423561627606,0.008238134149287007,0.0,20,0.1437292197187528,0.1796027466632944,0.2670045168728577,0.2679793380028161,0.07684903240454849,0.0411259143148133,0.6233936090900716,0.4653485011298681
run_stage2_ml,ml,medium,101,opc,100000,0.2219190750923855,0.2221291884391685,14.235469818115234,0.17960396061497,331.31219482421875,0.0338,408.8041076660156,0.020275949994017384,0.006833506205467604,0.0006153375180186771,20,0.1437292197187528,0.1796027466632944,0.2670045168728577,0.2679793380028161,0.07818985537363271,0.04252644177587411,0.6342702648356917,0.48119576837375083
run_stage2_ml,ml,medium,101,no_propensity,5000,0.1884915492305424,0.1896444865541673,3.4710254669189453,0.1795773324798099,20000.0,,,-0.1358682288596299,-0.13880361174577088,0.0,20,0.1437292197187528,0.1796027466632944,0.2670045168728577,0.2679793380028161,0.0447623295117896,0.010041739890872897,0.36310867258208895,0.11362443084385251
run_stage2_ml,ml,medium,101,no_propensity,25000,0.1843238675015935,0.1845387887206065,14.49596881866455,0.1795502871767085,20000.0,,,-0.1193201967495451,-0.12272907603642509,0.0030466633940825216,20,0.1437292197187528,0.1796027466632944,0.2670045168728577,0.2679793380028161,0.04059464778284069,0.004936042057312101,0.329300749785205,0.055852369756477824
run_stage2_ml,ml,medium,101,no_propensity,100000,0.1850193097405041,0.1853274598571479,11.472328186035156,0.17960396061497,20000.0,,,-0.11896373621745959,-0.1223932995163268,0.0032851940585593153,20,0.1437292197187528,0.1796027466632944,0.2670045168728577,0.2679793380028161,0.0412900900217513,0.005724713193853509,0.3349421252672794,0.06477635205300612
run_stage2_ml,ml,medium,101,dm,5000,0.1904051288816645,0.1905909729301122,3.0597941875457764,0.1795773324798099,221.21749877929688,0.01445,234.03640747070312,0.0395695731189534,0.03824512131414759,0.0012711473501580972,20,0.1437292197187528,0.1796027466632944,0.2670045168728577,0.2679793380028161,0.0466759091629117,0.010988226266817808,0.37863148773888355,0.12433412626884052
run_stage2_ml,ml,medium,101,dm,25000,0.2104229212297675,0.2106172820304934,11.250612258911133,0.1795502871767085,469.1838073730469,0.0138,319.37554931640625,0.010050904701781493,0.009071357676446401,0.002632525653154111,20,0.1437292197187528,0.1796027466632944,0.2670045168728577,0.2679793380028161,0.0666937015110147,0.031014535367199003,0.5410143236372956,0.35093608949058225
run_stage2_ml,ml,medium,101,dm,100000,0.2147240402009139,0.214930022431939,8.585683822631836,0.17960396061497,446.3904724121094,0.01985,218.17013549804688,0.0037919817660203026,0.0028188845150493858,0.0008276748315302895,20,0.1437292197187528,0.1796027466632944,0.2670045168728577,0.2679793380028161,0.0709948204821611,0.03532727576864461,0.5759046793731218,0.39973566793185855
run_stage2_ml,ml,medium,101,tempered_logger,5000,0.1795773324798099,0.1796027466042137,62.503396749778005,0.1795773324798099,2858.42822265625,0.0129,32.89833068847656,0.0036987098623759984,-0.007585753159008585,2.6617178477794656e-05,20,0.1437292197187528,0.1796027466632944,0.2670045168728577,0.2679793380028161,0.035848112761057094,-5.908071254445701e-11,0.2907972123258711,-6.685108765677901e-10
run_stage2_ml,ml,medium,101,tempered_logger,25000,0.1795502871767085,0.1796027466042137,16.631846968666082,0.1795502871767085,3199.86181640625,0.01275,27.34486961364746,0.007652136634250295,-0.003406657085597925,6.0978406893591464e-05,20,0.1437292197187528,0.1796027466632944,0.2670045168728577,0.2679793380028161,0.03582106745795571,-5.908071254445701e-11,0.29057782284780254,-6.685108765677901e-10
run_stage2_ml,ml,medium,101,tempered_logger,100000,0.17960396061497,0.1796027466042137,39.47644520862895,0.17960396061497,2856.150634765625,0.01425,32.27939224243164,-0.0012266303117778876,-0.012303823221448712,4.27444516198916e-06,20,0.1437292197187528,0.1796027466632944,0.2670045168728577,0.2679793380028161,0.0358747408962172,-5.908071254445701e-11,0.2910132177687687,-6.685108765677901e-10
run_stage2_ml,ml,none,100,opc,5000,0.2860811884397031,0.2893867721051451,3.1743807792663574,0.3011806145962037,3362.46923828125,0.0125,40.6266975402832,-0.004606925963735686,-0.017312197686559283,0.0,20,0.242766798431418,0.3029833427430119,0.3029518307270805,0.302954032972096,0.0433143900082851,-0.013596570637866845,0.7196870776026276,
run_stage2_ml,ml,none,100,opc,25000,0.2967502611053859,0.2969088889603722,14.900493621826172,0.3025506364038903,2478.862548828125,0.0245,50.82851028442383,0.004890160046728931,-0.009996258305373706,0.0,20,0.242766798431418,0.3029833427430119,0.3029518307270805,0.302954032972096,0.05398346267396789,-0.0060744537826397105,0.896958273757684,
run_stage2_ml,ml,none,100,opc,100000,0.2977471858240605,0.3003567020021438,3.87222671508789,0.3019805406097603,4619.67578125,0.0064,26.5029239654541,-0.0016062766291142228,-0.013285880261202088,0.0003005544354046097,20,0.242766798431418,0.3029833427430119,0.3029518307270805,0.302954032972096,0.05498038739264252,-0.0026266407408681025,0.9135226034697157,
run_stage2_ml,ml,none,100,no_propensity,5000,0.2928634032726948,0.2974414810724164,2.993616342544556,0.3011806145962037,20000.0,,,-0.20850825012928886,-0.2119953807029042,0.0,20,0.242766798431418,0.3029833427430119,0.3029518307270805,0.302954032972096,0.05009660484127679,-0.005541861670595505,0.8323764718638728,
run_stage2_ml,ml,none,100,no_propensity,25000,0.298175141961609,0.2984012796349244,13.053098678588867,0.3025506364038903,20000.0,,,-0.19474420771125428,-0.1989237230447124,0.0,20,0.242766798431418,0.3029833427430119,0.3029518307270805,0.302954032972096,0.055408343530191,-0.0045820631080875085,0.9206332773569725,
run_stage2_ml,ml,none,100,no_propensity,100000,0.2957922008669246,0.2959552840922375,11.692214012145996,0.3019805406097603,20000.0,,,-0.1861395922338833,-0.1904254749921072,0.0008413394400967333,20,0.242766798431418,0.3029833427430119,0.3029518307270805,0.302954032972096,0.0530254024355066,-0.007028058650774438,0.8810396939726842,
run_stage2_ml,ml,none,100,dm,5000,0.2762357535635175,0.2796345256629441,2.921203136444092,0.3011806145962037,2597.669189453125,0.0137,50.90595626831055,0.06020385596407041,0.05839902097035832,0.0,20,0.242766798431418,0.3029833427430119,0.3029518307270805,0.302954032972096,0.03346895513209949,-0.023348817080067807,0.5561009748683242,
run_stage2_ml,ml,none,100,dm,25000,0.297673063385498,0.2981393251747143,7.133200168609619,0.3025506364038903,3210.489013671875,0.0134,22.00843620300293,0.0071896742701416105,0.005680462281975107,0.0,20,0.242766798431418,0.3029833427430119,0.3029518307270805,0.302954032972096,0.05490626495407999,-0.004844017568297609,0.9122910275157742,
run_stage2_ml,ml,none,100,dm,100000,0.300665012675232,0.3011996621738746,6.383200168609619,0.3019805406097603,3724.7802734375,0.0102,30.575422286987305,0.0019375764551696206,0.0004609289140090067,0.0,20,0.242766798431418,0.3029833427430119,0.3029518307270805,0.302954032972096,0.057898214243814,-0.0017836805691373026,0.962003542000038,
run_stage2_ml,ml,none,100,tempered_logger,5000,0.3011806145962037,0.3029833423473647,5.324138113805787,0.3011806145962037,4706.072265625,0.00395,24.11810302734375,-0.005140169030026398,-0.01697816909974903,0.0017837497491176024,20,0.242766798431418,0.3029833427430119,0.3029518307270805,0.302954032972096,0.05841381616478572,-3.956472371946518e-10,0.9705704879881834,
run_stage2_ml,ml,none,100,tempered_logger,25000,0.3025506364038903,0.3029833423473647,10.4103485791989,0.3025506364038903,3785.916015625,0.00965,30.853485107421875,-0.0053010212114770194,-0.017945475317762083,0.00041902011469713285,20,0.242766798431418,0.3029833427430119,0.3029518307270805,0.302954032972096,0.0597838379724723,-3.956472371946518e-10,0.9933339850808869,
run_stage2_ml,ml,none,100,tempered_logger,100000,0.3019805406097603,0.3029833423473647,6.984303426567514,0.3019805406097603,4232.0400390625,0.0053,27.97220039367676,-0.0006280992988778045,-0.012824319334927337,0.0009904080845072882,20,0.242766798431418,0.3029833427430119,0.3029518307270805,0.302954032972096,0.05921374217834233,-3.956472371946518e-10,0.983861600130932,
run_stage2_ml,ml,none,101,opc,5000,0.2843121281901847,0.2858830245780103,4.855037689208984,0.2977296075195723,1933.3543701171875,0.0224,88.52861785888672,0.0009501584728707213,-0.013135609286837213,0.0,20,0.2415254832225992,0.3008919061608914,0.3008503251678447,0.3008524400807078,0.042786644967585497,-0.015008881582881106,0.7212264468749177,
run_stage2_ml,ml,none,101,opc,25000,0.2912003349524729,0.2913169675376262,13.400389671325684,0.3006216538111005,2005.9346923828125,0.03055,62.710479736328125,0.008485053851009117,-0.006859508623462296,0.0007376369308499386,20,0.2415254832225992,0.3008919061608914,0.3008503251678447,0.3008524400807078,0.04967485172987368,-0.009574938623265195,0.837336436154716,
run_stage2_ml,ml,none,101,opc,100000,0.296442287722126,0.2966837638678045,14.115100860595703,0.3004170504090537,2368.234375,0.02025,69.4163589477539,0.012304974040493022,-0.0024177566198975153,0.00019675806474939161,20,0.2415254832225992,0.3008919061608914,0.3008503251678447,0.3008524400807078,0.054916804499526795,-0.004208142293086914,0.9256966002574915,
run_stage2_ml,ml,none,101,no_propensity,5000,0.2931074467345591,0.2953614003199353,4.048023700714111,0.2977296075195723,20000.0,,,-0.20520186096872048,-0.20887173518374436,0.0,20,0.2415254832225992,0.3008919061608914,0.3008503251678447,0.3008524400807078,0.05158196351195987,-0.005530505840956101,0.8694833702139146,
run_stage2_ml,ml,none,101,no_propensity,25000,0.2929915687910855,0.2930144599266325,29.290571212768555,0.3006216538111005,20000.0,,,-0.1809245026580632,-0.18528822550525242,0.00215933806417401,20,0.2415254832225992,0.3008919061608914,0.3008503251678447,0.3008524400807078,0.05146608556848631,-0.0078774462342589,0.8675300916264973,
run_stage2_ml,ml,none,101,no_propensity,100000,0.2935932021867128,0.2936124280373366,25.70099258422852,0.3004170504090537,20000.0,,,-0.1766261723171564,-0.1810740979760125,0.001217106516172295,20,0.2415254832225992,0.3008919061608914,0.3008503251678447,0.3008524400807078,0.05206771896411361,-0.007279478123554783,0.8776714316773074,
run_stage2_ml,ml,none,101,dm,5000,0.2800153896172873,0.2825430776994258,3.7182929515838623,0.2977296075195723,1808.940673828125,0.0104,89.96102142333984,0.023013223711646436,0.02134841673845772,0.0,20,0.2415254832225992,0.3008919061608914,0.3008503251678447,0.3008524400807078,0.03848990639468808,-0.01834882846146557,0.6487991393253563,
run_stage2_ml,ml,none,101,dm,25000,0.2921595006962774,0.2921661676844586,14.596929550170898,0.3006216538111005,2521.70556640625,0.01405,41.665225982666016,0.006333705804729695,0.004879432915910531,0.00028049566717791574,20,0.2415254832225992,0.3008919061608914,0.3008503251678447,0.3008524400807078,0.05063401747367818,-0.00872573847643282,0.8535044647975866,
run_stage2_ml,ml,none,101,dm,100000,0.2991339713711056,0.2992982563358188,10.305007934570312,0.3004170504090537,3210.408203125,0.00815,32.79109191894531,0.00182424481923249,0.0003553501425064831,0.0,20,0.2415254832225992,0.3008919061608914,0.3008503251678447,0.3008524400807078,0.05760848814850639,-0.0015936498250725961,0.971068548343993,
run_stage2_ml,ml,none,101,tempered_logger,5000,0.2977296075195723,0.3008919063990095,4.076684185169893,0.2977296075195723,5441.34765625,0.00305,19.36944580078125,-0.0033835133881025548,-0.014518546602883986,0.0031507221524819107,20,0.2415254832225992,0.3008919061608914,0.3008503251678447,0.3008524400807078,0.05620412429697308,2.3811808080864694e-10,0.9473961068256578,
run_stage2_ml,ml,none,101,tempered_logger,25000,0.3006216538111005,0.3008919063990095,13.128289854715517,0.3006216538111005,3637.6669921875,0.00705,40.72547149658203,-0.004716063753727517,-0.017482043220054033,0.00025858916376758634,20,0.2415254832225992,0.3008919061608914,0.3008503251678447,0.3008524400807078,0.05909617058850131,2.3811808080864694e-10,0.996145436730278,
run_stage2_ml,ml,none,101,tempered_logger,100000,0.3004170504090537,0.3008919063990095,9.975700838441217,0.3004170504090537,3907.625244140625,0.00515,39.108360290527344,0.012898043108249713,0.00044697132721538413,0.0004603825453708965,20,0.2415254832225992,0.3008919061608914,0.3008503251678447,0.3008524400807078,0.058891567186454497,2.3811808080864694e-10,0.9926965712072034,
run_stage2_ml,ml,w-high.g-none.v-none,100,opc,5000,0.2416604406949447,0.2457053850744137,2.5072808265686035,0.2198429788107298,1295.5462646484375,0.02485,121.47180938720705,0.009235774743898084,-0.004245167564951191,0.001706995333958905,20,0.1767952630841487,0.2203119595611588,0.3024739856221208,0.3024751294242645,0.064865177610796,0.025393425513254908,0.5161190080619881,0.309060927853241
run_stage2_ml,ml,w-high.g-none.v-none,100,opc,25000,0.2659584090262941,0.2665220878193503,8.427041053771973,0.2201541466908543,268.6460876464844,0.02575,865.7764892578125,0.010237385317654224,-0.002829014289428,0.0008906988713318076,20,0.1767952630841487,0.2203119595611588,0.3024739856221208,0.3024751294242645,0.08916314594214539,0.046210128258191485,0.7094529936458096,0.5624190051964089
run_stage2_ml,ml,w-high.g-none.v-none,100,opc,100000,0.2670264815158647,0.2671895133019085,6.037926197052002,0.2201595436039315,366.3422546386719,0.02855,252.2416839599609,0.020097824447651458,0.006282141131434882,0.0,20,0.1767952630841487,0.2203119595611588,0.3024739856221208,0.3024751294242645,0.09023121843171603,0.0468775537407497,0.717951428925878,0.5705421762433661
run_stage2_ml,ml,w-high.g-none.v-none,100,no_propensity,5000,0.2195163550627033,0.2230646119550681,2.7903852462768555,0.2198429788107298,20000.0,,,-0.16249950927017143,-0.1654367052679262,0.0,20,0.1767952630841487,0.2203119595611588,0.3024739856221208,0.3024751294242645,0.042721091978554615,0.002752652393909316,0.3399230284636846,0.03350226626474592
run_stage2_ml,ml,w-high.g-none.v-none,100,no_propensity,25000,0.228711061177491,0.2288050322068892,11.48967742919922,0.2201541466908543,20000.0,,,-0.15763454884076009,-0.1611586178201822,0.0010369352528913078,20,0.1767952630841487,0.2203119595611588,0.3024739856221208,0.3024751294242645,0.05191579809334229,0.008493072645730404,0.4130834324613432,0.10336836638460932
run_stage2_ml,ml,w-high.g-none.v-none,100,no_propensity,100000,0.2291486683296676,0.2295094513488375,10.6582670211792,0.2201595436039315,20000.0,,,-0.1513913842844482,-0.15506335021771162,0.0016257700716154067,20,0.1767952630841487,0.2203119595611588,0.3024739856221208,0.3024751294242645,0.0523534052455189,0.009197491787678702,0.41656538344985994,0.11194178368486624
run_stage2_ml,ml,w-high.g-none.v-none,100,dm,5000,0.2416268057204667,0.2449034751853389,2.660865306854248,0.2198429788107298,309.5784606933594,0.02405,487.2518005371094,0.03391998344884484,0.03242534399159469,0.002272813118113809,20,0.1767952630841487,0.2203119595611588,0.3024739856221208,0.3024751294242645,0.06483154263631799,0.024591515624180105,0.5158513814200334,0.2993009600913973
run_stage2_ml,ml,w-high.g-none.v-none,100,dm,25000,0.2513047945810912,0.2513940764541613,6.545122146606445,0.2201541466908543,85.68510437011719,0.01475,1082.8612060546875,0.0361938583539369,0.03504400440608613,0.0010660249435380242,20,0.1767952630841487,0.2203119595611588,0.3024739856221208,0.3024751294242645,0.07450953149694248,0.031082116893002498,0.592857167802851,0.3782974408702737
run_stage2_ml,ml,w-high.g-none.v-none,100,dm,100000,0.2602100940577601,0.260586007835821,5.772403240203857,0.2201595436039315,139.26461791992188,0.0216,1125.7745361328125,0.013356867230692016,0.012198418815738299,0.0,20,0.1767952630841487,0.2203119595611588,0.3024739856221208,0.3024751294242645,0.08341483097361138,0.04027404827466219,0.6637148221204169,0.4901715493908507
run_stage2_ml,ml,w-high.g-none.v-none,100,tempered_logger,5000,0.2198429788107298,0.22031195898447,7.978473758296385,0.2198429788107298,3443.96826171875,0.0091,31.055702209472656,0.0006163929944612012,-0.01128464280533592,0.0002927108799130884,20,0.1767952630841487,0.2203119595611588,0.3024739856221208,0.3024751294242645,0.043047715726581115,-5.76688780062895e-10,0.34252190710782277,-7.018823409853e-09
run_stage2_ml,ml,w-high.g-none.v-none,100,tempered_logger,25000,0.2201541466908543,0.22031195898447,58.95519088447909,0.2201541466908543,2650.454833984375,0.0157,35.35801696777344,0.004901413778772984,-0.007782620229792425,0.0,20,0.1767952630841487,0.2203119595611588,0.3024739856221208,0.3024751294242645,0.04335888360670562,-5.76688780062895e-10,0.34499780655874607,-7.018823409853e-09
run_stage2_ml,ml,w-high.g-none.v-none,100,tempered_logger,100000,0.2201595436039315,0.22031195898447,61.928786137678486,0.2201595436039315,2552.310546875,0.01495,35.35891342163086,0.00560277894111999,-0.0069136119464555945,0.0,20,0.1767952630841487,0.2203119595611588,0.3024739856221208,0.3024751294242645,0.043364280519782805,-5.76688780062895e-10,0.34504074869698714,-7.018823409853e-09
run_stage2_ml,ml,w-high.g-none.v-none,101,opc,5000,0.2391914140040749,0.2408739110051549,4.072559356689453,0.2233377528577703,1441.019775390625,0.0279,93.08722686767578,0.007270990723860893,-0.006074910189355798,0.0,20,0.1793344193876718,0.2233487943734826,0.3004786622578727,0.3004783997304175,0.05985699461640309,0.017525116631672305,0.4940968980303624,0.22721646961073913
run_stage2_ml,ml,w-high.g-none.v-none,101,opc,25000,0.251550288120912,0.2517017443056553,6.6378912925720215,0.2233455761843644,976.6063232421876,0.02735,238.4907073974609,0.008041648944212498,-0.005538225358907023,0.0018384623398552957,20,0.1793344193876718,0.2233487943734826,0.3004786622578727,0.3004783997304175,0.07221586873324021,0.02835294993217269,0.5961147391099335,0.36760138731376774
run_stage2_ml,ml,w-high.g-none.v-none,101,opc,100000,0.2609393092468425,0.2612672083239034,12.349924087524414,0.2233928598746096,840.91845703125,0.03275,223.529037475586,0.0258790460750416,0.01108371659992402,0.0015088695999564972,20,0.1793344193876718,0.2233487943734826,0.3004786622578727,0.3004783997304175,0.08160488985917069,0.03791841395042078,0.6736175646960431,0.4916194472271009
run_stage2_ml,ml,w-high.g-none.v-none,101,no_propensity,5000,0.2253230211847564,0.2273469250536488,3.493797063827514,0.2233377528577703,20000.0,,,-0.16371914721663208,-0.1668605552621224,0.0,20,0.1793344193876718,0.2233487943734826,0.3004786622578727,0.3004783997304175,0.04598860179708458,0.0039981306801662175,0.37961854981716914,0.05183652453119593
run_stage2_ml,ml,w-high.g-none.v-none,101,no_propensity,25000,0.2286304350267074,0.2288945272333538,28.693124771118164,0.2233455761843644,20000.0,,,-0.154275704480233,-0.15790159850182223,0.001926091789417994,20,0.1793344193876718,0.2233487943734826,0.3004786622578727,0.3004783997304175,0.0492960156390356,0.0055457328598712,0.40692000272644785,0.07190148107470602
run_stage2_ml,ml,w-high.g-none.v-none,101,no_propensity,100000,0.2272891270255347,0.2273205743978049,24.599964141845703,0.2233928598746096,20000.0,,,-0.1483172791337272,-0.1520468577779563,0.0,20,0.1793344193876718,0.2233487943734826,0.3004786622578727,0.3004783997304175,0.04795470763786289,0.003971780024322302,0.3958480114423895,0.0514948832674818
run_stage2_ml,ml,w-high.g-none.v-none,101,dm,5000,0.2176328610800083,0.218705625223134,3.2829155921936035,0.2233377528577703,444.3702392578125,0.0185,223.8363494873047,0.0525465596296017,0.05101721010322974,0.008283101451821817,20,0.1793344193876718,0.2233487943734826,0.3004786622578727,0.3004783997304175,0.03829844169233648,-0.004643169150348597,0.3161391807398646,-0.06019957095412674
run_stage2_ml,ml,w-high.g-none.v-none,101,dm,25000,0.2482766654324086,0.2483762249206501,15.275172233581545,0.2233455761843644,875.9530029296875,0.02175,162.38754272460938,0.010176852719828294,0.009030419293056008,0.0008307380606580039,20,0.1793344193876718,0.2233487943734826,0.3004786622578727,0.3004783997304175,0.06894224604473678,0.025027430547167495,0.5690922194181729,0.3244853961244496
run_stage2_ml,ml,w-high.g-none.v-none,101,dm,100000,0.2487869947798863,0.2489401754200425,10.95323657989502,0.2233928598746096,739.57763671875,0.02245,157.00961303710938,0.010343542730031907,0.00912561334945261,0.00037070336040759266,20,0.1793344193876718,0.2233487943734826,0.3004786622578727,0.3004783997304175,0.0694525753922145,0.02559138104655989,0.5733047955620059,0.3317971215868396
run_stage2_ml,ml,w-high.g-none.v-none,101,tempered_logger,5000,0.2233377528577703,0.2233487942469673,11.531997597733666,0.2233377528577703,2585.521240234375,0.0106,55.73716735839844,0.0020172464460473938,-0.009896518929718406,5.953703241740049e-05,20,0.1793344193876718,0.2233487943734826,0.3004786622578727,0.3004783997304175,0.044003333470098493,-1.2651529823770602e-10,0.36323090910102557,-1.640294899114646e-09
run_stage2_ml,ml,w-high.g-none.v-none,101,tempered_logger,25000,0.2233455761843644,0.2233487942469673,62.26667590091786,0.2233455761843644,2279.498291015625,0.0135,68.04994201660156,-0.005530877369018694,-0.01719461797834379,4.7561683507391095e-05,20,0.1793344193876718,0.2233487943734826,0.3004786622578727,0.3004783997304175,0.044011156796692597,-1.2651529823770602e-10,0.3632954877092099,-1.640294899114646e-09
run_stage2_ml,ml,w-high.g-none.v-none,101,tempered_logger,100000,0.2233928598746096,0.2233487942469673,23.710893972685028,0.2233928598746096,2468.48095703125,0.0124,66.32170867919922,0.012971370638963087,0.0006441687268025909,0.0,20,0.1793344193876718,0.2233487943734826,0.3004786622578727,0.3004783997304175,0.0440584404869378,-1.2651529823770602e-10,0.36368579672534584,-1.640294899114646e-09
run_stage2_ml,ml,w-none.g-high.v-none,100,opc,5000,0.2422382954766191,0.2468269114532088,2.868748426437378,0.234353841878591,2966.771484375,0.0126,72.86759948730469,-0.00128473083275929,-0.012983974476468901,0.0,20,0.1879816984312879,0.2345581386409051,0.2886596020138635,0.2887451929042147,0.0542565970453312,0.012268772812303708,0.538912662209242,0.22641520154770575
run_stage2_ml,ml,w-none.g-high.v-none,100,opc,25000,0.2511461364875996,0.2516399222876195,8.982133865356445,0.2343262150197412,706.4324340820312,0.0292,185.31951904296875,0.008067519699457903,-0.006304582147410892,0.0,20,0.1879816984312879,0.2345581386409051,0.2886596020138635,0.2887451929042147,0.0631644380563117,0.017081783646714394,0.6273912726490624,0.31523735473254144
run_stage2_ml,ml,w-none.g-high.v-none,100,opc,100000,0.2535379830314644,0.2534527752752884,8.092679023742676,0.2332886636262467,745.8355712890625,0.0332,165.01736450195312,0.039746105341719795,0.023774840290631705,0.0,20,0.1879816984312879,0.2345581386409051,0.2886596020138635,0.2887451929042147,0.06555628460017651,0.018894636634383316,0.6511486857332853,0.34869281770825106
run_stage2_ml,ml,w-none.g-high.v-none,100,no_propensity,5000,0.2288271020526719,0.2324566564333584,2.783587455749512,0.234353841878591,20000.0,,,-0.1688186656112504,-0.1717763116244714,0.0,20,0.1879816984312879,0.2345581386409051,0.2886596020138635,0.2887451929042147,0.040845403621384,-0.0021014822075467177,0.40570375591782937,-0.038781997584423876
run_stage2_ml,ml,w-none.g-high.v-none,100,no_propensity,25000,0.2332520782432151,0.2331053418207524,11.624259948730469,0.2343262150197412,20000.0,,,-0.15855079139085537,-0.1621553601302032,0.00015488229016011323,20,0.1879816984312879,0.2345581386409051,0.2886596020138635,0.2887451929042147,0.04527037981192719,-0.001452796820152702,0.4496555669218581,-0.0268107731616701
run_stage2_ml,ml,w-none.g-high.v-none,100,no_propensity,100000,0.2305745561830672,0.2307490637984449,10.666913032531738,0.2332886636262467,20000.0,,,-0.147183605026451,-0.15098396008002168,0.0013021857458989095,20,0.1879816984312879,0.2345581386409051,0.2886596020138635,0.2887451929042147,0.04259285775177929,-0.0038090748424602083,0.42306063432126206,-0.07029492365373621
run_stage2_ml,ml,w-none.g-high.v-none,100,dm,5000,0.2364445071508824,0.2394446672898743,2.6915171146392822,0.234353841878591,1324.9107666015625,0.01625,117.4125747680664,0.026529784888988828,0.025179423287577385,0.000743923441218014,20,0.1879816984312879,0.2345581386409051,0.2886596020138635,0.2887451929042147,0.04846280871959449,0.004886528648969185,0.48136489731180687,0.09017889448694182
run_stage2_ml,ml,w-none.g-high.v-none,100,dm,25000,0.246039381288222,0.2464673395223842,6.678713321685791,0.2343262150197412,528.385009765625,0.01415,352.4354858398437,0.0076481792700970885,0.006512309350879597,0.0,20,0.1879816984312879,0.2345581386409051,0.2886596020138635,0.2887451929042147,0.058057682856934106,0.011909200881479093,0.5766675783958438,0.21977944812443687
run_stage2_ml,ml,w-none.g-high.v-none,100,dm,100000,0.2479991556815831,0.2484201212457251,5.687530994415283,0.2332886636262467,1166.23828125,0.0177,154.57766723632812,0.0025658963508876087,0.0014181636548178111,0.00016498229924211127,20,0.1879816984312879,0.2345581386409051,0.2886596020138635,0.2887451929042147,0.0600174572502952,0.013861982604819995,0.5961333630777198,0.2558172388825727
run_stage2_ml,ml,w-none.g-high.v-none,100,tempered_logger,5000,0.234353841878591,0.2345581386615843,50.08951739606062,0.234353841878591,2885.400146484375,0.00935,55.814640045166016,-1.795742672491829e-05,-0.012449147145014106,0.0,20,0.1879816984312879,0.2345581386409051,0.2886596020138635,0.2887451929042147,0.046372143447303116,2.067918059012186e-11,0.4605990172338947,3.816258490383352e-10
run_stage2_ml,ml,w-none.g-high.v-none,100,tempered_logger,25000,0.2343262150197412,0.2345581386615843,43.506628160204734,0.2343262150197412,2799.192626953125,0.0094,53.70149993896485,0.003520323404750586,-0.009331370247065623,5.5178225194796315e-05,20,0.1879816984312879,0.2345581386409051,0.2886596020138635,0.2887451929042147,0.046344516588453316,2.067918059012186e-11,0.4603246088695296,3.816258490383352e-10
run_stage2_ml,ml,w-none.g-high.v-none,100,tempered_logger,100000,0.2332886636262467,0.2345581386615843,6.984303426567514,0.2332886636262467,4095.345703125,0.00425,28.10561180114746,-0.0004388570790818114,-0.011876630986173004,0.0011001949151746016,20,0.1879816984312879,0.2345581386409051,0.2886596020138635,0.2887451929042147,0.045306965194958804,2.067918059012186e-11,0.45001895731567576,3.816258490383352e-10
run_stage2_ml,ml,w-none.g-high.v-none,101,opc,5000,0.231125562683933,0.2328575810007822,4.606353282928467,0.230519452730986,1547.05029296875,0.0193,85.74481201171875,0.000926957233555098,-0.011982998041026705,0.0,20,0.1873018852190164,0.2306125958530168,0.2838452612640447,0.2838394331594466,0.04382367746491661,0.002244985147765388,0.4539273356721753,0.04217769195717729
run_stage2_ml,ml,w-none.g-high.v-none,101,opc,25000,0.2437591795438581,0.2436962786602997,30.70620346069336,0.2305775527908248,520.5801391601562,0.03745,382.0924377441406,0.01252025919019642,-0.002041830483405699,0.0022966244394410085,20,0.1873018852190164,0.2306125958530168,0.2838452612640447,0.2838394331594466,0.0564572943248417,0.013083682807282893,0.5847868247171069,0.24580988594079747
run_stage2_ml,ml,w-none.g-high.v-none,101,opc,100000,0.2493968233938389,0.24951818475493,12.624929428100586,0.2299111558398509,891.1090698242188,0.0337,349.407958984375,0.009885646355611788,-0.004346706903472497,0.0006801156780112949,20,0.1873018852190164,0.2306125958530168,0.2838452612640447,0.2838394331594466,0.062094938174822506,0.01890558890191321,0.6431817564144549,0.35518903355224185
run_stage2_ml,ml,w-none.g-high.v-none,101,no_propensity,5000,0.2291927920004569,0.2307205314922452,3.719221353530884,0.230519452730986,20000.0,,,-0.1602901653668128,-0.1636118403667915,0.0,20,0.1873018852190164,0.2306125958530168,0.2838452612640447,0.2838394331594466,0.0418909067814405,0.00010793563922839589,0.43390762264106425,0.0020278424323242152
run_stage2_ml,ml,w-none.g-high.v-none,101,no_propensity,25000,0.2290598337472001,0.2292460617904723,21.75531005859375,0.2305775527908248,20000.0,,,-0.14125473396187221,-0.1451689823300831,0.002789347003566006,20,0.1873018852190164,0.2306125958530168,0.2838452612640447,0.2838394331594466,0.04175794852818371,-0.0013665340625445,0.432530435943193,-0.025673779087742692
run_stage2_ml,ml,w-none.g-high.v-none,101,no_propensity,100000,0.2284919109628942,0.2287425077257215,19.402114868164062,0.2299111558398509,20000.0,,,-0.1404738810346868,-0.1443936317288591,0.0020752021076335114,20,0.1873018852190164,0.2306125958530168,0.2838452612640447,0.2838394331594466,0.04119002574387781,-0.0018700881272953052,0.42664786991358766,-0.035134308591906485
run_stage2_ml,ml,w-none.g-high.v-none,101,dm,5000,0.2290535799330708,0.2304770485561979,3.2946739196777344,0.230519452730986,1046.877685546875,0.0194,158.5398712158203,0.021249688499546393,0.019904332833418192,0.0027700377443050928,20,0.1873018852190164,0.2306125958530168,0.2838452612640447,0.2838394331594466,0.041751694714054405,-0.00013554729681888866,0.43246565869605813,-0.0025465968612513176
run_stage2_ml,ml,w-none.g-high.v-none,101,dm,25000,0.2414515522810501,0.2415941769988873,12.67872142791748,0.2305775527908248,811.0311279296875,0.01755,267.0104064941406,0.007430234780641087,0.006265041049379888,9.090626984789574e-05,20,0.1873018852190164,0.2306125958530168,0.2838452612640447,0.2838394331594466,0.054149667062033724,0.0109815811458705,0.5608843328285729,0.20631661961519412
run_stage2_ml,ml,w-none.g-high.v-none,101,dm,100000,0.2457884158010472,0.2459857369339659,9.704044342041016,0.2299111558398509,1432.3167724609375,0.01525,69.51160430908203,-0.0009336079473485082,-0.0021330058567534116,0.00021667975058828337,20,0.1873018852190164,0.2306125958530168,0.2838452612640447,0.2838394331594466,0.05848653058203082,0.015373141080949088,0.6058057318686724,0.28882311741434263
run_stage2_ml,ml,w-none.g-high.v-none,101,tempered_logger,5000,0.230519452730986,0.2306125961328396,11.531997597733666,0.230519452730986,4034.16455078125,0.0076,21.029848098754883,-0.0009731889170136176,-0.013115928046511016,0.00019850119465289473,20,0.1873018852190164,0.2306125958530168,0.2838452612640447,0.2838394331594466,0.04321756751196962,2.798228038169981e-10,0.4476492254819506,5.257175101463253e-09
run_stage2_ml,ml,w-none.g-high.v-none,101,tempered_logger,25000,0.2305775527908248,0.2306125961328396,13.128289854715517,0.2305775527908248,3946.396728515625,0.008,21.08036994934082,-0.002322057361785812,-0.014296852665143717,0.0001404260517425815,20,0.1873018852190164,0.2306125958530168,0.2838452612640447,0.2838394331594466,0.043275667571808424,2.798228038169981e-10,0.4482510281350058,5.257175101463253e-09
run_stage2_ml,ml,w-none.g-high.v-none,101,tempered_logger,100000,0.2299111558398509,0.2306125961328396,6.391413273611708,0.2299111558398509,4595.8017578125,0.00405,19.436708450317383,-0.000618107458045497,-0.011925310893324076,0.0008065996444903134,20,0.1873018852190164,0.2306125958530168,0.2838452612640447,0.2838394331594466,0.0426092706208345,2.798228038169981e-10,0.4413484629019119,5.257175101463253e-09
run_stage2_ml,ml,w-none.g-none.v-high,100,opc,5000,0.2186793299541639,0.22444601768806,2.163506269454956,0.2145023060788866,4574.9755859375,0.0069,28.67424201965332,0.007429072059614794,-0.003991967275447095,0.0008277679068963151,20,0.17420730827928,0.2172759156366293,0.2704022900368695,0.2706104379147192,0.0444720216748839,0.0071701020514307046,0.46231124391657974,0.13443641651171617
run_stage2_ml,ml,w-none.g-none.v-high,100,opc,25000,0.2313919543470517,0.2317207260787598,6.465205192565918,0.2149979806870594,1475.7777099609375,0.0335,76.17813873291016,0.012158331349931606,-0.0023415107054446105,0.0008911185183267945,20,0.17420730827928,0.2172759156366293,0.2704022900368695,0.2706104379147192,0.05718464606777171,0.014444810442130501,0.5944660004393629,0.2708341581614671
run_stage2_ml,ml,w-none.g-none.v-high,100,opc,100000,0.2342980938993475,0.2348659633015318,7.363913059234619,0.2169272857109684,1555.61279296875,0.03935,104.99266052246094,0.03713514031543522,0.020758584202613478,6.0172069667990824e-05,20,0.17420730827928,0.2172759156366293,0.2704022900368695,0.2706104379147192,0.060090785620067505,0.01759004766490252,0.6246769272382187,0.3298060414451034
run_stage2_ml,ml,w-none.g-none.v-high,100,no_propensity,5000,0.2179730923180316,0.2209879222864711,2.781531572341919,0.2145023060788866,20000.0,,,-0.1587023415868019,-0.16169430454259762,0.0,20,0.17420730827928,0.2172759156366293,0.2704022900368695,0.2706104379147192,0.043765784038751615,0.003712006649841809,0.45496951336859753,0.06959857314343507
run_stage2_ml,ml,w-none.g-none.v-high,100,no_propensity,25000,0.2183679207808037,0.2189120769325664,8.659146308898926,0.2149979806870594,20000.0,,,-0.1439339756614228,-0.14752904575293568,0.0005937975823218089,20,0.17420730827928,0.2172759156366293,0.2704022900368695,0.2706104379147192,0.0441606125015237,0.0016361612959371052,0.4590739734512144,0.030677340417638796
run_stage2_ml,ml,w-none.g-none.v-high,100,no_propensity,100000,0.2168275373594707,0.2170723607293917,7.217906951904297,0.2169272857109684,20000.0,,,-0.1368298264758533,-0.14054192167657448,0.0014115493600947993,20,0.17420730827928,0.2172759156366293,0.2704022900368695,0.2706104379147192,0.0426202290801907,-0.0002035549072375853,0.44306083645395655,-0.003816569429013271
run_stage2_ml,ml,w-none.g-none.v-high,100,dm,5000,0.2154437173058343,0.2168316229258119,2.6962294578552246,0.2145023060788866,2016.3055419921875,0.01665,70.18830871582031,0.037432236606900676,0.036154471135349,0.0033987363038091023,20,0.17420730827928,0.2172759156366293,0.2704022900368695,0.2706104379147192,0.041236409026554316,-0.00044429271081738997,0.4286752621926755,-0.008330302622770607
run_stage2_ml,ml,w-none.g-none.v-high,100,dm,25000,0.2306953094282998,0.2310919908806796,6.093532085418701,0.2149979806870594,1213.6324462890625,0.0229,65.566162109375,0.023764786930953075,0.0227597233388237,0.0,20,0.17420730827928,0.2172759156366293,0.2704022900368695,0.2706104379147192,0.056488001149019806,0.013816075244050319,0.5872239914902116,0.25904563599561903
run_stage2_ml,ml,w-none.g-none.v-high,100,dm,100000,0.231397138369497,0.231524713990954,5.696382522583008,0.2169272857109684,2026.1536865234373,0.0217,48.965553283691406,0.004258750545564904,0.0032721794940324955,0.0001442968176560977,20,0.17420730827928,0.2172759156366293,0.2704022900368695,0.2706104379147192,0.057189830090217,0.014248798354324715,0.5945198912177649,0.2671590134440594
run_stage2_ml,ml,w-none.g-none.v-high,100,tempered_logger,5000,0.2145023060788866,0.2172759151672886,3.238879086506256,0.2145023060788866,6059.58251953125,0.0011,12.985183715820312,-0.0055581195106264025,-0.015425611125683802,0.002523182467512597,20,0.17420730827928,0.2172759156366293,0.2704022900368695,0.2706104379147192,0.0402949977996066,-4.693406774336495e-10,0.41888877219343557,-8.799941527299604e-09
run_stage2_ml,ml,w-none.g-none.v-high,100,tempered_logger,25000,0.2149979806870594,0.2172759151672886,3.5334831773965987,0.2149979806870594,5596.56494140625,0.0019,13.491189002990724,-0.002125326487459195,-0.012146036463561494,0.0020397790351294187,20,0.17420730827928,0.2172759156366293,0.2704022900368695,0.2706104379147192,0.040790672407779394,-4.693406774336495e-10,0.42404158369270784,-8.799941527299604e-09
run_stage2_ml,ml,w-none.g-none.v-high,100,tempered_logger,100000,0.2169272857109684,0.2172759151672886,12.771130263734046,0.2169272857109684,3504.741455078125,0.01045,22.68453598022461,-0.001817564884819406,-0.013858296401165981,0.00011464638719499431,20,0.17420730827928,0.2172759156366293,0.2704022900368695,0.2706104379147192,0.0427199774316884,-4.693406774336495e-10,0.4440977756962662,-8.799941527299604e-09
run_stage2_ml,ml,w-none.g-none.v-high,101,opc,5000,0.2264693470787109,0.2274776005880685,4.368279457092285,0.2206753397666163,1317.88818359375,0.0253,94.45111083984376,0.009057706396669002,-0.004031890464823079,0.0,20,0.178774757260407,0.2207635370520467,0.2687593603725969,0.2690018751690662,0.04769458981830388,0.006714063536021803,0.5300305626601454,0.13918521653325658
run_stage2_ml,ml,w-none.g-none.v-high,101,opc,25000,0.2363708021095534,0.2365421791597033,13.836784362792969,0.2196506774678715,1002.9534912109376,0.02945,143.88014221191406,0.020155310446904107,0.005774430322778884,0.0003608922292999972,20,0.178774757260407,0.2207635370520467,0.2687593603725969,0.2690018751690662,0.057596044849146405,0.015778642107656587,0.6400655540741511,0.3270975477923762
run_stage2_ml,ml,w-none.g-none.v-high,101,opc,100000,0.2382217828557392,0.2391401871272955,5.309000492095947,0.220389846700148,1114.563720703125,0.03385,125.8588409423828,0.038093548603306215,0.022443524220142286,0.001451389803552694,20,0.178774757260407,0.2207635370520467,0.2687593603725969,0.2690018751690662,0.05944702559533219,0.0183766500752488,0.6606355258489672,0.3809552897670232
run_stage2_ml,ml,w-none.g-none.v-high,101,no_propensity,5000,0.2194744865364327,0.2212783199933247,3.784637689590454,0.2206753397666163,20000.0,,,-0.1532268891996636,-0.1564857067034581,0.0,20,0.178774757260407,0.2207635370520467,0.2687593603725969,0.2690018751690662,0.04069972927602569,0.0005147829412779914,0.45229659151002294,0.010671655810969268
run_stage2_ml,ml,w-none.g-none.v-high,101,no_propensity,25000,0.2206538459960822,0.2207494902188224,12.657099723815918,0.2196506774678715,20000.0,,,-0.1386213964526061,-0.1424005728590016,0.0010770247976157055,20,0.178774757260407,0.2207635370520467,0.2687593603725969,0.2690018751690662,0.041879088735675196,-1.404683322431266e-05,0.46540282767554914,-0.0002911964585147398
run_stage2_ml,ml,w-none.g-none.v-high,101,no_propensity,100000,0.2221189531801025,0.2222617258263232,16.419788360595703,0.220389846700148,20000.0,,,-0.1361154484865944,-0.1399973293324974,0.00032135423891591075,20,0.178774757260407,0.2207635370520467,0.2687593603725969,0.2690018751690662,0.04334419591969549,0.0014981887742764877,0.4816845818129058,0.03105805118414507
run_stage2_ml,ml,w-none.g-none.v-high,101,dm,5000,0.2191821374046814,0.2202508324607673,3.253434896469116,0.2206753397666163,1034.3619384765625,0.0177,91.30143737792967,0.03240158780932312,0.030945476096121582,0.004580987290332295,20,0.178774757260407,0.2207635370520467,0.2687593603725969,0.2690018751690662,0.04040738014427439,-0.000512704591279417,0.44904771201686333,-0.01062857078607615
run_stage2_ml,ml,w-none.g-none.v-high,101,dm,25000,0.2324949316855963,0.2326549859794529,12.561383247375488,0.2196506774678715,1321.0198974609375,0.01925,93.78238677978516,0.0036977715614740225,0.002644038345188421,0.0008791697397610154,20,0.178774757260407,0.2207635370520467,0.2687593603725969,0.2690018751690662,0.05372017442518928,0.011891448927406179,0.5969929584310407,0.24651448187454506
run_stage2_ml,ml,w-none.g-none.v-high,101,dm,100000,0.2355033850725073,0.2357405300943737,8.967963218688965,0.220389846700148,1449.5645751953125,0.01665,88.96220397949219,0.0021916085426431087,0.00113720297360001,0.0003880227670179093,20,0.178774757260407,0.2207635370520467,0.2687593603725969,0.2690018751690662,0.05672862781210028,0.014976993042326997,0.6304259378837607,0.31047904274800875
run_stage2_ml,ml,w-none.g-none.v-high,101,tempered_logger,5000,0.2206753397666163,0.2207635374235773,62.503396749778005,0.2206753397666163,3116.681396484375,0.0108,30.92497444152832,0.006601879528885413,-0.0058767588184739095,4.990829162801469e-05,20,0.178774757260407,0.2207635370520467,0.2687593603725969,0.2690018751690662,0.04190058250620929,3.715305840756855e-10,0.46564168821158214,7.701977277376431e-09
run_stage2_ml,ml,w-none.g-none.v-high,101,tempered_logger,25000,0.2196506774678715,0.2207635374235773,4.643913700768906,0.2196506774678715,4910.31005859375,0.00275,19.212263107299805,0.00048545834870258875,-0.009982714934160808,0.0010722597232424858,20,0.178774757260407,0.2207635370520467,0.2687593603725969,0.2690018751690662,0.0408759202074645,3.715305840756855e-10,0.45425460349590835,7.701977277376431e-09
run_stage2_ml,ml,w-none.g-none.v-high,101,tempered_logger,100000,0.220389846700148,0.2207635374235773,7.2703990227886495,0.220389846700148,4102.78076171875,0.0052,24.06968688964844,-0.0026818401989502083,-0.013871508400213006,0.0003371142339270161,20,0.178774757260407,0.2207635370520467,0.2687593603725969,0.2690018751690662,0.04161508943974099,3.715305840756855e-10,0.46246900025615095,7.701977277376431e-09
run_stage2_kuairand,kuairand,high,100,opc,5000,0.1876748071856488,0.1900673992081615,2.404423475265503,0.1353612262948628,640.9708862304688,0.01705,391.3371276855469,-0.006569551105021387,-0.016291392380673703,0.0,20,0.1102468258185234,0.1354482962605341,0.2564909648546495,0.2567630684565578,0.0774279813671254,0.054619102947627424,0.5294433122410375,0.4502263158799194
run_stage2_kuairand,kuairand,high,100,opc,25000,0.1962353276148019,0.1965980795043521,5.537825584411621,0.1353659590541266,561.4396362304688,0.0222,267.634033203125,-0.009581132425325878,-0.020247956982465204,0.0015188043977808208,20,0.1102468258185234,0.1354482962605341,0.2564909648546495,0.2567630684565578,0.0859885017962785,0.06114978324381801,0.587979131081876,0.5040588391412921
run_stage2_kuairand,kuairand,high,100,opc,100000,0.2018588347909117,0.2020285874852211,4.828078269958496,0.1352976685074614,425.3637390136719,0.0196,315.3115539550781,-7.166104289541009e-05,-0.009864196116584317,0.00032000078619009997,20,0.1102468258185234,0.1354482962605341,0.2564909648546495,0.2567630684565578,0.09161200897238832,0.066580291224687,0.6264320031981437,0.548822620852016
run_stage2_kuairand,kuairand,high,100,no_propensity,5000,0.1547913331596264,0.1572226191937675,2.523112297058105,0.1353612262948628,20000.0,,,-0.1096911620406518,-0.1124019417241458,0.0009592198489596082,20,0.1102468258185234,0.1354482962605341,0.2564909648546495,0.2567630684565578,0.044544507341103004,0.02177432293323342,0.30459003440882754,0.1794861626418412
run_stage2_kuairand,kuairand,high,100,no_propensity,25000,0.1505353520431078,0.150784612841603,8.073066711425781,0.1353659590541266,20000.0,,,-0.10155288454075231,-0.1045050932844144,0.003711444416336085,20,0.1102468258185234,0.1354482962605341,0.2564909648546495,0.2567630684565578,0.04028852622458441,0.015336316581068904,0.27548814256844917,0.12641755248312275
run_stage2_kuairand,kuairand,high,100,no_propensity,100000,0.1506478545362904,0.1509836277246184,6.9191975593566895,0.1352976685074614,20000.0,,,-0.0989938509757474,-0.10202233101969499,0.0020484803501676085,20,0.1102468258185234,0.1354482962605341,0.2564909648546495,0.2567630684565578,0.040401028717767004,0.015535331464084312,0.27625742121389835,0.12805803599071927
run_stage2_kuairand,kuairand,high,100,dm,5000,0.1999358553218129,0.2013564220008764,2.334059238433838,0.1353612262948628,111.57222747802734,0.0149,794.5359497070312,-0.00041854565613300143,-0.002365720341207106,0.0003894736679034838,20,0.1102468258185234,0.1354482962605341,0.2564909648546495,0.2567630684565578,0.08968902950328951,0.0659081257403423,0.613282898681731,0.5432819478393461
run_stage2_kuairand,kuairand,high,100,dm,25000,0.1926152974152752,0.1930167324515098,4.208364486694336,0.1353659590541266,137.68707275390625,0.01405,688.2966918945312,-0.009127449967879897,-0.01065736083806848,0.004267964856511319,20,0.1102468258185234,0.1354482962605341,0.2564909648546495,0.2567630684565578,0.0823684715967518,0.05756843619097571,0.5632257958481649,0.47453772651821063
run_stage2_kuairand,kuairand,high,100,dm,100000,0.1977844704311716,0.1982029398698393,3.872199296951294,0.1352976685074614,228.8591461181641,0.0146,262.8062438964844,-0.0034779478233682992,-0.005145976843975497,0.0013264180839283046,20,0.1102468258185234,0.1354482962605341,0.2564909648546495,0.2567630684565578,0.0875376446126482,0.06275464360930522,0.5985719851037867,0.5172877339942128
run_stage2_kuairand,kuairand,high,100,tempered_logger,5000,0.1353612262948628,0.1354482962605341,50.08951739606062,0.1353612262948628,2121.484619140625,0.02135,56.96207046508789,0.004731236006391387,-0.0053503023257190085,0.0,20,0.1102468258185234,0.1354482962605341,0.2564909648546495,0.2567630684565578,0.025114400476339407,0.0,0.17172927846452363,0.0
run_stage2_kuairand,kuairand,high,100,tempered_logger,25000,0.1353659590541266,0.1354482962605341,58.95519088447909,0.1353659590541266,2097.06298828125,0.01975,57.09054946899414,0.004804078692302788,-0.0052010730967518015,0.0,20,0.1102468258185234,0.1354482962605341,0.2564909648546495,0.2567630684565578,0.025119133235603205,0.0,0.17176164050853435,0.0
run_stage2_kuairand,kuairand,high,100,tempered_logger,100000,0.1352976685074614,0.1354482962605341,12.771130263734046,0.1352976685074614,2565.90283203125,0.01805,49.33613204956055,0.0024641776772691137,-0.006861540739264899,6.978184640352159e-05,20,0.1102468258185234,0.1354482962605341,0.2564909648546495,0.2567630684565578,0.025050842688937994,0.0,0.17129467788620087,0.0
run_stage2_kuairand,kuairand,high,101,opc,5000,0.1862040804362495,0.1868881233057292,3.454952001571656,0.1548716482795176,773.1626586914062,0.0188,168.32606506347656,-0.010139559361954514,-0.019943475795116516,0.0,20,0.1215584078795596,0.155186239707566,0.2646501439108739,0.2649732540315846,0.0646456725566899,0.0317018835981632,0.45177781994721766,0.28875804477750183
run_stage2_kuairand,kuairand,high,101,opc,25000,0.2169876211600289,0.2170155131654248,21.242015838623047,0.1552322252713559,45.416351318359375,0.02175,3958.05615234375,-0.0089892112927423,-0.019057421943036612,0.0020197996613594005,20,0.1215584078795596,0.155186239707566,0.2646501439108739,0.2649732540315846,0.0954292132804693,0.0618292734578588,0.6669093263330421,0.5631747419178347
run_stage2_kuairand,kuairand,high,101,opc,100000,0.2201383837808331,0.2202170358107773,8.40081787109375,0.1550505856253809,335.1077575683594,0.022,344.698486328125,-0.01653145042550172,-0.026129381352740705,0.001564818729035078,20,0.1215584078795596,0.155186239707566,0.2646501439108739,0.2649732540315846,0.09857997590127351,0.0650307961032113,0.6889285058341889,0.5923359561567403
run_stage2_kuairand,kuairand,high,101,no_propensity,5000,0.1708420476016876,0.1732921056951143,2.9885895252227783,0.1548716482795176,20000.0,,,-0.11739477124785161,-0.12038744362822791,0.0,20,0.1215584078795596,0.155186239707566,0.2646501439108739,0.2649732540315846,0.049283639722128014,0.018105865987548292,0.3444198881711992,0.164918101644624
run_stage2_kuairand,kuairand,high,101,no_propensity,25000,0.1740129762091026,0.1743819144590399,8.92743968963623,0.1552322252713559,20000.0,,,-0.11686863235610581,-0.12005168517344192,0.00218202150832858,20,0.1215584078795596,0.155186239707566,0.2646501439108739,0.2649732540315846,0.05245456832954301,0.01919567475147388,0.36657999814932585,0.17484467420546615
run_stage2_kuairand,kuairand,high,101,no_propensity,100000,0.1706941565994419,0.1707967068714531,14.706595420837402,0.1550505856253809,20000.0,,,-0.1084471522394814,-0.1117853088143681,0.0049301133831674004,20,0.1215584078795596,0.155186239707566,0.2646501439108739,0.2649732540315846,0.0491357487198823,0.015610467163887087,0.3433863483851325,0.14218864826595357
run_stage2_kuairand,kuairand,high,101,dm,5000,0.2096845233231241,0.2102539496786737,2.5946171283721924,0.1548716482795176,454.3507080078125,0.01415,236.80943298339844,-0.017441796639507484,-0.019369946147596406,0.0,20,0.1215584078795596,0.155186239707566,0.2646501439108739,0.2649732540315846,0.0881261154435645,0.05506770997110769,0.615871453430958,0.501586734188656
run_stage2_kuairand,kuairand,high,101,dm,25000,0.2061840641264624,0.2063953903107792,7.805744171142578,0.1552322252713559,113.3622817993164,0.0128,610.7479248046875,-0.0018388527397817933,-0.00358955295846361,0.008146052093630396,20,0.1215584078795596,0.155186239707566,0.2646501439108739,0.2649732540315846,0.0846256562469028,0.05120915060321318,0.5914084110935888,0.466440871158748
run_stage2_kuairand,kuairand,high,101,dm,100000,0.2114358835798077,0.2115888672485734,6.30495548248291,0.1550505856253809,224.1175994873047,0.01425,489.2860107421875,-0.0074932121616176905,-0.009287554486968885,0.004825248101302915,20,0.1215584078795596,0.155186239707566,0.2646501439108739,0.2649732540315846,0.0898774757002481,0.05640262754100739,0.6281108762324279,0.5137458914270513
run_stage2_kuairand,kuairand,high,101,tempered_logger,5000,0.1548716482795176,0.1551862397075659,5.360331227480272,0.1548716482795176,2938.832763671875,0.0159,34.248172760009766,-0.005790805546134509,-0.015237780835969106,0.000417176863718699,20,0.1215584078795596,0.155186239707566,0.2646501439108739,0.2649732540315846,0.033313240399958005,-1.1102230246251565e-16,0.23281037272947555,-1.011251678043191e-15
run_stage2_kuairand,kuairand,high,101,tempered_logger,25000,0.1552322252713559,0.1551862397075659,62.26667590091786,0.1552322252713559,1836.8936767578125,0.0246,112.10367584228516,0.0011469528950334984,-0.0091117825554759,5.7904810136177876e-05,20,0.1215584078795596,0.155186239707566,0.2646501439108739,0.2649732540315846,0.03367381739179631,-1.1102230246251565e-16,0.2353302736115181,-1.011251678043191e-15
run_stage2_kuairand,kuairand,high,101,tempered_logger,100000,0.1550505856253809,0.1551862397075659,6.391413273611708,0.1550505856253809,2585.035888671875,0.0204,35.26664733886719,0.0003870626709752967,-0.009433336369736117,0.0002305943523149001,20,0.1215584078795596,0.155186239707566,0.2646501439108739,0.2649732540315846,0.033492177745821305,-1.1102230246251565e-16,0.23406088062620092,-1.011251678043191e-15
run_stage2_kuairand,kuairand,medium,100,opc,5000,0.237422746987227,0.2400414220781708,2.358481884002685,0.2133611120739061,938.4657592773438,0.0159,239.91864013671875,-0.0011453306387697038,-0.012291690689563012,0.0,20,0.1721616501984169,0.2134217411148553,0.2721901865610002,0.2722163207595008,0.06526109678881012,0.026619680963315517,0.6524247895845621,0.4527573991378948
run_stage2_kuairand,kuairand,medium,100,opc,25000,0.2389045491618894,0.2390863796572875,7.850505352020264,0.2133949604289728,722.3078002929688,0.0249,302.670166015625,-0.00886855868528122,-0.020779684629856104,0.0,20,0.1721616501984169,0.2134217411148553,0.2721901865610002,0.2722163207595008,0.06674289896347252,0.0256646385424322,0.6672385840130955,0.43651368370263544
run_stage2_kuairand,kuairand,medium,100,opc,100000,0.2448202729469103,0.2453214819405842,4.941653728485107,0.2131721766975272,887.2725830078125,0.024,215.67779541015625,0.002562978839321689,-0.009707723549206404,0.0004126164875603855,20,0.1721616501984169,0.2134217411148553,0.2721901865610002,0.2722163207595008,0.07265862274849341,0.03189974082572891,0.7263789453553587,0.5425626140799198
run_stage2_kuairand,kuairand,medium,100,no_propensity,5000,0.2195606350631102,0.2227351285348716,2.4313459396362305,0.2133611120739061,20000.0,,,-0.1395260885090217,-0.1430797827284862,0.0,20,0.1721616501984169,0.2134217411148553,0.2721901865610002,0.2722163207595008,0.047398984864693294,0.009313387420016306,0.47385462777223414,0.15840554480202812
run_stage2_kuairand,kuairand,medium,100,no_propensity,25000,0.2202638629597835,0.2203199449335069,8.9963960647583,0.2133949604289728,20000.0,,,-0.1377835888189487,-0.1415489133747987,0.0013277408702545845,20,0.1721616501984169,0.2134217411148553,0.2721901865610002,0.2722163207595008,0.048102212761366614,0.00689820381865161,0.48088490055483546,0.11732720703752555
run_stage2_kuairand,kuairand,medium,100,no_propensity,100000,0.2221504775974387,0.2223530482032774,7.565267562866211,0.2131721766975272,20000.0,,,-0.13283241076203528,-0.1367336788289671,0.0,20,0.1721616501984169,0.2134217411148553,0.2721901865610002,0.2722163207595008,0.0499888273990218,0.008931307088422102,0.4997456647553291,0.15190698092244095
run_stage2_kuairand,kuairand,medium,100,dm,5000,0.2327665740179151,0.2346616574015875,2.4368226528167725,0.2133611120739061,295.64080810546875,0.0171,666.7708129882812,0.022893483049956004,0.02062968215791991,0.0006293401818294186,20,0.1721616501984169,0.2134217411148553,0.2721901865610002,0.2722163207595008,0.060604923819498197,0.02123991628673222,0.6058763431249015,0.3612563677656391
run_stage2_kuairand,kuairand,medium,100,dm,25000,0.2324381993569006,0.232902714296512,5.549604892730713,0.2133949604289728,927.421630859375,0.01955,142.8550262451172,0.0035181416713128966,0.0014745133311148961,0.00474094844002429,20,0.1721616501984169,0.2134217411148553,0.2721901865610002,0.2722163207595008,0.06027654915848371,0.019480973181656702,0.6025935333092685,0.33133961156623143
run_stage2_kuairand,kuairand,medium,100,dm,100000,0.2343005373289117,0.234807292555828,4.8552775382995605,0.2131721766975272,789.1868896484375,0.0192,154.29795837402344,0.002070830840872784,-6.874784507410192e-05,0.0034430813750734868,20,0.1721616501984169,0.2134217411148553,0.2721901865610002,0.2722163207595008,0.06213888713049481,0.021385551440972705,0.6212116001103312,0.363733384441678
run_stage2_kuairand,kuairand,medium,100,tempered_logger,5000,0.2133611120739061,0.2134217411148553,25.799108336377984,0.2133611120739061,2254.00439453125,0.01465,60.925594329833984,0.004636468692771706,-0.006081540176644196,3.0963334462591474e-05,20,0.1721616501984169,0.2134217411148553,0.2721901865610002,0.2722163207595008,0.0411994618754892,0.0,0.41187708401679946,0.0
run_stage2_kuairand,kuairand,medium,100,tempered_logger,25000,0.2133949604289728,0.2134217411148553,58.95519088447909,0.2133949604289728,2149.575927734375,0.017,72.15922546386719,-0.007980292703409803,-0.018990411016310604,0.0,20,0.1721616501984169,0.2134217411148553,0.2721901865610002,0.2722163207595008,0.0412333102305559,0.0,0.41221547100412886,0.0
run_stage2_kuairand,kuairand,medium,100,tempered_logger,100000,0.2131721766975272,0.2134217411148553,11.43035722244505,0.2131721766975272,2520.607177734375,0.01445,58.39647674560547,0.006742468259061496,-0.004304355082709793,0.0002235646114703005,20,0.1721616501984169,0.2134217411148553,0.2721901865610002,0.2722163207595008,0.0410105264991103,0.0,0.40998826925204024,0.0
run_stage2_kuairand,kuairand,medium,101,opc,5000,0.2439535059660987,0.2450402038327757,4.109177112579346,0.2344467413133064,1696.51953125,0.0167,90.4701919555664,0.0010586283474846025,-0.010182809880206284,0.0,20,0.1875089197188929,0.2344664222677989,0.2823522208662036,0.2827192838345736,0.056444586247205775,0.010573781564976792,0.5951351920947585,0.21913273579317705
run_stage2_kuairand,kuairand,medium,101,opc,25000,0.2563438710998792,0.2563632845586944,16.569711685180664,0.2330563779808582,396.4497375488281,0.0229,674.6356201171875,-0.0062148568462629394,-0.01742017906368712,0.000508152238731574,20,0.1875089197188929,0.2344664222677989,0.2823522208662036,0.2827192838345736,0.0688349513809863,0.02189686229089549,0.7257755745350092,0.45379406691960683
run_stage2_kuairand,kuairand,medium,101,opc,100000,0.2607559047534385,0.260808502885285,11.510838508605955,0.233771425015851,563.337890625,0.0215,319.430908203125,-0.0038781843974510233,-0.015180949127318405,0.000374210059460367,20,0.1875089197188929,0.2344664222677989,0.2823522208662036,0.2827192838345736,0.0732469850345456,0.026342080617486108,0.7722947656659307,0.545917480583667
run_stage2_kuairand,kuairand,medium,101,no_propensity,5000,0.2410051072981937,0.2430873554705737,3.3982975482940674,0.2344467413133064,20000.0,,,-0.14343779487877917,-0.14742054288876918,0.0,20,0.1875089197188929,0.2344664222677989,0.2823522208662036,0.2827192838345736,0.053496187579300775,0.008620933202774794,0.5640481397437913,0.1786615948329762
run_stage2_kuairand,kuairand,medium,101,no_propensity,25000,0.24278270976637,0.2429895526866929,8.267600059509277,0.2330563779808582,20000.0,,,-0.14239404128883482,-0.14651759861576402,0.0,20,0.1875089197188929,0.2344664222677989,0.2823522208662036,0.2827192838345736,0.055273790047477095,0.008523130418893993,0.5827906597391186,0.17663471433915395
run_stage2_kuairand,kuairand,medium,101,no_propensity,100000,0.2420583666273929,0.242040565307013,15.525607109069824,0.233771425015851,20000.0,,,-0.13444470623224752,-0.1387241568742736,0.0015787494144211822,20,0.1875089197188929,0.2344664222677989,0.2823522208662036,0.2827192838345736,0.0545494469085,0.00757414303921411,0.5751533977478679,0.15696774850819226
run_stage2_kuairand,kuairand,medium,101,dm,5000,0.2417249286500067,0.2431792719304459,3.036747694015503,0.2344467413133064,988.9375,0.0154,241.1032257080078,0.003268653717890313,0.0008863427784407962,0.002277699853133197,20,0.1875089197188929,0.2344664222677989,0.2823522208662036,0.2827192838345736,0.05421600893111378,0.008712849662646988,0.5716377253350285,0.18056648620910723
run_stage2_kuairand,kuairand,medium,101,dm,25000,0.2486342757771143,0.2487185347153357,10.279041290283203,0.2330563779808582,348.0193786621094,0.01875,674.6505737304688,0.00688791574739131,0.004605058079545782,0.005443173979352373,20,0.1875089197188929,0.2344664222677989,0.2823522208662036,0.2827192838345736,0.06112535605822139,0.014252112447536797,0.6444878585919468,0.29536305173971933
run_stage2_kuairand,kuairand,medium,101,dm,100000,0.2504660935480511,0.2505922635257412,8.40192699432373,0.233771425015851,651.611328125,0.01915,319.4345397949219,0.005860313646086468,0.003601956219457081,0.0042501779039049725,20,0.1875089197188929,0.2344664222677989,0.2823522208662036,0.2827192838345736,0.06295717382915819,0.01612584125794231,0.6638020088669527,0.33419450648800514
run_stage2_kuairand,kuairand,medium,101,tempered_logger,5000,0.2344467413133064,0.2344664222677989,62.503396749778005,0.2344467413133064,1674.9310302734375,0.0188,67.19034576416016,-0.0024866831010262047,-0.013462363239262282,0.0,20,0.1875089197188929,0.2344664222677989,0.2823522208662036,0.2827192838345736,0.04693782159441348,0.0,0.49489864889360635,0.0
run_stage2_kuairand,kuairand,medium,101,tempered_logger,25000,0.2330563779808582,0.2344664222677989,4.643913700768906,0.2330563779808582,3043.23193359375,0.01475,48.6184196472168,-0.01138499042764321,-0.021849699818492996,0.001390342700945596,20,0.1875089197188929,0.2344664222677989,0.2823522208662036,0.2827192838345736,0.045547458261965296,0.0,0.4802390649732969,0.0
run_stage2_kuairand,kuairand,medium,101,tempered_logger,100000,0.233771425015851,0.2344664222677989,6.391413273611708,0.233771425015851,2479.28369140625,0.0174,46.50603103637695,-0.0037612135481081,-0.014272668545823403,0.0006747857327744078,20,0.1875089197188929,0.2344664222677989,0.2823522208662036,0.2827192838345736,0.04626250529695808,0.0,0.4877783115657596,0.0
run_stage2_kuairand,kuairand,none,100,opc,5000,0.2807342078584703,0.2841749626893296,2.90856671333313,0.2923647592399787,1681.4541015625,0.01395,177.60047912597656,0.007036540279957371,-0.004618408834302534,0.0,20,0.2329585077514936,0.2923768215636489,0.292350300639185,0.2923556334610802,0.04777570010697671,-0.00820185887431929,0.8044158592302397,
run_stage2_kuairand,kuairand,none,100,opc,25000,0.2859766439965108,0.2892342705734615,3.0869102478027344,0.2916849282010735,2880.656005859375,0.01355,47.35478973388672,-0.005807753043446884,-0.017073781352147877,0.0008792646461240894,20,0.2329585077514936,0.2923768215636489,0.292350300639185,0.2923556334610802,0.053018136245017194,-0.0031425509901873983,0.8926845556805021,
run_stage2_kuairand,kuairand,none,100,opc,100000,0.2891323546106987,0.2896092307681676,7.268241405487059,0.2923689850363608,1446.607177734375,0.0175,178.13021850585938,0.012953968888980816,0.0005930227371166996,0.0,20,0.2329585077514936,0.2923768215636489,0.292350300639185,0.2923556334610802,0.056173846859205095,-0.002767590795481334,0.9458183383254424,
run_stage2_kuairand,kuairand,none,100,no_propensity,5000,0.2849987390943015,0.2891808249677888,2.515671968460083,0.2923647592399787,20000.0,,,-0.1645031962104286,-0.1688354028448066,0.0,20,0.2329585077514936,0.2923768215636489,0.292350300639185,0.2923556334610802,0.05204023134280791,-0.0031959965958601178,0.8762192352269088,
run_stage2_kuairand,kuairand,none,100,no_propensity,25000,0.2896695206001758,0.2899619389865008,9.236263275146484,0.2916849282010735,20000.0,,,-0.1689909542039394,-0.17346139103031832,0.0,20,0.2329585077514936,0.2923768215636489,0.292350300639185,0.2923556334610802,0.05671101284868221,-0.002414882577148114,0.9548627864446106,
run_stage2_kuairand,kuairand,none,100,no_propensity,100000,0.2898873669580528,0.2902468942213729,7.412167072296143,0.2923689850363608,20000.0,,,-0.16207879609623638,-0.16665484775839368,0.0,20,0.2329585077514936,0.2923768215636489,0.292350300639185,0.2923556334610802,0.056928859206559185,-0.0021299273422760168,0.9585307403366394,
run_stage2_kuairand,kuairand,none,100,dm,5000,0.2800737129477699,0.2825522543590639,2.667760133743286,0.2923647592399787,1758.8851318359375,0.0135,200.8892974853516,0.02846731674392622,0.025855837088065714,0.0,20,0.2329585077514936,0.2923768215636489,0.292350300639185,0.2923556334610802,0.047115205196276294,-0.009824567204585022,0.7932948797381844,
run_stage2_kuairand,kuairand,none,100,dm,25000,0.2890809707756037,0.2895695595734636,6.326662540435791,0.2916849282010735,1198.4603271484375,0.01605,241.5228576660156,0.004070050228119404,0.0015733360557503295,1.2021895837710517e-05,20,0.2329585077514936,0.2923768215636489,0.292350300639185,0.2923556334610802,0.056122463024110086,-0.002807261990185328,0.9449531710591136,
run_stage2_kuairand,kuairand,none,100,dm,100000,0.2908554810683388,0.2914550212323007,5.65272331237793,0.2923689850363608,1247.783935546875,0.01415,306.4428405761719,0.0005372923214774783,-0.0020058083051091025,0.0,20,0.2329585077514936,0.2923768215636489,0.292350300639185,0.2923556334610802,0.05789697331684521,-0.0009218003313481993,0.9748312098664397,
run_stage2_kuairand,kuairand,none,100,tempered_logger,5000,0.2923647592399787,0.2923768215636489,50.08951739606062,0.2923647592399787,1366.7705078125,0.01695,254.95388793945312,0.0015295912887383079,-0.01069482398566629,0.0,20,0.2329585077514936,0.2923768215636489,0.292350300639185,0.2923556334610802,0.05940625148848508,0.0,1.0002434444237276,
run_stage2_kuairand,kuairand,none,100,tempered_logger,25000,0.2916849282010735,0.2923768215636489,7.22951157539536,0.2916849282010735,1377.8499755859375,0.0165,217.3843688964844,-0.004814269803398996,-0.016647019924696582,0.0006832338836499918,20,0.2329585077514936,0.2923768215636489,0.292350300639185,0.2923556334610802,0.0587264204495799,0.0,0.9887968959049663,
run_stage2_kuairand,kuairand,none,100,tempered_logger,100000,0.2923689850363608,0.2923768215636489,61.928786137678486,0.2923689850363608,1345.112060546875,0.0166,184.329345703125,0.013242625376236827,0.0011165431641421142,0.0,20,0.2329585077514936,0.2923768215636489,0.292350300639185,0.2923556334610802,0.059410477284867175,0.0,1.0003145956076982,
run_stage2_kuairand,kuairand,none,101,opc,5000,0.2881933081818247,0.3020091967611573,1.657599687576294,0.3052828786401616,7352.5859375,0.0012,22.83440589904785,0.0007988285350178925,-0.008411546325418795,0.006379771126090394,20,0.2460132875051753,0.3052966308747875,0.3052722212806839,0.3052779729154205,0.042180020676649416,-0.0032874341136301943,0.7117917584619485,
run_stage2_kuairand,kuairand,none,101,opc,25000,0.3003731037315922,0.3023341872411664,4.090396404266357,0.3048721274478885,2947.335693359375,0.0146,39.83433532714844,-0.0006259943184452332,-0.012249779970165908,0.0003069950386533904,20,0.2460132875051753,0.3052966308747875,0.3052722212806839,0.3052779729154205,0.05435981622641692,-0.0029624436336210813,0.9173269372741153,
run_stage2_kuairand,kuairand,none,101,opc,100000,0.3021070879702863,0.3026969686943326,6.394104957580566,0.3052869163306452,625.3212890625,0.01685,336.8419189453125,0.004582889675587731,-0.00730982220912979,0.0004018581603293936,20,0.2460132875051753,0.3052966308747875,0.3052722212806839,0.3052779729154205,0.056093800465111004,-0.002599662180454876,0.946588082020036,
run_stage2_kuairand,kuairand,none,101,no_propensity,5000,0.3000711856916658,0.3023920333527851,3.44857120513916,0.3052828786401616,20000.0,,,-0.1724084971979372,-0.17689336828456098,0.0,20,0.2460132875051753,0.3052966308747875,0.3052722212806839,0.3052779729154205,0.05405789818649051,-0.0029045975220023945,0.9122320423664518,
run_stage2_kuairand,kuairand,none,101,no_propensity,25000,0.3022819830860661,0.3023362214461062,21.904415130615234,0.3048721274478885,20000.0,,,-0.16762126226087076,-0.17233194060991017,0.0006320652289217299,20,0.2460132875051753,0.3052966308747875,0.3052722212806839,0.3052779729154205,0.05626869558089079,-0.0029604094286812543,0.9495394533093396,
run_stage2_kuairand,kuairand,none,101,no_propensity,100000,0.3027867585233675,0.3028260238553836,17.597164154052734,0.3052869163306452,20000.0,,,-0.1609276145509707,-0.16574619317753791,0.0,20,0.2460132875051753,0.3052966308747875,0.3052722212806839,0.3052779729154205,0.05677347101819222,-0.002470607019403881,0.9580575855999691,
run_stage2_kuairand,kuairand,none,101,dm,5000,0.2958135253900993,0.2980264563620224,3.2188727855682373,0.3052828786401616,2278.918212890625,0.0127,80.6303482055664,-0.006605500649880192,-0.009378575246572207,0.0,20,0.2460132875051753,0.3052966308747875,0.3052722212806839,0.3052779729154205,0.04980023788492402,-0.007270174512765071,0.8403836301473618,
run_stage2_kuairand,kuairand,none,101,dm,25000,0.2995061183752274,0.2995932702843625,12.62877082824707,0.3048721274478885,1383.085693359375,0.01555,162.78477478027344,0.009887257736756805,0.007299548244705523,0.0006074238112668828,20,0.2460132875051753,0.3052966308747875,0.3052722212806839,0.3052779729154205,0.053492830870052105,-0.005703360590424977,0.9026964790271069,
run_stage2_kuairand,kuairand,none,101,dm,100000,0.3039243541852694,0.3041365102271157,9.45728588104248,0.3052869163306452,1754.660400390625,0.0159,121.68692016601562,0.00196110976774877,-0.0006857165806019028,0.0,20,0.2460132875051753,0.3052966308747875,0.3052722212806839,0.3052779729154205,0.05791106668009413,-0.0011601206476717918,0.9772546178349986,
run_stage2_kuairand,kuairand,none,101,tempered_logger,5000,0.3052828786401616,0.3052966308747874,46.92690368672304,0.3052828786401616,1615.7978515625,0.01555,122.72052764892578,0.0012263479204309702,-0.010584710950544751,5.998152782182853e-06,20,0.2460132875051753,0.3052966308747875,0.3052722212806839,0.3052779729154205,0.05926959113498634,-5.551115123125783e-17,1.0001798439289866,
run_stage2_kuairand,kuairand,none,101,tempered_logger,25000,0.3048721274478885,0.3052966308747874,8.9673637417932,0.3048721274478885,2057.45263671875,0.0149,101.39409637451172,0.0018300691501644817,-0.010104885199189617,0.0004166904367072788,20,0.2460132875051753,0.3052966308747875,0.3052722212806839,0.3052779729154205,0.05885883994271321,-5.551115123125783e-17,0.9932483794880438,
run_stage2_kuairand,kuairand,none,101,tempered_logger,100000,0.3052869163306452,0.3052966308747874,55.83369400120178,0.3052869163306452,1687.175537109375,0.01715,122.7322998046875,0.0015427746025822864,-0.010281637559713896,0.0,20,0.2460132875051753,0.3052966308747875,0.3052722212806839,0.3052779729154205,0.05927362882546991,-5.551115123125783e-17,1.0002479803301387,
run_stage2_kuairand,kuairand,w-high.g-none.v-none,100,opc,5000,0.2555034304392521,0.2618532981644158,2.2340095043182373,0.2394027202211686,2574.58154296875,0.01415,63.6830940246582,0.0031729494798000135,-0.008302549705776902,0.0024669504705088774,20,0.1927739370417062,0.2406818707128757,0.292105501889995,0.2921115478714008,0.06272949339754591,0.02117142745154013,0.6315162103139519,0.41165779412307085
run_stage2_kuairand,kuairand,w-high.g-none.v-none,100,opc,25000,0.2682745832275052,0.2689002840138746,6.8862080574035645,0.2404297131542409,593.302001953125,0.0215,196.14341735839844,-0.0018403905700344891,-0.013656206199945065,0.0,20,0.1927739370417062,0.2406818707128757,0.292105501889995,0.2921115478714008,0.07550064618579899,0.028218413300998918,0.7600871515626751,0.5486795729636689
run_stage2_kuairand,kuairand,w-high.g-none.v-none,100,opc,100000,0.2705458692360654,0.2712848023816525,5.320629119873047,0.240665532977566,867.7238159179688,0.021,213.35009765625,-0.001242994432522293,-0.0131863090459301,0.0,20,0.1927739370417062,0.2406818707128757,0.292105501889995,0.2921115478714008,0.07777193219435918,0.030602931668776784,0.7829528540413301,0.5950442110388391
run_stage2_kuairand,kuairand,w-high.g-none.v-none,100,no_propensity,5000,0.2434068493490929,0.247980913726767,2.5145843029022217,0.2394027202211686,20000.0,,,-0.147245886171412,-0.1511108705271281,0.0,20,0.1927739370417062,0.2406818707128757,0.292105501889995,0.2921115478714008,0.0506329123073867,0.00729904301389131,0.5097363802203199,0.14192278499810496
run_stage2_kuairand,kuairand,w-high.g-none.v-none,100,no_propensity,25000,0.2476907342569629,0.2480452769860439,7.086939334869385,0.2404297131542409,20000.0,,,-0.1522004499928753,-0.15620683681469968,2.0718238170319703e-05,20,0.1927739370417062,0.2406818707128757,0.292105501889995,0.2921115478714008,0.05491679721525669,0.007363406273168199,0.552863506168782,0.14317426591015694
run_stage2_kuairand,kuairand,w-high.g-none.v-none,100,no_propensity,100000,0.2490288966783136,0.2495159061097727,6.962393760681152,0.240665532977566,20000.0,,,-0.1484382504113764,-0.1525395245779842,0.0,20,0.1927739370417062,0.2406818707128757,0.292105501889995,0.2921115478714008,0.0562549596366074,0.008834035396897005,0.5663351797842587,0.17176921740471499
run_stage2_kuairand,kuairand,w-high.g-none.v-none,100,dm,5000,0.2560016901740763,0.2589799046557985,2.4981188774108887,0.2394027202211686,1546.45263671875,0.0164,81.84596252441406,0.006071826671626812,0.003609717755286568,0.0,20,0.1927739370417062,0.2406818707128757,0.292105501889995,0.2921115478714008,0.06322775313237011,0.018298033942922814,0.6365323372176729,0.35578745490704844
run_stage2_kuairand,kuairand,w-high.g-none.v-none,100,dm,25000,0.2553594061549325,0.2558548128540577,6.51754903793335,0.2404297131542409,21.29983901977539,0.01655,3678.357421875,0.012183760720906656,0.009884150926129764,0.0053211103909831525,20,0.1927739370417062,0.2406818707128757,0.292105501889995,0.2921115478714008,0.06258546911322632,0.015172942141182005,0.630066275597434,0.2950230874367233
run_stage2_kuairand,kuairand,w-high.g-none.v-none,100,dm,100000,0.2580765517446709,0.2585371610680874,5.413726329803467,0.240665532977566,588.793701171875,0.0173,262.0140686035156,0.004566189458637182,0.002263438162463882,0.004098986272220662,20,0.1927739370417062,0.2406818707128757,0.292105501889995,0.2921115478714008,0.06530261470296472,0.01785529035521169,0.6574205772626535,0.3471787369027252
run_stage2_kuairand,kuairand,w-high.g-none.v-none,100,tempered_logger,5000,0.2394027202211686,0.2406818707128757,5.324138113805787,0.2394027202211686,2202.400146484375,0.01425,86.6668472290039,0.005073523632400406,-0.005694983875461607,0.00126516918302369,20,0.1927739370417062,0.2406818707128757,0.292105501889995,0.2921115478714008,0.046628783179462396,0.0,0.4694256377686138,0.0
run_stage2_kuairand,kuairand,w-high.g-none.v-none,100,tempered_logger,25000,0.2404297131542409,0.2406818707128757,10.4103485791989,0.2404297131542409,1465.322265625,0.01455,101.17764282226562,-0.002132101679250098,-0.01296987380957429,0.00024015288140261104,20,0.1927739370417062,0.2406818707128757,0.292105501889995,0.2921115478714008,0.04765577611253469,0.0,0.47976467687104657,0.0
run_stage2_kuairand,kuairand,w-high.g-none.v-none,100,tempered_logger,100000,0.240665532977566,0.2406818707128757,39.31376767381931,0.240665532977566,1238.5765380859375,0.01625,99.07072448730467,0.0011806410241277099,-0.009804600546535092,5.007248239125017e-06,20,0.1927739370417062,0.2406818707128757,0.292105501889995,0.2921115478714008,0.04789159593585979,0.0,0.4821387442048822,0.0
run_stage2_kuairand,kuairand,w-high.g-none.v-none,101,opc,5000,0.2661121893279005,0.2674172074366001,3.914829254150391,0.256678433503879,1308.028564453125,0.0157,138.22337341308594,0.004197437728221343,-0.007441151869333584,0.0,20,0.2091933442299241,0.2590404578562554,0.3049916374556779,0.3049978052132024,0.05691884509797637,0.008376749580344678,0.59415301861218,0.1822722603043892
run_stage2_kuairand,kuairand,w-high.g-none.v-none,101,opc,25000,0.2750357386939179,0.2750549049390461,22.76902961730957,0.2590400894985248,304.6197204589844,0.01965,457.9660339355469,0.0007025303967345131,-0.011146555283989723,0.0002200990552704285,20,0.2091933442299241,0.2590404578562554,0.3049916374556779,0.3049978052132024,0.06584239446399379,0.016014447082790706,0.6873023750938094,0.3484632600399624
run_stage2_kuairand,kuairand,w-high.g-none.v-none,101,opc,100000,0.279423882414994,0.2794632564202983,12.82093334197998,0.2583782979674144,856.9036865234375,0.0204,243.5948486328125,0.012216011832061002,-0.00034527995194211236,0.00013467384656240533,20,0.2091933442299241,0.2590404578562554,0.3049916374556779,0.3049978052132024,0.07023053818506989,0.020422798564042888,0.7331084492243286,0.44438593040239377
run_stage2_kuairand,kuairand,w-high.g-none.v-none,101,no_propensity,5000,0.2589614499489664,0.2607135807526627,3.019495248794556,0.256678433503879,20000.0,,,-0.1499242518226504,-0.15410540285994512,0.0,20,0.2091933442299241,0.2590404578562554,0.3049916374556779,0.3049978052132024,0.049768105719042305,0.0016731228964073086,0.5195093152835312,0.03640599365782141
run_stage2_kuairand,kuairand,w-high.g-none.v-none,101,no_propensity,25000,0.2630663681990719,0.2632540289016862,9.582718849182127,0.2590400894985248,20000.0,,,-0.1476812754041768,-0.15206623720479362,0.000353833141450266,20,0.2091933442299241,0.2590404578562554,0.3049916374556779,0.3049978052132024,0.05387302396914781,0.004213571045430797,0.5623589122010049,0.09168438318914125
run_stage2_kuairand,kuairand,w-high.g-none.v-none,101,no_propensity,100000,0.2650620413316293,0.2650971273877076,15.687390327453612,0.2583782979674144,20000.0,,,-0.14418105011115512,-0.1486834814698004,0.0016699516639921974,20,0.2091933442299241,0.2590404578562554,0.3049916374556779,0.3049978052132024,0.055868697101705195,0.006056669531452175,0.5831909444362189,0.13178892777275658
run_stage2_kuairand,kuairand,w-high.g-none.v-none,101,dm,5000,0.2440727068373221,0.2456626565869786,3.2141926288604736,0.256678433503879,1034.431396484375,0.0179,138.1061248779297,0.020344226222370282,0.017780931881890977,0.013161528950836304,20,0.2091933442299241,0.2590404578562554,0.3049916374556779,0.3049978052132024,0.03487936260739799,-0.01337780126927679,0.36409169133319425,-0.2910916760572034
run_stage2_kuairand,kuairand,w-high.g-none.v-none,101,dm,25000,0.2642639088307335,0.2644213442818776,11.1102876663208,0.2590400894985248,918.9346313476562,0.015,131.8832550048828,0.013221432002930411,0.010761449295049519,0.0023380285356211505,20,0.2091933442299241,0.2590404578562554,0.3049916374556779,0.3049978052132024,0.05507056460080936,0.005380886425622178,0.5748595590427966,0.11708435614939364
run_stage2_kuairand,kuairand,w-high.g-none.v-none,101,dm,100000,0.2686653579473774,0.26892350322296,9.030913352966309,0.2583782979674144,896.4505615234375,0.01625,255.13221740722656,0.009455845236750415,0.00696628788825121,0.002405653578295308,20,0.2091933442299241,0.2590404578562554,0.3049916374556779,0.3049978052132024,0.05947201371745328,0.00988304536670459,0.6208045228666474,0.2150482117678328
run_stage2_kuairand,kuairand,w-high.g-none.v-none,101,tempered_logger,5000,0.256678433503879,0.2590404578562553,3.6429671829371766,0.256678433503879,3103.05517578125,0.01,69.99796295166016,0.0022254871466032,-0.008109640629753473,0.00237025301536381,20,0.2091933442299241,0.2590404578562554,0.3049916374556779,0.3049978052132024,0.04748508927395487,-1.1102230246251565e-16,0.49567782133710575,-2.4157682905458923e-15
run_stage2_kuairand,kuairand,w-high.g-none.v-none,101,tempered_logger,25000,0.2590400894985248,0.2590404578562553,31.55694705270096,0.2590400894985248,997.68017578125,0.0149,189.6127777099609,-0.0022957643375445813,-0.013474089180534499,7.947062859003928e-06,20,0.2091933442299241,0.2590404578562554,0.3049916374556779,0.3049978052132024,0.049846745268600695,-1.1102230246251565e-16,0.5203302020332885,-2.4157682905458923e-15
run_stage2_kuairand,kuairand,w-high.g-none.v-none,101,tempered_logger,100000,0.2583782979674144,0.2590404578562553,6.391413273611708,0.2583782979674144,2178.7353515625,0.01275,89.30389404296875,0.004706054049034569,-0.006216687938922383,0.0006705130500719858,20,0.2091933442299241,0.2590404578562554,0.3049916374556779,0.3049978052132024,0.049184953737490295,-1.1102230246251565e-16,0.5134220253964579,-2.4157682905458923e-15
run_stage2_kuairand,kuairand,w-none.g-high.v-none,100,opc,5000,0.2586967787635049,0.2616914088081848,2.82590651512146,0.2553510502131887,2772.892333984375,0.01395,57.40986633300781,0.0018968143570700091,-0.009240933465189699,0.0,20,0.2028470029877455,0.2553418646341927,0.2812063352161603,0.2812085138274853,0.05584977577575939,0.006349544173992139,0.7127393022308969,0.24547223440284696
run_stage2_kuairand,kuairand,w-none.g-high.v-none,100,opc,25000,0.2610034144799757,0.2611376339685283,8.111407279968262,0.2553020293163911,1328.5404052734375,0.02155,97.0038070678711,-0.007472673742060731,-0.01903771119043013,0.0003710993311291655,20,0.2028470029877455,0.2553418646341927,0.2812063352161603,0.2812085138274853,0.05815641149223022,0.005795769334335621,0.742175945587518,0.2240633988200721
run_stage2_kuairand,kuairand,w-none.g-high.v-none,100,opc,100000,0.2641745602469806,0.2646310898525134,5.851014137268066,0.255350754033603,962.8078002929688,0.0191,182.9400634765625,0.010818859400236192,-0.0010856551616094112,0.0,20,0.2028470029877455,0.2553418646341927,0.2812063352161603,0.2812085138274853,0.06132755725923511,0.009289225218320707,0.7826452257207522,0.3591197742276359
run_stage2_kuairand,kuairand,w-none.g-high.v-none,100,no_propensity,5000,0.2571347071719855,0.2604316578781621,2.628105640411377,0.2553510502131887,20000.0,,,-0.1571730836225242,-0.1611563772801829,0.0,20,0.2028470029877455,0.2553418646341927,0.2812063352161603,0.2812085138274853,0.054287704184240004,0.005089793243969409,0.6928045791150081,0.1967704902917701
run_stage2_kuairand,kuairand,w-none.g-high.v-none,100,no_propensity,25000,0.2584443414105372,0.2586998772119425,9.23560905456543,0.2553020293163911,20000.0,,,-0.15681142597331568,-0.16095527181060998,0.0003213389896598029,20,0.2028470029877455,0.2553418646341927,0.2812063352161603,0.2812085138274853,0.05559733842279169,0.0033580125777498138,0.7095177669550238,0.12982016157781143
run_stage2_kuairand,kuairand,w-none.g-high.v-none,100,no_propensity,100000,0.2588798432448875,0.2592217860069319,7.551568031311035,0.255350754033603,20000.0,,,-0.1523058964708817,-0.1565302015885623,0.0003154668999392207,20,0.2028470029877455,0.2553418646341927,0.2812063352161603,0.2812085138274853,0.056032840257142,0.0038799213727392368,0.715075520217658,0.14999706161188142
run_stage2_kuairand,kuairand,w-none.g-high.v-none,100,dm,5000,0.2564880207230113,0.2584725578556272,2.59927749633789,0.2553510502131887,1293.1871337890625,0.0148,143.27679443359375,0.026084963972423214,0.023712647555166277,0.0,20,0.2028470029877455,0.2553418646341927,0.2812063352161603,0.2812085138274853,0.053641017735265806,0.003130693221434555,0.6845517465476104,0.12103203619610546
run_stage2_kuairand,kuairand,w-none.g-high.v-none,100,dm,25000,0.2570352252217476,0.2573711070198151,5.857434272766113,0.2553020293163911,1026.4107666015625,0.01705,226.2333984375,0.011414438894158108,0.00915398479261098,0.0006760426980613188,20,0.2028470029877455,0.2553418646341927,0.2812063352161603,0.2812085138274853,0.054188222234002104,0.0020292423856224096,0.691535018139834,0.07845014522208019
run_stage2_kuairand,kuairand,w-none.g-high.v-none,100,dm,100000,0.2607895676252622,0.2612872904550388,5.121690273284912,0.255350754033603,881.4202880859375,0.01745,248.02005004882807,0.0071177240255099194,0.004796732153219518,0.00014812869013081098,20,0.2028470029877455,0.2553418646341927,0.2812063352161603,0.2812085138274853,0.05794256463751668,0.0059454258208461175,0.7394468915153088,0.22984909163989442
run_stage2_kuairand,kuairand,w-none.g-high.v-none,100,tempered_logger,5000,0.2553510502131887,0.2553418646341927,50.08951739606062,0.2553510502131887,1772.1956787109375,0.0173,100.22470092773438,0.0036118790356211017,-0.007651934463996202,0.0,20,0.2028470029877455,0.2553418646341927,0.2812063352161603,0.2812085138274853,0.05250404722544322,0.0,0.6700420451822598,0.0
run_stage2_kuairand,kuairand,w-none.g-high.v-none,100,tempered_logger,25000,0.2553020293163911,0.2553418646341927,19.307520162568583,0.2553020293163911,1943.6898193359373,0.01655,63.47004699707031,0.0007693892073972752,-0.010618819568992827,4.901330817236316e-05,20,0.2028470029877455,0.2553418646341927,0.2812063352161603,0.2812085138274853,0.052455026328645626,0.0,0.6694164541338995,0.0
run_stage2_kuairand,kuairand,w-none.g-high.v-none,100,tempered_logger,100000,0.255350754033603,0.2553418646341927,61.928786137678486,0.255350754033603,1466.78125,0.0168,107.48788452148438,0.010240152109585454,-0.0010889474520511255,3.274093793859123e-07,20,0.2028470029877455,0.2553418646341927,0.2812063352161603,0.2812085138274853,0.05250375104585753,0.0,0.6700382654207782,0.0
run_stage2_kuairand,kuairand,w-none.g-high.v-none,101,opc,5000,0.2636695520594829,0.2656117611524752,4.052811622619629,0.2634240252505566,1723.498779296875,0.0174,101.19940948486328,0.0030976219460255305,-0.008515517586835497,0.0,20,0.2104968511224471,0.2646069774081498,0.2931572063501523,0.2932209434402917,0.0531727009370358,0.0010047837443253882,0.6432672686992512,0.03511515122359203
run_stage2_kuairand,kuairand,w-none.g-high.v-none,101,opc,25000,0.2727840293079144,0.2728924757386097,12.284732818603516,0.2642599013629875,1201.9586181640625,0.02275,95.66258239746094,-0.0002470064788586135,-0.012092518394533902,0.00016648028813259774,20,0.2104968511224471,0.2646069774081498,0.2931572063501523,0.2932209434402917,0.06228717818546731,0.008285498330459884,0.7535314603219919,0.2895613394226035
run_stage2_kuairand,kuairand,w-none.g-high.v-none,101,opc,100000,0.2748523762337911,0.2750140462985417,10.63690948486328,0.2646428271914998,735.4219360351562,0.02465,297.016357421875,0.0008879194147836666,-0.011220811118834384,0.0003394697372419153,20,0.2104968511224471,0.2646069774081498,0.2931572063501523,0.2932209434402917,0.06435552511134401,0.01040706889039189,0.7785536964372254,0.3637059217412118
run_stage2_kuairand,kuairand,w-none.g-high.v-none,101,no_propensity,5000,0.2646100254858199,0.2672852156595621,3.2731263637542725,0.2634240252505566,20000.0,,,-0.15746012647993013,-0.1616004807504236,0.0,20,0.2104968511224471,0.2646069774081498,0.2931572063501523,0.2932209434402917,0.05411317436337282,0.0026782382514122793,0.6546448320274789,0.09359898758542702
run_stage2_kuairand,kuairand,w-none.g-high.v-none,101,no_propensity,25000,0.2682385602800881,0.2683992757005652,13.41672134399414,0.2642599013629875,20000.0,,,-0.1534821623771226,-0.15787623455244149,0.0011103368106072375,20,0.2104968511224471,0.2646069774081498,0.2931572063501523,0.2932209434402917,0.057741709157640986,0.003792298292415397,0.6985417495313128,0.13253312344592608
run_stage2_kuairand,kuairand,w-none.g-high.v-none,101,no_propensity,100000,0.2666199227881166,0.2667844998840234,16.50680923461914,0.2646428271914998,20000.0,,,-0.14759198036906448,-0.15206151838444637,0.0009226665525062239,20,0.2104968511224471,0.2646069774081498,0.2931572063501523,0.2932209434402917,0.05612307166566949,0.0021775224758736056,0.6789599622584099,0.07609998814661373
run_stage2_kuairand,kuairand,w-none.g-high.v-none,101,dm,5000,0.2594453280409513,0.2610612863313565,3.2494442462921143,0.2634240252505566,782.8941650390625,0.0172,210.1202392578125,0.009413790182239035,0.006904747305258141,0.0026806209663627345,20,0.2104968511224471,0.2646069774081498,0.2931572063501523,0.2932209434402917,0.04894847691850418,-0.0035456910767933114,0.5921638829601613,-0.12391470210073147
run_stage2_kuairand,kuairand,w-none.g-high.v-none,101,dm,25000,0.263305238929906,0.2635042074261912,11.554622650146484,0.2642599013629875,542.111083984375,0.01805,339.989990234375,0.014698632510981413,0.0122623794873703,0.0050772679398345955,20,0.2104968511224471,0.2646069774081498,0.2931572063501523,0.2932209434402917,0.05280838780745889,-0.001102769981958629,0.6388599185424156,-0.03853957122615908
run_stage2_kuairand,kuairand,w-none.g-high.v-none,101,dm,100000,0.2687446486997211,0.2690431636920889,9.176043510437012,0.2646428271914998,980.101318359375,0.0187,214.84890747070312,0.007589219803849412,0.005112281332170399,0.0018286464117003853,20,0.2104968511224471,0.2646069774081498,0.2931572063501523,0.2932209434402917,0.058247797577273996,0.004436186283939103,0.7046642543068957,0.15503570106136152
run_stage2_kuairand,kuairand,w-none.g-high.v-none,101,tempered_logger,5000,0.2634240252505566,0.2646069774081497,5.360331227480272,0.2634240252505566,2783.270263671875,0.0123,46.668739318847656,0.0002105074394916362,-0.010858856396815775,0.001219947380306008,20,0.2104968511224471,0.2646069774081498,0.2931572063501523,0.2932209434402917,0.05292717412810949,-1.1102230246251565e-16,0.6402969595558903,-3.88000399307824e-15
run_stage2_kuairand,kuairand,w-none.g-high.v-none,101,tempered_logger,25000,0.2642599013629875,0.2646069774081497,8.9673637417932,0.2642599013629875,1858.4622802734373,0.017,74.11488342285156,-0.0029902723613701165,-0.014127861569924405,0.0003840429597302131,20,0.2104968511224471,0.2646069774081498,0.2931572063501523,0.2932209434402917,0.0537630502405404,-1.1102230246251565e-16,0.6504091361867349,-3.88000399307824e-15
run_stage2_kuairand,kuairand,w-none.g-high.v-none,101,tempered_logger,100000,0.2646428271914998,0.2646069774081497,55.83369400120178,0.2646428271914998,1355.8922119140625,0.017,156.9435272216797,-0.005405776181368005,-0.016914367803453095,0.0,20,0.2104968511224471,0.2646069774081498,0.2931572063501523,0.2932209434402917,0.05414597606905269,-1.1102230246251565e-16,0.6550416571510768,-3.88000399307824e-15
run_stage2_kuairand,kuairand,w-none.g-none.v-high,100,opc,5000,0.2377157752699749,0.2406172314650497,2.8541247844696045,0.2349239928255017,2606.31787109375,0.0138,92.57563018798828,0.0017556155734164969,-0.009279717361959289,0.0,20,0.188484899566435,0.2349706805111892,0.2697344151465486,0.2700576924610906,0.0492308757035399,0.0056465509538605185,0.6059220827599555,0.16092994644066236
run_stage2_kuairand,kuairand,w-none.g-none.v-high,100,opc,25000,0.2471746181519624,0.2474078332005354,13.357748031616213,0.2346273300702098,722.6521606445312,0.0255,274.1175537109375,0.002835365626037478,-0.009218098770729988,0.0004697292334356895,20,0.188484899566435,0.2349706805111892,0.2697344151465486,0.2700576924610906,0.058689718585527406,0.012437152689346198,0.7223393046283235,0.3544659974780536
run_stage2_kuairand,kuairand,w-none.g-none.v-high,100,opc,100000,0.2507335356144389,0.2508848167684108,7.570030212402344,0.2349847462003581,1016.2572021484376,0.02475,144.94290161132812,-0.0008624455599268999,-0.012925157466162407,0.00039732854127177974,20,0.188484899566435,0.2349706805111892,0.2697344151465486,0.2700576924610906,0.0622486360480039,0.0159141362572216,0.7661416268583845,0.45356202688175346
run_stage2_kuairand,kuairand,w-none.g-none.v-high,100,no_propensity,5000,0.2351950666931191,0.2384812021571073,2.6422154903411865,0.2349239928255017,20000.0,,,-0.1477445698407212,-0.1514690170837478,0.0005590184917751151,20,0.188484899566435,0.2349706805111892,0.2697344151465486,0.2700576924610906,0.046710167126684105,0.0035105216459181132,0.5748977922290129,0.10005188389739682
run_stage2_kuairand,kuairand,w-none.g-none.v-high,100,no_propensity,25000,0.2381179162359628,0.238322663659008,9.513426780700684,0.2346273300702098,20000.0,,,-0.14796647960905168,-0.1518974906371354,0.00040198122992290974,20,0.188484899566435,0.2349706805111892,0.2697344151465486,0.2700576924610906,0.049633016669527796,0.0033519831478188156,0.610871539542764,0.09553344561243642
run_stage2_kuairand,kuairand,w-none.g-none.v-high,100,no_propensity,100000,0.238797081004544,0.2389241750888655,8.047087669372559,0.2349847462003581,20000.0,,,-0.1434982990135391,-0.1475224485050819,0.0005037362989371019,20,0.188484899566435,0.2349706805111892,0.2697344151465486,0.2700576924610906,0.050312181438109005,0.0039534945776762975,0.6192305403778094,0.11267686696493981
run_stage2_kuairand,kuairand,w-none.g-none.v-high,100,dm,5000,0.2407831631790492,0.2429048009790874,2.6219277381896973,0.2349239928255017,1664.9263916015625,0.01695,119.05693817138672,0.021878591905942213,0.019509825916040613,0.0,20,0.188484899566435,0.2349706805111892,0.2697344151465486,0.2700576924610906,0.05229826361261419,0.007934120467898209,0.6436747744181573,0.22612699192586838
run_stage2_kuairand,kuairand,w-none.g-none.v-high,100,dm,25000,0.2436654163210209,0.2440255907855898,6.0860514640808105,0.2346273300702098,1107.18994140625,0.0193,168.2057647705078,0.010710399070519627,0.0085627492600861,0.002740464664356901,20,0.188484899566435,0.2349706805111892,0.2697344151465486,0.2700576924610906,0.05518051675458591,0.009054910274400613,0.6791488707422118,0.25807014536688266
run_stage2_kuairand,kuairand,w-none.g-none.v-high,100,dm,100000,0.2476237370373293,0.2480980944400315,5.549331665039063,0.2349847462003581,1332.14697265625,0.02105,136.12646484375,0.0023409323094800982,0.0001355712740997994,0.0016011741214985997,20,0.188484899566435,0.2349706805111892,0.2697344151465486,0.2700576924610906,0.059138837470894295,0.013127413928842313,0.7278669546353448,0.3741388393969293
run_stage2_kuairand,kuairand,w-none.g-none.v-high,100,tempered_logger,5000,0.2349239928255017,0.2349706805111892,17.890119157258006,0.2349239928255017,1979.6781005859373,0.01935,74.20474243164062,0.004982616232878406,-0.006553926098099294,5.888590920091752e-05,20,0.188484899566435,0.2349706805111892,0.2697344151465486,0.2700576924610906,0.0464390932590667,0.0,0.5715614785823165,0.0
run_stage2_kuairand,kuairand,w-none.g-none.v-high,100,tempered_logger,25000,0.2346273300702098,0.2349706805111892,7.22951157539536,0.2346273300702098,2442.472412109375,0.01645,57.08414840698242,0.0003275784199711085,-0.011005719448179407,0.00035712934565429455,20,0.188484899566435,0.2349706805111892,0.2697344151465486,0.2700576924610906,0.04614243050377481,0.0,0.5679102229019134,0.0
run_stage2_kuairand,kuairand,w-none.g-none.v-high,100,tempered_logger,100000,0.2349847462003581,0.2349706805111892,61.928786137678486,0.2349847462003581,1811.9541015625,0.01885,85.52507781982422,0.0006577763731129005,-0.010516298118241008,0.0,20,0.188484899566435,0.2349706805111892,0.2697344151465486,0.2700576924610906,0.04649984663392312,0.0,0.572309216884787,0.0
run_stage2_kuairand,kuairand,w-none.g-none.v-high,101,opc,5000,0.2566593723787591,0.2579966998180409,4.233002662658691,0.2548842255025118,1716.3431396484375,0.0176,135.2127685546875,0.008450524281091998,-0.0034893702242937974,0.0,20,0.201883135834252,0.2552476347341048,0.2820506848329301,0.2823334283338352,0.054776236544507084,0.002749065083936131,0.68327193769402,0.10149472171874978
run_stage2_kuairand,kuairand,w-none.g-none.v-high,101,opc,25000,0.2634818504509512,0.2636105564475015,31.76739883422852,0.2535941665692059,730.7786254882812,0.02105,335.7758483886719,-0.0008600900826040703,-0.012566092983278876,0.000746845556118092,20,0.201883135834252,0.2552476347341048,0.2820506848329301,0.2823334283338352,0.06159871461669919,0.008362921713396698,0.7683746776106987,0.30875675407494574
run_stage2_kuairand,kuairand,w-none.g-none.v-high,101,opc,100000,0.2669227050086706,0.2669178310909529,15.590164184570312,0.2551799171131205,992.3565673828124,0.0264,169.41534423828125,0.015030898020580497,0.002043930835364971,0.00023930876144540036,20,0.201883135834252,0.2552476347341048,0.2820506848329301,0.2823334283338352,0.06503956917441861,0.011670196356848128,0.8112954678892709,0.43086041817007303
run_stage2_kuairand,kuairand,w-none.g-none.v-high,101,no_propensity,5000,0.2587272060857456,0.2607370445420414,3.370670795440674,0.2548842255025118,20000.0,,,-0.15794230828148542,-0.16198171608103934,0.0,20,0.201883135834252,0.2552476347341048,0.2820506848329301,0.2823334283338352,0.05684407025149363,0.005489409807936607,0.709065837255807,0.20266749016322883
run_stage2_kuairand,kuairand,w-none.g-none.v-high,101,no_propensity,25000,0.2587493401891947,0.2588734829015593,13.571191787719728,0.2535941665692059,20000.0,,,-0.1535655599958659,-0.1577887387084045,0.0007451418829972911,20,0.201883135834252,0.2552476347341048,0.2820506848329301,0.2823334283338352,0.05686620435494272,0.0036258481674545373,0.709341935299536,0.13386531039247923
run_stage2_kuairand,kuairand,w-none.g-none.v-high,101,no_propensity,100000,0.2589348482844394,0.2589613562165203,16.754220962524414,0.2551799171131205,20000.0,,,-0.14786042300434532,-0.15220369418384222,0.0009769544990955725,20,0.201883135834252,0.2552476347341048,0.2820506848329301,0.2823334283338352,0.05705171245018742,0.0037137214824154996,0.7116559401252014,0.13710956884986616
run_stage2_kuairand,kuairand,w-none.g-none.v-high,101,dm,5000,0.254653820565734,0.256467347182541,3.1234936714172363,0.2548842255025118,1620.7869873046875,0.0171,152.9435272216797,-0.0038544626746512822,-0.006192157313618496,0.0020793282587456274,20,0.201883135834252,0.2552476347341048,0.2820506848329301,0.2823334283338352,0.052770684731482,0.0012197124484362165,0.6582549347037182,0.04503144587383834
run_stage2_kuairand,kuairand,w-none.g-none.v-high,101,dm,25000,0.2586985817864124,0.2587778626834753,11.66829776763916,0.2535941665692059,647.8426513671875,0.01615,308.2291259765625,0.01208120670769769,0.009822736929693598,0.005060231604626264,20,0.201883135834252,0.2552476347341048,0.2820506848329301,0.2823334283338352,0.056815445952160426,0.0035302279493705235,0.7087087813187011,0.13033503841680538
run_stage2_kuairand,kuairand,w-none.g-none.v-high,101,dm,100000,0.2626470025440985,0.2628372450326002,9.06985092163086,0.2551799171131205,1428.9949951171875,0.02005,110.20230102539062,0.006087422762221684,0.0037925478343838193,0.001971892705821099,20,0.201883135834252,0.2552476347341048,0.2820506848329301,0.2823334283338352,0.060763866709846515,0.0075896102984954195,0.7579608890231688,0.2802063107566087
run_stage2_kuairand,kuairand,w-none.g-none.v-high,101,tempered_logger,5000,0.2548842255025118,0.2552476347341048,11.531997597733666,0.2548842255025118,1915.7977294921875,0.01725,77.99901580810547,0.00846909247348615,-0.0033852076328020897,0.000300729082393314,20,0.201883135834252,0.2552476347341048,0.2820506848329301,0.2823334283338352,0.05300108966825978,0.0,0.6611289771268137,0.0
run_stage2_kuairand,kuairand,w-none.g-none.v-high,101,tempered_logger,25000,0.2535941665692059,0.2552476347341048,4.643913700768906,0.2535941665692059,2900.572021484375,0.012,46.71811676025391,-0.00571594291159791,-0.0164637637226053,0.0015906202659354829,20,0.201883135834252,0.2552476347341048,0.2820506848329301,0.2823334283338352,0.05171103073495392,0.0,0.6450369430130212,0.0
run_stage2_kuairand,kuairand,w-none.g-none.v-high,101,tempered_logger,100000,0.2551799171131205,0.2552476347341048,55.83369400120178,0.2551799171131205,1655.875,0.0196,85.87698364257812,0.003855699999992912,-0.007765649444346878,0.0,20,0.201883135834252,0.2552476347341048,0.2820506848329301,0.2823334283338352,0.0532967812788685,0.0,0.6648173973704411,0.0
run_stage2_anime,anime,high,100,opc,5000,0.1320220096938963,0.1352415267748206,2.4185545444488525,0.1140829310737737,1222.456787109375,0.01945,164.5802001953125,0.004810093439305302,-0.0050814099776280985,0.0,20,0.0889356305972515,0.1140676707285704,0.2240380531851399,0.2240541444079747,0.0430863790966448,0.021173856046250203,0.3189164063184414,0.19251327311364788
run_stage2_anime,anime,high,100,opc,25000,0.1583046093671692,0.1587337703140983,6.728159427642822,0.1128888802867057,60.95528793334961,0.0217,1371.026123046875,0.002290271213732903,-0.00651457631663821,0.0,20,0.0889356305972515,0.1140676707285704,0.2240380531851399,0.2240541444079747,0.0693689787699177,0.044666099585527905,0.5134547363485727,0.40610538815639774
run_stage2_anime,anime,high,100,opc,100000,0.165603744536856,0.1660301875945206,5.138859748840332,0.1140217434756305,216.9472503662109,0.02015,605.4178466796875,-0.004543992430189492,-0.01336839818699051,0.0,20,0.0889356305972515,0.1140676707285704,0.2240380531851399,0.2240541444079747,0.0766681139396045,0.0519625168659502,0.5674814149963111,0.4724446118475797
run_stage2_anime,anime,high,100,no_propensity,5000,0.118618424379843,0.1203517786906318,2.813116312026977,0.1140829310737737,20000.0,,,-0.1043650036245759,-0.1058096586987528,0.0,20,0.0889356305972515,0.1140676707285704,0.2240380531851399,0.2240541444079747,0.029682793782591504,0.0062841079620614,0.21970585881449983,0.057135279928864025
run_stage2_anime,anime,high,100,no_propensity,25000,0.1216365007377411,0.1226352998961677,3.363118886947632,0.1128888802867057,20000.0,,,-0.1072124700687076,-0.10869214314564529,0.0014910226620022948,20,0.0889356305972515,0.1140676707285704,0.2240380531851399,0.2240541444079747,0.0327008701404896,0.008567629167597304,0.242045031570153,0.07789711662700256
run_stage2_anime,anime,high,100,no_propensity,100000,0.1227274014565973,0.122918953483089,8.052628517150879,0.1140217434756305,20000.0,,,-0.10567848560846141,-0.1074129423793214,0.001772360570779799,20,0.0889356305972515,0.1140676707285704,0.2240380531851399,0.2240541444079747,0.0337917708593458,0.008851282754518602,0.25011965153595367,0.08047610272803996
run_stage2_anime,anime,high,100,dm,5000,0.1374908018945403,0.138416692575342,2.647080183029175,0.1140829310737737,163.17953491210938,0.01615,490.1648559570313,0.056921310341482595,0.055667824435698815,0.003922498819596193,20,0.0889356305972515,0.1140676707285704,0.2240380531851399,0.2240541444079747,0.0485551712972888,0.02434902184677161,0.3593952674364675,0.22138196663842244
run_stage2_anime,anime,high,100,dm,25000,0.1574557822986853,0.1576750315033062,4.211286067962647,0.1128888802867057,35.34730911254883,0.00625,1371.0645751953125,0.032317047114728714,0.0317605283662373,0.007433497014641799,20,0.0889356305972515,0.1140676707285704,0.2240380531851399,0.2240541444079747,0.06852015170143379,0.0436073607747358,0.5071718951365158,0.39647930619037175
run_stage2_anime,anime,high,100,dm,100000,0.1601364490098741,0.1603682814891976,4.112939834594727,0.1140217434756305,10.029833793640137,0.0112,4803.04296875,0.0086403611593458,0.008177170725418625,0.000930002062101809,20,0.0889356305972515,0.1140676707285704,0.2240380531851399,0.2240541444079747,0.07120081841262259,0.046300610760627206,0.5270136319450838,0.4209664080656611
run_stage2_anime,anime,high,100,tempered_logger,5000,0.1140829310737737,0.1140676707285704,50.08951739606062,0.1140829310737737,1307.7537841796875,0.03215,80.73553466796875,0.006470085588823907,-0.0045452273229276,4.354855807103819e-06,20,0.0889356305972515,0.1140676707285704,0.2240380531851399,0.2240541444079747,0.025147300476522194,0.0,0.18613508177592505,0.0
run_stage2_anime,anime,high,100,tempered_logger,25000,0.1128888802867057,0.1140676707285704,3.5334831773965987,0.1128888802867057,2993.843017578125,0.0156,31.589365005493164,0.002091176595198904,-0.008161741367221004,0.0011983606223319038,20,0.0889356305972515,0.1140676707285704,0.2240380531851399,0.2240541444079747,0.023953249689454198,0.0,0.17729696648386783,0.0
run_stage2_anime,anime,high,100,tempered_logger,100000,0.1140217434756305,0.1140676707285704,11.43035722244505,0.1140217434756305,1532.560302734375,0.0322,114.70433044433594,-0.00048028939886360367,-0.011126104248946209,6.462403176130116e-05,20,0.0889356305972515,0.1140676707285704,0.2240380531851399,0.2240541444079747,0.025086112878379002,0.0,0.18568218391538976,0.0
run_stage2_anime,anime,high,101,opc,5000,0.133034338657795,0.1342782047301929,3.258552074432373,0.1142154884311712,854.686279296875,0.022,163.41665649414062,0.01974729686504742,0.009692901303267804,0.0,20,0.0915019165155113,0.1153534362984351,0.2230765344077639,0.223093154521936,0.041532422142283684,0.01892476843175779,0.3156567946584871,0.1756526631385768
run_stage2_anime,anime,high,101,opc,25000,0.1523861012459307,0.1523810494059483,25.15522766113281,0.1146919875348656,124.6107406616211,0.01985,779.6768188476562,0.00847168052191441,-5.918578971428334e-05,0.0006431070119040094,20,0.0915019165155113,0.1153534362984351,0.2230765344077639,0.223093154521936,0.060884184730419386,0.037027613107513194,0.4627350297933442,0.34367653561800837
run_stage2_anime,anime,high,101,opc,100000,0.1676612490064356,0.1677664144301445,8.618173599243164,0.1153672767935307,143.6888885498047,0.0187,812.3636474609375,-0.002376391852543097,-0.010894858207309593,0.0,20,0.0915019165155113,0.1153534362984351,0.2230765344077639,0.223093154521936,0.07615933249092428,0.052412978131709406,0.5788299727633768,0.4864777725052258
run_stage2_anime,anime,high,101,no_propensity,5000,0.123447438955608,0.1245748315651671,3.368759870529175,0.1142154884311712,20000.0,,,-0.1059206484559209,-0.10759351147703311,0.0,20,0.0915019165155113,0.1153534362984351,0.2230765344077639,0.223093154521936,0.0319455224400967,0.009221395266732005,0.24279395944176038,0.08558956175848409
run_stage2_anime,anime,high,101,no_propensity,25000,0.1244750083593792,0.1249708923174783,4.666030883789063,0.1146919875348656,20000.0,,,-0.1060449783859915,-0.1077851256300598,0.001797132796657705,20,0.0915019165155113,0.1153534362984351,0.2230765344077639,0.223093154521936,0.0329730918438679,0.009617456019043194,0.25060374388371626,0.08926565038059818
run_stage2_anime,anime,high,101,no_propensity,100000,0.1251257807095175,0.1251757570847292,16.53255844116211,0.1153672767935307,20000.0,,,-0.1045500338156348,-0.1064976101981789,0.0005940203911591058,20,0.0915019165155113,0.1153534362984351,0.2230765344077639,0.223093154521936,0.03362386419400619,0.009822320786294095,0.2555497764891175,0.09116712896833606
run_stage2_anime,anime,high,101,dm,5000,0.1460053857072165,0.1463774762410394,3.0745925903320312,0.1142154884311712,10.393988609313965,0.01035,5843.2734375,0.07193288843790979,0.0708406167381061,0.0,20,0.0915019165155113,0.1153534362984351,0.2230765344077639,0.223093154521936,0.05450346919170519,0.03102403994260429,0.41423999601760936,0.2879536020156132
run_stage2_anime,anime,high,101,dm,25000,0.1535342976688488,0.1535699282814437,6.047375202178955,0.1146919875348656,7.8978447914123535,0.00955,6319.6943359375,0.0192455157400028,0.01872826699813429,0.0,20,0.0915019165155113,0.1153534362984351,0.2230765344077639,0.223093154521936,0.06203238115333749,0.038216491983008596,0.47146160974707335,0.35471126723879404
run_stage2_anime,anime,high,101,dm,100000,0.1661170998962585,0.1661740930354564,5.393989562988281,0.1153672767935307,66.16014099121094,0.01095,1029.2969970703125,0.0048989673702057035,0.004434174122067591,0.0001346916207101978,20,0.0915019165155113,0.1153534362984351,0.2230765344077639,0.223093154521936,0.0746151833807472,0.05082065673702131,0.5670940533671175,0.47169843744714723
run_stage2_anime,anime,high,101,tempered_logger,5000,0.1142154884311712,0.1153534362984351,3.6429671829371766,0.1142154884311712,3332.12255859375,0.0119,35.02431869506836,0.0032678219702683975,-0.006705694645695995,0.0011554893619842022,20,0.0915019165155113,0.1153534362984351,0.2230765344077639,0.223093154521936,0.022713571915659897,0.0,0.17262882674118957,0.0
run_stage2_anime,anime,high,101,tempered_logger,25000,0.1146919875348656,0.1153534362984351,4.643913700768906,0.1146919875348656,2872.34130859375,0.01635,32.4755859375,0.0003027171884924934,-0.010046133151717512,0.0006796669830130969,20,0.0915019165155113,0.1153534362984351,0.2230765344077639,0.223093154521936,0.023190071019354302,0.0,0.1762503390915778,0.0
run_stage2_anime,anime,high,101,tempered_logger,100000,0.1153672767935307,0.1153534362984351,23.710893972685028,0.1153672767935307,1771.7022705078125,0.027,54.936012268066406,-0.0001355989037068045,-0.01061423077776781,3.7007696550017677e-06,20,0.0915019165155113,0.1153534362984351,0.2230765344077639,0.223093154521936,0.0238653602780194,0.0,0.18138270633294115,0.0
run_stage2_anime,anime,medium,100,opc,5000,0.1896527652631515,0.1935927130684888,2.5536019802093506,0.1799950230847906,2502.414306640625,0.0121,129.2098846435547,0.015985583793092395,0.0038435526424777933,5.8767039496199214e-05,20,0.1428880432067933,0.1801795049022611,0.2463821477076347,0.2463925970121352,0.046764722056358204,0.013413208166227708,0.451858801831345,0.20257637483490137
run_stage2_anime,anime,medium,100,opc,25000,0.2103977443620895,0.2105301593508423,10.518569946289062,0.1801955153155387,620.3414916992188,0.02535,214.6973114013672,-0.0015516521379684012,-0.013090952034302994,0.0,20,0.1428880432067933,0.1801795049022611,0.2463821477076347,0.2463925970121352,0.0675097011552962,0.030350654448581205,0.6523048001709831,0.4583784487547762
run_stage2_anime,anime,medium,100,opc,100000,0.2154854648667717,0.2158900964314604,7.013300895690918,0.1801950344243145,467.95709228515625,0.02535,404.9244079589844,0.007090318862781497,-0.005051943599486797,0.0004887683107377971,20,0.1428880432067933,0.1801795049022611,0.2463821477076347,0.2463925970121352,0.0725974216599784,0.03571059152919931,0.7014643202153432,0.539328256562027
run_stage2_anime,anime,medium,100,no_propensity,5000,0.1848407988778795,0.1878741532502279,2.813589096069336,0.1799950230847906,20000.0,,,-0.1555903633467402,-0.1576358628329937,0.0,20,0.1428880432067933,0.1801795049022611,0.2463821477076347,0.2463925970121352,0.041952755671086195,0.00769464834796682,0.4053637245660222,0.1162103762681602
run_stage2_anime,anime,medium,100,no_propensity,25000,0.1865511692777847,0.1866581803567621,10.713327407836914,0.1801955153155387,20000.0,,,-0.1537337757364487,-0.1561326719279938,0.0008858632216602047,20,0.1428880432067933,0.1801795049022611,0.2463821477076347,0.2463925970121352,0.043663126070991404,0.0064786754545010095,0.42188998379744835,0.09784583755355036
run_stage2_anime,anime,medium,100,no_propensity,100000,0.1869865200311307,0.1872449174144549,8.354636192321777,0.1801950344243145,20000.0,,,-0.1500337934881811,-0.15255702692205741,0.0013878437898079965,20,0.1428880432067933,0.1801795049022611,0.2463821477076347,0.2463925970121352,0.0440984768243374,0.007065412512193808,0.4260965108788287,0.10670718262891954
run_stage2_anime,anime,medium,100,dm,5000,0.1701471928503474,0.1711766684757063,2.577594995498657,0.1799950230847906,177.5174560546875,0.0168,677.574462890625,0.0757142033431569,0.07462250858005359,0.015634380075348286,20,0.1428880432067933,0.1801795049022611,0.2463821477076347,0.2463925970121352,0.02725914964355411,-0.009002836426554778,0.2633884294668446,-0.135967618180638
run_stage2_anime,anime,medium,100,dm,25000,0.1961967054033024,0.1964015864865701,5.394924163818359,0.1801955153155387,188.4277801513672,0.0147,301.4622497558594,0.03966169029238392,0.038888785842637996,0.005866368295524199,20,0.1428880432067933,0.1801795049022611,0.2463821477076347,0.2463925970121352,0.05330866219650909,0.016222081584309017,0.5150888782855809,0.24499809731571015
run_stage2_anime,anime,medium,100,dm,100000,0.2083596006980615,0.2088635384867397,5.149576187133789,0.1801950344243145,172.58868408203125,0.0208,1038.5303955078125,0.009371696318082295,0.008688546056426993,0.0003268546473619849,20,0.1428880432067933,0.1801795049022611,0.2463821477076347,0.2463925970121352,0.0654715574912682,0.028684033584478602,0.6326114690980869,0.4332078848829514
run_stage2_anime,anime,medium,100,tempered_logger,5000,0.1799950230847906,0.1801795049022611,7.978473758296385,0.1799950230847906,2584.431640625,0.0162,43.82592010498047,0.0069618742931772115,-0.005780032238907801,0.00020599984332100862,20,0.1428880432067933,0.1801795049022611,0.2463821477076347,0.2463925970121352,0.0371069798779973,0.0,0.3585419677475022,0.0
run_stage2_anime,anime,medium,100,tempered_logger,25000,0.1801955153155387,0.1801795049022611,58.95519088447909,0.1801955153155387,1978.337646484375,0.0255,51.1745719909668,0.0011603931975303905,-0.011746253494291009,5.5026889478893e-06,20,0.1428880432067933,0.1801795049022611,0.2463821477076347,0.2463925970121352,0.03730747210874541,0.0,0.3604792010973157,0.0
run_stage2_anime,anime,medium,100,tempered_logger,100000,0.1801950344243145,0.1801795049022611,61.928786137678486,0.1801950344243145,1990.8277587890625,0.0258,53.55668258666992,0.0146777919134998,0.0013095107716785959,4.709077094100511e-06,20,0.1428880432067933,0.1801795049022611,0.2463821477076347,0.2463925970121352,0.03730699121752121,0.0,0.3604745545406203,0.0
run_stage2_anime,anime,medium,101,opc,5000,0.1898643759130893,0.1908870184464593,4.159043788909912,0.1717899452249118,1098.3785400390625,0.02205,141.28831481933594,-0.004406565153545011,-0.0156744745216581,0.0,20,0.1420199494004421,0.1790342310233952,0.2437618605335334,0.243948940708572,0.0478444265126472,0.011852787423064115,0.4702528778927755,0.18259016300847267
run_stage2_anime,anime,medium,101,opc,25000,0.2002832292335675,0.2002567617917041,28.7458610534668,0.178711239459814,646.7505493164062,0.0267,274.1646728515625,0.007231593249495183,-0.005271350995985413,0.0001570608473774049,20,0.1420199494004421,0.1790342310233952,0.2437618605335334,0.243948940708572,0.0582632798331254,0.021222530768308906,0.5726576116396089,0.32692945668607126
run_stage2_anime,anime,medium,101,opc,100000,0.2075989663440348,0.2083979245824788,4.753683090209961,0.1790091091260702,835.4185180664062,0.0236,227.1820831298828,-0.005722162111437501,-0.01752446170575689,0.0005475100417065004,20,0.1420199494004421,0.1790342310233952,0.2437618605335334,0.243948940708572,0.0655790169435927,0.02936369355908361,0.644562464113801,0.45234267705257514
run_stage2_anime,anime,medium,101,no_propensity,5000,0.1846086227845418,0.1856979385428616,3.5627927780151367,0.1717899452249118,20000.0,,,-0.1556563408624399,-0.1577907811252233,0.0,20,0.1420199494004421,0.1790342310233952,0.2437618605335334,0.243948940708572,0.04258867338409969,0.006663707519466405,0.4185951778356936,0.1026532746088527
run_stage2_anime,anime,medium,101,no_propensity,25000,0.1840439683106901,0.1841927110400374,10.02943992614746,0.178711239459814,20000.0,,,-0.1511424949673178,-0.1535476578459227,0.00017409672882631733,20,0.1420199494004421,0.1790342310233952,0.2437618605335334,0.243948940708572,0.042024018910247984,0.0051584800166422085,0.41304530691658864,0.07946550237472817
run_stage2_anime,anime,medium,101,no_propensity,100000,0.1843457071940452,0.1844661274417005,11.896695137023926,0.1790091091260702,20000.0,,,-0.149161707506612,-0.15166805250490378,0.0006282435204077175,20,0.1420199494004421,0.1790342310233952,0.2437618605335334,0.243948940708572,0.04232575779360309,0.005431896418305299,0.41601103539558676,0.08367743527852
run_stage2_anime,anime,medium,101,dm,5000,0.1823978911470066,0.1833898177468107,3.137204885482788,0.1717899452249118,192.67002868652344,0.01675,557.6677856445312,0.05639519883884078,0.055302390475347796,0.006112891727297481,20,0.1420199494004421,0.1790342310233952,0.2437618605335334,0.243948940708572,0.040377941746564505,0.0043555867234155166,0.3968663581888593,0.06709706851558343
run_stage2_anime,anime,medium,101,dm,25000,0.1972929432179272,0.1973385410600676,10.90449047088623,0.178711239459814,287.7187194824219,0.02155,325.0521850585937,0.015207956812208906,0.014476879963452788,0.0017342004616830997,20,0.1420199494004421,0.1790342310233952,0.2437618605335334,0.243948940708572,0.0552729938174851,0.018304310036672405,0.5432667147875866,0.28197476543366823
run_stage2_anime,anime,medium,101,dm,100000,0.2019518571548125,0.2020468262518052,7.84531307220459,0.1790091091260702,152.29209899902344,0.02085,621.0297241210938,0.005987588817630091,0.00530093087996969,0.0010007659623667842,20,0.1420199494004421,0.1790342310233952,0.2437618605335334,0.243948940708572,0.059931907754370406,0.02301259522841001,0.5890582070546314,0.3545050935299015
run_stage2_anime,anime,medium,101,tempered_logger,5000,0.1717899452249118,0.1790342310233951,2.0690114827496404,0.1717899452249118,7396.73779296875,0.00015,11.53561305999756,-0.009866953949124513,-0.018312029246750017,0.0072202615775028844,20,0.1420199494004421,0.1790342310233952,0.2437618605335334,0.243948940708572,0.02976999582446971,-8.326672684688674e-17,0.29260307274478836,-1.2827096855352736e-15
run_stage2_anime,anime,medium,101,tempered_logger,25000,0.178711239459814,0.1790342310233951,8.9673637417932,0.178711239459814,2574.22021484375,0.01705,32.36891555786133,-0.005901117089094077,-0.018029134884062187,0.0002989327694946087,20,0.1420199494004421,0.1790342310233952,0.2437618605335334,0.243948940708572,0.036691290059371884,-8.326672684688674e-17,0.3606310285578873,-1.2827096855352736e-15
run_stage2_anime,anime,medium,101,tempered_logger,100000,0.1790091091260702,0.1790342310233951,55.83369400120178,0.1790091091260702,2102.1376953125,0.0241,49.3348388671875,-0.0011173331603795966,-0.013977690259738496,0.0,20,0.1420199494004421,0.1790342310233952,0.2437618605335334,0.243948940708572,0.03698915972562811,-8.326672684688674e-17,0.3635587273099441,-1.2827096855352736e-15
run_stage2_anime,anime,none,100,opc,5000,0.2851847725267596,0.2892758888527585,3.236457109451294,0.2970969931468276,3192.1201171875,0.0121,44.8746223449707,-0.0052081959600635,-0.018056868516460323,0.0,20,0.2369807819168713,0.2971178438222259,0.2970972454891428,0.2971040465333536,0.04820399060988831,-0.00784195496946738,0.8018434176843734,
run_stage2_anime,anime,none,100,opc,25000,0.2900422225048536,0.2940097116813923,3.753627061843872,0.2920524256997636,3826.476318359375,0.0082,42.36625671386719,-0.012503952746629132,-0.024865871233551717,0.0015666154494896056,20,0.2369807819168713,0.2971178438222259,0.2970972454891428,0.2971040465333536,0.05306144058798232,-0.0031081321408336082,0.8826440784260756,
run_stage2_anime,anime,none,100,opc,100000,0.2926960419361829,0.2930726716270402,10.54388427734375,0.2959128047193414,1903.8582763671875,0.02185,103.55878448486328,0.011022256737446778,-0.003707950246035152,1.7964093547762072e-05,20,0.2369807819168713,0.2971178438222259,0.2970972454891428,0.2971040465333536,0.055715260019311624,-0.004045172195185687,0.9267887149138642,
run_stage2_anime,anime,none,100,no_propensity,5000,0.2870804497894348,0.2923703765572304,2.842095375061035,0.2970969931468276,20000.0,,,-0.23127358201113363,-0.23403801340005262,0.0,20,0.2369807819168713,0.2971178438222259,0.2970972454891428,0.2971040465333536,0.05009966787256351,-0.004747467264995475,0.8333768304972584,
run_stage2_anime,anime,none,100,no_propensity,25000,0.2939174382309196,0.2941830078311862,12.61231517791748,0.2920524256997636,20000.0,,,-0.2357849909285782,-0.23892029771614678,0.0,20,0.2369807819168713,0.2971178438222259,0.2970972454891428,0.2971040465333536,0.05693665631404829,-0.0029348359910396637,0.9471058829932592,
run_stage2_anime,anime,none,100,no_propensity,100000,0.2937245054236371,0.2942066684028261,9.322565078735352,0.2959128047193414,20000.0,,,-0.2275680584898908,-0.23087399066655528,0.0,20,0.2369807819168713,0.2971178438222259,0.2970972454891428,0.2971040465333536,0.05674372350676579,-0.0029111754193997808,0.9438965656811962,
run_stage2_anime,anime,none,100,dm,5000,0.2766863398629725,0.2803961271028372,2.953545331954956,0.2970969931468276,2024.548828125,0.0143,106.5679702758789,0.046266526691287724,0.044732681560968435,0.0,20,0.2369807819168713,0.2971178438222259,0.2970972454891428,0.2971040465333536,0.03970555794610117,-0.016721716719388713,0.6604772733906328,
run_stage2_anime,anime,none,100,dm,25000,0.2912120250517415,0.2918970860576584,7.885864734649658,0.2920524256997636,2127.023193359375,0.0193,69.66372680664062,0.006530252332062836,0.005321637479372698,0.0,20,0.2369807819168713,0.2971178438222259,0.2970972454891428,0.2971040465333536,0.05423124313487018,-0.005220757764567485,0.9021030165833667,
run_stage2_anime,anime,none,100,dm,100000,0.295107521783189,0.295897035855922,7.210957527160644,0.2959128047193414,2848.2607421875,0.01415,39.35818862915039,0.0011196949373920018,-4.989609036371023e-05,0.0,20,0.2369807819168713,0.2971178438222259,0.2970972454891428,0.2971040465333536,0.058126739866317695,-0.0012208079663039162,0.9669021830673429,
run_stage2_anime,anime,none,100,tempered_logger,5000,0.2970969931468276,0.2971178438222259,50.08951739606062,0.2970969931468276,2209.071044921875,0.02125,37.72811508178711,-0.0002585605963972837,-0.015035167045377273,0.0,20,0.2369807819168713,0.2971178438222259,0.2970972454891428,0.2971040465333536,0.06011621122995628,0.0,0.9999958024424556,
run_stage2_anime,anime,none,100,tempered_logger,25000,0.2920524256997636,0.2971178438222259,3.5334831773965987,0.2920524256997636,4945.8271484375,0.003,23.23367118835449,-0.012144275265269566,-0.02393489775164448,0.005050393109775231,20,0.2369807819168713,0.2971178438222259,0.2970972454891428,0.2971040465333536,0.05507164378289228,0.0,0.9160825589264018,
run_stage2_anime,anime,none,100,tempered_logger,100000,0.2959128047193414,0.2971178438222259,6.984303426567514,0.2959128047193414,3228.64111328125,0.01105,27.495580673217773,0.004964438561069318,-0.008694848337203687,0.0011914268706086917,20,0.2369807819168713,0.2971178438222259,0.2970972454891428,0.2971040465333536,0.05893202280247009,0.0,0.9802975641044241,
run_stage2_anime,anime,none,101,opc,5000,0.2792503885388645,0.2941850615976713,1.9355584383010864,0.297498137581171,7726.279296875,0.00045,17.47761344909668,0.001503551804992287,-0.008330662324233906,0.007707248201147265,20,0.2378402374791882,0.2979248812141114,0.2979027748248941,0.2979089678867226,0.041410151059676326,-0.0037398196164400987,0.6894505775093918,
run_stage2_anime,anime,none,101,opc,25000,0.290211915866842,0.2955567401532842,3.1106045246124268,0.2972045116180226,4704.40673828125,0.00435,23.728242874145508,-0.0037282406253716927,-0.015535403547209281,0.0026552551970108196,20,0.2378402374791882,0.2979248812141114,0.2979027748248941,0.2979089678867226,0.052371678387653775,-0.0023681410608272224,0.8719524798996532,
run_stage2_anime,anime,none,101,opc,100000,0.2922756064108782,0.2929576589120563,8.076530456542969,0.2979080313891831,2022.86279296875,0.0217,117.68376922607422,0.0009376120396680232,-0.013429463735411984,0.0010596132967122252,20,0.2378402374791882,0.2979248812141114,0.2979027748248941,0.2979089678867226,0.05443536893168999,-0.004967222302055152,0.9063115102575965,
run_stage2_anime,anime,none,101,no_propensity,5000,0.2902140637055383,0.2928995969278207,3.888957500457764,0.297498137581171,20000.0,,,-0.23416368487629752,-0.23702087987987983,0.0,20,0.2378402374791882,0.2979248812141114,0.2979027748248941,0.2979089678867226,0.05237382622635012,-0.005025284286290732,0.8719882399389599,
run_stage2_anime,anime,none,101,no_propensity,25000,0.2939150202212332,0.2941515603553664,13.073370933532717,0.2972045116180226,20000.0,,,-0.23427557378387442,-0.23745388037521703,0.0002507071935295979,20,0.2378402374791882,0.2979248812141114,0.2979027748248941,0.2979089678867226,0.056074782742045026,-0.003773320858745044,0.9336066243637315,
run_stage2_anime,anime,none,101,no_propensity,100000,0.2941469236880878,0.2942146998594089,22.77070045471192,0.2979080313891831,20000.0,,,-0.22801788744035761,-0.23141462968085322,0.0003855947849669694,20,0.2378402374791882,0.2979248812141114,0.2979027748248941,0.2979089678867226,0.056306686208899615,-0.003710181354702524,0.937467657831562,
run_stage2_anime,anime,none,101,dm,5000,0.2734780885807452,0.2759640579813849,3.859231472015381,0.297498137581171,1463.83935546875,0.0166,130.26141357421875,0.023656489647251644,0.022415017593743924,0.0,20,0.2378402374791882,0.2979248812141114,0.2979027748248941,0.2979089678867226,0.03563785110155698,-0.021960823232726523,0.5933457472239954,
run_stage2_anime,anime,none,101,dm,25000,0.2924914447585494,0.292621094890358,15.645902633666992,0.2972045116180226,1710.3992919921875,0.0214,88.6260986328125,0.006878456660136534,0.0056183538986244175,0.0001290317428271348,20,0.2378402374791882,0.2979248812141114,0.2979027748248941,0.2979089678867226,0.05465120727936118,-0.0053037863237534455,0.9099050705234387,
run_stage2_anime,anime,none,101,dm,100000,0.2959980905390983,0.2962843539452882,12.126628875732422,0.2979080313891831,2282.663330078125,0.0176,60.50489044189453,0.0035772978924507592,0.002424036331537871,1.6121328590690265e-05,20,0.2378402374791882,0.2979248812141114,0.2979027748248941,0.2979089678867226,0.058157853059910114,-0.0016405272688232442,0.9682883146472343,
run_stage2_anime,anime,none,101,tempered_logger,5000,0.297498137581171,0.2979248812141114,11.531997597733666,0.297498137581171,2668.220947265625,0.0174,35.69771194458008,0.00585815228241543,-0.008492847332735198,0.0004133467669015789,20,0.2378402374791882,0.2979248812141114,0.2979027748248941,0.2979089678867226,0.0596579001019828,0.0,0.9932630677689475,
run_stage2_anime,anime,none,101,tempered_logger,25000,0.2972045116180226,0.2979248812141114,8.9673637417932,0.2972045116180226,2962.84326171875,0.0131,35.209651947021484,-0.0002742283099934073,-0.01427249417557408,0.0007068691389456316,20,0.2378402374791882,0.2979248812141114,0.2979027748248941,0.2979089678867226,0.05936427413883438,0.0,0.9883743971245761,
run_stage2_anime,anime,none,101,tempered_logger,100000,0.2979080313891831,0.2979248812141114,55.83369400120178,0.2979080313891831,2133.8994140625,0.0201,51.36223983764648,0.0031777089386519908,-0.011466332801615686,0.0,20,0.2378402374791882,0.2979248812141114,0.2979027748248941,0.2979089678867226,0.06006779390999489,0.0,1.0000875181855664,
run_stage2_anime,anime,w-high.g-none.v-none,100,opc,5000,0.2335313955563763,0.2386517958730269,2.746920585632324,0.2160426666858555,2019.8812255859373,0.015,97.12486267089844,0.0015844752770206028,-0.010694584071108904,0.0,20,0.1737656880555041,0.2176228227509461,0.2970555433821169,0.2970615021265094,0.059765707500872206,0.021028973122080796,0.4847577064839935,0.264719570961922
run_stage2_anime,anime,w-high.g-none.v-none,100,opc,25000,0.2510297451935502,0.2516401541546715,6.738649845123291,0.2175333403488989,307.3216247558594,0.0222,563.173583984375,0.004723891166618199,-0.007032665722077003,0.0,20,0.1737656880555041,0.2176228227509461,0.2970555433821169,0.2970615021265094,0.0772640571380461,0.0340173314037254,0.6266862503274283,0.42822126036236347
run_stage2_anime,anime,w-high.g-none.v-none,100,opc,100000,0.253945364255083,0.2544208270772242,7.589059829711914,0.2173190217968393,543.2747192382812,0.0202,289.9154052734375,0.013349132042753287,0.0013850712523513775,0.0003062744626087799,20,0.1737656880555041,0.2176228227509461,0.2970555433821169,0.2970615021265094,0.08017967619957891,0.03679800432627808,0.6503347415500752,0.46322527785624024
run_stage2_anime,anime,w-high.g-none.v-none,100,no_propensity,5000,0.2209035074596055,0.2253462621550171,2.8450639247894287,0.2160426666858555,20000.0,,,-0.1851866720502027,-0.18739488999103399,0.0,20,0.1737656880555041,0.2176228227509461,0.2970555433821169,0.2970615021265094,0.04713781940410139,0.0077234394040709975,0.38233331752419064,0.09722517374133062
run_stage2_anime,anime,w-high.g-none.v-none,100,no_propensity,25000,0.2253372789263093,0.2255597172396676,12.433730125427246,0.2175333403488989,20000.0,,,-0.18496094726913812,-0.18760838556072962,0.0,20,0.1737656880555041,0.2176228227509461,0.2970555433821169,0.2970615021265094,0.051571590870805206,0.007936894488721508,0.4182954934465981,0.0999122159521075
run_stage2_anime,anime,w-high.g-none.v-none,100,no_propensity,100000,0.2257257544085857,0.226200111829171,9.055682182312012,0.2173190217968393,20000.0,,,-0.1808269166037914,-0.1835715892273379,0.0012366655619704126,20,0.1737656880555041,0.2176228227509461,0.2970555433821169,0.2970615021265094,0.05196006635308159,0.008577289078224887,0.42144640542753325,0.10797371186993082
run_stage2_anime,anime,w-high.g-none.v-none,100,dm,5000,0.223755102874668,0.2267463698678654,2.8539235591888428,0.2160426666858555,917.274169921875,0.01935,208.99612426757807,0.053344715116588726,0.0518798165552079,0.0005129257892725059,20,0.1737656880555041,0.2176228227509461,0.2970555433821169,0.2970615021265094,0.049989414819163885,0.00912354711691929,0.40546251503608816,0.11485018618934709
run_stage2_anime,anime,w-high.g-none.v-none,100,dm,25000,0.2433074372103427,0.2436878625362648,6.561896800994873,0.2175333403488989,244.73141479492188,0.0182,368.1081237792969,0.028839503020980484,0.02780758724378507,0.0,20,0.1737656880555041,0.2176228227509461,0.2970555433821169,0.2970615021265094,0.0695417491548386,0.026065039785318683,0.5640508618540622,0.3281152203209554
run_stage2_anime,anime,w-high.g-none.v-none,100,dm,100000,0.2464474176866092,0.247013229754154,5.991533279418945,0.2173190217968393,401.6184387207031,0.01805,303.21875,0.016037877847524723,0.015126154290438204,0.0,20,0.1737656880555041,0.2176228227509461,0.2970555433821169,0.2970615021265094,0.07268172963110509,0.029390407003207886,0.5895191412023364,0.36997602722294104
run_stage2_anime,anime,w-high.g-none.v-none,100,tempered_logger,5000,0.2160426666858555,0.2176228227509461,5.324138113805787,0.2160426666858555,3667.53955078125,0.00815,33.85074234008789,-0.002040146839893009,-0.014273460177946118,0.0015855709858929035,20,0.1737656880555041,0.2176228227509461,0.2970555433821169,0.2970615021265094,0.0422769786303514,0.0,0.34290719636545536,0.0
run_stage2_anime,anime,w-high.g-none.v-none,100,tempered_logger,25000,0.2175333403488989,0.2176228227509461,19.307520162568583,0.2175333403488989,2342.12060546875,0.0203,92.24916076660156,-0.006257956518828406,-0.019541449547887696,9.884000392068604e-05,20,0.1737656880555041,0.2176228227509461,0.2970555433821169,0.2970615021265094,0.0437676522933948,0.0,0.35499800188302516,0.0
run_stage2_anime,anime,w-high.g-none.v-none,100,tempered_logger,100000,0.2173190217968393,0.2176228227509461,11.43035722244505,0.2173190217968393,2657.284423828125,0.01375,43.78554153442383,0.009816472554547706,-0.0031784013586577953,0.0003141109516772156,20,0.1737656880555041,0.2176228227509461,0.2970555433821169,0.2970615021265094,0.04355333374133519,0.0,0.35325967108936945,0.0
run_stage2_anime,anime,w-high.g-none.v-none,101,opc,5000,0.219213567519754,0.2211015248073712,4.323276042938232,0.1989781243262102,505.8695068359375,0.02205,447.0215148925781,-0.0053627116924225005,-0.017325402787389477,0.0,20,0.1587893962502391,0.1994381549959468,0.2965675703918507,0.2965726906519444,0.06042417126951488,0.021663369811424388,0.4385612717396698,0.22302438226652266
run_stage2_anime,anime,w-high.g-none.v-none,101,opc,25000,0.2285260819341815,0.2290089834005284,8.742477416992188,0.195323913657632,626.5680541992188,0.0236,305.9490051269531,0.0021905488822780983,-0.010330044442376701,0.0016662570951699873,20,0.1587893962502391,0.1994381549959468,0.2965675703918507,0.2965726906519444,0.0697366856839424,0.029570828404581584,0.5061519077199078,0.3044316648540618
run_stage2_anime,anime,w-high.g-none.v-none,101,opc,100000,0.2412114180691529,0.2417212363839542,9.034021377563477,0.1993907546346868,495.9487609863281,0.0267,241.3073883056641,0.004595901810378916,-0.008167619143514493,0.0007606606643993097,20,0.1587893962502391,0.1994381549959468,0.2965675703918507,0.2965726906519444,0.08242202181891378,0.042283081388007404,0.5982226309241006,0.4353043034843253
run_stage2_anime,anime,w-high.g-none.v-none,101,no_propensity,5000,0.2010914768196417,0.2026728526766102,3.958684682846069,0.1989781243262102,20000.0,,,-0.17470385423970952,-0.1766472393377006,0.0,20,0.1587893962502391,0.1994381549959468,0.2965675703918507,0.2965726906519444,0.0423020805694026,0.0032346976806633954,0.3070303466637868,0.03330121113791177
run_stage2_anime,anime,w-high.g-none.v-none,101,no_propensity,25000,0.2044757121991441,0.2045566150193601,14.037710189819336,0.195323913657632,20000.0,,,-0.1752261148583219,-0.1774771884462002,0.00020857312139879736,20,0.1587893962502391,0.1994381549959468,0.2965675703918507,0.2965726906519444,0.04568631594890499,0.00511846002341329,0.33159327472250816,0.05269454359199636
run_stage2_anime,anime,w-high.g-none.v-none,101,no_propensity,100000,0.2086130676641998,0.2085945213196207,23.66910743713379,0.1993907546346868,20000.0,,,-0.1753748765066204,-0.17781175551739428,0.0001944002651625143,20,0.1587893962502391,0.1994381549959468,0.2965675703918507,0.2965726906519444,0.049823671413960685,0.009156366323673892,0.3616223812252785,0.09426478710004034
run_stage2_anime,anime,w-high.g-none.v-none,101,dm,5000,0.2064625030993638,0.2079253315679723,3.37845516204834,0.1989781243262102,28.983612060546875,0.0149,3463.2119140625,0.04627910194404741,0.045281718208611904,0.0008207684214902033,20,0.1587893962502391,0.1994381549959468,0.2965675703918507,0.2965726906519444,0.04767310684912468,0.008487176572025495,0.3460134897717918,0.08737547891393509
run_stage2_anime,anime,w-high.g-none.v-none,101,dm,25000,0.2208254670975769,0.2209069424274609,12.480870246887209,0.195323913657632,298.5361328125,0.02045,336.0527038574219,0.011723231685343921,0.010799288264039808,0.0014122806988323133,20,0.1587893962502391,0.1994381549959468,0.2965675703918507,0.2965726906519444,0.06203607084733778,0.02146878743151409,0.4502605092122622,0.22102115675464695
run_stage2_anime,anime,w-high.g-none.v-none,101,dm,100000,0.2258667647504588,0.2261009307697635,9.488093376159668,0.1993907546346868,220.43081665039065,0.02145,786.0140991210938,0.00865821543695719,0.0077639676818329895,0.0,20,0.1587893962502391,0.1994381549959468,0.2965675703918507,0.2965726906519444,0.0670773685002197,0.026662775773816705,0.4868504675586426,0.27449326435494625
run_stage2_anime,anime,w-high.g-none.v-none,101,tempered_logger,5000,0.1989781243262102,0.1994381549959468,11.531997597733666,0.1989781243262102,2323.4599609375,0.0216,39.93376541137695,0.0003888028207013894,-0.012942149576897516,0.0004192317635584031,20,0.1587893962502391,0.1994381549959468,0.2965675703918507,0.2965726906519444,0.0401887280759711,0.0,0.2916915420483377,0.0
run_stage2_anime,anime,w-high.g-none.v-none,101,tempered_logger,25000,0.195323913657632,0.1994381549959468,3.3312925417910657,0.195323913657632,4546.9287109375,0.0047,30.27903175354004,-0.0009477281212474931,-0.011710130653678902,0.0040732343471210075,20,0.1587893962502391,0.1994381549959468,0.2965675703918507,0.2965726906519444,0.036534517407392886,0.0,0.2651691215608784,0.0
run_stage2_anime,anime,w-high.g-none.v-none,101,tempered_logger,100000,0.1993907546346868,0.1994381549959468,55.83369400120178,0.1993907546346868,1902.8134765625,0.0273,59.40053176879883,0.0010279411727700805,-0.012611956852247919,0.0,20,0.1587893962502391,0.1994381549959468,0.2965675703918507,0.2965726906519444,0.0406013583844477,0.0,0.2946864308327724,0.0
run_stage2_anime,anime,w-none.g-high.v-none,100,opc,5000,0.2347309316911774,0.2390449365386628,2.931847333908081,0.2345851793403484,2873.304443359375,0.01245,93.74695587158205,-0.005822243861206083,-0.01788251542949551,0.0,20,0.1868118741866775,0.2345460128030924,0.2682075313763231,0.2682047045681572,0.0479190575044999,0.004498923735570398,0.5887176190844212,0.13366305996004108
run_stage2_anime,anime,w-none.g-high.v-none,100,opc,25000,0.2432694409798442,0.2435024410714107,12.482200622558594,0.2310397261986725,1225.183837890625,0.02555,110.1988525390625,-0.002283212990647515,-0.015757749618916406,0.0,20,0.1868118741866775,0.2345460128030924,0.2682075313763231,0.2682047045681572,0.056457566793166714,0.0089564282683183,0.6936189072302095,0.2660955550748529
run_stage2_anime,anime,w-none.g-high.v-none,100,opc,100000,0.248211489735653,0.2506164295493104,3.626603364944458,0.2307550081189973,1873.04638671875,0.01895,59.42633438110352,0.004208488644550201,-0.008984247604969603,0.0013132981022934975,20,0.1868118741866775,0.2345460128030924,0.2682075313763231,0.2682047045681572,0.061399615548975495,0.016070416746218008,0.754335276216508,0.47745220932495935
run_stage2_anime,anime,w-none.g-high.v-none,100,no_propensity,5000,0.2315843861697694,0.235516806245272,2.796290397644043,0.2345851793403484,20000.0,,,-0.1916150499282858,-0.1939486032625394,0.0,20,0.1868118741866775,0.2345460128030924,0.2682075313763231,0.2682047045681572,0.0447725119830919,0.0009707934421795961,0.5500602062684427,0.028842280887078527
run_stage2_anime,anime,w-none.g-high.v-none,100,no_propensity,25000,0.2338685179906132,0.2340618164606324,11.422383308410645,0.2310397261986725,20000.0,,,-0.1904745186524632,-0.1931973003128582,0.0006664608493555102,20,0.1868118741866775,0.2345460128030924,0.2682075313763231,0.2682047045681572,0.047056643803935705,-0.0004841963424599971,0.5781222909018028,-0.014385477184902252
run_stage2_anime,anime,w-none.g-high.v-none,100,no_propensity,100000,0.23550624955851,0.2360049732530422,8.913068771362305,0.2307550081189973,20000.0,,,-0.18776843879777358,-0.1906128961707849,0.00018073685587910449,20,0.1868118741866775,0.2345460128030924,0.2682075313763231,0.2682047045681572,0.04869437537183249,0.0014589604499498088,0.5982429167981084,0.04334572656992272
run_stage2_anime,anime,w-none.g-high.v-none,100,dm,5000,0.2231898113240448,0.2259045939812299,2.794951915740967,0.2345851793403484,851.9103393554688,0.01895,130.66549682617188,0.059971053982809386,0.058676878808184896,0.005526020235233797,20,0.1868118741866775,0.2345460128030924,0.2682075313763231,0.2682047045681572,0.03637793713736731,-0.008641418821862507,0.44692724886549573,-0.25673662191563995
run_stage2_anime,anime,w-none.g-high.v-none,100,dm,25000,0.2409217943049693,0.2415315152538726,6.919937133789063,0.2310397261986725,739.1600341796875,0.0232,422.0084838867188,0.009596259465096013,0.008612634435959693,8.496303175092867e-06,20,0.1868118741866775,0.2345460128030924,0.2682075313763231,0.2682047045681572,0.0541099201182918,0.0069855024507801955,0.6647765002034429,0.2075393333626419
run_stage2_anime,anime,w-none.g-high.v-none,100,dm,100000,0.2448189949390417,0.2454930244933439,6.340600967407227,0.2307550081189973,1265.460693359375,0.02215,123.83992767333984,0.0008425319793695096,-5.0029265965589875e-05,0.0,20,0.1868118741866775,0.2345460128030924,0.2682075313763231,0.2682047045681572,0.058007120752364194,0.010947011690251501,0.7126562123236144,0.32523580436996297
run_stage2_anime,anime,w-none.g-high.v-none,100,tempered_logger,5000,0.2345851793403484,0.2345460128030924,50.08951739606062,0.2345851793403484,2355.987060546875,0.02295,36.76164627075195,-0.0046071990842677935,-0.019151773509009595,0.0,20,0.1868118741866775,0.2345460128030924,0.2682075313763231,0.2682047045681572,0.0477733051536709,0.0,0.5869269541292945,0.0
run_stage2_anime,anime,w-none.g-high.v-none,100,tempered_logger,25000,0.2310397261986725,0.2345460128030924,3.5334831773965987,0.2310397261986725,4840.69775390625,0.00305,20.520414352416992,-0.007115312875270091,-0.01830787660276889,0.0035457129319085012,20,0.1868118741866775,0.2345460128030924,0.2682075313763231,0.2682047045681572,0.044227852011995,0.0,0.5433686948303338,0.0
run_stage2_anime,anime,w-none.g-high.v-none,100,tempered_logger,100000,0.2307550081189973,0.2345460128030924,3.409291698672725,0.2307550081189973,5089.35205078125,0.00175,18.09759521484375,0.002443679315199093,-0.008671328093166702,0.003830412890088203,20,0.1868118741866775,0.2345460128030924,0.2682075313763231,0.2682047045681572,0.0439431339323198,0.0,0.5398707431028623,0.0
run_stage2_anime,anime,w-none.g-high.v-none,101,opc,5000,0.2284894481717291,0.2298974144360002,4.967954635620117,0.2206856629221453,1845.47900390625,0.0215,99.7738800048828,-3.275726425078229e-05,-0.013249849804787883,0.0,20,0.1799169679613578,0.2237244703559743,0.2674327679150933,0.2674356743722814,0.04857248021037128,0.006172944080025916,0.5550138401985553,0.1412210946585459
run_stage2_anime,anime,w-none.g-high.v-none,101,opc,25000,0.2383511370453105,0.2386186852977799,10.036996841430664,0.2235333244092145,511.3608093261719,0.0238,403.7976684570313,-0.0009410089287028855,-0.013492089955423003,0.0,20,0.1799169679613578,0.2237244703559743,0.2674327679150933,0.2674356743722814,0.058434169083952686,0.014894214941805622,0.6676985083247075,0.34074135629503866
run_stage2_anime,anime,w-none.g-high.v-none,101,opc,100000,0.2436885507315366,0.2438372089649851,14.47016429901123,0.223700143873141,715.2391357421875,0.02455,179.5631103515625,0.0147323338776858,0.0016219412724165772,0.00015065458671478793,20,0.1799169679613578,0.2237244703559743,0.2674327679150933,0.2674356743722814,0.0637715827701788,0.020112738609010805,0.728686509223376,0.46012776498921093
run_stage2_anime,anime,w-none.g-high.v-none,101,no_propensity,5000,0.2256384534522987,0.2278801014323641,3.898399591445923,0.2206856629221453,20000.0,,,-0.18456679636091958,-0.1870459837188456,0.0,20,0.1799169679613578,0.2237244703559743,0.2674327679150933,0.2674356743722814,0.04572148549094088,0.004155631076389804,0.5224369258478031,0.09507015809583935
run_stage2_anime,anime,w-none.g-high.v-none,101,no_propensity,25000,0.2264422309862354,0.226672753315446,10.73122787475586,0.2235333244092145,20000.0,,,-0.1796170008646229,-0.18244053176146718,0.0,20,0.1799169679613578,0.2237244703559743,0.2674327679150933,0.2674356743722814,0.04652526302487758,0.002948282959471721,0.5316212963770289,0.06744913634435283
run_stage2_anime,anime,w-none.g-high.v-none,101,no_propensity,100000,0.2295879098984083,0.2296797971871045,21.61449241638184,0.223700143873141,20000.0,,,-0.1787480312796912,-0.1817547062762444,0.0009843636296706926,20,0.1799169679613578,0.2237244703559743,0.2674327679150933,0.2674356743722814,0.04967094193705049,0.005955326831130203,0.5675654220530307,0.13624257133041867
run_stage2_anime,anime,w-none.g-high.v-none,101,dm,5000,0.2087672027841297,0.210224142570442,3.3471105098724365,0.2206856629221453,431.2123718261719,0.0197,307.2773742675781,0.05280104548781239,0.05163012286908614,0.013071995642333412,20,0.1799169679613578,0.2237244703559743,0.2674327679150933,0.2674356743722814,0.02885023482277188,-0.013500327785532285,0.3296574428620126,-0.308852800771532
run_stage2_anime,anime,w-none.g-high.v-none,101,dm,25000,0.230478248691084,0.2305477351190852,12.206604957580566,0.2235333244092145,343.426025390625,0.0219,484.3440856933594,0.023160525465486387,0.022250754529854894,0.0005189877194518022,20,0.1799169679613578,0.2237244703559743,0.2674327679150933,0.2674356743722814,0.05056128072972618,0.006823264763110903,0.5777388855093022,0.15609876041312853
run_stage2_anime,anime,w-none.g-high.v-none,101,dm,100000,0.2387940165986263,0.2389728918083549,9.670866012573242,0.223700143873141,550.0404052734375,0.0216,322.0071105957031,0.01169778132541538,0.010828365289368092,0.0,20,0.1799169679613578,0.2237244703559743,0.2674327679150933,0.2674356743722814,0.0588770486372685,0.015248421452380617,0.6727590751429271,0.34884469086442854
run_stage2_anime,anime,w-none.g-high.v-none,101,tempered_logger,5000,0.2206856629221453,0.2237244703559743,3.6429671829371766,0.2206856629221453,4869.77294921875,0.0032,21.42271614074707,-0.005703391727687301,-0.01639629336932452,0.003018704268023087,20,0.1799169679613578,0.2237244703559743,0.2674327679150933,0.2674356743722814,0.0407686949607875,0.0,0.4658438245704151,0.0
run_stage2_anime,anime,w-none.g-high.v-none,101,tempered_logger,25000,0.2235333244092145,0.2237244703559743,16.631846968666082,0.2235333244092145,2693.36767578125,0.01455,38.23261642456055,0.001572467874797312,-0.011495878880740912,0.00017092228377660335,20,0.1799169679613578,0.2237244703559743,0.2674327679150933,0.2674356743722814,0.04361635644785669,0.0,0.4983826517144804,0.0
run_stage2_anime,anime,w-none.g-high.v-none,101,tempered_logger,100000,0.223700143873141,0.2237244703559743,55.83369400120178,0.223700143873141,2323.98779296875,0.0175,38.330448150634766,0.013028375328137692,-0.00044856281076408044,0.0,20,0.1799169679613578,0.2237244703559743,0.2674327679150933,0.2674356743722814,0.043783175911783184,0.0,0.5002888156758986,0.0
run_stage2_anime,anime,w-none.g-none.v-high,100,opc,5000,0.2251013813431794,0.2277531089145447,2.9995179176330566,0.2295142125919989,3539.27490234375,0.0095,48.92485427856445,0.0002175571505492191,-0.01182556513696048,0.0,20,0.1847359149418349,0.2295261092046416,0.250122239646045,0.2501315725388193,0.0403654664013445,-0.0017730002900968878,0.6173380532389127,-0.08604515517765922
run_stage2_anime,anime,w-none.g-none.v-high,100,opc,25000,0.2326974452716642,0.2330582574348232,7.2424516677856445,0.229513600510726,1561.8980712890625,0.0209,98.0278549194336,0.0025860934274858083,-0.010314835735924899,0.000153143707924408,20,0.1847359149418349,0.2295261092046416,0.250122239646045,0.2501315725388193,0.047961530329829305,0.0035321482301816087,0.7335101115836402,0.17141804447187234
run_stage2_anime,anime,w-none.g-none.v-high,100,opc,100000,0.2371620245966372,0.2373074718982248,9.349050521850586,0.2295137928984704,1149.9737548828125,0.02265,146.43455505371094,0.00758738734393738,-0.005491660880034804,0.0005040280851384971,20,0.1847359149418349,0.2295261092046416,0.250122239646045,0.2501315725388193,0.05242610965480232,0.007781362693583205,0.8017901280116863,0.37763590011958026
run_stage2_anime,anime,w-none.g-none.v-high,100,no_propensity,5000,0.2260122826414896,0.2292940508348615,2.840021133422852,0.2295142125919989,20000.0,,,-0.1782933330255343,-0.18095067496688289,0.0,20,0.1847359149418349,0.2295261092046416,0.250122239646045,0.2501315725388193,0.041276367699654704,-0.00023205836978007488,0.6312691206667099,-0.011261982611920508
run_stage2_anime,anime,w-none.g-none.v-high,100,no_propensity,25000,0.2303066117106123,0.2304551162317998,10.032877922058104,0.229513600510726,20000.0,,,-0.1798821364877863,-0.18283188465373262,0.0006028775874847847,20,0.1847359149418349,0.2295261092046416,0.250122239646045,0.2501315725388193,0.045570696768777424,0.0009290070271582018,0.6969453777212101,0.04508547136706623
run_stage2_anime,anime,w-none.g-none.v-high,100,no_propensity,100000,0.2287264807305995,0.2290459164524174,8.149487495422363,0.2295137928984704,20000.0,,,-0.1727782866142456,-0.1758650016388129,0.0006424683715217927,20,0.1847359149418349,0.2295261092046416,0.250122239646045,0.2501315725388193,0.04399056578876462,-0.00048019275222419,0.6727793003776542,-0.023304147275723122
run_stage2_anime,anime,w-none.g-none.v-high,100,dm,5000,0.2151473296012576,0.2171063260302679,2.688262701034546,0.2295142125919989,297.9202575683594,0.01955,926.659912109375,0.06469448086360141,0.06346119455776578,0.0035214832227186965,20,0.1847359149418349,0.2295261092046416,0.250122239646045,0.2501315725388193,0.03041141465942271,-0.0124197831743737,0.46510359462770906,-0.60274224233402
run_stage2_anime,anime,w-none.g-none.v-high,100,dm,25000,0.2312548513267088,0.2316554834659822,5.956642150878906,0.229513600510726,1226.9791259765625,0.02195,121.3022232055664,0.01650030364059918,0.01564349057869588,0.0,20,0.1847359149418349,0.2295261092046416,0.250122239646045,0.2501315725388193,0.04651893638487392,0.0021293742613406053,0.7114474868454969,0.10334027567381472
run_stage2_anime,anime,w-none.g-none.v-high,100,dm,100000,0.23522322591319,0.2357323955040126,5.570950031280518,0.2295137928984704,1728.20556640625,0.01745,107.2726821899414,0.0059784132622250075,0.005216304819225109,0.0,20,0.1847359149418349,0.2295261092046416,0.250122239646045,0.2501315725388193,0.050487310971355115,0.0062062862993710055,0.7721386880168891,0.3011961535985853
run_stage2_anime,anime,w-none.g-none.v-high,100,tempered_logger,5000,0.2295142125919989,0.2295261092046416,50.08951739606062,0.2295142125919989,2663.882080078125,0.01855,40.40973663330078,0.0022128659650155202,-0.011801788331226998,0.0,20,0.1847359149418349,0.2295261092046416,0.250122239646045,0.2501315725388193,0.044778297650164,0.0,0.6848266491919952,0.0
run_stage2_anime,anime,w-none.g-none.v-high,100,tempered_logger,25000,0.229513600510726,0.2295261092046416,58.95519088447909,0.229513600510726,2599.34326171875,0.0189,40.40934753417969,0.002393290358414596,-0.011475373239846709,7.127010760998864e-07,20,0.1847359149418349,0.2295261092046416,0.250122239646045,0.2501315725388193,0.04477768556889111,0.0,0.6848172881937183,0.0
run_stage2_anime,anime,w-none.g-none.v-high,100,tempered_logger,100000,0.2295137928984704,0.2295261092046416,39.31376767381931,0.2295137928984704,2703.42041015625,0.017,40.4053955078125,0.0025560272671636963,-0.011029234119146802,2.2320386708352125e-07,20,0.1847359149418349,0.2295261092046416,0.250122239646045,0.2501315725388193,0.044777877956635515,0.0,0.6848202305175952,0.0
run_stage2_anime,anime,w-none.g-none.v-high,101,opc,5000,0.2208483078247311,0.2219532795674632,4.383368015289307,0.2201951449203545,1856.9002685546875,0.01775,97.86093139648438,-0.0031525798803571092,-0.015566936719164315,0.0,20,0.1775026904332748,0.2223096117363306,0.2458110197699902,0.245825238684063,0.043345617391456315,-0.00035633216886740704,0.6345583007570096,-0.015152994630311905
run_stage2_anime,anime,w-none.g-none.v-high,101,opc,25000,0.2218015110534408,0.2218300018259494,49.87660598754883,0.2222262439719944,741.2664184570312,0.0227,214.6857147216797,0.0042890095669052275,-0.008176768678623575,0.004224390483409501,20,0.1775026904332748,0.2223096117363306,0.2458110197699902,0.245825238684063,0.04429882062016599,-0.0004796099103812068,0.6485127223914636,-0.020395369914960115
run_stage2_anime,anime,w-none.g-none.v-high,101,opc,100000,0.2278502651897535,0.2278882443246301,17.217390060424805,0.2222393389095263,1001.0436401367188,0.0216,250.48214721679688,0.007685922697438202,-0.004967652523018479,0.0016268314158335018,20,0.1775026904332748,0.2223096117363306,0.2458110197699902,0.245825238684063,0.05034757475647869,0.0055786325882994925,0.737063477402559,0.23723086782670008
run_stage2_anime,anime,w-none.g-none.v-high,101,no_propensity,5000,0.2213131289584749,0.2232687494963916,3.408354997634888,0.2201951449203545,20000.0,,,-0.17656866718364891,-0.1792162455014022,0.0,20,0.1775026904332748,0.2223096117363306,0.2458110197699902,0.245825238684063,0.04381043852520011,0.0009591377600610129,0.6413630511916533,0.04078725020569787
run_stage2_anime,anime,w-none.g-none.v-high,101,no_propensity,25000,0.2212197122575989,0.2215122053637579,8.745790481567383,0.2222262439719944,20000.0,,,-0.172092241555666,-0.175001872639322,0.0010791849239913942,20,0.1775026904332748,0.2223096117363306,0.2458110197699902,0.245825238684063,0.043717021824324104,-0.0007974063725726954,0.6399954771083299,-0.033909636955249824
run_stage2_anime,anime,w-none.g-none.v-high,101,no_propensity,100000,0.2223869805002099,0.2223906284538093,18.82378196716309,0.2222393389095263,20000.0,,,-0.1671408247911817,-0.17028045421527802,0.000299608598627793,20,0.1775026904332748,0.2223096117363306,0.2458110197699902,0.245825238684063,0.04488429006693512,8.101671747870465e-05,0.6570837041802752,0.0034452288964601486
run_stage2_anime,anime,w-none.g-none.v-high,101,dm,5000,0.206768559358275,0.2080470270384377,3.213465929031372,0.2201951449203545,436.4017028808594,0.01945,444.9770202636719,0.03700378344281899,0.0359697304079023,0.00958547783182448,20,0.1775026904332748,0.2223096117363306,0.2458110197699902,0.245825238684063,0.029265868925000216,-0.014262584697892905,0.42843777924561166,-0.6065151794419088
run_stage2_anime,anime,w-none.g-none.v-high,101,dm,25000,0.2206825202326879,0.2207953803466185,11.930639266967772,0.2222262439719944,1078.704833984375,0.02135,156.83274841308594,0.014601167478074106,0.013829462441210916,0.0011176060776928176,20,0.1775026904332748,0.2223096117363306,0.2458110197699902,0.245825238684063,0.043179829799413094,-0.0015142313897121007,0.63213125278712,-0.06439255874732767
run_stage2_anime,anime,w-none.g-none.v-high,101,dm,100000,0.2276328910865453,0.227754663956081,9.06813621520996,0.2222393389095263,1651.2130126953125,0.01965,57.74440002441406,0.008005444260630296,0.007240034050302602,1.9591772055294054e-05,20,0.1775026904332748,0.2223096117363306,0.2458110197699902,0.245825238684063,0.05013020065327051,0.00544505221975039,0.7338812285418574,0.23155037421936364
run_stage2_anime,anime,w-none.g-none.v-high,101,tempered_logger,5000,0.2201951449203545,0.2223096117363305,3.6429671829371766,0.2201951449203545,4556.06591796875,0.00335,19.034650802612305,-0.004789338021283784,-0.01586018307828771,0.0020561369928993045,20,0.1775026904332748,0.2223096117363306,0.2458110197699902,0.245825238684063,0.0426924544870797,-1.1102230246251565e-16,0.6249963203847925,-4.721213800052287e-15
run_stage2_anime,anime,w-none.g-none.v-high,101,tempered_logger,25000,0.2222262439719944,0.2223096117363305,27.58938252195513,0.2222262439719944,2533.87353515625,0.01665,43.85542678833008,-0.004615691065004396,-0.01733509179930129,2.4952092005509074e-05,20,0.1775026904332748,0.2223096117363306,0.2458110197699902,0.245825238684063,0.044723553538719596,-1.1102230246251565e-16,0.6547306012750175,-4.721213800052287e-15
run_stage2_anime,anime,w-none.g-none.v-high,101,tempered_logger,100000,0.2222393389095263,0.2223096117363305,39.47644520862895,0.2222393389095263,2609.9736328125,0.01585,45.47984313964844,0.0021212612043424173,-0.0107159589468592,9.24863335999282e-06,20,0.1775026904332748,0.2223096117363306,0.2458110197699902,0.245825238684063,0.0447366484762515,-1.1102230246251565e-16,0.6549223046537863,-4.721213800052287e-15
