dataset,noise_mode,noise_axis,noise_level,ctr,train_size,seed,metric,no_propensity,opc,delta,lift_pct,initial_reward
ml,kmeans_templates,action,brutal,0.05,5000,0,mean_trials,0.046709222246236824,0.04644794836018415,-0.00026127388605267504,-0.5593625273298676,0.0466157293267131
ml,kmeans_templates,action,brutal,0.05,5000,0,oracle,0.0472196504499876,0.047178129091495,-4.1521358492599414e-05,-0.08793237158029474,0.0466157293267131
ml,kmeans_templates,action,brutal,0.05,5000,0,selected,0.0463707952422984,0.0466775048685765,0.0003067096262780941,0.6614284371778909,0.0466157293267131
ml,kmeans_templates,action,brutal,0.05,5000,1,mean_trials,0.04728689084094785,0.04728880286759328,1.912026645428666e-06,0.004043460272869021,0.0472428440534382
ml,kmeans_templates,action,brutal,0.05,5000,1,oracle,0.0475824897913896,0.0475656373498777,-1.6852441511901184e-05,-0.035417317559012555,0.0472428440534382
ml,kmeans_templates,action,brutal,0.05,5000,1,selected,0.0471552284035294,0.0472780714096879,0.00012284300615850174,0.2605077110586265,0.0472428440534382
ml,kmeans_templates,action,brutal,0.05,5000,2,mean_trials,0.047081117717822654,0.047037418344132914,-4.3699373689740084e-05,-0.09281719680413958,0.0469590268046477
ml,kmeans_templates,action,brutal,0.05,5000,2,oracle,0.047576852369288,0.0475023661756149,-7.4486193673097e-05,-0.1565597343324453,0.0469590268046477
ml,kmeans_templates,action,brutal,0.05,5000,2,selected,0.0466471926002217,0.0476028700045713,0.0009556774043495975,2.0487350922487355,0.0469590268046477
ml,kmeans_templates,action,brutal,0.05,5000,3,mean_trials,0.04657331507257878,0.04666778480561114,9.446973303235684e-05,0.20284090339100275,0.046602650168757
ml,kmeans_templates,action,brutal,0.05,5000,3,oracle,0.046892736053911,0.0470224169269967,0.00012968087308570103,0.276547892058615,0.046602650168757
ml,kmeans_templates,action,brutal,0.05,5000,3,selected,0.0469015397565872,0.0467613711234132,-0.00014016863317400236,-0.29885721002222754,0.046602650168757
ml,kmeans_templates,action,brutal,0.05,5000,4,mean_trials,0.046866576150490745,0.04674703582777972,-0.00011954032271102588,-0.2550651925738641,0.0467027704858169
ml,kmeans_templates,action,brutal,0.05,5000,4,oracle,0.0473977405260651,0.0472660182463359,-0.00013172227972919892,-0.277908352312199,0.0467027704858169
ml,kmeans_templates,action,brutal,0.05,5000,4,selected,0.0470625544617034,0.0469731904584659,-8.93640032374951e-05,-0.18988345248070632,0.0467027704858169
ml,kmeans_templates,action,brutal,0.05,25000,0,mean_trials,0.04737908175154145,0.04667211394143211,-0.0007069678101093435,-1.4921517766357781,0.0466157293267131
ml,kmeans_templates,action,brutal,0.05,25000,0,oracle,0.0482120263147004,0.0472375953375243,-0.0009744309771761023,-2.0211367404795992,0.0466157293267131
ml,kmeans_templates,action,brutal,0.05,25000,0,selected,0.04794637536975,0.0462048623012678,-0.0017415130684821992,-3.6322100576990493,0.0466157293267131
ml,kmeans_templates,action,brutal,0.05,25000,1,mean_trials,0.047706154094206324,0.04737985325431012,-0.0003263008398962028,-0.683980601856628,0.0472428440534382
ml,kmeans_templates,action,brutal,0.05,25000,1,oracle,0.0481374794819181,0.0476472375323751,-0.0004902419495430022,-1.0184204798823169,0.0472428440534382
ml,kmeans_templates,action,brutal,0.05,25000,1,selected,0.0478525133636322,0.0472573520995273,-0.0005951612641049014,-1.2437408659859914,0.0472428440534382
ml,kmeans_templates,action,brutal,0.05,25000,2,mean_trials,0.04752941783385001,0.047014437350290476,-0.0005149804835595309,-1.083498403788078,0.0469590268046477
ml,kmeans_templates,action,brutal,0.05,25000,2,oracle,0.0480945354720317,0.0475615293810204,-0.0005330060910112983,-1.1082466766338892,0.0469590268046477
ml,kmeans_templates,action,brutal,0.05,25000,2,selected,0.0477926036917944,0.0469945118945466,-0.0007980917972478033,-1.6699065035136997,0.0469590268046477
ml,kmeans_templates,action,brutal,0.05,25000,3,mean_trials,0.047080652387357425,0.04680127183410235,-0.0002793805532550764,-0.5934084153219986,0.046602650168757
ml,kmeans_templates,action,brutal,0.05,25000,3,oracle,0.0476976426392655,0.0478291935871219,0.00013155094785639865,0.2758017809209374,0.046602650168757
ml,kmeans_templates,action,brutal,0.05,25000,3,selected,0.0466883618561284,0.0468841307980894,0.0001957689419610012,0.4193099397324522,0.046602650168757
ml,kmeans_templates,action,brutal,0.05,25000,4,mean_trials,0.04717661401408392,0.04669220595399669,-0.00048440806008723247,-1.0267970056999411,0.0467027704858169
ml,kmeans_templates,action,brutal,0.05,25000,4,oracle,0.0476673686631635,0.0471906900859029,-0.0004766785772605947,-1.000010259909655,0.0467027704858169
ml,kmeans_templates,action,brutal,0.05,25000,4,selected,0.0475974567435164,0.0466730771384745,-0.0009243796050418945,-1.9420777249150212,0.0467027704858169
ml,kmeans_templates,action,brutal,0.05,50000,0,mean_trials,0.04753343036900963,0.046760924933706594,-0.0007725054353030364,-1.625183432598811,0.0466157293267131
ml,kmeans_templates,action,brutal,0.05,50000,0,oracle,0.0480348354749542,0.0471193812494649,-0.000915454225489297,-1.9058131800339424,0.0466157293267131
ml,kmeans_templates,action,brutal,0.05,50000,0,selected,0.04800493035647,0.0470674744772907,-0.0009374558791793025,-1.9528324949500822,0.0466157293267131
ml,kmeans_templates,action,brutal,0.05,50000,1,mean_trials,0.04780916669002661,0.0472972449924182,-0.000511921697608414,-1.0707605529447664,0.0472428440534382
ml,kmeans_templates,action,brutal,0.05,50000,1,oracle,0.0482556304925747,0.047603275128281,-0.0006523553642936997,-1.3518740873027872,0.0472428440534382
ml,kmeans_templates,action,brutal,0.05,50000,1,selected,0.0481269953902792,0.0472410603243117,-0.0008859350659674997,-1.8408277075747865,0.0472428440534382
ml,kmeans_templates,action,brutal,0.05,50000,2,mean_trials,0.04775436173137151,0.047067325029580505,-0.0006870367017910023,-1.4386889006196557,0.0469590268046477
ml,kmeans_templates,action,brutal,0.05,50000,2,oracle,0.0480932532357377,0.0474525843770466,-0.0006406688586911014,-1.3321387421032802,0.0469590268046477
ml,kmeans_templates,action,brutal,0.05,50000,2,selected,0.0482354168926839,0.0469265757325951,-0.0013088411600888014,-2.713444278922195,0.0469590268046477
ml,kmeans_templates,action,brutal,0.05,50000,3,mean_trials,0.04740521221993517,0.04681447276119123,-0.0005907394587439385,-1.2461487483764848,0.046602650168757
ml,kmeans_templates,action,brutal,0.05,50000,3,oracle,0.0480297841806856,0.0473350195538829,-0.0006947646268027005,-1.4465287293172742,0.046602650168757
ml,kmeans_templates,action,brutal,0.05,50000,3,selected,0.0479363819046791,0.0468585757341236,-0.0010778061705555009,-2.2484095122128847,0.046602650168757
ml,kmeans_templates,action,brutal,0.05,50000,4,mean_trials,0.04754193154286,0.046875068501278566,-0.0006668630415814364,-1.4026839464447212,0.0467027704858169
ml,kmeans_templates,action,brutal,0.05,50000,4,oracle,0.0479982173486577,0.0474653304902503,-0.000532886858407404,-1.1102221870794258,0.0467027704858169
ml,kmeans_templates,action,brutal,0.05,50000,4,selected,0.047865542401349,0.046650952669841,-0.001214589731508002,-2.5375033282267183,0.0467027704858169
ml,kmeans_templates,action,brutal,0.05,100000,0,mean_trials,0.047598533309378244,0.046749102314514276,-0.0008494309948639672,-1.7845738845415338,0.0466157293267131
ml,kmeans_templates,action,brutal,0.05,100000,0,oracle,0.0478950202850265,0.0475471692207913,-0.00034785106423519674,-0.7262781436673617,0.0466157293267131
ml,kmeans_templates,action,brutal,0.05,100000,0,selected,0.0478943503813754,0.046812224320942,-0.001082126060433397,-2.25940231325113,0.0466157293267131
ml,kmeans_templates,action,brutal,0.05,100000,1,mean_trials,0.04805315648181559,0.04736482484541981,-0.0006883316363957767,-1.4324379224833172,0.0472428440534382
ml,kmeans_templates,action,brutal,0.05,100000,1,oracle,0.0483543866350364,0.0477332003453156,-0.0006211862897207987,-1.284653436738462,0.0472428440534382
ml,kmeans_templates,action,brutal,0.05,100000,1,selected,0.0483022392586774,0.0472862573025648,-0.0010159819561126049,-2.1033847947951725,0.0472428440534382
ml,kmeans_templates,action,brutal,0.05,100000,2,mean_trials,0.04801578931384577,0.04712691708507612,-0.0008888722287696549,-1.8512081993689955,0.0469590268046477
ml,kmeans_templates,action,brutal,0.05,100000,2,oracle,0.0482661766271483,0.0481383534541181,-0.0001278231730302004,-0.26482970469698164,0.0469590268046477
ml,kmeans_templates,action,brutal,0.05,100000,2,selected,0.0481982167725209,0.0474661642089234,-0.0007320525635974989,-1.5188374438260583,0.0469590268046477
ml,kmeans_templates,action,brutal,0.05,100000,3,mean_trials,0.04764963295667569,0.04695092807898328,-0.0006987048776924062,-1.466338425581761,0.046602650168757
ml,kmeans_templates,action,brutal,0.05,100000,3,oracle,0.0480769862681107,0.0474479196331549,-0.0006290666349558008,-1.308456880902825,0.046602650168757
ml,kmeans_templates,action,brutal,0.05,100000,3,selected,0.0478845482805473,0.0466903280211652,-0.001194220259382102,-2.4939574502935096,0.046602650168757
ml,kmeans_templates,action,brutal,0.05,100000,4,mean_trials,0.04765908734822613,0.046971016942051476,-0.0006880704061746554,-1.4437339119551253,0.0467027704858169
ml,kmeans_templates,action,brutal,0.05,100000,4,oracle,0.0479364899525542,0.0475015253658785,-0.00043496458667570403,-0.907376796061239,0.0467027704858169
ml,kmeans_templates,action,brutal,0.05,100000,4,selected,0.0479964170832492,0.0467505653173797,-0.001245851765869499,-2.595718267279377,0.0467027704858169
ml,kmeans_templates,action,extreme,0.05,5000,0,mean_trials,0.04737748964464754,0.047293085354951206,-8.440428969633262e-05,-0.17815272681056493,0.047214446646648
ml,kmeans_templates,action,extreme,0.05,5000,0,oracle,0.047894627463174,0.0481332293815194,0.00023860191834539773,0.49818096722614214,0.047214446646648
ml,kmeans_templates,action,extreme,0.05,5000,0,selected,0.0476746457284528,0.0471837106795001,-0.0004909350489527009,-1.0297612943974221,0.047214446646648
ml,kmeans_templates,action,extreme,0.05,5000,1,mean_trials,0.04770898336015671,0.04763548251703528,-7.350084312143096e-05,-0.15406080353163393,0.0475615721433665
ml,kmeans_templates,action,extreme,0.05,5000,1,oracle,0.0480338741699779,0.047842985191304,-0.00019088897867389903,-0.39740491886704477,0.0475615721433665
ml,kmeans_templates,action,extreme,0.05,5000,1,selected,0.0477287575421842,0.0475571422040488,-0.00017161533813539465,-0.3595638080117957,0.0475615721433665
ml,kmeans_templates,action,extreme,0.05,5000,2,mean_trials,0.04757819938567841,0.04742522681488454,-0.00015297257079386478,-0.32151820112787055,0.0474672099741214
ml,kmeans_templates,action,extreme,0.05,5000,2,oracle,0.0480259139481939,0.0478544617869567,-0.0001714521612371997,-0.35699926798300413,0.0474672099741214
ml,kmeans_templates,action,extreme,0.05,5000,2,selected,0.0477999416226149,0.047495573526288,-0.0003043680963269041,-0.6367541172537808,0.0474672099741214
ml,kmeans_templates,action,extreme,0.05,5000,3,mean_trials,0.04743718372045001,0.047169003384134406,-0.0002681803363156071,-0.5653378115699467,0.0470871931671049
ml,kmeans_templates,action,extreme,0.05,5000,3,oracle,0.0482137437891462,0.0477741922208724,-0.0004395515682738063,-0.9116727591122211,0.0470871931671049
ml,kmeans_templates,action,extreme,0.05,5000,3,selected,0.0480834390453768,0.0468263372673214,-0.0012571017780554014,-2.6144173607654446,0.0470871931671049
ml,kmeans_templates,action,extreme,0.05,5000,4,mean_trials,0.04764800802003197,0.047397377195678346,-0.00025063082435362177,-0.526004831614897,0.0473316286445249
ml,kmeans_templates,action,extreme,0.05,5000,4,oracle,0.0485071089680631,0.0480240996182664,-0.000483009349796705,-0.9957496129375935,0.0473316286445249
ml,kmeans_templates,action,extreme,0.05,5000,4,selected,0.0476562024615997,0.0472658323032365,-0.00039037015836319855,-0.8191381985959751,0.0473316286445249
ml,kmeans_templates,action,extreme,0.05,25000,0,mean_trials,0.04798747484134088,0.04733198625981441,-0.0006554885815264686,-1.3659576456016593,0.047214446646648
ml,kmeans_templates,action,extreme,0.05,25000,0,oracle,0.0486448407819156,0.0476066991175732,-0.0010381416643424068,-2.1341249095594748,0.047214446646648
ml,kmeans_templates,action,extreme,0.05,25000,0,selected,0.0482277487583467,0.047604466684391,-0.0006232820739556985,-1.2923723167729824,0.047214446646648
ml,kmeans_templates,action,extreme,0.05,25000,1,mean_trials,0.04828496849576884,0.04752483935192272,-0.0007601291438461208,-1.5742562696561149,0.0475615721433665
ml,kmeans_templates,action,extreme,0.05,25000,1,oracle,0.048780418908821,0.0479535054629303,-0.0008269134458906979,-1.695174958288779,0.0475615721433665
ml,kmeans_templates,action,extreme,0.05,25000,1,selected,0.0486873514893653,0.0474386102100634,-0.0012487412793018987,-2.5648166127390586,0.0475615721433665
ml,kmeans_templates,action,extreme,0.05,25000,2,mean_trials,0.04784018646864187,0.04760444779977249,-0.00023573866886937578,-0.4927628553954258,0.0474672099741214
ml,kmeans_templates,action,extreme,0.05,25000,2,oracle,0.048539698037542,0.0481985264865696,-0.00034117155097240087,-0.7028711853718763,0.0474672099741214
ml,kmeans_templates,action,extreme,0.05,25000,2,selected,0.0477470638655045,0.0473423748609416,-0.0004046890045628984,-0.8475683566697205,0.0474672099741214
ml,kmeans_templates,action,extreme,0.05,25000,3,mean_trials,0.048063958343888394,0.04713046532809473,-0.0009334930157936655,-1.9421892161163719,0.0470871931671049
ml,kmeans_templates,action,extreme,0.05,25000,3,oracle,0.048919717943784,0.047658182208364,-0.0012615357354199969,-2.578787835346247,0.0470871931671049
ml,kmeans_templates,action,extreme,0.05,25000,3,selected,0.0485127422487344,0.0470081857857004,-0.0015045564630339972,-3.1013634630667535,0.0470871931671049
ml,kmeans_templates,action,extreme,0.05,25000,4,mean_trials,0.04814193168651872,0.047283992023068495,-0.0008579396634502273,-1.7821047751818355,0.0473316286445249
ml,kmeans_templates,action,extreme,0.05,25000,4,oracle,0.0488583508874456,0.047826535041174,-0.0010318158462715998,-2.111851561770027,0.0473316286445249
ml,kmeans_templates,action,extreme,0.05,25000,4,selected,0.0482762905843457,0.0469730069280471,-0.001303283656298601,-2.699635039319301,0.0473316286445249
ml,kmeans_templates,action,extreme,0.05,50000,0,mean_trials,0.04844344338692917,0.047333608591884874,-0.0011098347950442983,-2.2909907253697614,0.047214446646648
ml,kmeans_templates,action,extreme,0.05,50000,0,oracle,0.0490582018312453,0.0479011223728916,-0.0011570794583537006,-2.3585851400218947,0.047214446646648
ml,kmeans_templates,action,extreme,0.05,50000,0,selected,0.0489455942357318,0.0467432283466075,-0.0022023658891242998,-4.499620289657255,0.047214446646648
ml,kmeans_templates,action,extreme,0.05,50000,1,mean_trials,0.048460816077147854,0.04768216560178755,-0.0007786504753603055,-1.6067630271036342,0.0475615721433665
ml,kmeans_templates,action,extreme,0.05,50000,1,oracle,0.0490745600703052,0.0479745717951177,-0.001099988275187501,-2.241463343964033,0.0475615721433665
ml,kmeans_templates,action,extreme,0.05,50000,1,selected,0.0491184054583416,0.0475939648689373,-0.001524440589404298,-3.103603578290443,0.0475615721433665
ml,kmeans_templates,action,extreme,0.05,50000,2,mean_trials,0.04866454759448653,0.04763482327919282,-0.0010297243152937105,-2.11596401527089,0.0474672099741214
ml,kmeans_templates,action,extreme,0.05,50000,2,oracle,0.0493214686067938,0.0482751824669955,-0.0010462861397983053,-2.1213604731433002,0.0474672099741214
ml,kmeans_templates,action,extreme,0.05,50000,2,selected,0.0492813094387136,0.0475620803947396,-0.0017192290439740007,-3.488602603208098,0.0474672099741214
ml,kmeans_templates,action,extreme,0.05,50000,3,mean_trials,0.04817676322359751,0.04728224152740546,-0.0008945216961920507,-1.8567492632089158,0.0470871931671049
ml,kmeans_templates,action,extreme,0.05,50000,3,oracle,0.0488117728992346,0.0479779342268479,-0.0008338386723866983,-1.708273686571572,0.0470871931671049
ml,kmeans_templates,action,extreme,0.05,50000,3,selected,0.048357883550231,0.0475959028832181,-0.0007619806670128987,-1.5757113650794976,0.0470871931671049
ml,kmeans_templates,action,extreme,0.05,50000,4,mean_trials,0.048435297473192515,0.04752983978865336,-0.0009054576845391529,-1.869416999121966,0.0473316286445249
ml,kmeans_templates,action,extreme,0.05,50000,4,oracle,0.049097882081532,0.0481238025668337,-0.0009740795146983006,-1.9839542428342285,0.0473316286445249
ml,kmeans_templates,action,extreme,0.05,50000,4,selected,0.0489663281289614,0.0471044812156737,-0.0018618469132877027,-3.8023004469197748,0.0473316286445249
ml,kmeans_templates,action,extreme,0.05,100000,0,mean_trials,0.048585279453538105,0.04735171072157053,-0.0012335687319675742,-2.538976302785766,0.047214446646648
ml,kmeans_templates,action,extreme,0.05,100000,0,oracle,0.0491338129146192,0.0480545175824127,-0.0010792953322064994,-2.1966447710500554,0.047214446646648
ml,kmeans_templates,action,extreme,0.05,100000,0,selected,0.0489006249624228,0.0473521053414755,-0.0015485196209472987,-3.1666663199851603,0.047214446646648
ml,kmeans_templates,action,extreme,0.05,100000,1,mean_trials,0.04875874301350229,0.04766796065136924,-0.0010907823621330512,-2.2371010709422747,0.0475615721433665
ml,kmeans_templates,action,extreme,0.05,100000,1,oracle,0.0492126699528523,0.0479059442930057,-0.0013067256598465957,-2.6552626815380895,0.0475615721433665
ml,kmeans_templates,action,extreme,0.05,100000,1,selected,0.0490467493714117,0.0478080906503688,-0.0012386587210429026,-2.5254654730796293,0.0475615721433665
ml,kmeans_templates,action,extreme,0.05,100000,2,mean_trials,0.0488946011667617,0.04768364223534396,-0.0012109589314177396,-2.4766720711916625,0.0474672099741214
ml,kmeans_templates,action,extreme,0.05,100000,2,oracle,0.0492932544308142,0.0485537635415573,-0.0007394908892568997,-1.5001867857899622,0.0474672099741214
ml,kmeans_templates,action,extreme,0.05,100000,2,selected,0.0492986598905107,0.0466427107515357,-0.002655949138975003,-5.387467214877043,0.0474672099741214
ml,kmeans_templates,action,extreme,0.05,100000,3,mean_trials,0.04868520867566154,0.04736636981170917,-0.0013188388639523707,-2.708910775628816,0.0470871931671049
ml,kmeans_templates,action,extreme,0.05,100000,3,oracle,0.049108742144491,0.0485442006731304,-0.0005645414713605981,-1.149574284960439,0.0470871931671049
ml,kmeans_templates,action,extreme,0.05,100000,3,selected,0.048899754983919,0.0472676262688435,-0.0016321287150754954,-3.3377032576384718,0.0470871931671049
ml,kmeans_templates,action,extreme,0.05,100000,4,mean_trials,0.04877618314549815,0.04743515093136669,-0.0013410322141314615,-2.7493586575464413,0.0473316286445249
ml,kmeans_templates,action,extreme,0.05,100000,4,oracle,0.0491275167383084,0.048116079025426,-0.001011437712882396,-2.058800810694554,0.0473316286445249
ml,kmeans_templates,action,extreme,0.05,100000,4,selected,0.0491407014150767,0.0480407765158817,-0.0010999248991949984,-2.2383174588906742,0.0473316286445249
ml,kmeans_templates,action,high,0.05,5000,0,mean_trials,0.04851167467937319,0.04826408532177339,-0.00024758935759979644,-0.5103706669295208,0.0482957077058575
ml,kmeans_templates,action,high,0.05,5000,0,oracle,0.0490618392458133,0.0489895090360621,-7.233020975120491e-05,-0.1474266168229256,0.0482957077058575
ml,kmeans_templates,action,high,0.05,5000,0,selected,0.048941543093604,0.0478166866700018,-0.0011248564236021955,-2.2983673020910516,0.0482957077058575
ml,kmeans_templates,action,high,0.05,5000,1,mean_trials,0.04867726252878297,0.04840796434206112,-0.00026929818672184747,-0.5532319870342152,0.048376614634751
ml,kmeans_templates,action,high,0.05,5000,1,oracle,0.049270325451945,0.0487972771531035,-0.0004730482988414969,-0.9601079239934731,0.048376614634751
ml,kmeans_templates,action,high,0.05,5000,1,selected,0.0489957381113899,0.0480620803157933,-0.0009336577955966,-1.9055898157385962,0.048376614634751
ml,kmeans_templates,action,high,0.05,5000,2,mean_trials,0.0488223909672222,0.04844144254213353,-0.0003809484250886716,-0.7802740044919723,0.0484063424369392
ml,kmeans_templates,action,high,0.05,5000,2,oracle,0.0496937926649307,0.0489319098359429,-0.0007618828289878005,-1.5331549236439488,0.0484063424369392
ml,kmeans_templates,action,high,0.05,5000,2,selected,0.0489314170430669,0.0488131245953114,-0.00011829244775550529,-0.241751526736678,0.0484063424369392
ml,kmeans_templates,action,high,0.05,5000,3,mean_trials,0.048479968752267705,0.04837445173601712,-0.00010551701625058363,-0.2176507513644962,0.0481926027612877
ml,kmeans_templates,action,high,0.05,5000,3,oracle,0.0490044412641085,0.0487625887364981,-0.00024185252761040055,-0.49353185419856327,0.0481926027612877
ml,kmeans_templates,action,high,0.05,5000,3,selected,0.0483613237703755,0.0482842063500169,-7.71174203585967e-05,-0.1594609376797833,0.0481926027612877
ml,kmeans_templates,action,high,0.05,5000,4,mean_trials,0.04884809689775154,0.04825614554933119,-0.0005919513484203484,-1.2118206972513512,0.04838807517565
ml,kmeans_templates,action,high,0.05,5000,4,oracle,0.049558323347783,0.0486947929411412,-0.0008635304066417979,-1.742452827917206,0.04838807517565
ml,kmeans_templates,action,high,0.05,5000,4,selected,0.0491361934367782,0.0484270767911564,-0.0007091166456218018,-1.4431656097540342,0.04838807517565
ml,kmeans_templates,action,high,0.05,25000,0,mean_trials,0.04906442095956924,0.048078896991972674,-0.0009855239675965674,-2.0086326269063135,0.0482957077058575
ml,kmeans_templates,action,high,0.05,25000,0,oracle,0.0497112303273453,0.0487704631850654,-0.0009407671422798983,-1.8924640088064735,0.0482957077058575
ml,kmeans_templates,action,high,0.05,25000,0,selected,0.0493982483493064,0.0482203758166635,-0.0011778725326429054,-2.384441902299647,0.0482957077058575
ml,kmeans_templates,action,high,0.05,25000,1,mean_trials,0.049038904037264,0.04831427631038149,-0.000724627726882511,-1.477658893705855,0.048376614634751
ml,kmeans_templates,action,high,0.05,25000,1,oracle,0.0495033441292083,0.0487728882584978,-0.0007304558707105016,-1.4755687389602292,0.048376614634751
ml,kmeans_templates,action,high,0.05,25000,1,selected,0.0492603216359863,0.0484776273682777,-0.0007826942677085988,-1.58889394489218,0.048376614634751
ml,kmeans_templates,action,high,0.05,25000,2,mean_trials,0.04933632956120992,0.04848585611090582,-0.000850473450304097,-1.723827973965804,0.0484063424369392
ml,kmeans_templates,action,high,0.05,25000,2,oracle,0.0497332106952909,0.0488652038262032,-0.0008680068690877021,-1.7453264266525452,0.0484063424369392
ml,kmeans_templates,action,high,0.05,25000,2,selected,0.049667680332543,0.0484093959338356,-0.0012582843987073988,-2.5334068156248324,0.0484063424369392
ml,kmeans_templates,action,high,0.05,25000,3,mean_trials,0.048947916500916025,0.04829595705350064,-0.0006519594474153831,-1.3319452471550697,0.0481926027612877
ml,kmeans_templates,action,high,0.05,25000,3,oracle,0.0495412355969928,0.0489073517163166,-0.0006338838806762004,-1.2795076122701263,0.0481926027612877
ml,kmeans_templates,action,high,0.05,25000,3,selected,0.048710290001289,0.0481768133114045,-0.0005334766898845017,-1.0952032719788458,0.0481926027612877
ml,kmeans_templates,action,high,0.05,25000,4,mean_trials,0.04919060543942831,0.048191327288245114,-0.0009992781511831972,-2.0314410490712,0.04838807517565
ml,kmeans_templates,action,high,0.05,25000,4,oracle,0.0496919766631807,0.0487186043942572,-0.0009733722689234947,-1.9588117323670795,0.04838807517565
ml,kmeans_templates,action,high,0.05,25000,4,selected,0.0496982759289947,0.0476806193205197,-0.002017656608474999,-4.059812077500799,0.04838807517565
ml,kmeans_templates,action,high,0.05,50000,0,mean_trials,0.049302027394087795,0.04839667348566014,-0.0009053539084276571,-1.8363421471309016,0.0482957077058575
ml,kmeans_templates,action,high,0.05,50000,0,oracle,0.0497680508347141,0.048894302839543,-0.0008737479951710994,-1.7556403767407436,0.0482957077058575
ml,kmeans_templates,action,high,0.05,50000,0,selected,0.049319529949705,0.0485450586265453,-0.0007744713231597061,-1.5703136748251563,0.0482957077058575
ml,kmeans_templates,action,high,0.05,50000,1,mean_trials,0.04940645367694676,0.04852132012250474,-0.0008851335544420164,-1.79153428058129,0.048376614634751
ml,kmeans_templates,action,high,0.05,50000,1,oracle,0.0497546159652247,0.0491526200496619,-0.0006019959155628002,-1.209929780150563,0.048376614634751
ml,kmeans_templates,action,high,0.05,50000,1,selected,0.0492217117035173,0.0488614110479268,-0.00036030065559049945,-0.7319953799265233,0.048376614634751
ml,kmeans_templates,action,high,0.05,50000,2,mean_trials,0.04953860998026788,0.04846596166345028,-0.0010726483168175954,-2.165277381107081,0.0484063424369392
ml,kmeans_templates,action,high,0.05,50000,2,oracle,0.0498376691695937,0.0489138122504039,-0.0009238569191898013,-1.8537321961145259,0.0484063424369392
ml,kmeans_templates,action,high,0.05,50000,2,selected,0.0498333234643544,0.0484241932804791,-0.0014091301838752984,-2.8276865477038555,0.0484063424369392
ml,kmeans_templates,action,high,0.05,50000,3,mean_trials,0.049450898259246374,0.04845576777571428,-0.0009951304835320932,-2.0123607832462835,0.0481926027612877
ml,kmeans_templates,action,high,0.05,50000,3,oracle,0.049849865682046,0.048944115943182,-0.0009057497388640021,-1.816955224395355,0.0481926027612877
ml,kmeans_templates,action,high,0.05,50000,3,selected,0.0497801189573697,0.0482026737525496,-0.001577445204820102,-3.1688257036327734,0.0481926027612877
ml,kmeans_templates,action,high,0.05,50000,4,mean_trials,0.049540490954190136,0.04838670874624554,-0.001153782207944598,-2.328968053650286,0.04838807517565
ml,kmeans_templates,action,high,0.05,50000,4,oracle,0.0497885273436273,0.0489345109238115,-0.0008540164198157993,-1.7152875680005615,0.04838807517565
ml,kmeans_templates,action,high,0.05,50000,4,selected,0.0497251946989309,0.0485794991144399,-0.0011456955844909994,-2.304054496775318,0.04838807517565
ml,kmeans_templates,action,high,0.05,100000,0,mean_trials,0.04965361492700969,0.048436114613214426,-0.001217500313795264,-2.451987263334154,0.0482957077058575
ml,kmeans_templates,action,high,0.05,100000,0,oracle,0.0498845286632945,0.0492041173308176,-0.000680411332476899,-1.363972659879118,0.0482957077058575
ml,kmeans_templates,action,high,0.05,100000,0,selected,0.0498748842779009,0.0484723858029974,-0.0014024984749035005,-2.8120335419503615,0.0482957077058575
ml,kmeans_templates,action,high,0.05,100000,1,mean_trials,0.04964993019855376,0.048433446719727324,-0.0012164834788264342,-2.450121226679728,0.048376614634751
ml,kmeans_templates,action,high,0.05,100000,1,oracle,0.0498447878746194,0.0488024652665948,-0.0010423226080246012,-2.0911366112069345,0.048376614634751
ml,kmeans_templates,action,high,0.05,100000,1,selected,0.0498536399414113,0.0483727506750217,-0.001480889266389604,-2.970473706894754,0.048376614634751
ml,kmeans_templates,action,high,0.05,100000,2,mean_trials,0.049622271207148114,0.04849383148926775,-0.0011284397178803612,-2.2740589868804895,0.0484063424369392
ml,kmeans_templates,action,high,0.05,100000,2,oracle,0.0498249227869391,0.0489227731873687,-0.0009021495995703982,-1.8106392325546845,0.0484063424369392
ml,kmeans_templates,action,high,0.05,100000,2,selected,0.0498326514374391,0.0484329933687681,-0.0013996580686709975,-2.8087168318309454,0.0484063424369392
ml,kmeans_templates,action,high,0.05,100000,3,mean_trials,0.049672350370755014,0.04851795453261135,-0.0011543958381436611,-2.3240209684607973,0.0481926027612877
ml,kmeans_templates,action,high,0.05,100000,3,oracle,0.0498482670494807,0.0494654491565404,-0.00038281789294029867,-0.7679663017378389,0.0481926027612877
ml,kmeans_templates,action,high,0.05,100000,3,selected,0.0497327749731769,0.0483308840100982,-0.001401890963078703,-2.8188472568337586,0.0481926027612877
ml,kmeans_templates,action,high,0.05,100000,4,mean_trials,0.049688157353975866,0.048532687737234056,-0.0011554696167418096,-2.3254426774378123,0.04838807517565
ml,kmeans_templates,action,high,0.05,100000,4,oracle,0.049857444360442,0.049234767776927,-0.0006226765835150028,-1.2489139616009843,0.04838807517565
ml,kmeans_templates,action,high,0.05,100000,4,selected,0.049482466521759,0.0483955813290269,-0.0010868851927320969,-2.196505690059244,0.04838807517565
ml,kmeans_templates,action,low,0.05,5000,0,mean_trials,0.04969015961818353,0.049389706961054665,-0.0003004526571288649,-0.6046522278002862,0.0494143220917449
ml,kmeans_templates,action,low,0.05,5000,0,oracle,0.0499414789209108,0.0495572439702546,-0.0003842349506562037,-0.769370389020102,0.0494143220917449
ml,kmeans_templates,action,low,0.05,5000,0,selected,0.0498267888726773,0.0494048655803797,-0.00042192329229760045,-0.8467800190290079,0.0494143220917449
ml,kmeans_templates,action,low,0.05,5000,1,mean_trials,0.04968473941498327,0.04950265312255884,-0.00018208629242442986,-0.3664833398915215,0.0494137412479531
ml,kmeans_templates,action,low,0.05,5000,1,oracle,0.0498820735633387,0.0496973402828422,-0.00018473328049650045,-0.37034001856785664,0.0494137412479531
ml,kmeans_templates,action,low,0.05,5000,1,selected,0.0498101944778501,0.0492771501156165,-0.0005330443622336006,-1.0701511363715674,0.0494137412479531
ml,kmeans_templates,action,low,0.05,5000,2,mean_trials,0.04973691728104431,0.049432560504363524,-0.0003043567766807878,-0.6119333350737923,0.049422432069098
ml,kmeans_templates,action,low,0.05,5000,2,oracle,0.049952455387784,0.0497487478354012,-0.00020370755238279664,-0.40780288136269244,0.049422432069098
ml,kmeans_templates,action,low,0.05,5000,2,selected,0.0498877030496914,0.0495204808380401,-0.00036722221165130103,-0.7360976537354782,0.049422432069098
ml,kmeans_templates,action,low,0.05,5000,3,mean_trials,0.049760615066543154,0.04959960867249938,-0.00016100639404377504,-0.3235619049894515,0.0494175204532242
ml,kmeans_templates,action,low,0.05,5000,3,oracle,0.0499449319086103,0.0498020912871245,-0.0001428406214858055,-0.2859962283003541,0.0494175204532242
ml,kmeans_templates,action,low,0.05,5000,3,selected,0.0499315803756355,0.049720927336767,-0.00021065303886849684,-0.4218833797844032,0.0494175204532242
ml,kmeans_templates,action,low,0.05,5000,4,mean_trials,0.049737931234845684,0.0490395236579707,-0.0006984075768749834,-1.4041749617155146,0.0494217371956612
ml,kmeans_templates,action,low,0.05,5000,4,oracle,0.0499038661527532,0.0495224512298867,-0.0003814149228664951,-0.764299346465469,0.0494217371956612
ml,kmeans_templates,action,low,0.05,5000,4,selected,0.0496958228653672,0.0493017018378778,-0.00039412102748940386,-0.7930667101682404,0.0494217371956612
ml,kmeans_templates,action,low,0.05,25000,0,mean_trials,0.04985933270736046,0.04939880868361357,-0.0004605240237468902,-0.9236465847825227,0.0494143220917449
ml,kmeans_templates,action,low,0.05,25000,0,oracle,0.0499649101746495,0.0495729954651974,-0.00039191470945209445,-0.7843798939739487,0.0494143220917449
ml,kmeans_templates,action,low,0.05,25000,0,selected,0.0498465654222913,0.0495393884326453,-0.0003071769896460033,-0.6162450452576904,0.0494143220917449
ml,kmeans_templates,action,low,0.05,25000,1,mean_trials,0.04983024473474819,0.04939694024538345,-0.00043330448936473864,-0.8695612306768019,0.0494137412479531
ml,kmeans_templates,action,low,0.05,25000,1,oracle,0.0499681336046665,0.0496492881045027,-0.00031884550016380436,-0.6380976777848423,0.0494137412479531
ml,kmeans_templates,action,low,0.05,25000,1,selected,0.0499371123008511,0.0493358111094728,-0.0006013011913783006,-1.2041168655402055,0.0494137412479531
ml,kmeans_templates,action,low,0.05,25000,2,mean_trials,0.04984486917495005,0.04939346434746034,-0.00045140482748970423,-0.9056194448125093,0.049422432069098
ml,kmeans_templates,action,low,0.05,25000,2,oracle,0.0499654863052671,0.0496611265127975,-0.00030435979246960093,-0.6091400584197194,0.049422432069098
ml,kmeans_templates,action,low,0.05,25000,2,selected,0.0498816904179436,0.0494039527362099,-0.0004777376817337031,-0.9577415635494377,0.049422432069098
ml,kmeans_templates,action,low,0.05,25000,3,mean_trials,0.04980469347645317,0.04925714148300368,-0.0005475519934494896,-1.0993983804124063,0.0494175204532242
ml,kmeans_templates,action,low,0.05,25000,3,oracle,0.0499685223860872,0.0495878385579247,-0.00038068382816249663,-0.7618472790151805,0.0494175204532242
ml,kmeans_templates,action,low,0.05,25000,3,selected,0.049873549466211,0.0495649294236237,-0.0003086200425872973,-0.6188050497516432,0.0494175204532242
ml,kmeans_templates,action,low,0.05,25000,4,mean_trials,0.049808213583850056,0.04947639981635904,-0.00033181376749101543,-0.6661828313364838,0.0494217371956612
ml,kmeans_templates,action,low,0.05,25000,4,oracle,0.049961837144105,0.0497031433104899,-0.0002586938336150979,-0.5177828686902504,0.0494217371956612
ml,kmeans_templates,action,low,0.05,25000,4,selected,0.0498677635746174,0.0493723901371391,-0.000495373437478297,-0.9933740797039496,0.0494217371956612
ml,kmeans_templates,action,low,0.05,50000,0,mean_trials,0.04988688640251844,0.04943497581196812,-0.00045191059055032373,-0.9058705065375856,0.0494143220917449
ml,kmeans_templates,action,low,0.05,50000,0,oracle,0.0499688775252934,0.0496779070394233,-0.0002909704858701026,-0.582303426213283,0.0494143220917449
ml,kmeans_templates,action,low,0.05,50000,0,selected,0.0499070470227704,0.0494868131615463,-0.000420233861224098,-0.8420331121421865,0.0494143220917449
ml,kmeans_templates,action,low,0.05,50000,1,mean_trials,0.04989143295512972,0.04932592124332606,-0.0005655117118036554,-1.1334846050869156,0.0494137412479531
ml,kmeans_templates,action,low,0.05,50000,1,oracle,0.0499778313274833,0.0495999167924695,-0.0003779145350137972,-0.7561643332170324,0.0494137412479531
ml,kmeans_templates,action,low,0.05,50000,1,selected,0.0499409435066731,0.0493064260799659,-0.0006345174267071985,-1.2705355208645874,0.0494137412479531
ml,kmeans_templates,action,low,0.05,50000,2,mean_trials,0.04991356766415024,0.049405393332925915,-0.0005081743312243259,-1.0181086125592969,0.049422432069098
ml,kmeans_templates,action,low,0.05,50000,2,oracle,0.0499627624965283,0.0495780991865599,-0.00038466330996839854,-0.7699000030175016,0.049422432069098
ml,kmeans_templates,action,low,0.05,50000,2,selected,0.0499613319415662,0.0494172828717423,-0.0005440490698238945,-1.0889402837782702,0.049422432069098
ml,kmeans_templates,action,low,0.05,50000,3,mean_trials,0.04991447978525643,0.049429463466700865,-0.0004850163185555617,-0.9716946277757746,0.0494175204532242
ml,kmeans_templates,action,low,0.05,50000,3,oracle,0.0499744910425725,0.0498598596509714,-0.00011463139160109576,-0.22937980799733015,0.0494175204532242
ml,kmeans_templates,action,low,0.05,50000,3,selected,0.0499686746650745,0.0495281492939221,-0.00044052537115239765,-0.8816030725351656,0.0494175204532242
ml,kmeans_templates,action,low,0.05,50000,4,mean_trials,0.04995359670695482,0.04947982945968897,-0.0004737672472658466,-0.9484146858235858,0.0494217371956612
ml,kmeans_templates,action,low,0.05,50000,4,oracle,0.0499790910073821,0.0497418514451762,-0.0002372395622059001,-0.4746776250309533,0.0494217371956612
ml,kmeans_templates,action,low,0.05,50000,4,selected,0.0499772707465931,0.0495951246244825,-0.0003821461221105993,-0.7646398380740905,0.0494217371956612
ml,kmeans_templates,action,low,0.05,100000,0,mean_trials,0.04996423196586133,0.0494440241184291,-0.0005202078474322303,-1.041160500150725,0.0494143220917449
ml,kmeans_templates,action,low,0.05,100000,0,oracle,0.0499832718426719,0.0496920223290427,-0.00029124951362920204,-0.5826939751882257,0.0494143220917449
ml,kmeans_templates,action,low,0.05,100000,0,selected,0.0499817801676232,0.0494025895936156,-0.0005791905740075987,-1.1588034120937176,0.0494143220917449
ml,kmeans_templates,action,low,0.05,100000,1,mean_trials,0.049956672135135875,0.04944189508203556,-0.0005147770531003168,-1.0304470476092025,0.0494137412479531
ml,kmeans_templates,action,low,0.05,100000,1,oracle,0.0499807111772688,0.0496543315668456,-0.00032637961042319974,-0.6530111371677261,0.0494137412479531
ml,kmeans_templates,action,low,0.05,100000,1,selected,0.049973562245896,0.0494132145673425,-0.0005603476785534939,-1.1212882439644607,0.0494137412479531
ml,kmeans_templates,action,low,0.05,100000,2,mean_trials,0.04995209852199819,0.04938673287409644,-0.0005653656479017513,-1.1318156086130644,0.049422432069098
ml,kmeans_templates,action,low,0.05,100000,2,oracle,0.0499779690526538,0.0496147544205065,-0.0003632146321473004,-0.7267494838868686,0.049422432069098
ml,kmeans_templates,action,low,0.05,100000,2,selected,0.0499747909905942,0.0494917315154067,-0.0004830594751875014,-0.9666062941182054,0.049422432069098
ml,kmeans_templates,action,low,0.05,100000,3,mean_trials,0.049947982250388615,0.049510920916028864,-0.0004370613343597507,-0.8750330136836513,0.0494175204532242
ml,kmeans_templates,action,low,0.05,100000,3,oracle,0.0499757948750178,0.0496985292163062,-0.0002772656587115979,-0.554799897440349,0.0494175204532242
ml,kmeans_templates,action,low,0.05,100000,3,selected,0.0499554828632689,0.0494899006613627,-0.00046558220190620614,-0.9319941980753785,0.0494175204532242
ml,kmeans_templates,action,low,0.05,100000,4,mean_trials,0.049962582655597144,0.049418839365444306,-0.0005437432901528386,-1.088301006977518,0.0494217371956612
ml,kmeans_templates,action,low,0.05,100000,4,oracle,0.0499777331323554,0.0495363485875752,-0.0004413845447802031,-0.8831623947634639,0.0494217371956612
ml,kmeans_templates,action,low,0.05,100000,4,selected,0.0499778968769617,0.0494767574037274,-0.0005011394732342966,-1.002722212317235,0.0494217371956612
ml,kmeans_templates,action,medium,0.05,5000,0,mean_trials,0.04942293865504926,0.04885847301419617,-0.000564465640853086,-1.1421126630951917,0.0489544608348695
ml,kmeans_templates,action,medium,0.05,5000,0,oracle,0.04986332560461,0.0490054378267733,-0.0008578877778366994,-1.720478462746948,0.0489544608348695
ml,kmeans_templates,action,medium,0.05,5000,0,selected,0.0497800958699027,0.0488009392871807,-0.0009791565827220045,-1.966964035748287,0.0489544608348695
ml,kmeans_templates,action,medium,0.05,5000,1,mean_trials,0.049476044671889985,0.049100769808746204,-0.0003752748631437805,-0.7584981087968709,0.0489734201804317
ml,kmeans_templates,action,medium,0.05,5000,1,oracle,0.0497697283538064,0.0494830327156378,-0.00028669563816859783,-0.5760442093043316,0.0489734201804317
ml,kmeans_templates,action,medium,0.05,5000,1,selected,0.0492416930291467,0.0488251482515707,-0.00041654477757600145,-0.8459188788034644,0.0489734201804317
ml,kmeans_templates,action,medium,0.05,5000,2,mean_trials,0.04943066159795138,0.048977489278788824,-0.00045317231916255224,-0.9167838432923862,0.048996904473098
ml,kmeans_templates,action,medium,0.05,5000,2,oracle,0.0498586424353333,0.0493207349148278,-0.000537907520505497,-1.0788651560322036,0.048996904473098
ml,kmeans_templates,action,medium,0.05,5000,2,selected,0.0497120772858539,0.0489494979954163,-0.0007625792904376039,-1.5339920036988755,0.048996904473098
ml,kmeans_templates,action,medium,0.05,5000,3,mean_trials,0.04955819738567196,0.04913814044316862,-0.00042005694250334125,-0.8476033525480614,0.0489256006287711
ml,kmeans_templates,action,medium,0.05,5000,3,oracle,0.0498976274510406,0.0495412843498554,-0.00035634310118520113,-0.7141483861829782,0.0489256006287711
ml,kmeans_templates,action,medium,0.05,5000,3,selected,0.0498969249958109,0.0486571825504755,-0.0012397424453354025,-2.4846069080198534,0.0489256006287711
ml,kmeans_templates,action,medium,0.05,5000,4,mean_trials,0.049408050154516533,0.04887672500609698,-0.0005313251484195536,-1.0753817379109498,0.0489931279488378
ml,kmeans_templates,action,medium,0.05,5000,4,oracle,0.0497776999193865,0.0492877166687606,-0.0004899832506259014,-0.9843428913336989,0.0489931279488378
ml,kmeans_templates,action,medium,0.05,5000,4,selected,0.0497475649893007,0.048902484499991,-0.000845080489309695,-1.6987373944663382,0.0489931279488378
ml,kmeans_templates,action,medium,0.05,25000,0,mean_trials,0.04945457421237557,0.048869348985847966,-0.000585225226527604,-1.183359144928512,0.0489544608348695
ml,kmeans_templates,action,medium,0.05,25000,0,oracle,0.04990692862427,0.049290033519185,-0.0006168951050850024,-1.236091104161844,0.0489544608348695
ml,kmeans_templates,action,medium,0.05,25000,0,selected,0.0494799639509727,0.0489319730151329,-0.0005479909358397997,-1.1075006772090161,0.0489544608348695
ml,kmeans_templates,action,medium,0.05,25000,1,mean_trials,0.04949300935197533,0.04880072172902642,-0.0006922876229489075,-1.398758394393889,0.0489734201804317
ml,kmeans_templates,action,medium,0.05,25000,1,oracle,0.0498529018800552,0.049300433891193,-0.0005524679888622014,-1.1081962494207964,0.0489734201804317
ml,kmeans_templates,action,medium,0.05,25000,1,selected,0.0496693549516514,0.0491185282203744,-0.0005508267312770015,-1.1089870843162373,0.0489734201804317
ml,kmeans_templates,action,medium,0.05,25000,2,mean_trials,0.04966245717551436,0.049036336269571254,-0.0006261209059431061,-1.260752974284586,0.048996904473098
ml,kmeans_templates,action,medium,0.05,25000,2,oracle,0.0499170536507596,0.049442393252473,-0.0004746603982865999,-0.9508982673687449,0.048996904473098
ml,kmeans_templates,action,medium,0.05,25000,2,selected,0.0498759985851298,0.0489199110496503,-0.0009560875354794954,-1.9169291093944065,0.048996904473098
ml,kmeans_templates,action,medium,0.05,25000,3,mean_trials,0.04954655568693261,0.04894197145501625,-0.0006045842319163594,-1.220234632930927,0.0489256006287711
ml,kmeans_templates,action,medium,0.05,25000,3,oracle,0.049936614479814,0.0492656738971519,-0.0006709405826621009,-1.3435844412987126,0.0489256006287711
ml,kmeans_templates,action,medium,0.05,25000,3,selected,0.0495765546495012,0.0489472404740851,-0.0006293141754160972,-1.2693786001573808,0.0489256006287711
ml,kmeans_templates,action,medium,0.05,25000,4,mean_trials,0.04964958344890078,0.04898852325042414,-0.0006610601984766429,-1.3314516508622962,0.0489931279488378
ml,kmeans_templates,action,medium,0.05,25000,4,oracle,0.049926875810278,0.049357477575398,-0.0005693982348800031,-1.1404643804345278,0.0489931279488378
ml,kmeans_templates,action,medium,0.05,25000,4,selected,0.0496242069118906,0.0490481294277582,-0.0005760774841324021,-1.160879981729978,0.0489931279488378
ml,kmeans_templates,action,medium,0.05,50000,0,mean_trials,0.04971963602319305,0.048798625905633206,-0.0009210101175598437,-1.8524072001054352,0.0489544608348695
ml,kmeans_templates,action,medium,0.05,50000,0,oracle,0.0499324643424376,0.0493506461856847,-0.0005818181567529002,-1.1652101782174866,0.0489544608348695
ml,kmeans_templates,action,medium,0.05,50000,0,selected,0.0497067608345716,0.0485043378861681,-0.0012024229484035032,-2.4190330011751735,0.0489544608348695
ml,kmeans_templates,action,medium,0.05,50000,1,mean_trials,0.04970098714960141,0.04908998425576883,-0.0006110028938325768,-1.2293576624412719,0.0489734201804317
ml,kmeans_templates,action,medium,0.05,50000,1,oracle,0.0499295287496032,0.0493716874452308,-0.0005578413043723987,-1.1172572991224796,0.0489734201804317
ml,kmeans_templates,action,medium,0.05,50000,1,selected,0.0496898670250805,0.049017776675036,-0.0006720903500445005,-1.3525702326900355,0.0489734201804317
ml,kmeans_templates,action,medium,0.05,50000,2,mean_trials,0.04976176872962001,0.04898395965283375,-0.0007778090767862553,-1.5630655755274132,0.048996904473098
ml,kmeans_templates,action,medium,0.05,50000,2,oracle,0.0499271139531643,0.049294424688571,-0.0006326892645932974,-1.26722579075332,0.048996904473098
ml,kmeans_templates,action,medium,0.05,50000,2,selected,0.0498224128794305,0.0489689077294964,-0.0008535051499340973,-1.7130947712218738,0.048996904473098
ml,kmeans_templates,action,medium,0.05,50000,3,mean_trials,0.049826646835469716,0.04898131068107438,-0.0008453361543953389,-1.696554370168004,0.0489256006287711
ml,kmeans_templates,action,medium,0.05,50000,3,oracle,0.0499588901445611,0.0493007825266499,-0.0006581076179111994,-1.3172983146881336,0.0489256006287711
ml,kmeans_templates,action,medium,0.05,50000,3,selected,0.049955482883929,0.0489457599452207,-0.0010097229387083032,-2.021245477807477,0.0489256006287711
ml,kmeans_templates,action,medium,0.05,50000,4,mean_trials,0.04977637983478431,0.049122005739816496,-0.0006543740949678106,-1.3146277353632023,0.0489931279488378
ml,kmeans_templates,action,medium,0.05,50000,4,oracle,0.0499195395855391,0.0495342485735652,-0.0003852910119739039,-0.771824049606252,0.0489931279488378
ml,kmeans_templates,action,medium,0.05,50000,4,selected,0.0498961545704284,0.0449818540663401,-0.004914300504088295,-9.849056598443399,0.0489931279488378
ml,kmeans_templates,action,medium,0.05,100000,0,mean_trials,0.04989114578691646,0.04903616589030486,-0.0008549798966116032,-1.7136906421496028,0.0489544608348695
ml,kmeans_templates,action,medium,0.05,100000,0,oracle,0.0499669607805739,0.0494313332484383,-0.0005356275321356033,-1.0719634009516223,0.0489544608348695
ml,kmeans_templates,action,medium,0.05,100000,0,selected,0.0499435576212907,0.0492102930178857,-0.0007332646034049969,-1.468186565653084,0.0489544608348695
ml,kmeans_templates,action,medium,0.05,100000,1,mean_trials,0.04990513661339715,0.048999304903291956,-0.0009058317101051927,-1.815107164463748,0.0489734201804317
ml,kmeans_templates,action,medium,0.05,100000,1,oracle,0.0499443209791851,0.0492938337913744,-0.0006504871878107027,-1.3024247302947638,0.0489734201804317
ml,kmeans_templates,action,medium,0.05,100000,1,selected,0.0499335949347021,0.0489988543242512,-0.0009347406104509015,-1.8719673832281791,0.0489734201804317
ml,kmeans_templates,action,medium,0.05,100000,2,mean_trials,0.049884168207411414,0.049046856176255274,-0.00083731203115614,-1.678512564697307,0.048996904473098
ml,kmeans_templates,action,medium,0.05,100000,2,oracle,0.0499345811804961,0.0493876838928473,-0.0005468972876488051,-1.09522754515946,0.048996904473098
ml,kmeans_templates,action,medium,0.05,100000,2,selected,0.049922381942644,0.0490303455159346,-0.0008920364267094028,-1.7868466847881308,0.048996904473098
ml,kmeans_templates,action,medium,0.05,100000,3,mean_trials,0.04988062664423719,0.0490356502013041,-0.0008449764429330903,-1.693997248590525,0.0489256006287711
ml,kmeans_templates,action,medium,0.05,100000,3,oracle,0.0499614683902132,0.0492700476255621,-0.0006914207646510975,-1.3839080133732375,0.0489256006287711
ml,kmeans_templates,action,medium,0.05,100000,3,selected,0.0499489797437299,0.0493835225581197,-0.0005654571856101992,-1.132069540782124,0.0489256006287711
ml,kmeans_templates,action,medium,0.05,100000,4,mean_trials,0.04982701564409333,0.04910098320318672,-0.0007260324409066113,-1.457106012715168,0.0489931279488378
ml,kmeans_templates,action,medium,0.05,100000,4,oracle,0.0499392070491443,0.0496492550226882,-0.0002899520264560973,-0.5806099928073759,0.0489931279488378
ml,kmeans_templates,action,medium,0.05,100000,4,selected,0.0497996894644013,0.0490544697729167,-0.000745219691484604,-1.4964344145505468,0.0489931279488378
ml,kmeans_templates,combined,brutal,0.05,5000,0,mean_trials,0.04550999388276775,0.04562452644498384,0.00011453256221608671,0.25166463988353593,0.0453757151109518
ml,kmeans_templates,combined,brutal,0.05,5000,0,oracle,0.0458948085791053,0.0461381954644414,0.00024338688533610126,0.5303146322455933,0.0453757151109518
ml,kmeans_templates,combined,brutal,0.05,5000,0,selected,0.0455148106549875,0.0453594751934945,-0.0001553354614929961,-0.341285527189103,0.0453757151109518
ml,kmeans_templates,combined,brutal,0.05,5000,1,mean_trials,0.04790330571883164,0.047650074567349626,-0.00025323115148201403,-0.5286298047327961,0.0477221012838836
ml,kmeans_templates,combined,brutal,0.05,5000,1,oracle,0.0480725733830343,0.0482938132824665,0.0002212398994322004,0.46022062865118024,0.0477221012838836
ml,kmeans_templates,combined,brutal,0.05,5000,1,selected,0.0481433527240085,0.047376661337454,-0.0007666913865544966,-1.5925176440239008,0.0477221012838836
ml,kmeans_templates,combined,brutal,0.05,5000,2,mean_trials,0.047434673166766896,0.04702908350232944,-0.0004055896644374543,-0.8550489280520933,0.0472252309336187
ml,kmeans_templates,combined,brutal,0.05,5000,2,oracle,0.0479635798380057,0.0475844470714165,-0.00037913276658919914,-0.7904596943549643,0.0472252309336187
ml,kmeans_templates,combined,brutal,0.05,5000,2,selected,0.0476720093015707,0.0468451939316132,-0.0008268153699575037,-1.7343833038945597,0.0472252309336187
ml,kmeans_templates,combined,brutal,0.05,5000,3,mean_trials,0.04812136934015771,0.04801674977463385,-0.00010461956552386409,-0.2174077067182669,0.0480277739082754
ml,kmeans_templates,combined,brutal,0.05,5000,3,oracle,0.0483467744757292,0.0483960410214375,4.9266545708297194e-05,0.10190244590780245,0.0480277739082754
ml,kmeans_templates,combined,brutal,0.05,5000,3,selected,0.0482261327897067,0.0477834094990103,-0.0004427232906964035,-0.9180153271400139,0.0480277739082754
ml,kmeans_templates,combined,brutal,0.05,5000,4,mean_trials,0.04669693150484082,0.046652974700687674,-4.3956804153144624e-05,-0.09413210405182161,0.0466125840939772
ml,kmeans_templates,combined,brutal,0.05,5000,4,oracle,0.0470046182779516,0.0472462815253331,0.0002416632473815003,0.5141266033743264,0.0466125840939772
ml,kmeans_templates,combined,brutal,0.05,5000,4,selected,0.0468827187933461,0.0466097342093497,-0.00027298458399640374,-0.5822712313244672,0.0466125840939772
ml,kmeans_templates,combined,brutal,0.05,25000,0,mean_trials,0.04560201515076337,0.04536659997996744,-0.00023541517079592872,-0.5162385259020464,0.0453757151109518
ml,kmeans_templates,combined,brutal,0.05,25000,0,oracle,0.0461903522969576,0.046011247706686,-0.0001791045902716018,-0.38775324578634746,0.0453757151109518
ml,kmeans_templates,combined,brutal,0.05,25000,0,selected,0.0455723882150269,0.0453772628340828,-0.00019512538094410004,-0.42816580079900224,0.0453757151109518
ml,kmeans_templates,combined,brutal,0.05,25000,1,mean_trials,0.04782484273195121,0.04778796382767135,-3.687890427985646e-05,-0.0771124423483323,0.0477221012838836
ml,kmeans_templates,combined,brutal,0.05,25000,1,oracle,0.0479687705268027,0.0481678994804105,0.00019912895360780364,0.4151220709243313,0.0477221012838836
ml,kmeans_templates,combined,brutal,0.05,25000,1,selected,0.047883123849906,0.0479567414543324,7.36176044264028e-05,0.15374436441775158,0.0477221012838836
ml,kmeans_templates,combined,brutal,0.05,25000,2,mean_trials,0.047425110491350446,0.04732001617664957,-0.00010509431470087649,-0.2216005690066741,0.0472252309336187
ml,kmeans_templates,combined,brutal,0.05,25000,2,oracle,0.0475870205308463,0.0476197959839719,3.277545312560526e-05,0.06887477459186574,0.0472252309336187
ml,kmeans_templates,combined,brutal,0.05,25000,2,selected,0.0475118750401828,0.0473605750173416,-0.00015130002284119426,-0.31844675191882754,0.0472252309336187
ml,kmeans_templates,combined,brutal,0.05,25000,3,mean_trials,0.04817540903520264,0.04808163698563007,-9.377204957257412e-05,-0.19464712692746042,0.0480277739082754
ml,kmeans_templates,combined,brutal,0.05,25000,3,oracle,0.0482746703449161,0.0484916973744064,0.00021702702949030067,0.449567087542331,0.0480277739082754
ml,kmeans_templates,combined,brutal,0.05,25000,3,selected,0.0481291847641538,0.0481723004203536,4.311565619979918e-05,0.08958318411391698,0.0480277739082754
ml,kmeans_templates,combined,brutal,0.05,25000,4,mean_trials,0.04695305455954813,0.04665808902834836,-0.00029496553119977287,-0.6282137210597946,0.0466125840939772
ml,kmeans_templates,combined,brutal,0.05,25000,4,oracle,0.0473579656878426,0.0473673098205939,9.344132751304413e-06,0.019730857556035545,0.0466125840939772
ml,kmeans_templates,combined,brutal,0.05,25000,4,selected,0.0469495736538457,0.0466740026484369,-0.00027557100540880064,-0.5869510284386326,0.0466125840939772
ml,kmeans_templates,combined,brutal,0.05,50000,0,mean_trials,0.04570981374869881,0.04559954479632906,-0.00011026895236975615,-0.24123693213012729,0.0453757151109518
ml,kmeans_templates,combined,brutal,0.05,50000,0,oracle,0.045855220399809,0.0462635618678696,0.0004083414680605968,0.890501592840011,0.0453757151109518
ml,kmeans_templates,combined,brutal,0.05,50000,0,selected,0.045690284851226,0.0455307910739212,-0.00015949377730480052,-0.34907590929698673,0.0453757151109518
ml,kmeans_templates,combined,brutal,0.05,50000,1,mean_trials,0.047868849725596116,0.04805284939480693,0.0001839996692108159,0.3843828925607728,0.0477221012838836
ml,kmeans_templates,combined,brutal,0.05,50000,1,oracle,0.0479655297590864,0.0486536299886586,0.0006881002295722055,1.434572354414275,0.0477221012838836
ml,kmeans_templates,combined,brutal,0.05,50000,1,selected,0.0478413130157033,0.0479112320370119,6.99190213085954e-05,0.14614778922485963,0.0477221012838836
ml,kmeans_templates,combined,brutal,0.05,50000,2,mean_trials,0.04737620911623379,0.047207363523463296,-0.00016884559277049321,-0.35639321068565,0.0472252309336187
ml,kmeans_templates,combined,brutal,0.05,50000,2,oracle,0.0474990708586353,0.0476518714023824,0.0001528005437470975,0.32169164782581944,0.0472252309336187
ml,kmeans_templates,combined,brutal,0.05,50000,2,selected,0.0473931834238531,0.0475532389670647,0.00016005554321159993,0.3377184895561238,0.0472252309336187
ml,kmeans_templates,combined,brutal,0.05,50000,3,mean_trials,0.04809971420302187,0.04809424089643066,-5.473306591209648e-06,-0.011379083393526248,0.0480277739082754
ml,kmeans_templates,combined,brutal,0.05,50000,3,oracle,0.048307934094594,0.0484795033179605,0.00017156922336649533,0.3551574427309139,0.0480277739082754
ml,kmeans_templates,combined,brutal,0.05,50000,3,selected,0.048062458264683,0.0480457954162776,-1.666284840540211e-05,-0.03466915552600066,0.0480277739082754
ml,kmeans_templates,combined,brutal,0.05,50000,4,mean_trials,0.046908543347871416,0.04686299440966069,-4.554893821072381e-05,-0.09710158312300418,0.0466125840939772
ml,kmeans_templates,combined,brutal,0.05,50000,4,oracle,0.0470762092593427,0.0476158964326954,0.0005396871733526973,1.1464117052831553,0.0466125840939772
ml,kmeans_templates,combined,brutal,0.05,50000,4,selected,0.0469288944671211,0.0470245577255339,9.566325841280088e-05,0.20384724485641487,0.0466125840939772
ml,kmeans_templates,combined,brutal,0.05,100000,0,mean_trials,0.04573402328731884,0.04550662632390909,-0.00022739696340975252,-0.4972161796943968,0.0453757151109518
ml,kmeans_templates,combined,brutal,0.05,100000,0,oracle,0.0458958582019254,0.046714564914198,0.0008187067122726044,1.7838357192725038,0.0453757151109518
ml,kmeans_templates,combined,brutal,0.05,100000,0,selected,0.0457093613575408,0.0453615651567189,-0.0003477962008218982,-0.7608861521853691,0.0453757151109518
ml,kmeans_templates,combined,brutal,0.05,100000,1,mean_trials,0.04792438407417089,0.04791059693675641,-1.3787137414483785e-05,-0.028768522915486854,0.0477221012838836
ml,kmeans_templates,combined,brutal,0.05,100000,1,oracle,0.04796626286074,0.0484981940440868,0.0005319311833467955,1.108969412295359,0.0477221012838836
ml,kmeans_templates,combined,brutal,0.05,100000,1,selected,0.0479590759682003,0.0478150520981678,-0.00014402387003250444,-0.3003057651235832,0.0477221012838836
ml,kmeans_templates,combined,brutal,0.05,100000,2,mean_trials,0.04743864575606485,0.04734548455578281,-9.316120028204228e-05,-0.1963825037525064,0.0472252309336187
ml,kmeans_templates,combined,brutal,0.05,100000,2,oracle,0.0475101864741757,0.0477852970474599,0.0002751105732841999,0.5790559745197739,0.0472252309336187
ml,kmeans_templates,combined,brutal,0.05,100000,2,selected,0.0474336159111885,0.0472741551906822,-0.0001594607205063006,-0.3361766069128361,0.0472252309336187
ml,kmeans_templates,combined,brutal,0.05,100000,3,mean_trials,0.048207551984564466,0.048238916717745925,3.136473318145899e-05,0.06506186663762067,0.0480277739082754
ml,kmeans_templates,combined,brutal,0.05,100000,3,oracle,0.0482524157045929,0.0484913272729932,0.00023891156840030042,0.49512872031722893,0.0480277739082754
ml,kmeans_templates,combined,brutal,0.05,100000,3,selected,0.048195212195624,0.0484243806528271,0.00022916845720310358,0.47550046314333166,0.0480277739082754
ml,kmeans_templates,combined,brutal,0.05,100000,4,mean_trials,0.04693084599350657,0.046870329129902036,-6.051686360453168e-05,-0.1289490149248639,0.0466125840939772
ml,kmeans_templates,combined,brutal,0.05,100000,4,oracle,0.0470221161648669,0.047904181210614,0.0008820650457471019,1.8758514454229234,0.0466125840939772
ml,kmeans_templates,combined,brutal,0.05,100000,4,selected,0.0469276507501773,0.0465752919791976,-0.0003523587709796938,-0.7508553386904043,0.0466125840939772
ml,kmeans_templates,combined,extreme,0.05,5000,0,mean_trials,0.04525972886691778,0.0449738031083708,-0.00028592575854698155,-0.6317443027281955,0.0451021576054243
ml,kmeans_templates,combined,extreme,0.05,5000,0,oracle,0.0457305537925365,0.0457062939306031,-2.425986193340529e-05,-0.05304956953607819,0.0451021576054243
ml,kmeans_templates,combined,extreme,0.05,5000,0,selected,0.0452945889498448,0.0454713966188938,0.00017680766904900475,0.390350532256261,0.0451021576054243
ml,kmeans_templates,combined,extreme,0.05,5000,1,mean_trials,0.04807094381016234,0.04785190225224794,-0.0002190415579143984,-0.45566311071282184,0.0477720022195072
ml,kmeans_templates,combined,extreme,0.05,5000,1,oracle,0.0486542449068889,0.04839694277108,-0.00025730213580889977,-0.5288380002635056,0.0477720022195072
ml,kmeans_templates,combined,extreme,0.05,5000,1,selected,0.0480296757338118,0.0476294394977725,-0.0004002362360392975,-0.83331030227535,0.0477720022195072
ml,kmeans_templates,combined,extreme,0.05,5000,2,mean_trials,0.04713139572686302,0.04678925718421641,-0.0003421385426466139,-0.7259249113465328,0.0468224388100205
ml,kmeans_templates,combined,extreme,0.05,5000,2,oracle,0.0478237911093766,0.0477841757024741,-3.9615406902504535e-05,-0.08283619090736893,0.0468224388100205
ml,kmeans_templates,combined,extreme,0.05,5000,2,selected,0.0472762706921111,0.0465813275296713,-0.0006949431624398011,-1.4699618905341554,0.0468224388100205
ml,kmeans_templates,combined,extreme,0.05,5000,3,mean_trials,0.04781418630991918,0.047762455112541,-5.173119737818255e-05,-0.10819215251907523,0.0476569546621607
ml,kmeans_templates,combined,extreme,0.05,5000,3,oracle,0.048162641147299,0.0482710193350147,0.00010837818771570334,0.2250254245489635,0.0476569546621607
ml,kmeans_templates,combined,extreme,0.05,5000,3,selected,0.048105993544218,0.0475142869893488,-0.0005917065548691966,-1.2300058917301284,0.0476569546621607
ml,kmeans_templates,combined,extreme,0.05,5000,4,mean_trials,0.04676710057756052,0.046287448418153535,-0.0004796521594069847,-1.0256187650793307,0.0463574283847847
ml,kmeans_templates,combined,extreme,0.05,5000,4,oracle,0.0477022328915291,0.0472869442264723,-0.00041528866505680107,-0.8705853790977309,0.0463574283847847
ml,kmeans_templates,combined,extreme,0.05,5000,4,selected,0.0467573428374221,0.0464364533611771,-0.0003208894762449996,-0.6862868092413854,0.0463574283847847
ml,kmeans_templates,combined,extreme,0.05,25000,0,mean_trials,0.04597946909290486,0.04539038015933491,-0.000589088933569952,-1.2811999468276918,0.0451021576054243
ml,kmeans_templates,combined,extreme,0.05,25000,0,oracle,0.0463965901181575,0.0470778744084688,0.0006812842903113001,1.4683930189185963,0.0451021576054243
ml,kmeans_templates,combined,extreme,0.05,25000,0,selected,0.0461366583839743,0.0451665580970331,-0.0009701002869412015,-2.102666991760653,0.0451021576054243
ml,kmeans_templates,combined,extreme,0.05,25000,1,mean_trials,0.04815284381554151,0.04777532326282582,-0.0003775205527156919,-0.7840046875774463,0.0477720022195072
ml,kmeans_templates,combined,extreme,0.05,25000,1,oracle,0.0484417589242756,0.0481867910610763,-0.00025496786319929854,-0.5263389869840721,0.0477720022195072
ml,kmeans_templates,combined,extreme,0.05,25000,1,selected,0.0483284012687778,0.0479035853900394,-0.00042481587873839655,-0.8790191017819695,0.0477720022195072
ml,kmeans_templates,combined,extreme,0.05,25000,2,mean_trials,0.04735443638134959,0.046912818923547484,-0.00044161745780210704,-0.9325788490981529,0.0468224388100205
ml,kmeans_templates,combined,extreme,0.05,25000,2,oracle,0.0475781578117493,0.0475117929256911,-6.636488605820529e-05,-0.13948603542152413,0.0468224388100205
ml,kmeans_templates,combined,extreme,0.05,25000,2,selected,0.047311090747696,0.0469745620441977,-0.0003365287034983039,-0.7113103887056175,0.0468224388100205
ml,kmeans_templates,combined,extreme,0.05,25000,3,mean_trials,0.0480652878147223,0.04780732777239532,-0.0002579600423269837,-0.5366867734597671,0.0476569546621607
ml,kmeans_templates,combined,extreme,0.05,25000,3,oracle,0.0482818509486225,0.0484562903738223,0.00017443942519979744,0.3612939888850186,0.0476569546621607
ml,kmeans_templates,combined,extreme,0.05,25000,3,selected,0.0481807427316985,0.0477245597493653,-0.0004561829823332003,-0.9468160025542194,0.0476569546621607
ml,kmeans_templates,combined,extreme,0.05,25000,4,mean_trials,0.047129312821185154,0.04652104124425781,-0.0006082715769273467,-1.2906438488403373,0.0463574283847847
ml,kmeans_templates,combined,extreme,0.05,25000,4,oracle,0.047504434455635,0.0474630696865141,-4.136476912090098e-05,-0.08707559535211827,0.0463574283847847
ml,kmeans_templates,combined,extreme,0.05,25000,4,selected,0.0473242881632865,0.0463620882294158,-0.0009621999338706999,-2.033205297353338,0.0463574283847847
ml,kmeans_templates,combined,extreme,0.05,50000,0,mean_trials,0.04571978398540386,0.045713983131791244,-5.80085361261834e-06,-0.012687841251547195,0.0451021576054243
ml,kmeans_templates,combined,extreme,0.05,50000,0,oracle,0.0459123381372179,0.0474829570406854,0.001570618903467498,3.420908120107932,0.0451021576054243
ml,kmeans_templates,combined,extreme,0.05,50000,0,selected,0.045879829542751,0.0463981141009321,0.0005182845581810994,1.1296566777741837,0.0451021576054243
ml,kmeans_templates,combined,extreme,0.05,50000,1,mean_trials,0.04819198727850618,0.047752530940001,-0.00043945633850518,-0.9118867332976311,0.0477720022195072
ml,kmeans_templates,combined,extreme,0.05,50000,1,oracle,0.0483682435001403,0.0482635069380659,-0.00010473656207440202,-0.21653993301224223,0.0477720022195072
ml,kmeans_templates,combined,extreme,0.05,50000,1,selected,0.0481925051249992,0.0477719278633047,-0.0004205772616945047,-0.8727026341619581,0.0477720022195072
ml,kmeans_templates,combined,extreme,0.05,50000,2,mean_trials,0.04738658927076658,0.04703498414962569,-0.0003516051211408938,-0.7419928856491972,0.0468224388100205
ml,kmeans_templates,combined,extreme,0.05,50000,2,oracle,0.0476119471770569,0.048264037862387,0.0006520906853300992,1.3695946584690968,0.0468224388100205
ml,kmeans_templates,combined,extreme,0.05,50000,2,selected,0.0473504531163898,0.0468398262059407,-0.0005106269104490982,-1.0783992060096057,0.0468224388100205
ml,kmeans_templates,combined,extreme,0.05,50000,3,mean_trials,0.048066190942606175,0.047704824162260503,-0.0003613667803456719,-0.7518107286203827,0.0476569546621607
ml,kmeans_templates,combined,extreme,0.05,50000,3,oracle,0.0483162425195199,0.0484722334516695,0.0001559909321495953,0.3228540217848574,0.0476569546621607
ml,kmeans_templates,combined,extreme,0.05,50000,3,selected,0.0480744695437833,0.0478012774205932,-0.0002731921231900955,-0.5682686169657863,0.0476569546621607
ml,kmeans_templates,combined,extreme,0.05,50000,4,mean_trials,0.047217324079153085,0.04655321531301505,-0.0006641087661380315,-1.4064938644653988,0.0463574283847847
ml,kmeans_templates,combined,extreme,0.05,50000,4,oracle,0.0474400751227108,0.0476258337782804,0.00018575865556959975,0.39156484278135606,0.0463574283847847
ml,kmeans_templates,combined,extreme,0.05,50000,4,selected,0.0471551885858268,0.0463947345132403,-0.0007604540725865,-1.6126625624715791,0.0463574283847847
ml,kmeans_templates,combined,extreme,0.05,100000,0,mean_trials,0.045974100839441076,0.045374652423158454,-0.0005994484162826219,-1.3038828499900894,0.0451021576054243
ml,kmeans_templates,combined,extreme,0.05,100000,0,oracle,0.046115128633167,0.0461225772302702,7.448597103193455e-06,0.016152176788760516,0.0451021576054243
ml,kmeans_templates,combined,extreme,0.05,100000,0,selected,0.0459295379316816,0.0452360741717573,-0.0006934637599243024,-1.5098426658587394,0.0451021576054243
ml,kmeans_templates,combined,extreme,0.05,100000,1,mean_trials,0.048244553550964416,0.04790432882916576,-0.00034022472179865565,-0.7052085608777584,0.0477720022195072
ml,kmeans_templates,combined,extreme,0.05,100000,1,oracle,0.0483249560027452,0.0485637505359732,0.00023879453322799699,0.4941433018882247,0.0477720022195072
ml,kmeans_templates,combined,extreme,0.05,100000,1,selected,0.0482321107060011,0.0477041340436498,-0.0005279766623512983,-1.0946580081671746,0.0477720022195072
ml,kmeans_templates,combined,extreme,0.05,100000,2,mean_trials,0.047458637930786356,0.04711193720685418,-0.0003467007239321765,-0.7305323942035685,0.0468224388100205
ml,kmeans_templates,combined,extreme,0.05,100000,2,oracle,0.0476914272575003,0.0477473537425072,5.5926485006900506e-05,0.11726737533967407,0.0468224388100205
ml,kmeans_templates,combined,extreme,0.05,100000,2,selected,0.0473877131320006,0.0468610892265374,-0.0005266239054632013,-1.1113089673609418,0.0468224388100205
ml,kmeans_templates,combined,extreme,0.05,100000,3,mean_trials,0.04803791327832447,0.04779674396519828,-0.00024116931312619105,-0.5020395280887665,0.0476569546621607
ml,kmeans_templates,combined,extreme,0.05,100000,3,oracle,0.0481904569874761,0.0483841738858247,0.0001937168983486004,0.401981866241576,0.0476569546621607
ml,kmeans_templates,combined,extreme,0.05,100000,3,selected,0.0480428728677566,0.0477334386071482,-0.00030943426060840024,-0.644079427681506,0.0476569546621607
ml,kmeans_templates,combined,extreme,0.05,100000,4,mean_trials,0.047121487970726295,0.04673557804657541,-0.00038590992415088454,-0.8189680351151619,0.0463574283847847
ml,kmeans_templates,combined,extreme,0.05,100000,4,oracle,0.0473190720659587,0.0476839646425821,0.0003648925766234004,0.7711321475509318,0.0463574283847847
ml,kmeans_templates,combined,extreme,0.05,100000,4,selected,0.0469883905403257,0.0464819447451607,-0.0005064457951649975,-1.07781047476049,0.0463574283847847
ml,kmeans_templates,combined,high,0.05,5000,0,mean_trials,0.04686399972322339,0.04595676483003771,-0.000907234893185678,-1.9358887387840673,0.0456478618068448
ml,kmeans_templates,combined,high,0.05,5000,0,oracle,0.048123302660965,0.0472882429611006,-0.0008350596998643947,-1.7352501879339002,0.0456478618068448
ml,kmeans_templates,combined,high,0.05,5000,0,selected,0.0466455419239511,0.0454679944857163,-0.0011775474382348036,-2.5244586935116473,0.0456478618068448
ml,kmeans_templates,combined,high,0.05,5000,1,mean_trials,0.04852697501779214,0.04811293513060003,-0.00041403988719210943,-0.8532159423502166,0.0479894558651901
ml,kmeans_templates,combined,high,0.05,5000,1,oracle,0.0491440053298134,0.0489248682837308,-0.0002191370460826042,-0.44590798941181103,0.0479894558651901
ml,kmeans_templates,combined,high,0.05,5000,1,selected,0.0489388317127369,0.0483364786386318,-0.000602353074105097,-1.2308284710203403,0.0479894558651901
ml,kmeans_templates,combined,high,0.05,5000,2,mean_trials,0.047911041867689484,0.046633837611967044,-0.0012772042557224403,-2.6657826795951363,0.0467197937920064
ml,kmeans_templates,combined,high,0.05,5000,2,oracle,0.0489981269030682,0.0474435632470095,-0.0015545636560587023,-3.1727001710372678,0.0467197937920064
ml,kmeans_templates,combined,high,0.05,5000,2,selected,0.048744060529626,0.0467377259338277,-0.002006334595798298,-4.116059626544396,0.0467197937920064
ml,kmeans_templates,combined,high,0.05,5000,3,mean_trials,0.04816833674993033,0.04746746895665518,-0.0007008677932751547,-1.4550383936106501,0.0472903071338551
ml,kmeans_templates,combined,high,0.05,5000,3,oracle,0.0490819441198956,0.0482673636562699,-0.0008145804636257026,-1.659633655985335,0.0472903071338551
ml,kmeans_templates,combined,high,0.05,5000,3,selected,0.0489153101567477,0.0475824895139197,-0.0013328206428280046,-2.724751491009705,0.0472903071338551
ml,kmeans_templates,combined,high,0.05,5000,4,mean_trials,0.04812210743109904,0.04705276878556372,-0.0010693386455353227,-2.2221359425424074,0.046938630668035
ml,kmeans_templates,combined,high,0.05,5000,4,oracle,0.0490344499719374,0.0483309151111891,-0.0007035348607482977,-1.434776695060174,0.046938630668035
ml,kmeans_templates,combined,high,0.05,5000,4,selected,0.0482112920215303,0.0472446850594637,-0.0009666069620666018,-2.0049389293174977,0.046938630668035
ml,kmeans_templates,combined,high,0.05,25000,0,mean_trials,0.047937407143776936,0.045913188968673364,-0.0020242181751035718,-4.222627579819674,0.0456478618068448
ml,kmeans_templates,combined,high,0.05,25000,0,oracle,0.0491835675664098,0.047623939987108,-0.001559627579301802,-3.1710338563706766,0.0456478618068448
ml,kmeans_templates,combined,high,0.05,25000,0,selected,0.0490950930912958,0.0454816871430961,-0.0036134059481996994,-7.360014454968678,0.0456478618068448
ml,kmeans_templates,combined,high,0.05,25000,1,mean_trials,0.0491405530640777,0.04808641001685608,-0.001054143047221616,-2.145159102802623,0.0479894558651901
ml,kmeans_templates,combined,high,0.05,25000,1,oracle,0.0495382341350646,0.0486608482924593,-0.0008773858426052994,-1.7711286199930576,0.0479894558651901
ml,kmeans_templates,combined,high,0.05,25000,1,selected,0.0494170128819588,0.0481462373057493,-0.0012707755762094985,-2.5715345831302447,0.0479894558651901
ml,kmeans_templates,combined,high,0.05,25000,2,mean_trials,0.04850664531494686,0.047279340910240115,-0.0012273044047067458,-2.530177868904415,0.0467197937920064
ml,kmeans_templates,combined,high,0.05,25000,2,oracle,0.0492020366643357,0.0481316749943925,-0.001070361669943204,-2.1754417957235903,0.0467197937920064
ml,kmeans_templates,combined,high,0.05,25000,2,selected,0.0488272098239878,0.0481210384920027,-0.0007061713319850976,-1.4462659949866115,0.0467197937920064
ml,kmeans_templates,combined,high,0.05,25000,3,mean_trials,0.04871939026294238,0.047400389830402366,-0.0013190004325400115,-2.707341831293993,0.0472903071338551
ml,kmeans_templates,combined,high,0.05,25000,3,oracle,0.0493379732466345,0.0478220496238257,-0.0015159236228088,-3.0725291759166575,0.0472903071338551
ml,kmeans_templates,combined,high,0.05,25000,3,selected,0.0487401466620791,0.0472642638467794,-0.0014758828152997006,-3.0280639603572834,0.0472903071338551
ml,kmeans_templates,combined,high,0.05,25000,4,mean_trials,0.04884738620931354,0.04742185288626431,-0.001425533323049226,-2.9183410488756616,0.046938630668035
ml,kmeans_templates,combined,high,0.05,25000,4,oracle,0.0494986904936405,0.0485971769885516,-0.0009015135050889009,-1.8212875857892152,0.046938630668035
ml,kmeans_templates,combined,high,0.05,25000,4,selected,0.0495108126836932,0.0477779211107005,-0.0017328915729927022,-3.500026517568039,0.046938630668035
ml,kmeans_templates,combined,high,0.05,50000,0,mean_trials,0.04849103364716364,0.04639560180586127,-0.00209543184130237,-4.321276911829528,0.0456478618068448
ml,kmeans_templates,combined,high,0.05,50000,0,oracle,0.049149857114663,0.0481550298546423,-0.0009948272600206962,-2.024069485491763,0.0456478618068448
ml,kmeans_templates,combined,high,0.05,50000,0,selected,0.0490529501732457,0.0458560363289301,-0.0031969138443155992,-6.5172713017763595,0.0456478618068448
ml,kmeans_templates,combined,high,0.05,50000,1,mean_trials,0.04928396702686047,0.04806140169358256,-0.0012225653332779071,-2.480655286153388,0.0479894558651901
ml,kmeans_templates,combined,high,0.05,50000,1,oracle,0.0495856717432675,0.0486086641052549,-0.000977007638012603,-1.9703426487214148,0.0479894558651901
ml,kmeans_templates,combined,high,0.05,50000,1,selected,0.0494184494385209,0.0480976339815173,-0.0013208154570036046,-2.6727173191598554,0.0479894558651901
ml,kmeans_templates,combined,high,0.05,50000,2,mean_trials,0.04887905718926135,0.046958805250470914,-0.001920251938790439,-3.9285781052510056,0.0467197937920064
ml,kmeans_templates,combined,high,0.05,50000,2,oracle,0.0492083831336959,0.0478260466994061,-0.0013823364342898034,-2.8091482512930517,0.0467197937920064
ml,kmeans_templates,combined,high,0.05,50000,2,selected,0.049142975596076,0.047311388305794,-0.0018315872902820024,-3.727058176811443,0.0467197937920064
ml,kmeans_templates,combined,high,0.05,50000,3,mean_trials,0.04906542611902119,0.047530841930304484,-0.0015345841887167075,-3.127628373172928,0.0472903071338551
ml,kmeans_templates,combined,high,0.05,50000,3,oracle,0.0494418389532495,0.0484400174230573,-0.0010018215301922026,-2.026262678335024,0.0472903071338551
ml,kmeans_templates,combined,high,0.05,50000,3,selected,0.0493566160224225,0.0474901740776925,-0.001866441944729999,-3.781543580463625,0.0472903071338551
ml,kmeans_templates,combined,high,0.05,50000,4,mean_trials,0.04912917670195168,0.04723847877318978,-0.0018906979287618975,-3.848421764183133,0.046938630668035
ml,kmeans_templates,combined,high,0.05,50000,4,oracle,0.0495342582339915,0.0491443222080372,-0.0003899360259542947,-0.7872047343725277,0.046938630668035
ml,kmeans_templates,combined,high,0.05,50000,4,selected,0.0494790765677138,0.0469954667032498,-0.002483609864464005,-5.0195153926632,0.046938630668035
ml,kmeans_templates,combined,high,0.05,100000,0,mean_trials,0.048656898456669165,0.046977466128271764,-0.001679432328397401,-3.4515811358033845,0.0456478618068448
ml,kmeans_templates,combined,high,0.05,100000,0,oracle,0.0491481321352158,0.0488901234806082,-0.0002580086546076013,-0.5249612617988629,0.0456478618068448
ml,kmeans_templates,combined,high,0.05,100000,0,selected,0.048433301622058,0.0474755328754597,-0.0009577687465983017,-1.977500427437523,0.0456478618068448
ml,kmeans_templates,combined,high,0.05,100000,1,mean_trials,0.04948090130000277,0.04818292759135276,-0.0012979737086500145,-2.623181216486737,0.0479894558651901
ml,kmeans_templates,combined,high,0.05,100000,1,oracle,0.0495601736644513,0.0489978262319807,-0.0005623474324705988,-1.134676073328535,0.0479894558651901
ml,kmeans_templates,combined,high,0.05,100000,1,selected,0.0495412143238184,0.0480111143119957,-0.001530100011822702,-3.088539578019712,0.0479894558651901
ml,kmeans_templates,combined,high,0.05,100000,2,mean_trials,0.04899140954415687,0.04743032663906259,-0.0015610829050942826,-3.186442112238574,0.0467197937920064
ml,kmeans_templates,combined,high,0.05,100000,2,oracle,0.04940981213702,0.049170362940969,-0.00023944919605099757,-0.48461871376270976,0.0467197937920064
ml,kmeans_templates,combined,high,0.05,100000,2,selected,0.0491510764891862,0.0476047963537049,-0.0015462801354813038,-3.145974098495082,0.0467197937920064
ml,kmeans_templates,combined,high,0.05,100000,3,mean_trials,0.04917740346178891,0.047793399703618,-0.0013840037581709097,-2.814308322004613,0.0472903071338551
ml,kmeans_templates,combined,high,0.05,100000,3,oracle,0.0493365140341,0.0488439142624325,-0.0004925997716674971,-0.9984486770326458,0.0472903071338551
ml,kmeans_templates,combined,high,0.05,100000,3,selected,0.0491702481747496,0.0477384263140004,-0.0014318218607492009,-2.911967935692634,0.0472903071338551
ml,kmeans_templates,combined,high,0.05,100000,4,mean_trials,0.049382731449022194,0.04757149544361403,-0.0018112360054081608,-3.667751767189914,0.046938630668035
ml,kmeans_templates,combined,high,0.05,100000,4,oracle,0.0495125704961324,0.0487365531856899,-0.000776017310442495,-1.5673137198625398,0.046938630668035
ml,kmeans_templates,combined,high,0.05,100000,4,selected,0.0492022344940287,0.0483406149561445,-0.0008616195378841965,-1.751179690810109,0.046938630668035
ml,kmeans_templates,combined,low,0.05,5000,0,mean_trials,0.04958359081617046,0.04919086173730488,-0.0003927290788655821,-0.7920545333669203,0.0491980080391786
ml,kmeans_templates,combined,low,0.05,5000,0,oracle,0.0498539823926651,0.0495246192742896,-0.00032936311837550303,-0.6606555837031014,0.0491980080391786
ml,kmeans_templates,combined,low,0.05,5000,0,selected,0.049777242767246,0.0494481933622825,-0.0003290494049635051,-0.6610438559285235,0.0491980080391786
ml,kmeans_templates,combined,low,0.05,5000,1,mean_trials,0.04961913142328306,0.04942959193674166,-0.0001895394865413999,-0.38198872310864607,0.0493234520724208
ml,kmeans_templates,combined,low,0.05,5000,1,oracle,0.0498719242714082,0.0496513046206446,-0.00022061965076360102,-0.4423724449912258,0.0493234520724208
ml,kmeans_templates,combined,low,0.05,5000,1,selected,0.0497272348078433,0.0494458555230638,-0.0002813792847795038,-0.5658454282986248,0.0493234520724208
ml,kmeans_templates,combined,low,0.05,5000,2,mean_trials,0.04963072646559922,0.04919373972882825,-0.00043698673677097094,-0.8804762047435708,0.0492421747865324
ml,kmeans_templates,combined,low,0.05,5000,2,oracle,0.0498262466603898,0.0494134900284797,-0.00041275663191010087,-0.8283919812852943,0.0492421747865324
ml,kmeans_templates,combined,low,0.05,5000,2,selected,0.0497366606046018,0.0492001948618567,-0.0005364657427451014,-1.0786123077500418,0.0492421747865324
ml,kmeans_templates,combined,low,0.05,5000,3,mean_trials,0.04973039917634551,0.04946172730752679,-0.00026867186881871646,-0.5402568112634645,0.0492054216827995
ml,kmeans_templates,combined,low,0.05,5000,3,oracle,0.0499395195948234,0.0497095617900022,-0.00022995780482119865,-0.4604726010320601,0.0492054216827995
ml,kmeans_templates,combined,low,0.05,5000,3,selected,0.0499248457427019,0.0495720274411142,-0.000352818301587704,-0.7066988316919929,0.0492054216827995
ml,kmeans_templates,combined,low,0.05,5000,4,mean_trials,0.04955117417225318,0.04930050067542349,-0.00025067349682968837,-0.5058881066234273,0.049313461619669
ml,kmeans_templates,combined,low,0.05,5000,4,oracle,0.049921690688239,0.0495943791730298,-0.0003273115152091985,-0.6556499002673191,0.049313461619669
ml,kmeans_templates,combined,low,0.05,5000,4,selected,0.049686399546244,0.049217496915294,-0.0004689026309500008,-0.9437243093325467,0.049313461619669
ml,kmeans_templates,combined,low,0.05,25000,0,mean_trials,0.049739520513834345,0.0491688204269264,-0.0005707000869079465,-1.1473775400573358,0.0491980080391786
ml,kmeans_templates,combined,low,0.05,25000,0,oracle,0.0499627388524292,0.0493998819243794,-0.0005628569280498041,-1.12655338954149,0.0491980080391786
ml,kmeans_templates,combined,low,0.05,25000,0,selected,0.0498777364297006,0.049194646289337,-0.0006830901403636,-1.3695291512002972,0.0491980080391786
ml,kmeans_templates,combined,low,0.05,25000,1,mean_trials,0.04982786333410655,0.049269753209880494,-0.0005581101242260536,-1.1200763726989558,0.0493234520724208
ml,kmeans_templates,combined,low,0.05,25000,1,oracle,0.0499773185690542,0.0496607246701187,-0.0003165938989354994,-0.6334751603330983,0.0493234520724208
ml,kmeans_templates,combined,low,0.05,25000,1,selected,0.0499122901980004,0.0497151106030157,-0.00019717959498469911,-0.395052188954853,0.0493234520724208
ml,kmeans_templates,combined,low,0.05,25000,2,mean_trials,0.04976447429234373,0.04921120661676686,-0.0005532676755768684,-1.1117723706406937,0.0492421747865324
ml,kmeans_templates,combined,low,0.05,25000,2,oracle,0.0499498369324301,0.0495444745545255,-0.00040536237790460283,-0.8115389414643313,0.0492421747865324
ml,kmeans_templates,combined,low,0.05,25000,2,selected,0.0499085627107173,0.0490923933637455,-0.000816169346971804,-1.6353292955009118,0.0492421747865324
ml,kmeans_templates,combined,low,0.05,25000,3,mean_trials,0.04974598240166582,0.0493291583307492,-0.00041682407091662294,-0.8379049941180073,0.0492054216827995
ml,kmeans_templates,combined,low,0.05,25000,3,oracle,0.0499408026796564,0.0498148860397024,-0.0001259166399540032,-0.25213179043535056,0.0492054216827995
ml,kmeans_templates,combined,low,0.05,25000,3,selected,0.0498137284047492,0.0492304129360698,-0.0005833154686794018,-1.1709933935075394,0.0492054216827995
ml,kmeans_templates,combined,low,0.05,25000,4,mean_trials,0.04983475994889403,0.04934827322627213,-0.00048648672262190107,-0.9761995906487707,0.049313461619669
ml,kmeans_templates,combined,low,0.05,25000,4,oracle,0.0499597324771911,0.04962996901755,-0.00032976345964109977,-0.6600584976944219,0.049313461619669
ml,kmeans_templates,combined,low,0.05,25000,4,selected,0.0499366252325016,0.0493937589911188,-0.0005428662413827987,-1.087110390129989,0.049313461619669
ml,kmeans_templates,combined,low,0.05,50000,0,mean_trials,0.04989401940350982,0.04911624022094924,-0.000777779182560584,-1.5588625487764787,0.0491980080391786
ml,kmeans_templates,combined,low,0.05,50000,0,oracle,0.0499572600661122,0.0494180705153945,-0.000539189550717703,-1.0793016870904306,0.0491980080391786
ml,kmeans_templates,combined,low,0.05,50000,0,selected,0.0499317016280913,0.049066252527685,-0.0008654491004063056,-1.7332657854372193,0.0491980080391786
ml,kmeans_templates,combined,low,0.05,50000,1,mean_trials,0.04985974181071609,0.049407578172344105,-0.0004521636383719857,-0.9068711989896517,0.0493234520724208
ml,kmeans_templates,combined,low,0.05,50000,1,oracle,0.0499563467228805,0.0496042022437418,-0.0003521444791386996,-0.704904386007502,0.0493234520724208
ml,kmeans_templates,combined,low,0.05,50000,1,selected,0.0499002383394587,0.0493234519715628,-0.000576786367895897,-1.1558789839282235,0.0493234520724208
ml,kmeans_templates,combined,low,0.05,50000,2,mean_trials,0.04990576032621838,0.04929109644613044,-0.0006146638800879414,-1.231649164485373,0.0492421747865324
ml,kmeans_templates,combined,low,0.05,50000,2,oracle,0.0499662162536223,0.049634487586854,-0.0003317286667682967,-0.6639059181197217,0.0492421747865324
ml,kmeans_templates,combined,low,0.05,50000,2,selected,0.0499639209823666,0.0493560929805054,-0.0006078280018611965,-1.2165338306329336,0.0492421747865324
ml,kmeans_templates,combined,low,0.05,50000,3,mean_trials,0.049895965849003895,0.049141988657611047,-0.0007539771913928489,-1.5110984997756107,0.0492054216827995
ml,kmeans_templates,combined,low,0.05,50000,3,oracle,0.0499675536289234,0.0493970511375347,-0.0005705024913886941,-1.141745892995775,0.0492054216827995
ml,kmeans_templates,combined,low,0.05,50000,3,selected,0.0499451881875697,0.0491716628278395,-0.0007735253597301942,-1.5487485137211041,0.0492054216827995
ml,kmeans_templates,combined,low,0.05,50000,4,mean_trials,0.049921521854183526,0.04906589283642478,-0.0008556290177587425,-1.713948185029217,0.049313461619669
ml,kmeans_templates,combined,low,0.05,50000,4,oracle,0.0499737820425704,0.0498991934603587,-7.458858221170289e-05,-0.14925542787248774,0.049313461619669
ml,kmeans_templates,combined,low,0.05,50000,4,selected,0.0499693502699673,0.0492007211869971,-0.0007686290829702,-1.5382010748940302,0.049313461619669
ml,kmeans_templates,combined,low,0.05,100000,0,mean_trials,0.04992742563904644,0.04927602618692984,-0.0006513994521165981,-1.3046926489379458,0.0491980080391786
ml,kmeans_templates,combined,low,0.05,100000,0,oracle,0.0499657607637404,0.0494638066572044,-0.0005019541065360011,-1.0045961451671994,0.0491980080391786
ml,kmeans_templates,combined,low,0.05,100000,0,selected,0.0499574833232724,0.0492484966206097,-0.0007089867026627006,-1.4191801818255791,0.0491980080391786
ml,kmeans_templates,combined,low,0.05,100000,1,mean_trials,0.0499356214805979,0.049375947250964905,-0.0005596742296329962,-1.1207915572863218,0.0493234520724208
ml,kmeans_templates,combined,low,0.05,100000,1,oracle,0.0499678293515063,0.049594219533244,-0.0003736098182623021,-0.7477007168634182,0.0493234520724208
ml,kmeans_templates,combined,low,0.05,100000,1,selected,0.0499485975562837,0.049338338309567,-0.0006102592467166976,-1.2217745373712199,0.0493234520724208
ml,kmeans_templates,combined,low,0.05,100000,2,mean_trials,0.04993276290986821,0.049265483841126625,-0.0006672790687415817,-1.336355190170555,0.0492421747865324
ml,kmeans_templates,combined,low,0.05,100000,2,oracle,0.0499692682148375,0.0496263295253908,-0.0003429386894467021,-0.6862992028866103,0.0492421747865324
ml,kmeans_templates,combined,low,0.05,100000,2,selected,0.0499633987602681,0.0495263250358996,-0.00043707372436849884,-0.8747878151077038,0.0492421747865324
ml,kmeans_templates,combined,low,0.05,100000,3,mean_trials,0.04993163383609238,0.049424741323079426,-0.0005068925130129534,-1.0151730958311909,0.0492054216827995
ml,kmeans_templates,combined,low,0.05,100000,3,oracle,0.0499702700086701,0.0496036044476028,-0.0003666655610672989,-0.7337674201153618,0.0492054216827995
ml,kmeans_templates,combined,low,0.05,100000,3,selected,0.0499664965626081,0.0494912086203784,-0.0004752879422296949,-0.9512132627392804,0.0492054216827995
ml,kmeans_templates,combined,low,0.05,100000,4,mean_trials,0.04994736956563245,0.04939567764324678,-0.0005516919223856678,-1.1045465000128323,0.049313461619669
ml,kmeans_templates,combined,low,0.05,100000,4,oracle,0.0499790483140111,0.0496826718860233,-0.00029637642798779895,-0.5930013435344125,0.049313461619669
ml,kmeans_templates,combined,low,0.05,100000,4,selected,0.0499778848396966,0.0493253629921087,-0.0006525218475878988,-1.3056211756076792,0.049313461619669
ml,kmeans_templates,combined,medium,0.05,5000,0,mean_trials,0.048554869707448316,0.047994082687952896,-0.0005607870194954193,-1.1549552555166152,0.047819037623913
ml,kmeans_templates,combined,medium,0.05,5000,0,oracle,0.049545270136773,0.0488181108490747,-0.0007271592876983007,-1.4676664103171289,0.047819037623913
ml,kmeans_templates,combined,medium,0.05,5000,0,selected,0.0492834382721795,0.0485184740067773,-0.0007649642654022001,-1.5521730873919615,0.047819037623913
ml,kmeans_templates,combined,medium,0.05,5000,1,mean_trials,0.04897287474206416,0.048778354644219195,-0.00019452009784496488,-0.397199672001052,0.048585671698699
ml,kmeans_templates,combined,medium,0.05,5000,1,oracle,0.0495447825897145,0.0495034578633759,-4.132472633860268e-05,-0.08340883576141012,0.048585671698699
ml,kmeans_templates,combined,medium,0.05,5000,1,selected,0.0493082676239621,0.0485815934665926,-0.0007266741573695029,-1.4737369459241854,0.048585671698699
ml,kmeans_templates,combined,medium,0.05,5000,2,mean_trials,0.048733369990488225,0.048250299724871305,-0.00048307026561691946,-0.9912515094096819,0.0480506136646491
ml,kmeans_templates,combined,medium,0.05,5000,2,oracle,0.0491651764895785,0.0488716060057606,-0.00029357048381790235,-0.5971106070983601,0.0480506136646491
ml,kmeans_templates,combined,medium,0.05,5000,2,selected,0.0491651270907349,0.0480016331946562,-0.001163493896078699,-2.366502366466897,0.0480506136646491
ml,kmeans_templates,combined,medium,0.05,5000,3,mean_trials,0.04875578797508921,0.04844476120389824,-0.00031102677119097116,-0.6379278935044267,0.0481034871888418
ml,kmeans_templates,combined,medium,0.05,5000,3,oracle,0.0493069138498661,0.0492865177997732,-2.0396050092900964e-05,-0.04136549725055719,0.0481034871888418
ml,kmeans_templates,combined,medium,0.05,5000,3,selected,0.0491683908707425,0.0488430690408097,-0.0003253218299327995,-0.6616483154554104,0.0481034871888418
ml,kmeans_templates,combined,medium,0.05,5000,4,mean_trials,0.04905141524176559,0.0482598443439219,-0.0007915708978436867,-1.613757511260738,0.0482533546384371
ml,kmeans_templates,combined,medium,0.05,5000,4,oracle,0.0495257194306523,0.0492284116474878,-0.0002973077831645021,-0.6003098724912077,0.0482533546384371
ml,kmeans_templates,combined,medium,0.05,5000,4,selected,0.0493992268135727,0.0488400524634975,-0.0005591743500752006,-1.1319495995058053,0.0482533546384371
ml,kmeans_templates,combined,medium,0.05,25000,0,mean_trials,0.04908921043161733,0.04792347406087541,-0.0011657363707419238,-2.3747303337987637,0.047819037623913
ml,kmeans_templates,combined,medium,0.05,25000,0,oracle,0.0498211877074241,0.0487843956069775,-0.001036792100446604,-2.0810264631489437,0.047819037623913
ml,kmeans_templates,combined,medium,0.05,25000,0,selected,0.0494028762715821,0.0479390701875868,-0.0014638060839953018,-2.962997692580348,0.047819037623913
ml,kmeans_templates,combined,medium,0.05,25000,1,mean_trials,0.0493358835984518,0.04868598646237964,-0.000649897136072157,-1.317290962824777,0.048585671698699
ml,kmeans_templates,combined,medium,0.05,25000,1,oracle,0.0498709885818102,0.0491251812055672,-0.0007458073762430031,-1.4954734154097493,0.048585671698699
ml,kmeans_templates,combined,medium,0.05,25000,1,selected,0.0493130096168406,0.0486613815290818,-0.0006516280877587946,-1.32141212394439,0.048585671698699
ml,kmeans_templates,combined,medium,0.05,25000,2,mean_trials,0.04913249276841032,0.048266213713090124,-0.0008662790553201974,-1.7631490008118833,0.0480506136646491
ml,kmeans_templates,combined,medium,0.05,25000,2,oracle,0.049747331740857,0.0493028402297956,-0.0004444915110613998,-0.8934981947913062,0.0480506136646491
ml,kmeans_templates,combined,medium,0.05,25000,2,selected,0.0495001906393597,0.0485071339695075,-0.0009930566698521937,-2.0061673642577293,0.0480506136646491
ml,kmeans_templates,combined,medium,0.05,25000,3,mean_trials,0.049340065918710964,0.04811172547446828,-0.0012283404442426857,-2.489539528111714,0.0481034871888418
ml,kmeans_templates,combined,medium,0.05,25000,3,oracle,0.0498065023462153,0.0490696500746173,-0.0007368522715980041,-1.4794298673614774,0.0481034871888418
ml,kmeans_templates,combined,medium,0.05,25000,3,selected,0.0494678446770103,0.0487736165040549,-0.0006942281729553981,-1.4033928049386675,0.0481034871888418
ml,kmeans_templates,combined,medium,0.05,25000,4,mean_trials,0.049365547450848576,0.048332067310465715,-0.0010334801403828614,-2.0935251278472276,0.0482533546384371
ml,kmeans_templates,combined,medium,0.05,25000,4,oracle,0.0497905555474373,0.0489545340553927,-0.0008360214920445988,-1.6790764490428116,0.0482533546384371
ml,kmeans_templates,combined,medium,0.05,25000,4,selected,0.0496768480472235,0.0487546193687277,-0.0009222286784957984,-1.856455702703028,0.0482533546384371
ml,kmeans_templates,combined,medium,0.05,50000,0,mean_trials,0.04945015279142539,0.0480367357174163,-0.0014134170740090907,-2.858266343424071,0.047819037623913
ml,kmeans_templates,combined,medium,0.05,50000,0,oracle,0.0498237936053971,0.0491521831971233,-0.0006716104082737998,-1.3479712395907333,0.047819037623913
ml,kmeans_templates,combined,medium,0.05,50000,0,selected,0.0495588462733752,0.0478199133193383,-0.0017389329540369036,-3.5088245284094137,0.047819037623913
ml,kmeans_templates,combined,medium,0.05,50000,1,mean_trials,0.04971267102538831,0.0487165463791836,-0.0009961246462047088,-2.0037640819902576,0.048585671698699
ml,kmeans_templates,combined,medium,0.05,50000,1,oracle,0.0499230380255989,0.0493600199603094,-0.0005630180652895014,-1.1277720418392891,0.048585671698699
ml,kmeans_templates,combined,medium,0.05,50000,1,selected,0.0498859662030617,0.0488905867918454,-0.0009953794112163017,-1.995309476746611,0.048585671698699
ml,kmeans_templates,combined,medium,0.05,50000,2,mean_trials,0.049614164792237,0.04814795170296467,-0.0014662130892723335,-2.9552308204969484,0.0480506136646491
ml,kmeans_templates,combined,medium,0.05,50000,2,oracle,0.0498288862260797,0.0487724966974195,-0.0010563895286601968,-2.120034399057666,0.0480506136646491
ml,kmeans_templates,combined,medium,0.05,50000,2,selected,0.0497709401251011,0.0481709328836204,-0.001600007241480704,-3.2147418502825675,0.0480506136646491
ml,kmeans_templates,combined,medium,0.05,50000,3,mean_trials,0.04958223217120135,0.04845524205536817,-0.0011269901158331777,-2.2729717208814226,0.0481034871888418
ml,kmeans_templates,combined,medium,0.05,50000,3,oracle,0.0498885122893179,0.0496385662546936,-0.0002499460346242974,-0.5010091966158223,0.0481034871888418
ml,kmeans_templates,combined,medium,0.05,50000,3,selected,0.0497507372673684,0.0481872387712405,-0.0015634984961278992,-3.142663972446094,0.0481034871888418
ml,kmeans_templates,combined,medium,0.05,50000,4,mean_trials,0.04956166432373311,0.04842170519000473,-0.0011399591337283785,-2.3000824312158894,0.0482533546384371
ml,kmeans_templates,combined,medium,0.05,50000,4,oracle,0.0498724363780636,0.0487455238581223,-0.001126912519941299,-2.259589869238816,0.0482533546384371
ml,kmeans_templates,combined,medium,0.05,50000,4,selected,0.0496425269915106,0.0488747741568397,-0.0007677528346709053,-1.5465627581815067,0.0482533546384371
ml,kmeans_templates,combined,medium,0.05,100000,0,mean_trials,0.04966999624793597,0.04826960902451459,-0.0014003872234213816,-2.819382583463703,0.047819037623913
ml,kmeans_templates,combined,medium,0.05,100000,0,oracle,0.0498150261089771,0.0490051803669863,-0.0008098457419907987,-1.6257057463327467,0.047819037623913
ml,kmeans_templates,combined,medium,0.05,100000,0,selected,0.0496905944632126,0.0486477312611974,-0.0010428632020152012,-2.098713475418901,0.047819037623913
ml,kmeans_templates,combined,medium,0.05,100000,1,mean_trials,0.04975508432989381,0.04877322664311204,-0.000981857686781773,-1.9733816151766705,0.048585671698699
ml,kmeans_templates,combined,medium,0.05,100000,1,oracle,0.0499001238744987,0.0493266017386689,-0.0005735221358297987,-1.1493401043897917,0.048585671698699
ml,kmeans_templates,combined,medium,0.05,100000,1,selected,0.049707682607435,0.0491602708627019,-0.0005474117447330992,-1.101261849312646,0.048585671698699
ml,kmeans_templates,combined,medium,0.05,100000,2,mean_trials,0.04975589102001875,0.04830584825033109,-0.0014500427696876594,-2.914313742475741,0.0480506136646491
ml,kmeans_templates,combined,medium,0.05,100000,2,oracle,0.0498773846638162,0.0489370883732519,-0.000940296290564302,-1.8852157082856125,0.0480506136646491
ml,kmeans_templates,combined,medium,0.05,100000,2,selected,0.0498837243456663,0.0482229877066765,-0.0016607366389898015,-3.3292154119885393,0.0480506136646491
ml,kmeans_templates,combined,medium,0.05,100000,3,mean_trials,0.049834497722008896,0.04864208522089328,-0.001192412501115618,-2.3927450975170586,0.0481034871888418
ml,kmeans_templates,combined,medium,0.05,100000,3,oracle,0.0499180435561524,0.0493540961748938,-0.0005639473812585963,-1.1297465627318035,0.0481034871888418
ml,kmeans_templates,combined,medium,0.05,100000,3,selected,0.0498842972989288,0.0488662060728198,-0.0010180912261089983,-2.040905217143072,0.0481034871888418
ml,kmeans_templates,combined,medium,0.05,100000,4,mean_trials,0.04971148894178061,0.04859486509777147,-0.0011166238440091375,-2.2462088096312436,0.0482533546384371
ml,kmeans_templates,combined,medium,0.05,100000,4,oracle,0.049917291749034,0.0495577139250761,-0.0003595778239578948,-0.7203472210906822,0.0482533546384371
ml,kmeans_templates,combined,medium,0.05,100000,4,selected,0.0498096524845948,0.0483379680376877,-0.0014716844469070955,-2.954616973812978,0.0482533546384371
ml,kmeans_templates,context,brutal,0.05,5000,0,mean_trials,0.047554308126852636,0.046485127446979406,-0.00106918067987323,-2.248336106628145,0.0466604711186673
ml,kmeans_templates,context,brutal,0.05,5000,0,oracle,0.0480616050202914,0.0483371687038072,0.000275563683515799,0.5733551415926648,0.0466604711186673
ml,kmeans_templates,context,brutal,0.05,5000,0,selected,0.0476431941957824,0.0419726867132917,-0.005670507482490698,-11.902030454105613,0.0466604711186673
ml,kmeans_templates,context,brutal,0.05,5000,1,mean_trials,0.04947269518193552,0.049321738247736016,-0.00015095693419950318,-0.3051318179540452,0.0493162344238843
ml,kmeans_templates,context,brutal,0.05,5000,1,oracle,0.0496093516910869,0.0495888280879968,-2.052360309010015e-05,-0.0413704319659302,0.0493162344238843
ml,kmeans_templates,context,brutal,0.05,5000,1,selected,0.0494972570089299,0.0493060656582081,-0.0001911913507217991,-0.3862665575332909,0.0493162344238843
ml,kmeans_templates,context,brutal,0.05,5000,2,mean_trials,0.04778986288257593,0.04753973085092628,-0.0002501320316496483,-0.5233997684074667,0.046883262473433
ml,kmeans_templates,context,brutal,0.05,5000,2,oracle,0.0483659362421817,0.0490529099701673,0.0006869737279856028,1.420366856015635,0.046883262473433
ml,kmeans_templates,context,brutal,0.05,5000,2,selected,0.0480523845620002,0.0469501953920724,-0.0011021891699277975,-2.2937241928247785,0.046883262473433
ml,kmeans_templates,context,brutal,0.05,5000,3,mean_trials,0.04821922474891398,0.04809307196058966,-0.00012615278832431992,-0.2616234271314393,0.0481144194008443
ml,kmeans_templates,context,brutal,0.05,5000,3,oracle,0.0484977533947131,0.0488723352967075,0.0003745819019944016,0.772369596063054,0.0481144194008443
ml,kmeans_templates,context,brutal,0.05,5000,3,selected,0.0482957538914142,0.0482489201224108,-4.683376900340569e-05,-0.09697285005365985,0.0481144194008443
ml,kmeans_templates,context,brutal,0.05,5000,4,mean_trials,0.04883205946956608,0.048582173309810385,-0.00024988615975569256,-0.5117256213849238,0.0484927499264902
ml,kmeans_templates,context,brutal,0.05,5000,4,oracle,0.0491840803330472,0.0492312632155714,4.718288252419933e-05,0.09593120823791587,0.0484927499264902
ml,kmeans_templates,context,brutal,0.05,5000,4,selected,0.0486492698234915,0.0484644042840288,-0.00018486553946269607,-0.3799965346518504,0.0484927499264902
ml,kmeans_templates,context,brutal,0.05,25000,0,mean_trials,0.047948232972030894,0.046970442486654225,-0.0009777904853766686,-2.039262814850825,0.0466604711186673
ml,kmeans_templates,context,brutal,0.05,25000,0,oracle,0.0483524441372304,0.0486035791681231,0.0002511350308926977,0.5193843566210312,0.0466604711186673
ml,kmeans_templates,context,brutal,0.05,25000,0,selected,0.0480821606613034,0.0483349154046205,0.0002527547433171032,0.5256725984040909,0.0466604711186673
ml,kmeans_templates,context,brutal,0.05,25000,1,mean_trials,0.04948421720867931,0.04930141068505868,-0.00018280652362062666,-0.36942389701693257,0.0493162344238843
ml,kmeans_templates,context,brutal,0.05,25000,1,oracle,0.0496034264397304,0.0494465897642586,-0.00015683667547179703,-0.31618113249163976,0.0493162344238843
ml,kmeans_templates,context,brutal,0.05,25000,1,selected,0.0495709646798514,0.04934240831198,-0.00022855636787139783,-0.46106903375293157,0.0493162344238843
ml,kmeans_templates,context,brutal,0.05,25000,2,mean_trials,0.048049445130405634,0.04720457530718656,-0.0008448698232190743,-1.7583341928842413,0.046883262473433
ml,kmeans_templates,context,brutal,0.05,25000,2,oracle,0.0482725929488485,0.0485092424842262,0.000236649535377699,0.4902358065340761,0.046883262473433
ml,kmeans_templates,context,brutal,0.05,25000,2,selected,0.048268031551987,0.0471067040100441,-0.001161327541942904,-2.40599731251128,0.046883262473433
ml,kmeans_templates,context,brutal,0.05,25000,3,mean_trials,0.04851209193446469,0.0483374960177491,-0.00017459591671559194,-0.3599018507621867,0.0481144194008443
ml,kmeans_templates,context,brutal,0.05,25000,3,oracle,0.0486758839879683,0.049021891438281,0.0003460074503126992,0.7108395820776984,0.0481144194008443
ml,kmeans_templates,context,brutal,0.05,25000,3,selected,0.0485903261863413,0.047981058348683,-0.0006092678376583005,-1.2538871118538923,0.0481144194008443
ml,kmeans_templates,context,brutal,0.05,25000,4,mean_trials,0.04890738616504857,0.048585098258509915,-0.00032228790653865413,-0.658975937603829,0.0484927499264902
ml,kmeans_templates,context,brutal,0.05,25000,4,oracle,0.0490627737019236,0.0491295893103574,6.681560843380119e-05,0.13618391988951403,0.0484927499264902
ml,kmeans_templates,context,brutal,0.05,25000,4,selected,0.0489872354034675,0.0485566281576081,-0.0004306072458594018,-0.8790192839274245,0.0484927499264902
ml,kmeans_templates,context,brutal,0.05,50000,0,mean_trials,0.04787952505980174,0.046891215607970896,-0.0009883094518308433,-2.0641588457622344,0.0466604711186673
ml,kmeans_templates,context,brutal,0.05,50000,0,oracle,0.0481655272874161,0.0474797463174923,-0.0006857809699237979,-1.4238003994673751,0.0466604711186673
ml,kmeans_templates,context,brutal,0.05,50000,0,selected,0.0478595220186411,0.0467003686645732,-0.001159153354067896,-2.4219910796777504,0.0466604711186673
ml,kmeans_templates,context,brutal,0.05,50000,1,mean_trials,0.049559077492522,0.04934500700179302,-0.000214070490728982,-0.4319501119876237,0.0493162344238843
ml,kmeans_templates,context,brutal,0.05,50000,1,oracle,0.0496109448986687,0.0496941396180328,8.319471936409778e-05,0.16769428506960427,0.0493162344238843
ml,kmeans_templates,context,brutal,0.05,50000,1,selected,0.0495915981482375,0.0493352247024334,-0.0002563734458040992,-0.5169695177754839,0.0493162344238843
ml,kmeans_templates,context,brutal,0.05,50000,2,mean_trials,0.04806999392792924,0.04756248371076573,-0.0005075102171635121,-1.0557734164152714,0.046883262473433
ml,kmeans_templates,context,brutal,0.05,50000,2,oracle,0.0482486741337078,0.0489253248936401,0.0006766507599322985,1.4024235320065974,0.046883262473433
ml,kmeans_templates,context,brutal,0.05,50000,2,selected,0.0480275813113693,0.0473166167226708,-0.0007109645886985011,-1.480325615585806,0.046883262473433
ml,kmeans_templates,context,brutal,0.05,50000,3,mean_trials,0.04854735558337657,0.04794173019821153,-0.0006056253851650373,-1.2474940764279518,0.0481144194008443
ml,kmeans_templates,context,brutal,0.05,50000,3,oracle,0.0486818624762172,0.0482934230383434,-0.0003884394378737971,-0.7979140856896414,0.0481144194008443
ml,kmeans_templates,context,brutal,0.05,50000,3,selected,0.0485512186948643,0.0481434844027911,-0.00040773429207319883,-0.839802384026106,0.0481144194008443
ml,kmeans_templates,context,brutal,0.05,50000,4,mean_trials,0.049048793133979286,0.04859703533152744,-0.0004517578024518451,-0.9210375497269536,0.0484927499264902
ml,kmeans_templates,context,brutal,0.05,50000,4,oracle,0.0491426631030112,0.049197726249421,5.506314640980198e-05,0.11204754267057213,0.0484927499264902
ml,kmeans_templates,context,brutal,0.05,50000,4,selected,0.0490591141189214,0.0484794179763264,-0.0005796961425950029,-1.181627823914216,0.0484927499264902
ml,kmeans_templates,context,brutal,0.05,100000,0,mean_trials,0.047821592779807895,0.04743148302188975,-0.0003901097579181445,-0.8157606956221328,0.0466604711186673
ml,kmeans_templates,context,brutal,0.05,100000,0,oracle,0.0481722979799973,0.0487543251544739,0.0005820271744765987,1.2082196591872683,0.0466604711186673
ml,kmeans_templates,context,brutal,0.05,100000,0,selected,0.0477056968021734,0.0473658050634949,-0.0003398917386785022,-0.7124762061184634,0.0466604711186673
ml,kmeans_templates,context,brutal,0.05,100000,1,mean_trials,0.04953166007310124,0.04927947232476563,-0.0002521877483356097,-0.5091445511081574,0.0493162344238843
ml,kmeans_templates,context,brutal,0.05,100000,1,oracle,0.0495876905022221,0.0494740390672044,-0.00011365143501770175,-0.22919283771162696,0.0493162344238843
ml,kmeans_templates,context,brutal,0.05,100000,1,selected,0.0495842447652307,0.0493229331441216,-0.0002613116211090949,-0.5270053468522948,0.0493162344238843
ml,kmeans_templates,context,brutal,0.05,100000,2,mean_trials,0.04798578654994939,0.047190478353359065,-0.0007953081965903219,-1.6573828497371181,0.046883262473433
ml,kmeans_templates,context,brutal,0.05,100000,2,oracle,0.0482190250719937,0.0480735448564393,-0.0001454802155544041,-0.3017070862324446,0.046883262473433
ml,kmeans_templates,context,brutal,0.05,100000,2,selected,0.0476884129403235,0.0469202889758076,-0.0007681239645159002,-1.61071404384356,0.046883262473433
ml,kmeans_templates,context,brutal,0.05,100000,3,mean_trials,0.04856065763744457,0.0481285780070123,-0.00043207963043227077,-0.8897730209055058,0.0481144194008443
ml,kmeans_templates,context,brutal,0.05,100000,3,oracle,0.048621606627232,0.0487915188546517,0.00016991222741970236,0.34945827422440184,0.0481144194008443
ml,kmeans_templates,context,brutal,0.05,100000,3,selected,0.048516130643604,0.0485800923351318,6.396169152780157e-05,0.13183592895661764,0.0481144194008443
ml,kmeans_templates,context,brutal,0.05,100000,4,mean_trials,0.04905383542929254,0.04847126370972554,-0.0005825717195670002,-1.187617062903744,0.0484927499264902
ml,kmeans_templates,context,brutal,0.05,100000,4,oracle,0.0491489753287041,0.0490756762553656,-7.329907333850083e-05,-0.14913652390163368,0.0484927499264902
ml,kmeans_templates,context,brutal,0.05,100000,4,selected,0.0490470855052983,0.0488022932263337,-0.00024479227896460204,-0.49909648339483575,0.0484927499264902
ml,kmeans_templates,context,extreme,0.05,5000,0,mean_trials,0.04864643575050363,0.04773198217913896,-0.0009144535713646734,-1.8797956258392603,0.0471409906431615
ml,kmeans_templates,context,extreme,0.05,5000,0,oracle,0.049326198033668,0.0492244150554746,-0.00010178297819340293,-0.2063466925302658,0.0471409906431615
ml,kmeans_templates,context,extreme,0.05,5000,0,selected,0.0490541502701145,0.0456527273834309,-0.0034014228866835958,-6.9340165265401845,0.0471409906431615
ml,kmeans_templates,context,extreme,0.05,5000,1,mean_trials,0.04964516255572009,0.04936906110826057,-0.0002761014474595147,-0.5561497500378362,0.049408615419236
ml,kmeans_templates,context,extreme,0.05,5000,1,oracle,0.0497955278032481,0.0496837497166774,-0.00011177808657070187,-0.2244741475828091,0.049408615419236
ml,kmeans_templates,context,extreme,0.05,5000,1,selected,0.0497475215609072,0.0493351355169776,-0.00041238604392959677,-0.8289579681365667,0.049408615419236
ml,kmeans_templates,context,extreme,0.05,5000,2,mean_trials,0.04843633196503331,0.04749669643585316,-0.0009396355291801523,-1.9399394856292687,0.0472092083079514
ml,kmeans_templates,context,extreme,0.05,5000,2,oracle,0.049495123449763,0.0489022483694645,-0.0005928750802984967,-1.197845442087357,0.0472092083079514
ml,kmeans_templates,context,extreme,0.05,5000,2,selected,0.0495469780670988,0.0452988642864393,-0.0042481137806595,-8.573910955591497,0.0472092083079514
ml,kmeans_templates,context,extreme,0.05,5000,3,mean_trials,0.04891358602317836,0.04830561905439096,-0.000607966968787399,-1.242940905006036,0.048278926861906
ml,kmeans_templates,context,extreme,0.05,5000,3,oracle,0.0493269706484246,0.0488564204545207,-0.0004705501939039,-0.9539409935747359,0.048278926861906
ml,kmeans_templates,context,extreme,0.05,5000,3,selected,0.0490597613906865,0.0483678465544491,-0.0006919148362374006,-1.4103510017656826,0.048278926861906
ml,kmeans_templates,context,extreme,0.05,5000,4,mean_trials,0.04929720296959185,0.04888014674354836,-0.00041705622604348846,-0.8460038316996252,0.0488470168479899
ml,kmeans_templates,context,extreme,0.05,5000,4,oracle,0.0496352024539024,0.049244271884839,-0.00039093056906339824,-0.78760748367344,0.0488470168479899
ml,kmeans_templates,context,extreme,0.05,5000,4,selected,0.0496403193850583,0.0492172943721974,-0.00042302501286090033,-0.8521802802667514,0.0488470168479899
ml,kmeans_templates,context,extreme,0.05,25000,0,mean_trials,0.049032371430095714,0.04757963316847735,-0.001452738261618361,-2.962814604407815,0.0471409906431615
ml,kmeans_templates,context,extreme,0.05,25000,0,oracle,0.0492946833229581,0.0482607213125009,-0.001033962010457197,-2.0975122280086707,0.0471409906431615
ml,kmeans_templates,context,extreme,0.05,25000,0,selected,0.0492856558437573,0.0472454626658529,-0.0020401931779043952,-4.139527298514815,0.0471409906431615
ml,kmeans_templates,context,extreme,0.05,25000,1,mean_trials,0.04975674818455899,0.04943665501788955,-0.0003200931666694426,-0.6433160894722157,0.049408615419236
ml,kmeans_templates,context,extreme,0.05,25000,1,oracle,0.0498412457984313,0.0495079029034495,-0.00033334289498179737,-0.6688093157420415,0.049408615419236
ml,kmeans_templates,context,extreme,0.05,25000,1,selected,0.0498327436551178,0.0494201449052254,-0.0004125987498923983,-0.8279671549853037,0.049408615419236
ml,kmeans_templates,context,extreme,0.05,25000,2,mean_trials,0.04880774926150964,0.04798902159449844,-0.0008187276670111945,-1.6774542555209624,0.0472092083079514
ml,kmeans_templates,context,extreme,0.05,25000,2,oracle,0.0492371745640478,0.0491084044639163,-0.0001287701001315006,-0.2615302386289372,0.0472092083079514
ml,kmeans_templates,context,extreme,0.05,25000,2,selected,0.0492467762462608,0.0475197048653614,-0.001727071380899406,-3.5069734763207747,0.0472092083079514
ml,kmeans_templates,context,extreme,0.05,25000,3,mean_trials,0.04914734763948371,0.04811446837559373,-0.0010328792638899797,-2.1015971634249317,0.048278926861906
ml,kmeans_templates,context,extreme,0.05,25000,3,oracle,0.0493484042585912,0.0489313469577958,-0.00041705730079540093,-0.8451282408443719,0.048278926861906
ml,kmeans_templates,context,extreme,0.05,25000,3,selected,0.0493557487786131,0.048513526084675,-0.000842222693938105,-1.7064328163998153,0.048278926861906
ml,kmeans_templates,context,extreme,0.05,25000,4,mean_trials,0.049533319486209836,0.048643817860123686,-0.0008895016260861491,-1.7957642155070748,0.0488470168479899
ml,kmeans_templates,context,extreme,0.05,25000,4,oracle,0.0496575298804993,0.0495131497150196,-0.0001443801654796989,-0.29075180708172427,0.0488470168479899
ml,kmeans_templates,context,extreme,0.05,25000,4,selected,0.0496227856275475,0.0490172070399421,-0.0006055785876054043,-1.220363951654549,0.0488470168479899
ml,kmeans_templates,context,extreme,0.05,50000,0,mean_trials,0.04907413823947551,0.04747813306937275,-0.0015960051701027628,-3.252232698034272,0.0471409906431615
ml,kmeans_templates,context,extreme,0.05,50000,0,oracle,0.0492756723289099,0.0490765398741452,-0.00019913245476469582,-0.4041192039664274,0.0471409906431615
ml,kmeans_templates,context,extreme,0.05,50000,0,selected,0.0491239506361214,0.0471886808071457,-0.001935269828975697,-3.939564721312685,0.0471409906431615
ml,kmeans_templates,context,extreme,0.05,50000,1,mean_trials,0.04978149406670297,0.04934603563611069,-0.00043545843059228373,-0.8747395769375793,0.049408615419236
ml,kmeans_templates,context,extreme,0.05,50000,1,oracle,0.0498240532524049,0.0497572324297056,-6.682082269929973e-05,-0.13411358237113002,0.049408615419236
ml,kmeans_templates,context,extreme,0.05,50000,1,selected,0.049815105695629,0.0496042061213611,-0.00021089957426789763,-0.4233647029808529,0.049408615419236
ml,kmeans_templates,context,extreme,0.05,50000,2,mean_trials,0.04911754471648068,0.047556150475390156,-0.0015613942410905232,-3.1788931024612475,0.0472092083079514
ml,kmeans_templates,context,extreme,0.05,50000,2,oracle,0.0493626175992289,0.0492814567170238,-8.116088220509743e-05,-0.16441770342090864,0.0472092083079514
ml,kmeans_templates,context,extreme,0.05,50000,2,selected,0.0490678867269285,0.0472338469814878,-0.0018340397454407048,-3.737759801328844,0.0472092083079514
ml,kmeans_templates,context,extreme,0.05,50000,3,mean_trials,0.0492058401965914,0.04855486247966591,-0.0006509777169254882,-1.3229684003456625,0.048278926861906
ml,kmeans_templates,context,extreme,0.05,50000,3,oracle,0.0493716664425471,0.0491238559042744,-0.00024781053827269833,-0.5019286488153503,0.048278926861906
ml,kmeans_templates,context,extreme,0.05,50000,3,selected,0.0492704264476336,0.0484066252491301,-0.0008638011985035027,-1.7531839295557587,0.048278926861906
ml,kmeans_templates,context,extreme,0.05,50000,4,mean_trials,0.049650561486534774,0.048768064642958055,-0.0008824968435767189,-1.777415636711484,0.0488470168479899
ml,kmeans_templates,context,extreme,0.05,50000,4,oracle,0.0497158917020083,0.0493426592003566,-0.0003732325016516935,-0.7507307801875686,0.0488470168479899
ml,kmeans_templates,context,extreme,0.05,50000,4,selected,0.0496745848427729,0.0488892146501356,-0.0007853701926373025,-1.5810302091564739,0.0488470168479899
ml,kmeans_templates,context,extreme,0.05,100000,0,mean_trials,0.04923458504178643,0.04800741588662598,-0.001227169155160454,-2.492494156534334,0.0471409906431615
ml,kmeans_templates,context,extreme,0.05,100000,0,oracle,0.0493705351354891,0.0493267231099224,-4.3812025566698776e-05,-0.08874124099822711,0.0471409906431615
ml,kmeans_templates,context,extreme,0.05,100000,0,selected,0.0492181984934379,0.0473172028949101,-0.0019009955985277993,-3.862383542504614,0.0471409906431615
ml,kmeans_templates,context,extreme,0.05,100000,1,mean_trials,0.04978297076506492,0.0492419716707556,-0.0005409990943093176,-1.0867151678480436,0.049408615419236
ml,kmeans_templates,context,extreme,0.05,100000,1,oracle,0.0498153912289691,0.0494640584939903,-0.00035133273497880285,-0.7052694484801971,0.049408615419236
ml,kmeans_templates,context,extreme,0.05,100000,1,selected,0.0497733670417644,0.0494173978197803,-0.00035596922198410236,-0.7151801116557207,0.049408615419236
ml,kmeans_templates,context,extreme,0.05,100000,2,mean_trials,0.04912766884412132,0.047802119483847945,-0.0013255493602733759,-2.698172723153732,0.0472092083079514
ml,kmeans_templates,context,extreme,0.05,100000,2,oracle,0.049312064944748,0.0492528932069558,-5.9171737792199086e-05,-0.11999444326352672,0.0472092083079514
ml,kmeans_templates,context,extreme,0.05,100000,2,selected,0.0491712364505325,0.0472464239989747,-0.001924812451557803,-3.9145089497479133,0.0472092083079514
ml,kmeans_templates,context,extreme,0.05,100000,3,mean_trials,0.04922274131726008,0.04860718516659031,-0.0006155561506697715,-1.2505523548602628,0.048278926861906
ml,kmeans_templates,context,extreme,0.05,100000,3,oracle,0.0493705124916058,0.0498030924695004,0.00043257997789459407,0.8761909813436578,0.048278926861906
ml,kmeans_templates,context,extreme,0.05,100000,3,selected,0.0491013110293444,0.0483939399026855,-0.000707371126658897,-1.440635925660215,0.048278926861906
ml,kmeans_templates,context,extreme,0.05,100000,4,mean_trials,0.04961890919049029,0.04891808273109903,-0.0007008264593912628,-1.4124181100006519,0.0488470168479899
ml,kmeans_templates,context,extreme,0.05,100000,4,oracle,0.0496751808661727,0.0493799554351851,-0.0002952254309876029,-0.5943117384573883,0.0488470168479899
ml,kmeans_templates,context,extreme,0.05,100000,4,selected,0.049578684759473,0.0489137753076766,-0.0006649094517964041,-1.3411195860119298,0.0488470168479899
ml,kmeans_templates,context,high,0.05,5000,0,mean_trials,0.04907862879655722,0.04838627877031127,-0.0006923500262459512,-1.4106955373914567,0.0483407652012639
ml,kmeans_templates,context,high,0.05,5000,0,oracle,0.0496926079576914,0.049219887824148,-0.0004727201335434014,-0.9512886382334337,0.0483407652012639
ml,kmeans_templates,context,high,0.05,5000,0,selected,0.049355805060856,0.0483868200612955,-0.0009689849995605029,-1.9632645002259381,0.0483407652012639
ml,kmeans_templates,context,high,0.05,5000,1,mean_trials,0.04973692803229331,0.049403822003579824,-0.00033310602871348266,-0.6697358318897436,0.0494328812879498
ml,kmeans_templates,context,high,0.05,5000,1,oracle,0.0498719331105566,0.0496828284781124,-0.00018910463244419667,-0.3791804741656748,0.0494328812879498
ml,kmeans_templates,context,high,0.05,5000,1,selected,0.0498340763343122,0.0496347142609111,-0.00019936207340109924,-0.40005170771838444,0.0494328812879498
ml,kmeans_templates,context,high,0.05,5000,2,mean_trials,0.049235660753536505,0.04849250167999868,-0.0007431590735378218,-1.509391896369426,0.0484716154000644
ml,kmeans_templates,context,high,0.05,5000,2,oracle,0.0498609143015772,0.0496631281497605,-0.0001977861518166965,-0.39667574208610157,0.0484716154000644
ml,kmeans_templates,context,high,0.05,5000,2,selected,0.0497762532488365,0.0455970005337141,-0.0041792527151224,-8.396077330750257,0.0484716154000644
ml,kmeans_templates,context,high,0.05,5000,3,mean_trials,0.049347726417320756,0.048858772289736764,-0.0004889541275839918,-0.9908341540378885,0.0487627254693241
ml,kmeans_templates,context,high,0.05,5000,3,oracle,0.0497994406885395,0.0494584926494884,-0.00034094803905109633,-0.6846423058915193,0.0487627254693241
ml,kmeans_templates,context,high,0.05,5000,3,selected,0.0496304118058319,0.0486893959165236,-0.000941015889308297,-1.896046909684762,0.0487627254693241
ml,kmeans_templates,context,high,0.05,5000,4,mean_trials,0.049523565331368605,0.049174852687009454,-0.0003487126443591504,-0.704134773063831,0.0492230940860696
ml,kmeans_templates,context,high,0.05,5000,4,oracle,0.0498451832917674,0.0496468832662672,-0.0001983000255002046,-0.3978318714156609,0.0492230940860696
ml,kmeans_templates,context,high,0.05,5000,4,selected,0.04967864655137,0.0491655194780679,-0.0005131270733020957,-1.0328926187059038,0.0492230940860696
ml,kmeans_templates,context,high,0.05,25000,0,mean_trials,0.049460372488308424,0.04842672163061916,-0.001033650857689264,-2.089856597690608,0.0483407652012639
ml,kmeans_templates,context,high,0.05,25000,0,oracle,0.0497420936249224,0.0488880814836433,-0.0008540121412791007,-1.7168801693767328,0.0483407652012639
ml,kmeans_templates,context,high,0.05,25000,0,selected,0.0493884628648688,0.0477623781121248,-0.0016260847527440059,-3.292438473319401,0.0483407652012639
ml,kmeans_templates,context,high,0.05,25000,1,mean_trials,0.04983157290715612,0.04920515136654291,-0.000626421540613209,-1.2570775997384802,0.0494328812879498
ml,kmeans_templates,context,high,0.05,25000,1,oracle,0.0499356846145456,0.0495023123316292,-0.00043337228291639995,-0.8678609020014604,0.0494328812879498
ml,kmeans_templates,context,high,0.05,25000,1,selected,0.0499413655239354,0.0494419887399104,-0.0004993767840250005,-0.9999261709927897,0.0494328812879498
ml,kmeans_templates,context,high,0.05,25000,2,mean_trials,0.04967904846042915,0.04886721905564943,-0.0008118294047797167,-1.6341484588344384,0.0484716154000644
ml,kmeans_templates,context,high,0.05,25000,2,oracle,0.0498667561953363,0.049419431046599,-0.00044732514873729867,-0.8970408000573615,0.0484716154000644
ml,kmeans_templates,context,high,0.05,25000,2,selected,0.0498411181208314,0.0485917817440986,-0.0012493363767327945,-2.5066379403928876,0.0484716154000644
ml,kmeans_templates,context,high,0.05,25000,3,mean_trials,0.04962668177942723,0.04890412582448596,-0.0007225559549412716,-1.4559828081046668,0.0487627254693241
ml,kmeans_templates,context,high,0.05,25000,3,oracle,0.0498980809827265,0.0493361465923251,-0.0005619343904013988,-1.1261643320430033,0.0487627254693241
ml,kmeans_templates,context,high,0.05,25000,3,selected,0.0495260475341111,0.048930245645235,-0.0005958018888760977,-1.2030071417787553,0.0487627254693241
ml,kmeans_templates,context,high,0.05,25000,4,mean_trials,0.04977806344870038,0.04906218130052516,-0.0007158821481752231,-1.4381478478225402,0.0492230940860696
ml,kmeans_templates,context,high,0.05,25000,4,oracle,0.0499025407226997,0.0495737301939569,-0.00032881052874279837,-0.6589053863408378,0.0492230940860696
ml,kmeans_templates,context,high,0.05,25000,4,selected,0.049841800920441,0.0492595686130442,-0.0005822323073967975,-1.168160653597117,0.0492230940860696
ml,kmeans_templates,context,high,0.05,50000,0,mean_trials,0.04947419705199988,0.048315873794328064,-0.0011583232576718172,-2.3412674215902096,0.0483407652012639
ml,kmeans_templates,context,high,0.05,50000,0,oracle,0.0497575838327996,0.0492787978238352,-0.00047878600896440054,-0.96223725527603,0.0483407652012639
ml,kmeans_templates,context,high,0.05,50000,0,selected,0.0493198871537922,0.048421330641487,-0.0008985565123052,-1.8218949072273174,0.0483407652012639
ml,kmeans_templates,context,high,0.05,50000,1,mean_trials,0.049886615355059165,0.04934097006988058,-0.0005456452851785865,-1.0937709068756272,0.0494328812879498
ml,kmeans_templates,context,high,0.05,50000,1,oracle,0.0499415487049454,0.0496750808171632,-0.0002664678877822013,-0.5335595204635988,0.0494328812879498
ml,kmeans_templates,context,high,0.05,50000,1,selected,0.0499396987687697,0.0496898306412974,-0.0002498681274722969,-0.5003396769156215,0.0494328812879498
ml,kmeans_templates,context,high,0.05,50000,2,mean_trials,0.04964598460339867,0.04874190496483408,-0.0009040796385645852,-1.821052892367641,0.0484716154000644
ml,kmeans_templates,context,high,0.05,50000,2,oracle,0.0498323471483284,0.04960232055878,-0.00023002658954839744,-0.4616009534202998,0.0484716154000644
ml,kmeans_templates,context,high,0.05,50000,2,selected,0.0497436894577838,0.0486956099296345,-0.0010480795281492955,-2.1069597763526846,0.0484716154000644
ml,kmeans_templates,context,high,0.05,50000,3,mean_trials,0.049760726813813286,0.04891101807700622,-0.0008497087368070644,-1.7075890792077222,0.0487627254693241
ml,kmeans_templates,context,high,0.05,50000,3,oracle,0.0499149267448793,0.049524386229608,-0.00039054051527129957,-0.782412277728855,0.0487627254693241
ml,kmeans_templates,context,high,0.05,50000,3,selected,0.049802166146686,0.0493088702957855,-0.0004932958509005006,-0.9905108332990173,0.0487627254693241
ml,kmeans_templates,context,high,0.05,50000,4,mean_trials,0.04983680325280311,0.04914341627609166,-0.000693386976711452,-1.3913151154462378,0.0492230940860696
ml,kmeans_templates,context,high,0.05,50000,4,oracle,0.0499202817653533,0.0494560362134294,-0.0004642455519238975,-0.9299738212737868,0.0492230940860696
ml,kmeans_templates,context,high,0.05,50000,4,selected,0.049922001647563,0.0491996247611758,-0.0007223768863871965,-1.4470110623508228,0.0492230940860696
ml,kmeans_templates,context,high,0.05,100000,0,mean_trials,0.049744480517730214,0.0485680047799719,-0.001176475737758316,-2.365037739893554,0.0483407652012639
ml,kmeans_templates,context,high,0.05,100000,0,oracle,0.0498015048618468,0.0495742783256008,-0.00022722653624599604,-0.45626439778544825,0.0483407652012639
ml,kmeans_templates,context,high,0.05,100000,0,selected,0.0497880326580476,0.0484423008356485,-0.001345731822399096,-2.7029222697787714,0.0483407652012639
ml,kmeans_templates,context,high,0.05,100000,1,mean_trials,0.04992478106012523,0.04933595258488504,-0.000588828475240194,-1.1794312618638392,0.0494328812879498
ml,kmeans_templates,context,high,0.05,100000,1,oracle,0.0499440989294207,0.0496047620111321,-0.0003393369182886005,-0.6794334577306919,0.0494328812879498
ml,kmeans_templates,context,high,0.05,100000,1,selected,0.0499241854667361,0.0495372043664125,-0.00038698110032359817,-0.7751375344549971,0.0494328812879498
ml,kmeans_templates,context,high,0.05,100000,2,mean_trials,0.04979675287444104,0.048661329526000406,-0.001135423348440634,-2.2801152342272655,0.0484716154000644
ml,kmeans_templates,context,high,0.05,100000,2,oracle,0.0499257670162228,0.0495025858364375,-0.0004231811797852994,-0.8476207879746577,0.0484716154000644
ml,kmeans_templates,context,high,0.05,100000,2,selected,0.0498920041455975,0.0484820096343918,-0.0014099945112057005,-2.8260931492969883,0.0484716154000644
ml,kmeans_templates,context,high,0.05,100000,3,mean_trials,0.049860203254599306,0.0491686356519252,-0.0006915676026741091,-1.3870132039831107,0.0487627254693241
ml,kmeans_templates,context,high,0.05,100000,3,oracle,0.0499258305959079,0.0498498143472262,-7.601624868169843e-05,-0.15225835559344505,0.0487627254693241
ml,kmeans_templates,context,high,0.05,100000,3,selected,0.0499100718290431,0.0496340909991383,-0.0002759808299047997,-0.5529561865791668,0.0487627254693241
ml,kmeans_templates,context,high,0.05,100000,4,mean_trials,0.049882238187313396,0.04925534055967408,-0.0006268976276393168,-1.2567552107129714,0.0492230940860696
ml,kmeans_templates,context,high,0.05,100000,4,oracle,0.0499395804145973,0.049487120213416,-0.0004524602011812956,-0.906015223646216,0.0492230940860696
ml,kmeans_templates,context,high,0.05,100000,4,selected,0.0499183789685469,0.0493326243438938,-0.0005857546246531009,-1.173424772110848,0.0492230940860696
ml,kmeans_templates,context,low,0.05,5000,0,mean_trials,0.04970460777155653,0.049393566851955284,-0.00031104091960124786,-0.6257788433434557,0.0493921732446926
ml,kmeans_templates,context,low,0.05,5000,0,oracle,0.049917196952953,0.0496727975130569,-0.000244399439896098,-0.4896097032981333,0.0493921732446926
ml,kmeans_templates,context,low,0.05,5000,0,selected,0.0498703976584515,0.0488199754555344,-0.001050422202917095,-2.106304044557946,0.0493921732446926
ml,kmeans_templates,context,low,0.05,5000,1,mean_trials,0.04972630058661297,0.049539978114110005,-0.00018632247250296302,-0.374696026659831,0.0494842785581161
ml,kmeans_templates,context,low,0.05,5000,1,oracle,0.0499265083163841,0.0497287683551492,-0.00019773996123489956,-0.39606206783342857,0.0494842785581161
ml,kmeans_templates,context,low,0.05,5000,1,selected,0.049753131682116,0.0493170402833327,-0.00043609139878330455,-0.8765104507784375,0.0494842785581161
ml,kmeans_templates,context,low,0.05,5000,2,mean_trials,0.049748099331227806,0.049501328848464574,-0.0002467704827632325,-0.49604002179100354,0.0494173384520355
ml,kmeans_templates,context,low,0.05,5000,2,oracle,0.0499216426317455,0.0496580440386233,-0.00026359859312220096,-0.5280246787283737,0.0494173384520355
ml,kmeans_templates,context,low,0.05,5000,2,selected,0.0499288298850346,0.0496313096231152,-0.00029752026191940534,-0.5958887132033159,0.0494173384520355
ml,kmeans_templates,context,low,0.05,5000,3,mean_trials,0.04976690386040665,0.04958188601197492,-0.00018501784843173025,-0.3717688545598393,0.0494008502741158
ml,kmeans_templates,context,low,0.05,5000,3,oracle,0.0499513576570297,0.0498210710306694,-0.0001302866263603042,-0.2608269974459219,0.0494008502741158
ml,kmeans_templates,context,low,0.05,5000,3,selected,0.0499152010110667,0.0497083845475891,-0.00020681646347760207,-0.4143356318083319,0.0494008502741158
ml,kmeans_templates,context,low,0.05,5000,4,mean_trials,0.04971994921600332,0.049388216195534546,-0.00033173302046877323,-0.6672030557143019,0.0494797975761023
ml,kmeans_templates,context,low,0.05,5000,4,oracle,0.0499083434446478,0.0496683100310818,-0.0002400334135660015,-0.48094846873091884,0.0494797975761023
ml,kmeans_templates,context,low,0.05,5000,4,selected,0.0496486817008051,0.0496135291589781,-3.51525418270035e-05,-0.0708025684122716,0.0494797975761023
ml,kmeans_templates,context,low,0.05,25000,0,mean_trials,0.04985784808433575,0.04929917123604778,-0.0005586768482879687,-1.1205394331158323,0.0493921732446926
ml,kmeans_templates,context,low,0.05,25000,0,oracle,0.0499628322662559,0.0494776253377592,-0.0004852069284966981,-0.9711357552970413,0.0493921732446926
ml,kmeans_templates,context,low,0.05,25000,0,selected,0.0499151747699267,0.0494152305803892,-0.000499944189537499,-1.0015875770081635,0.0493921732446926
ml,kmeans_templates,context,low,0.05,25000,1,mean_trials,0.04990465379643859,0.04939212721781294,-0.0005125265786256467,-1.0270115903744086,0.0494842785581161
ml,kmeans_templates,context,low,0.05,25000,1,oracle,0.0499712602782333,0.0496678186544603,-0.00030344162377300005,-0.6072322812822363,0.0494842785581161
ml,kmeans_templates,context,low,0.05,25000,1,selected,0.0499695376850773,0.0490438645822763,-0.0009256731028009987,-1.8524748190284697,0.0494842785581161
ml,kmeans_templates,context,low,0.05,25000,2,mean_trials,0.049840161795876,0.04936773238609445,-0.0004724294097815454,-0.94788899706308,0.0494173384520355
ml,kmeans_templates,context,low,0.05,25000,2,oracle,0.0499587995463387,0.049650874875749,-0.0003079246705897029,-0.6163572251252574,0.0494173384520355
ml,kmeans_templates,context,low,0.05,25000,2,selected,0.0498897104948393,0.0493673829814289,-0.0005223275134104005,-1.0469644105560227,0.0494173384520355
ml,kmeans_templates,context,low,0.05,25000,3,mean_trials,0.049801073928170125,0.04944504751708084,-0.000356026411089283,-0.7148970554385888,0.0494008502741158
ml,kmeans_templates,context,low,0.05,25000,3,oracle,0.0499660814326158,0.0497373488651298,-0.00022873256748599802,-0.4577756768748546,0.0494008502741158
ml,kmeans_templates,context,low,0.05,25000,3,selected,0.0498530683454278,0.0494201787681669,-0.0004328895772608976,-0.8683308603222603,0.0494008502741158
ml,kmeans_templates,context,low,0.05,25000,4,mean_trials,0.0498582512998393,0.0494372577861403,-0.00042099351369900145,-0.8443808250859339,0.0494797975761023
ml,kmeans_templates,context,low,0.05,25000,4,oracle,0.0499541600288263,0.0497317665258102,-0.00022239350301610228,-0.4451951606988667,0.0494797975761023
ml,kmeans_templates,context,low,0.05,25000,4,selected,0.0498802000098175,0.0455631417832632,-0.004317058226554302,-8.654853480348137,0.0494797975761023
ml,kmeans_templates,context,low,0.05,50000,0,mean_trials,0.04990135562955349,0.04906377263062867,-0.0008375829989248143,-1.6784774448667796,0.0493921732446926
ml,kmeans_templates,context,low,0.05,50000,0,oracle,0.0499645793013654,0.049689097120564,-0.00027548218080140213,-0.5513549491526969,0.0493921732446926
ml,kmeans_templates,context,low,0.05,50000,0,selected,0.0498388363972262,0.0493439571447548,-0.0004948792524714016,-0.9929590822047046,0.0493921732446926
ml,kmeans_templates,context,low,0.05,50000,1,mean_trials,0.04990665042575821,0.049433870371019074,-0.00047278005473913587,-0.9473287642144,0.0494842785581161
ml,kmeans_templates,context,low,0.05,50000,1,oracle,0.0499787517332303,0.0496632650332751,-0.00031548669995519474,-0.6312416557323325,0.0494842785581161
ml,kmeans_templates,context,low,0.05,50000,1,selected,0.0499767268535664,0.0494443493244402,-0.0005323775291261948,-1.0652508930528404,0.0494842785581161
ml,kmeans_templates,context,low,0.05,50000,2,mean_trials,0.049923457951539504,0.04935634864474022,-0.0005671093067992836,-1.1359575840074505,0.0494173384520355
ml,kmeans_templates,context,low,0.05,50000,2,oracle,0.0499675621864168,0.0497321647636107,-0.00023539742280610093,-0.47110047499994195,0.0494173384520355
ml,kmeans_templates,context,low,0.05,50000,2,selected,0.0499650431582826,0.049451131589259,-0.0005139115690236049,-1.0285422298057492,0.0494173384520355
ml,kmeans_templates,context,low,0.05,50000,3,mean_trials,0.049898377214066196,0.049388346531515095,-0.0005100306825511006,-1.0221388169860652,0.0494008502741158
ml,kmeans_templates,context,low,0.05,50000,3,oracle,0.0499699243917188,0.0495992547482275,-0.000370669643491299,-0.741785479973085,0.0494008502741158
ml,kmeans_templates,context,low,0.05,50000,3,selected,0.0499675384310985,0.049261031239579,-0.0007065071915195037,-1.4139323522885248,0.0494008502741158
ml,kmeans_templates,context,low,0.05,50000,4,mean_trials,0.04995034927059311,0.049352493600008526,-0.0005978556705845822,-1.1968998802107542,0.0494797975761023
ml,kmeans_templates,context,low,0.05,50000,4,oracle,0.049981247518772,0.0496611772916754,-0.00032007022709659716,-0.6403806287075666,0.0494797975761023
ml,kmeans_templates,context,low,0.05,50000,4,selected,0.0499797967576037,0.0494804815063494,-0.0004993152512543023,-0.9990341771014478,0.0494797975761023
ml,kmeans_templates,context,low,0.05,100000,0,mean_trials,0.04995306371408641,0.04938224988599109,-0.0005708138280953179,-1.1427003383865573,0.0493921732446926
ml,kmeans_templates,context,low,0.05,100000,0,oracle,0.049983840830963,0.0494775962802525,-0.000506244550710501,-1.0128164268579027,0.0493921732446926
ml,kmeans_templates,context,low,0.05,100000,0,selected,0.0499739621278619,0.0494050155055283,-0.0005689466223335951,-1.1384861197875509,0.0493921732446926
ml,kmeans_templates,context,low,0.05,100000,1,mean_trials,0.04995875459769749,0.04956067390659956,-0.00039808069109793093,-0.796818684339817,0.0494842785581161
ml,kmeans_templates,context,low,0.05,100000,1,oracle,0.0499819807602082,0.0496663711298405,-0.00031560963036769696,-0.6314468245703481,0.0494842785581161
ml,kmeans_templates,context,low,0.05,100000,1,selected,0.0499790574438128,0.0496098895479251,-0.00036916789588770094,-0.7386451741366371,0.0494842785581161
ml,kmeans_templates,context,low,0.05,100000,2,mean_trials,0.04994606616490595,0.049313682215106305,-0.000632383949799642,-1.2661336484673533,0.0494173384520355
ml,kmeans_templates,context,low,0.05,100000,2,oracle,0.0499715432094267,0.0495813148051121,-0.0003902284043145951,-0.7809012474943577,0.0494173384520355
ml,kmeans_templates,context,low,0.05,100000,2,selected,0.0499690530857362,0.0494374147288142,-0.0005316383569219998,-1.0639352240872408,0.0494173384520355
ml,kmeans_templates,context,low,0.05,100000,3,mean_trials,0.04994569247633181,0.04950414700465215,-0.0004415454716796552,-0.8840511559408134,0.0494008502741158
ml,kmeans_templates,context,low,0.05,100000,3,oracle,0.0499800221598544,0.0497149056502037,-0.0002651165096506994,-0.530444962194614,0.0494008502741158
ml,kmeans_templates,context,low,0.05,100000,3,selected,0.0499755786463621,0.0495074722002861,-0.0004681064460760054,-0.9366703873274321,0.0494008502741158
ml,kmeans_templates,context,low,0.05,100000,4,mean_trials,0.04996389957639395,0.04931870650629554,-0.0006451930700984154,-1.2913184830818223,0.0494797975761023
ml,kmeans_templates,context,low,0.05,100000,4,oracle,0.0499820977879557,0.0497498313015187,-0.00023226648643699666,-0.4646993558020817,0.0494797975761023
ml,kmeans_templates,context,low,0.05,100000,4,selected,0.0499772627080308,0.0495233666147076,-0.0004538960933232056,-0.9082051891774965,0.0494797975761023
ml,kmeans_templates,context,medium,0.05,5000,0,mean_trials,0.049572732201669314,0.049129811904282686,-0.00044292029738662864,-0.8934756623555917,0.049136977115994
ml,kmeans_templates,context,medium,0.05,5000,0,oracle,0.0498162496844031,0.0496376529669613,-0.00017859671744179656,-0.3585109649426564,0.049136977115994
ml,kmeans_templates,context,medium,0.05,5000,0,selected,0.0496959842367054,0.0490324287471553,-0.0006635554895500981,-1.3352295959962028,0.049136977115994
ml,kmeans_templates,context,medium,0.05,5000,1,mean_trials,0.049694752597737875,0.04939760365315439,-0.0002971489445834849,-0.5979483326716697,0.0494402888742142
ml,kmeans_templates,context,medium,0.05,5000,1,oracle,0.0498616624125058,0.0497142560127541,-0.00014740639975169972,-0.2956307363605445,0.0494402888742142
ml,kmeans_templates,context,medium,0.05,5000,1,selected,0.0495650592375693,0.0495150124328331,-5.0046804736199324e-05,-0.10097194577397957,0.0494402888742142
ml,kmeans_templates,context,medium,0.05,5000,2,mean_trials,0.049610224877496174,0.04922840862124013,-0.00038181625625604426,-0.7696321820730971,0.0492065579942153
ml,kmeans_templates,context,medium,0.05,5000,2,oracle,0.0498590474801803,0.0497397429426335,-0.00011930453754679937,-0.23928362769911452,0.0492065579942153
ml,kmeans_templates,context,medium,0.05,5000,2,selected,0.0498230964478741,0.0492376065093001,-0.0005854899385740048,-1.1751375974525304,0.0492065579942153
ml,kmeans_templates,context,medium,0.05,5000,3,mean_trials,0.04970321913615893,0.0492992326377913,-0.0004039864983676339,-0.8127974513299382,0.0492010900159723
ml,kmeans_templates,context,medium,0.05,5000,3,oracle,0.0498990382078745,0.0496623318005771,-0.0002367064072974004,-0.474370680876262,0.0492010900159723
ml,kmeans_templates,context,medium,0.05,5000,3,selected,0.0498265694289256,0.0493771393229496,-0.00044943010597599947,-0.9019888608166827,0.0492010900159723
ml,kmeans_templates,context,medium,0.05,5000,4,mean_trials,0.04973016219294109,0.049389124466766104,-0.0003410377261749836,-0.6857764204585521,0.0493947719733825
ml,kmeans_templates,context,medium,0.05,5000,4,oracle,0.0498920695079512,0.0496854926946565,-0.0002065768132947024,-0.414047393367358,0.0493947719733825
ml,kmeans_templates,context,medium,0.05,5000,4,selected,0.0497845852355404,0.049301745793577,-0.00048283944196340217,-0.9698573156309255,0.0493947719733825
ml,kmeans_templates,context,medium,0.05,25000,0,mean_trials,0.04980274749074798,0.04905197193491094,-0.0007507755558370383,-1.507498267995179,0.049136977115994
ml,kmeans_templates,context,medium,0.05,25000,0,oracle,0.0499226402155095,0.0494489138235415,-0.0004737263919680004,-0.9489209503403377,0.049136977115994
ml,kmeans_templates,context,medium,0.05,25000,0,selected,0.0498914598520221,0.0490468377764173,-0.0008446220756047965,-1.6929191451000687,0.049136977115994
ml,kmeans_templates,context,medium,0.05,25000,1,mean_trials,0.04986007880808236,0.049301931278616616,-0.000558147529465744,-1.1194276920702897,0.0494402888742142
ml,kmeans_templates,context,medium,0.05,25000,1,oracle,0.0499658589647368,0.049599137228459,-0.0003667217362777961,-0.7339446251421564,0.0494402888742142
ml,kmeans_templates,context,medium,0.05,25000,1,selected,0.0499611039365212,0.0494258600628003,-0.0005352438737208989,-1.0713211509516698,0.0494402888742142
ml,kmeans_templates,context,medium,0.05,25000,2,mean_trials,0.04978252136051208,0.04919549823770815,-0.0005870231228039327,-1.179175153771067,0.0492065579942153
ml,kmeans_templates,context,medium,0.05,25000,2,oracle,0.0499302721783807,0.049437289428774,-0.0004929827496066991,-0.9873424039137436,0.0492065579942153
ml,kmeans_templates,context,medium,0.05,25000,2,selected,0.0496827090553553,0.049169823745995,-0.0005128853093602989,-1.0323215442798301,0.0492065579942153
ml,kmeans_templates,context,medium,0.05,25000,3,mean_trials,0.049736645231050376,0.049332763298800805,-0.000403881932249571,-0.8120409616960438,0.0492010900159723
ml,kmeans_templates,context,medium,0.05,25000,3,oracle,0.0499184032259259,0.0497276856870602,-0.00019071753886570203,-0.3820585726721521,0.0492010900159723
ml,kmeans_templates,context,medium,0.05,25000,3,selected,0.049743583037827,0.0492519499533419,-0.0004916330844850977,-0.9883346845184843,0.0492010900159723
ml,kmeans_templates,context,medium,0.05,25000,4,mean_trials,0.049823895441446844,0.04952414709222628,-0.00029974834922056465,-0.6016156435877833,0.0493947719733825
ml,kmeans_templates,context,medium,0.05,25000,4,oracle,0.0499601605277749,0.0496800792224073,-0.0002800813053675938,-0.5606092983065679,0.0493947719733825
ml,kmeans_templates,context,medium,0.05,25000,4,selected,0.0498240336439414,0.049409200506507,-0.0004148331374343936,-0.832596454150872,0.0493947719733825
ml,kmeans_templates,context,medium,0.05,50000,0,mean_trials,0.04984776453171625,0.04914680564565863,-0.0007009588860576177,-1.4061992401116084,0.049136977115994
ml,kmeans_templates,context,medium,0.05,50000,0,oracle,0.0499449613702521,0.0494073664346571,-0.0005375949355949997,-1.0763747149781528,0.049136977115994
ml,kmeans_templates,context,medium,0.05,50000,0,selected,0.0498958967069243,0.0492616673365531,-0.000634229370371199,-1.271105265622341,0.049136977115994
ml,kmeans_templates,context,medium,0.05,50000,1,mean_trials,0.049884534548606564,0.04946264581516636,-0.0004218887334402066,-0.8457305200054058,0.0494402888742142
ml,kmeans_templates,context,medium,0.05,50000,1,oracle,0.0499486771250412,0.0497147895561116,-0.00023388756892960688,-0.4682557825187126,0.0494402888742142
ml,kmeans_templates,context,medium,0.05,50000,1,selected,0.0499189747347481,0.0494358710843875,-0.0004831036503605973,-0.9677755861927062,0.0494402888742142
ml,kmeans_templates,context,medium,0.05,50000,2,mean_trials,0.049853408215506205,0.04924702371789253,-0.000606384497613674,-1.2163350898546321,0.0492065579942153
ml,kmeans_templates,context,medium,0.05,50000,2,oracle,0.0499525594620733,0.049695035112321,-0.0002575243497522986,-0.5155378473606045,0.0492065579942153
ml,kmeans_templates,context,medium,0.05,50000,2,selected,0.0499450477027421,0.0495033699063063,-0.0004416777964358007,-0.8843275094350376,0.0492065579942153
ml,kmeans_templates,context,medium,0.05,50000,3,mean_trials,0.049881775003504936,0.049355904251645294,-0.0005258707518596417,-1.054234240507062,0.0492010900159723
ml,kmeans_templates,context,medium,0.05,50000,3,oracle,0.049962610811992,0.0497332168891626,-0.00022939392282939758,-0.4591311764963623,0.0492010900159723
ml,kmeans_templates,context,medium,0.05,50000,3,selected,0.049959878224964,0.0493457475826108,-0.0006141306423531959,-1.2292476766813385,0.0492010900159723
ml,kmeans_templates,context,medium,0.05,50000,4,mean_trials,0.04989859920483353,0.049376870352589926,-0.0005217288522436012,-1.045578153610899,0.0493947719733825
ml,kmeans_templates,context,medium,0.05,50000,4,oracle,0.04997276466095,0.0496638185217126,-0.00030894613923739683,-0.6182290320207464,0.0493947719733825
ml,kmeans_templates,context,medium,0.05,50000,4,selected,0.0499155899444221,0.0493981853253933,-0.0005174046190287995,-1.0365591583809735,0.0493947719733825
ml,kmeans_templates,context,medium,0.05,100000,0,mean_trials,0.049930452991339073,0.049268092888497504,-0.0006623601028415693,-1.326565378760858,0.049136977115994
ml,kmeans_templates,context,medium,0.05,100000,0,oracle,0.0499564190828129,0.049601634330794,-0.0003547847520188954,-0.7101885173770517,0.049136977115994
ml,kmeans_templates,context,medium,0.05,100000,0,selected,0.0499412498822978,0.0494368658673321,-0.0005043840149656989,-1.0099547291155866,0.049136977115994
ml,kmeans_templates,context,medium,0.05,100000,1,mean_trials,0.049943405873251176,0.04954626913099093,-0.00039713674226024565,-0.7951735275485992,0.0494402888742142
ml,kmeans_templates,context,medium,0.05,100000,1,oracle,0.0499759867388079,0.0497244989545673,-0.0002514877842405977,-0.5032172462245946,0.0494402888742142
ml,kmeans_templates,context,medium,0.05,100000,1,selected,0.0499755889427052,0.049438954495785,-0.0005366344469202033,-1.0737931423588243,0.0494402888742142
ml,kmeans_templates,context,medium,0.05,100000,2,mean_trials,0.04992941865356488,0.049242555434308784,-0.0006868632192560953,-1.375668369026873,0.0492065579942153
ml,kmeans_templates,context,medium,0.05,100000,2,oracle,0.0499612547018711,0.0495241236734218,-0.0004371310284492988,-0.8749400531626916,0.0492065579942153
ml,kmeans_templates,context,medium,0.05,100000,2,selected,0.049959541573969,0.0493260949584833,-0.0006334466154856999,-1.2679191912676635,0.0492065579942153
ml,kmeans_templates,context,medium,0.05,100000,3,mean_trials,0.04991199627969948,0.04933864730238312,-0.0005733489773163611,-1.1487197869293744,0.0492010900159723
ml,kmeans_templates,context,medium,0.05,100000,3,oracle,0.0499750754713431,0.049709118271783,-0.00026595719956009484,-0.5321796856767151,0.0492010900159723
ml,kmeans_templates,context,medium,0.05,100000,3,selected,0.0499727673880491,0.0493264533458884,-0.0006463140421607005,-1.2933325007637368,0.0492010900159723
ml,kmeans_templates,context,medium,0.05,100000,4,mean_trials,0.04992609994027198,0.049540210138574965,-0.0003858898016970147,-0.7729219830082176,0.0493947719733825
ml,kmeans_templates,context,medium,0.05,100000,4,oracle,0.0499711338017265,0.0498408136002906,-0.00013032020143589895,-0.260790963745146,0.0493947719733825
ml,kmeans_templates,context,medium,0.05,100000,4,selected,0.049938785332991,0.0495989183466783,-0.00033986698631269935,-0.6805671864993749,0.0493947719733825
ml,kmeans_templates,metadata,brutal,0.05,5000,0,mean_trials,0.04885399883464921,0.04825888514323856,-0.0005951136914106453,-1.2181473484388896,0.0483336438363672
ml,kmeans_templates,metadata,brutal,0.05,5000,0,oracle,0.0494378314579984,0.0486617870953462,-0.0007760443626521965,-1.5697378703018388,0.0483336438363672
ml,kmeans_templates,metadata,brutal,0.05,5000,0,selected,0.0494810316893991,0.0480038403835229,-0.001477191305876202,-2.985368848306932,0.0483336438363672
ml,kmeans_templates,metadata,brutal,0.05,5000,1,mean_trials,0.04905735335582789,0.048594675490644265,-0.00046267786518362775,-0.9431366217979282,0.0486852170264628
ml,kmeans_templates,metadata,brutal,0.05,5000,1,oracle,0.0496823971201229,0.0489598565185674,-0.0007225406015555005,-1.4543191219387628,0.0486852170264628
ml,kmeans_templates,metadata,brutal,0.05,5000,1,selected,0.0492888576196949,0.048675302370564,-0.0006135552491308982,-1.2448153168105343,0.0486852170264628
ml,kmeans_templates,metadata,brutal,0.05,5000,2,mean_trials,0.04759541143128483,0.04709513519450626,-0.0005002762367785699,-1.0511018220755088,0.0471111837169598
ml,kmeans_templates,metadata,brutal,0.05,5000,2,oracle,0.048326016946173,0.0478452278366073,-0.0004807891095656991,-0.9948866882640395,0.0471111837169598
ml,kmeans_templates,metadata,brutal,0.05,5000,2,selected,0.0478307187559879,0.0472357913632529,-0.0005949273927349993,-1.2438186341502986,0.0471111837169598
ml,kmeans_templates,metadata,brutal,0.05,5000,3,mean_trials,0.04783992361059428,0.04767298325698333,-0.0001669403536109504,-0.34895614585383866,0.0476569946382313
ml,kmeans_templates,metadata,brutal,0.05,5000,3,oracle,0.0490675119008772,0.0483682982938861,-0.0006992136069911004,-1.4250031841916162,0.0476569946382313
ml,kmeans_templates,metadata,brutal,0.05,5000,3,selected,0.0469089663719127,0.04744942539969,0.0005404590277773014,1.152144397069699,0.0476569946382313
ml,kmeans_templates,metadata,brutal,0.05,5000,4,mean_trials,0.04755215887875804,0.04695210962927247,-0.0006000492494855694,-1.261875935045331,0.0468878473517264
ml,kmeans_templates,metadata,brutal,0.05,5000,4,oracle,0.0484413898847269,0.0479599655763414,-0.0004814243083854988,-0.9938284378939491,0.0468878473517264
ml,kmeans_templates,metadata,brutal,0.05,5000,4,selected,0.0485392743599919,0.0456284700588077,-0.0029108043011841986,-5.996802258715688,0.0468878473517264
ml,kmeans_templates,metadata,brutal,0.05,25000,0,mean_trials,0.04922936480290109,0.04850036389865023,-0.0007290009042508622,-1.4808253309169288,0.0483336438363672
ml,kmeans_templates,metadata,brutal,0.05,25000,0,oracle,0.0495323934243121,0.0490466005810845,-0.00048579284322759764,-0.9807578629728698,0.0483336438363672
ml,kmeans_templates,metadata,brutal,0.05,25000,0,selected,0.0495501679235601,0.0481030190017427,-0.0014471489218174025,-2.920573193717296,0.0483336438363672
ml,kmeans_templates,metadata,brutal,0.05,25000,1,mean_trials,0.049201221440415145,0.048635003299035896,-0.0005662181413792489,-1.1508213105338534,0.0486852170264628
ml,kmeans_templates,metadata,brutal,0.05,25000,1,oracle,0.0496354212322401,0.0494234304754001,-0.00021199075684000257,-0.4270957142644465,0.0486852170264628
ml,kmeans_templates,metadata,brutal,0.05,25000,1,selected,0.0495329462329663,0.0486792756766189,-0.0008536705563473995,-1.7234398945953373,0.0486852170264628
ml,kmeans_templates,metadata,brutal,0.05,25000,2,mean_trials,0.04799570096377835,0.047699929898941076,-0.00029577106483727467,-0.6162449113108874,0.0471111837169598
ml,kmeans_templates,metadata,brutal,0.05,25000,2,oracle,0.0486155026241761,0.0487334018289554,0.00011789920477930232,0.24251359836948802,0.0471111837169598
ml,kmeans_templates,metadata,brutal,0.05,25000,2,selected,0.0488901121178241,0.0471076866699836,-0.001782425447840498,-3.645779014670475,0.0471111837169598
ml,kmeans_templates,metadata,brutal,0.05,25000,3,mean_trials,0.047942288638384976,0.04792070399156736,-2.1584646817618403e-05,-0.04502214523054009,0.0476569946382313
ml,kmeans_templates,metadata,brutal,0.05,25000,3,oracle,0.0484394122520742,0.0493133052296851,0.0008738929776108961,1.804094923908734,0.0476569946382313
ml,kmeans_templates,metadata,brutal,0.05,25000,3,selected,0.0480175142145898,0.0476242346150996,-0.00039327959949020386,-0.8190336503731559,0.0476569946382313
ml,kmeans_templates,metadata,brutal,0.05,25000,4,mean_trials,0.048468025530197474,0.047156507998011535,-0.0013115175321859393,-2.7059438007616228,0.0468878473517264
ml,kmeans_templates,metadata,brutal,0.05,25000,4,oracle,0.0495150988446549,0.0487992731157993,-0.0007158257288556041,-1.4456716144329715,0.0468878473517264
ml,kmeans_templates,metadata,brutal,0.05,25000,4,selected,0.0489657776312184,0.0470678339455191,-0.001897943685699302,-3.8760615628194532,0.0468878473517264
ml,kmeans_templates,metadata,brutal,0.05,50000,0,mean_trials,0.04935459903633547,0.04834603123580282,-0.001008567800532649,-2.0435133102593515,0.0483336438363672
ml,kmeans_templates,metadata,brutal,0.05,50000,0,oracle,0.0497216967140979,0.0490343252804257,-0.0006873714336722014,-1.3824376059099905,0.0483336438363672
ml,kmeans_templates,metadata,brutal,0.05,50000,0,selected,0.0496224342801118,0.0485314030435861,-0.001091031236525701,-2.198665285880536,0.0483336438363672
ml,kmeans_templates,metadata,brutal,0.05,50000,1,mean_trials,0.049407424558603516,0.04868156078175731,-0.0007258637768462056,-1.4691390683301828,0.0486852170264628
ml,kmeans_templates,metadata,brutal,0.05,50000,1,oracle,0.0497034993881835,0.04890333749216,-0.0008001618960234991,-1.6098703428791765,0.0486852170264628
ml,kmeans_templates,metadata,brutal,0.05,50000,1,selected,0.0496891540359978,0.0483225406456671,-0.001366613390330701,-2.7503253312395786,0.0486852170264628
ml,kmeans_templates,metadata,brutal,0.05,50000,2,mean_trials,0.048180271865913143,0.04738330978104487,-0.0007969620848682704,-1.6541253380351093,0.0471111837169598
ml,kmeans_templates,metadata,brutal,0.05,50000,2,oracle,0.0488424197683804,0.0485568899766295,-0.0002855297917509006,-0.5845938696422793,0.0471111837169598
ml,kmeans_templates,metadata,brutal,0.05,50000,2,selected,0.0475367483956984,0.0471280571545586,-0.0004086912411397983,-0.8597374766524435,0.0471111837169598
ml,kmeans_templates,metadata,brutal,0.05,50000,3,mean_trials,0.04851974566961568,0.04783205875973589,-0.0006876869098797894,-1.417334119107794,0.0476569946382313
ml,kmeans_templates,metadata,brutal,0.05,50000,3,oracle,0.0493469677156398,0.0489778634498461,-0.0003691042657937016,-0.7479776020294746,0.0476569946382313
ml,kmeans_templates,metadata,brutal,0.05,50000,3,selected,0.0491922598954348,0.0477224327091842,-0.0014698271862505982,-2.9879236883504166,0.0476569946382313
ml,kmeans_templates,metadata,brutal,0.05,50000,4,mean_trials,0.04854582352307717,0.04718827633054854,-0.0013575471925286256,-2.796424273003197,0.0468878473517264
ml,kmeans_templates,metadata,brutal,0.05,50000,4,oracle,0.0492926917775011,0.0480224734972487,-0.0012702182802524012,-2.576889665482162,0.0468878473517264
ml,kmeans_templates,metadata,brutal,0.05,50000,4,selected,0.0488507251436289,0.0468985402916538,-0.0019521848519750973,-3.996224920378077,0.0468878473517264
ml,kmeans_templates,metadata,brutal,0.05,100000,0,mean_trials,0.04957289022482615,0.0485356471687455,-0.0010372430560806542,-2.0923594556954073,0.0483336438363672
ml,kmeans_templates,metadata,brutal,0.05,100000,0,oracle,0.049739569530808,0.0493334315241313,-0.0004061380066767012,-0.8165289939333812,0.0483336438363672
ml,kmeans_templates,metadata,brutal,0.05,100000,0,selected,0.0496857282669342,0.0484704657633248,-0.001215262503609399,-2.4458985426971287,0.0483336438363672
ml,kmeans_templates,metadata,brutal,0.05,100000,1,mean_trials,0.04954217600998069,0.04877494846453374,-0.0007672275454469468,-1.5486351372462572,0.0486852170264628
ml,kmeans_templates,metadata,brutal,0.05,100000,1,oracle,0.0497462161141354,0.0491921237037202,-0.0005540924104152009,-1.1138383050962453,0.0486852170264628
ml,kmeans_templates,metadata,brutal,0.05,100000,1,selected,0.0495652119409334,0.0488211802641741,-0.0007440316767593005,-1.5011167058984014,0.0486852170264628
ml,kmeans_templates,metadata,brutal,0.05,100000,2,mean_trials,0.048415739098379026,0.04775599220322867,-0.0006597468951503593,-1.3626702957271344,0.0471111837169598
ml,kmeans_templates,metadata,brutal,0.05,100000,2,oracle,0.0487205334511808,0.0493070445464782,0.0005865110952973998,1.203827326490788,0.0471111837169598
ml,kmeans_templates,metadata,brutal,0.05,100000,2,selected,0.0480812188587394,0.0475777303615668,-0.0005034884971725981,-1.0471625077804831,0.0471111837169598
ml,kmeans_templates,metadata,brutal,0.05,100000,3,mean_trials,0.04857364515232422,0.04791252118810508,-0.0006611239642191416,-1.361075460048127,0.0476569946382313
ml,kmeans_templates,metadata,brutal,0.05,100000,3,oracle,0.0490856037167432,0.048740854891087,-0.0003447488256561951,-0.7023420301512978,0.0476569946382313
ml,kmeans_templates,metadata,brutal,0.05,100000,3,selected,0.048733277854051,0.0477555195206411,-0.000977758333409899,-2.0063463334810794,0.0476569946382313
ml,kmeans_templates,metadata,brutal,0.05,100000,4,mean_trials,0.049247437456590576,0.04750010185609013,-0.0017473356005004437,-3.5480741552098873,0.0468878473517264
ml,kmeans_templates,metadata,brutal,0.05,100000,4,oracle,0.049623768493264,0.0488350222236525,-0.0007887462696114997,-1.589452582019371,0.0468878473517264
ml,kmeans_templates,metadata,brutal,0.05,100000,4,selected,0.0495483384298564,0.0476961556863926,-0.0018521827434637983,-3.7381329064865807,0.0468878473517264
ml,kmeans_templates,metadata,extreme,0.05,5000,0,mean_trials,0.04907564065812143,0.04882224550600837,-0.00025339515211306174,-0.5163359025270878,0.0487495462989563
ml,kmeans_templates,metadata,extreme,0.05,5000,0,oracle,0.0496272555306092,0.049207749743138,-0.00041950578747119993,-0.8453132920325532,0.0487495462989563
ml,kmeans_templates,metadata,extreme,0.05,5000,0,selected,0.0492070088049729,0.0486086923407909,-0.0005983164641819999,-1.215917160405681,0.0487495462989563
ml,kmeans_templates,metadata,extreme,0.05,5000,1,mean_trials,0.049392542586240824,0.0489950295413777,-0.0003975130448631223,-0.8048037700611441,0.0490334445806698
ml,kmeans_templates,metadata,extreme,0.05,5000,1,oracle,0.0497393234884242,0.0494802360138251,-0.0002590874745991012,-0.5208906282358232,0.0490334445806698
ml,kmeans_templates,metadata,extreme,0.05,5000,1,selected,0.0496937339915767,0.0492871268736505,-0.00040660711792619986,-0.8182261328865356,0.0490334445806698
ml,kmeans_templates,metadata,extreme,0.05,5000,2,mean_trials,0.04857271788439252,0.04832002102509912,-0.000252696859293397,-0.5202444300004758,0.0481010572132755
ml,kmeans_templates,metadata,extreme,0.05,5000,2,oracle,0.0491074781770895,0.0490001470168949,-0.00010733116019459588,-0.21856377924262854,0.0481010572132755
ml,kmeans_templates,metadata,extreme,0.05,5000,2,selected,0.0481538584379856,0.0480150549821983,-0.00013880345578729664,-0.2882499145235747,0.0481010572132755
ml,kmeans_templates,metadata,extreme,0.05,5000,3,mean_trials,0.04881428050075723,0.048619475843940205,-0.0001948046568170242,-0.39907308848688716,0.0484583491135662
ml,kmeans_templates,metadata,extreme,0.05,5000,3,oracle,0.0494765641970571,0.0494836235899837,7.059392926597741e-06,0.01426815511780755,0.0484583491135662
ml,kmeans_templates,metadata,extreme,0.05,5000,3,selected,0.049384950381586,0.0490016590318507,-0.0003832913497353041,-0.7761298670418846,0.0484583491135662
ml,kmeans_templates,metadata,extreme,0.05,5000,4,mean_trials,0.048483759740422225,0.048000824181321886,-0.00048293555910033925,-0.9960769579049431,0.0480174153978949
ml,kmeans_templates,metadata,extreme,0.05,5000,4,oracle,0.0490605923953141,0.0485738332843823,-0.00048675911093180174,-0.9921590571301241,0.0480174153978949
ml,kmeans_templates,metadata,extreme,0.05,5000,4,selected,0.0483980151684086,0.0480600465071037,-0.0003379686613049007,-0.6983109950457368,0.0480174153978949
ml,kmeans_templates,metadata,extreme,0.05,25000,0,mean_trials,0.049586367815873264,0.048927020540743014,-0.0006593472751302495,-1.3296946402256622,0.0487495462989563
ml,kmeans_templates,metadata,extreme,0.05,25000,0,oracle,0.0498341076973159,0.0494015620123607,-0.0004325456849552031,-0.8679711646136293,0.0487495462989563
ml,kmeans_templates,metadata,extreme,0.05,25000,0,selected,0.0497723309970291,0.0489494502709722,-0.0008228807260569002,-1.653289507590106,0.0487495462989563
ml,kmeans_templates,metadata,extreme,0.05,25000,1,mean_trials,0.04967221612562606,0.04884004505187218,-0.0008321710737538845,-1.6753250381445428,0.0490334445806698
ml,kmeans_templates,metadata,extreme,0.05,25000,1,oracle,0.0498627818803486,0.0492038847791074,-0.0006588971012412015,-1.321420659646106,0.0490334445806698
ml,kmeans_templates,metadata,extreme,0.05,25000,1,selected,0.0498520851029018,0.04863381595835,-0.001218269144551802,-2.4437676820079264,0.0490334445806698
ml,kmeans_templates,metadata,extreme,0.05,25000,2,mean_trials,0.04903790611505502,0.048282471215006895,-0.0007554349000481256,-1.5405121464111642,0.0481010572132755
ml,kmeans_templates,metadata,extreme,0.05,25000,2,oracle,0.0495960869308384,0.0488959102333829,-0.0007001766974554999,-1.4117579445973112,0.0481010572132755
ml,kmeans_templates,metadata,extreme,0.05,25000,2,selected,0.0488574805701637,0.0482086301979163,-0.0006488503722474059,-1.328047137665232,0.0481010572132755
ml,kmeans_templates,metadata,extreme,0.05,25000,3,mean_trials,0.04928565827737479,0.04862785718518915,-0.0006578010921856406,-1.3346703994164009,0.0484583491135662
ml,kmeans_templates,metadata,extreme,0.05,25000,3,oracle,0.0498283773738589,0.0491887199777455,-0.0006396573961134008,-1.2837211039687189,0.0484583491135662
ml,kmeans_templates,metadata,extreme,0.05,25000,3,selected,0.0494445448411144,0.0486184479197894,-0.0008260969213250008,-1.670754425952527,0.0484583491135662
ml,kmeans_templates,metadata,extreme,0.05,25000,4,mean_trials,0.04913451003325103,0.04791444754493159,-0.0012200624883194414,-2.483107061602492,0.0480174153978949
ml,kmeans_templates,metadata,extreme,0.05,25000,4,oracle,0.0496462024569163,0.048346602013707,-0.0012996004432092936,-2.617723771192985,0.0480174153978949
ml,kmeans_templates,metadata,extreme,0.05,25000,4,selected,0.0494463655832021,0.0479778963804034,-0.0014684692027986945,-2.9698223225885836,0.0480174153978949
ml,kmeans_templates,metadata,extreme,0.05,50000,0,mean_trials,0.049725224902260744,0.0488718878806241,-0.0008533370216366465,-1.7161049011119702,0.0487495462989563
ml,kmeans_templates,metadata,extreme,0.05,50000,0,oracle,0.0498740126392785,0.0495347288031178,-0.00033928383616069896,-0.6802818105184792,0.0487495462989563
ml,kmeans_templates,metadata,extreme,0.05,50000,0,selected,0.0498281467797594,0.048960816717244,-0.0008673300625154021,-1.7406428265313665,0.0487495462989563
ml,kmeans_templates,metadata,extreme,0.05,50000,1,mean_trials,0.04974119449152586,0.048904883234812506,-0.0008363112567133513,-1.6813252380897872,0.0490334445806698
ml,kmeans_templates,metadata,extreme,0.05,50000,1,oracle,0.049907868649682,0.0490739959248094,-0.0008338727248725988,-1.6708241554569214,0.0490334445806698
ml,kmeans_templates,metadata,extreme,0.05,50000,1,selected,0.0498960114503591,0.0490061981995504,-0.0008898132508087034,-1.7833354309170926,0.0490334445806698
ml,kmeans_templates,metadata,extreme,0.05,50000,2,mean_trials,0.04948833635955972,0.0483145234403601,-0.0011738129191996224,-2.371898118924896,0.0481010572132755
ml,kmeans_templates,metadata,extreme,0.05,50000,2,oracle,0.0498176869410728,0.0493655785234708,-0.00045210841760200127,-0.9075259117043729,0.0481010572132755
ml,kmeans_templates,metadata,extreme,0.05,50000,2,selected,0.0497399132132324,0.0489718962139406,-0.0007680169992917985,-1.5440658209421272,0.0481010572132755
ml,kmeans_templates,metadata,extreme,0.05,50000,3,mean_trials,0.04942421442652857,0.04870230756220985,-0.0007219068643187221,-1.460633967975092,0.0484583491135662
ml,kmeans_templates,metadata,extreme,0.05,50000,3,oracle,0.0497934531420844,0.0497541318627813,-3.932127930310336e-05,-0.07896877364761398,0.0484583491135662
ml,kmeans_templates,metadata,extreme,0.05,50000,3,selected,0.0493084621447023,0.0485255258926164,-0.0007829362520859057,-1.5878334428445042,0.0484583491135662
ml,kmeans_templates,metadata,extreme,0.05,50000,4,mean_trials,0.049497736021497,0.048287122533783026,-0.0012106134877139726,-2.445795676772368,0.0480174153978949
ml,kmeans_templates,metadata,extreme,0.05,50000,4,oracle,0.0499168836011048,0.0487764450873951,-0.0011404385137097003,-2.284674906436786,0.0480174153978949
ml,kmeans_templates,metadata,extreme,0.05,50000,4,selected,0.0499197573864168,0.0476809408371751,-0.0022388165492417053,-4.484830589042263,0.0480174153978949
ml,kmeans_templates,metadata,extreme,0.05,100000,0,mean_trials,0.04971537730348126,0.04897001213473387,-0.0007453651687473889,-1.499264833488844,0.0487495462989563
ml,kmeans_templates,metadata,extreme,0.05,100000,0,oracle,0.049876624727414,0.0496678990630957,-0.00020872566431830164,-0.4184839400401095,0.0487495462989563
ml,kmeans_templates,metadata,extreme,0.05,100000,0,selected,0.0498485675319572,0.0488942596275176,-0.0009543079044395941,-1.914413897305677,0.0487495462989563
ml,kmeans_templates,metadata,extreme,0.05,100000,1,mean_trials,0.04983232122410634,0.049127315971822995,-0.0007050052522833486,-1.4147549922725713,0.0490334445806698
ml,kmeans_templates,metadata,extreme,0.05,100000,1,oracle,0.0499174002102262,0.0495330345122121,-0.00038436569801409554,-0.7700034384710474,0.0490334445806698
ml,kmeans_templates,metadata,extreme,0.05,100000,1,selected,0.0499059582086841,0.049010936735658,-0.0008950214730261002,-1.7934160672429655,0.0490334445806698
ml,kmeans_templates,metadata,extreme,0.05,100000,2,mean_trials,0.049643373593479805,0.048371545674047285,-0.0012718279194325194,-2.561928868588339,0.0481010572132755
ml,kmeans_templates,metadata,extreme,0.05,100000,2,oracle,0.0498461289922439,0.0493447787998852,-0.000501350192358703,-1.005795640493394,0.0481010572132755
ml,kmeans_templates,metadata,extreme,0.05,100000,2,selected,0.0497961203269853,0.0481147020008753,-0.0016814183261099971,-3.3766050749917764,0.0481010572132755
ml,kmeans_templates,metadata,extreme,0.05,100000,3,mean_trials,0.04957985600382512,0.04883733834864738,-0.0007425176551777365,-1.497619628262839,0.0484583491135662
ml,kmeans_templates,metadata,extreme,0.05,100000,3,oracle,0.049893527535227,0.0494392051913473,-0.00045432234387970255,-0.9105837296409464,0.0484583491135662
ml,kmeans_templates,metadata,extreme,0.05,100000,3,selected,0.0498290275078363,0.0484060750021498,-0.0014229525056864978,-2.8556698311294935,0.0484583491135662
ml,kmeans_templates,metadata,extreme,0.05,100000,4,mean_trials,0.04976395475303734,0.048260635900431094,-0.001503318852606246,-3.0208990826125834,0.0480174153978949
ml,kmeans_templates,metadata,extreme,0.05,100000,4,oracle,0.0499115548665042,0.0491858657361735,-0.0007256891303306992,-1.453950156975998,0.0480174153978949
ml,kmeans_templates,metadata,extreme,0.05,100000,4,selected,0.049907974931575,0.0482813960328346,-0.0016265788987403981,-3.259156279072585,0.0480174153978949
ml,kmeans_templates,metadata,high,0.05,5000,0,mean_trials,0.049607410470020895,0.04899082994795946,-0.0006165805220614343,-1.242920193211961,0.0492097793541848
ml,kmeans_templates,metadata,high,0.05,5000,0,oracle,0.0497822358489462,0.0495913625650046,-0.00019087328394160052,-0.3834164550599247,0.0492097793541848
ml,kmeans_templates,metadata,high,0.05,5000,0,selected,0.0497367010188571,0.0491139415027216,-0.000622759516135496,-1.2521126318759739,0.0492097793541848
ml,kmeans_templates,metadata,high,0.05,5000,1,mean_trials,0.049688432421480744,0.04938946504155746,-0.0002989673799232845,-0.6016840647885648,0.0493404184265193
ml,kmeans_templates,metadata,high,0.05,5000,1,oracle,0.0499032720994648,0.0496566283569967,-0.0002466437424681056,-0.4942436279058158,0.0493404184265193
ml,kmeans_templates,metadata,high,0.05,5000,1,selected,0.0498536076337455,0.0491867300078446,-0.0006668776259009038,-1.3376717504582352,0.0493404184265193
ml,kmeans_templates,metadata,high,0.05,5000,2,mean_trials,0.04950067782784879,0.048874936100996455,-0.0006257417268523344,-1.2641073906674785,0.0490257140623287
ml,kmeans_templates,metadata,high,0.05,5000,2,oracle,0.049774815491519,0.0492263872918418,-0.000548428199677202,-1.1018186491733901,0.0490257140623287
ml,kmeans_templates,metadata,high,0.05,5000,2,selected,0.0494910374379552,0.0492035675750807,-0.00028746986287449955,-0.5808523679360899,0.0490257140623287
ml,kmeans_templates,metadata,high,0.05,5000,3,mean_trials,0.04964285705238949,0.04933681236734952,-0.00030604468503996757,-0.6164928918514704,0.0491809027580983
ml,kmeans_templates,metadata,high,0.05,5000,3,oracle,0.0499354859735219,0.0496180038631944,-0.000317482110327498,-0.6357845610951733,0.0491809027580983
ml,kmeans_templates,metadata,high,0.05,5000,3,selected,0.0499262146090164,0.0492159318267296,-0.0007102827822868044,-1.4226650024424867,0.0491809027580983
ml,kmeans_templates,metadata,high,0.05,5000,4,mean_trials,0.04937190043964738,0.04878997857066991,-0.0005819218689774655,-1.1786499279864904,0.0490068696983157
ml,kmeans_templates,metadata,high,0.05,5000,4,oracle,0.0497385649079321,0.0492693055570925,-0.00046925935083959314,-0.9434517294743211,0.0490068696983157
ml,kmeans_templates,metadata,high,0.05,5000,4,selected,0.0494311883781011,0.0489248991785511,-0.0005062891995500016,-1.0242302808449104,0.0490068696983157
ml,kmeans_templates,metadata,high,0.05,25000,0,mean_trials,0.049808505053071606,0.049325808060565315,-0.00048269699250629017,-0.9691055613734447,0.0492097793541848
ml,kmeans_templates,metadata,high,0.05,25000,0,oracle,0.0499330506578644,0.0495550548111384,-0.00037799584672600084,-0.7570053136067842,0.0492097793541848
ml,kmeans_templates,metadata,high,0.05,25000,0,selected,0.0499266618853126,0.0492935019756022,-0.0006331599097103985,-1.2681799379354484,0.0492097793541848
ml,kmeans_templates,metadata,high,0.05,25000,1,mean_trials,0.049814819070467906,0.04934141960912224,-0.0004733994613456624,-0.9503185401034837,0.0493404184265193
ml,kmeans_templates,metadata,high,0.05,25000,1,oracle,0.0499546668198579,0.0495299422969248,-0.0004247245229331009,-0.850219909312387,0.0493404184265193
ml,kmeans_templates,metadata,high,0.05,25000,1,selected,0.0499119721860448,0.0493536400685448,-0.0005583321175000044,-1.1186336525009364,0.0493404184265193
ml,kmeans_templates,metadata,high,0.05,25000,2,mean_trials,0.04968342814268516,0.048988945168800285,-0.0006944829738848718,-1.3978161327563703,0.0490257140623287
ml,kmeans_templates,metadata,high,0.05,25000,2,oracle,0.0499314253576223,0.0493476729491628,-0.0005837524084595022,-1.1691082405088788,0.0490257140623287
ml,kmeans_templates,metadata,high,0.05,25000,2,selected,0.0498144190274679,0.0490159872118971,-0.0007984318155708006,-1.6028126617928469,0.0490257140623287
ml,kmeans_templates,metadata,high,0.05,25000,3,mean_trials,0.049713146967512736,0.04932476969030114,-0.0003883772772115962,-0.7812365559263399,0.0491809027580983
ml,kmeans_templates,metadata,high,0.05,25000,3,oracle,0.0499501327290081,0.0497530617674714,-0.00019707096153669806,-0.39453541115867913,0.0491809027580983
ml,kmeans_templates,metadata,high,0.05,25000,3,selected,0.0497266579773477,0.0490869841112516,-0.0006396738660961049,-1.2863801673289597,0.0491809027580983
ml,kmeans_templates,metadata,high,0.05,25000,4,mean_trials,0.04962875582498382,0.04914311433039312,-0.00048564149459070366,-0.9785485985248593,0.0490068696983157
ml,kmeans_templates,metadata,high,0.05,25000,4,oracle,0.0499325344303949,0.0495285644927628,-0.000403969937632101,-0.8090315106981565,0.0490068696983157
ml,kmeans_templates,metadata,high,0.05,25000,4,selected,0.0495356177568691,0.0494419868998537,-9.363085701540041e-05,-0.18901723901972867,0.0490068696983157
ml,kmeans_templates,metadata,high,0.05,50000,0,mean_trials,0.049850699462234874,0.049230349764878764,-0.0006203496973561096,-1.2444152319789705,0.0492097793541848
ml,kmeans_templates,metadata,high,0.05,50000,0,oracle,0.0499428474906774,0.0494670447187517,-0.0004758027719257013,-0.9526945215018371,0.0492097793541848
ml,kmeans_templates,metadata,high,0.05,50000,0,selected,0.0498777391272453,0.0491857807283871,-0.0006919583988582029,-1.3873090700701514,0.0492097793541848
ml,kmeans_templates,metadata,high,0.05,50000,1,mean_trials,0.04988401095242713,0.049215468314696295,-0.0006685426377308346,-1.340194232513507,0.0493404184265193
ml,kmeans_templates,metadata,high,0.05,50000,1,oracle,0.0499644009868432,0.0496009459112236,-0.00036345507561960644,-0.7274280656648173,0.0493404184265193
ml,kmeans_templates,metadata,high,0.05,50000,1,selected,0.0499573104077166,0.0492043273645197,-0.0007529830431969031,-1.5072529666861216,0.0493404184265193
ml,kmeans_templates,metadata,high,0.05,50000,2,mean_trials,0.04986445122212323,0.04916058756093032,-0.000703863661192905,-1.4115540108072495,0.0490257140623287
ml,kmeans_templates,metadata,high,0.05,50000,2,oracle,0.0499585067939819,0.0494665936203027,-0.0004919131736791996,-0.9846434676435453,0.0490257140623287
ml,kmeans_templates,metadata,high,0.05,50000,2,selected,0.0499549586425197,0.0490479404395665,-0.0009070182029531984,-1.8156720125500818,0.0490257140623287
ml,kmeans_templates,metadata,high,0.05,50000,3,mean_trials,0.04978293355142427,0.04940015998956241,-0.00038277356186185857,-0.7688851069141296,0.0491809027580983
ml,kmeans_templates,metadata,high,0.05,50000,3,oracle,0.0499613287551237,0.0497059141160917,-0.0002554146390319964,-0.5112246719535112,0.0491809027580983
ml,kmeans_templates,metadata,high,0.05,50000,3,selected,0.0499465294827303,0.049399321356382,-0.0005472081263482934,-1.0955878857158596,0.0491809027580983
ml,kmeans_templates,metadata,high,0.05,50000,4,mean_trials,0.04985071572393659,0.04889111300925707,-0.0009596027146795208,-1.9249527328626754,0.0490068696983157
ml,kmeans_templates,metadata,high,0.05,50000,4,oracle,0.049952104371656,0.0493977562966575,-0.0005543480749985036,-1.109759202283085,0.0490068696983157
ml,kmeans_templates,metadata,high,0.05,50000,4,selected,0.0499446815096115,0.0492555555517501,-0.0006891259578613931,-1.3797784609533965,0.0490068696983157
ml,kmeans_templates,metadata,high,0.05,100000,0,mean_trials,0.04992041504405817,0.0492007395662616,-0.0007196754777965692,-1.4416456216588074,0.0492097793541848
ml,kmeans_templates,metadata,high,0.05,100000,0,oracle,0.0499523251170221,0.049513881813365,-0.00043844330365709616,-0.8777235146311322,0.0492097793541848
ml,kmeans_templates,metadata,high,0.05,100000,0,selected,0.0499458133257001,0.0493591213541601,-0.0005866919715399946,-1.1746569581601078,0.0492097793541848
ml,kmeans_templates,metadata,high,0.05,100000,1,mean_trials,0.04993832690562268,0.04921200590314195,-0.000726321002480726,-1.4544359963308016,0.0493404184265193
ml,kmeans_templates,metadata,high,0.05,100000,1,oracle,0.0499710607370485,0.0494214023785886,-0.0005496583584599021,-1.0999533537065502,0.0493404184265193
ml,kmeans_templates,metadata,high,0.05,100000,1,selected,0.0499704013015186,0.0493351234854156,-0.0006352778161030012,-1.2713082135758136,0.0493404184265193
ml,kmeans_templates,metadata,high,0.05,100000,2,mean_trials,0.04991501742255663,0.04910063560144101,-0.0008143818211156159,-1.6315366860867733,0.0490257140623287
ml,kmeans_templates,metadata,high,0.05,100000,2,oracle,0.0499564955529235,0.0494111566099179,-0.0005453389430056035,-1.0916276992005494,0.0490257140623287
ml,kmeans_templates,metadata,high,0.05,100000,2,selected,0.0499548272270941,0.0490210696724512,-0.0009337575546429014,-1.8692038517079634,0.0490257140623287
ml,kmeans_templates,metadata,high,0.05,100000,3,mean_trials,0.04992568740569788,0.049247475867369196,-0.0006782115383286852,-1.3584420637366783,0.0491809027580983
ml,kmeans_templates,metadata,high,0.05,100000,3,oracle,0.0499725643613231,0.0494959457118854,-0.0004766186494377031,-0.9537606395212093,0.0491809027580983
ml,kmeans_templates,metadata,high,0.05,100000,3,selected,0.0499686631532924,0.0491522480953843,-0.0008164150579081028,-1.6338541125335464,0.0491809027580983
ml,kmeans_templates,metadata,high,0.05,100000,4,mean_trials,0.04988001689720079,0.048762463552206155,-0.0011175533449946373,-2.240483092252828,0.0490068696983157
ml,kmeans_templates,metadata,high,0.05,100000,4,oracle,0.0499586469033958,0.0493394995667813,-0.0006191473366145006,-1.2393196673475475,0.0490068696983157
ml,kmeans_templates,metadata,high,0.05,100000,4,selected,0.0499488389132768,0.0491544243023584,-0.0007944146109183994,-1.5904566116095198,0.0490068696983157
ml,kmeans_templates,metadata,low,0.05,5000,0,mean_trials,0.04978329902103589,0.04940752793898338,-0.0003757710820525145,-0.7548135407694311,0.0495645657207356
ml,kmeans_templates,metadata,low,0.05,5000,0,oracle,0.0499445483412411,0.0496830912645483,-0.00026145707669280455,-0.5234947264042221,0.0495645657207356
ml,kmeans_templates,metadata,low,0.05,5000,0,selected,0.0498463079336006,0.0494850803238172,-0.0003612276097833961,-0.7246827794439281,0.0495645657207356
ml,kmeans_templates,metadata,low,0.05,5000,1,mean_trials,0.04978574316450117,0.049648972682470094,-0.0001367704820310761,-0.2747181689729156,0.0495587490547782
ml,kmeans_templates,metadata,low,0.05,5000,1,oracle,0.049955774888532,0.049775708298553,-0.0001800665899790027,-0.36045200055607457,0.0495587490547782
ml,kmeans_templates,metadata,low,0.05,5000,1,selected,0.0499038896430126,0.0497418549947019,-0.00016203464831070213,-0.3246934246404774,0.0495587490547782
ml,kmeans_templates,metadata,low,0.05,5000,2,mean_trials,0.04978898590744271,0.04954113492147167,-0.00024785098597104177,-0.49780284023417265,0.0495645025806952
ml,kmeans_templates,metadata,low,0.05,5000,2,oracle,0.0499514186584092,0.0498429926545874,-0.00010842600382179879,-0.21706291179288767,0.0495645025806952
ml,kmeans_templates,metadata,low,0.05,5000,2,selected,0.0499277675558214,0.0496674168444333,-0.0002603507113881007,-0.5214547417867569,0.0495645025806952
ml,kmeans_templates,metadata,low,0.05,5000,3,mean_trials,0.049840402320566635,0.04961732785694823,-0.00022307446361840427,-0.4475775740806021,0.0495665836309931
ml,kmeans_templates,metadata,low,0.05,5000,3,oracle,0.0499640227327959,0.0497222191519754,-0.00024180358082049463,-0.48395538948823896,0.0495665836309931
ml,kmeans_templates,metadata,low,0.05,5000,3,selected,0.0499668836788042,0.0495933275928544,-0.00037355608594979994,-0.7476073319902904,0.0495665836309931
ml,kmeans_templates,metadata,low,0.05,5000,4,mean_trials,0.049772805398435746,0.049491242123391975,-0.00028156327504377104,-0.5656970162518105,0.0495649042895053
ml,kmeans_templates,metadata,low,0.05,5000,4,oracle,0.0499444009517332,0.0496529645190269,-0.00029143643270630043,-0.5835217304697431,0.0495649042895053
ml,kmeans_templates,metadata,low,0.05,5000,4,selected,0.0498067480998669,0.0491987644348653,-0.0006079836650015949,-1.2206853251742802,0.0495649042895053
ml,kmeans_templates,metadata,low,0.05,25000,0,mean_trials,0.04988681426912497,0.04950169615747801,-0.0003851181116469593,-0.7719837742481575,0.0495645657207356
ml,kmeans_templates,metadata,low,0.05,25000,0,oracle,0.0499724083887308,0.0496548772090912,-0.0003175311796395977,-0.6354130006493817,0.0495645657207356
ml,kmeans_templates,metadata,low,0.05,25000,0,selected,0.0499016467226183,0.0495590355240883,-0.0003426111985299976,-0.6865729310185399,0.0495645657207356
ml,kmeans_templates,metadata,low,0.05,25000,1,mean_trials,0.04987522325045324,0.04952292326818736,-0.0003522999822658801,-0.7063627174093473,0.0495587490547782
ml,kmeans_templates,metadata,low,0.05,25000,1,oracle,0.0499651563675212,0.0496805896226438,-0.00028456674487739586,-0.5695303798996464,0.0495587490547782
ml,kmeans_templates,metadata,low,0.05,25000,1,selected,0.049910976095606,0.0484888551618366,-0.001422120933769401,-2.84931501048043,0.0495587490547782
ml,kmeans_templates,metadata,low,0.05,25000,2,mean_trials,0.049855796364646425,0.04926505987527528,-0.0005907364893711423,-1.1848902884841759,0.0495645025806952
ml,kmeans_templates,metadata,low,0.05,25000,2,oracle,0.0499778527372681,0.0496388658847166,-0.00033898685255149413,-0.6782741434161581,0.0495645025806952
ml,kmeans_templates,metadata,low,0.05,25000,2,selected,0.0498414869912456,0.0495524488021027,-0.0002890381891428942,-0.5799148592690709,0.0495645025806952
ml,kmeans_templates,metadata,low,0.05,25000,3,mean_trials,0.04985635092536762,0.04958193476476983,-0.0002744161605977846,-0.5504136494236641,0.0495665836309931
ml,kmeans_templates,metadata,low,0.05,25000,3,oracle,0.0499776149271949,0.0497451091373397,-0.00023250578985520298,-0.4652198593188306,0.0495665836309931
ml,kmeans_templates,metadata,low,0.05,25000,3,selected,0.0499018027835191,0.0496380774451797,-0.00026372533833939754,-0.5284885988658053,0.0495665836309931
ml,kmeans_templates,metadata,low,0.05,25000,4,mean_trials,0.049860461839669315,0.049492845705254626,-0.0003676161344146889,-0.7372898702719417,0.0495649042895053
ml,kmeans_templates,metadata,low,0.05,25000,4,oracle,0.049972188055268,0.0496261108841618,-0.00034607717110619884,-0.6925395596515528,0.0495649042895053
ml,kmeans_templates,metadata,low,0.05,25000,4,selected,0.0498876015570415,0.0495342489026045,-0.00035335265443699887,-0.7082975396862391,0.0495649042895053
ml,kmeans_templates,metadata,low,0.05,50000,0,mean_trials,0.04990734255669658,0.04953773784033324,-0.00036960471636333925,-0.7405818411257916,0.0495645657207356
ml,kmeans_templates,metadata,low,0.05,50000,0,oracle,0.0499719153744006,0.0497024299779704,-0.00026948539643020103,-0.5392736988589633,0.0495645657207356
ml,kmeans_templates,metadata,low,0.05,50000,0,selected,0.0499467271885101,0.0495642629220232,-0.000382464266486901,-0.7657444001153378,0.0495645657207356
ml,kmeans_templates,metadata,low,0.05,50000,1,mean_trials,0.0499242665530665,0.049556813301818915,-0.000367453251247582,-0.7360213311436459,0.0495587490547782
ml,kmeans_templates,metadata,low,0.05,50000,1,oracle,0.0499754042834994,0.049623490695995,-0.0003519135875044016,-0.7041735680777563,0.0495587490547782
ml,kmeans_templates,metadata,low,0.05,50000,1,selected,0.0499714930658786,0.0495967322218444,-0.00037476084403419846,-0.7499492631531789,0.0495587490547782
ml,kmeans_templates,metadata,low,0.05,50000,2,mean_trials,0.04993605028473578,0.04962822193016003,-0.0003078283545757468,-0.6164451389737613,0.0495645025806952
ml,kmeans_templates,metadata,low,0.05,50000,2,oracle,0.0499774595286126,0.0498027999494841,-0.00017465957912850272,-0.34947670565069106,0.0495645025806952
ml,kmeans_templates,metadata,low,0.05,50000,2,selected,0.0499741730682627,0.0496166399678844,-0.0003575331003782961,-0.715435750962643,0.0495645025806952
ml,kmeans_templates,metadata,low,0.05,50000,3,mean_trials,0.049926599399353754,0.049629720314523965,-0.0002968790848297889,-0.5946310952506645,0.0495665836309931
ml,kmeans_templates,metadata,low,0.05,50000,3,oracle,0.0499755975664193,0.0497750114606127,-0.00020058610580659525,-0.4013680987806286,0.0495665836309931
ml,kmeans_templates,metadata,low,0.05,50000,3,selected,0.0499715682793679,0.0495661502776345,-0.0004054180017333958,-0.811297335050386,0.0495665836309931
ml,kmeans_templates,metadata,low,0.05,50000,4,mean_trials,0.04994933412311363,0.04958062458853073,-0.00036870953458290057,-0.7381670668003627,0.0495649042895053
ml,kmeans_templates,metadata,low,0.05,50000,4,oracle,0.049976428568107,0.049717281742005,-0.00025914682610200107,-0.518538105916953,0.0495649042895053
ml,kmeans_templates,metadata,low,0.05,50000,4,selected,0.0499765225942901,0.0495582500598074,-0.00041827253448269847,-0.8369380516492494,0.0495649042895053
ml,kmeans_templates,metadata,low,0.05,100000,0,mean_trials,0.04996686096874536,0.04945818244525875,-0.0005086785234866067,-1.0180317787118724,0.0495645657207356
ml,kmeans_templates,metadata,low,0.05,100000,0,oracle,0.0499836192984038,0.0497308150176076,-0.0002528042807962011,-0.5057742603370746,0.0495645657207356
ml,kmeans_templates,metadata,low,0.05,100000,0,selected,0.0499829494087909,0.0494801663640605,-0.0005027830447303996,-1.0059091163635316,0.0495645657207356
ml,kmeans_templates,metadata,low,0.05,100000,1,mean_trials,0.049952058489049087,0.049583512370597896,-0.0003685461184511907,-0.7377996615134219,0.0495587490547782
ml,kmeans_templates,metadata,low,0.05,100000,1,oracle,0.0499812514880539,0.0496981240023,-0.00028312748575390345,-0.5664673799165958,0.0495587490547782
ml,kmeans_templates,metadata,low,0.05,100000,1,selected,0.0499292911656695,0.0495580226959739,-0.00037126846969560284,-0.7435885049192937,0.0495587490547782
ml,kmeans_templates,metadata,low,0.05,100000,2,mean_trials,0.04996070914339,0.04944151556119389,-0.0005191935821961119,-1.0392037885331002,0.0495645025806952
ml,kmeans_templates,metadata,low,0.05,100000,2,oracle,0.0499827916431222,0.0496670482016864,-0.0003157434414357979,-0.631704294730495,0.0495645025806952
ml,kmeans_templates,metadata,low,0.05,100000,2,selected,0.049981857825539,0.0495034685998058,-0.00047838922573320564,-0.9571257383089214,0.0495645025806952
ml,kmeans_templates,metadata,low,0.05,100000,3,mean_trials,0.04996252400783534,0.04951021168806785,-0.00045231231976748665,-0.9053031822342544,0.0495665836309931
ml,kmeans_templates,metadata,low,0.05,100000,3,oracle,0.0499796755567871,0.0496624183368883,-0.00031725721989879496,-0.6347724677370626,0.0495665836309931
ml,kmeans_templates,metadata,low,0.05,100000,3,selected,0.0499768838506608,0.049220995097557,-0.0007558887531037978,-1.5124767589802488,0.0495665836309931
ml,kmeans_templates,metadata,low,0.05,100000,4,mean_trials,0.049961807787780546,0.049579485005826596,-0.0003823227819539504,-0.7652300805005245,0.0495649042895053
ml,kmeans_templates,metadata,low,0.05,100000,4,oracle,0.0499825045107637,0.0497790669853476,-0.00020343752541610027,-0.4070174702275876,0.0495649042895053
ml,kmeans_templates,metadata,low,0.05,100000,4,selected,0.0499786762282,0.0495711030247587,-0.0004075732034412999,-0.8154941951250212,0.0495649042895053
ml,kmeans_templates,metadata,medium,0.05,5000,0,mean_trials,0.04972608353748749,0.049360739181612545,-0.0003653443558749442,-0.7347137153874554,0.0494065197820925
ml,kmeans_templates,metadata,medium,0.05,5000,0,oracle,0.0499165962627038,0.049633330579276,-0.0002832656834277983,-0.5674779625137342,0.0494065197820925
ml,kmeans_templates,metadata,medium,0.05,5000,0,selected,0.0498916007586494,0.0494342698963108,-0.00045733086233860215,-0.9166490058135036,0.0494065197820925
ml,kmeans_templates,metadata,medium,0.05,5000,1,mean_trials,0.04976990725854165,0.049476585860508696,-0.000293321398032953,-0.5893549218591568,0.0494612371841995
ml,kmeans_templates,metadata,medium,0.05,5000,1,oracle,0.0499348000398937,0.0496434835802832,-0.00029131645961050223,-0.5833936640935078,0.0494612371841995
ml,kmeans_templates,metadata,medium,0.05,5000,1,selected,0.04991124149964,0.0492672644762276,-0.0006439770234124009,-1.2902444500745305,0.0494612371841995
ml,kmeans_templates,metadata,medium,0.05,5000,2,mean_trials,0.0496821503801563,0.04937460717198582,-0.0003075432081704743,-0.6190215315102607,0.0493515662465463
ml,kmeans_templates,metadata,medium,0.05,5000,2,oracle,0.049926046447638,0.0496443778924838,-0.0002816685551541992,-0.564171560128661,0.0493515662465463
ml,kmeans_templates,metadata,medium,0.05,5000,2,selected,0.0498833394583776,0.0494949188767105,-0.00038842058166709686,-0.7786579364663286,0.0493515662465463
ml,kmeans_templates,metadata,medium,0.05,5000,3,mean_trials,0.049732948783592204,0.049529894645188505,-0.00020305413840369935,-0.4082889580653431,0.0494196814887133
ml,kmeans_templates,metadata,medium,0.05,5000,3,oracle,0.0499221741709257,0.0497658381260815,-0.00015633604484419777,-0.313159527685889,0.0494196814887133
ml,kmeans_templates,metadata,medium,0.05,5000,3,selected,0.0499184787540033,0.0496674580198417,-0.0002510207341615972,-0.5028613459929729,0.0494196814887133
ml,kmeans_templates,metadata,medium,0.05,5000,4,mean_trials,0.04958571455414271,0.04929205266634263,-0.0002936618878000771,-0.5922308278514921,0.0493398046090751
ml,kmeans_templates,metadata,medium,0.05,5000,4,oracle,0.0498589785637792,0.0495016520240017,-0.0003573265397775055,-0.7166744086432021,0.0493398046090751
ml,kmeans_templates,metadata,medium,0.05,5000,4,selected,0.0497830958444479,0.0492687545410749,-0.0005143413033730018,-1.033164560476735,0.0493398046090751
ml,kmeans_templates,metadata,medium,0.05,25000,0,mean_trials,0.04984521979635111,0.049520193437454105,-0.00032502635889700843,-0.6520712722803597,0.0494065197820925
ml,kmeans_templates,metadata,medium,0.05,25000,0,oracle,0.0499706202823679,0.049719249096749,-0.0002513711856189024,-0.5030379534984452,0.0494065197820925
ml,kmeans_templates,metadata,medium,0.05,25000,0,selected,0.0499666580904402,0.0495112506118305,-0.00045540747860969844,-0.9114227287032203,0.0494065197820925
ml,kmeans_templates,metadata,medium,0.05,25000,1,mean_trials,0.049875119476972735,0.04941433785588561,-0.00046078162108712656,-0.923870711327055,0.0494612371841995
ml,kmeans_templates,metadata,medium,0.05,25000,1,oracle,0.049962012330714,0.0495772459016609,-0.00038476642905310027,-0.7701179578320673,0.0494612371841995
ml,kmeans_templates,metadata,medium,0.05,25000,1,selected,0.0499508007772315,0.0495241466215798,-0.0004266541556516984,-0.8541487804259091,0.0494612371841995
ml,kmeans_templates,metadata,medium,0.05,25000,2,mean_trials,0.049807940380451395,0.04925096980677266,-0.0005569705736787334,-1.1182365089268638,0.0493515662465463
ml,kmeans_templates,metadata,medium,0.05,25000,2,oracle,0.0499659530718119,0.0494031264911986,-0.0005628265806132959,-1.1264201841689925,0.0493515662465463
ml,kmeans_templates,metadata,medium,0.05,25000,2,selected,0.0498134662066463,0.0492790596141788,-0.0005344065924674998,-1.0728155118749743,0.0493515662465463
ml,kmeans_templates,metadata,medium,0.05,25000,3,mean_trials,0.04976542011158233,0.04946877081600297,-0.0002966492955793626,-0.5960952302105069,0.0494196814887133
ml,kmeans_templates,metadata,medium,0.05,25000,3,oracle,0.0499680121523282,0.0496766473052304,-0.000291364847097797,-0.5831027382269423,0.0494196814887133
ml,kmeans_templates,metadata,medium,0.05,25000,3,selected,0.0497595521391629,0.0494237577940931,-0.0003357943450697995,-0.6748339376742801,0.0494196814887133
ml,kmeans_templates,metadata,medium,0.05,25000,4,mean_trials,0.049801865112581875,0.04933535535204441,-0.00046650976053746324,-0.9367315049002147,0.0493398046090751
ml,kmeans_templates,metadata,medium,0.05,25000,4,oracle,0.0499517418910691,0.0495134040174126,-0.0004383378736564983,-0.877522699032982,0.0493398046090751
ml,kmeans_templates,metadata,medium,0.05,25000,4,selected,0.0498546071780295,0.0493188653578503,-0.0005357418201792016,-1.0746084474521713,0.0493398046090751
ml,kmeans_templates,metadata,medium,0.05,50000,0,mean_trials,0.04988246564228696,0.04948287028238317,-0.0003995953599037899,-0.8010737936840078,0.0494065197820925
ml,kmeans_templates,metadata,medium,0.05,50000,0,oracle,0.0499665715460404,0.0498303374000253,-0.00013623414601510175,-0.2726505777759283,0.0494065197820925
ml,kmeans_templates,metadata,medium,0.05,50000,0,selected,0.049952443408306,0.0494629773913329,-0.0004894660169730974,-0.979864013802596,0.0494065197820925
ml,kmeans_templates,metadata,medium,0.05,50000,1,mean_trials,0.04991154475660624,0.04942353056961208,-0.00048801418699415816,-0.977758130656866,0.0494612371841995
ml,kmeans_templates,metadata,medium,0.05,50000,1,oracle,0.0499759931848582,0.0496282910328078,-0.0003477021520503984,-0.6957383533415114,0.0494612371841995
ml,kmeans_templates,metadata,medium,0.05,50000,1,selected,0.0499719711944137,0.0493562757876579,-0.0006156954067557951,-1.2320814889620022,0.0494612371841995
ml,kmeans_templates,metadata,medium,0.05,50000,2,mean_trials,0.049924291759512004,0.04940891133272187,-0.0005153804267901338,-1.032323962196097,0.0493515662465463
ml,kmeans_templates,metadata,medium,0.05,50000,2,oracle,0.0499718589846549,0.0497460774768146,-0.00022578150784029888,-0.45181730763634526,0.0493515662465463
ml,kmeans_templates,metadata,medium,0.05,50000,2,selected,0.0499675449340519,0.0494414397276227,-0.0005261052064291991,-1.0528938476436305,0.0493515662465463
ml,kmeans_templates,metadata,medium,0.05,50000,3,mean_trials,0.049897870110739165,0.049446607809358376,-0.00045126230138078927,-0.904371870741768,0.0494196814887133
ml,kmeans_templates,metadata,medium,0.05,50000,3,oracle,0.0499707162649839,0.0495687491080938,-0.0004019671568901012,-0.8044054336915171,0.0494196814887133
ml,kmeans_templates,metadata,medium,0.05,50000,3,selected,0.0498747492427097,0.0494882071110518,-0.00038654213165790346,-0.7750257144689408,0.0494196814887133
ml,kmeans_templates,metadata,medium,0.05,50000,4,mean_trials,0.049895728998760734,0.0493255718827469,-0.0005701571160138322,-1.1426972357253127,0.0493398046090751
ml,kmeans_templates,metadata,medium,0.05,50000,4,oracle,0.0499708522178732,0.0495382902947506,-0.0004325619231226041,-0.8656284692456948,0.0493398046090751
ml,kmeans_templates,metadata,medium,0.05,50000,4,selected,0.0499633406669222,0.0495638749152423,-0.0003994657516799005,-0.7995176990724389,0.0493398046090751
ml,kmeans_templates,metadata,medium,0.05,100000,0,mean_trials,0.04995517617675002,0.0493979853951341,-0.0005571907816159238,-1.115381476475004,0.0494065197820925
ml,kmeans_templates,metadata,medium,0.05,100000,0,oracle,0.0499791520331442,0.0495936548597302,-0.0003854971734140039,-0.7713159542169851,0.0494065197820925
ml,kmeans_templates,metadata,medium,0.05,100000,0,selected,0.0499730974224258,0.0493883644711444,-0.0005847329512813984,-1.1700954742481005,0.0494065197820925
ml,kmeans_templates,metadata,medium,0.05,100000,1,mean_trials,0.04993453503027133,0.04947889725692382,-0.0004556377733475059,-0.912470243432304,0.0494612371841995
ml,kmeans_templates,metadata,medium,0.05,100000,1,oracle,0.0499791088531009,0.0496425918209036,-0.0003365170321972949,-0.6733153910094499,0.0494612371841995
ml,kmeans_templates,metadata,medium,0.05,100000,1,selected,0.0499536581368309,0.0494615253529281,-0.0004921327839027961,-0.9851786681062823,0.0494612371841995
ml,kmeans_templates,metadata,medium,0.05,100000,2,mean_trials,0.049951496198067116,0.049273800164558096,-0.0006776960335090204,-1.3567081771121081,0.0493515662465463
ml,kmeans_templates,metadata,medium,0.05,100000,2,oracle,0.0499786778502992,0.049462616729065,-0.0005160611212342014,-1.0325625715429205,0.0493515662465463
ml,kmeans_templates,metadata,medium,0.05,100000,2,selected,0.0499746429179439,0.0494658889409335,-0.0005087539770104038,-1.0180242365028096,0.0493515662465463
ml,kmeans_templates,metadata,medium,0.05,100000,3,mean_trials,0.04993833778827139,0.04934687510523607,-0.0005914626830353237,-1.1843860032807012,0.0494196814887133
ml,kmeans_templates,metadata,medium,0.05,100000,3,oracle,0.0499760818551986,0.0496407307381302,-0.0003353511170684012,-0.671023226750853,0.0494196814887133
ml,kmeans_templates,metadata,medium,0.05,100000,3,selected,0.0499681026526501,0.0492793988660366,-0.0006887037866135023,-1.378286847113208,0.0494196814887133
ml,kmeans_templates,metadata,medium,0.05,100000,4,mean_trials,0.04994759644500762,0.04943119622945307,-0.0005164002155545466,-1.0338840150658783,0.0493398046090751
ml,kmeans_templates,metadata,medium,0.05,100000,4,oracle,0.0499707129153993,0.0497852169334192,-0.00018549598198009526,-0.37120939678035214,0.0493398046090751
ml,kmeans_templates,metadata,medium,0.05,100000,4,selected,0.0499602799373273,0.0495919347528241,-0.00036834518450320347,-0.7372760620342286,0.0493398046090751
