dataset,noise_mode,noise_axis,noise_level,ctr,train_size,seed,method,reward,initial_reward,metric
ml,kmeans_templates,action,brutal,0.05,5000,0,no_propensity,0.0463707952422984,0.0466157293267131,selected
ml,kmeans_templates,action,brutal,0.05,5000,0,opc,0.0466775048685765,0.0466157293267131,selected
ml,kmeans_templates,action,brutal,0.05,5000,1,no_propensity,0.0471552284035294,0.0472428440534382,selected
ml,kmeans_templates,action,brutal,0.05,5000,1,opc,0.0472780714096879,0.0472428440534382,selected
ml,kmeans_templates,action,brutal,0.05,5000,2,no_propensity,0.0466471926002217,0.0469590268046477,selected
ml,kmeans_templates,action,brutal,0.05,5000,2,opc,0.0476028700045713,0.0469590268046477,selected
ml,kmeans_templates,action,brutal,0.05,5000,3,no_propensity,0.0469015397565872,0.046602650168757,selected
ml,kmeans_templates,action,brutal,0.05,5000,3,opc,0.0467613711234132,0.046602650168757,selected
ml,kmeans_templates,action,brutal,0.05,5000,4,no_propensity,0.0470625544617034,0.0467027704858169,selected
ml,kmeans_templates,action,brutal,0.05,5000,4,opc,0.0469731904584659,0.0467027704858169,selected
ml,kmeans_templates,action,brutal,0.05,25000,0,no_propensity,0.04794637536975,0.0466157293267131,selected
ml,kmeans_templates,action,brutal,0.05,25000,0,opc,0.0462048623012678,0.0466157293267131,selected
ml,kmeans_templates,action,brutal,0.05,25000,1,no_propensity,0.0478525133636322,0.0472428440534382,selected
ml,kmeans_templates,action,brutal,0.05,25000,1,opc,0.0472573520995273,0.0472428440534382,selected
ml,kmeans_templates,action,brutal,0.05,25000,2,no_propensity,0.0477926036917944,0.0469590268046477,selected
ml,kmeans_templates,action,brutal,0.05,25000,2,opc,0.0469945118945466,0.0469590268046477,selected
ml,kmeans_templates,action,brutal,0.05,25000,3,no_propensity,0.0466883618561284,0.046602650168757,selected
ml,kmeans_templates,action,brutal,0.05,25000,3,opc,0.0468841307980894,0.046602650168757,selected
ml,kmeans_templates,action,brutal,0.05,25000,4,no_propensity,0.0475974567435164,0.0467027704858169,selected
ml,kmeans_templates,action,brutal,0.05,25000,4,opc,0.0466730771384745,0.0467027704858169,selected
ml,kmeans_templates,action,brutal,0.05,50000,0,no_propensity,0.04800493035647,0.0466157293267131,selected
ml,kmeans_templates,action,brutal,0.05,50000,0,opc,0.0470674744772907,0.0466157293267131,selected
ml,kmeans_templates,action,brutal,0.05,50000,1,no_propensity,0.0481269953902792,0.0472428440534382,selected
ml,kmeans_templates,action,brutal,0.05,50000,1,opc,0.0472410603243117,0.0472428440534382,selected
ml,kmeans_templates,action,brutal,0.05,50000,2,no_propensity,0.0482354168926839,0.0469590268046477,selected
ml,kmeans_templates,action,brutal,0.05,50000,2,opc,0.0469265757325951,0.0469590268046477,selected
ml,kmeans_templates,action,brutal,0.05,50000,3,no_propensity,0.0479363819046791,0.046602650168757,selected
ml,kmeans_templates,action,brutal,0.05,50000,3,opc,0.0468585757341236,0.046602650168757,selected
ml,kmeans_templates,action,brutal,0.05,50000,4,no_propensity,0.047865542401349,0.0467027704858169,selected
ml,kmeans_templates,action,brutal,0.05,50000,4,opc,0.046650952669841,0.0467027704858169,selected
ml,kmeans_templates,action,brutal,0.05,100000,0,no_propensity,0.0478943503813754,0.0466157293267131,selected
ml,kmeans_templates,action,brutal,0.05,100000,0,opc,0.046812224320942,0.0466157293267131,selected
ml,kmeans_templates,action,brutal,0.05,100000,1,no_propensity,0.0483022392586774,0.0472428440534382,selected
ml,kmeans_templates,action,brutal,0.05,100000,1,opc,0.0472862573025648,0.0472428440534382,selected
ml,kmeans_templates,action,brutal,0.05,100000,2,no_propensity,0.0481982167725209,0.0469590268046477,selected
ml,kmeans_templates,action,brutal,0.05,100000,2,opc,0.0474661642089234,0.0469590268046477,selected
ml,kmeans_templates,action,brutal,0.05,100000,3,no_propensity,0.0478845482805473,0.046602650168757,selected
ml,kmeans_templates,action,brutal,0.05,100000,3,opc,0.0466903280211652,0.046602650168757,selected
ml,kmeans_templates,action,brutal,0.05,100000,4,no_propensity,0.0479964170832492,0.0467027704858169,selected
ml,kmeans_templates,action,brutal,0.05,100000,4,opc,0.0467505653173797,0.0467027704858169,selected
ml,kmeans_templates,action,extreme,0.05,5000,0,no_propensity,0.0476746457284528,0.047214446646648,selected
ml,kmeans_templates,action,extreme,0.05,5000,0,opc,0.0471837106795001,0.047214446646648,selected
ml,kmeans_templates,action,extreme,0.05,5000,1,no_propensity,0.0477287575421842,0.0475615721433665,selected
ml,kmeans_templates,action,extreme,0.05,5000,1,opc,0.0475571422040488,0.0475615721433665,selected
ml,kmeans_templates,action,extreme,0.05,5000,2,no_propensity,0.0477999416226149,0.0474672099741214,selected
ml,kmeans_templates,action,extreme,0.05,5000,2,opc,0.047495573526288,0.0474672099741214,selected
ml,kmeans_templates,action,extreme,0.05,5000,3,no_propensity,0.0480834390453768,0.0470871931671049,selected
ml,kmeans_templates,action,extreme,0.05,5000,3,opc,0.0468263372673214,0.0470871931671049,selected
ml,kmeans_templates,action,extreme,0.05,5000,4,no_propensity,0.0476562024615997,0.0473316286445249,selected
ml,kmeans_templates,action,extreme,0.05,5000,4,opc,0.0472658323032365,0.0473316286445249,selected
ml,kmeans_templates,action,extreme,0.05,25000,0,no_propensity,0.0482277487583467,0.047214446646648,selected
ml,kmeans_templates,action,extreme,0.05,25000,0,opc,0.047604466684391,0.047214446646648,selected
ml,kmeans_templates,action,extreme,0.05,25000,1,no_propensity,0.0486873514893653,0.0475615721433665,selected
ml,kmeans_templates,action,extreme,0.05,25000,1,opc,0.0474386102100634,0.0475615721433665,selected
ml,kmeans_templates,action,extreme,0.05,25000,2,no_propensity,0.0477470638655045,0.0474672099741214,selected
ml,kmeans_templates,action,extreme,0.05,25000,2,opc,0.0473423748609416,0.0474672099741214,selected
ml,kmeans_templates,action,extreme,0.05,25000,3,no_propensity,0.0485127422487344,0.0470871931671049,selected
ml,kmeans_templates,action,extreme,0.05,25000,3,opc,0.0470081857857004,0.0470871931671049,selected
ml,kmeans_templates,action,extreme,0.05,25000,4,no_propensity,0.0482762905843457,0.0473316286445249,selected
ml,kmeans_templates,action,extreme,0.05,25000,4,opc,0.0469730069280471,0.0473316286445249,selected
ml,kmeans_templates,action,extreme,0.05,50000,0,no_propensity,0.0489455942357318,0.047214446646648,selected
ml,kmeans_templates,action,extreme,0.05,50000,0,opc,0.0467432283466075,0.047214446646648,selected
ml,kmeans_templates,action,extreme,0.05,50000,1,no_propensity,0.0491184054583416,0.0475615721433665,selected
ml,kmeans_templates,action,extreme,0.05,50000,1,opc,0.0475939648689373,0.0475615721433665,selected
ml,kmeans_templates,action,extreme,0.05,50000,2,no_propensity,0.0492813094387136,0.0474672099741214,selected
ml,kmeans_templates,action,extreme,0.05,50000,2,opc,0.0475620803947396,0.0474672099741214,selected
ml,kmeans_templates,action,extreme,0.05,50000,3,no_propensity,0.048357883550231,0.0470871931671049,selected
ml,kmeans_templates,action,extreme,0.05,50000,3,opc,0.0475959028832181,0.0470871931671049,selected
ml,kmeans_templates,action,extreme,0.05,50000,4,no_propensity,0.0489663281289614,0.0473316286445249,selected
ml,kmeans_templates,action,extreme,0.05,50000,4,opc,0.0471044812156737,0.0473316286445249,selected
ml,kmeans_templates,action,extreme,0.05,100000,0,no_propensity,0.0489006249624228,0.047214446646648,selected
ml,kmeans_templates,action,extreme,0.05,100000,0,opc,0.0473521053414755,0.047214446646648,selected
ml,kmeans_templates,action,extreme,0.05,100000,1,no_propensity,0.0490467493714117,0.0475615721433665,selected
ml,kmeans_templates,action,extreme,0.05,100000,1,opc,0.0478080906503688,0.0475615721433665,selected
ml,kmeans_templates,action,extreme,0.05,100000,2,no_propensity,0.0492986598905107,0.0474672099741214,selected
ml,kmeans_templates,action,extreme,0.05,100000,2,opc,0.0466427107515357,0.0474672099741214,selected
ml,kmeans_templates,action,extreme,0.05,100000,3,no_propensity,0.048899754983919,0.0470871931671049,selected
ml,kmeans_templates,action,extreme,0.05,100000,3,opc,0.0472676262688435,0.0470871931671049,selected
ml,kmeans_templates,action,extreme,0.05,100000,4,no_propensity,0.0491407014150767,0.0473316286445249,selected
ml,kmeans_templates,action,extreme,0.05,100000,4,opc,0.0480407765158817,0.0473316286445249,selected
ml,kmeans_templates,action,high,0.05,5000,0,no_propensity,0.048941543093604,0.0482957077058575,selected
ml,kmeans_templates,action,high,0.05,5000,0,opc,0.0478166866700018,0.0482957077058575,selected
ml,kmeans_templates,action,high,0.05,5000,1,no_propensity,0.0489957381113899,0.048376614634751,selected
ml,kmeans_templates,action,high,0.05,5000,1,opc,0.0480620803157933,0.048376614634751,selected
ml,kmeans_templates,action,high,0.05,5000,2,no_propensity,0.0489314170430669,0.0484063424369392,selected
ml,kmeans_templates,action,high,0.05,5000,2,opc,0.0488131245953114,0.0484063424369392,selected
ml,kmeans_templates,action,high,0.05,5000,3,no_propensity,0.0483613237703755,0.0481926027612877,selected
ml,kmeans_templates,action,high,0.05,5000,3,opc,0.0482842063500169,0.0481926027612877,selected
ml,kmeans_templates,action,high,0.05,5000,4,no_propensity,0.0491361934367782,0.04838807517565,selected
ml,kmeans_templates,action,high,0.05,5000,4,opc,0.0484270767911564,0.04838807517565,selected
ml,kmeans_templates,action,high,0.05,25000,0,no_propensity,0.0493982483493064,0.0482957077058575,selected
ml,kmeans_templates,action,high,0.05,25000,0,opc,0.0482203758166635,0.0482957077058575,selected
ml,kmeans_templates,action,high,0.05,25000,1,no_propensity,0.0492603216359863,0.048376614634751,selected
ml,kmeans_templates,action,high,0.05,25000,1,opc,0.0484776273682777,0.048376614634751,selected
ml,kmeans_templates,action,high,0.05,25000,2,no_propensity,0.049667680332543,0.0484063424369392,selected
ml,kmeans_templates,action,high,0.05,25000,2,opc,0.0484093959338356,0.0484063424369392,selected
ml,kmeans_templates,action,high,0.05,25000,3,no_propensity,0.048710290001289,0.0481926027612877,selected
ml,kmeans_templates,action,high,0.05,25000,3,opc,0.0481768133114045,0.0481926027612877,selected
ml,kmeans_templates,action,high,0.05,25000,4,no_propensity,0.0496982759289947,0.04838807517565,selected
ml,kmeans_templates,action,high,0.05,25000,4,opc,0.0476806193205197,0.04838807517565,selected
ml,kmeans_templates,action,high,0.05,50000,0,no_propensity,0.049319529949705,0.0482957077058575,selected
ml,kmeans_templates,action,high,0.05,50000,0,opc,0.0485450586265453,0.0482957077058575,selected
ml,kmeans_templates,action,high,0.05,50000,1,no_propensity,0.0492217117035173,0.048376614634751,selected
ml,kmeans_templates,action,high,0.05,50000,1,opc,0.0488614110479268,0.048376614634751,selected
ml,kmeans_templates,action,high,0.05,50000,2,no_propensity,0.0498333234643544,0.0484063424369392,selected
ml,kmeans_templates,action,high,0.05,50000,2,opc,0.0484241932804791,0.0484063424369392,selected
ml,kmeans_templates,action,high,0.05,50000,3,no_propensity,0.0497801189573697,0.0481926027612877,selected
ml,kmeans_templates,action,high,0.05,50000,3,opc,0.0482026737525496,0.0481926027612877,selected
ml,kmeans_templates,action,high,0.05,50000,4,no_propensity,0.0497251946989309,0.04838807517565,selected
ml,kmeans_templates,action,high,0.05,50000,4,opc,0.0485794991144399,0.04838807517565,selected
ml,kmeans_templates,action,high,0.05,100000,0,no_propensity,0.0498748842779009,0.0482957077058575,selected
ml,kmeans_templates,action,high,0.05,100000,0,opc,0.0484723858029974,0.0482957077058575,selected
ml,kmeans_templates,action,high,0.05,100000,1,no_propensity,0.0498536399414113,0.048376614634751,selected
ml,kmeans_templates,action,high,0.05,100000,1,opc,0.0483727506750217,0.048376614634751,selected
ml,kmeans_templates,action,high,0.05,100000,2,no_propensity,0.0498326514374391,0.0484063424369392,selected
ml,kmeans_templates,action,high,0.05,100000,2,opc,0.0484329933687681,0.0484063424369392,selected
ml,kmeans_templates,action,high,0.05,100000,3,no_propensity,0.0497327749731769,0.0481926027612877,selected
ml,kmeans_templates,action,high,0.05,100000,3,opc,0.0483308840100982,0.0481926027612877,selected
ml,kmeans_templates,action,high,0.05,100000,4,no_propensity,0.049482466521759,0.04838807517565,selected
ml,kmeans_templates,action,high,0.05,100000,4,opc,0.0483955813290269,0.04838807517565,selected
ml,kmeans_templates,action,low,0.05,5000,0,no_propensity,0.0498267888726773,0.0494143220917449,selected
ml,kmeans_templates,action,low,0.05,5000,0,opc,0.0494048655803797,0.0494143220917449,selected
ml,kmeans_templates,action,low,0.05,5000,1,no_propensity,0.0498101944778501,0.0494137412479531,selected
ml,kmeans_templates,action,low,0.05,5000,1,opc,0.0492771501156165,0.0494137412479531,selected
ml,kmeans_templates,action,low,0.05,5000,2,no_propensity,0.0498877030496914,0.049422432069098,selected
ml,kmeans_templates,action,low,0.05,5000,2,opc,0.0495204808380401,0.049422432069098,selected
ml,kmeans_templates,action,low,0.05,5000,3,no_propensity,0.0499315803756355,0.0494175204532242,selected
ml,kmeans_templates,action,low,0.05,5000,3,opc,0.049720927336767,0.0494175204532242,selected
ml,kmeans_templates,action,low,0.05,5000,4,no_propensity,0.0496958228653672,0.0494217371956612,selected
ml,kmeans_templates,action,low,0.05,5000,4,opc,0.0493017018378778,0.0494217371956612,selected
ml,kmeans_templates,action,low,0.05,25000,0,no_propensity,0.0498465654222913,0.0494143220917449,selected
ml,kmeans_templates,action,low,0.05,25000,0,opc,0.0495393884326453,0.0494143220917449,selected
ml,kmeans_templates,action,low,0.05,25000,1,no_propensity,0.0499371123008511,0.0494137412479531,selected
ml,kmeans_templates,action,low,0.05,25000,1,opc,0.0493358111094728,0.0494137412479531,selected
ml,kmeans_templates,action,low,0.05,25000,2,no_propensity,0.0498816904179436,0.049422432069098,selected
ml,kmeans_templates,action,low,0.05,25000,2,opc,0.0494039527362099,0.049422432069098,selected
ml,kmeans_templates,action,low,0.05,25000,3,no_propensity,0.049873549466211,0.0494175204532242,selected
ml,kmeans_templates,action,low,0.05,25000,3,opc,0.0495649294236237,0.0494175204532242,selected
ml,kmeans_templates,action,low,0.05,25000,4,no_propensity,0.0498677635746174,0.0494217371956612,selected
ml,kmeans_templates,action,low,0.05,25000,4,opc,0.0493723901371391,0.0494217371956612,selected
ml,kmeans_templates,action,low,0.05,50000,0,no_propensity,0.0499070470227704,0.0494143220917449,selected
ml,kmeans_templates,action,low,0.05,50000,0,opc,0.0494868131615463,0.0494143220917449,selected
ml,kmeans_templates,action,low,0.05,50000,1,no_propensity,0.0499409435066731,0.0494137412479531,selected
ml,kmeans_templates,action,low,0.05,50000,1,opc,0.0493064260799659,0.0494137412479531,selected
ml,kmeans_templates,action,low,0.05,50000,2,no_propensity,0.0499613319415662,0.049422432069098,selected
ml,kmeans_templates,action,low,0.05,50000,2,opc,0.0494172828717423,0.049422432069098,selected
ml,kmeans_templates,action,low,0.05,50000,3,no_propensity,0.0499686746650745,0.0494175204532242,selected
ml,kmeans_templates,action,low,0.05,50000,3,opc,0.0495281492939221,0.0494175204532242,selected
ml,kmeans_templates,action,low,0.05,50000,4,no_propensity,0.0499772707465931,0.0494217371956612,selected
ml,kmeans_templates,action,low,0.05,50000,4,opc,0.0495951246244825,0.0494217371956612,selected
ml,kmeans_templates,action,low,0.05,100000,0,no_propensity,0.0499817801676232,0.0494143220917449,selected
ml,kmeans_templates,action,low,0.05,100000,0,opc,0.0494025895936156,0.0494143220917449,selected
ml,kmeans_templates,action,low,0.05,100000,1,no_propensity,0.049973562245896,0.0494137412479531,selected
ml,kmeans_templates,action,low,0.05,100000,1,opc,0.0494132145673425,0.0494137412479531,selected
ml,kmeans_templates,action,low,0.05,100000,2,no_propensity,0.0499747909905942,0.049422432069098,selected
ml,kmeans_templates,action,low,0.05,100000,2,opc,0.0494917315154067,0.049422432069098,selected
ml,kmeans_templates,action,low,0.05,100000,3,no_propensity,0.0499554828632689,0.0494175204532242,selected
ml,kmeans_templates,action,low,0.05,100000,3,opc,0.0494899006613627,0.0494175204532242,selected
ml,kmeans_templates,action,low,0.05,100000,4,no_propensity,0.0499778968769617,0.0494217371956612,selected
ml,kmeans_templates,action,low,0.05,100000,4,opc,0.0494767574037274,0.0494217371956612,selected
ml,kmeans_templates,action,medium,0.05,5000,0,no_propensity,0.0497800958699027,0.0489544608348695,selected
ml,kmeans_templates,action,medium,0.05,5000,0,opc,0.0488009392871807,0.0489544608348695,selected
ml,kmeans_templates,action,medium,0.05,5000,1,no_propensity,0.0492416930291467,0.0489734201804317,selected
ml,kmeans_templates,action,medium,0.05,5000,1,opc,0.0488251482515707,0.0489734201804317,selected
ml,kmeans_templates,action,medium,0.05,5000,2,no_propensity,0.0497120772858539,0.048996904473098,selected
ml,kmeans_templates,action,medium,0.05,5000,2,opc,0.0489494979954163,0.048996904473098,selected
ml,kmeans_templates,action,medium,0.05,5000,3,no_propensity,0.0498969249958109,0.0489256006287711,selected
ml,kmeans_templates,action,medium,0.05,5000,3,opc,0.0486571825504755,0.0489256006287711,selected
ml,kmeans_templates,action,medium,0.05,5000,4,no_propensity,0.0497475649893007,0.0489931279488378,selected
ml,kmeans_templates,action,medium,0.05,5000,4,opc,0.048902484499991,0.0489931279488378,selected
ml,kmeans_templates,action,medium,0.05,25000,0,no_propensity,0.0494799639509727,0.0489544608348695,selected
ml,kmeans_templates,action,medium,0.05,25000,0,opc,0.0489319730151329,0.0489544608348695,selected
ml,kmeans_templates,action,medium,0.05,25000,1,no_propensity,0.0496693549516514,0.0489734201804317,selected
ml,kmeans_templates,action,medium,0.05,25000,1,opc,0.0491185282203744,0.0489734201804317,selected
ml,kmeans_templates,action,medium,0.05,25000,2,no_propensity,0.0498759985851298,0.048996904473098,selected
ml,kmeans_templates,action,medium,0.05,25000,2,opc,0.0489199110496503,0.048996904473098,selected
ml,kmeans_templates,action,medium,0.05,25000,3,no_propensity,0.0495765546495012,0.0489256006287711,selected
ml,kmeans_templates,action,medium,0.05,25000,3,opc,0.0489472404740851,0.0489256006287711,selected
ml,kmeans_templates,action,medium,0.05,25000,4,no_propensity,0.0496242069118906,0.0489931279488378,selected
ml,kmeans_templates,action,medium,0.05,25000,4,opc,0.0490481294277582,0.0489931279488378,selected
ml,kmeans_templates,action,medium,0.05,50000,0,no_propensity,0.0497067608345716,0.0489544608348695,selected
ml,kmeans_templates,action,medium,0.05,50000,0,opc,0.0485043378861681,0.0489544608348695,selected
ml,kmeans_templates,action,medium,0.05,50000,1,no_propensity,0.0496898670250805,0.0489734201804317,selected
ml,kmeans_templates,action,medium,0.05,50000,1,opc,0.049017776675036,0.0489734201804317,selected
ml,kmeans_templates,action,medium,0.05,50000,2,no_propensity,0.0498224128794305,0.048996904473098,selected
ml,kmeans_templates,action,medium,0.05,50000,2,opc,0.0489689077294964,0.048996904473098,selected
ml,kmeans_templates,action,medium,0.05,50000,3,no_propensity,0.049955482883929,0.0489256006287711,selected
ml,kmeans_templates,action,medium,0.05,50000,3,opc,0.0489457599452207,0.0489256006287711,selected
ml,kmeans_templates,action,medium,0.05,50000,4,no_propensity,0.0498961545704284,0.0489931279488378,selected
ml,kmeans_templates,action,medium,0.05,50000,4,opc,0.0449818540663401,0.0489931279488378,selected
ml,kmeans_templates,action,medium,0.05,100000,0,no_propensity,0.0499435576212907,0.0489544608348695,selected
ml,kmeans_templates,action,medium,0.05,100000,0,opc,0.0492102930178857,0.0489544608348695,selected
ml,kmeans_templates,action,medium,0.05,100000,1,no_propensity,0.0499335949347021,0.0489734201804317,selected
ml,kmeans_templates,action,medium,0.05,100000,1,opc,0.0489988543242512,0.0489734201804317,selected
ml,kmeans_templates,action,medium,0.05,100000,2,no_propensity,0.049922381942644,0.048996904473098,selected
ml,kmeans_templates,action,medium,0.05,100000,2,opc,0.0490303455159346,0.048996904473098,selected
ml,kmeans_templates,action,medium,0.05,100000,3,no_propensity,0.0499489797437299,0.0489256006287711,selected
ml,kmeans_templates,action,medium,0.05,100000,3,opc,0.0493835225581197,0.0489256006287711,selected
ml,kmeans_templates,action,medium,0.05,100000,4,no_propensity,0.0497996894644013,0.0489931279488378,selected
ml,kmeans_templates,action,medium,0.05,100000,4,opc,0.0490544697729167,0.0489931279488378,selected
ml,kmeans_templates,combined,brutal,0.05,5000,0,no_propensity,0.0455148106549875,0.0453757151109518,selected
ml,kmeans_templates,combined,brutal,0.05,5000,0,opc,0.0453594751934945,0.0453757151109518,selected
ml,kmeans_templates,combined,brutal,0.05,5000,1,no_propensity,0.0481433527240085,0.0477221012838836,selected
ml,kmeans_templates,combined,brutal,0.05,5000,1,opc,0.047376661337454,0.0477221012838836,selected
ml,kmeans_templates,combined,brutal,0.05,5000,2,no_propensity,0.0476720093015707,0.0472252309336187,selected
ml,kmeans_templates,combined,brutal,0.05,5000,2,opc,0.0468451939316132,0.0472252309336187,selected
ml,kmeans_templates,combined,brutal,0.05,5000,3,no_propensity,0.0482261327897067,0.0480277739082754,selected
ml,kmeans_templates,combined,brutal,0.05,5000,3,opc,0.0477834094990103,0.0480277739082754,selected
ml,kmeans_templates,combined,brutal,0.05,5000,4,no_propensity,0.0468827187933461,0.0466125840939772,selected
ml,kmeans_templates,combined,brutal,0.05,5000,4,opc,0.0466097342093497,0.0466125840939772,selected
ml,kmeans_templates,combined,brutal,0.05,25000,0,no_propensity,0.0455723882150269,0.0453757151109518,selected
ml,kmeans_templates,combined,brutal,0.05,25000,0,opc,0.0453772628340828,0.0453757151109518,selected
ml,kmeans_templates,combined,brutal,0.05,25000,1,no_propensity,0.047883123849906,0.0477221012838836,selected
ml,kmeans_templates,combined,brutal,0.05,25000,1,opc,0.0479567414543324,0.0477221012838836,selected
ml,kmeans_templates,combined,brutal,0.05,25000,2,no_propensity,0.0475118750401828,0.0472252309336187,selected
ml,kmeans_templates,combined,brutal,0.05,25000,2,opc,0.0473605750173416,0.0472252309336187,selected
ml,kmeans_templates,combined,brutal,0.05,25000,3,no_propensity,0.0481291847641538,0.0480277739082754,selected
ml,kmeans_templates,combined,brutal,0.05,25000,3,opc,0.0481723004203536,0.0480277739082754,selected
ml,kmeans_templates,combined,brutal,0.05,25000,4,no_propensity,0.0469495736538457,0.0466125840939772,selected
ml,kmeans_templates,combined,brutal,0.05,25000,4,opc,0.0466740026484369,0.0466125840939772,selected
ml,kmeans_templates,combined,brutal,0.05,50000,0,no_propensity,0.045690284851226,0.0453757151109518,selected
ml,kmeans_templates,combined,brutal,0.05,50000,0,opc,0.0455307910739212,0.0453757151109518,selected
ml,kmeans_templates,combined,brutal,0.05,50000,1,no_propensity,0.0478413130157033,0.0477221012838836,selected
ml,kmeans_templates,combined,brutal,0.05,50000,1,opc,0.0479112320370119,0.0477221012838836,selected
ml,kmeans_templates,combined,brutal,0.05,50000,2,no_propensity,0.0473931834238531,0.0472252309336187,selected
ml,kmeans_templates,combined,brutal,0.05,50000,2,opc,0.0475532389670647,0.0472252309336187,selected
ml,kmeans_templates,combined,brutal,0.05,50000,3,no_propensity,0.048062458264683,0.0480277739082754,selected
ml,kmeans_templates,combined,brutal,0.05,50000,3,opc,0.0480457954162776,0.0480277739082754,selected
ml,kmeans_templates,combined,brutal,0.05,50000,4,no_propensity,0.0469288944671211,0.0466125840939772,selected
ml,kmeans_templates,combined,brutal,0.05,50000,4,opc,0.0470245577255339,0.0466125840939772,selected
ml,kmeans_templates,combined,brutal,0.05,100000,0,no_propensity,0.0457093613575408,0.0453757151109518,selected
ml,kmeans_templates,combined,brutal,0.05,100000,0,opc,0.0453615651567189,0.0453757151109518,selected
ml,kmeans_templates,combined,brutal,0.05,100000,1,no_propensity,0.0479590759682003,0.0477221012838836,selected
ml,kmeans_templates,combined,brutal,0.05,100000,1,opc,0.0478150520981678,0.0477221012838836,selected
ml,kmeans_templates,combined,brutal,0.05,100000,2,no_propensity,0.0474336159111885,0.0472252309336187,selected
ml,kmeans_templates,combined,brutal,0.05,100000,2,opc,0.0472741551906822,0.0472252309336187,selected
ml,kmeans_templates,combined,brutal,0.05,100000,3,no_propensity,0.048195212195624,0.0480277739082754,selected
ml,kmeans_templates,combined,brutal,0.05,100000,3,opc,0.0484243806528271,0.0480277739082754,selected
ml,kmeans_templates,combined,brutal,0.05,100000,4,no_propensity,0.0469276507501773,0.0466125840939772,selected
ml,kmeans_templates,combined,brutal,0.05,100000,4,opc,0.0465752919791976,0.0466125840939772,selected
ml,kmeans_templates,combined,extreme,0.05,5000,0,no_propensity,0.0452945889498448,0.0451021576054243,selected
ml,kmeans_templates,combined,extreme,0.05,5000,0,opc,0.0454713966188938,0.0451021576054243,selected
ml,kmeans_templates,combined,extreme,0.05,5000,1,no_propensity,0.0480296757338118,0.0477720022195072,selected
ml,kmeans_templates,combined,extreme,0.05,5000,1,opc,0.0476294394977725,0.0477720022195072,selected
ml,kmeans_templates,combined,extreme,0.05,5000,2,no_propensity,0.0472762706921111,0.0468224388100205,selected
ml,kmeans_templates,combined,extreme,0.05,5000,2,opc,0.0465813275296713,0.0468224388100205,selected
ml,kmeans_templates,combined,extreme,0.05,5000,3,no_propensity,0.048105993544218,0.0476569546621607,selected
ml,kmeans_templates,combined,extreme,0.05,5000,3,opc,0.0475142869893488,0.0476569546621607,selected
ml,kmeans_templates,combined,extreme,0.05,5000,4,no_propensity,0.0467573428374221,0.0463574283847847,selected
ml,kmeans_templates,combined,extreme,0.05,5000,4,opc,0.0464364533611771,0.0463574283847847,selected
ml,kmeans_templates,combined,extreme,0.05,25000,0,no_propensity,0.0461366583839743,0.0451021576054243,selected
ml,kmeans_templates,combined,extreme,0.05,25000,0,opc,0.0451665580970331,0.0451021576054243,selected
ml,kmeans_templates,combined,extreme,0.05,25000,1,no_propensity,0.0483284012687778,0.0477720022195072,selected
ml,kmeans_templates,combined,extreme,0.05,25000,1,opc,0.0479035853900394,0.0477720022195072,selected
ml,kmeans_templates,combined,extreme,0.05,25000,2,no_propensity,0.047311090747696,0.0468224388100205,selected
ml,kmeans_templates,combined,extreme,0.05,25000,2,opc,0.0469745620441977,0.0468224388100205,selected
ml,kmeans_templates,combined,extreme,0.05,25000,3,no_propensity,0.0481807427316985,0.0476569546621607,selected
ml,kmeans_templates,combined,extreme,0.05,25000,3,opc,0.0477245597493653,0.0476569546621607,selected
ml,kmeans_templates,combined,extreme,0.05,25000,4,no_propensity,0.0473242881632865,0.0463574283847847,selected
ml,kmeans_templates,combined,extreme,0.05,25000,4,opc,0.0463620882294158,0.0463574283847847,selected
ml,kmeans_templates,combined,extreme,0.05,50000,0,no_propensity,0.045879829542751,0.0451021576054243,selected
ml,kmeans_templates,combined,extreme,0.05,50000,0,opc,0.0463981141009321,0.0451021576054243,selected
ml,kmeans_templates,combined,extreme,0.05,50000,1,no_propensity,0.0481925051249992,0.0477720022195072,selected
ml,kmeans_templates,combined,extreme,0.05,50000,1,opc,0.0477719278633047,0.0477720022195072,selected
ml,kmeans_templates,combined,extreme,0.05,50000,2,no_propensity,0.0473504531163898,0.0468224388100205,selected
ml,kmeans_templates,combined,extreme,0.05,50000,2,opc,0.0468398262059407,0.0468224388100205,selected
ml,kmeans_templates,combined,extreme,0.05,50000,3,no_propensity,0.0480744695437833,0.0476569546621607,selected
ml,kmeans_templates,combined,extreme,0.05,50000,3,opc,0.0478012774205932,0.0476569546621607,selected
ml,kmeans_templates,combined,extreme,0.05,50000,4,no_propensity,0.0471551885858268,0.0463574283847847,selected
ml,kmeans_templates,combined,extreme,0.05,50000,4,opc,0.0463947345132403,0.0463574283847847,selected
ml,kmeans_templates,combined,extreme,0.05,100000,0,no_propensity,0.0459295379316816,0.0451021576054243,selected
ml,kmeans_templates,combined,extreme,0.05,100000,0,opc,0.0452360741717573,0.0451021576054243,selected
ml,kmeans_templates,combined,extreme,0.05,100000,1,no_propensity,0.0482321107060011,0.0477720022195072,selected
ml,kmeans_templates,combined,extreme,0.05,100000,1,opc,0.0477041340436498,0.0477720022195072,selected
ml,kmeans_templates,combined,extreme,0.05,100000,2,no_propensity,0.0473877131320006,0.0468224388100205,selected
ml,kmeans_templates,combined,extreme,0.05,100000,2,opc,0.0468610892265374,0.0468224388100205,selected
ml,kmeans_templates,combined,extreme,0.05,100000,3,no_propensity,0.0480428728677566,0.0476569546621607,selected
ml,kmeans_templates,combined,extreme,0.05,100000,3,opc,0.0477334386071482,0.0476569546621607,selected
ml,kmeans_templates,combined,extreme,0.05,100000,4,no_propensity,0.0469883905403257,0.0463574283847847,selected
ml,kmeans_templates,combined,extreme,0.05,100000,4,opc,0.0464819447451607,0.0463574283847847,selected
ml,kmeans_templates,combined,high,0.05,5000,0,no_propensity,0.0466455419239511,0.0456478618068448,selected
ml,kmeans_templates,combined,high,0.05,5000,0,opc,0.0454679944857163,0.0456478618068448,selected
ml,kmeans_templates,combined,high,0.05,5000,1,no_propensity,0.0489388317127369,0.0479894558651901,selected
ml,kmeans_templates,combined,high,0.05,5000,1,opc,0.0483364786386318,0.0479894558651901,selected
ml,kmeans_templates,combined,high,0.05,5000,2,no_propensity,0.048744060529626,0.0467197937920064,selected
ml,kmeans_templates,combined,high,0.05,5000,2,opc,0.0467377259338277,0.0467197937920064,selected
ml,kmeans_templates,combined,high,0.05,5000,3,no_propensity,0.0489153101567477,0.0472903071338551,selected
ml,kmeans_templates,combined,high,0.05,5000,3,opc,0.0475824895139197,0.0472903071338551,selected
ml,kmeans_templates,combined,high,0.05,5000,4,no_propensity,0.0482112920215303,0.046938630668035,selected
ml,kmeans_templates,combined,high,0.05,5000,4,opc,0.0472446850594637,0.046938630668035,selected
ml,kmeans_templates,combined,high,0.05,25000,0,no_propensity,0.0490950930912958,0.0456478618068448,selected
ml,kmeans_templates,combined,high,0.05,25000,0,opc,0.0454816871430961,0.0456478618068448,selected
ml,kmeans_templates,combined,high,0.05,25000,1,no_propensity,0.0494170128819588,0.0479894558651901,selected
ml,kmeans_templates,combined,high,0.05,25000,1,opc,0.0481462373057493,0.0479894558651901,selected
ml,kmeans_templates,combined,high,0.05,25000,2,no_propensity,0.0488272098239878,0.0467197937920064,selected
ml,kmeans_templates,combined,high,0.05,25000,2,opc,0.0481210384920027,0.0467197937920064,selected
ml,kmeans_templates,combined,high,0.05,25000,3,no_propensity,0.0487401466620791,0.0472903071338551,selected
ml,kmeans_templates,combined,high,0.05,25000,3,opc,0.0472642638467794,0.0472903071338551,selected
ml,kmeans_templates,combined,high,0.05,25000,4,no_propensity,0.0495108126836932,0.046938630668035,selected
ml,kmeans_templates,combined,high,0.05,25000,4,opc,0.0477779211107005,0.046938630668035,selected
ml,kmeans_templates,combined,high,0.05,50000,0,no_propensity,0.0490529501732457,0.0456478618068448,selected
ml,kmeans_templates,combined,high,0.05,50000,0,opc,0.0458560363289301,0.0456478618068448,selected
ml,kmeans_templates,combined,high,0.05,50000,1,no_propensity,0.0494184494385209,0.0479894558651901,selected
ml,kmeans_templates,combined,high,0.05,50000,1,opc,0.0480976339815173,0.0479894558651901,selected
ml,kmeans_templates,combined,high,0.05,50000,2,no_propensity,0.049142975596076,0.0467197937920064,selected
ml,kmeans_templates,combined,high,0.05,50000,2,opc,0.047311388305794,0.0467197937920064,selected
ml,kmeans_templates,combined,high,0.05,50000,3,no_propensity,0.0493566160224225,0.0472903071338551,selected
ml,kmeans_templates,combined,high,0.05,50000,3,opc,0.0474901740776925,0.0472903071338551,selected
ml,kmeans_templates,combined,high,0.05,50000,4,no_propensity,0.0494790765677138,0.046938630668035,selected
ml,kmeans_templates,combined,high,0.05,50000,4,opc,0.0469954667032498,0.046938630668035,selected
ml,kmeans_templates,combined,high,0.05,100000,0,no_propensity,0.048433301622058,0.0456478618068448,selected
ml,kmeans_templates,combined,high,0.05,100000,0,opc,0.0474755328754597,0.0456478618068448,selected
ml,kmeans_templates,combined,high,0.05,100000,1,no_propensity,0.0495412143238184,0.0479894558651901,selected
ml,kmeans_templates,combined,high,0.05,100000,1,opc,0.0480111143119957,0.0479894558651901,selected
ml,kmeans_templates,combined,high,0.05,100000,2,no_propensity,0.0491510764891862,0.0467197937920064,selected
ml,kmeans_templates,combined,high,0.05,100000,2,opc,0.0476047963537049,0.0467197937920064,selected
ml,kmeans_templates,combined,high,0.05,100000,3,no_propensity,0.0491702481747496,0.0472903071338551,selected
ml,kmeans_templates,combined,high,0.05,100000,3,opc,0.0477384263140004,0.0472903071338551,selected
ml,kmeans_templates,combined,high,0.05,100000,4,no_propensity,0.0492022344940287,0.046938630668035,selected
ml,kmeans_templates,combined,high,0.05,100000,4,opc,0.0483406149561445,0.046938630668035,selected
ml,kmeans_templates,combined,low,0.05,5000,0,no_propensity,0.049777242767246,0.0491980080391786,selected
ml,kmeans_templates,combined,low,0.05,5000,0,opc,0.0494481933622825,0.0491980080391786,selected
ml,kmeans_templates,combined,low,0.05,5000,1,no_propensity,0.0497272348078433,0.0493234520724208,selected
ml,kmeans_templates,combined,low,0.05,5000,1,opc,0.0494458555230638,0.0493234520724208,selected
ml,kmeans_templates,combined,low,0.05,5000,2,no_propensity,0.0497366606046018,0.0492421747865324,selected
ml,kmeans_templates,combined,low,0.05,5000,2,opc,0.0492001948618567,0.0492421747865324,selected
ml,kmeans_templates,combined,low,0.05,5000,3,no_propensity,0.0499248457427019,0.0492054216827995,selected
ml,kmeans_templates,combined,low,0.05,5000,3,opc,0.0495720274411142,0.0492054216827995,selected
ml,kmeans_templates,combined,low,0.05,5000,4,no_propensity,0.049686399546244,0.049313461619669,selected
ml,kmeans_templates,combined,low,0.05,5000,4,opc,0.049217496915294,0.049313461619669,selected
ml,kmeans_templates,combined,low,0.05,25000,0,no_propensity,0.0498777364297006,0.0491980080391786,selected
ml,kmeans_templates,combined,low,0.05,25000,0,opc,0.049194646289337,0.0491980080391786,selected
ml,kmeans_templates,combined,low,0.05,25000,1,no_propensity,0.0499122901980004,0.0493234520724208,selected
ml,kmeans_templates,combined,low,0.05,25000,1,opc,0.0497151106030157,0.0493234520724208,selected
ml,kmeans_templates,combined,low,0.05,25000,2,no_propensity,0.0499085627107173,0.0492421747865324,selected
ml,kmeans_templates,combined,low,0.05,25000,2,opc,0.0490923933637455,0.0492421747865324,selected
ml,kmeans_templates,combined,low,0.05,25000,3,no_propensity,0.0498137284047492,0.0492054216827995,selected
ml,kmeans_templates,combined,low,0.05,25000,3,opc,0.0492304129360698,0.0492054216827995,selected
ml,kmeans_templates,combined,low,0.05,25000,4,no_propensity,0.0499366252325016,0.049313461619669,selected
ml,kmeans_templates,combined,low,0.05,25000,4,opc,0.0493937589911188,0.049313461619669,selected
ml,kmeans_templates,combined,low,0.05,50000,0,no_propensity,0.0499317016280913,0.0491980080391786,selected
ml,kmeans_templates,combined,low,0.05,50000,0,opc,0.049066252527685,0.0491980080391786,selected
ml,kmeans_templates,combined,low,0.05,50000,1,no_propensity,0.0499002383394587,0.0493234520724208,selected
ml,kmeans_templates,combined,low,0.05,50000,1,opc,0.0493234519715628,0.0493234520724208,selected
ml,kmeans_templates,combined,low,0.05,50000,2,no_propensity,0.0499639209823666,0.0492421747865324,selected
ml,kmeans_templates,combined,low,0.05,50000,2,opc,0.0493560929805054,0.0492421747865324,selected
ml,kmeans_templates,combined,low,0.05,50000,3,no_propensity,0.0499451881875697,0.0492054216827995,selected
ml,kmeans_templates,combined,low,0.05,50000,3,opc,0.0491716628278395,0.0492054216827995,selected
ml,kmeans_templates,combined,low,0.05,50000,4,no_propensity,0.0499693502699673,0.049313461619669,selected
ml,kmeans_templates,combined,low,0.05,50000,4,opc,0.0492007211869971,0.049313461619669,selected
ml,kmeans_templates,combined,low,0.05,100000,0,no_propensity,0.0499574833232724,0.0491980080391786,selected
ml,kmeans_templates,combined,low,0.05,100000,0,opc,0.0492484966206097,0.0491980080391786,selected
ml,kmeans_templates,combined,low,0.05,100000,1,no_propensity,0.0499485975562837,0.0493234520724208,selected
ml,kmeans_templates,combined,low,0.05,100000,1,opc,0.049338338309567,0.0493234520724208,selected
ml,kmeans_templates,combined,low,0.05,100000,2,no_propensity,0.0499633987602681,0.0492421747865324,selected
ml,kmeans_templates,combined,low,0.05,100000,2,opc,0.0495263250358996,0.0492421747865324,selected
ml,kmeans_templates,combined,low,0.05,100000,3,no_propensity,0.0499664965626081,0.0492054216827995,selected
ml,kmeans_templates,combined,low,0.05,100000,3,opc,0.0494912086203784,0.0492054216827995,selected
ml,kmeans_templates,combined,low,0.05,100000,4,no_propensity,0.0499778848396966,0.049313461619669,selected
ml,kmeans_templates,combined,low,0.05,100000,4,opc,0.0493253629921087,0.049313461619669,selected
ml,kmeans_templates,combined,medium,0.05,5000,0,no_propensity,0.0492834382721795,0.047819037623913,selected
ml,kmeans_templates,combined,medium,0.05,5000,0,opc,0.0485184740067773,0.047819037623913,selected
ml,kmeans_templates,combined,medium,0.05,5000,1,no_propensity,0.0493082676239621,0.048585671698699,selected
ml,kmeans_templates,combined,medium,0.05,5000,1,opc,0.0485815934665926,0.048585671698699,selected
ml,kmeans_templates,combined,medium,0.05,5000,2,no_propensity,0.0491651270907349,0.0480506136646491,selected
ml,kmeans_templates,combined,medium,0.05,5000,2,opc,0.0480016331946562,0.0480506136646491,selected
ml,kmeans_templates,combined,medium,0.05,5000,3,no_propensity,0.0491683908707425,0.0481034871888418,selected
ml,kmeans_templates,combined,medium,0.05,5000,3,opc,0.0488430690408097,0.0481034871888418,selected
ml,kmeans_templates,combined,medium,0.05,5000,4,no_propensity,0.0493992268135727,0.0482533546384371,selected
ml,kmeans_templates,combined,medium,0.05,5000,4,opc,0.0488400524634975,0.0482533546384371,selected
ml,kmeans_templates,combined,medium,0.05,25000,0,no_propensity,0.0494028762715821,0.047819037623913,selected
ml,kmeans_templates,combined,medium,0.05,25000,0,opc,0.0479390701875868,0.047819037623913,selected
ml,kmeans_templates,combined,medium,0.05,25000,1,no_propensity,0.0493130096168406,0.048585671698699,selected
ml,kmeans_templates,combined,medium,0.05,25000,1,opc,0.0486613815290818,0.048585671698699,selected
ml,kmeans_templates,combined,medium,0.05,25000,2,no_propensity,0.0495001906393597,0.0480506136646491,selected
ml,kmeans_templates,combined,medium,0.05,25000,2,opc,0.0485071339695075,0.0480506136646491,selected
ml,kmeans_templates,combined,medium,0.05,25000,3,no_propensity,0.0494678446770103,0.0481034871888418,selected
ml,kmeans_templates,combined,medium,0.05,25000,3,opc,0.0487736165040549,0.0481034871888418,selected
ml,kmeans_templates,combined,medium,0.05,25000,4,no_propensity,0.0496768480472235,0.0482533546384371,selected
ml,kmeans_templates,combined,medium,0.05,25000,4,opc,0.0487546193687277,0.0482533546384371,selected
ml,kmeans_templates,combined,medium,0.05,50000,0,no_propensity,0.0495588462733752,0.047819037623913,selected
ml,kmeans_templates,combined,medium,0.05,50000,0,opc,0.0478199133193383,0.047819037623913,selected
ml,kmeans_templates,combined,medium,0.05,50000,1,no_propensity,0.0498859662030617,0.048585671698699,selected
ml,kmeans_templates,combined,medium,0.05,50000,1,opc,0.0488905867918454,0.048585671698699,selected
ml,kmeans_templates,combined,medium,0.05,50000,2,no_propensity,0.0497709401251011,0.0480506136646491,selected
ml,kmeans_templates,combined,medium,0.05,50000,2,opc,0.0481709328836204,0.0480506136646491,selected
ml,kmeans_templates,combined,medium,0.05,50000,3,no_propensity,0.0497507372673684,0.0481034871888418,selected
ml,kmeans_templates,combined,medium,0.05,50000,3,opc,0.0481872387712405,0.0481034871888418,selected
ml,kmeans_templates,combined,medium,0.05,50000,4,no_propensity,0.0496425269915106,0.0482533546384371,selected
ml,kmeans_templates,combined,medium,0.05,50000,4,opc,0.0488747741568397,0.0482533546384371,selected
ml,kmeans_templates,combined,medium,0.05,100000,0,no_propensity,0.0496905944632126,0.047819037623913,selected
ml,kmeans_templates,combined,medium,0.05,100000,0,opc,0.0486477312611974,0.047819037623913,selected
ml,kmeans_templates,combined,medium,0.05,100000,1,no_propensity,0.049707682607435,0.048585671698699,selected
ml,kmeans_templates,combined,medium,0.05,100000,1,opc,0.0491602708627019,0.048585671698699,selected
ml,kmeans_templates,combined,medium,0.05,100000,2,no_propensity,0.0498837243456663,0.0480506136646491,selected
ml,kmeans_templates,combined,medium,0.05,100000,2,opc,0.0482229877066765,0.0480506136646491,selected
ml,kmeans_templates,combined,medium,0.05,100000,3,no_propensity,0.0498842972989288,0.0481034871888418,selected
ml,kmeans_templates,combined,medium,0.05,100000,3,opc,0.0488662060728198,0.0481034871888418,selected
ml,kmeans_templates,combined,medium,0.05,100000,4,no_propensity,0.0498096524845948,0.0482533546384371,selected
ml,kmeans_templates,combined,medium,0.05,100000,4,opc,0.0483379680376877,0.0482533546384371,selected
ml,kmeans_templates,context,brutal,0.05,5000,0,no_propensity,0.0476431941957824,0.0466604711186673,selected
ml,kmeans_templates,context,brutal,0.05,5000,0,opc,0.0419726867132917,0.0466604711186673,selected
ml,kmeans_templates,context,brutal,0.05,5000,1,no_propensity,0.0494972570089299,0.0493162344238843,selected
ml,kmeans_templates,context,brutal,0.05,5000,1,opc,0.0493060656582081,0.0493162344238843,selected
ml,kmeans_templates,context,brutal,0.05,5000,2,no_propensity,0.0480523845620002,0.046883262473433,selected
ml,kmeans_templates,context,brutal,0.05,5000,2,opc,0.0469501953920724,0.046883262473433,selected
ml,kmeans_templates,context,brutal,0.05,5000,3,no_propensity,0.0482957538914142,0.0481144194008443,selected
ml,kmeans_templates,context,brutal,0.05,5000,3,opc,0.0482489201224108,0.0481144194008443,selected
ml,kmeans_templates,context,brutal,0.05,5000,4,no_propensity,0.0486492698234915,0.0484927499264902,selected
ml,kmeans_templates,context,brutal,0.05,5000,4,opc,0.0484644042840288,0.0484927499264902,selected
ml,kmeans_templates,context,brutal,0.05,25000,0,no_propensity,0.0480821606613034,0.0466604711186673,selected
ml,kmeans_templates,context,brutal,0.05,25000,0,opc,0.0483349154046205,0.0466604711186673,selected
ml,kmeans_templates,context,brutal,0.05,25000,1,no_propensity,0.0495709646798514,0.0493162344238843,selected
ml,kmeans_templates,context,brutal,0.05,25000,1,opc,0.04934240831198,0.0493162344238843,selected
ml,kmeans_templates,context,brutal,0.05,25000,2,no_propensity,0.048268031551987,0.046883262473433,selected
ml,kmeans_templates,context,brutal,0.05,25000,2,opc,0.0471067040100441,0.046883262473433,selected
ml,kmeans_templates,context,brutal,0.05,25000,3,no_propensity,0.0485903261863413,0.0481144194008443,selected
ml,kmeans_templates,context,brutal,0.05,25000,3,opc,0.047981058348683,0.0481144194008443,selected
ml,kmeans_templates,context,brutal,0.05,25000,4,no_propensity,0.0489872354034675,0.0484927499264902,selected
ml,kmeans_templates,context,brutal,0.05,25000,4,opc,0.0485566281576081,0.0484927499264902,selected
ml,kmeans_templates,context,brutal,0.05,50000,0,no_propensity,0.0478595220186411,0.0466604711186673,selected
ml,kmeans_templates,context,brutal,0.05,50000,0,opc,0.0467003686645732,0.0466604711186673,selected
ml,kmeans_templates,context,brutal,0.05,50000,1,no_propensity,0.0495915981482375,0.0493162344238843,selected
ml,kmeans_templates,context,brutal,0.05,50000,1,opc,0.0493352247024334,0.0493162344238843,selected
ml,kmeans_templates,context,brutal,0.05,50000,2,no_propensity,0.0480275813113693,0.046883262473433,selected
ml,kmeans_templates,context,brutal,0.05,50000,2,opc,0.0473166167226708,0.046883262473433,selected
ml,kmeans_templates,context,brutal,0.05,50000,3,no_propensity,0.0485512186948643,0.0481144194008443,selected
ml,kmeans_templates,context,brutal,0.05,50000,3,opc,0.0481434844027911,0.0481144194008443,selected
ml,kmeans_templates,context,brutal,0.05,50000,4,no_propensity,0.0490591141189214,0.0484927499264902,selected
ml,kmeans_templates,context,brutal,0.05,50000,4,opc,0.0484794179763264,0.0484927499264902,selected
ml,kmeans_templates,context,brutal,0.05,100000,0,no_propensity,0.0477056968021734,0.0466604711186673,selected
ml,kmeans_templates,context,brutal,0.05,100000,0,opc,0.0473658050634949,0.0466604711186673,selected
ml,kmeans_templates,context,brutal,0.05,100000,1,no_propensity,0.0495842447652307,0.0493162344238843,selected
ml,kmeans_templates,context,brutal,0.05,100000,1,opc,0.0493229331441216,0.0493162344238843,selected
ml,kmeans_templates,context,brutal,0.05,100000,2,no_propensity,0.0476884129403235,0.046883262473433,selected
ml,kmeans_templates,context,brutal,0.05,100000,2,opc,0.0469202889758076,0.046883262473433,selected
ml,kmeans_templates,context,brutal,0.05,100000,3,no_propensity,0.048516130643604,0.0481144194008443,selected
ml,kmeans_templates,context,brutal,0.05,100000,3,opc,0.0485800923351318,0.0481144194008443,selected
ml,kmeans_templates,context,brutal,0.05,100000,4,no_propensity,0.0490470855052983,0.0484927499264902,selected
ml,kmeans_templates,context,brutal,0.05,100000,4,opc,0.0488022932263337,0.0484927499264902,selected
ml,kmeans_templates,context,extreme,0.05,5000,0,no_propensity,0.0490541502701145,0.0471409906431615,selected
ml,kmeans_templates,context,extreme,0.05,5000,0,opc,0.0456527273834309,0.0471409906431615,selected
ml,kmeans_templates,context,extreme,0.05,5000,1,no_propensity,0.0497475215609072,0.049408615419236,selected
ml,kmeans_templates,context,extreme,0.05,5000,1,opc,0.0493351355169776,0.049408615419236,selected
ml,kmeans_templates,context,extreme,0.05,5000,2,no_propensity,0.0495469780670988,0.0472092083079514,selected
ml,kmeans_templates,context,extreme,0.05,5000,2,opc,0.0452988642864393,0.0472092083079514,selected
ml,kmeans_templates,context,extreme,0.05,5000,3,no_propensity,0.0490597613906865,0.048278926861906,selected
ml,kmeans_templates,context,extreme,0.05,5000,3,opc,0.0483678465544491,0.048278926861906,selected
ml,kmeans_templates,context,extreme,0.05,5000,4,no_propensity,0.0496403193850583,0.0488470168479899,selected
ml,kmeans_templates,context,extreme,0.05,5000,4,opc,0.0492172943721974,0.0488470168479899,selected
ml,kmeans_templates,context,extreme,0.05,25000,0,no_propensity,0.0492856558437573,0.0471409906431615,selected
ml,kmeans_templates,context,extreme,0.05,25000,0,opc,0.0472454626658529,0.0471409906431615,selected
ml,kmeans_templates,context,extreme,0.05,25000,1,no_propensity,0.0498327436551178,0.049408615419236,selected
ml,kmeans_templates,context,extreme,0.05,25000,1,opc,0.0494201449052254,0.049408615419236,selected
ml,kmeans_templates,context,extreme,0.05,25000,2,no_propensity,0.0492467762462608,0.0472092083079514,selected
ml,kmeans_templates,context,extreme,0.05,25000,2,opc,0.0475197048653614,0.0472092083079514,selected
ml,kmeans_templates,context,extreme,0.05,25000,3,no_propensity,0.0493557487786131,0.048278926861906,selected
ml,kmeans_templates,context,extreme,0.05,25000,3,opc,0.048513526084675,0.048278926861906,selected
ml,kmeans_templates,context,extreme,0.05,25000,4,no_propensity,0.0496227856275475,0.0488470168479899,selected
ml,kmeans_templates,context,extreme,0.05,25000,4,opc,0.0490172070399421,0.0488470168479899,selected
ml,kmeans_templates,context,extreme,0.05,50000,0,no_propensity,0.0491239506361214,0.0471409906431615,selected
ml,kmeans_templates,context,extreme,0.05,50000,0,opc,0.0471886808071457,0.0471409906431615,selected
ml,kmeans_templates,context,extreme,0.05,50000,1,no_propensity,0.049815105695629,0.049408615419236,selected
ml,kmeans_templates,context,extreme,0.05,50000,1,opc,0.0496042061213611,0.049408615419236,selected
ml,kmeans_templates,context,extreme,0.05,50000,2,no_propensity,0.0490678867269285,0.0472092083079514,selected
ml,kmeans_templates,context,extreme,0.05,50000,2,opc,0.0472338469814878,0.0472092083079514,selected
ml,kmeans_templates,context,extreme,0.05,50000,3,no_propensity,0.0492704264476336,0.048278926861906,selected
ml,kmeans_templates,context,extreme,0.05,50000,3,opc,0.0484066252491301,0.048278926861906,selected
ml,kmeans_templates,context,extreme,0.05,50000,4,no_propensity,0.0496745848427729,0.0488470168479899,selected
ml,kmeans_templates,context,extreme,0.05,50000,4,opc,0.0488892146501356,0.0488470168479899,selected
ml,kmeans_templates,context,extreme,0.05,100000,0,no_propensity,0.0492181984934379,0.0471409906431615,selected
ml,kmeans_templates,context,extreme,0.05,100000,0,opc,0.0473172028949101,0.0471409906431615,selected
ml,kmeans_templates,context,extreme,0.05,100000,1,no_propensity,0.0497733670417644,0.049408615419236,selected
ml,kmeans_templates,context,extreme,0.05,100000,1,opc,0.0494173978197803,0.049408615419236,selected
ml,kmeans_templates,context,extreme,0.05,100000,2,no_propensity,0.0491712364505325,0.0472092083079514,selected
ml,kmeans_templates,context,extreme,0.05,100000,2,opc,0.0472464239989747,0.0472092083079514,selected
ml,kmeans_templates,context,extreme,0.05,100000,3,no_propensity,0.0491013110293444,0.048278926861906,selected
ml,kmeans_templates,context,extreme,0.05,100000,3,opc,0.0483939399026855,0.048278926861906,selected
ml,kmeans_templates,context,extreme,0.05,100000,4,no_propensity,0.049578684759473,0.0488470168479899,selected
ml,kmeans_templates,context,extreme,0.05,100000,4,opc,0.0489137753076766,0.0488470168479899,selected
ml,kmeans_templates,context,high,0.05,5000,0,no_propensity,0.049355805060856,0.0483407652012639,selected
ml,kmeans_templates,context,high,0.05,5000,0,opc,0.0483868200612955,0.0483407652012639,selected
ml,kmeans_templates,context,high,0.05,5000,1,no_propensity,0.0498340763343122,0.0494328812879498,selected
ml,kmeans_templates,context,high,0.05,5000,1,opc,0.0496347142609111,0.0494328812879498,selected
ml,kmeans_templates,context,high,0.05,5000,2,no_propensity,0.0497762532488365,0.0484716154000644,selected
ml,kmeans_templates,context,high,0.05,5000,2,opc,0.0455970005337141,0.0484716154000644,selected
ml,kmeans_templates,context,high,0.05,5000,3,no_propensity,0.0496304118058319,0.0487627254693241,selected
ml,kmeans_templates,context,high,0.05,5000,3,opc,0.0486893959165236,0.0487627254693241,selected
ml,kmeans_templates,context,high,0.05,5000,4,no_propensity,0.04967864655137,0.0492230940860696,selected
ml,kmeans_templates,context,high,0.05,5000,4,opc,0.0491655194780679,0.0492230940860696,selected
ml,kmeans_templates,context,high,0.05,25000,0,no_propensity,0.0493884628648688,0.0483407652012639,selected
ml,kmeans_templates,context,high,0.05,25000,0,opc,0.0477623781121248,0.0483407652012639,selected
ml,kmeans_templates,context,high,0.05,25000,1,no_propensity,0.0499413655239354,0.0494328812879498,selected
ml,kmeans_templates,context,high,0.05,25000,1,opc,0.0494419887399104,0.0494328812879498,selected
ml,kmeans_templates,context,high,0.05,25000,2,no_propensity,0.0498411181208314,0.0484716154000644,selected
ml,kmeans_templates,context,high,0.05,25000,2,opc,0.0485917817440986,0.0484716154000644,selected
ml,kmeans_templates,context,high,0.05,25000,3,no_propensity,0.0495260475341111,0.0487627254693241,selected
ml,kmeans_templates,context,high,0.05,25000,3,opc,0.048930245645235,0.0487627254693241,selected
ml,kmeans_templates,context,high,0.05,25000,4,no_propensity,0.049841800920441,0.0492230940860696,selected
ml,kmeans_templates,context,high,0.05,25000,4,opc,0.0492595686130442,0.0492230940860696,selected
ml,kmeans_templates,context,high,0.05,50000,0,no_propensity,0.0493198871537922,0.0483407652012639,selected
ml,kmeans_templates,context,high,0.05,50000,0,opc,0.048421330641487,0.0483407652012639,selected
ml,kmeans_templates,context,high,0.05,50000,1,no_propensity,0.0499396987687697,0.0494328812879498,selected
ml,kmeans_templates,context,high,0.05,50000,1,opc,0.0496898306412974,0.0494328812879498,selected
ml,kmeans_templates,context,high,0.05,50000,2,no_propensity,0.0497436894577838,0.0484716154000644,selected
ml,kmeans_templates,context,high,0.05,50000,2,opc,0.0486956099296345,0.0484716154000644,selected
ml,kmeans_templates,context,high,0.05,50000,3,no_propensity,0.049802166146686,0.0487627254693241,selected
ml,kmeans_templates,context,high,0.05,50000,3,opc,0.0493088702957855,0.0487627254693241,selected
ml,kmeans_templates,context,high,0.05,50000,4,no_propensity,0.049922001647563,0.0492230940860696,selected
ml,kmeans_templates,context,high,0.05,50000,4,opc,0.0491996247611758,0.0492230940860696,selected
ml,kmeans_templates,context,high,0.05,100000,0,no_propensity,0.0497880326580476,0.0483407652012639,selected
ml,kmeans_templates,context,high,0.05,100000,0,opc,0.0484423008356485,0.0483407652012639,selected
ml,kmeans_templates,context,high,0.05,100000,1,no_propensity,0.0499241854667361,0.0494328812879498,selected
ml,kmeans_templates,context,high,0.05,100000,1,opc,0.0495372043664125,0.0494328812879498,selected
ml,kmeans_templates,context,high,0.05,100000,2,no_propensity,0.0498920041455975,0.0484716154000644,selected
ml,kmeans_templates,context,high,0.05,100000,2,opc,0.0484820096343918,0.0484716154000644,selected
ml,kmeans_templates,context,high,0.05,100000,3,no_propensity,0.0499100718290431,0.0487627254693241,selected
ml,kmeans_templates,context,high,0.05,100000,3,opc,0.0496340909991383,0.0487627254693241,selected
ml,kmeans_templates,context,high,0.05,100000,4,no_propensity,0.0499183789685469,0.0492230940860696,selected
ml,kmeans_templates,context,high,0.05,100000,4,opc,0.0493326243438938,0.0492230940860696,selected
ml,kmeans_templates,context,low,0.05,5000,0,no_propensity,0.0498703976584515,0.0493921732446926,selected
ml,kmeans_templates,context,low,0.05,5000,0,opc,0.0488199754555344,0.0493921732446926,selected
ml,kmeans_templates,context,low,0.05,5000,1,no_propensity,0.049753131682116,0.0494842785581161,selected
ml,kmeans_templates,context,low,0.05,5000,1,opc,0.0493170402833327,0.0494842785581161,selected
ml,kmeans_templates,context,low,0.05,5000,2,no_propensity,0.0499288298850346,0.0494173384520355,selected
ml,kmeans_templates,context,low,0.05,5000,2,opc,0.0496313096231152,0.0494173384520355,selected
ml,kmeans_templates,context,low,0.05,5000,3,no_propensity,0.0499152010110667,0.0494008502741158,selected
ml,kmeans_templates,context,low,0.05,5000,3,opc,0.0497083845475891,0.0494008502741158,selected
ml,kmeans_templates,context,low,0.05,5000,4,no_propensity,0.0496486817008051,0.0494797975761023,selected
ml,kmeans_templates,context,low,0.05,5000,4,opc,0.0496135291589781,0.0494797975761023,selected
ml,kmeans_templates,context,low,0.05,25000,0,no_propensity,0.0499151747699267,0.0493921732446926,selected
ml,kmeans_templates,context,low,0.05,25000,0,opc,0.0494152305803892,0.0493921732446926,selected
ml,kmeans_templates,context,low,0.05,25000,1,no_propensity,0.0499695376850773,0.0494842785581161,selected
ml,kmeans_templates,context,low,0.05,25000,1,opc,0.0490438645822763,0.0494842785581161,selected
ml,kmeans_templates,context,low,0.05,25000,2,no_propensity,0.0498897104948393,0.0494173384520355,selected
ml,kmeans_templates,context,low,0.05,25000,2,opc,0.0493673829814289,0.0494173384520355,selected
ml,kmeans_templates,context,low,0.05,25000,3,no_propensity,0.0498530683454278,0.0494008502741158,selected
ml,kmeans_templates,context,low,0.05,25000,3,opc,0.0494201787681669,0.0494008502741158,selected
ml,kmeans_templates,context,low,0.05,25000,4,no_propensity,0.0498802000098175,0.0494797975761023,selected
ml,kmeans_templates,context,low,0.05,25000,4,opc,0.0455631417832632,0.0494797975761023,selected
ml,kmeans_templates,context,low,0.05,50000,0,no_propensity,0.0498388363972262,0.0493921732446926,selected
ml,kmeans_templates,context,low,0.05,50000,0,opc,0.0493439571447548,0.0493921732446926,selected
ml,kmeans_templates,context,low,0.05,50000,1,no_propensity,0.0499767268535664,0.0494842785581161,selected
ml,kmeans_templates,context,low,0.05,50000,1,opc,0.0494443493244402,0.0494842785581161,selected
ml,kmeans_templates,context,low,0.05,50000,2,no_propensity,0.0499650431582826,0.0494173384520355,selected
ml,kmeans_templates,context,low,0.05,50000,2,opc,0.049451131589259,0.0494173384520355,selected
ml,kmeans_templates,context,low,0.05,50000,3,no_propensity,0.0499675384310985,0.0494008502741158,selected
ml,kmeans_templates,context,low,0.05,50000,3,opc,0.049261031239579,0.0494008502741158,selected
ml,kmeans_templates,context,low,0.05,50000,4,no_propensity,0.0499797967576037,0.0494797975761023,selected
ml,kmeans_templates,context,low,0.05,50000,4,opc,0.0494804815063494,0.0494797975761023,selected
ml,kmeans_templates,context,low,0.05,100000,0,no_propensity,0.0499739621278619,0.0493921732446926,selected
ml,kmeans_templates,context,low,0.05,100000,0,opc,0.0494050155055283,0.0493921732446926,selected
ml,kmeans_templates,context,low,0.05,100000,1,no_propensity,0.0499790574438128,0.0494842785581161,selected
ml,kmeans_templates,context,low,0.05,100000,1,opc,0.0496098895479251,0.0494842785581161,selected
ml,kmeans_templates,context,low,0.05,100000,2,no_propensity,0.0499690530857362,0.0494173384520355,selected
ml,kmeans_templates,context,low,0.05,100000,2,opc,0.0494374147288142,0.0494173384520355,selected
ml,kmeans_templates,context,low,0.05,100000,3,no_propensity,0.0499755786463621,0.0494008502741158,selected
ml,kmeans_templates,context,low,0.05,100000,3,opc,0.0495074722002861,0.0494008502741158,selected
ml,kmeans_templates,context,low,0.05,100000,4,no_propensity,0.0499772627080308,0.0494797975761023,selected
ml,kmeans_templates,context,low,0.05,100000,4,opc,0.0495233666147076,0.0494797975761023,selected
ml,kmeans_templates,context,medium,0.05,5000,0,no_propensity,0.0496959842367054,0.049136977115994,selected
ml,kmeans_templates,context,medium,0.05,5000,0,opc,0.0490324287471553,0.049136977115994,selected
ml,kmeans_templates,context,medium,0.05,5000,1,no_propensity,0.0495650592375693,0.0494402888742142,selected
ml,kmeans_templates,context,medium,0.05,5000,1,opc,0.0495150124328331,0.0494402888742142,selected
ml,kmeans_templates,context,medium,0.05,5000,2,no_propensity,0.0498230964478741,0.0492065579942153,selected
ml,kmeans_templates,context,medium,0.05,5000,2,opc,0.0492376065093001,0.0492065579942153,selected
ml,kmeans_templates,context,medium,0.05,5000,3,no_propensity,0.0498265694289256,0.0492010900159723,selected
ml,kmeans_templates,context,medium,0.05,5000,3,opc,0.0493771393229496,0.0492010900159723,selected
ml,kmeans_templates,context,medium,0.05,5000,4,no_propensity,0.0497845852355404,0.0493947719733825,selected
ml,kmeans_templates,context,medium,0.05,5000,4,opc,0.049301745793577,0.0493947719733825,selected
ml,kmeans_templates,context,medium,0.05,25000,0,no_propensity,0.0498914598520221,0.049136977115994,selected
ml,kmeans_templates,context,medium,0.05,25000,0,opc,0.0490468377764173,0.049136977115994,selected
ml,kmeans_templates,context,medium,0.05,25000,1,no_propensity,0.0499611039365212,0.0494402888742142,selected
ml,kmeans_templates,context,medium,0.05,25000,1,opc,0.0494258600628003,0.0494402888742142,selected
ml,kmeans_templates,context,medium,0.05,25000,2,no_propensity,0.0496827090553553,0.0492065579942153,selected
ml,kmeans_templates,context,medium,0.05,25000,2,opc,0.049169823745995,0.0492065579942153,selected
ml,kmeans_templates,context,medium,0.05,25000,3,no_propensity,0.049743583037827,0.0492010900159723,selected
ml,kmeans_templates,context,medium,0.05,25000,3,opc,0.0492519499533419,0.0492010900159723,selected
ml,kmeans_templates,context,medium,0.05,25000,4,no_propensity,0.0498240336439414,0.0493947719733825,selected
ml,kmeans_templates,context,medium,0.05,25000,4,opc,0.049409200506507,0.0493947719733825,selected
ml,kmeans_templates,context,medium,0.05,50000,0,no_propensity,0.0498958967069243,0.049136977115994,selected
ml,kmeans_templates,context,medium,0.05,50000,0,opc,0.0492616673365531,0.049136977115994,selected
ml,kmeans_templates,context,medium,0.05,50000,1,no_propensity,0.0499189747347481,0.0494402888742142,selected
ml,kmeans_templates,context,medium,0.05,50000,1,opc,0.0494358710843875,0.0494402888742142,selected
ml,kmeans_templates,context,medium,0.05,50000,2,no_propensity,0.0499450477027421,0.0492065579942153,selected
ml,kmeans_templates,context,medium,0.05,50000,2,opc,0.0495033699063063,0.0492065579942153,selected
ml,kmeans_templates,context,medium,0.05,50000,3,no_propensity,0.049959878224964,0.0492010900159723,selected
ml,kmeans_templates,context,medium,0.05,50000,3,opc,0.0493457475826108,0.0492010900159723,selected
ml,kmeans_templates,context,medium,0.05,50000,4,no_propensity,0.0499155899444221,0.0493947719733825,selected
ml,kmeans_templates,context,medium,0.05,50000,4,opc,0.0493981853253933,0.0493947719733825,selected
ml,kmeans_templates,context,medium,0.05,100000,0,no_propensity,0.0499412498822978,0.049136977115994,selected
ml,kmeans_templates,context,medium,0.05,100000,0,opc,0.0494368658673321,0.049136977115994,selected
ml,kmeans_templates,context,medium,0.05,100000,1,no_propensity,0.0499755889427052,0.0494402888742142,selected
ml,kmeans_templates,context,medium,0.05,100000,1,opc,0.049438954495785,0.0494402888742142,selected
ml,kmeans_templates,context,medium,0.05,100000,2,no_propensity,0.049959541573969,0.0492065579942153,selected
ml,kmeans_templates,context,medium,0.05,100000,2,opc,0.0493260949584833,0.0492065579942153,selected
ml,kmeans_templates,context,medium,0.05,100000,3,no_propensity,0.0499727673880491,0.0492010900159723,selected
ml,kmeans_templates,context,medium,0.05,100000,3,opc,0.0493264533458884,0.0492010900159723,selected
ml,kmeans_templates,context,medium,0.05,100000,4,no_propensity,0.049938785332991,0.0493947719733825,selected
ml,kmeans_templates,context,medium,0.05,100000,4,opc,0.0495989183466783,0.0493947719733825,selected
ml,kmeans_templates,metadata,brutal,0.05,5000,0,no_propensity,0.0494810316893991,0.0483336438363672,selected
ml,kmeans_templates,metadata,brutal,0.05,5000,0,opc,0.0480038403835229,0.0483336438363672,selected
ml,kmeans_templates,metadata,brutal,0.05,5000,1,no_propensity,0.0492888576196949,0.0486852170264628,selected
ml,kmeans_templates,metadata,brutal,0.05,5000,1,opc,0.048675302370564,0.0486852170264628,selected
ml,kmeans_templates,metadata,brutal,0.05,5000,2,no_propensity,0.0478307187559879,0.0471111837169598,selected
ml,kmeans_templates,metadata,brutal,0.05,5000,2,opc,0.0472357913632529,0.0471111837169598,selected
ml,kmeans_templates,metadata,brutal,0.05,5000,3,no_propensity,0.0469089663719127,0.0476569946382313,selected
ml,kmeans_templates,metadata,brutal,0.05,5000,3,opc,0.04744942539969,0.0476569946382313,selected
ml,kmeans_templates,metadata,brutal,0.05,5000,4,no_propensity,0.0485392743599919,0.0468878473517264,selected
ml,kmeans_templates,metadata,brutal,0.05,5000,4,opc,0.0456284700588077,0.0468878473517264,selected
ml,kmeans_templates,metadata,brutal,0.05,25000,0,no_propensity,0.0495501679235601,0.0483336438363672,selected
ml,kmeans_templates,metadata,brutal,0.05,25000,0,opc,0.0481030190017427,0.0483336438363672,selected
ml,kmeans_templates,metadata,brutal,0.05,25000,1,no_propensity,0.0495329462329663,0.0486852170264628,selected
ml,kmeans_templates,metadata,brutal,0.05,25000,1,opc,0.0486792756766189,0.0486852170264628,selected
ml,kmeans_templates,metadata,brutal,0.05,25000,2,no_propensity,0.0488901121178241,0.0471111837169598,selected
ml,kmeans_templates,metadata,brutal,0.05,25000,2,opc,0.0471076866699836,0.0471111837169598,selected
ml,kmeans_templates,metadata,brutal,0.05,25000,3,no_propensity,0.0480175142145898,0.0476569946382313,selected
ml,kmeans_templates,metadata,brutal,0.05,25000,3,opc,0.0476242346150996,0.0476569946382313,selected
ml,kmeans_templates,metadata,brutal,0.05,25000,4,no_propensity,0.0489657776312184,0.0468878473517264,selected
ml,kmeans_templates,metadata,brutal,0.05,25000,4,opc,0.0470678339455191,0.0468878473517264,selected
ml,kmeans_templates,metadata,brutal,0.05,50000,0,no_propensity,0.0496224342801118,0.0483336438363672,selected
ml,kmeans_templates,metadata,brutal,0.05,50000,0,opc,0.0485314030435861,0.0483336438363672,selected
ml,kmeans_templates,metadata,brutal,0.05,50000,1,no_propensity,0.0496891540359978,0.0486852170264628,selected
ml,kmeans_templates,metadata,brutal,0.05,50000,1,opc,0.0483225406456671,0.0486852170264628,selected
ml,kmeans_templates,metadata,brutal,0.05,50000,2,no_propensity,0.0475367483956984,0.0471111837169598,selected
ml,kmeans_templates,metadata,brutal,0.05,50000,2,opc,0.0471280571545586,0.0471111837169598,selected
ml,kmeans_templates,metadata,brutal,0.05,50000,3,no_propensity,0.0491922598954348,0.0476569946382313,selected
ml,kmeans_templates,metadata,brutal,0.05,50000,3,opc,0.0477224327091842,0.0476569946382313,selected
ml,kmeans_templates,metadata,brutal,0.05,50000,4,no_propensity,0.0488507251436289,0.0468878473517264,selected
ml,kmeans_templates,metadata,brutal,0.05,50000,4,opc,0.0468985402916538,0.0468878473517264,selected
ml,kmeans_templates,metadata,brutal,0.05,100000,0,no_propensity,0.0496857282669342,0.0483336438363672,selected
ml,kmeans_templates,metadata,brutal,0.05,100000,0,opc,0.0484704657633248,0.0483336438363672,selected
ml,kmeans_templates,metadata,brutal,0.05,100000,1,no_propensity,0.0495652119409334,0.0486852170264628,selected
ml,kmeans_templates,metadata,brutal,0.05,100000,1,opc,0.0488211802641741,0.0486852170264628,selected
ml,kmeans_templates,metadata,brutal,0.05,100000,2,no_propensity,0.0480812188587394,0.0471111837169598,selected
ml,kmeans_templates,metadata,brutal,0.05,100000,2,opc,0.0475777303615668,0.0471111837169598,selected
ml,kmeans_templates,metadata,brutal,0.05,100000,3,no_propensity,0.048733277854051,0.0476569946382313,selected
ml,kmeans_templates,metadata,brutal,0.05,100000,3,opc,0.0477555195206411,0.0476569946382313,selected
ml,kmeans_templates,metadata,brutal,0.05,100000,4,no_propensity,0.0495483384298564,0.0468878473517264,selected
ml,kmeans_templates,metadata,brutal,0.05,100000,4,opc,0.0476961556863926,0.0468878473517264,selected
ml,kmeans_templates,metadata,extreme,0.05,5000,0,no_propensity,0.0492070088049729,0.0487495462989563,selected
ml,kmeans_templates,metadata,extreme,0.05,5000,0,opc,0.0486086923407909,0.0487495462989563,selected
ml,kmeans_templates,metadata,extreme,0.05,5000,1,no_propensity,0.0496937339915767,0.0490334445806698,selected
ml,kmeans_templates,metadata,extreme,0.05,5000,1,opc,0.0492871268736505,0.0490334445806698,selected
ml,kmeans_templates,metadata,extreme,0.05,5000,2,no_propensity,0.0481538584379856,0.0481010572132755,selected
ml,kmeans_templates,metadata,extreme,0.05,5000,2,opc,0.0480150549821983,0.0481010572132755,selected
ml,kmeans_templates,metadata,extreme,0.05,5000,3,no_propensity,0.049384950381586,0.0484583491135662,selected
ml,kmeans_templates,metadata,extreme,0.05,5000,3,opc,0.0490016590318507,0.0484583491135662,selected
ml,kmeans_templates,metadata,extreme,0.05,5000,4,no_propensity,0.0483980151684086,0.0480174153978949,selected
ml,kmeans_templates,metadata,extreme,0.05,5000,4,opc,0.0480600465071037,0.0480174153978949,selected
ml,kmeans_templates,metadata,extreme,0.05,25000,0,no_propensity,0.0497723309970291,0.0487495462989563,selected
ml,kmeans_templates,metadata,extreme,0.05,25000,0,opc,0.0489494502709722,0.0487495462989563,selected
ml,kmeans_templates,metadata,extreme,0.05,25000,1,no_propensity,0.0498520851029018,0.0490334445806698,selected
ml,kmeans_templates,metadata,extreme,0.05,25000,1,opc,0.04863381595835,0.0490334445806698,selected
ml,kmeans_templates,metadata,extreme,0.05,25000,2,no_propensity,0.0488574805701637,0.0481010572132755,selected
ml,kmeans_templates,metadata,extreme,0.05,25000,2,opc,0.0482086301979163,0.0481010572132755,selected
ml,kmeans_templates,metadata,extreme,0.05,25000,3,no_propensity,0.0494445448411144,0.0484583491135662,selected
ml,kmeans_templates,metadata,extreme,0.05,25000,3,opc,0.0486184479197894,0.0484583491135662,selected
ml,kmeans_templates,metadata,extreme,0.05,25000,4,no_propensity,0.0494463655832021,0.0480174153978949,selected
ml,kmeans_templates,metadata,extreme,0.05,25000,4,opc,0.0479778963804034,0.0480174153978949,selected
ml,kmeans_templates,metadata,extreme,0.05,50000,0,no_propensity,0.0498281467797594,0.0487495462989563,selected
ml,kmeans_templates,metadata,extreme,0.05,50000,0,opc,0.048960816717244,0.0487495462989563,selected
ml,kmeans_templates,metadata,extreme,0.05,50000,1,no_propensity,0.0498960114503591,0.0490334445806698,selected
ml,kmeans_templates,metadata,extreme,0.05,50000,1,opc,0.0490061981995504,0.0490334445806698,selected
ml,kmeans_templates,metadata,extreme,0.05,50000,2,no_propensity,0.0497399132132324,0.0481010572132755,selected
ml,kmeans_templates,metadata,extreme,0.05,50000,2,opc,0.0489718962139406,0.0481010572132755,selected
ml,kmeans_templates,metadata,extreme,0.05,50000,3,no_propensity,0.0493084621447023,0.0484583491135662,selected
ml,kmeans_templates,metadata,extreme,0.05,50000,3,opc,0.0485255258926164,0.0484583491135662,selected
ml,kmeans_templates,metadata,extreme,0.05,50000,4,no_propensity,0.0499197573864168,0.0480174153978949,selected
ml,kmeans_templates,metadata,extreme,0.05,50000,4,opc,0.0476809408371751,0.0480174153978949,selected
ml,kmeans_templates,metadata,extreme,0.05,100000,0,no_propensity,0.0498485675319572,0.0487495462989563,selected
ml,kmeans_templates,metadata,extreme,0.05,100000,0,opc,0.0488942596275176,0.0487495462989563,selected
ml,kmeans_templates,metadata,extreme,0.05,100000,1,no_propensity,0.0499059582086841,0.0490334445806698,selected
ml,kmeans_templates,metadata,extreme,0.05,100000,1,opc,0.049010936735658,0.0490334445806698,selected
ml,kmeans_templates,metadata,extreme,0.05,100000,2,no_propensity,0.0497961203269853,0.0481010572132755,selected
ml,kmeans_templates,metadata,extreme,0.05,100000,2,opc,0.0481147020008753,0.0481010572132755,selected
ml,kmeans_templates,metadata,extreme,0.05,100000,3,no_propensity,0.0498290275078363,0.0484583491135662,selected
ml,kmeans_templates,metadata,extreme,0.05,100000,3,opc,0.0484060750021498,0.0484583491135662,selected
ml,kmeans_templates,metadata,extreme,0.05,100000,4,no_propensity,0.049907974931575,0.0480174153978949,selected
ml,kmeans_templates,metadata,extreme,0.05,100000,4,opc,0.0482813960328346,0.0480174153978949,selected
ml,kmeans_templates,metadata,high,0.05,5000,0,no_propensity,0.0497367010188571,0.0492097793541848,selected
ml,kmeans_templates,metadata,high,0.05,5000,0,opc,0.0491139415027216,0.0492097793541848,selected
ml,kmeans_templates,metadata,high,0.05,5000,1,no_propensity,0.0498536076337455,0.0493404184265193,selected
ml,kmeans_templates,metadata,high,0.05,5000,1,opc,0.0491867300078446,0.0493404184265193,selected
ml,kmeans_templates,metadata,high,0.05,5000,2,no_propensity,0.0494910374379552,0.0490257140623287,selected
ml,kmeans_templates,metadata,high,0.05,5000,2,opc,0.0492035675750807,0.0490257140623287,selected
ml,kmeans_templates,metadata,high,0.05,5000,3,no_propensity,0.0499262146090164,0.0491809027580983,selected
ml,kmeans_templates,metadata,high,0.05,5000,3,opc,0.0492159318267296,0.0491809027580983,selected
ml,kmeans_templates,metadata,high,0.05,5000,4,no_propensity,0.0494311883781011,0.0490068696983157,selected
ml,kmeans_templates,metadata,high,0.05,5000,4,opc,0.0489248991785511,0.0490068696983157,selected
ml,kmeans_templates,metadata,high,0.05,25000,0,no_propensity,0.0499266618853126,0.0492097793541848,selected
ml,kmeans_templates,metadata,high,0.05,25000,0,opc,0.0492935019756022,0.0492097793541848,selected
ml,kmeans_templates,metadata,high,0.05,25000,1,no_propensity,0.0499119721860448,0.0493404184265193,selected
ml,kmeans_templates,metadata,high,0.05,25000,1,opc,0.0493536400685448,0.0493404184265193,selected
ml,kmeans_templates,metadata,high,0.05,25000,2,no_propensity,0.0498144190274679,0.0490257140623287,selected
ml,kmeans_templates,metadata,high,0.05,25000,2,opc,0.0490159872118971,0.0490257140623287,selected
ml,kmeans_templates,metadata,high,0.05,25000,3,no_propensity,0.0497266579773477,0.0491809027580983,selected
ml,kmeans_templates,metadata,high,0.05,25000,3,opc,0.0490869841112516,0.0491809027580983,selected
ml,kmeans_templates,metadata,high,0.05,25000,4,no_propensity,0.0495356177568691,0.0490068696983157,selected
ml,kmeans_templates,metadata,high,0.05,25000,4,opc,0.0494419868998537,0.0490068696983157,selected
ml,kmeans_templates,metadata,high,0.05,50000,0,no_propensity,0.0498777391272453,0.0492097793541848,selected
ml,kmeans_templates,metadata,high,0.05,50000,0,opc,0.0491857807283871,0.0492097793541848,selected
ml,kmeans_templates,metadata,high,0.05,50000,1,no_propensity,0.0499573104077166,0.0493404184265193,selected
ml,kmeans_templates,metadata,high,0.05,50000,1,opc,0.0492043273645197,0.0493404184265193,selected
ml,kmeans_templates,metadata,high,0.05,50000,2,no_propensity,0.0499549586425197,0.0490257140623287,selected
ml,kmeans_templates,metadata,high,0.05,50000,2,opc,0.0490479404395665,0.0490257140623287,selected
ml,kmeans_templates,metadata,high,0.05,50000,3,no_propensity,0.0499465294827303,0.0491809027580983,selected
ml,kmeans_templates,metadata,high,0.05,50000,3,opc,0.049399321356382,0.0491809027580983,selected
ml,kmeans_templates,metadata,high,0.05,50000,4,no_propensity,0.0499446815096115,0.0490068696983157,selected
ml,kmeans_templates,metadata,high,0.05,50000,4,opc,0.0492555555517501,0.0490068696983157,selected
ml,kmeans_templates,metadata,high,0.05,100000,0,no_propensity,0.0499458133257001,0.0492097793541848,selected
ml,kmeans_templates,metadata,high,0.05,100000,0,opc,0.0493591213541601,0.0492097793541848,selected
ml,kmeans_templates,metadata,high,0.05,100000,1,no_propensity,0.0499704013015186,0.0493404184265193,selected
ml,kmeans_templates,metadata,high,0.05,100000,1,opc,0.0493351234854156,0.0493404184265193,selected
ml,kmeans_templates,metadata,high,0.05,100000,2,no_propensity,0.0499548272270941,0.0490257140623287,selected
ml,kmeans_templates,metadata,high,0.05,100000,2,opc,0.0490210696724512,0.0490257140623287,selected
ml,kmeans_templates,metadata,high,0.05,100000,3,no_propensity,0.0499686631532924,0.0491809027580983,selected
ml,kmeans_templates,metadata,high,0.05,100000,3,opc,0.0491522480953843,0.0491809027580983,selected
ml,kmeans_templates,metadata,high,0.05,100000,4,no_propensity,0.0499488389132768,0.0490068696983157,selected
ml,kmeans_templates,metadata,high,0.05,100000,4,opc,0.0491544243023584,0.0490068696983157,selected
ml,kmeans_templates,metadata,low,0.05,5000,0,no_propensity,0.0498463079336006,0.0495645657207356,selected
ml,kmeans_templates,metadata,low,0.05,5000,0,opc,0.0494850803238172,0.0495645657207356,selected
ml,kmeans_templates,metadata,low,0.05,5000,1,no_propensity,0.0499038896430126,0.0495587490547782,selected
ml,kmeans_templates,metadata,low,0.05,5000,1,opc,0.0497418549947019,0.0495587490547782,selected
ml,kmeans_templates,metadata,low,0.05,5000,2,no_propensity,0.0499277675558214,0.0495645025806952,selected
ml,kmeans_templates,metadata,low,0.05,5000,2,opc,0.0496674168444333,0.0495645025806952,selected
ml,kmeans_templates,metadata,low,0.05,5000,3,no_propensity,0.0499668836788042,0.0495665836309931,selected
ml,kmeans_templates,metadata,low,0.05,5000,3,opc,0.0495933275928544,0.0495665836309931,selected
ml,kmeans_templates,metadata,low,0.05,5000,4,no_propensity,0.0498067480998669,0.0495649042895053,selected
ml,kmeans_templates,metadata,low,0.05,5000,4,opc,0.0491987644348653,0.0495649042895053,selected
ml,kmeans_templates,metadata,low,0.05,25000,0,no_propensity,0.0499016467226183,0.0495645657207356,selected
ml,kmeans_templates,metadata,low,0.05,25000,0,opc,0.0495590355240883,0.0495645657207356,selected
ml,kmeans_templates,metadata,low,0.05,25000,1,no_propensity,0.049910976095606,0.0495587490547782,selected
ml,kmeans_templates,metadata,low,0.05,25000,1,opc,0.0484888551618366,0.0495587490547782,selected
ml,kmeans_templates,metadata,low,0.05,25000,2,no_propensity,0.0498414869912456,0.0495645025806952,selected
ml,kmeans_templates,metadata,low,0.05,25000,2,opc,0.0495524488021027,0.0495645025806952,selected
ml,kmeans_templates,metadata,low,0.05,25000,3,no_propensity,0.0499018027835191,0.0495665836309931,selected
ml,kmeans_templates,metadata,low,0.05,25000,3,opc,0.0496380774451797,0.0495665836309931,selected
ml,kmeans_templates,metadata,low,0.05,25000,4,no_propensity,0.0498876015570415,0.0495649042895053,selected
ml,kmeans_templates,metadata,low,0.05,25000,4,opc,0.0495342489026045,0.0495649042895053,selected
ml,kmeans_templates,metadata,low,0.05,50000,0,no_propensity,0.0499467271885101,0.0495645657207356,selected
ml,kmeans_templates,metadata,low,0.05,50000,0,opc,0.0495642629220232,0.0495645657207356,selected
ml,kmeans_templates,metadata,low,0.05,50000,1,no_propensity,0.0499714930658786,0.0495587490547782,selected
ml,kmeans_templates,metadata,low,0.05,50000,1,opc,0.0495967322218444,0.0495587490547782,selected
ml,kmeans_templates,metadata,low,0.05,50000,2,no_propensity,0.0499741730682627,0.0495645025806952,selected
ml,kmeans_templates,metadata,low,0.05,50000,2,opc,0.0496166399678844,0.0495645025806952,selected
ml,kmeans_templates,metadata,low,0.05,50000,3,no_propensity,0.0499715682793679,0.0495665836309931,selected
ml,kmeans_templates,metadata,low,0.05,50000,3,opc,0.0495661502776345,0.0495665836309931,selected
ml,kmeans_templates,metadata,low,0.05,50000,4,no_propensity,0.0499765225942901,0.0495649042895053,selected
ml,kmeans_templates,metadata,low,0.05,50000,4,opc,0.0495582500598074,0.0495649042895053,selected
ml,kmeans_templates,metadata,low,0.05,100000,0,no_propensity,0.0499829494087909,0.0495645657207356,selected
ml,kmeans_templates,metadata,low,0.05,100000,0,opc,0.0494801663640605,0.0495645657207356,selected
ml,kmeans_templates,metadata,low,0.05,100000,1,no_propensity,0.0499292911656695,0.0495587490547782,selected
ml,kmeans_templates,metadata,low,0.05,100000,1,opc,0.0495580226959739,0.0495587490547782,selected
ml,kmeans_templates,metadata,low,0.05,100000,2,no_propensity,0.049981857825539,0.0495645025806952,selected
ml,kmeans_templates,metadata,low,0.05,100000,2,opc,0.0495034685998058,0.0495645025806952,selected
ml,kmeans_templates,metadata,low,0.05,100000,3,no_propensity,0.0499768838506608,0.0495665836309931,selected
ml,kmeans_templates,metadata,low,0.05,100000,3,opc,0.049220995097557,0.0495665836309931,selected
ml,kmeans_templates,metadata,low,0.05,100000,4,no_propensity,0.0499786762282,0.0495649042895053,selected
ml,kmeans_templates,metadata,low,0.05,100000,4,opc,0.0495711030247587,0.0495649042895053,selected
ml,kmeans_templates,metadata,medium,0.05,5000,0,no_propensity,0.0498916007586494,0.0494065197820925,selected
ml,kmeans_templates,metadata,medium,0.05,5000,0,opc,0.0494342698963108,0.0494065197820925,selected
ml,kmeans_templates,metadata,medium,0.05,5000,1,no_propensity,0.04991124149964,0.0494612371841995,selected
ml,kmeans_templates,metadata,medium,0.05,5000,1,opc,0.0492672644762276,0.0494612371841995,selected
ml,kmeans_templates,metadata,medium,0.05,5000,2,no_propensity,0.0498833394583776,0.0493515662465463,selected
ml,kmeans_templates,metadata,medium,0.05,5000,2,opc,0.0494949188767105,0.0493515662465463,selected
ml,kmeans_templates,metadata,medium,0.05,5000,3,no_propensity,0.0499184787540033,0.0494196814887133,selected
ml,kmeans_templates,metadata,medium,0.05,5000,3,opc,0.0496674580198417,0.0494196814887133,selected
ml,kmeans_templates,metadata,medium,0.05,5000,4,no_propensity,0.0497830958444479,0.0493398046090751,selected
ml,kmeans_templates,metadata,medium,0.05,5000,4,opc,0.0492687545410749,0.0493398046090751,selected
ml,kmeans_templates,metadata,medium,0.05,25000,0,no_propensity,0.0499666580904402,0.0494065197820925,selected
ml,kmeans_templates,metadata,medium,0.05,25000,0,opc,0.0495112506118305,0.0494065197820925,selected
ml,kmeans_templates,metadata,medium,0.05,25000,1,no_propensity,0.0499508007772315,0.0494612371841995,selected
ml,kmeans_templates,metadata,medium,0.05,25000,1,opc,0.0495241466215798,0.0494612371841995,selected
ml,kmeans_templates,metadata,medium,0.05,25000,2,no_propensity,0.0498134662066463,0.0493515662465463,selected
ml,kmeans_templates,metadata,medium,0.05,25000,2,opc,0.0492790596141788,0.0493515662465463,selected
ml,kmeans_templates,metadata,medium,0.05,25000,3,no_propensity,0.0497595521391629,0.0494196814887133,selected
ml,kmeans_templates,metadata,medium,0.05,25000,3,opc,0.0494237577940931,0.0494196814887133,selected
ml,kmeans_templates,metadata,medium,0.05,25000,4,no_propensity,0.0498546071780295,0.0493398046090751,selected
ml,kmeans_templates,metadata,medium,0.05,25000,4,opc,0.0493188653578503,0.0493398046090751,selected
ml,kmeans_templates,metadata,medium,0.05,50000,0,no_propensity,0.049952443408306,0.0494065197820925,selected
ml,kmeans_templates,metadata,medium,0.05,50000,0,opc,0.0494629773913329,0.0494065197820925,selected
ml,kmeans_templates,metadata,medium,0.05,50000,1,no_propensity,0.0499719711944137,0.0494612371841995,selected
ml,kmeans_templates,metadata,medium,0.05,50000,1,opc,0.0493562757876579,0.0494612371841995,selected
ml,kmeans_templates,metadata,medium,0.05,50000,2,no_propensity,0.0499675449340519,0.0493515662465463,selected
ml,kmeans_templates,metadata,medium,0.05,50000,2,opc,0.0494414397276227,0.0493515662465463,selected
ml,kmeans_templates,metadata,medium,0.05,50000,3,no_propensity,0.0498747492427097,0.0494196814887133,selected
ml,kmeans_templates,metadata,medium,0.05,50000,3,opc,0.0494882071110518,0.0494196814887133,selected
ml,kmeans_templates,metadata,medium,0.05,50000,4,no_propensity,0.0499633406669222,0.0493398046090751,selected
ml,kmeans_templates,metadata,medium,0.05,50000,4,opc,0.0495638749152423,0.0493398046090751,selected
ml,kmeans_templates,metadata,medium,0.05,100000,0,no_propensity,0.0499730974224258,0.0494065197820925,selected
ml,kmeans_templates,metadata,medium,0.05,100000,0,opc,0.0493883644711444,0.0494065197820925,selected
ml,kmeans_templates,metadata,medium,0.05,100000,1,no_propensity,0.0499536581368309,0.0494612371841995,selected
ml,kmeans_templates,metadata,medium,0.05,100000,1,opc,0.0494615253529281,0.0494612371841995,selected
ml,kmeans_templates,metadata,medium,0.05,100000,2,no_propensity,0.0499746429179439,0.0493515662465463,selected
ml,kmeans_templates,metadata,medium,0.05,100000,2,opc,0.0494658889409335,0.0493515662465463,selected
ml,kmeans_templates,metadata,medium,0.05,100000,3,no_propensity,0.0499681026526501,0.0494196814887133,selected
ml,kmeans_templates,metadata,medium,0.05,100000,3,opc,0.0492793988660366,0.0494196814887133,selected
ml,kmeans_templates,metadata,medium,0.05,100000,4,no_propensity,0.0499602799373273,0.0493398046090751,selected
ml,kmeans_templates,metadata,medium,0.05,100000,4,opc,0.0495919347528241,0.0493398046090751,selected
ml,kmeans_templates,action,brutal,0.05,5000,0,no_propensity,0.0472196504499876,0.0466157293267131,oracle
ml,kmeans_templates,action,brutal,0.05,5000,0,opc,0.047178129091495,0.0466157293267131,oracle
ml,kmeans_templates,action,brutal,0.05,5000,1,no_propensity,0.0475824897913896,0.0472428440534382,oracle
ml,kmeans_templates,action,brutal,0.05,5000,1,opc,0.0475656373498777,0.0472428440534382,oracle
ml,kmeans_templates,action,brutal,0.05,5000,2,no_propensity,0.047576852369288,0.0469590268046477,oracle
ml,kmeans_templates,action,brutal,0.05,5000,2,opc,0.0475023661756149,0.0469590268046477,oracle
ml,kmeans_templates,action,brutal,0.05,5000,3,no_propensity,0.046892736053911,0.046602650168757,oracle
ml,kmeans_templates,action,brutal,0.05,5000,3,opc,0.0470224169269967,0.046602650168757,oracle
ml,kmeans_templates,action,brutal,0.05,5000,4,no_propensity,0.0473977405260651,0.0467027704858169,oracle
ml,kmeans_templates,action,brutal,0.05,5000,4,opc,0.0472660182463359,0.0467027704858169,oracle
ml,kmeans_templates,action,brutal,0.05,25000,0,no_propensity,0.0482120263147004,0.0466157293267131,oracle
ml,kmeans_templates,action,brutal,0.05,25000,0,opc,0.0472375953375243,0.0466157293267131,oracle
ml,kmeans_templates,action,brutal,0.05,25000,1,no_propensity,0.0481374794819181,0.0472428440534382,oracle
ml,kmeans_templates,action,brutal,0.05,25000,1,opc,0.0476472375323751,0.0472428440534382,oracle
ml,kmeans_templates,action,brutal,0.05,25000,2,no_propensity,0.0480945354720317,0.0469590268046477,oracle
ml,kmeans_templates,action,brutal,0.05,25000,2,opc,0.0475615293810204,0.0469590268046477,oracle
ml,kmeans_templates,action,brutal,0.05,25000,3,no_propensity,0.0476976426392655,0.046602650168757,oracle
ml,kmeans_templates,action,brutal,0.05,25000,3,opc,0.0478291935871219,0.046602650168757,oracle
ml,kmeans_templates,action,brutal,0.05,25000,4,no_propensity,0.0476673686631635,0.0467027704858169,oracle
ml,kmeans_templates,action,brutal,0.05,25000,4,opc,0.0471906900859029,0.0467027704858169,oracle
ml,kmeans_templates,action,brutal,0.05,50000,0,no_propensity,0.0480348354749542,0.0466157293267131,oracle
ml,kmeans_templates,action,brutal,0.05,50000,0,opc,0.0471193812494649,0.0466157293267131,oracle
ml,kmeans_templates,action,brutal,0.05,50000,1,no_propensity,0.0482556304925747,0.0472428440534382,oracle
ml,kmeans_templates,action,brutal,0.05,50000,1,opc,0.047603275128281,0.0472428440534382,oracle
ml,kmeans_templates,action,brutal,0.05,50000,2,no_propensity,0.0480932532357377,0.0469590268046477,oracle
ml,kmeans_templates,action,brutal,0.05,50000,2,opc,0.0474525843770466,0.0469590268046477,oracle
ml,kmeans_templates,action,brutal,0.05,50000,3,no_propensity,0.0480297841806856,0.046602650168757,oracle
ml,kmeans_templates,action,brutal,0.05,50000,3,opc,0.0473350195538829,0.046602650168757,oracle
ml,kmeans_templates,action,brutal,0.05,50000,4,no_propensity,0.0479982173486577,0.0467027704858169,oracle
ml,kmeans_templates,action,brutal,0.05,50000,4,opc,0.0474653304902503,0.0467027704858169,oracle
ml,kmeans_templates,action,brutal,0.05,100000,0,no_propensity,0.0478950202850265,0.0466157293267131,oracle
ml,kmeans_templates,action,brutal,0.05,100000,0,opc,0.0475471692207913,0.0466157293267131,oracle
ml,kmeans_templates,action,brutal,0.05,100000,1,no_propensity,0.0483543866350364,0.0472428440534382,oracle
ml,kmeans_templates,action,brutal,0.05,100000,1,opc,0.0477332003453156,0.0472428440534382,oracle
ml,kmeans_templates,action,brutal,0.05,100000,2,no_propensity,0.0482661766271483,0.0469590268046477,oracle
ml,kmeans_templates,action,brutal,0.05,100000,2,opc,0.0481383534541181,0.0469590268046477,oracle
ml,kmeans_templates,action,brutal,0.05,100000,3,no_propensity,0.0480769862681107,0.046602650168757,oracle
ml,kmeans_templates,action,brutal,0.05,100000,3,opc,0.0474479196331549,0.046602650168757,oracle
ml,kmeans_templates,action,brutal,0.05,100000,4,no_propensity,0.0479364899525542,0.0467027704858169,oracle
ml,kmeans_templates,action,brutal,0.05,100000,4,opc,0.0475015253658785,0.0467027704858169,oracle
ml,kmeans_templates,action,extreme,0.05,5000,0,no_propensity,0.047894627463174,0.047214446646648,oracle
ml,kmeans_templates,action,extreme,0.05,5000,0,opc,0.0481332293815194,0.047214446646648,oracle
ml,kmeans_templates,action,extreme,0.05,5000,1,no_propensity,0.0480338741699779,0.0475615721433665,oracle
ml,kmeans_templates,action,extreme,0.05,5000,1,opc,0.047842985191304,0.0475615721433665,oracle
ml,kmeans_templates,action,extreme,0.05,5000,2,no_propensity,0.0480259139481939,0.0474672099741214,oracle
ml,kmeans_templates,action,extreme,0.05,5000,2,opc,0.0478544617869567,0.0474672099741214,oracle
ml,kmeans_templates,action,extreme,0.05,5000,3,no_propensity,0.0482137437891462,0.0470871931671049,oracle
ml,kmeans_templates,action,extreme,0.05,5000,3,opc,0.0477741922208724,0.0470871931671049,oracle
ml,kmeans_templates,action,extreme,0.05,5000,4,no_propensity,0.0485071089680631,0.0473316286445249,oracle
ml,kmeans_templates,action,extreme,0.05,5000,4,opc,0.0480240996182664,0.0473316286445249,oracle
ml,kmeans_templates,action,extreme,0.05,25000,0,no_propensity,0.0486448407819156,0.047214446646648,oracle
ml,kmeans_templates,action,extreme,0.05,25000,0,opc,0.0476066991175732,0.047214446646648,oracle
ml,kmeans_templates,action,extreme,0.05,25000,1,no_propensity,0.048780418908821,0.0475615721433665,oracle
ml,kmeans_templates,action,extreme,0.05,25000,1,opc,0.0479535054629303,0.0475615721433665,oracle
ml,kmeans_templates,action,extreme,0.05,25000,2,no_propensity,0.048539698037542,0.0474672099741214,oracle
ml,kmeans_templates,action,extreme,0.05,25000,2,opc,0.0481985264865696,0.0474672099741214,oracle
ml,kmeans_templates,action,extreme,0.05,25000,3,no_propensity,0.048919717943784,0.0470871931671049,oracle
ml,kmeans_templates,action,extreme,0.05,25000,3,opc,0.047658182208364,0.0470871931671049,oracle
ml,kmeans_templates,action,extreme,0.05,25000,4,no_propensity,0.0488583508874456,0.0473316286445249,oracle
ml,kmeans_templates,action,extreme,0.05,25000,4,opc,0.047826535041174,0.0473316286445249,oracle
ml,kmeans_templates,action,extreme,0.05,50000,0,no_propensity,0.0490582018312453,0.047214446646648,oracle
ml,kmeans_templates,action,extreme,0.05,50000,0,opc,0.0479011223728916,0.047214446646648,oracle
ml,kmeans_templates,action,extreme,0.05,50000,1,no_propensity,0.0490745600703052,0.0475615721433665,oracle
ml,kmeans_templates,action,extreme,0.05,50000,1,opc,0.0479745717951177,0.0475615721433665,oracle
ml,kmeans_templates,action,extreme,0.05,50000,2,no_propensity,0.0493214686067938,0.0474672099741214,oracle
ml,kmeans_templates,action,extreme,0.05,50000,2,opc,0.0482751824669955,0.0474672099741214,oracle
ml,kmeans_templates,action,extreme,0.05,50000,3,no_propensity,0.0488117728992346,0.0470871931671049,oracle
ml,kmeans_templates,action,extreme,0.05,50000,3,opc,0.0479779342268479,0.0470871931671049,oracle
ml,kmeans_templates,action,extreme,0.05,50000,4,no_propensity,0.049097882081532,0.0473316286445249,oracle
ml,kmeans_templates,action,extreme,0.05,50000,4,opc,0.0481238025668337,0.0473316286445249,oracle
ml,kmeans_templates,action,extreme,0.05,100000,0,no_propensity,0.0491338129146192,0.047214446646648,oracle
ml,kmeans_templates,action,extreme,0.05,100000,0,opc,0.0480545175824127,0.047214446646648,oracle
ml,kmeans_templates,action,extreme,0.05,100000,1,no_propensity,0.0492126699528523,0.0475615721433665,oracle
ml,kmeans_templates,action,extreme,0.05,100000,1,opc,0.0479059442930057,0.0475615721433665,oracle
ml,kmeans_templates,action,extreme,0.05,100000,2,no_propensity,0.0492932544308142,0.0474672099741214,oracle
ml,kmeans_templates,action,extreme,0.05,100000,2,opc,0.0485537635415573,0.0474672099741214,oracle
ml,kmeans_templates,action,extreme,0.05,100000,3,no_propensity,0.049108742144491,0.0470871931671049,oracle
ml,kmeans_templates,action,extreme,0.05,100000,3,opc,0.0485442006731304,0.0470871931671049,oracle
ml,kmeans_templates,action,extreme,0.05,100000,4,no_propensity,0.0491275167383084,0.0473316286445249,oracle
ml,kmeans_templates,action,extreme,0.05,100000,4,opc,0.048116079025426,0.0473316286445249,oracle
ml,kmeans_templates,action,high,0.05,5000,0,no_propensity,0.0490618392458133,0.0482957077058575,oracle
ml,kmeans_templates,action,high,0.05,5000,0,opc,0.0489895090360621,0.0482957077058575,oracle
ml,kmeans_templates,action,high,0.05,5000,1,no_propensity,0.049270325451945,0.048376614634751,oracle
ml,kmeans_templates,action,high,0.05,5000,1,opc,0.0487972771531035,0.048376614634751,oracle
ml,kmeans_templates,action,high,0.05,5000,2,no_propensity,0.0496937926649307,0.0484063424369392,oracle
ml,kmeans_templates,action,high,0.05,5000,2,opc,0.0489319098359429,0.0484063424369392,oracle
ml,kmeans_templates,action,high,0.05,5000,3,no_propensity,0.0490044412641085,0.0481926027612877,oracle
ml,kmeans_templates,action,high,0.05,5000,3,opc,0.0487625887364981,0.0481926027612877,oracle
ml,kmeans_templates,action,high,0.05,5000,4,no_propensity,0.049558323347783,0.04838807517565,oracle
ml,kmeans_templates,action,high,0.05,5000,4,opc,0.0486947929411412,0.04838807517565,oracle
ml,kmeans_templates,action,high,0.05,25000,0,no_propensity,0.0497112303273453,0.0482957077058575,oracle
ml,kmeans_templates,action,high,0.05,25000,0,opc,0.0487704631850654,0.0482957077058575,oracle
ml,kmeans_templates,action,high,0.05,25000,1,no_propensity,0.0495033441292083,0.048376614634751,oracle
ml,kmeans_templates,action,high,0.05,25000,1,opc,0.0487728882584978,0.048376614634751,oracle
ml,kmeans_templates,action,high,0.05,25000,2,no_propensity,0.0497332106952909,0.0484063424369392,oracle
ml,kmeans_templates,action,high,0.05,25000,2,opc,0.0488652038262032,0.0484063424369392,oracle
ml,kmeans_templates,action,high,0.05,25000,3,no_propensity,0.0495412355969928,0.0481926027612877,oracle
ml,kmeans_templates,action,high,0.05,25000,3,opc,0.0489073517163166,0.0481926027612877,oracle
ml,kmeans_templates,action,high,0.05,25000,4,no_propensity,0.0496919766631807,0.04838807517565,oracle
ml,kmeans_templates,action,high,0.05,25000,4,opc,0.0487186043942572,0.04838807517565,oracle
ml,kmeans_templates,action,high,0.05,50000,0,no_propensity,0.0497680508347141,0.0482957077058575,oracle
ml,kmeans_templates,action,high,0.05,50000,0,opc,0.048894302839543,0.0482957077058575,oracle
ml,kmeans_templates,action,high,0.05,50000,1,no_propensity,0.0497546159652247,0.048376614634751,oracle
ml,kmeans_templates,action,high,0.05,50000,1,opc,0.0491526200496619,0.048376614634751,oracle
ml,kmeans_templates,action,high,0.05,50000,2,no_propensity,0.0498376691695937,0.0484063424369392,oracle
ml,kmeans_templates,action,high,0.05,50000,2,opc,0.0489138122504039,0.0484063424369392,oracle
ml,kmeans_templates,action,high,0.05,50000,3,no_propensity,0.049849865682046,0.0481926027612877,oracle
ml,kmeans_templates,action,high,0.05,50000,3,opc,0.048944115943182,0.0481926027612877,oracle
ml,kmeans_templates,action,high,0.05,50000,4,no_propensity,0.0497885273436273,0.04838807517565,oracle
ml,kmeans_templates,action,high,0.05,50000,4,opc,0.0489345109238115,0.04838807517565,oracle
ml,kmeans_templates,action,high,0.05,100000,0,no_propensity,0.0498845286632945,0.0482957077058575,oracle
ml,kmeans_templates,action,high,0.05,100000,0,opc,0.0492041173308176,0.0482957077058575,oracle
ml,kmeans_templates,action,high,0.05,100000,1,no_propensity,0.0498447878746194,0.048376614634751,oracle
ml,kmeans_templates,action,high,0.05,100000,1,opc,0.0488024652665948,0.048376614634751,oracle
ml,kmeans_templates,action,high,0.05,100000,2,no_propensity,0.0498249227869391,0.0484063424369392,oracle
ml,kmeans_templates,action,high,0.05,100000,2,opc,0.0489227731873687,0.0484063424369392,oracle
ml,kmeans_templates,action,high,0.05,100000,3,no_propensity,0.0498482670494807,0.0481926027612877,oracle
ml,kmeans_templates,action,high,0.05,100000,3,opc,0.0494654491565404,0.0481926027612877,oracle
ml,kmeans_templates,action,high,0.05,100000,4,no_propensity,0.049857444360442,0.04838807517565,oracle
ml,kmeans_templates,action,high,0.05,100000,4,opc,0.049234767776927,0.04838807517565,oracle
ml,kmeans_templates,action,low,0.05,5000,0,no_propensity,0.0499414789209108,0.0494143220917449,oracle
ml,kmeans_templates,action,low,0.05,5000,0,opc,0.0495572439702546,0.0494143220917449,oracle
ml,kmeans_templates,action,low,0.05,5000,1,no_propensity,0.0498820735633387,0.0494137412479531,oracle
ml,kmeans_templates,action,low,0.05,5000,1,opc,0.0496973402828422,0.0494137412479531,oracle
ml,kmeans_templates,action,low,0.05,5000,2,no_propensity,0.049952455387784,0.049422432069098,oracle
ml,kmeans_templates,action,low,0.05,5000,2,opc,0.0497487478354012,0.049422432069098,oracle
ml,kmeans_templates,action,low,0.05,5000,3,no_propensity,0.0499449319086103,0.0494175204532242,oracle
ml,kmeans_templates,action,low,0.05,5000,3,opc,0.0498020912871245,0.0494175204532242,oracle
ml,kmeans_templates,action,low,0.05,5000,4,no_propensity,0.0499038661527532,0.0494217371956612,oracle
ml,kmeans_templates,action,low,0.05,5000,4,opc,0.0495224512298867,0.0494217371956612,oracle
ml,kmeans_templates,action,low,0.05,25000,0,no_propensity,0.0499649101746495,0.0494143220917449,oracle
ml,kmeans_templates,action,low,0.05,25000,0,opc,0.0495729954651974,0.0494143220917449,oracle
ml,kmeans_templates,action,low,0.05,25000,1,no_propensity,0.0499681336046665,0.0494137412479531,oracle
ml,kmeans_templates,action,low,0.05,25000,1,opc,0.0496492881045027,0.0494137412479531,oracle
ml,kmeans_templates,action,low,0.05,25000,2,no_propensity,0.0499654863052671,0.049422432069098,oracle
ml,kmeans_templates,action,low,0.05,25000,2,opc,0.0496611265127975,0.049422432069098,oracle
ml,kmeans_templates,action,low,0.05,25000,3,no_propensity,0.0499685223860872,0.0494175204532242,oracle
ml,kmeans_templates,action,low,0.05,25000,3,opc,0.0495878385579247,0.0494175204532242,oracle
ml,kmeans_templates,action,low,0.05,25000,4,no_propensity,0.049961837144105,0.0494217371956612,oracle
ml,kmeans_templates,action,low,0.05,25000,4,opc,0.0497031433104899,0.0494217371956612,oracle
ml,kmeans_templates,action,low,0.05,50000,0,no_propensity,0.0499688775252934,0.0494143220917449,oracle
ml,kmeans_templates,action,low,0.05,50000,0,opc,0.0496779070394233,0.0494143220917449,oracle
ml,kmeans_templates,action,low,0.05,50000,1,no_propensity,0.0499778313274833,0.0494137412479531,oracle
ml,kmeans_templates,action,low,0.05,50000,1,opc,0.0495999167924695,0.0494137412479531,oracle
ml,kmeans_templates,action,low,0.05,50000,2,no_propensity,0.0499627624965283,0.049422432069098,oracle
ml,kmeans_templates,action,low,0.05,50000,2,opc,0.0495780991865599,0.049422432069098,oracle
ml,kmeans_templates,action,low,0.05,50000,3,no_propensity,0.0499744910425725,0.0494175204532242,oracle
ml,kmeans_templates,action,low,0.05,50000,3,opc,0.0498598596509714,0.0494175204532242,oracle
ml,kmeans_templates,action,low,0.05,50000,4,no_propensity,0.0499790910073821,0.0494217371956612,oracle
ml,kmeans_templates,action,low,0.05,50000,4,opc,0.0497418514451762,0.0494217371956612,oracle
ml,kmeans_templates,action,low,0.05,100000,0,no_propensity,0.0499832718426719,0.0494143220917449,oracle
ml,kmeans_templates,action,low,0.05,100000,0,opc,0.0496920223290427,0.0494143220917449,oracle
ml,kmeans_templates,action,low,0.05,100000,1,no_propensity,0.0499807111772688,0.0494137412479531,oracle
ml,kmeans_templates,action,low,0.05,100000,1,opc,0.0496543315668456,0.0494137412479531,oracle
ml,kmeans_templates,action,low,0.05,100000,2,no_propensity,0.0499779690526538,0.049422432069098,oracle
ml,kmeans_templates,action,low,0.05,100000,2,opc,0.0496147544205065,0.049422432069098,oracle
ml,kmeans_templates,action,low,0.05,100000,3,no_propensity,0.0499757948750178,0.0494175204532242,oracle
ml,kmeans_templates,action,low,0.05,100000,3,opc,0.0496985292163062,0.0494175204532242,oracle
ml,kmeans_templates,action,low,0.05,100000,4,no_propensity,0.0499777331323554,0.0494217371956612,oracle
ml,kmeans_templates,action,low,0.05,100000,4,opc,0.0495363485875752,0.0494217371956612,oracle
ml,kmeans_templates,action,medium,0.05,5000,0,no_propensity,0.04986332560461,0.0489544608348695,oracle
ml,kmeans_templates,action,medium,0.05,5000,0,opc,0.0490054378267733,0.0489544608348695,oracle
ml,kmeans_templates,action,medium,0.05,5000,1,no_propensity,0.0497697283538064,0.0489734201804317,oracle
ml,kmeans_templates,action,medium,0.05,5000,1,opc,0.0494830327156378,0.0489734201804317,oracle
ml,kmeans_templates,action,medium,0.05,5000,2,no_propensity,0.0498586424353333,0.048996904473098,oracle
ml,kmeans_templates,action,medium,0.05,5000,2,opc,0.0493207349148278,0.048996904473098,oracle
ml,kmeans_templates,action,medium,0.05,5000,3,no_propensity,0.0498976274510406,0.0489256006287711,oracle
ml,kmeans_templates,action,medium,0.05,5000,3,opc,0.0495412843498554,0.0489256006287711,oracle
ml,kmeans_templates,action,medium,0.05,5000,4,no_propensity,0.0497776999193865,0.0489931279488378,oracle
ml,kmeans_templates,action,medium,0.05,5000,4,opc,0.0492877166687606,0.0489931279488378,oracle
ml,kmeans_templates,action,medium,0.05,25000,0,no_propensity,0.04990692862427,0.0489544608348695,oracle
ml,kmeans_templates,action,medium,0.05,25000,0,opc,0.049290033519185,0.0489544608348695,oracle
ml,kmeans_templates,action,medium,0.05,25000,1,no_propensity,0.0498529018800552,0.0489734201804317,oracle
ml,kmeans_templates,action,medium,0.05,25000,1,opc,0.049300433891193,0.0489734201804317,oracle
ml,kmeans_templates,action,medium,0.05,25000,2,no_propensity,0.0499170536507596,0.048996904473098,oracle
ml,kmeans_templates,action,medium,0.05,25000,2,opc,0.049442393252473,0.048996904473098,oracle
ml,kmeans_templates,action,medium,0.05,25000,3,no_propensity,0.049936614479814,0.0489256006287711,oracle
ml,kmeans_templates,action,medium,0.05,25000,3,opc,0.0492656738971519,0.0489256006287711,oracle
ml,kmeans_templates,action,medium,0.05,25000,4,no_propensity,0.049926875810278,0.0489931279488378,oracle
ml,kmeans_templates,action,medium,0.05,25000,4,opc,0.049357477575398,0.0489931279488378,oracle
ml,kmeans_templates,action,medium,0.05,50000,0,no_propensity,0.0499324643424376,0.0489544608348695,oracle
ml,kmeans_templates,action,medium,0.05,50000,0,opc,0.0493506461856847,0.0489544608348695,oracle
ml,kmeans_templates,action,medium,0.05,50000,1,no_propensity,0.0499295287496032,0.0489734201804317,oracle
ml,kmeans_templates,action,medium,0.05,50000,1,opc,0.0493716874452308,0.0489734201804317,oracle
ml,kmeans_templates,action,medium,0.05,50000,2,no_propensity,0.0499271139531643,0.048996904473098,oracle
ml,kmeans_templates,action,medium,0.05,50000,2,opc,0.049294424688571,0.048996904473098,oracle
ml,kmeans_templates,action,medium,0.05,50000,3,no_propensity,0.0499588901445611,0.0489256006287711,oracle
ml,kmeans_templates,action,medium,0.05,50000,3,opc,0.0493007825266499,0.0489256006287711,oracle
ml,kmeans_templates,action,medium,0.05,50000,4,no_propensity,0.0499195395855391,0.0489931279488378,oracle
ml,kmeans_templates,action,medium,0.05,50000,4,opc,0.0495342485735652,0.0489931279488378,oracle
ml,kmeans_templates,action,medium,0.05,100000,0,no_propensity,0.0499669607805739,0.0489544608348695,oracle
ml,kmeans_templates,action,medium,0.05,100000,0,opc,0.0494313332484383,0.0489544608348695,oracle
ml,kmeans_templates,action,medium,0.05,100000,1,no_propensity,0.0499443209791851,0.0489734201804317,oracle
ml,kmeans_templates,action,medium,0.05,100000,1,opc,0.0492938337913744,0.0489734201804317,oracle
ml,kmeans_templates,action,medium,0.05,100000,2,no_propensity,0.0499345811804961,0.048996904473098,oracle
ml,kmeans_templates,action,medium,0.05,100000,2,opc,0.0493876838928473,0.048996904473098,oracle
ml,kmeans_templates,action,medium,0.05,100000,3,no_propensity,0.0499614683902132,0.0489256006287711,oracle
ml,kmeans_templates,action,medium,0.05,100000,3,opc,0.0492700476255621,0.0489256006287711,oracle
ml,kmeans_templates,action,medium,0.05,100000,4,no_propensity,0.0499392070491443,0.0489931279488378,oracle
ml,kmeans_templates,action,medium,0.05,100000,4,opc,0.0496492550226882,0.0489931279488378,oracle
ml,kmeans_templates,combined,brutal,0.05,5000,0,no_propensity,0.0458948085791053,0.0453757151109518,oracle
ml,kmeans_templates,combined,brutal,0.05,5000,0,opc,0.0461381954644414,0.0453757151109518,oracle
ml,kmeans_templates,combined,brutal,0.05,5000,1,no_propensity,0.0480725733830343,0.0477221012838836,oracle
ml,kmeans_templates,combined,brutal,0.05,5000,1,opc,0.0482938132824665,0.0477221012838836,oracle
ml,kmeans_templates,combined,brutal,0.05,5000,2,no_propensity,0.0479635798380057,0.0472252309336187,oracle
ml,kmeans_templates,combined,brutal,0.05,5000,2,opc,0.0475844470714165,0.0472252309336187,oracle
ml,kmeans_templates,combined,brutal,0.05,5000,3,no_propensity,0.0483467744757292,0.0480277739082754,oracle
ml,kmeans_templates,combined,brutal,0.05,5000,3,opc,0.0483960410214375,0.0480277739082754,oracle
ml,kmeans_templates,combined,brutal,0.05,5000,4,no_propensity,0.0470046182779516,0.0466125840939772,oracle
ml,kmeans_templates,combined,brutal,0.05,5000,4,opc,0.0472462815253331,0.0466125840939772,oracle
ml,kmeans_templates,combined,brutal,0.05,25000,0,no_propensity,0.0461903522969576,0.0453757151109518,oracle
ml,kmeans_templates,combined,brutal,0.05,25000,0,opc,0.046011247706686,0.0453757151109518,oracle
ml,kmeans_templates,combined,brutal,0.05,25000,1,no_propensity,0.0479687705268027,0.0477221012838836,oracle
ml,kmeans_templates,combined,brutal,0.05,25000,1,opc,0.0481678994804105,0.0477221012838836,oracle
ml,kmeans_templates,combined,brutal,0.05,25000,2,no_propensity,0.0475870205308463,0.0472252309336187,oracle
ml,kmeans_templates,combined,brutal,0.05,25000,2,opc,0.0476197959839719,0.0472252309336187,oracle
ml,kmeans_templates,combined,brutal,0.05,25000,3,no_propensity,0.0482746703449161,0.0480277739082754,oracle
ml,kmeans_templates,combined,brutal,0.05,25000,3,opc,0.0484916973744064,0.0480277739082754,oracle
ml,kmeans_templates,combined,brutal,0.05,25000,4,no_propensity,0.0473579656878426,0.0466125840939772,oracle
ml,kmeans_templates,combined,brutal,0.05,25000,4,opc,0.0473673098205939,0.0466125840939772,oracle
ml,kmeans_templates,combined,brutal,0.05,50000,0,no_propensity,0.045855220399809,0.0453757151109518,oracle
ml,kmeans_templates,combined,brutal,0.05,50000,0,opc,0.0462635618678696,0.0453757151109518,oracle
ml,kmeans_templates,combined,brutal,0.05,50000,1,no_propensity,0.0479655297590864,0.0477221012838836,oracle
ml,kmeans_templates,combined,brutal,0.05,50000,1,opc,0.0486536299886586,0.0477221012838836,oracle
ml,kmeans_templates,combined,brutal,0.05,50000,2,no_propensity,0.0474990708586353,0.0472252309336187,oracle
ml,kmeans_templates,combined,brutal,0.05,50000,2,opc,0.0476518714023824,0.0472252309336187,oracle
ml,kmeans_templates,combined,brutal,0.05,50000,3,no_propensity,0.048307934094594,0.0480277739082754,oracle
ml,kmeans_templates,combined,brutal,0.05,50000,3,opc,0.0484795033179605,0.0480277739082754,oracle
ml,kmeans_templates,combined,brutal,0.05,50000,4,no_propensity,0.0470762092593427,0.0466125840939772,oracle
ml,kmeans_templates,combined,brutal,0.05,50000,4,opc,0.0476158964326954,0.0466125840939772,oracle
ml,kmeans_templates,combined,brutal,0.05,100000,0,no_propensity,0.0458958582019254,0.0453757151109518,oracle
ml,kmeans_templates,combined,brutal,0.05,100000,0,opc,0.046714564914198,0.0453757151109518,oracle
ml,kmeans_templates,combined,brutal,0.05,100000,1,no_propensity,0.04796626286074,0.0477221012838836,oracle
ml,kmeans_templates,combined,brutal,0.05,100000,1,opc,0.0484981940440868,0.0477221012838836,oracle
ml,kmeans_templates,combined,brutal,0.05,100000,2,no_propensity,0.0475101864741757,0.0472252309336187,oracle
ml,kmeans_templates,combined,brutal,0.05,100000,2,opc,0.0477852970474599,0.0472252309336187,oracle
ml,kmeans_templates,combined,brutal,0.05,100000,3,no_propensity,0.0482524157045929,0.0480277739082754,oracle
ml,kmeans_templates,combined,brutal,0.05,100000,3,opc,0.0484913272729932,0.0480277739082754,oracle
ml,kmeans_templates,combined,brutal,0.05,100000,4,no_propensity,0.0470221161648669,0.0466125840939772,oracle
ml,kmeans_templates,combined,brutal,0.05,100000,4,opc,0.047904181210614,0.0466125840939772,oracle
ml,kmeans_templates,combined,extreme,0.05,5000,0,no_propensity,0.0457305537925365,0.0451021576054243,oracle
ml,kmeans_templates,combined,extreme,0.05,5000,0,opc,0.0457062939306031,0.0451021576054243,oracle
ml,kmeans_templates,combined,extreme,0.05,5000,1,no_propensity,0.0486542449068889,0.0477720022195072,oracle
ml,kmeans_templates,combined,extreme,0.05,5000,1,opc,0.04839694277108,0.0477720022195072,oracle
ml,kmeans_templates,combined,extreme,0.05,5000,2,no_propensity,0.0478237911093766,0.0468224388100205,oracle
ml,kmeans_templates,combined,extreme,0.05,5000,2,opc,0.0477841757024741,0.0468224388100205,oracle
ml,kmeans_templates,combined,extreme,0.05,5000,3,no_propensity,0.048162641147299,0.0476569546621607,oracle
ml,kmeans_templates,combined,extreme,0.05,5000,3,opc,0.0482710193350147,0.0476569546621607,oracle
ml,kmeans_templates,combined,extreme,0.05,5000,4,no_propensity,0.0477022328915291,0.0463574283847847,oracle
ml,kmeans_templates,combined,extreme,0.05,5000,4,opc,0.0472869442264723,0.0463574283847847,oracle
ml,kmeans_templates,combined,extreme,0.05,25000,0,no_propensity,0.0463965901181575,0.0451021576054243,oracle
ml,kmeans_templates,combined,extreme,0.05,25000,0,opc,0.0470778744084688,0.0451021576054243,oracle
ml,kmeans_templates,combined,extreme,0.05,25000,1,no_propensity,0.0484417589242756,0.0477720022195072,oracle
ml,kmeans_templates,combined,extreme,0.05,25000,1,opc,0.0481867910610763,0.0477720022195072,oracle
ml,kmeans_templates,combined,extreme,0.05,25000,2,no_propensity,0.0475781578117493,0.0468224388100205,oracle
ml,kmeans_templates,combined,extreme,0.05,25000,2,opc,0.0475117929256911,0.0468224388100205,oracle
ml,kmeans_templates,combined,extreme,0.05,25000,3,no_propensity,0.0482818509486225,0.0476569546621607,oracle
ml,kmeans_templates,combined,extreme,0.05,25000,3,opc,0.0484562903738223,0.0476569546621607,oracle
ml,kmeans_templates,combined,extreme,0.05,25000,4,no_propensity,0.047504434455635,0.0463574283847847,oracle
ml,kmeans_templates,combined,extreme,0.05,25000,4,opc,0.0474630696865141,0.0463574283847847,oracle
ml,kmeans_templates,combined,extreme,0.05,50000,0,no_propensity,0.0459123381372179,0.0451021576054243,oracle
ml,kmeans_templates,combined,extreme,0.05,50000,0,opc,0.0474829570406854,0.0451021576054243,oracle
ml,kmeans_templates,combined,extreme,0.05,50000,1,no_propensity,0.0483682435001403,0.0477720022195072,oracle
ml,kmeans_templates,combined,extreme,0.05,50000,1,opc,0.0482635069380659,0.0477720022195072,oracle
ml,kmeans_templates,combined,extreme,0.05,50000,2,no_propensity,0.0476119471770569,0.0468224388100205,oracle
ml,kmeans_templates,combined,extreme,0.05,50000,2,opc,0.048264037862387,0.0468224388100205,oracle
ml,kmeans_templates,combined,extreme,0.05,50000,3,no_propensity,0.0483162425195199,0.0476569546621607,oracle
ml,kmeans_templates,combined,extreme,0.05,50000,3,opc,0.0484722334516695,0.0476569546621607,oracle
ml,kmeans_templates,combined,extreme,0.05,50000,4,no_propensity,0.0474400751227108,0.0463574283847847,oracle
ml,kmeans_templates,combined,extreme,0.05,50000,4,opc,0.0476258337782804,0.0463574283847847,oracle
ml,kmeans_templates,combined,extreme,0.05,100000,0,no_propensity,0.046115128633167,0.0451021576054243,oracle
ml,kmeans_templates,combined,extreme,0.05,100000,0,opc,0.0461225772302702,0.0451021576054243,oracle
ml,kmeans_templates,combined,extreme,0.05,100000,1,no_propensity,0.0483249560027452,0.0477720022195072,oracle
ml,kmeans_templates,combined,extreme,0.05,100000,1,opc,0.0485637505359732,0.0477720022195072,oracle
ml,kmeans_templates,combined,extreme,0.05,100000,2,no_propensity,0.0476914272575003,0.0468224388100205,oracle
ml,kmeans_templates,combined,extreme,0.05,100000,2,opc,0.0477473537425072,0.0468224388100205,oracle
ml,kmeans_templates,combined,extreme,0.05,100000,3,no_propensity,0.0481904569874761,0.0476569546621607,oracle
ml,kmeans_templates,combined,extreme,0.05,100000,3,opc,0.0483841738858247,0.0476569546621607,oracle
ml,kmeans_templates,combined,extreme,0.05,100000,4,no_propensity,0.0473190720659587,0.0463574283847847,oracle
ml,kmeans_templates,combined,extreme,0.05,100000,4,opc,0.0476839646425821,0.0463574283847847,oracle
ml,kmeans_templates,combined,high,0.05,5000,0,no_propensity,0.048123302660965,0.0456478618068448,oracle
ml,kmeans_templates,combined,high,0.05,5000,0,opc,0.0472882429611006,0.0456478618068448,oracle
ml,kmeans_templates,combined,high,0.05,5000,1,no_propensity,0.0491440053298134,0.0479894558651901,oracle
ml,kmeans_templates,combined,high,0.05,5000,1,opc,0.0489248682837308,0.0479894558651901,oracle
ml,kmeans_templates,combined,high,0.05,5000,2,no_propensity,0.0489981269030682,0.0467197937920064,oracle
ml,kmeans_templates,combined,high,0.05,5000,2,opc,0.0474435632470095,0.0467197937920064,oracle
ml,kmeans_templates,combined,high,0.05,5000,3,no_propensity,0.0490819441198956,0.0472903071338551,oracle
ml,kmeans_templates,combined,high,0.05,5000,3,opc,0.0482673636562699,0.0472903071338551,oracle
ml,kmeans_templates,combined,high,0.05,5000,4,no_propensity,0.0490344499719374,0.046938630668035,oracle
ml,kmeans_templates,combined,high,0.05,5000,4,opc,0.0483309151111891,0.046938630668035,oracle
ml,kmeans_templates,combined,high,0.05,25000,0,no_propensity,0.0491835675664098,0.0456478618068448,oracle
ml,kmeans_templates,combined,high,0.05,25000,0,opc,0.047623939987108,0.0456478618068448,oracle
ml,kmeans_templates,combined,high,0.05,25000,1,no_propensity,0.0495382341350646,0.0479894558651901,oracle
ml,kmeans_templates,combined,high,0.05,25000,1,opc,0.0486608482924593,0.0479894558651901,oracle
ml,kmeans_templates,combined,high,0.05,25000,2,no_propensity,0.0492020366643357,0.0467197937920064,oracle
ml,kmeans_templates,combined,high,0.05,25000,2,opc,0.0481316749943925,0.0467197937920064,oracle
ml,kmeans_templates,combined,high,0.05,25000,3,no_propensity,0.0493379732466345,0.0472903071338551,oracle
ml,kmeans_templates,combined,high,0.05,25000,3,opc,0.0478220496238257,0.0472903071338551,oracle
ml,kmeans_templates,combined,high,0.05,25000,4,no_propensity,0.0494986904936405,0.046938630668035,oracle
ml,kmeans_templates,combined,high,0.05,25000,4,opc,0.0485971769885516,0.046938630668035,oracle
ml,kmeans_templates,combined,high,0.05,50000,0,no_propensity,0.049149857114663,0.0456478618068448,oracle
ml,kmeans_templates,combined,high,0.05,50000,0,opc,0.0481550298546423,0.0456478618068448,oracle
ml,kmeans_templates,combined,high,0.05,50000,1,no_propensity,0.0495856717432675,0.0479894558651901,oracle
ml,kmeans_templates,combined,high,0.05,50000,1,opc,0.0486086641052549,0.0479894558651901,oracle
ml,kmeans_templates,combined,high,0.05,50000,2,no_propensity,0.0492083831336959,0.0467197937920064,oracle
ml,kmeans_templates,combined,high,0.05,50000,2,opc,0.0478260466994061,0.0467197937920064,oracle
ml,kmeans_templates,combined,high,0.05,50000,3,no_propensity,0.0494418389532495,0.0472903071338551,oracle
ml,kmeans_templates,combined,high,0.05,50000,3,opc,0.0484400174230573,0.0472903071338551,oracle
ml,kmeans_templates,combined,high,0.05,50000,4,no_propensity,0.0495342582339915,0.046938630668035,oracle
ml,kmeans_templates,combined,high,0.05,50000,4,opc,0.0491443222080372,0.046938630668035,oracle
ml,kmeans_templates,combined,high,0.05,100000,0,no_propensity,0.0491481321352158,0.0456478618068448,oracle
ml,kmeans_templates,combined,high,0.05,100000,0,opc,0.0488901234806082,0.0456478618068448,oracle
ml,kmeans_templates,combined,high,0.05,100000,1,no_propensity,0.0495601736644513,0.0479894558651901,oracle
ml,kmeans_templates,combined,high,0.05,100000,1,opc,0.0489978262319807,0.0479894558651901,oracle
ml,kmeans_templates,combined,high,0.05,100000,2,no_propensity,0.04940981213702,0.0467197937920064,oracle
ml,kmeans_templates,combined,high,0.05,100000,2,opc,0.049170362940969,0.0467197937920064,oracle
ml,kmeans_templates,combined,high,0.05,100000,3,no_propensity,0.0493365140341,0.0472903071338551,oracle
ml,kmeans_templates,combined,high,0.05,100000,3,opc,0.0488439142624325,0.0472903071338551,oracle
ml,kmeans_templates,combined,high,0.05,100000,4,no_propensity,0.0495125704961324,0.046938630668035,oracle
ml,kmeans_templates,combined,high,0.05,100000,4,opc,0.0487365531856899,0.046938630668035,oracle
ml,kmeans_templates,combined,low,0.05,5000,0,no_propensity,0.0498539823926651,0.0491980080391786,oracle
ml,kmeans_templates,combined,low,0.05,5000,0,opc,0.0495246192742896,0.0491980080391786,oracle
ml,kmeans_templates,combined,low,0.05,5000,1,no_propensity,0.0498719242714082,0.0493234520724208,oracle
ml,kmeans_templates,combined,low,0.05,5000,1,opc,0.0496513046206446,0.0493234520724208,oracle
ml,kmeans_templates,combined,low,0.05,5000,2,no_propensity,0.0498262466603898,0.0492421747865324,oracle
ml,kmeans_templates,combined,low,0.05,5000,2,opc,0.0494134900284797,0.0492421747865324,oracle
ml,kmeans_templates,combined,low,0.05,5000,3,no_propensity,0.0499395195948234,0.0492054216827995,oracle
ml,kmeans_templates,combined,low,0.05,5000,3,opc,0.0497095617900022,0.0492054216827995,oracle
ml,kmeans_templates,combined,low,0.05,5000,4,no_propensity,0.049921690688239,0.049313461619669,oracle
ml,kmeans_templates,combined,low,0.05,5000,4,opc,0.0495943791730298,0.049313461619669,oracle
ml,kmeans_templates,combined,low,0.05,25000,0,no_propensity,0.0499627388524292,0.0491980080391786,oracle
ml,kmeans_templates,combined,low,0.05,25000,0,opc,0.0493998819243794,0.0491980080391786,oracle
ml,kmeans_templates,combined,low,0.05,25000,1,no_propensity,0.0499773185690542,0.0493234520724208,oracle
ml,kmeans_templates,combined,low,0.05,25000,1,opc,0.0496607246701187,0.0493234520724208,oracle
ml,kmeans_templates,combined,low,0.05,25000,2,no_propensity,0.0499498369324301,0.0492421747865324,oracle
ml,kmeans_templates,combined,low,0.05,25000,2,opc,0.0495444745545255,0.0492421747865324,oracle
ml,kmeans_templates,combined,low,0.05,25000,3,no_propensity,0.0499408026796564,0.0492054216827995,oracle
ml,kmeans_templates,combined,low,0.05,25000,3,opc,0.0498148860397024,0.0492054216827995,oracle
ml,kmeans_templates,combined,low,0.05,25000,4,no_propensity,0.0499597324771911,0.049313461619669,oracle
ml,kmeans_templates,combined,low,0.05,25000,4,opc,0.04962996901755,0.049313461619669,oracle
ml,kmeans_templates,combined,low,0.05,50000,0,no_propensity,0.0499572600661122,0.0491980080391786,oracle
ml,kmeans_templates,combined,low,0.05,50000,0,opc,0.0494180705153945,0.0491980080391786,oracle
ml,kmeans_templates,combined,low,0.05,50000,1,no_propensity,0.0499563467228805,0.0493234520724208,oracle
ml,kmeans_templates,combined,low,0.05,50000,1,opc,0.0496042022437418,0.0493234520724208,oracle
ml,kmeans_templates,combined,low,0.05,50000,2,no_propensity,0.0499662162536223,0.0492421747865324,oracle
ml,kmeans_templates,combined,low,0.05,50000,2,opc,0.049634487586854,0.0492421747865324,oracle
ml,kmeans_templates,combined,low,0.05,50000,3,no_propensity,0.0499675536289234,0.0492054216827995,oracle
ml,kmeans_templates,combined,low,0.05,50000,3,opc,0.0493970511375347,0.0492054216827995,oracle
ml,kmeans_templates,combined,low,0.05,50000,4,no_propensity,0.0499737820425704,0.049313461619669,oracle
ml,kmeans_templates,combined,low,0.05,50000,4,opc,0.0498991934603587,0.049313461619669,oracle
ml,kmeans_templates,combined,low,0.05,100000,0,no_propensity,0.0499657607637404,0.0491980080391786,oracle
ml,kmeans_templates,combined,low,0.05,100000,0,opc,0.0494638066572044,0.0491980080391786,oracle
ml,kmeans_templates,combined,low,0.05,100000,1,no_propensity,0.0499678293515063,0.0493234520724208,oracle
ml,kmeans_templates,combined,low,0.05,100000,1,opc,0.049594219533244,0.0493234520724208,oracle
ml,kmeans_templates,combined,low,0.05,100000,2,no_propensity,0.0499692682148375,0.0492421747865324,oracle
ml,kmeans_templates,combined,low,0.05,100000,2,opc,0.0496263295253908,0.0492421747865324,oracle
ml,kmeans_templates,combined,low,0.05,100000,3,no_propensity,0.0499702700086701,0.0492054216827995,oracle
ml,kmeans_templates,combined,low,0.05,100000,3,opc,0.0496036044476028,0.0492054216827995,oracle
ml,kmeans_templates,combined,low,0.05,100000,4,no_propensity,0.0499790483140111,0.049313461619669,oracle
ml,kmeans_templates,combined,low,0.05,100000,4,opc,0.0496826718860233,0.049313461619669,oracle
ml,kmeans_templates,combined,medium,0.05,5000,0,no_propensity,0.049545270136773,0.047819037623913,oracle
ml,kmeans_templates,combined,medium,0.05,5000,0,opc,0.0488181108490747,0.047819037623913,oracle
ml,kmeans_templates,combined,medium,0.05,5000,1,no_propensity,0.0495447825897145,0.048585671698699,oracle
ml,kmeans_templates,combined,medium,0.05,5000,1,opc,0.0495034578633759,0.048585671698699,oracle
ml,kmeans_templates,combined,medium,0.05,5000,2,no_propensity,0.0491651764895785,0.0480506136646491,oracle
ml,kmeans_templates,combined,medium,0.05,5000,2,opc,0.0488716060057606,0.0480506136646491,oracle
ml,kmeans_templates,combined,medium,0.05,5000,3,no_propensity,0.0493069138498661,0.0481034871888418,oracle
ml,kmeans_templates,combined,medium,0.05,5000,3,opc,0.0492865177997732,0.0481034871888418,oracle
ml,kmeans_templates,combined,medium,0.05,5000,4,no_propensity,0.0495257194306523,0.0482533546384371,oracle
ml,kmeans_templates,combined,medium,0.05,5000,4,opc,0.0492284116474878,0.0482533546384371,oracle
ml,kmeans_templates,combined,medium,0.05,25000,0,no_propensity,0.0498211877074241,0.047819037623913,oracle
ml,kmeans_templates,combined,medium,0.05,25000,0,opc,0.0487843956069775,0.047819037623913,oracle
ml,kmeans_templates,combined,medium,0.05,25000,1,no_propensity,0.0498709885818102,0.048585671698699,oracle
ml,kmeans_templates,combined,medium,0.05,25000,1,opc,0.0491251812055672,0.048585671698699,oracle
ml,kmeans_templates,combined,medium,0.05,25000,2,no_propensity,0.049747331740857,0.0480506136646491,oracle
ml,kmeans_templates,combined,medium,0.05,25000,2,opc,0.0493028402297956,0.0480506136646491,oracle
ml,kmeans_templates,combined,medium,0.05,25000,3,no_propensity,0.0498065023462153,0.0481034871888418,oracle
ml,kmeans_templates,combined,medium,0.05,25000,3,opc,0.0490696500746173,0.0481034871888418,oracle
ml,kmeans_templates,combined,medium,0.05,25000,4,no_propensity,0.0497905555474373,0.0482533546384371,oracle
ml,kmeans_templates,combined,medium,0.05,25000,4,opc,0.0489545340553927,0.0482533546384371,oracle
ml,kmeans_templates,combined,medium,0.05,50000,0,no_propensity,0.0498237936053971,0.047819037623913,oracle
ml,kmeans_templates,combined,medium,0.05,50000,0,opc,0.0491521831971233,0.047819037623913,oracle
ml,kmeans_templates,combined,medium,0.05,50000,1,no_propensity,0.0499230380255989,0.048585671698699,oracle
ml,kmeans_templates,combined,medium,0.05,50000,1,opc,0.0493600199603094,0.048585671698699,oracle
ml,kmeans_templates,combined,medium,0.05,50000,2,no_propensity,0.0498288862260797,0.0480506136646491,oracle
ml,kmeans_templates,combined,medium,0.05,50000,2,opc,0.0487724966974195,0.0480506136646491,oracle
ml,kmeans_templates,combined,medium,0.05,50000,3,no_propensity,0.0498885122893179,0.0481034871888418,oracle
ml,kmeans_templates,combined,medium,0.05,50000,3,opc,0.0496385662546936,0.0481034871888418,oracle
ml,kmeans_templates,combined,medium,0.05,50000,4,no_propensity,0.0498724363780636,0.0482533546384371,oracle
ml,kmeans_templates,combined,medium,0.05,50000,4,opc,0.0487455238581223,0.0482533546384371,oracle
ml,kmeans_templates,combined,medium,0.05,100000,0,no_propensity,0.0498150261089771,0.047819037623913,oracle
ml,kmeans_templates,combined,medium,0.05,100000,0,opc,0.0490051803669863,0.047819037623913,oracle
ml,kmeans_templates,combined,medium,0.05,100000,1,no_propensity,0.0499001238744987,0.048585671698699,oracle
ml,kmeans_templates,combined,medium,0.05,100000,1,opc,0.0493266017386689,0.048585671698699,oracle
ml,kmeans_templates,combined,medium,0.05,100000,2,no_propensity,0.0498773846638162,0.0480506136646491,oracle
ml,kmeans_templates,combined,medium,0.05,100000,2,opc,0.0489370883732519,0.0480506136646491,oracle
ml,kmeans_templates,combined,medium,0.05,100000,3,no_propensity,0.0499180435561524,0.0481034871888418,oracle
ml,kmeans_templates,combined,medium,0.05,100000,3,opc,0.0493540961748938,0.0481034871888418,oracle
ml,kmeans_templates,combined,medium,0.05,100000,4,no_propensity,0.049917291749034,0.0482533546384371,oracle
ml,kmeans_templates,combined,medium,0.05,100000,4,opc,0.0495577139250761,0.0482533546384371,oracle
ml,kmeans_templates,context,brutal,0.05,5000,0,no_propensity,0.0480616050202914,0.0466604711186673,oracle
ml,kmeans_templates,context,brutal,0.05,5000,0,opc,0.0483371687038072,0.0466604711186673,oracle
ml,kmeans_templates,context,brutal,0.05,5000,1,no_propensity,0.0496093516910869,0.0493162344238843,oracle
ml,kmeans_templates,context,brutal,0.05,5000,1,opc,0.0495888280879968,0.0493162344238843,oracle
ml,kmeans_templates,context,brutal,0.05,5000,2,no_propensity,0.0483659362421817,0.046883262473433,oracle
ml,kmeans_templates,context,brutal,0.05,5000,2,opc,0.0490529099701673,0.046883262473433,oracle
ml,kmeans_templates,context,brutal,0.05,5000,3,no_propensity,0.0484977533947131,0.0481144194008443,oracle
ml,kmeans_templates,context,brutal,0.05,5000,3,opc,0.0488723352967075,0.0481144194008443,oracle
ml,kmeans_templates,context,brutal,0.05,5000,4,no_propensity,0.0491840803330472,0.0484927499264902,oracle
ml,kmeans_templates,context,brutal,0.05,5000,4,opc,0.0492312632155714,0.0484927499264902,oracle
ml,kmeans_templates,context,brutal,0.05,25000,0,no_propensity,0.0483524441372304,0.0466604711186673,oracle
ml,kmeans_templates,context,brutal,0.05,25000,0,opc,0.0486035791681231,0.0466604711186673,oracle
ml,kmeans_templates,context,brutal,0.05,25000,1,no_propensity,0.0496034264397304,0.0493162344238843,oracle
ml,kmeans_templates,context,brutal,0.05,25000,1,opc,0.0494465897642586,0.0493162344238843,oracle
ml,kmeans_templates,context,brutal,0.05,25000,2,no_propensity,0.0482725929488485,0.046883262473433,oracle
ml,kmeans_templates,context,brutal,0.05,25000,2,opc,0.0485092424842262,0.046883262473433,oracle
ml,kmeans_templates,context,brutal,0.05,25000,3,no_propensity,0.0486758839879683,0.0481144194008443,oracle
ml,kmeans_templates,context,brutal,0.05,25000,3,opc,0.049021891438281,0.0481144194008443,oracle
ml,kmeans_templates,context,brutal,0.05,25000,4,no_propensity,0.0490627737019236,0.0484927499264902,oracle
ml,kmeans_templates,context,brutal,0.05,25000,4,opc,0.0491295893103574,0.0484927499264902,oracle
ml,kmeans_templates,context,brutal,0.05,50000,0,no_propensity,0.0481655272874161,0.0466604711186673,oracle
ml,kmeans_templates,context,brutal,0.05,50000,0,opc,0.0474797463174923,0.0466604711186673,oracle
ml,kmeans_templates,context,brutal,0.05,50000,1,no_propensity,0.0496109448986687,0.0493162344238843,oracle
ml,kmeans_templates,context,brutal,0.05,50000,1,opc,0.0496941396180328,0.0493162344238843,oracle
ml,kmeans_templates,context,brutal,0.05,50000,2,no_propensity,0.0482486741337078,0.046883262473433,oracle
ml,kmeans_templates,context,brutal,0.05,50000,2,opc,0.0489253248936401,0.046883262473433,oracle
ml,kmeans_templates,context,brutal,0.05,50000,3,no_propensity,0.0486818624762172,0.0481144194008443,oracle
ml,kmeans_templates,context,brutal,0.05,50000,3,opc,0.0482934230383434,0.0481144194008443,oracle
ml,kmeans_templates,context,brutal,0.05,50000,4,no_propensity,0.0491426631030112,0.0484927499264902,oracle
ml,kmeans_templates,context,brutal,0.05,50000,4,opc,0.049197726249421,0.0484927499264902,oracle
ml,kmeans_templates,context,brutal,0.05,100000,0,no_propensity,0.0481722979799973,0.0466604711186673,oracle
ml,kmeans_templates,context,brutal,0.05,100000,0,opc,0.0487543251544739,0.0466604711186673,oracle
ml,kmeans_templates,context,brutal,0.05,100000,1,no_propensity,0.0495876905022221,0.0493162344238843,oracle
ml,kmeans_templates,context,brutal,0.05,100000,1,opc,0.0494740390672044,0.0493162344238843,oracle
ml,kmeans_templates,context,brutal,0.05,100000,2,no_propensity,0.0482190250719937,0.046883262473433,oracle
ml,kmeans_templates,context,brutal,0.05,100000,2,opc,0.0480735448564393,0.046883262473433,oracle
ml,kmeans_templates,context,brutal,0.05,100000,3,no_propensity,0.048621606627232,0.0481144194008443,oracle
ml,kmeans_templates,context,brutal,0.05,100000,3,opc,0.0487915188546517,0.0481144194008443,oracle
ml,kmeans_templates,context,brutal,0.05,100000,4,no_propensity,0.0491489753287041,0.0484927499264902,oracle
ml,kmeans_templates,context,brutal,0.05,100000,4,opc,0.0490756762553656,0.0484927499264902,oracle
ml,kmeans_templates,context,extreme,0.05,5000,0,no_propensity,0.049326198033668,0.0471409906431615,oracle
ml,kmeans_templates,context,extreme,0.05,5000,0,opc,0.0492244150554746,0.0471409906431615,oracle
ml,kmeans_templates,context,extreme,0.05,5000,1,no_propensity,0.0497955278032481,0.049408615419236,oracle
ml,kmeans_templates,context,extreme,0.05,5000,1,opc,0.0496837497166774,0.049408615419236,oracle
ml,kmeans_templates,context,extreme,0.05,5000,2,no_propensity,0.049495123449763,0.0472092083079514,oracle
ml,kmeans_templates,context,extreme,0.05,5000,2,opc,0.0489022483694645,0.0472092083079514,oracle
ml,kmeans_templates,context,extreme,0.05,5000,3,no_propensity,0.0493269706484246,0.048278926861906,oracle
ml,kmeans_templates,context,extreme,0.05,5000,3,opc,0.0488564204545207,0.048278926861906,oracle
ml,kmeans_templates,context,extreme,0.05,5000,4,no_propensity,0.0496352024539024,0.0488470168479899,oracle
ml,kmeans_templates,context,extreme,0.05,5000,4,opc,0.049244271884839,0.0488470168479899,oracle
ml,kmeans_templates,context,extreme,0.05,25000,0,no_propensity,0.0492946833229581,0.0471409906431615,oracle
ml,kmeans_templates,context,extreme,0.05,25000,0,opc,0.0482607213125009,0.0471409906431615,oracle
ml,kmeans_templates,context,extreme,0.05,25000,1,no_propensity,0.0498412457984313,0.049408615419236,oracle
ml,kmeans_templates,context,extreme,0.05,25000,1,opc,0.0495079029034495,0.049408615419236,oracle
ml,kmeans_templates,context,extreme,0.05,25000,2,no_propensity,0.0492371745640478,0.0472092083079514,oracle
ml,kmeans_templates,context,extreme,0.05,25000,2,opc,0.0491084044639163,0.0472092083079514,oracle
ml,kmeans_templates,context,extreme,0.05,25000,3,no_propensity,0.0493484042585912,0.048278926861906,oracle
ml,kmeans_templates,context,extreme,0.05,25000,3,opc,0.0489313469577958,0.048278926861906,oracle
ml,kmeans_templates,context,extreme,0.05,25000,4,no_propensity,0.0496575298804993,0.0488470168479899,oracle
ml,kmeans_templates,context,extreme,0.05,25000,4,opc,0.0495131497150196,0.0488470168479899,oracle
ml,kmeans_templates,context,extreme,0.05,50000,0,no_propensity,0.0492756723289099,0.0471409906431615,oracle
ml,kmeans_templates,context,extreme,0.05,50000,0,opc,0.0490765398741452,0.0471409906431615,oracle
ml,kmeans_templates,context,extreme,0.05,50000,1,no_propensity,0.0498240532524049,0.049408615419236,oracle
ml,kmeans_templates,context,extreme,0.05,50000,1,opc,0.0497572324297056,0.049408615419236,oracle
ml,kmeans_templates,context,extreme,0.05,50000,2,no_propensity,0.0493626175992289,0.0472092083079514,oracle
ml,kmeans_templates,context,extreme,0.05,50000,2,opc,0.0492814567170238,0.0472092083079514,oracle
ml,kmeans_templates,context,extreme,0.05,50000,3,no_propensity,0.0493716664425471,0.048278926861906,oracle
ml,kmeans_templates,context,extreme,0.05,50000,3,opc,0.0491238559042744,0.048278926861906,oracle
ml,kmeans_templates,context,extreme,0.05,50000,4,no_propensity,0.0497158917020083,0.0488470168479899,oracle
ml,kmeans_templates,context,extreme,0.05,50000,4,opc,0.0493426592003566,0.0488470168479899,oracle
ml,kmeans_templates,context,extreme,0.05,100000,0,no_propensity,0.0493705351354891,0.0471409906431615,oracle
ml,kmeans_templates,context,extreme,0.05,100000,0,opc,0.0493267231099224,0.0471409906431615,oracle
ml,kmeans_templates,context,extreme,0.05,100000,1,no_propensity,0.0498153912289691,0.049408615419236,oracle
ml,kmeans_templates,context,extreme,0.05,100000,1,opc,0.0494640584939903,0.049408615419236,oracle
ml,kmeans_templates,context,extreme,0.05,100000,2,no_propensity,0.049312064944748,0.0472092083079514,oracle
ml,kmeans_templates,context,extreme,0.05,100000,2,opc,0.0492528932069558,0.0472092083079514,oracle
ml,kmeans_templates,context,extreme,0.05,100000,3,no_propensity,0.0493705124916058,0.048278926861906,oracle
ml,kmeans_templates,context,extreme,0.05,100000,3,opc,0.0498030924695004,0.048278926861906,oracle
ml,kmeans_templates,context,extreme,0.05,100000,4,no_propensity,0.0496751808661727,0.0488470168479899,oracle
ml,kmeans_templates,context,extreme,0.05,100000,4,opc,0.0493799554351851,0.0488470168479899,oracle
ml,kmeans_templates,context,high,0.05,5000,0,no_propensity,0.0496926079576914,0.0483407652012639,oracle
ml,kmeans_templates,context,high,0.05,5000,0,opc,0.049219887824148,0.0483407652012639,oracle
ml,kmeans_templates,context,high,0.05,5000,1,no_propensity,0.0498719331105566,0.0494328812879498,oracle
ml,kmeans_templates,context,high,0.05,5000,1,opc,0.0496828284781124,0.0494328812879498,oracle
ml,kmeans_templates,context,high,0.05,5000,2,no_propensity,0.0498609143015772,0.0484716154000644,oracle
ml,kmeans_templates,context,high,0.05,5000,2,opc,0.0496631281497605,0.0484716154000644,oracle
ml,kmeans_templates,context,high,0.05,5000,3,no_propensity,0.0497994406885395,0.0487627254693241,oracle
ml,kmeans_templates,context,high,0.05,5000,3,opc,0.0494584926494884,0.0487627254693241,oracle
ml,kmeans_templates,context,high,0.05,5000,4,no_propensity,0.0498451832917674,0.0492230940860696,oracle
ml,kmeans_templates,context,high,0.05,5000,4,opc,0.0496468832662672,0.0492230940860696,oracle
ml,kmeans_templates,context,high,0.05,25000,0,no_propensity,0.0497420936249224,0.0483407652012639,oracle
ml,kmeans_templates,context,high,0.05,25000,0,opc,0.0488880814836433,0.0483407652012639,oracle
ml,kmeans_templates,context,high,0.05,25000,1,no_propensity,0.0499356846145456,0.0494328812879498,oracle
ml,kmeans_templates,context,high,0.05,25000,1,opc,0.0495023123316292,0.0494328812879498,oracle
ml,kmeans_templates,context,high,0.05,25000,2,no_propensity,0.0498667561953363,0.0484716154000644,oracle
ml,kmeans_templates,context,high,0.05,25000,2,opc,0.049419431046599,0.0484716154000644,oracle
ml,kmeans_templates,context,high,0.05,25000,3,no_propensity,0.0498980809827265,0.0487627254693241,oracle
ml,kmeans_templates,context,high,0.05,25000,3,opc,0.0493361465923251,0.0487627254693241,oracle
ml,kmeans_templates,context,high,0.05,25000,4,no_propensity,0.0499025407226997,0.0492230940860696,oracle
ml,kmeans_templates,context,high,0.05,25000,4,opc,0.0495737301939569,0.0492230940860696,oracle
ml,kmeans_templates,context,high,0.05,50000,0,no_propensity,0.0497575838327996,0.0483407652012639,oracle
ml,kmeans_templates,context,high,0.05,50000,0,opc,0.0492787978238352,0.0483407652012639,oracle
ml,kmeans_templates,context,high,0.05,50000,1,no_propensity,0.0499415487049454,0.0494328812879498,oracle
ml,kmeans_templates,context,high,0.05,50000,1,opc,0.0496750808171632,0.0494328812879498,oracle
ml,kmeans_templates,context,high,0.05,50000,2,no_propensity,0.0498323471483284,0.0484716154000644,oracle
ml,kmeans_templates,context,high,0.05,50000,2,opc,0.04960232055878,0.0484716154000644,oracle
ml,kmeans_templates,context,high,0.05,50000,3,no_propensity,0.0499149267448793,0.0487627254693241,oracle
ml,kmeans_templates,context,high,0.05,50000,3,opc,0.049524386229608,0.0487627254693241,oracle
ml,kmeans_templates,context,high,0.05,50000,4,no_propensity,0.0499202817653533,0.0492230940860696,oracle
ml,kmeans_templates,context,high,0.05,50000,4,opc,0.0494560362134294,0.0492230940860696,oracle
ml,kmeans_templates,context,high,0.05,100000,0,no_propensity,0.0498015048618468,0.0483407652012639,oracle
ml,kmeans_templates,context,high,0.05,100000,0,opc,0.0495742783256008,0.0483407652012639,oracle
ml,kmeans_templates,context,high,0.05,100000,1,no_propensity,0.0499440989294207,0.0494328812879498,oracle
ml,kmeans_templates,context,high,0.05,100000,1,opc,0.0496047620111321,0.0494328812879498,oracle
ml,kmeans_templates,context,high,0.05,100000,2,no_propensity,0.0499257670162228,0.0484716154000644,oracle
ml,kmeans_templates,context,high,0.05,100000,2,opc,0.0495025858364375,0.0484716154000644,oracle
ml,kmeans_templates,context,high,0.05,100000,3,no_propensity,0.0499258305959079,0.0487627254693241,oracle
ml,kmeans_templates,context,high,0.05,100000,3,opc,0.0498498143472262,0.0487627254693241,oracle
ml,kmeans_templates,context,high,0.05,100000,4,no_propensity,0.0499395804145973,0.0492230940860696,oracle
ml,kmeans_templates,context,high,0.05,100000,4,opc,0.049487120213416,0.0492230940860696,oracle
ml,kmeans_templates,context,low,0.05,5000,0,no_propensity,0.049917196952953,0.0493921732446926,oracle
ml,kmeans_templates,context,low,0.05,5000,0,opc,0.0496727975130569,0.0493921732446926,oracle
ml,kmeans_templates,context,low,0.05,5000,1,no_propensity,0.0499265083163841,0.0494842785581161,oracle
ml,kmeans_templates,context,low,0.05,5000,1,opc,0.0497287683551492,0.0494842785581161,oracle
ml,kmeans_templates,context,low,0.05,5000,2,no_propensity,0.0499216426317455,0.0494173384520355,oracle
ml,kmeans_templates,context,low,0.05,5000,2,opc,0.0496580440386233,0.0494173384520355,oracle
ml,kmeans_templates,context,low,0.05,5000,3,no_propensity,0.0499513576570297,0.0494008502741158,oracle
ml,kmeans_templates,context,low,0.05,5000,3,opc,0.0498210710306694,0.0494008502741158,oracle
ml,kmeans_templates,context,low,0.05,5000,4,no_propensity,0.0499083434446478,0.0494797975761023,oracle
ml,kmeans_templates,context,low,0.05,5000,4,opc,0.0496683100310818,0.0494797975761023,oracle
ml,kmeans_templates,context,low,0.05,25000,0,no_propensity,0.0499628322662559,0.0493921732446926,oracle
ml,kmeans_templates,context,low,0.05,25000,0,opc,0.0494776253377592,0.0493921732446926,oracle
ml,kmeans_templates,context,low,0.05,25000,1,no_propensity,0.0499712602782333,0.0494842785581161,oracle
ml,kmeans_templates,context,low,0.05,25000,1,opc,0.0496678186544603,0.0494842785581161,oracle
ml,kmeans_templates,context,low,0.05,25000,2,no_propensity,0.0499587995463387,0.0494173384520355,oracle
ml,kmeans_templates,context,low,0.05,25000,2,opc,0.049650874875749,0.0494173384520355,oracle
ml,kmeans_templates,context,low,0.05,25000,3,no_propensity,0.0499660814326158,0.0494008502741158,oracle
ml,kmeans_templates,context,low,0.05,25000,3,opc,0.0497373488651298,0.0494008502741158,oracle
ml,kmeans_templates,context,low,0.05,25000,4,no_propensity,0.0499541600288263,0.0494797975761023,oracle
ml,kmeans_templates,context,low,0.05,25000,4,opc,0.0497317665258102,0.0494797975761023,oracle
ml,kmeans_templates,context,low,0.05,50000,0,no_propensity,0.0499645793013654,0.0493921732446926,oracle
ml,kmeans_templates,context,low,0.05,50000,0,opc,0.049689097120564,0.0493921732446926,oracle
ml,kmeans_templates,context,low,0.05,50000,1,no_propensity,0.0499787517332303,0.0494842785581161,oracle
ml,kmeans_templates,context,low,0.05,50000,1,opc,0.0496632650332751,0.0494842785581161,oracle
ml,kmeans_templates,context,low,0.05,50000,2,no_propensity,0.0499675621864168,0.0494173384520355,oracle
ml,kmeans_templates,context,low,0.05,50000,2,opc,0.0497321647636107,0.0494173384520355,oracle
ml,kmeans_templates,context,low,0.05,50000,3,no_propensity,0.0499699243917188,0.0494008502741158,oracle
ml,kmeans_templates,context,low,0.05,50000,3,opc,0.0495992547482275,0.0494008502741158,oracle
ml,kmeans_templates,context,low,0.05,50000,4,no_propensity,0.049981247518772,0.0494797975761023,oracle
ml,kmeans_templates,context,low,0.05,50000,4,opc,0.0496611772916754,0.0494797975761023,oracle
ml,kmeans_templates,context,low,0.05,100000,0,no_propensity,0.049983840830963,0.0493921732446926,oracle
ml,kmeans_templates,context,low,0.05,100000,0,opc,0.0494775962802525,0.0493921732446926,oracle
ml,kmeans_templates,context,low,0.05,100000,1,no_propensity,0.0499819807602082,0.0494842785581161,oracle
ml,kmeans_templates,context,low,0.05,100000,1,opc,0.0496663711298405,0.0494842785581161,oracle
ml,kmeans_templates,context,low,0.05,100000,2,no_propensity,0.0499715432094267,0.0494173384520355,oracle
ml,kmeans_templates,context,low,0.05,100000,2,opc,0.0495813148051121,0.0494173384520355,oracle
ml,kmeans_templates,context,low,0.05,100000,3,no_propensity,0.0499800221598544,0.0494008502741158,oracle
ml,kmeans_templates,context,low,0.05,100000,3,opc,0.0497149056502037,0.0494008502741158,oracle
ml,kmeans_templates,context,low,0.05,100000,4,no_propensity,0.0499820977879557,0.0494797975761023,oracle
ml,kmeans_templates,context,low,0.05,100000,4,opc,0.0497498313015187,0.0494797975761023,oracle
ml,kmeans_templates,context,medium,0.05,5000,0,no_propensity,0.0498162496844031,0.049136977115994,oracle
ml,kmeans_templates,context,medium,0.05,5000,0,opc,0.0496376529669613,0.049136977115994,oracle
ml,kmeans_templates,context,medium,0.05,5000,1,no_propensity,0.0498616624125058,0.0494402888742142,oracle
ml,kmeans_templates,context,medium,0.05,5000,1,opc,0.0497142560127541,0.0494402888742142,oracle
ml,kmeans_templates,context,medium,0.05,5000,2,no_propensity,0.0498590474801803,0.0492065579942153,oracle
ml,kmeans_templates,context,medium,0.05,5000,2,opc,0.0497397429426335,0.0492065579942153,oracle
ml,kmeans_templates,context,medium,0.05,5000,3,no_propensity,0.0498990382078745,0.0492010900159723,oracle
ml,kmeans_templates,context,medium,0.05,5000,3,opc,0.0496623318005771,0.0492010900159723,oracle
ml,kmeans_templates,context,medium,0.05,5000,4,no_propensity,0.0498920695079512,0.0493947719733825,oracle
ml,kmeans_templates,context,medium,0.05,5000,4,opc,0.0496854926946565,0.0493947719733825,oracle
ml,kmeans_templates,context,medium,0.05,25000,0,no_propensity,0.0499226402155095,0.049136977115994,oracle
ml,kmeans_templates,context,medium,0.05,25000,0,opc,0.0494489138235415,0.049136977115994,oracle
ml,kmeans_templates,context,medium,0.05,25000,1,no_propensity,0.0499658589647368,0.0494402888742142,oracle
ml,kmeans_templates,context,medium,0.05,25000,1,opc,0.049599137228459,0.0494402888742142,oracle
ml,kmeans_templates,context,medium,0.05,25000,2,no_propensity,0.0499302721783807,0.0492065579942153,oracle
ml,kmeans_templates,context,medium,0.05,25000,2,opc,0.049437289428774,0.0492065579942153,oracle
ml,kmeans_templates,context,medium,0.05,25000,3,no_propensity,0.0499184032259259,0.0492010900159723,oracle
ml,kmeans_templates,context,medium,0.05,25000,3,opc,0.0497276856870602,0.0492010900159723,oracle
ml,kmeans_templates,context,medium,0.05,25000,4,no_propensity,0.0499601605277749,0.0493947719733825,oracle
ml,kmeans_templates,context,medium,0.05,25000,4,opc,0.0496800792224073,0.0493947719733825,oracle
ml,kmeans_templates,context,medium,0.05,50000,0,no_propensity,0.0499449613702521,0.049136977115994,oracle
ml,kmeans_templates,context,medium,0.05,50000,0,opc,0.0494073664346571,0.049136977115994,oracle
ml,kmeans_templates,context,medium,0.05,50000,1,no_propensity,0.0499486771250412,0.0494402888742142,oracle
ml,kmeans_templates,context,medium,0.05,50000,1,opc,0.0497147895561116,0.0494402888742142,oracle
ml,kmeans_templates,context,medium,0.05,50000,2,no_propensity,0.0499525594620733,0.0492065579942153,oracle
ml,kmeans_templates,context,medium,0.05,50000,2,opc,0.049695035112321,0.0492065579942153,oracle
ml,kmeans_templates,context,medium,0.05,50000,3,no_propensity,0.049962610811992,0.0492010900159723,oracle
ml,kmeans_templates,context,medium,0.05,50000,3,opc,0.0497332168891626,0.0492010900159723,oracle
ml,kmeans_templates,context,medium,0.05,50000,4,no_propensity,0.04997276466095,0.0493947719733825,oracle
ml,kmeans_templates,context,medium,0.05,50000,4,opc,0.0496638185217126,0.0493947719733825,oracle
ml,kmeans_templates,context,medium,0.05,100000,0,no_propensity,0.0499564190828129,0.049136977115994,oracle
ml,kmeans_templates,context,medium,0.05,100000,0,opc,0.049601634330794,0.049136977115994,oracle
ml,kmeans_templates,context,medium,0.05,100000,1,no_propensity,0.0499759867388079,0.0494402888742142,oracle
ml,kmeans_templates,context,medium,0.05,100000,1,opc,0.0497244989545673,0.0494402888742142,oracle
ml,kmeans_templates,context,medium,0.05,100000,2,no_propensity,0.0499612547018711,0.0492065579942153,oracle
ml,kmeans_templates,context,medium,0.05,100000,2,opc,0.0495241236734218,0.0492065579942153,oracle
ml,kmeans_templates,context,medium,0.05,100000,3,no_propensity,0.0499750754713431,0.0492010900159723,oracle
ml,kmeans_templates,context,medium,0.05,100000,3,opc,0.049709118271783,0.0492010900159723,oracle
ml,kmeans_templates,context,medium,0.05,100000,4,no_propensity,0.0499711338017265,0.0493947719733825,oracle
ml,kmeans_templates,context,medium,0.05,100000,4,opc,0.0498408136002906,0.0493947719733825,oracle
ml,kmeans_templates,metadata,brutal,0.05,5000,0,no_propensity,0.0494378314579984,0.0483336438363672,oracle
ml,kmeans_templates,metadata,brutal,0.05,5000,0,opc,0.0486617870953462,0.0483336438363672,oracle
ml,kmeans_templates,metadata,brutal,0.05,5000,1,no_propensity,0.0496823971201229,0.0486852170264628,oracle
ml,kmeans_templates,metadata,brutal,0.05,5000,1,opc,0.0489598565185674,0.0486852170264628,oracle
ml,kmeans_templates,metadata,brutal,0.05,5000,2,no_propensity,0.048326016946173,0.0471111837169598,oracle
ml,kmeans_templates,metadata,brutal,0.05,5000,2,opc,0.0478452278366073,0.0471111837169598,oracle
ml,kmeans_templates,metadata,brutal,0.05,5000,3,no_propensity,0.0490675119008772,0.0476569946382313,oracle
ml,kmeans_templates,metadata,brutal,0.05,5000,3,opc,0.0483682982938861,0.0476569946382313,oracle
ml,kmeans_templates,metadata,brutal,0.05,5000,4,no_propensity,0.0484413898847269,0.0468878473517264,oracle
ml,kmeans_templates,metadata,brutal,0.05,5000,4,opc,0.0479599655763414,0.0468878473517264,oracle
ml,kmeans_templates,metadata,brutal,0.05,25000,0,no_propensity,0.0495323934243121,0.0483336438363672,oracle
ml,kmeans_templates,metadata,brutal,0.05,25000,0,opc,0.0490466005810845,0.0483336438363672,oracle
ml,kmeans_templates,metadata,brutal,0.05,25000,1,no_propensity,0.0496354212322401,0.0486852170264628,oracle
ml,kmeans_templates,metadata,brutal,0.05,25000,1,opc,0.0494234304754001,0.0486852170264628,oracle
ml,kmeans_templates,metadata,brutal,0.05,25000,2,no_propensity,0.0486155026241761,0.0471111837169598,oracle
ml,kmeans_templates,metadata,brutal,0.05,25000,2,opc,0.0487334018289554,0.0471111837169598,oracle
ml,kmeans_templates,metadata,brutal,0.05,25000,3,no_propensity,0.0484394122520742,0.0476569946382313,oracle
ml,kmeans_templates,metadata,brutal,0.05,25000,3,opc,0.0493133052296851,0.0476569946382313,oracle
ml,kmeans_templates,metadata,brutal,0.05,25000,4,no_propensity,0.0495150988446549,0.0468878473517264,oracle
ml,kmeans_templates,metadata,brutal,0.05,25000,4,opc,0.0487992731157993,0.0468878473517264,oracle
ml,kmeans_templates,metadata,brutal,0.05,50000,0,no_propensity,0.0497216967140979,0.0483336438363672,oracle
ml,kmeans_templates,metadata,brutal,0.05,50000,0,opc,0.0490343252804257,0.0483336438363672,oracle
ml,kmeans_templates,metadata,brutal,0.05,50000,1,no_propensity,0.0497034993881835,0.0486852170264628,oracle
ml,kmeans_templates,metadata,brutal,0.05,50000,1,opc,0.04890333749216,0.0486852170264628,oracle
ml,kmeans_templates,metadata,brutal,0.05,50000,2,no_propensity,0.0488424197683804,0.0471111837169598,oracle
ml,kmeans_templates,metadata,brutal,0.05,50000,2,opc,0.0485568899766295,0.0471111837169598,oracle
ml,kmeans_templates,metadata,brutal,0.05,50000,3,no_propensity,0.0493469677156398,0.0476569946382313,oracle
ml,kmeans_templates,metadata,brutal,0.05,50000,3,opc,0.0489778634498461,0.0476569946382313,oracle
ml,kmeans_templates,metadata,brutal,0.05,50000,4,no_propensity,0.0492926917775011,0.0468878473517264,oracle
ml,kmeans_templates,metadata,brutal,0.05,50000,4,opc,0.0480224734972487,0.0468878473517264,oracle
ml,kmeans_templates,metadata,brutal,0.05,100000,0,no_propensity,0.049739569530808,0.0483336438363672,oracle
ml,kmeans_templates,metadata,brutal,0.05,100000,0,opc,0.0493334315241313,0.0483336438363672,oracle
ml,kmeans_templates,metadata,brutal,0.05,100000,1,no_propensity,0.0497462161141354,0.0486852170264628,oracle
ml,kmeans_templates,metadata,brutal,0.05,100000,1,opc,0.0491921237037202,0.0486852170264628,oracle
ml,kmeans_templates,metadata,brutal,0.05,100000,2,no_propensity,0.0487205334511808,0.0471111837169598,oracle
ml,kmeans_templates,metadata,brutal,0.05,100000,2,opc,0.0493070445464782,0.0471111837169598,oracle
ml,kmeans_templates,metadata,brutal,0.05,100000,3,no_propensity,0.0490856037167432,0.0476569946382313,oracle
ml,kmeans_templates,metadata,brutal,0.05,100000,3,opc,0.048740854891087,0.0476569946382313,oracle
ml,kmeans_templates,metadata,brutal,0.05,100000,4,no_propensity,0.049623768493264,0.0468878473517264,oracle
ml,kmeans_templates,metadata,brutal,0.05,100000,4,opc,0.0488350222236525,0.0468878473517264,oracle
ml,kmeans_templates,metadata,extreme,0.05,5000,0,no_propensity,0.0496272555306092,0.0487495462989563,oracle
ml,kmeans_templates,metadata,extreme,0.05,5000,0,opc,0.049207749743138,0.0487495462989563,oracle
ml,kmeans_templates,metadata,extreme,0.05,5000,1,no_propensity,0.0497393234884242,0.0490334445806698,oracle
ml,kmeans_templates,metadata,extreme,0.05,5000,1,opc,0.0494802360138251,0.0490334445806698,oracle
ml,kmeans_templates,metadata,extreme,0.05,5000,2,no_propensity,0.0491074781770895,0.0481010572132755,oracle
ml,kmeans_templates,metadata,extreme,0.05,5000,2,opc,0.0490001470168949,0.0481010572132755,oracle
ml,kmeans_templates,metadata,extreme,0.05,5000,3,no_propensity,0.0494765641970571,0.0484583491135662,oracle
ml,kmeans_templates,metadata,extreme,0.05,5000,3,opc,0.0494836235899837,0.0484583491135662,oracle
ml,kmeans_templates,metadata,extreme,0.05,5000,4,no_propensity,0.0490605923953141,0.0480174153978949,oracle
ml,kmeans_templates,metadata,extreme,0.05,5000,4,opc,0.0485738332843823,0.0480174153978949,oracle
ml,kmeans_templates,metadata,extreme,0.05,25000,0,no_propensity,0.0498341076973159,0.0487495462989563,oracle
ml,kmeans_templates,metadata,extreme,0.05,25000,0,opc,0.0494015620123607,0.0487495462989563,oracle
ml,kmeans_templates,metadata,extreme,0.05,25000,1,no_propensity,0.0498627818803486,0.0490334445806698,oracle
ml,kmeans_templates,metadata,extreme,0.05,25000,1,opc,0.0492038847791074,0.0490334445806698,oracle
ml,kmeans_templates,metadata,extreme,0.05,25000,2,no_propensity,0.0495960869308384,0.0481010572132755,oracle
ml,kmeans_templates,metadata,extreme,0.05,25000,2,opc,0.0488959102333829,0.0481010572132755,oracle
ml,kmeans_templates,metadata,extreme,0.05,25000,3,no_propensity,0.0498283773738589,0.0484583491135662,oracle
ml,kmeans_templates,metadata,extreme,0.05,25000,3,opc,0.0491887199777455,0.0484583491135662,oracle
ml,kmeans_templates,metadata,extreme,0.05,25000,4,no_propensity,0.0496462024569163,0.0480174153978949,oracle
ml,kmeans_templates,metadata,extreme,0.05,25000,4,opc,0.048346602013707,0.0480174153978949,oracle
ml,kmeans_templates,metadata,extreme,0.05,50000,0,no_propensity,0.0498740126392785,0.0487495462989563,oracle
ml,kmeans_templates,metadata,extreme,0.05,50000,0,opc,0.0495347288031178,0.0487495462989563,oracle
ml,kmeans_templates,metadata,extreme,0.05,50000,1,no_propensity,0.049907868649682,0.0490334445806698,oracle
ml,kmeans_templates,metadata,extreme,0.05,50000,1,opc,0.0490739959248094,0.0490334445806698,oracle
ml,kmeans_templates,metadata,extreme,0.05,50000,2,no_propensity,0.0498176869410728,0.0481010572132755,oracle
ml,kmeans_templates,metadata,extreme,0.05,50000,2,opc,0.0493655785234708,0.0481010572132755,oracle
ml,kmeans_templates,metadata,extreme,0.05,50000,3,no_propensity,0.0497934531420844,0.0484583491135662,oracle
ml,kmeans_templates,metadata,extreme,0.05,50000,3,opc,0.0497541318627813,0.0484583491135662,oracle
ml,kmeans_templates,metadata,extreme,0.05,50000,4,no_propensity,0.0499168836011048,0.0480174153978949,oracle
ml,kmeans_templates,metadata,extreme,0.05,50000,4,opc,0.0487764450873951,0.0480174153978949,oracle
ml,kmeans_templates,metadata,extreme,0.05,100000,0,no_propensity,0.049876624727414,0.0487495462989563,oracle
ml,kmeans_templates,metadata,extreme,0.05,100000,0,opc,0.0496678990630957,0.0487495462989563,oracle
ml,kmeans_templates,metadata,extreme,0.05,100000,1,no_propensity,0.0499174002102262,0.0490334445806698,oracle
ml,kmeans_templates,metadata,extreme,0.05,100000,1,opc,0.0495330345122121,0.0490334445806698,oracle
ml,kmeans_templates,metadata,extreme,0.05,100000,2,no_propensity,0.0498461289922439,0.0481010572132755,oracle
ml,kmeans_templates,metadata,extreme,0.05,100000,2,opc,0.0493447787998852,0.0481010572132755,oracle
ml,kmeans_templates,metadata,extreme,0.05,100000,3,no_propensity,0.049893527535227,0.0484583491135662,oracle
ml,kmeans_templates,metadata,extreme,0.05,100000,3,opc,0.0494392051913473,0.0484583491135662,oracle
ml,kmeans_templates,metadata,extreme,0.05,100000,4,no_propensity,0.0499115548665042,0.0480174153978949,oracle
ml,kmeans_templates,metadata,extreme,0.05,100000,4,opc,0.0491858657361735,0.0480174153978949,oracle
ml,kmeans_templates,metadata,high,0.05,5000,0,no_propensity,0.0497822358489462,0.0492097793541848,oracle
ml,kmeans_templates,metadata,high,0.05,5000,0,opc,0.0495913625650046,0.0492097793541848,oracle
ml,kmeans_templates,metadata,high,0.05,5000,1,no_propensity,0.0499032720994648,0.0493404184265193,oracle
ml,kmeans_templates,metadata,high,0.05,5000,1,opc,0.0496566283569967,0.0493404184265193,oracle
ml,kmeans_templates,metadata,high,0.05,5000,2,no_propensity,0.049774815491519,0.0490257140623287,oracle
ml,kmeans_templates,metadata,high,0.05,5000,2,opc,0.0492263872918418,0.0490257140623287,oracle
ml,kmeans_templates,metadata,high,0.05,5000,3,no_propensity,0.0499354859735219,0.0491809027580983,oracle
ml,kmeans_templates,metadata,high,0.05,5000,3,opc,0.0496180038631944,0.0491809027580983,oracle
ml,kmeans_templates,metadata,high,0.05,5000,4,no_propensity,0.0497385649079321,0.0490068696983157,oracle
ml,kmeans_templates,metadata,high,0.05,5000,4,opc,0.0492693055570925,0.0490068696983157,oracle
ml,kmeans_templates,metadata,high,0.05,25000,0,no_propensity,0.0499330506578644,0.0492097793541848,oracle
ml,kmeans_templates,metadata,high,0.05,25000,0,opc,0.0495550548111384,0.0492097793541848,oracle
ml,kmeans_templates,metadata,high,0.05,25000,1,no_propensity,0.0499546668198579,0.0493404184265193,oracle
ml,kmeans_templates,metadata,high,0.05,25000,1,opc,0.0495299422969248,0.0493404184265193,oracle
ml,kmeans_templates,metadata,high,0.05,25000,2,no_propensity,0.0499314253576223,0.0490257140623287,oracle
ml,kmeans_templates,metadata,high,0.05,25000,2,opc,0.0493476729491628,0.0490257140623287,oracle
ml,kmeans_templates,metadata,high,0.05,25000,3,no_propensity,0.0499501327290081,0.0491809027580983,oracle
ml,kmeans_templates,metadata,high,0.05,25000,3,opc,0.0497530617674714,0.0491809027580983,oracle
ml,kmeans_templates,metadata,high,0.05,25000,4,no_propensity,0.0499325344303949,0.0490068696983157,oracle
ml,kmeans_templates,metadata,high,0.05,25000,4,opc,0.0495285644927628,0.0490068696983157,oracle
ml,kmeans_templates,metadata,high,0.05,50000,0,no_propensity,0.0499428474906774,0.0492097793541848,oracle
ml,kmeans_templates,metadata,high,0.05,50000,0,opc,0.0494670447187517,0.0492097793541848,oracle
ml,kmeans_templates,metadata,high,0.05,50000,1,no_propensity,0.0499644009868432,0.0493404184265193,oracle
ml,kmeans_templates,metadata,high,0.05,50000,1,opc,0.0496009459112236,0.0493404184265193,oracle
ml,kmeans_templates,metadata,high,0.05,50000,2,no_propensity,0.0499585067939819,0.0490257140623287,oracle
ml,kmeans_templates,metadata,high,0.05,50000,2,opc,0.0494665936203027,0.0490257140623287,oracle
ml,kmeans_templates,metadata,high,0.05,50000,3,no_propensity,0.0499613287551237,0.0491809027580983,oracle
ml,kmeans_templates,metadata,high,0.05,50000,3,opc,0.0497059141160917,0.0491809027580983,oracle
ml,kmeans_templates,metadata,high,0.05,50000,4,no_propensity,0.049952104371656,0.0490068696983157,oracle
ml,kmeans_templates,metadata,high,0.05,50000,4,opc,0.0493977562966575,0.0490068696983157,oracle
ml,kmeans_templates,metadata,high,0.05,100000,0,no_propensity,0.0499523251170221,0.0492097793541848,oracle
ml,kmeans_templates,metadata,high,0.05,100000,0,opc,0.049513881813365,0.0492097793541848,oracle
ml,kmeans_templates,metadata,high,0.05,100000,1,no_propensity,0.0499710607370485,0.0493404184265193,oracle
ml,kmeans_templates,metadata,high,0.05,100000,1,opc,0.0494214023785886,0.0493404184265193,oracle
ml,kmeans_templates,metadata,high,0.05,100000,2,no_propensity,0.0499564955529235,0.0490257140623287,oracle
ml,kmeans_templates,metadata,high,0.05,100000,2,opc,0.0494111566099179,0.0490257140623287,oracle
ml,kmeans_templates,metadata,high,0.05,100000,3,no_propensity,0.0499725643613231,0.0491809027580983,oracle
ml,kmeans_templates,metadata,high,0.05,100000,3,opc,0.0494959457118854,0.0491809027580983,oracle
ml,kmeans_templates,metadata,high,0.05,100000,4,no_propensity,0.0499586469033958,0.0490068696983157,oracle
ml,kmeans_templates,metadata,high,0.05,100000,4,opc,0.0493394995667813,0.0490068696983157,oracle
ml,kmeans_templates,metadata,low,0.05,5000,0,no_propensity,0.0499445483412411,0.0495645657207356,oracle
ml,kmeans_templates,metadata,low,0.05,5000,0,opc,0.0496830912645483,0.0495645657207356,oracle
ml,kmeans_templates,metadata,low,0.05,5000,1,no_propensity,0.049955774888532,0.0495587490547782,oracle
ml,kmeans_templates,metadata,low,0.05,5000,1,opc,0.049775708298553,0.0495587490547782,oracle
ml,kmeans_templates,metadata,low,0.05,5000,2,no_propensity,0.0499514186584092,0.0495645025806952,oracle
ml,kmeans_templates,metadata,low,0.05,5000,2,opc,0.0498429926545874,0.0495645025806952,oracle
ml,kmeans_templates,metadata,low,0.05,5000,3,no_propensity,0.0499640227327959,0.0495665836309931,oracle
ml,kmeans_templates,metadata,low,0.05,5000,3,opc,0.0497222191519754,0.0495665836309931,oracle
ml,kmeans_templates,metadata,low,0.05,5000,4,no_propensity,0.0499444009517332,0.0495649042895053,oracle
ml,kmeans_templates,metadata,low,0.05,5000,4,opc,0.0496529645190269,0.0495649042895053,oracle
ml,kmeans_templates,metadata,low,0.05,25000,0,no_propensity,0.0499724083887308,0.0495645657207356,oracle
ml,kmeans_templates,metadata,low,0.05,25000,0,opc,0.0496548772090912,0.0495645657207356,oracle
ml,kmeans_templates,metadata,low,0.05,25000,1,no_propensity,0.0499651563675212,0.0495587490547782,oracle
ml,kmeans_templates,metadata,low,0.05,25000,1,opc,0.0496805896226438,0.0495587490547782,oracle
ml,kmeans_templates,metadata,low,0.05,25000,2,no_propensity,0.0499778527372681,0.0495645025806952,oracle
ml,kmeans_templates,metadata,low,0.05,25000,2,opc,0.0496388658847166,0.0495645025806952,oracle
ml,kmeans_templates,metadata,low,0.05,25000,3,no_propensity,0.0499776149271949,0.0495665836309931,oracle
ml,kmeans_templates,metadata,low,0.05,25000,3,opc,0.0497451091373397,0.0495665836309931,oracle
ml,kmeans_templates,metadata,low,0.05,25000,4,no_propensity,0.049972188055268,0.0495649042895053,oracle
ml,kmeans_templates,metadata,low,0.05,25000,4,opc,0.0496261108841618,0.0495649042895053,oracle
ml,kmeans_templates,metadata,low,0.05,50000,0,no_propensity,0.0499719153744006,0.0495645657207356,oracle
ml,kmeans_templates,metadata,low,0.05,50000,0,opc,0.0497024299779704,0.0495645657207356,oracle
ml,kmeans_templates,metadata,low,0.05,50000,1,no_propensity,0.0499754042834994,0.0495587490547782,oracle
ml,kmeans_templates,metadata,low,0.05,50000,1,opc,0.049623490695995,0.0495587490547782,oracle
ml,kmeans_templates,metadata,low,0.05,50000,2,no_propensity,0.0499774595286126,0.0495645025806952,oracle
ml,kmeans_templates,metadata,low,0.05,50000,2,opc,0.0498027999494841,0.0495645025806952,oracle
ml,kmeans_templates,metadata,low,0.05,50000,3,no_propensity,0.0499755975664193,0.0495665836309931,oracle
ml,kmeans_templates,metadata,low,0.05,50000,3,opc,0.0497750114606127,0.0495665836309931,oracle
ml,kmeans_templates,metadata,low,0.05,50000,4,no_propensity,0.049976428568107,0.0495649042895053,oracle
ml,kmeans_templates,metadata,low,0.05,50000,4,opc,0.049717281742005,0.0495649042895053,oracle
ml,kmeans_templates,metadata,low,0.05,100000,0,no_propensity,0.0499836192984038,0.0495645657207356,oracle
ml,kmeans_templates,metadata,low,0.05,100000,0,opc,0.0497308150176076,0.0495645657207356,oracle
ml,kmeans_templates,metadata,low,0.05,100000,1,no_propensity,0.0499812514880539,0.0495587490547782,oracle
ml,kmeans_templates,metadata,low,0.05,100000,1,opc,0.0496981240023,0.0495587490547782,oracle
ml,kmeans_templates,metadata,low,0.05,100000,2,no_propensity,0.0499827916431222,0.0495645025806952,oracle
ml,kmeans_templates,metadata,low,0.05,100000,2,opc,0.0496670482016864,0.0495645025806952,oracle
ml,kmeans_templates,metadata,low,0.05,100000,3,no_propensity,0.0499796755567871,0.0495665836309931,oracle
ml,kmeans_templates,metadata,low,0.05,100000,3,opc,0.0496624183368883,0.0495665836309931,oracle
ml,kmeans_templates,metadata,low,0.05,100000,4,no_propensity,0.0499825045107637,0.0495649042895053,oracle
ml,kmeans_templates,metadata,low,0.05,100000,4,opc,0.0497790669853476,0.0495649042895053,oracle
ml,kmeans_templates,metadata,medium,0.05,5000,0,no_propensity,0.0499165962627038,0.0494065197820925,oracle
ml,kmeans_templates,metadata,medium,0.05,5000,0,opc,0.049633330579276,0.0494065197820925,oracle
ml,kmeans_templates,metadata,medium,0.05,5000,1,no_propensity,0.0499348000398937,0.0494612371841995,oracle
ml,kmeans_templates,metadata,medium,0.05,5000,1,opc,0.0496434835802832,0.0494612371841995,oracle
ml,kmeans_templates,metadata,medium,0.05,5000,2,no_propensity,0.049926046447638,0.0493515662465463,oracle
ml,kmeans_templates,metadata,medium,0.05,5000,2,opc,0.0496443778924838,0.0493515662465463,oracle
ml,kmeans_templates,metadata,medium,0.05,5000,3,no_propensity,0.0499221741709257,0.0494196814887133,oracle
ml,kmeans_templates,metadata,medium,0.05,5000,3,opc,0.0497658381260815,0.0494196814887133,oracle
ml,kmeans_templates,metadata,medium,0.05,5000,4,no_propensity,0.0498589785637792,0.0493398046090751,oracle
ml,kmeans_templates,metadata,medium,0.05,5000,4,opc,0.0495016520240017,0.0493398046090751,oracle
ml,kmeans_templates,metadata,medium,0.05,25000,0,no_propensity,0.0499706202823679,0.0494065197820925,oracle
ml,kmeans_templates,metadata,medium,0.05,25000,0,opc,0.049719249096749,0.0494065197820925,oracle
ml,kmeans_templates,metadata,medium,0.05,25000,1,no_propensity,0.049962012330714,0.0494612371841995,oracle
ml,kmeans_templates,metadata,medium,0.05,25000,1,opc,0.0495772459016609,0.0494612371841995,oracle
ml,kmeans_templates,metadata,medium,0.05,25000,2,no_propensity,0.0499659530718119,0.0493515662465463,oracle
ml,kmeans_templates,metadata,medium,0.05,25000,2,opc,0.0494031264911986,0.0493515662465463,oracle
ml,kmeans_templates,metadata,medium,0.05,25000,3,no_propensity,0.0499680121523282,0.0494196814887133,oracle
ml,kmeans_templates,metadata,medium,0.05,25000,3,opc,0.0496766473052304,0.0494196814887133,oracle
ml,kmeans_templates,metadata,medium,0.05,25000,4,no_propensity,0.0499517418910691,0.0493398046090751,oracle
ml,kmeans_templates,metadata,medium,0.05,25000,4,opc,0.0495134040174126,0.0493398046090751,oracle
ml,kmeans_templates,metadata,medium,0.05,50000,0,no_propensity,0.0499665715460404,0.0494065197820925,oracle
ml,kmeans_templates,metadata,medium,0.05,50000,0,opc,0.0498303374000253,0.0494065197820925,oracle
ml,kmeans_templates,metadata,medium,0.05,50000,1,no_propensity,0.0499759931848582,0.0494612371841995,oracle
ml,kmeans_templates,metadata,medium,0.05,50000,1,opc,0.0496282910328078,0.0494612371841995,oracle
ml,kmeans_templates,metadata,medium,0.05,50000,2,no_propensity,0.0499718589846549,0.0493515662465463,oracle
ml,kmeans_templates,metadata,medium,0.05,50000,2,opc,0.0497460774768146,0.0493515662465463,oracle
ml,kmeans_templates,metadata,medium,0.05,50000,3,no_propensity,0.0499707162649839,0.0494196814887133,oracle
ml,kmeans_templates,metadata,medium,0.05,50000,3,opc,0.0495687491080938,0.0494196814887133,oracle
ml,kmeans_templates,metadata,medium,0.05,50000,4,no_propensity,0.0499708522178732,0.0493398046090751,oracle
ml,kmeans_templates,metadata,medium,0.05,50000,4,opc,0.0495382902947506,0.0493398046090751,oracle
ml,kmeans_templates,metadata,medium,0.05,100000,0,no_propensity,0.0499791520331442,0.0494065197820925,oracle
ml,kmeans_templates,metadata,medium,0.05,100000,0,opc,0.0495936548597302,0.0494065197820925,oracle
ml,kmeans_templates,metadata,medium,0.05,100000,1,no_propensity,0.0499791088531009,0.0494612371841995,oracle
ml,kmeans_templates,metadata,medium,0.05,100000,1,opc,0.0496425918209036,0.0494612371841995,oracle
ml,kmeans_templates,metadata,medium,0.05,100000,2,no_propensity,0.0499786778502992,0.0493515662465463,oracle
ml,kmeans_templates,metadata,medium,0.05,100000,2,opc,0.049462616729065,0.0493515662465463,oracle
ml,kmeans_templates,metadata,medium,0.05,100000,3,no_propensity,0.0499760818551986,0.0494196814887133,oracle
ml,kmeans_templates,metadata,medium,0.05,100000,3,opc,0.0496407307381302,0.0494196814887133,oracle
ml,kmeans_templates,metadata,medium,0.05,100000,4,no_propensity,0.0499707129153993,0.0493398046090751,oracle
ml,kmeans_templates,metadata,medium,0.05,100000,4,opc,0.0497852169334192,0.0493398046090751,oracle
ml,kmeans_templates,action,brutal,0.05,5000,0,no_propensity,0.046709222246236824,0.0466157293267131,mean_trials
ml,kmeans_templates,action,brutal,0.05,5000,0,opc,0.04644794836018415,0.0466157293267131,mean_trials
ml,kmeans_templates,action,brutal,0.05,5000,1,no_propensity,0.04728689084094785,0.0472428440534382,mean_trials
ml,kmeans_templates,action,brutal,0.05,5000,1,opc,0.04728880286759328,0.0472428440534382,mean_trials
ml,kmeans_templates,action,brutal,0.05,5000,2,no_propensity,0.047081117717822654,0.0469590268046477,mean_trials
ml,kmeans_templates,action,brutal,0.05,5000,2,opc,0.047037418344132914,0.0469590268046477,mean_trials
ml,kmeans_templates,action,brutal,0.05,5000,3,no_propensity,0.04657331507257878,0.046602650168757,mean_trials
ml,kmeans_templates,action,brutal,0.05,5000,3,opc,0.04666778480561114,0.046602650168757,mean_trials
ml,kmeans_templates,action,brutal,0.05,5000,4,no_propensity,0.046866576150490745,0.0467027704858169,mean_trials
ml,kmeans_templates,action,brutal,0.05,5000,4,opc,0.04674703582777972,0.0467027704858169,mean_trials
ml,kmeans_templates,action,brutal,0.05,25000,0,no_propensity,0.04737908175154145,0.0466157293267131,mean_trials
ml,kmeans_templates,action,brutal,0.05,25000,0,opc,0.04667211394143211,0.0466157293267131,mean_trials
ml,kmeans_templates,action,brutal,0.05,25000,1,no_propensity,0.047706154094206324,0.0472428440534382,mean_trials
ml,kmeans_templates,action,brutal,0.05,25000,1,opc,0.04737985325431012,0.0472428440534382,mean_trials
ml,kmeans_templates,action,brutal,0.05,25000,2,no_propensity,0.04752941783385001,0.0469590268046477,mean_trials
ml,kmeans_templates,action,brutal,0.05,25000,2,opc,0.047014437350290476,0.0469590268046477,mean_trials
ml,kmeans_templates,action,brutal,0.05,25000,3,no_propensity,0.047080652387357425,0.046602650168757,mean_trials
ml,kmeans_templates,action,brutal,0.05,25000,3,opc,0.04680127183410235,0.046602650168757,mean_trials
ml,kmeans_templates,action,brutal,0.05,25000,4,no_propensity,0.04717661401408392,0.0467027704858169,mean_trials
ml,kmeans_templates,action,brutal,0.05,25000,4,opc,0.04669220595399669,0.0467027704858169,mean_trials
ml,kmeans_templates,action,brutal,0.05,50000,0,no_propensity,0.04753343036900963,0.0466157293267131,mean_trials
ml,kmeans_templates,action,brutal,0.05,50000,0,opc,0.046760924933706594,0.0466157293267131,mean_trials
ml,kmeans_templates,action,brutal,0.05,50000,1,no_propensity,0.04780916669002661,0.0472428440534382,mean_trials
ml,kmeans_templates,action,brutal,0.05,50000,1,opc,0.0472972449924182,0.0472428440534382,mean_trials
ml,kmeans_templates,action,brutal,0.05,50000,2,no_propensity,0.04775436173137151,0.0469590268046477,mean_trials
ml,kmeans_templates,action,brutal,0.05,50000,2,opc,0.047067325029580505,0.0469590268046477,mean_trials
ml,kmeans_templates,action,brutal,0.05,50000,3,no_propensity,0.04740521221993517,0.046602650168757,mean_trials
ml,kmeans_templates,action,brutal,0.05,50000,3,opc,0.04681447276119123,0.046602650168757,mean_trials
ml,kmeans_templates,action,brutal,0.05,50000,4,no_propensity,0.04754193154286,0.0467027704858169,mean_trials
ml,kmeans_templates,action,brutal,0.05,50000,4,opc,0.046875068501278566,0.0467027704858169,mean_trials
ml,kmeans_templates,action,brutal,0.05,100000,0,no_propensity,0.047598533309378244,0.0466157293267131,mean_trials
ml,kmeans_templates,action,brutal,0.05,100000,0,opc,0.046749102314514276,0.0466157293267131,mean_trials
ml,kmeans_templates,action,brutal,0.05,100000,1,no_propensity,0.04805315648181559,0.0472428440534382,mean_trials
ml,kmeans_templates,action,brutal,0.05,100000,1,opc,0.04736482484541981,0.0472428440534382,mean_trials
ml,kmeans_templates,action,brutal,0.05,100000,2,no_propensity,0.04801578931384577,0.0469590268046477,mean_trials
ml,kmeans_templates,action,brutal,0.05,100000,2,opc,0.04712691708507612,0.0469590268046477,mean_trials
ml,kmeans_templates,action,brutal,0.05,100000,3,no_propensity,0.04764963295667569,0.046602650168757,mean_trials
ml,kmeans_templates,action,brutal,0.05,100000,3,opc,0.04695092807898328,0.046602650168757,mean_trials
ml,kmeans_templates,action,brutal,0.05,100000,4,no_propensity,0.04765908734822613,0.0467027704858169,mean_trials
ml,kmeans_templates,action,brutal,0.05,100000,4,opc,0.046971016942051476,0.0467027704858169,mean_trials
ml,kmeans_templates,action,extreme,0.05,5000,0,no_propensity,0.04737748964464754,0.047214446646648,mean_trials
ml,kmeans_templates,action,extreme,0.05,5000,0,opc,0.047293085354951206,0.047214446646648,mean_trials
ml,kmeans_templates,action,extreme,0.05,5000,1,no_propensity,0.04770898336015671,0.0475615721433665,mean_trials
ml,kmeans_templates,action,extreme,0.05,5000,1,opc,0.04763548251703528,0.0475615721433665,mean_trials
ml,kmeans_templates,action,extreme,0.05,5000,2,no_propensity,0.04757819938567841,0.0474672099741214,mean_trials
ml,kmeans_templates,action,extreme,0.05,5000,2,opc,0.04742522681488454,0.0474672099741214,mean_trials
ml,kmeans_templates,action,extreme,0.05,5000,3,no_propensity,0.04743718372045001,0.0470871931671049,mean_trials
ml,kmeans_templates,action,extreme,0.05,5000,3,opc,0.047169003384134406,0.0470871931671049,mean_trials
ml,kmeans_templates,action,extreme,0.05,5000,4,no_propensity,0.04764800802003197,0.0473316286445249,mean_trials
ml,kmeans_templates,action,extreme,0.05,5000,4,opc,0.047397377195678346,0.0473316286445249,mean_trials
ml,kmeans_templates,action,extreme,0.05,25000,0,no_propensity,0.04798747484134088,0.047214446646648,mean_trials
ml,kmeans_templates,action,extreme,0.05,25000,0,opc,0.04733198625981441,0.047214446646648,mean_trials
ml,kmeans_templates,action,extreme,0.05,25000,1,no_propensity,0.04828496849576884,0.0475615721433665,mean_trials
ml,kmeans_templates,action,extreme,0.05,25000,1,opc,0.04752483935192272,0.0475615721433665,mean_trials
ml,kmeans_templates,action,extreme,0.05,25000,2,no_propensity,0.04784018646864187,0.0474672099741214,mean_trials
ml,kmeans_templates,action,extreme,0.05,25000,2,opc,0.04760444779977249,0.0474672099741214,mean_trials
ml,kmeans_templates,action,extreme,0.05,25000,3,no_propensity,0.048063958343888394,0.0470871931671049,mean_trials
ml,kmeans_templates,action,extreme,0.05,25000,3,opc,0.04713046532809473,0.0470871931671049,mean_trials
ml,kmeans_templates,action,extreme,0.05,25000,4,no_propensity,0.04814193168651872,0.0473316286445249,mean_trials
ml,kmeans_templates,action,extreme,0.05,25000,4,opc,0.047283992023068495,0.0473316286445249,mean_trials
ml,kmeans_templates,action,extreme,0.05,50000,0,no_propensity,0.04844344338692917,0.047214446646648,mean_trials
ml,kmeans_templates,action,extreme,0.05,50000,0,opc,0.047333608591884874,0.047214446646648,mean_trials
ml,kmeans_templates,action,extreme,0.05,50000,1,no_propensity,0.048460816077147854,0.0475615721433665,mean_trials
ml,kmeans_templates,action,extreme,0.05,50000,1,opc,0.04768216560178755,0.0475615721433665,mean_trials
ml,kmeans_templates,action,extreme,0.05,50000,2,no_propensity,0.04866454759448653,0.0474672099741214,mean_trials
ml,kmeans_templates,action,extreme,0.05,50000,2,opc,0.04763482327919282,0.0474672099741214,mean_trials
ml,kmeans_templates,action,extreme,0.05,50000,3,no_propensity,0.04817676322359751,0.0470871931671049,mean_trials
ml,kmeans_templates,action,extreme,0.05,50000,3,opc,0.04728224152740546,0.0470871931671049,mean_trials
ml,kmeans_templates,action,extreme,0.05,50000,4,no_propensity,0.048435297473192515,0.0473316286445249,mean_trials
ml,kmeans_templates,action,extreme,0.05,50000,4,opc,0.04752983978865336,0.0473316286445249,mean_trials
ml,kmeans_templates,action,extreme,0.05,100000,0,no_propensity,0.048585279453538105,0.047214446646648,mean_trials
ml,kmeans_templates,action,extreme,0.05,100000,0,opc,0.04735171072157053,0.047214446646648,mean_trials
ml,kmeans_templates,action,extreme,0.05,100000,1,no_propensity,0.04875874301350229,0.0475615721433665,mean_trials
ml,kmeans_templates,action,extreme,0.05,100000,1,opc,0.04766796065136924,0.0475615721433665,mean_trials
ml,kmeans_templates,action,extreme,0.05,100000,2,no_propensity,0.0488946011667617,0.0474672099741214,mean_trials
ml,kmeans_templates,action,extreme,0.05,100000,2,opc,0.04768364223534396,0.0474672099741214,mean_trials
ml,kmeans_templates,action,extreme,0.05,100000,3,no_propensity,0.04868520867566154,0.0470871931671049,mean_trials
ml,kmeans_templates,action,extreme,0.05,100000,3,opc,0.04736636981170917,0.0470871931671049,mean_trials
ml,kmeans_templates,action,extreme,0.05,100000,4,no_propensity,0.04877618314549815,0.0473316286445249,mean_trials
ml,kmeans_templates,action,extreme,0.05,100000,4,opc,0.04743515093136669,0.0473316286445249,mean_trials
ml,kmeans_templates,action,high,0.05,5000,0,no_propensity,0.04851167467937319,0.0482957077058575,mean_trials
ml,kmeans_templates,action,high,0.05,5000,0,opc,0.04826408532177339,0.0482957077058575,mean_trials
ml,kmeans_templates,action,high,0.05,5000,1,no_propensity,0.04867726252878297,0.048376614634751,mean_trials
ml,kmeans_templates,action,high,0.05,5000,1,opc,0.04840796434206112,0.048376614634751,mean_trials
ml,kmeans_templates,action,high,0.05,5000,2,no_propensity,0.0488223909672222,0.0484063424369392,mean_trials
ml,kmeans_templates,action,high,0.05,5000,2,opc,0.04844144254213353,0.0484063424369392,mean_trials
ml,kmeans_templates,action,high,0.05,5000,3,no_propensity,0.048479968752267705,0.0481926027612877,mean_trials
ml,kmeans_templates,action,high,0.05,5000,3,opc,0.04837445173601712,0.0481926027612877,mean_trials
ml,kmeans_templates,action,high,0.05,5000,4,no_propensity,0.04884809689775154,0.04838807517565,mean_trials
ml,kmeans_templates,action,high,0.05,5000,4,opc,0.04825614554933119,0.04838807517565,mean_trials
ml,kmeans_templates,action,high,0.05,25000,0,no_propensity,0.04906442095956924,0.0482957077058575,mean_trials
ml,kmeans_templates,action,high,0.05,25000,0,opc,0.048078896991972674,0.0482957077058575,mean_trials
ml,kmeans_templates,action,high,0.05,25000,1,no_propensity,0.049038904037264,0.048376614634751,mean_trials
ml,kmeans_templates,action,high,0.05,25000,1,opc,0.04831427631038149,0.048376614634751,mean_trials
ml,kmeans_templates,action,high,0.05,25000,2,no_propensity,0.04933632956120992,0.0484063424369392,mean_trials
ml,kmeans_templates,action,high,0.05,25000,2,opc,0.04848585611090582,0.0484063424369392,mean_trials
ml,kmeans_templates,action,high,0.05,25000,3,no_propensity,0.048947916500916025,0.0481926027612877,mean_trials
ml,kmeans_templates,action,high,0.05,25000,3,opc,0.04829595705350064,0.0481926027612877,mean_trials
ml,kmeans_templates,action,high,0.05,25000,4,no_propensity,0.04919060543942831,0.04838807517565,mean_trials
ml,kmeans_templates,action,high,0.05,25000,4,opc,0.048191327288245114,0.04838807517565,mean_trials
ml,kmeans_templates,action,high,0.05,50000,0,no_propensity,0.049302027394087795,0.0482957077058575,mean_trials
ml,kmeans_templates,action,high,0.05,50000,0,opc,0.04839667348566014,0.0482957077058575,mean_trials
ml,kmeans_templates,action,high,0.05,50000,1,no_propensity,0.04940645367694676,0.048376614634751,mean_trials
ml,kmeans_templates,action,high,0.05,50000,1,opc,0.04852132012250474,0.048376614634751,mean_trials
ml,kmeans_templates,action,high,0.05,50000,2,no_propensity,0.04953860998026788,0.0484063424369392,mean_trials
ml,kmeans_templates,action,high,0.05,50000,2,opc,0.04846596166345028,0.0484063424369392,mean_trials
ml,kmeans_templates,action,high,0.05,50000,3,no_propensity,0.049450898259246374,0.0481926027612877,mean_trials
ml,kmeans_templates,action,high,0.05,50000,3,opc,0.04845576777571428,0.0481926027612877,mean_trials
ml,kmeans_templates,action,high,0.05,50000,4,no_propensity,0.049540490954190136,0.04838807517565,mean_trials
ml,kmeans_templates,action,high,0.05,50000,4,opc,0.04838670874624554,0.04838807517565,mean_trials
ml,kmeans_templates,action,high,0.05,100000,0,no_propensity,0.04965361492700969,0.0482957077058575,mean_trials
ml,kmeans_templates,action,high,0.05,100000,0,opc,0.048436114613214426,0.0482957077058575,mean_trials
ml,kmeans_templates,action,high,0.05,100000,1,no_propensity,0.04964993019855376,0.048376614634751,mean_trials
ml,kmeans_templates,action,high,0.05,100000,1,opc,0.048433446719727324,0.048376614634751,mean_trials
ml,kmeans_templates,action,high,0.05,100000,2,no_propensity,0.049622271207148114,0.0484063424369392,mean_trials
ml,kmeans_templates,action,high,0.05,100000,2,opc,0.04849383148926775,0.0484063424369392,mean_trials
ml,kmeans_templates,action,high,0.05,100000,3,no_propensity,0.049672350370755014,0.0481926027612877,mean_trials
ml,kmeans_templates,action,high,0.05,100000,3,opc,0.04851795453261135,0.0481926027612877,mean_trials
ml,kmeans_templates,action,high,0.05,100000,4,no_propensity,0.049688157353975866,0.04838807517565,mean_trials
ml,kmeans_templates,action,high,0.05,100000,4,opc,0.048532687737234056,0.04838807517565,mean_trials
ml,kmeans_templates,action,low,0.05,5000,0,no_propensity,0.04969015961818353,0.0494143220917449,mean_trials
ml,kmeans_templates,action,low,0.05,5000,0,opc,0.049389706961054665,0.0494143220917449,mean_trials
ml,kmeans_templates,action,low,0.05,5000,1,no_propensity,0.04968473941498327,0.0494137412479531,mean_trials
ml,kmeans_templates,action,low,0.05,5000,1,opc,0.04950265312255884,0.0494137412479531,mean_trials
ml,kmeans_templates,action,low,0.05,5000,2,no_propensity,0.04973691728104431,0.049422432069098,mean_trials
ml,kmeans_templates,action,low,0.05,5000,2,opc,0.049432560504363524,0.049422432069098,mean_trials
ml,kmeans_templates,action,low,0.05,5000,3,no_propensity,0.049760615066543154,0.0494175204532242,mean_trials
ml,kmeans_templates,action,low,0.05,5000,3,opc,0.04959960867249938,0.0494175204532242,mean_trials
ml,kmeans_templates,action,low,0.05,5000,4,no_propensity,0.049737931234845684,0.0494217371956612,mean_trials
ml,kmeans_templates,action,low,0.05,5000,4,opc,0.0490395236579707,0.0494217371956612,mean_trials
ml,kmeans_templates,action,low,0.05,25000,0,no_propensity,0.04985933270736046,0.0494143220917449,mean_trials
ml,kmeans_templates,action,low,0.05,25000,0,opc,0.04939880868361357,0.0494143220917449,mean_trials
ml,kmeans_templates,action,low,0.05,25000,1,no_propensity,0.04983024473474819,0.0494137412479531,mean_trials
ml,kmeans_templates,action,low,0.05,25000,1,opc,0.04939694024538345,0.0494137412479531,mean_trials
ml,kmeans_templates,action,low,0.05,25000,2,no_propensity,0.04984486917495005,0.049422432069098,mean_trials
ml,kmeans_templates,action,low,0.05,25000,2,opc,0.04939346434746034,0.049422432069098,mean_trials
ml,kmeans_templates,action,low,0.05,25000,3,no_propensity,0.04980469347645317,0.0494175204532242,mean_trials
ml,kmeans_templates,action,low,0.05,25000,3,opc,0.04925714148300368,0.0494175204532242,mean_trials
ml,kmeans_templates,action,low,0.05,25000,4,no_propensity,0.049808213583850056,0.0494217371956612,mean_trials
ml,kmeans_templates,action,low,0.05,25000,4,opc,0.04947639981635904,0.0494217371956612,mean_trials
ml,kmeans_templates,action,low,0.05,50000,0,no_propensity,0.04988688640251844,0.0494143220917449,mean_trials
ml,kmeans_templates,action,low,0.05,50000,0,opc,0.04943497581196812,0.0494143220917449,mean_trials
ml,kmeans_templates,action,low,0.05,50000,1,no_propensity,0.04989143295512972,0.0494137412479531,mean_trials
ml,kmeans_templates,action,low,0.05,50000,1,opc,0.04932592124332606,0.0494137412479531,mean_trials
ml,kmeans_templates,action,low,0.05,50000,2,no_propensity,0.04991356766415024,0.049422432069098,mean_trials
ml,kmeans_templates,action,low,0.05,50000,2,opc,0.049405393332925915,0.049422432069098,mean_trials
ml,kmeans_templates,action,low,0.05,50000,3,no_propensity,0.04991447978525643,0.0494175204532242,mean_trials
ml,kmeans_templates,action,low,0.05,50000,3,opc,0.049429463466700865,0.0494175204532242,mean_trials
ml,kmeans_templates,action,low,0.05,50000,4,no_propensity,0.04995359670695482,0.0494217371956612,mean_trials
ml,kmeans_templates,action,low,0.05,50000,4,opc,0.04947982945968897,0.0494217371956612,mean_trials
ml,kmeans_templates,action,low,0.05,100000,0,no_propensity,0.04996423196586133,0.0494143220917449,mean_trials
ml,kmeans_templates,action,low,0.05,100000,0,opc,0.0494440241184291,0.0494143220917449,mean_trials
ml,kmeans_templates,action,low,0.05,100000,1,no_propensity,0.049956672135135875,0.0494137412479531,mean_trials
ml,kmeans_templates,action,low,0.05,100000,1,opc,0.04944189508203556,0.0494137412479531,mean_trials
ml,kmeans_templates,action,low,0.05,100000,2,no_propensity,0.04995209852199819,0.049422432069098,mean_trials
ml,kmeans_templates,action,low,0.05,100000,2,opc,0.04938673287409644,0.049422432069098,mean_trials
ml,kmeans_templates,action,low,0.05,100000,3,no_propensity,0.049947982250388615,0.0494175204532242,mean_trials
ml,kmeans_templates,action,low,0.05,100000,3,opc,0.049510920916028864,0.0494175204532242,mean_trials
ml,kmeans_templates,action,low,0.05,100000,4,no_propensity,0.049962582655597144,0.0494217371956612,mean_trials
ml,kmeans_templates,action,low,0.05,100000,4,opc,0.049418839365444306,0.0494217371956612,mean_trials
ml,kmeans_templates,action,medium,0.05,5000,0,no_propensity,0.04942293865504926,0.0489544608348695,mean_trials
ml,kmeans_templates,action,medium,0.05,5000,0,opc,0.04885847301419617,0.0489544608348695,mean_trials
ml,kmeans_templates,action,medium,0.05,5000,1,no_propensity,0.049476044671889985,0.0489734201804317,mean_trials
ml,kmeans_templates,action,medium,0.05,5000,1,opc,0.049100769808746204,0.0489734201804317,mean_trials
ml,kmeans_templates,action,medium,0.05,5000,2,no_propensity,0.04943066159795138,0.048996904473098,mean_trials
ml,kmeans_templates,action,medium,0.05,5000,2,opc,0.048977489278788824,0.048996904473098,mean_trials
ml,kmeans_templates,action,medium,0.05,5000,3,no_propensity,0.04955819738567196,0.0489256006287711,mean_trials
ml,kmeans_templates,action,medium,0.05,5000,3,opc,0.04913814044316862,0.0489256006287711,mean_trials
ml,kmeans_templates,action,medium,0.05,5000,4,no_propensity,0.049408050154516533,0.0489931279488378,mean_trials
ml,kmeans_templates,action,medium,0.05,5000,4,opc,0.04887672500609698,0.0489931279488378,mean_trials
ml,kmeans_templates,action,medium,0.05,25000,0,no_propensity,0.04945457421237557,0.0489544608348695,mean_trials
ml,kmeans_templates,action,medium,0.05,25000,0,opc,0.048869348985847966,0.0489544608348695,mean_trials
ml,kmeans_templates,action,medium,0.05,25000,1,no_propensity,0.04949300935197533,0.0489734201804317,mean_trials
ml,kmeans_templates,action,medium,0.05,25000,1,opc,0.04880072172902642,0.0489734201804317,mean_trials
ml,kmeans_templates,action,medium,0.05,25000,2,no_propensity,0.04966245717551436,0.048996904473098,mean_trials
ml,kmeans_templates,action,medium,0.05,25000,2,opc,0.049036336269571254,0.048996904473098,mean_trials
ml,kmeans_templates,action,medium,0.05,25000,3,no_propensity,0.04954655568693261,0.0489256006287711,mean_trials
ml,kmeans_templates,action,medium,0.05,25000,3,opc,0.04894197145501625,0.0489256006287711,mean_trials
ml,kmeans_templates,action,medium,0.05,25000,4,no_propensity,0.04964958344890078,0.0489931279488378,mean_trials
ml,kmeans_templates,action,medium,0.05,25000,4,opc,0.04898852325042414,0.0489931279488378,mean_trials
ml,kmeans_templates,action,medium,0.05,50000,0,no_propensity,0.04971963602319305,0.0489544608348695,mean_trials
ml,kmeans_templates,action,medium,0.05,50000,0,opc,0.048798625905633206,0.0489544608348695,mean_trials
ml,kmeans_templates,action,medium,0.05,50000,1,no_propensity,0.04970098714960141,0.0489734201804317,mean_trials
ml,kmeans_templates,action,medium,0.05,50000,1,opc,0.04908998425576883,0.0489734201804317,mean_trials
ml,kmeans_templates,action,medium,0.05,50000,2,no_propensity,0.04976176872962001,0.048996904473098,mean_trials
ml,kmeans_templates,action,medium,0.05,50000,2,opc,0.04898395965283375,0.048996904473098,mean_trials
ml,kmeans_templates,action,medium,0.05,50000,3,no_propensity,0.049826646835469716,0.0489256006287711,mean_trials
ml,kmeans_templates,action,medium,0.05,50000,3,opc,0.04898131068107438,0.0489256006287711,mean_trials
ml,kmeans_templates,action,medium,0.05,50000,4,no_propensity,0.04977637983478431,0.0489931279488378,mean_trials
ml,kmeans_templates,action,medium,0.05,50000,4,opc,0.049122005739816496,0.0489931279488378,mean_trials
ml,kmeans_templates,action,medium,0.05,100000,0,no_propensity,0.04989114578691646,0.0489544608348695,mean_trials
ml,kmeans_templates,action,medium,0.05,100000,0,opc,0.04903616589030486,0.0489544608348695,mean_trials
ml,kmeans_templates,action,medium,0.05,100000,1,no_propensity,0.04990513661339715,0.0489734201804317,mean_trials
ml,kmeans_templates,action,medium,0.05,100000,1,opc,0.048999304903291956,0.0489734201804317,mean_trials
ml,kmeans_templates,action,medium,0.05,100000,2,no_propensity,0.049884168207411414,0.048996904473098,mean_trials
ml,kmeans_templates,action,medium,0.05,100000,2,opc,0.049046856176255274,0.048996904473098,mean_trials
ml,kmeans_templates,action,medium,0.05,100000,3,no_propensity,0.04988062664423719,0.0489256006287711,mean_trials
ml,kmeans_templates,action,medium,0.05,100000,3,opc,0.0490356502013041,0.0489256006287711,mean_trials
ml,kmeans_templates,action,medium,0.05,100000,4,no_propensity,0.04982701564409333,0.0489931279488378,mean_trials
ml,kmeans_templates,action,medium,0.05,100000,4,opc,0.04910098320318672,0.0489931279488378,mean_trials
ml,kmeans_templates,combined,brutal,0.05,5000,0,no_propensity,0.04550999388276775,0.0453757151109518,mean_trials
ml,kmeans_templates,combined,brutal,0.05,5000,0,opc,0.04562452644498384,0.0453757151109518,mean_trials
ml,kmeans_templates,combined,brutal,0.05,5000,1,no_propensity,0.04790330571883164,0.0477221012838836,mean_trials
ml,kmeans_templates,combined,brutal,0.05,5000,1,opc,0.047650074567349626,0.0477221012838836,mean_trials
ml,kmeans_templates,combined,brutal,0.05,5000,2,no_propensity,0.047434673166766896,0.0472252309336187,mean_trials
ml,kmeans_templates,combined,brutal,0.05,5000,2,opc,0.04702908350232944,0.0472252309336187,mean_trials
ml,kmeans_templates,combined,brutal,0.05,5000,3,no_propensity,0.04812136934015771,0.0480277739082754,mean_trials
ml,kmeans_templates,combined,brutal,0.05,5000,3,opc,0.04801674977463385,0.0480277739082754,mean_trials
ml,kmeans_templates,combined,brutal,0.05,5000,4,no_propensity,0.04669693150484082,0.0466125840939772,mean_trials
ml,kmeans_templates,combined,brutal,0.05,5000,4,opc,0.046652974700687674,0.0466125840939772,mean_trials
ml,kmeans_templates,combined,brutal,0.05,25000,0,no_propensity,0.04560201515076337,0.0453757151109518,mean_trials
ml,kmeans_templates,combined,brutal,0.05,25000,0,opc,0.04536659997996744,0.0453757151109518,mean_trials
ml,kmeans_templates,combined,brutal,0.05,25000,1,no_propensity,0.04782484273195121,0.0477221012838836,mean_trials
ml,kmeans_templates,combined,brutal,0.05,25000,1,opc,0.04778796382767135,0.0477221012838836,mean_trials
ml,kmeans_templates,combined,brutal,0.05,25000,2,no_propensity,0.047425110491350446,0.0472252309336187,mean_trials
ml,kmeans_templates,combined,brutal,0.05,25000,2,opc,0.04732001617664957,0.0472252309336187,mean_trials
ml,kmeans_templates,combined,brutal,0.05,25000,3,no_propensity,0.04817540903520264,0.0480277739082754,mean_trials
ml,kmeans_templates,combined,brutal,0.05,25000,3,opc,0.04808163698563007,0.0480277739082754,mean_trials
ml,kmeans_templates,combined,brutal,0.05,25000,4,no_propensity,0.04695305455954813,0.0466125840939772,mean_trials
ml,kmeans_templates,combined,brutal,0.05,25000,4,opc,0.04665808902834836,0.0466125840939772,mean_trials
ml,kmeans_templates,combined,brutal,0.05,50000,0,no_propensity,0.04570981374869881,0.0453757151109518,mean_trials
ml,kmeans_templates,combined,brutal,0.05,50000,0,opc,0.04559954479632906,0.0453757151109518,mean_trials
ml,kmeans_templates,combined,brutal,0.05,50000,1,no_propensity,0.047868849725596116,0.0477221012838836,mean_trials
ml,kmeans_templates,combined,brutal,0.05,50000,1,opc,0.04805284939480693,0.0477221012838836,mean_trials
ml,kmeans_templates,combined,brutal,0.05,50000,2,no_propensity,0.04737620911623379,0.0472252309336187,mean_trials
ml,kmeans_templates,combined,brutal,0.05,50000,2,opc,0.047207363523463296,0.0472252309336187,mean_trials
ml,kmeans_templates,combined,brutal,0.05,50000,3,no_propensity,0.04809971420302187,0.0480277739082754,mean_trials
ml,kmeans_templates,combined,brutal,0.05,50000,3,opc,0.04809424089643066,0.0480277739082754,mean_trials
ml,kmeans_templates,combined,brutal,0.05,50000,4,no_propensity,0.046908543347871416,0.0466125840939772,mean_trials
ml,kmeans_templates,combined,brutal,0.05,50000,4,opc,0.04686299440966069,0.0466125840939772,mean_trials
ml,kmeans_templates,combined,brutal,0.05,100000,0,no_propensity,0.04573402328731884,0.0453757151109518,mean_trials
ml,kmeans_templates,combined,brutal,0.05,100000,0,opc,0.04550662632390909,0.0453757151109518,mean_trials
ml,kmeans_templates,combined,brutal,0.05,100000,1,no_propensity,0.04792438407417089,0.0477221012838836,mean_trials
ml,kmeans_templates,combined,brutal,0.05,100000,1,opc,0.04791059693675641,0.0477221012838836,mean_trials
ml,kmeans_templates,combined,brutal,0.05,100000,2,no_propensity,0.04743864575606485,0.0472252309336187,mean_trials
ml,kmeans_templates,combined,brutal,0.05,100000,2,opc,0.04734548455578281,0.0472252309336187,mean_trials
ml,kmeans_templates,combined,brutal,0.05,100000,3,no_propensity,0.048207551984564466,0.0480277739082754,mean_trials
ml,kmeans_templates,combined,brutal,0.05,100000,3,opc,0.048238916717745925,0.0480277739082754,mean_trials
ml,kmeans_templates,combined,brutal,0.05,100000,4,no_propensity,0.04693084599350657,0.0466125840939772,mean_trials
ml,kmeans_templates,combined,brutal,0.05,100000,4,opc,0.046870329129902036,0.0466125840939772,mean_trials
ml,kmeans_templates,combined,extreme,0.05,5000,0,no_propensity,0.04525972886691778,0.0451021576054243,mean_trials
ml,kmeans_templates,combined,extreme,0.05,5000,0,opc,0.0449738031083708,0.0451021576054243,mean_trials
ml,kmeans_templates,combined,extreme,0.05,5000,1,no_propensity,0.04807094381016234,0.0477720022195072,mean_trials
ml,kmeans_templates,combined,extreme,0.05,5000,1,opc,0.04785190225224794,0.0477720022195072,mean_trials
ml,kmeans_templates,combined,extreme,0.05,5000,2,no_propensity,0.04713139572686302,0.0468224388100205,mean_trials
ml,kmeans_templates,combined,extreme,0.05,5000,2,opc,0.04678925718421641,0.0468224388100205,mean_trials
ml,kmeans_templates,combined,extreme,0.05,5000,3,no_propensity,0.04781418630991918,0.0476569546621607,mean_trials
ml,kmeans_templates,combined,extreme,0.05,5000,3,opc,0.047762455112541,0.0476569546621607,mean_trials
ml,kmeans_templates,combined,extreme,0.05,5000,4,no_propensity,0.04676710057756052,0.0463574283847847,mean_trials
ml,kmeans_templates,combined,extreme,0.05,5000,4,opc,0.046287448418153535,0.0463574283847847,mean_trials
ml,kmeans_templates,combined,extreme,0.05,25000,0,no_propensity,0.04597946909290486,0.0451021576054243,mean_trials
ml,kmeans_templates,combined,extreme,0.05,25000,0,opc,0.04539038015933491,0.0451021576054243,mean_trials
ml,kmeans_templates,combined,extreme,0.05,25000,1,no_propensity,0.04815284381554151,0.0477720022195072,mean_trials
ml,kmeans_templates,combined,extreme,0.05,25000,1,opc,0.04777532326282582,0.0477720022195072,mean_trials
ml,kmeans_templates,combined,extreme,0.05,25000,2,no_propensity,0.04735443638134959,0.0468224388100205,mean_trials
ml,kmeans_templates,combined,extreme,0.05,25000,2,opc,0.046912818923547484,0.0468224388100205,mean_trials
ml,kmeans_templates,combined,extreme,0.05,25000,3,no_propensity,0.0480652878147223,0.0476569546621607,mean_trials
ml,kmeans_templates,combined,extreme,0.05,25000,3,opc,0.04780732777239532,0.0476569546621607,mean_trials
ml,kmeans_templates,combined,extreme,0.05,25000,4,no_propensity,0.047129312821185154,0.0463574283847847,mean_trials
ml,kmeans_templates,combined,extreme,0.05,25000,4,opc,0.04652104124425781,0.0463574283847847,mean_trials
ml,kmeans_templates,combined,extreme,0.05,50000,0,no_propensity,0.04571978398540386,0.0451021576054243,mean_trials
ml,kmeans_templates,combined,extreme,0.05,50000,0,opc,0.045713983131791244,0.0451021576054243,mean_trials
ml,kmeans_templates,combined,extreme,0.05,50000,1,no_propensity,0.04819198727850618,0.0477720022195072,mean_trials
ml,kmeans_templates,combined,extreme,0.05,50000,1,opc,0.047752530940001,0.0477720022195072,mean_trials
ml,kmeans_templates,combined,extreme,0.05,50000,2,no_propensity,0.04738658927076658,0.0468224388100205,mean_trials
ml,kmeans_templates,combined,extreme,0.05,50000,2,opc,0.04703498414962569,0.0468224388100205,mean_trials
ml,kmeans_templates,combined,extreme,0.05,50000,3,no_propensity,0.048066190942606175,0.0476569546621607,mean_trials
ml,kmeans_templates,combined,extreme,0.05,50000,3,opc,0.047704824162260503,0.0476569546621607,mean_trials
ml,kmeans_templates,combined,extreme,0.05,50000,4,no_propensity,0.047217324079153085,0.0463574283847847,mean_trials
ml,kmeans_templates,combined,extreme,0.05,50000,4,opc,0.04655321531301505,0.0463574283847847,mean_trials
ml,kmeans_templates,combined,extreme,0.05,100000,0,no_propensity,0.045974100839441076,0.0451021576054243,mean_trials
ml,kmeans_templates,combined,extreme,0.05,100000,0,opc,0.045374652423158454,0.0451021576054243,mean_trials
ml,kmeans_templates,combined,extreme,0.05,100000,1,no_propensity,0.048244553550964416,0.0477720022195072,mean_trials
ml,kmeans_templates,combined,extreme,0.05,100000,1,opc,0.04790432882916576,0.0477720022195072,mean_trials
ml,kmeans_templates,combined,extreme,0.05,100000,2,no_propensity,0.047458637930786356,0.0468224388100205,mean_trials
ml,kmeans_templates,combined,extreme,0.05,100000,2,opc,0.04711193720685418,0.0468224388100205,mean_trials
ml,kmeans_templates,combined,extreme,0.05,100000,3,no_propensity,0.04803791327832447,0.0476569546621607,mean_trials
ml,kmeans_templates,combined,extreme,0.05,100000,3,opc,0.04779674396519828,0.0476569546621607,mean_trials
ml,kmeans_templates,combined,extreme,0.05,100000,4,no_propensity,0.047121487970726295,0.0463574283847847,mean_trials
ml,kmeans_templates,combined,extreme,0.05,100000,4,opc,0.04673557804657541,0.0463574283847847,mean_trials
ml,kmeans_templates,combined,high,0.05,5000,0,no_propensity,0.04686399972322339,0.0456478618068448,mean_trials
ml,kmeans_templates,combined,high,0.05,5000,0,opc,0.04595676483003771,0.0456478618068448,mean_trials
ml,kmeans_templates,combined,high,0.05,5000,1,no_propensity,0.04852697501779214,0.0479894558651901,mean_trials
ml,kmeans_templates,combined,high,0.05,5000,1,opc,0.04811293513060003,0.0479894558651901,mean_trials
ml,kmeans_templates,combined,high,0.05,5000,2,no_propensity,0.047911041867689484,0.0467197937920064,mean_trials
ml,kmeans_templates,combined,high,0.05,5000,2,opc,0.046633837611967044,0.0467197937920064,mean_trials
ml,kmeans_templates,combined,high,0.05,5000,3,no_propensity,0.04816833674993033,0.0472903071338551,mean_trials
ml,kmeans_templates,combined,high,0.05,5000,3,opc,0.04746746895665518,0.0472903071338551,mean_trials
ml,kmeans_templates,combined,high,0.05,5000,4,no_propensity,0.04812210743109904,0.046938630668035,mean_trials
ml,kmeans_templates,combined,high,0.05,5000,4,opc,0.04705276878556372,0.046938630668035,mean_trials
ml,kmeans_templates,combined,high,0.05,25000,0,no_propensity,0.047937407143776936,0.0456478618068448,mean_trials
ml,kmeans_templates,combined,high,0.05,25000,0,opc,0.045913188968673364,0.0456478618068448,mean_trials
ml,kmeans_templates,combined,high,0.05,25000,1,no_propensity,0.0491405530640777,0.0479894558651901,mean_trials
ml,kmeans_templates,combined,high,0.05,25000,1,opc,0.04808641001685608,0.0479894558651901,mean_trials
ml,kmeans_templates,combined,high,0.05,25000,2,no_propensity,0.04850664531494686,0.0467197937920064,mean_trials
ml,kmeans_templates,combined,high,0.05,25000,2,opc,0.047279340910240115,0.0467197937920064,mean_trials
ml,kmeans_templates,combined,high,0.05,25000,3,no_propensity,0.04871939026294238,0.0472903071338551,mean_trials
ml,kmeans_templates,combined,high,0.05,25000,3,opc,0.047400389830402366,0.0472903071338551,mean_trials
ml,kmeans_templates,combined,high,0.05,25000,4,no_propensity,0.04884738620931354,0.046938630668035,mean_trials
ml,kmeans_templates,combined,high,0.05,25000,4,opc,0.04742185288626431,0.046938630668035,mean_trials
ml,kmeans_templates,combined,high,0.05,50000,0,no_propensity,0.04849103364716364,0.0456478618068448,mean_trials
ml,kmeans_templates,combined,high,0.05,50000,0,opc,0.04639560180586127,0.0456478618068448,mean_trials
ml,kmeans_templates,combined,high,0.05,50000,1,no_propensity,0.04928396702686047,0.0479894558651901,mean_trials
ml,kmeans_templates,combined,high,0.05,50000,1,opc,0.04806140169358256,0.0479894558651901,mean_trials
ml,kmeans_templates,combined,high,0.05,50000,2,no_propensity,0.04887905718926135,0.0467197937920064,mean_trials
ml,kmeans_templates,combined,high,0.05,50000,2,opc,0.046958805250470914,0.0467197937920064,mean_trials
ml,kmeans_templates,combined,high,0.05,50000,3,no_propensity,0.04906542611902119,0.0472903071338551,mean_trials
ml,kmeans_templates,combined,high,0.05,50000,3,opc,0.047530841930304484,0.0472903071338551,mean_trials
ml,kmeans_templates,combined,high,0.05,50000,4,no_propensity,0.04912917670195168,0.046938630668035,mean_trials
ml,kmeans_templates,combined,high,0.05,50000,4,opc,0.04723847877318978,0.046938630668035,mean_trials
ml,kmeans_templates,combined,high,0.05,100000,0,no_propensity,0.048656898456669165,0.0456478618068448,mean_trials
ml,kmeans_templates,combined,high,0.05,100000,0,opc,0.046977466128271764,0.0456478618068448,mean_trials
ml,kmeans_templates,combined,high,0.05,100000,1,no_propensity,0.04948090130000277,0.0479894558651901,mean_trials
ml,kmeans_templates,combined,high,0.05,100000,1,opc,0.04818292759135276,0.0479894558651901,mean_trials
ml,kmeans_templates,combined,high,0.05,100000,2,no_propensity,0.04899140954415687,0.0467197937920064,mean_trials
ml,kmeans_templates,combined,high,0.05,100000,2,opc,0.04743032663906259,0.0467197937920064,mean_trials
ml,kmeans_templates,combined,high,0.05,100000,3,no_propensity,0.04917740346178891,0.0472903071338551,mean_trials
ml,kmeans_templates,combined,high,0.05,100000,3,opc,0.047793399703618,0.0472903071338551,mean_trials
ml,kmeans_templates,combined,high,0.05,100000,4,no_propensity,0.049382731449022194,0.046938630668035,mean_trials
ml,kmeans_templates,combined,high,0.05,100000,4,opc,0.04757149544361403,0.046938630668035,mean_trials
ml,kmeans_templates,combined,low,0.05,5000,0,no_propensity,0.04958359081617046,0.0491980080391786,mean_trials
ml,kmeans_templates,combined,low,0.05,5000,0,opc,0.04919086173730488,0.0491980080391786,mean_trials
ml,kmeans_templates,combined,low,0.05,5000,1,no_propensity,0.04961913142328306,0.0493234520724208,mean_trials
ml,kmeans_templates,combined,low,0.05,5000,1,opc,0.04942959193674166,0.0493234520724208,mean_trials
ml,kmeans_templates,combined,low,0.05,5000,2,no_propensity,0.04963072646559922,0.0492421747865324,mean_trials
ml,kmeans_templates,combined,low,0.05,5000,2,opc,0.04919373972882825,0.0492421747865324,mean_trials
ml,kmeans_templates,combined,low,0.05,5000,3,no_propensity,0.04973039917634551,0.0492054216827995,mean_trials
ml,kmeans_templates,combined,low,0.05,5000,3,opc,0.04946172730752679,0.0492054216827995,mean_trials
ml,kmeans_templates,combined,low,0.05,5000,4,no_propensity,0.04955117417225318,0.049313461619669,mean_trials
ml,kmeans_templates,combined,low,0.05,5000,4,opc,0.04930050067542349,0.049313461619669,mean_trials
ml,kmeans_templates,combined,low,0.05,25000,0,no_propensity,0.049739520513834345,0.0491980080391786,mean_trials
ml,kmeans_templates,combined,low,0.05,25000,0,opc,0.0491688204269264,0.0491980080391786,mean_trials
ml,kmeans_templates,combined,low,0.05,25000,1,no_propensity,0.04982786333410655,0.0493234520724208,mean_trials
ml,kmeans_templates,combined,low,0.05,25000,1,opc,0.049269753209880494,0.0493234520724208,mean_trials
ml,kmeans_templates,combined,low,0.05,25000,2,no_propensity,0.04976447429234373,0.0492421747865324,mean_trials
ml,kmeans_templates,combined,low,0.05,25000,2,opc,0.04921120661676686,0.0492421747865324,mean_trials
ml,kmeans_templates,combined,low,0.05,25000,3,no_propensity,0.04974598240166582,0.0492054216827995,mean_trials
ml,kmeans_templates,combined,low,0.05,25000,3,opc,0.0493291583307492,0.0492054216827995,mean_trials
ml,kmeans_templates,combined,low,0.05,25000,4,no_propensity,0.04983475994889403,0.049313461619669,mean_trials
ml,kmeans_templates,combined,low,0.05,25000,4,opc,0.04934827322627213,0.049313461619669,mean_trials
ml,kmeans_templates,combined,low,0.05,50000,0,no_propensity,0.04989401940350982,0.0491980080391786,mean_trials
ml,kmeans_templates,combined,low,0.05,50000,0,opc,0.04911624022094924,0.0491980080391786,mean_trials
ml,kmeans_templates,combined,low,0.05,50000,1,no_propensity,0.04985974181071609,0.0493234520724208,mean_trials
ml,kmeans_templates,combined,low,0.05,50000,1,opc,0.049407578172344105,0.0493234520724208,mean_trials
ml,kmeans_templates,combined,low,0.05,50000,2,no_propensity,0.04990576032621838,0.0492421747865324,mean_trials
ml,kmeans_templates,combined,low,0.05,50000,2,opc,0.04929109644613044,0.0492421747865324,mean_trials
ml,kmeans_templates,combined,low,0.05,50000,3,no_propensity,0.049895965849003895,0.0492054216827995,mean_trials
ml,kmeans_templates,combined,low,0.05,50000,3,opc,0.049141988657611047,0.0492054216827995,mean_trials
ml,kmeans_templates,combined,low,0.05,50000,4,no_propensity,0.049921521854183526,0.049313461619669,mean_trials
ml,kmeans_templates,combined,low,0.05,50000,4,opc,0.04906589283642478,0.049313461619669,mean_trials
ml,kmeans_templates,combined,low,0.05,100000,0,no_propensity,0.04992742563904644,0.0491980080391786,mean_trials
ml,kmeans_templates,combined,low,0.05,100000,0,opc,0.04927602618692984,0.0491980080391786,mean_trials
ml,kmeans_templates,combined,low,0.05,100000,1,no_propensity,0.0499356214805979,0.0493234520724208,mean_trials
ml,kmeans_templates,combined,low,0.05,100000,1,opc,0.049375947250964905,0.0493234520724208,mean_trials
ml,kmeans_templates,combined,low,0.05,100000,2,no_propensity,0.04993276290986821,0.0492421747865324,mean_trials
ml,kmeans_templates,combined,low,0.05,100000,2,opc,0.049265483841126625,0.0492421747865324,mean_trials
ml,kmeans_templates,combined,low,0.05,100000,3,no_propensity,0.04993163383609238,0.0492054216827995,mean_trials
ml,kmeans_templates,combined,low,0.05,100000,3,opc,0.049424741323079426,0.0492054216827995,mean_trials
ml,kmeans_templates,combined,low,0.05,100000,4,no_propensity,0.04994736956563245,0.049313461619669,mean_trials
ml,kmeans_templates,combined,low,0.05,100000,4,opc,0.04939567764324678,0.049313461619669,mean_trials
ml,kmeans_templates,combined,medium,0.05,5000,0,no_propensity,0.048554869707448316,0.047819037623913,mean_trials
ml,kmeans_templates,combined,medium,0.05,5000,0,opc,0.047994082687952896,0.047819037623913,mean_trials
ml,kmeans_templates,combined,medium,0.05,5000,1,no_propensity,0.04897287474206416,0.048585671698699,mean_trials
ml,kmeans_templates,combined,medium,0.05,5000,1,opc,0.048778354644219195,0.048585671698699,mean_trials
ml,kmeans_templates,combined,medium,0.05,5000,2,no_propensity,0.048733369990488225,0.0480506136646491,mean_trials
ml,kmeans_templates,combined,medium,0.05,5000,2,opc,0.048250299724871305,0.0480506136646491,mean_trials
ml,kmeans_templates,combined,medium,0.05,5000,3,no_propensity,0.04875578797508921,0.0481034871888418,mean_trials
ml,kmeans_templates,combined,medium,0.05,5000,3,opc,0.04844476120389824,0.0481034871888418,mean_trials
ml,kmeans_templates,combined,medium,0.05,5000,4,no_propensity,0.04905141524176559,0.0482533546384371,mean_trials
ml,kmeans_templates,combined,medium,0.05,5000,4,opc,0.0482598443439219,0.0482533546384371,mean_trials
ml,kmeans_templates,combined,medium,0.05,25000,0,no_propensity,0.04908921043161733,0.047819037623913,mean_trials
ml,kmeans_templates,combined,medium,0.05,25000,0,opc,0.04792347406087541,0.047819037623913,mean_trials
ml,kmeans_templates,combined,medium,0.05,25000,1,no_propensity,0.0493358835984518,0.048585671698699,mean_trials
ml,kmeans_templates,combined,medium,0.05,25000,1,opc,0.04868598646237964,0.048585671698699,mean_trials
ml,kmeans_templates,combined,medium,0.05,25000,2,no_propensity,0.04913249276841032,0.0480506136646491,mean_trials
ml,kmeans_templates,combined,medium,0.05,25000,2,opc,0.048266213713090124,0.0480506136646491,mean_trials
ml,kmeans_templates,combined,medium,0.05,25000,3,no_propensity,0.049340065918710964,0.0481034871888418,mean_trials
ml,kmeans_templates,combined,medium,0.05,25000,3,opc,0.04811172547446828,0.0481034871888418,mean_trials
ml,kmeans_templates,combined,medium,0.05,25000,4,no_propensity,0.049365547450848576,0.0482533546384371,mean_trials
ml,kmeans_templates,combined,medium,0.05,25000,4,opc,0.048332067310465715,0.0482533546384371,mean_trials
ml,kmeans_templates,combined,medium,0.05,50000,0,no_propensity,0.04945015279142539,0.047819037623913,mean_trials
ml,kmeans_templates,combined,medium,0.05,50000,0,opc,0.0480367357174163,0.047819037623913,mean_trials
ml,kmeans_templates,combined,medium,0.05,50000,1,no_propensity,0.04971267102538831,0.048585671698699,mean_trials
ml,kmeans_templates,combined,medium,0.05,50000,1,opc,0.0487165463791836,0.048585671698699,mean_trials
ml,kmeans_templates,combined,medium,0.05,50000,2,no_propensity,0.049614164792237,0.0480506136646491,mean_trials
ml,kmeans_templates,combined,medium,0.05,50000,2,opc,0.04814795170296467,0.0480506136646491,mean_trials
ml,kmeans_templates,combined,medium,0.05,50000,3,no_propensity,0.04958223217120135,0.0481034871888418,mean_trials
ml,kmeans_templates,combined,medium,0.05,50000,3,opc,0.04845524205536817,0.0481034871888418,mean_trials
ml,kmeans_templates,combined,medium,0.05,50000,4,no_propensity,0.04956166432373311,0.0482533546384371,mean_trials
ml,kmeans_templates,combined,medium,0.05,50000,4,opc,0.04842170519000473,0.0482533546384371,mean_trials
ml,kmeans_templates,combined,medium,0.05,100000,0,no_propensity,0.04966999624793597,0.047819037623913,mean_trials
ml,kmeans_templates,combined,medium,0.05,100000,0,opc,0.04826960902451459,0.047819037623913,mean_trials
ml,kmeans_templates,combined,medium,0.05,100000,1,no_propensity,0.04975508432989381,0.048585671698699,mean_trials
ml,kmeans_templates,combined,medium,0.05,100000,1,opc,0.04877322664311204,0.048585671698699,mean_trials
ml,kmeans_templates,combined,medium,0.05,100000,2,no_propensity,0.04975589102001875,0.0480506136646491,mean_trials
ml,kmeans_templates,combined,medium,0.05,100000,2,opc,0.04830584825033109,0.0480506136646491,mean_trials
ml,kmeans_templates,combined,medium,0.05,100000,3,no_propensity,0.049834497722008896,0.0481034871888418,mean_trials
ml,kmeans_templates,combined,medium,0.05,100000,3,opc,0.04864208522089328,0.0481034871888418,mean_trials
ml,kmeans_templates,combined,medium,0.05,100000,4,no_propensity,0.04971148894178061,0.0482533546384371,mean_trials
ml,kmeans_templates,combined,medium,0.05,100000,4,opc,0.04859486509777147,0.0482533546384371,mean_trials
ml,kmeans_templates,context,brutal,0.05,5000,0,no_propensity,0.047554308126852636,0.0466604711186673,mean_trials
ml,kmeans_templates,context,brutal,0.05,5000,0,opc,0.046485127446979406,0.0466604711186673,mean_trials
ml,kmeans_templates,context,brutal,0.05,5000,1,no_propensity,0.04947269518193552,0.0493162344238843,mean_trials
ml,kmeans_templates,context,brutal,0.05,5000,1,opc,0.049321738247736016,0.0493162344238843,mean_trials
ml,kmeans_templates,context,brutal,0.05,5000,2,no_propensity,0.04778986288257593,0.046883262473433,mean_trials
ml,kmeans_templates,context,brutal,0.05,5000,2,opc,0.04753973085092628,0.046883262473433,mean_trials
ml,kmeans_templates,context,brutal,0.05,5000,3,no_propensity,0.04821922474891398,0.0481144194008443,mean_trials
ml,kmeans_templates,context,brutal,0.05,5000,3,opc,0.04809307196058966,0.0481144194008443,mean_trials
ml,kmeans_templates,context,brutal,0.05,5000,4,no_propensity,0.04883205946956608,0.0484927499264902,mean_trials
ml,kmeans_templates,context,brutal,0.05,5000,4,opc,0.048582173309810385,0.0484927499264902,mean_trials
ml,kmeans_templates,context,brutal,0.05,25000,0,no_propensity,0.047948232972030894,0.0466604711186673,mean_trials
ml,kmeans_templates,context,brutal,0.05,25000,0,opc,0.046970442486654225,0.0466604711186673,mean_trials
ml,kmeans_templates,context,brutal,0.05,25000,1,no_propensity,0.04948421720867931,0.0493162344238843,mean_trials
ml,kmeans_templates,context,brutal,0.05,25000,1,opc,0.04930141068505868,0.0493162344238843,mean_trials
ml,kmeans_templates,context,brutal,0.05,25000,2,no_propensity,0.048049445130405634,0.046883262473433,mean_trials
ml,kmeans_templates,context,brutal,0.05,25000,2,opc,0.04720457530718656,0.046883262473433,mean_trials
ml,kmeans_templates,context,brutal,0.05,25000,3,no_propensity,0.04851209193446469,0.0481144194008443,mean_trials
ml,kmeans_templates,context,brutal,0.05,25000,3,opc,0.0483374960177491,0.0481144194008443,mean_trials
ml,kmeans_templates,context,brutal,0.05,25000,4,no_propensity,0.04890738616504857,0.0484927499264902,mean_trials
ml,kmeans_templates,context,brutal,0.05,25000,4,opc,0.048585098258509915,0.0484927499264902,mean_trials
ml,kmeans_templates,context,brutal,0.05,50000,0,no_propensity,0.04787952505980174,0.0466604711186673,mean_trials
ml,kmeans_templates,context,brutal,0.05,50000,0,opc,0.046891215607970896,0.0466604711186673,mean_trials
ml,kmeans_templates,context,brutal,0.05,50000,1,no_propensity,0.049559077492522,0.0493162344238843,mean_trials
ml,kmeans_templates,context,brutal,0.05,50000,1,opc,0.04934500700179302,0.0493162344238843,mean_trials
ml,kmeans_templates,context,brutal,0.05,50000,2,no_propensity,0.04806999392792924,0.046883262473433,mean_trials
ml,kmeans_templates,context,brutal,0.05,50000,2,opc,0.04756248371076573,0.046883262473433,mean_trials
ml,kmeans_templates,context,brutal,0.05,50000,3,no_propensity,0.04854735558337657,0.0481144194008443,mean_trials
ml,kmeans_templates,context,brutal,0.05,50000,3,opc,0.04794173019821153,0.0481144194008443,mean_trials
ml,kmeans_templates,context,brutal,0.05,50000,4,no_propensity,0.049048793133979286,0.0484927499264902,mean_trials
ml,kmeans_templates,context,brutal,0.05,50000,4,opc,0.04859703533152744,0.0484927499264902,mean_trials
ml,kmeans_templates,context,brutal,0.05,100000,0,no_propensity,0.047821592779807895,0.0466604711186673,mean_trials
ml,kmeans_templates,context,brutal,0.05,100000,0,opc,0.04743148302188975,0.0466604711186673,mean_trials
ml,kmeans_templates,context,brutal,0.05,100000,1,no_propensity,0.04953166007310124,0.0493162344238843,mean_trials
ml,kmeans_templates,context,brutal,0.05,100000,1,opc,0.04927947232476563,0.0493162344238843,mean_trials
ml,kmeans_templates,context,brutal,0.05,100000,2,no_propensity,0.04798578654994939,0.046883262473433,mean_trials
ml,kmeans_templates,context,brutal,0.05,100000,2,opc,0.047190478353359065,0.046883262473433,mean_trials
ml,kmeans_templates,context,brutal,0.05,100000,3,no_propensity,0.04856065763744457,0.0481144194008443,mean_trials
ml,kmeans_templates,context,brutal,0.05,100000,3,opc,0.0481285780070123,0.0481144194008443,mean_trials
ml,kmeans_templates,context,brutal,0.05,100000,4,no_propensity,0.04905383542929254,0.0484927499264902,mean_trials
ml,kmeans_templates,context,brutal,0.05,100000,4,opc,0.04847126370972554,0.0484927499264902,mean_trials
ml,kmeans_templates,context,extreme,0.05,5000,0,no_propensity,0.04864643575050363,0.0471409906431615,mean_trials
ml,kmeans_templates,context,extreme,0.05,5000,0,opc,0.04773198217913896,0.0471409906431615,mean_trials
ml,kmeans_templates,context,extreme,0.05,5000,1,no_propensity,0.04964516255572009,0.049408615419236,mean_trials
ml,kmeans_templates,context,extreme,0.05,5000,1,opc,0.04936906110826057,0.049408615419236,mean_trials
ml,kmeans_templates,context,extreme,0.05,5000,2,no_propensity,0.04843633196503331,0.0472092083079514,mean_trials
ml,kmeans_templates,context,extreme,0.05,5000,2,opc,0.04749669643585316,0.0472092083079514,mean_trials
ml,kmeans_templates,context,extreme,0.05,5000,3,no_propensity,0.04891358602317836,0.048278926861906,mean_trials
ml,kmeans_templates,context,extreme,0.05,5000,3,opc,0.04830561905439096,0.048278926861906,mean_trials
ml,kmeans_templates,context,extreme,0.05,5000,4,no_propensity,0.04929720296959185,0.0488470168479899,mean_trials
ml,kmeans_templates,context,extreme,0.05,5000,4,opc,0.04888014674354836,0.0488470168479899,mean_trials
ml,kmeans_templates,context,extreme,0.05,25000,0,no_propensity,0.049032371430095714,0.0471409906431615,mean_trials
ml,kmeans_templates,context,extreme,0.05,25000,0,opc,0.04757963316847735,0.0471409906431615,mean_trials
ml,kmeans_templates,context,extreme,0.05,25000,1,no_propensity,0.04975674818455899,0.049408615419236,mean_trials
ml,kmeans_templates,context,extreme,0.05,25000,1,opc,0.04943665501788955,0.049408615419236,mean_trials
ml,kmeans_templates,context,extreme,0.05,25000,2,no_propensity,0.04880774926150964,0.0472092083079514,mean_trials
ml,kmeans_templates,context,extreme,0.05,25000,2,opc,0.04798902159449844,0.0472092083079514,mean_trials
ml,kmeans_templates,context,extreme,0.05,25000,3,no_propensity,0.04914734763948371,0.048278926861906,mean_trials
ml,kmeans_templates,context,extreme,0.05,25000,3,opc,0.04811446837559373,0.048278926861906,mean_trials
ml,kmeans_templates,context,extreme,0.05,25000,4,no_propensity,0.049533319486209836,0.0488470168479899,mean_trials
ml,kmeans_templates,context,extreme,0.05,25000,4,opc,0.048643817860123686,0.0488470168479899,mean_trials
ml,kmeans_templates,context,extreme,0.05,50000,0,no_propensity,0.04907413823947551,0.0471409906431615,mean_trials
ml,kmeans_templates,context,extreme,0.05,50000,0,opc,0.04747813306937275,0.0471409906431615,mean_trials
ml,kmeans_templates,context,extreme,0.05,50000,1,no_propensity,0.04978149406670297,0.049408615419236,mean_trials
ml,kmeans_templates,context,extreme,0.05,50000,1,opc,0.04934603563611069,0.049408615419236,mean_trials
ml,kmeans_templates,context,extreme,0.05,50000,2,no_propensity,0.04911754471648068,0.0472092083079514,mean_trials
ml,kmeans_templates,context,extreme,0.05,50000,2,opc,0.047556150475390156,0.0472092083079514,mean_trials
ml,kmeans_templates,context,extreme,0.05,50000,3,no_propensity,0.0492058401965914,0.048278926861906,mean_trials
ml,kmeans_templates,context,extreme,0.05,50000,3,opc,0.04855486247966591,0.048278926861906,mean_trials
ml,kmeans_templates,context,extreme,0.05,50000,4,no_propensity,0.049650561486534774,0.0488470168479899,mean_trials
ml,kmeans_templates,context,extreme,0.05,50000,4,opc,0.048768064642958055,0.0488470168479899,mean_trials
ml,kmeans_templates,context,extreme,0.05,100000,0,no_propensity,0.04923458504178643,0.0471409906431615,mean_trials
ml,kmeans_templates,context,extreme,0.05,100000,0,opc,0.04800741588662598,0.0471409906431615,mean_trials
ml,kmeans_templates,context,extreme,0.05,100000,1,no_propensity,0.04978297076506492,0.049408615419236,mean_trials
ml,kmeans_templates,context,extreme,0.05,100000,1,opc,0.0492419716707556,0.049408615419236,mean_trials
ml,kmeans_templates,context,extreme,0.05,100000,2,no_propensity,0.04912766884412132,0.0472092083079514,mean_trials
ml,kmeans_templates,context,extreme,0.05,100000,2,opc,0.047802119483847945,0.0472092083079514,mean_trials
ml,kmeans_templates,context,extreme,0.05,100000,3,no_propensity,0.04922274131726008,0.048278926861906,mean_trials
ml,kmeans_templates,context,extreme,0.05,100000,3,opc,0.04860718516659031,0.048278926861906,mean_trials
ml,kmeans_templates,context,extreme,0.05,100000,4,no_propensity,0.04961890919049029,0.0488470168479899,mean_trials
ml,kmeans_templates,context,extreme,0.05,100000,4,opc,0.04891808273109903,0.0488470168479899,mean_trials
ml,kmeans_templates,context,high,0.05,5000,0,no_propensity,0.04907862879655722,0.0483407652012639,mean_trials
ml,kmeans_templates,context,high,0.05,5000,0,opc,0.04838627877031127,0.0483407652012639,mean_trials
ml,kmeans_templates,context,high,0.05,5000,1,no_propensity,0.04973692803229331,0.0494328812879498,mean_trials
ml,kmeans_templates,context,high,0.05,5000,1,opc,0.049403822003579824,0.0494328812879498,mean_trials
ml,kmeans_templates,context,high,0.05,5000,2,no_propensity,0.049235660753536505,0.0484716154000644,mean_trials
ml,kmeans_templates,context,high,0.05,5000,2,opc,0.04849250167999868,0.0484716154000644,mean_trials
ml,kmeans_templates,context,high,0.05,5000,3,no_propensity,0.049347726417320756,0.0487627254693241,mean_trials
ml,kmeans_templates,context,high,0.05,5000,3,opc,0.048858772289736764,0.0487627254693241,mean_trials
ml,kmeans_templates,context,high,0.05,5000,4,no_propensity,0.049523565331368605,0.0492230940860696,mean_trials
ml,kmeans_templates,context,high,0.05,5000,4,opc,0.049174852687009454,0.0492230940860696,mean_trials
ml,kmeans_templates,context,high,0.05,25000,0,no_propensity,0.049460372488308424,0.0483407652012639,mean_trials
ml,kmeans_templates,context,high,0.05,25000,0,opc,0.04842672163061916,0.0483407652012639,mean_trials
ml,kmeans_templates,context,high,0.05,25000,1,no_propensity,0.04983157290715612,0.0494328812879498,mean_trials
ml,kmeans_templates,context,high,0.05,25000,1,opc,0.04920515136654291,0.0494328812879498,mean_trials
ml,kmeans_templates,context,high,0.05,25000,2,no_propensity,0.04967904846042915,0.0484716154000644,mean_trials
ml,kmeans_templates,context,high,0.05,25000,2,opc,0.04886721905564943,0.0484716154000644,mean_trials
ml,kmeans_templates,context,high,0.05,25000,3,no_propensity,0.04962668177942723,0.0487627254693241,mean_trials
ml,kmeans_templates,context,high,0.05,25000,3,opc,0.04890412582448596,0.0487627254693241,mean_trials
ml,kmeans_templates,context,high,0.05,25000,4,no_propensity,0.04977806344870038,0.0492230940860696,mean_trials
ml,kmeans_templates,context,high,0.05,25000,4,opc,0.04906218130052516,0.0492230940860696,mean_trials
ml,kmeans_templates,context,high,0.05,50000,0,no_propensity,0.04947419705199988,0.0483407652012639,mean_trials
ml,kmeans_templates,context,high,0.05,50000,0,opc,0.048315873794328064,0.0483407652012639,mean_trials
ml,kmeans_templates,context,high,0.05,50000,1,no_propensity,0.049886615355059165,0.0494328812879498,mean_trials
ml,kmeans_templates,context,high,0.05,50000,1,opc,0.04934097006988058,0.0494328812879498,mean_trials
ml,kmeans_templates,context,high,0.05,50000,2,no_propensity,0.04964598460339867,0.0484716154000644,mean_trials
ml,kmeans_templates,context,high,0.05,50000,2,opc,0.04874190496483408,0.0484716154000644,mean_trials
ml,kmeans_templates,context,high,0.05,50000,3,no_propensity,0.049760726813813286,0.0487627254693241,mean_trials
ml,kmeans_templates,context,high,0.05,50000,3,opc,0.04891101807700622,0.0487627254693241,mean_trials
ml,kmeans_templates,context,high,0.05,50000,4,no_propensity,0.04983680325280311,0.0492230940860696,mean_trials
ml,kmeans_templates,context,high,0.05,50000,4,opc,0.04914341627609166,0.0492230940860696,mean_trials
ml,kmeans_templates,context,high,0.05,100000,0,no_propensity,0.049744480517730214,0.0483407652012639,mean_trials
ml,kmeans_templates,context,high,0.05,100000,0,opc,0.0485680047799719,0.0483407652012639,mean_trials
ml,kmeans_templates,context,high,0.05,100000,1,no_propensity,0.04992478106012523,0.0494328812879498,mean_trials
ml,kmeans_templates,context,high,0.05,100000,1,opc,0.04933595258488504,0.0494328812879498,mean_trials
ml,kmeans_templates,context,high,0.05,100000,2,no_propensity,0.04979675287444104,0.0484716154000644,mean_trials
ml,kmeans_templates,context,high,0.05,100000,2,opc,0.048661329526000406,0.0484716154000644,mean_trials
ml,kmeans_templates,context,high,0.05,100000,3,no_propensity,0.049860203254599306,0.0487627254693241,mean_trials
ml,kmeans_templates,context,high,0.05,100000,3,opc,0.0491686356519252,0.0487627254693241,mean_trials
ml,kmeans_templates,context,high,0.05,100000,4,no_propensity,0.049882238187313396,0.0492230940860696,mean_trials
ml,kmeans_templates,context,high,0.05,100000,4,opc,0.04925534055967408,0.0492230940860696,mean_trials
ml,kmeans_templates,context,low,0.05,5000,0,no_propensity,0.04970460777155653,0.0493921732446926,mean_trials
ml,kmeans_templates,context,low,0.05,5000,0,opc,0.049393566851955284,0.0493921732446926,mean_trials
ml,kmeans_templates,context,low,0.05,5000,1,no_propensity,0.04972630058661297,0.0494842785581161,mean_trials
ml,kmeans_templates,context,low,0.05,5000,1,opc,0.049539978114110005,0.0494842785581161,mean_trials
ml,kmeans_templates,context,low,0.05,5000,2,no_propensity,0.049748099331227806,0.0494173384520355,mean_trials
ml,kmeans_templates,context,low,0.05,5000,2,opc,0.049501328848464574,0.0494173384520355,mean_trials
ml,kmeans_templates,context,low,0.05,5000,3,no_propensity,0.04976690386040665,0.0494008502741158,mean_trials
ml,kmeans_templates,context,low,0.05,5000,3,opc,0.04958188601197492,0.0494008502741158,mean_trials
ml,kmeans_templates,context,low,0.05,5000,4,no_propensity,0.04971994921600332,0.0494797975761023,mean_trials
ml,kmeans_templates,context,low,0.05,5000,4,opc,0.049388216195534546,0.0494797975761023,mean_trials
ml,kmeans_templates,context,low,0.05,25000,0,no_propensity,0.04985784808433575,0.0493921732446926,mean_trials
ml,kmeans_templates,context,low,0.05,25000,0,opc,0.04929917123604778,0.0493921732446926,mean_trials
ml,kmeans_templates,context,low,0.05,25000,1,no_propensity,0.04990465379643859,0.0494842785581161,mean_trials
ml,kmeans_templates,context,low,0.05,25000,1,opc,0.04939212721781294,0.0494842785581161,mean_trials
ml,kmeans_templates,context,low,0.05,25000,2,no_propensity,0.049840161795876,0.0494173384520355,mean_trials
ml,kmeans_templates,context,low,0.05,25000,2,opc,0.04936773238609445,0.0494173384520355,mean_trials
ml,kmeans_templates,context,low,0.05,25000,3,no_propensity,0.049801073928170125,0.0494008502741158,mean_trials
ml,kmeans_templates,context,low,0.05,25000,3,opc,0.04944504751708084,0.0494008502741158,mean_trials
ml,kmeans_templates,context,low,0.05,25000,4,no_propensity,0.0498582512998393,0.0494797975761023,mean_trials
ml,kmeans_templates,context,low,0.05,25000,4,opc,0.0494372577861403,0.0494797975761023,mean_trials
ml,kmeans_templates,context,low,0.05,50000,0,no_propensity,0.04990135562955349,0.0493921732446926,mean_trials
ml,kmeans_templates,context,low,0.05,50000,0,opc,0.04906377263062867,0.0493921732446926,mean_trials
ml,kmeans_templates,context,low,0.05,50000,1,no_propensity,0.04990665042575821,0.0494842785581161,mean_trials
ml,kmeans_templates,context,low,0.05,50000,1,opc,0.049433870371019074,0.0494842785581161,mean_trials
ml,kmeans_templates,context,low,0.05,50000,2,no_propensity,0.049923457951539504,0.0494173384520355,mean_trials
ml,kmeans_templates,context,low,0.05,50000,2,opc,0.04935634864474022,0.0494173384520355,mean_trials
ml,kmeans_templates,context,low,0.05,50000,3,no_propensity,0.049898377214066196,0.0494008502741158,mean_trials
ml,kmeans_templates,context,low,0.05,50000,3,opc,0.049388346531515095,0.0494008502741158,mean_trials
ml,kmeans_templates,context,low,0.05,50000,4,no_propensity,0.04995034927059311,0.0494797975761023,mean_trials
ml,kmeans_templates,context,low,0.05,50000,4,opc,0.049352493600008526,0.0494797975761023,mean_trials
ml,kmeans_templates,context,low,0.05,100000,0,no_propensity,0.04995306371408641,0.0493921732446926,mean_trials
ml,kmeans_templates,context,low,0.05,100000,0,opc,0.04938224988599109,0.0493921732446926,mean_trials
ml,kmeans_templates,context,low,0.05,100000,1,no_propensity,0.04995875459769749,0.0494842785581161,mean_trials
ml,kmeans_templates,context,low,0.05,100000,1,opc,0.04956067390659956,0.0494842785581161,mean_trials
ml,kmeans_templates,context,low,0.05,100000,2,no_propensity,0.04994606616490595,0.0494173384520355,mean_trials
ml,kmeans_templates,context,low,0.05,100000,2,opc,0.049313682215106305,0.0494173384520355,mean_trials
ml,kmeans_templates,context,low,0.05,100000,3,no_propensity,0.04994569247633181,0.0494008502741158,mean_trials
ml,kmeans_templates,context,low,0.05,100000,3,opc,0.04950414700465215,0.0494008502741158,mean_trials
ml,kmeans_templates,context,low,0.05,100000,4,no_propensity,0.04996389957639395,0.0494797975761023,mean_trials
ml,kmeans_templates,context,low,0.05,100000,4,opc,0.04931870650629554,0.0494797975761023,mean_trials
ml,kmeans_templates,context,medium,0.05,5000,0,no_propensity,0.049572732201669314,0.049136977115994,mean_trials
ml,kmeans_templates,context,medium,0.05,5000,0,opc,0.049129811904282686,0.049136977115994,mean_trials
ml,kmeans_templates,context,medium,0.05,5000,1,no_propensity,0.049694752597737875,0.0494402888742142,mean_trials
ml,kmeans_templates,context,medium,0.05,5000,1,opc,0.04939760365315439,0.0494402888742142,mean_trials
ml,kmeans_templates,context,medium,0.05,5000,2,no_propensity,0.049610224877496174,0.0492065579942153,mean_trials
ml,kmeans_templates,context,medium,0.05,5000,2,opc,0.04922840862124013,0.0492065579942153,mean_trials
ml,kmeans_templates,context,medium,0.05,5000,3,no_propensity,0.04970321913615893,0.0492010900159723,mean_trials
ml,kmeans_templates,context,medium,0.05,5000,3,opc,0.0492992326377913,0.0492010900159723,mean_trials
ml,kmeans_templates,context,medium,0.05,5000,4,no_propensity,0.04973016219294109,0.0493947719733825,mean_trials
ml,kmeans_templates,context,medium,0.05,5000,4,opc,0.049389124466766104,0.0493947719733825,mean_trials
ml,kmeans_templates,context,medium,0.05,25000,0,no_propensity,0.04980274749074798,0.049136977115994,mean_trials
ml,kmeans_templates,context,medium,0.05,25000,0,opc,0.04905197193491094,0.049136977115994,mean_trials
ml,kmeans_templates,context,medium,0.05,25000,1,no_propensity,0.04986007880808236,0.0494402888742142,mean_trials
ml,kmeans_templates,context,medium,0.05,25000,1,opc,0.049301931278616616,0.0494402888742142,mean_trials
ml,kmeans_templates,context,medium,0.05,25000,2,no_propensity,0.04978252136051208,0.0492065579942153,mean_trials
ml,kmeans_templates,context,medium,0.05,25000,2,opc,0.04919549823770815,0.0492065579942153,mean_trials
ml,kmeans_templates,context,medium,0.05,25000,3,no_propensity,0.049736645231050376,0.0492010900159723,mean_trials
ml,kmeans_templates,context,medium,0.05,25000,3,opc,0.049332763298800805,0.0492010900159723,mean_trials
ml,kmeans_templates,context,medium,0.05,25000,4,no_propensity,0.049823895441446844,0.0493947719733825,mean_trials
ml,kmeans_templates,context,medium,0.05,25000,4,opc,0.04952414709222628,0.0493947719733825,mean_trials
ml,kmeans_templates,context,medium,0.05,50000,0,no_propensity,0.04984776453171625,0.049136977115994,mean_trials
ml,kmeans_templates,context,medium,0.05,50000,0,opc,0.04914680564565863,0.049136977115994,mean_trials
ml,kmeans_templates,context,medium,0.05,50000,1,no_propensity,0.049884534548606564,0.0494402888742142,mean_trials
ml,kmeans_templates,context,medium,0.05,50000,1,opc,0.04946264581516636,0.0494402888742142,mean_trials
ml,kmeans_templates,context,medium,0.05,50000,2,no_propensity,0.049853408215506205,0.0492065579942153,mean_trials
ml,kmeans_templates,context,medium,0.05,50000,2,opc,0.04924702371789253,0.0492065579942153,mean_trials
ml,kmeans_templates,context,medium,0.05,50000,3,no_propensity,0.049881775003504936,0.0492010900159723,mean_trials
ml,kmeans_templates,context,medium,0.05,50000,3,opc,0.049355904251645294,0.0492010900159723,mean_trials
ml,kmeans_templates,context,medium,0.05,50000,4,no_propensity,0.04989859920483353,0.0493947719733825,mean_trials
ml,kmeans_templates,context,medium,0.05,50000,4,opc,0.049376870352589926,0.0493947719733825,mean_trials
ml,kmeans_templates,context,medium,0.05,100000,0,no_propensity,0.049930452991339073,0.049136977115994,mean_trials
ml,kmeans_templates,context,medium,0.05,100000,0,opc,0.049268092888497504,0.049136977115994,mean_trials
ml,kmeans_templates,context,medium,0.05,100000,1,no_propensity,0.049943405873251176,0.0494402888742142,mean_trials
ml,kmeans_templates,context,medium,0.05,100000,1,opc,0.04954626913099093,0.0494402888742142,mean_trials
ml,kmeans_templates,context,medium,0.05,100000,2,no_propensity,0.04992941865356488,0.0492065579942153,mean_trials
ml,kmeans_templates,context,medium,0.05,100000,2,opc,0.049242555434308784,0.0492065579942153,mean_trials
ml,kmeans_templates,context,medium,0.05,100000,3,no_propensity,0.04991199627969948,0.0492010900159723,mean_trials
ml,kmeans_templates,context,medium,0.05,100000,3,opc,0.04933864730238312,0.0492010900159723,mean_trials
ml,kmeans_templates,context,medium,0.05,100000,4,no_propensity,0.04992609994027198,0.0493947719733825,mean_trials
ml,kmeans_templates,context,medium,0.05,100000,4,opc,0.049540210138574965,0.0493947719733825,mean_trials
ml,kmeans_templates,metadata,brutal,0.05,5000,0,no_propensity,0.04885399883464921,0.0483336438363672,mean_trials
ml,kmeans_templates,metadata,brutal,0.05,5000,0,opc,0.04825888514323856,0.0483336438363672,mean_trials
ml,kmeans_templates,metadata,brutal,0.05,5000,1,no_propensity,0.04905735335582789,0.0486852170264628,mean_trials
ml,kmeans_templates,metadata,brutal,0.05,5000,1,opc,0.048594675490644265,0.0486852170264628,mean_trials
ml,kmeans_templates,metadata,brutal,0.05,5000,2,no_propensity,0.04759541143128483,0.0471111837169598,mean_trials
ml,kmeans_templates,metadata,brutal,0.05,5000,2,opc,0.04709513519450626,0.0471111837169598,mean_trials
ml,kmeans_templates,metadata,brutal,0.05,5000,3,no_propensity,0.04783992361059428,0.0476569946382313,mean_trials
ml,kmeans_templates,metadata,brutal,0.05,5000,3,opc,0.04767298325698333,0.0476569946382313,mean_trials
ml,kmeans_templates,metadata,brutal,0.05,5000,4,no_propensity,0.04755215887875804,0.0468878473517264,mean_trials
ml,kmeans_templates,metadata,brutal,0.05,5000,4,opc,0.04695210962927247,0.0468878473517264,mean_trials
ml,kmeans_templates,metadata,brutal,0.05,25000,0,no_propensity,0.04922936480290109,0.0483336438363672,mean_trials
ml,kmeans_templates,metadata,brutal,0.05,25000,0,opc,0.04850036389865023,0.0483336438363672,mean_trials
ml,kmeans_templates,metadata,brutal,0.05,25000,1,no_propensity,0.049201221440415145,0.0486852170264628,mean_trials
ml,kmeans_templates,metadata,brutal,0.05,25000,1,opc,0.048635003299035896,0.0486852170264628,mean_trials
ml,kmeans_templates,metadata,brutal,0.05,25000,2,no_propensity,0.04799570096377835,0.0471111837169598,mean_trials
ml,kmeans_templates,metadata,brutal,0.05,25000,2,opc,0.047699929898941076,0.0471111837169598,mean_trials
ml,kmeans_templates,metadata,brutal,0.05,25000,3,no_propensity,0.047942288638384976,0.0476569946382313,mean_trials
ml,kmeans_templates,metadata,brutal,0.05,25000,3,opc,0.04792070399156736,0.0476569946382313,mean_trials
ml,kmeans_templates,metadata,brutal,0.05,25000,4,no_propensity,0.048468025530197474,0.0468878473517264,mean_trials
ml,kmeans_templates,metadata,brutal,0.05,25000,4,opc,0.047156507998011535,0.0468878473517264,mean_trials
ml,kmeans_templates,metadata,brutal,0.05,50000,0,no_propensity,0.04935459903633547,0.0483336438363672,mean_trials
ml,kmeans_templates,metadata,brutal,0.05,50000,0,opc,0.04834603123580282,0.0483336438363672,mean_trials
ml,kmeans_templates,metadata,brutal,0.05,50000,1,no_propensity,0.049407424558603516,0.0486852170264628,mean_trials
ml,kmeans_templates,metadata,brutal,0.05,50000,1,opc,0.04868156078175731,0.0486852170264628,mean_trials
ml,kmeans_templates,metadata,brutal,0.05,50000,2,no_propensity,0.048180271865913143,0.0471111837169598,mean_trials
ml,kmeans_templates,metadata,brutal,0.05,50000,2,opc,0.04738330978104487,0.0471111837169598,mean_trials
ml,kmeans_templates,metadata,brutal,0.05,50000,3,no_propensity,0.04851974566961568,0.0476569946382313,mean_trials
ml,kmeans_templates,metadata,brutal,0.05,50000,3,opc,0.04783205875973589,0.0476569946382313,mean_trials
ml,kmeans_templates,metadata,brutal,0.05,50000,4,no_propensity,0.04854582352307717,0.0468878473517264,mean_trials
ml,kmeans_templates,metadata,brutal,0.05,50000,4,opc,0.04718827633054854,0.0468878473517264,mean_trials
ml,kmeans_templates,metadata,brutal,0.05,100000,0,no_propensity,0.04957289022482615,0.0483336438363672,mean_trials
ml,kmeans_templates,metadata,brutal,0.05,100000,0,opc,0.0485356471687455,0.0483336438363672,mean_trials
ml,kmeans_templates,metadata,brutal,0.05,100000,1,no_propensity,0.04954217600998069,0.0486852170264628,mean_trials
ml,kmeans_templates,metadata,brutal,0.05,100000,1,opc,0.04877494846453374,0.0486852170264628,mean_trials
ml,kmeans_templates,metadata,brutal,0.05,100000,2,no_propensity,0.048415739098379026,0.0471111837169598,mean_trials
ml,kmeans_templates,metadata,brutal,0.05,100000,2,opc,0.04775599220322867,0.0471111837169598,mean_trials
ml,kmeans_templates,metadata,brutal,0.05,100000,3,no_propensity,0.04857364515232422,0.0476569946382313,mean_trials
ml,kmeans_templates,metadata,brutal,0.05,100000,3,opc,0.04791252118810508,0.0476569946382313,mean_trials
ml,kmeans_templates,metadata,brutal,0.05,100000,4,no_propensity,0.049247437456590576,0.0468878473517264,mean_trials
ml,kmeans_templates,metadata,brutal,0.05,100000,4,opc,0.04750010185609013,0.0468878473517264,mean_trials
ml,kmeans_templates,metadata,extreme,0.05,5000,0,no_propensity,0.04907564065812143,0.0487495462989563,mean_trials
ml,kmeans_templates,metadata,extreme,0.05,5000,0,opc,0.04882224550600837,0.0487495462989563,mean_trials
ml,kmeans_templates,metadata,extreme,0.05,5000,1,no_propensity,0.049392542586240824,0.0490334445806698,mean_trials
ml,kmeans_templates,metadata,extreme,0.05,5000,1,opc,0.0489950295413777,0.0490334445806698,mean_trials
ml,kmeans_templates,metadata,extreme,0.05,5000,2,no_propensity,0.04857271788439252,0.0481010572132755,mean_trials
ml,kmeans_templates,metadata,extreme,0.05,5000,2,opc,0.04832002102509912,0.0481010572132755,mean_trials
ml,kmeans_templates,metadata,extreme,0.05,5000,3,no_propensity,0.04881428050075723,0.0484583491135662,mean_trials
ml,kmeans_templates,metadata,extreme,0.05,5000,3,opc,0.048619475843940205,0.0484583491135662,mean_trials
ml,kmeans_templates,metadata,extreme,0.05,5000,4,no_propensity,0.048483759740422225,0.0480174153978949,mean_trials
ml,kmeans_templates,metadata,extreme,0.05,5000,4,opc,0.048000824181321886,0.0480174153978949,mean_trials
ml,kmeans_templates,metadata,extreme,0.05,25000,0,no_propensity,0.049586367815873264,0.0487495462989563,mean_trials
ml,kmeans_templates,metadata,extreme,0.05,25000,0,opc,0.048927020540743014,0.0487495462989563,mean_trials
ml,kmeans_templates,metadata,extreme,0.05,25000,1,no_propensity,0.04967221612562606,0.0490334445806698,mean_trials
ml,kmeans_templates,metadata,extreme,0.05,25000,1,opc,0.04884004505187218,0.0490334445806698,mean_trials
ml,kmeans_templates,metadata,extreme,0.05,25000,2,no_propensity,0.04903790611505502,0.0481010572132755,mean_trials
ml,kmeans_templates,metadata,extreme,0.05,25000,2,opc,0.048282471215006895,0.0481010572132755,mean_trials
ml,kmeans_templates,metadata,extreme,0.05,25000,3,no_propensity,0.04928565827737479,0.0484583491135662,mean_trials
ml,kmeans_templates,metadata,extreme,0.05,25000,3,opc,0.04862785718518915,0.0484583491135662,mean_trials
ml,kmeans_templates,metadata,extreme,0.05,25000,4,no_propensity,0.04913451003325103,0.0480174153978949,mean_trials
ml,kmeans_templates,metadata,extreme,0.05,25000,4,opc,0.04791444754493159,0.0480174153978949,mean_trials
ml,kmeans_templates,metadata,extreme,0.05,50000,0,no_propensity,0.049725224902260744,0.0487495462989563,mean_trials
ml,kmeans_templates,metadata,extreme,0.05,50000,0,opc,0.0488718878806241,0.0487495462989563,mean_trials
ml,kmeans_templates,metadata,extreme,0.05,50000,1,no_propensity,0.04974119449152586,0.0490334445806698,mean_trials
ml,kmeans_templates,metadata,extreme,0.05,50000,1,opc,0.048904883234812506,0.0490334445806698,mean_trials
ml,kmeans_templates,metadata,extreme,0.05,50000,2,no_propensity,0.04948833635955972,0.0481010572132755,mean_trials
ml,kmeans_templates,metadata,extreme,0.05,50000,2,opc,0.0483145234403601,0.0481010572132755,mean_trials
ml,kmeans_templates,metadata,extreme,0.05,50000,3,no_propensity,0.04942421442652857,0.0484583491135662,mean_trials
ml,kmeans_templates,metadata,extreme,0.05,50000,3,opc,0.04870230756220985,0.0484583491135662,mean_trials
ml,kmeans_templates,metadata,extreme,0.05,50000,4,no_propensity,0.049497736021497,0.0480174153978949,mean_trials
ml,kmeans_templates,metadata,extreme,0.05,50000,4,opc,0.048287122533783026,0.0480174153978949,mean_trials
ml,kmeans_templates,metadata,extreme,0.05,100000,0,no_propensity,0.04971537730348126,0.0487495462989563,mean_trials
ml,kmeans_templates,metadata,extreme,0.05,100000,0,opc,0.04897001213473387,0.0487495462989563,mean_trials
ml,kmeans_templates,metadata,extreme,0.05,100000,1,no_propensity,0.04983232122410634,0.0490334445806698,mean_trials
ml,kmeans_templates,metadata,extreme,0.05,100000,1,opc,0.049127315971822995,0.0490334445806698,mean_trials
ml,kmeans_templates,metadata,extreme,0.05,100000,2,no_propensity,0.049643373593479805,0.0481010572132755,mean_trials
ml,kmeans_templates,metadata,extreme,0.05,100000,2,opc,0.048371545674047285,0.0481010572132755,mean_trials
ml,kmeans_templates,metadata,extreme,0.05,100000,3,no_propensity,0.04957985600382512,0.0484583491135662,mean_trials
ml,kmeans_templates,metadata,extreme,0.05,100000,3,opc,0.04883733834864738,0.0484583491135662,mean_trials
ml,kmeans_templates,metadata,extreme,0.05,100000,4,no_propensity,0.04976395475303734,0.0480174153978949,mean_trials
ml,kmeans_templates,metadata,extreme,0.05,100000,4,opc,0.048260635900431094,0.0480174153978949,mean_trials
ml,kmeans_templates,metadata,high,0.05,5000,0,no_propensity,0.049607410470020895,0.0492097793541848,mean_trials
ml,kmeans_templates,metadata,high,0.05,5000,0,opc,0.04899082994795946,0.0492097793541848,mean_trials
ml,kmeans_templates,metadata,high,0.05,5000,1,no_propensity,0.049688432421480744,0.0493404184265193,mean_trials
ml,kmeans_templates,metadata,high,0.05,5000,1,opc,0.04938946504155746,0.0493404184265193,mean_trials
ml,kmeans_templates,metadata,high,0.05,5000,2,no_propensity,0.04950067782784879,0.0490257140623287,mean_trials
ml,kmeans_templates,metadata,high,0.05,5000,2,opc,0.048874936100996455,0.0490257140623287,mean_trials
ml,kmeans_templates,metadata,high,0.05,5000,3,no_propensity,0.04964285705238949,0.0491809027580983,mean_trials
ml,kmeans_templates,metadata,high,0.05,5000,3,opc,0.04933681236734952,0.0491809027580983,mean_trials
ml,kmeans_templates,metadata,high,0.05,5000,4,no_propensity,0.04937190043964738,0.0490068696983157,mean_trials
ml,kmeans_templates,metadata,high,0.05,5000,4,opc,0.04878997857066991,0.0490068696983157,mean_trials
ml,kmeans_templates,metadata,high,0.05,25000,0,no_propensity,0.049808505053071606,0.0492097793541848,mean_trials
ml,kmeans_templates,metadata,high,0.05,25000,0,opc,0.049325808060565315,0.0492097793541848,mean_trials
ml,kmeans_templates,metadata,high,0.05,25000,1,no_propensity,0.049814819070467906,0.0493404184265193,mean_trials
ml,kmeans_templates,metadata,high,0.05,25000,1,opc,0.04934141960912224,0.0493404184265193,mean_trials
ml,kmeans_templates,metadata,high,0.05,25000,2,no_propensity,0.04968342814268516,0.0490257140623287,mean_trials
ml,kmeans_templates,metadata,high,0.05,25000,2,opc,0.048988945168800285,0.0490257140623287,mean_trials
ml,kmeans_templates,metadata,high,0.05,25000,3,no_propensity,0.049713146967512736,0.0491809027580983,mean_trials
ml,kmeans_templates,metadata,high,0.05,25000,3,opc,0.04932476969030114,0.0491809027580983,mean_trials
ml,kmeans_templates,metadata,high,0.05,25000,4,no_propensity,0.04962875582498382,0.0490068696983157,mean_trials
ml,kmeans_templates,metadata,high,0.05,25000,4,opc,0.04914311433039312,0.0490068696983157,mean_trials
ml,kmeans_templates,metadata,high,0.05,50000,0,no_propensity,0.049850699462234874,0.0492097793541848,mean_trials
ml,kmeans_templates,metadata,high,0.05,50000,0,opc,0.049230349764878764,0.0492097793541848,mean_trials
ml,kmeans_templates,metadata,high,0.05,50000,1,no_propensity,0.04988401095242713,0.0493404184265193,mean_trials
ml,kmeans_templates,metadata,high,0.05,50000,1,opc,0.049215468314696295,0.0493404184265193,mean_trials
ml,kmeans_templates,metadata,high,0.05,50000,2,no_propensity,0.04986445122212323,0.0490257140623287,mean_trials
ml,kmeans_templates,metadata,high,0.05,50000,2,opc,0.04916058756093032,0.0490257140623287,mean_trials
ml,kmeans_templates,metadata,high,0.05,50000,3,no_propensity,0.04978293355142427,0.0491809027580983,mean_trials
ml,kmeans_templates,metadata,high,0.05,50000,3,opc,0.04940015998956241,0.0491809027580983,mean_trials
ml,kmeans_templates,metadata,high,0.05,50000,4,no_propensity,0.04985071572393659,0.0490068696983157,mean_trials
ml,kmeans_templates,metadata,high,0.05,50000,4,opc,0.04889111300925707,0.0490068696983157,mean_trials
ml,kmeans_templates,metadata,high,0.05,100000,0,no_propensity,0.04992041504405817,0.0492097793541848,mean_trials
ml,kmeans_templates,metadata,high,0.05,100000,0,opc,0.0492007395662616,0.0492097793541848,mean_trials
ml,kmeans_templates,metadata,high,0.05,100000,1,no_propensity,0.04993832690562268,0.0493404184265193,mean_trials
ml,kmeans_templates,metadata,high,0.05,100000,1,opc,0.04921200590314195,0.0493404184265193,mean_trials
ml,kmeans_templates,metadata,high,0.05,100000,2,no_propensity,0.04991501742255663,0.0490257140623287,mean_trials
ml,kmeans_templates,metadata,high,0.05,100000,2,opc,0.04910063560144101,0.0490257140623287,mean_trials
ml,kmeans_templates,metadata,high,0.05,100000,3,no_propensity,0.04992568740569788,0.0491809027580983,mean_trials
ml,kmeans_templates,metadata,high,0.05,100000,3,opc,0.049247475867369196,0.0491809027580983,mean_trials
ml,kmeans_templates,metadata,high,0.05,100000,4,no_propensity,0.04988001689720079,0.0490068696983157,mean_trials
ml,kmeans_templates,metadata,high,0.05,100000,4,opc,0.048762463552206155,0.0490068696983157,mean_trials
ml,kmeans_templates,metadata,low,0.05,5000,0,no_propensity,0.04978329902103589,0.0495645657207356,mean_trials
ml,kmeans_templates,metadata,low,0.05,5000,0,opc,0.04940752793898338,0.0495645657207356,mean_trials
ml,kmeans_templates,metadata,low,0.05,5000,1,no_propensity,0.04978574316450117,0.0495587490547782,mean_trials
ml,kmeans_templates,metadata,low,0.05,5000,1,opc,0.049648972682470094,0.0495587490547782,mean_trials
ml,kmeans_templates,metadata,low,0.05,5000,2,no_propensity,0.04978898590744271,0.0495645025806952,mean_trials
ml,kmeans_templates,metadata,low,0.05,5000,2,opc,0.04954113492147167,0.0495645025806952,mean_trials
ml,kmeans_templates,metadata,low,0.05,5000,3,no_propensity,0.049840402320566635,0.0495665836309931,mean_trials
ml,kmeans_templates,metadata,low,0.05,5000,3,opc,0.04961732785694823,0.0495665836309931,mean_trials
ml,kmeans_templates,metadata,low,0.05,5000,4,no_propensity,0.049772805398435746,0.0495649042895053,mean_trials
ml,kmeans_templates,metadata,low,0.05,5000,4,opc,0.049491242123391975,0.0495649042895053,mean_trials
ml,kmeans_templates,metadata,low,0.05,25000,0,no_propensity,0.04988681426912497,0.0495645657207356,mean_trials
ml,kmeans_templates,metadata,low,0.05,25000,0,opc,0.04950169615747801,0.0495645657207356,mean_trials
ml,kmeans_templates,metadata,low,0.05,25000,1,no_propensity,0.04987522325045324,0.0495587490547782,mean_trials
ml,kmeans_templates,metadata,low,0.05,25000,1,opc,0.04952292326818736,0.0495587490547782,mean_trials
ml,kmeans_templates,metadata,low,0.05,25000,2,no_propensity,0.049855796364646425,0.0495645025806952,mean_trials
ml,kmeans_templates,metadata,low,0.05,25000,2,opc,0.04926505987527528,0.0495645025806952,mean_trials
ml,kmeans_templates,metadata,low,0.05,25000,3,no_propensity,0.04985635092536762,0.0495665836309931,mean_trials
ml,kmeans_templates,metadata,low,0.05,25000,3,opc,0.04958193476476983,0.0495665836309931,mean_trials
ml,kmeans_templates,metadata,low,0.05,25000,4,no_propensity,0.049860461839669315,0.0495649042895053,mean_trials
ml,kmeans_templates,metadata,low,0.05,25000,4,opc,0.049492845705254626,0.0495649042895053,mean_trials
ml,kmeans_templates,metadata,low,0.05,50000,0,no_propensity,0.04990734255669658,0.0495645657207356,mean_trials
ml,kmeans_templates,metadata,low,0.05,50000,0,opc,0.04953773784033324,0.0495645657207356,mean_trials
ml,kmeans_templates,metadata,low,0.05,50000,1,no_propensity,0.0499242665530665,0.0495587490547782,mean_trials
ml,kmeans_templates,metadata,low,0.05,50000,1,opc,0.049556813301818915,0.0495587490547782,mean_trials
ml,kmeans_templates,metadata,low,0.05,50000,2,no_propensity,0.04993605028473578,0.0495645025806952,mean_trials
ml,kmeans_templates,metadata,low,0.05,50000,2,opc,0.04962822193016003,0.0495645025806952,mean_trials
ml,kmeans_templates,metadata,low,0.05,50000,3,no_propensity,0.049926599399353754,0.0495665836309931,mean_trials
ml,kmeans_templates,metadata,low,0.05,50000,3,opc,0.049629720314523965,0.0495665836309931,mean_trials
ml,kmeans_templates,metadata,low,0.05,50000,4,no_propensity,0.04994933412311363,0.0495649042895053,mean_trials
ml,kmeans_templates,metadata,low,0.05,50000,4,opc,0.04958062458853073,0.0495649042895053,mean_trials
ml,kmeans_templates,metadata,low,0.05,100000,0,no_propensity,0.04996686096874536,0.0495645657207356,mean_trials
ml,kmeans_templates,metadata,low,0.05,100000,0,opc,0.04945818244525875,0.0495645657207356,mean_trials
ml,kmeans_templates,metadata,low,0.05,100000,1,no_propensity,0.049952058489049087,0.0495587490547782,mean_trials
ml,kmeans_templates,metadata,low,0.05,100000,1,opc,0.049583512370597896,0.0495587490547782,mean_trials
ml,kmeans_templates,metadata,low,0.05,100000,2,no_propensity,0.04996070914339,0.0495645025806952,mean_trials
ml,kmeans_templates,metadata,low,0.05,100000,2,opc,0.04944151556119389,0.0495645025806952,mean_trials
ml,kmeans_templates,metadata,low,0.05,100000,3,no_propensity,0.04996252400783534,0.0495665836309931,mean_trials
ml,kmeans_templates,metadata,low,0.05,100000,3,opc,0.04951021168806785,0.0495665836309931,mean_trials
ml,kmeans_templates,metadata,low,0.05,100000,4,no_propensity,0.049961807787780546,0.0495649042895053,mean_trials
ml,kmeans_templates,metadata,low,0.05,100000,4,opc,0.049579485005826596,0.0495649042895053,mean_trials
ml,kmeans_templates,metadata,medium,0.05,5000,0,no_propensity,0.04972608353748749,0.0494065197820925,mean_trials
ml,kmeans_templates,metadata,medium,0.05,5000,0,opc,0.049360739181612545,0.0494065197820925,mean_trials
ml,kmeans_templates,metadata,medium,0.05,5000,1,no_propensity,0.04976990725854165,0.0494612371841995,mean_trials
ml,kmeans_templates,metadata,medium,0.05,5000,1,opc,0.049476585860508696,0.0494612371841995,mean_trials
ml,kmeans_templates,metadata,medium,0.05,5000,2,no_propensity,0.0496821503801563,0.0493515662465463,mean_trials
ml,kmeans_templates,metadata,medium,0.05,5000,2,opc,0.04937460717198582,0.0493515662465463,mean_trials
ml,kmeans_templates,metadata,medium,0.05,5000,3,no_propensity,0.049732948783592204,0.0494196814887133,mean_trials
ml,kmeans_templates,metadata,medium,0.05,5000,3,opc,0.049529894645188505,0.0494196814887133,mean_trials
ml,kmeans_templates,metadata,medium,0.05,5000,4,no_propensity,0.04958571455414271,0.0493398046090751,mean_trials
ml,kmeans_templates,metadata,medium,0.05,5000,4,opc,0.04929205266634263,0.0493398046090751,mean_trials
ml,kmeans_templates,metadata,medium,0.05,25000,0,no_propensity,0.04984521979635111,0.0494065197820925,mean_trials
ml,kmeans_templates,metadata,medium,0.05,25000,0,opc,0.049520193437454105,0.0494065197820925,mean_trials
ml,kmeans_templates,metadata,medium,0.05,25000,1,no_propensity,0.049875119476972735,0.0494612371841995,mean_trials
ml,kmeans_templates,metadata,medium,0.05,25000,1,opc,0.04941433785588561,0.0494612371841995,mean_trials
ml,kmeans_templates,metadata,medium,0.05,25000,2,no_propensity,0.049807940380451395,0.0493515662465463,mean_trials
ml,kmeans_templates,metadata,medium,0.05,25000,2,opc,0.04925096980677266,0.0493515662465463,mean_trials
ml,kmeans_templates,metadata,medium,0.05,25000,3,no_propensity,0.04976542011158233,0.0494196814887133,mean_trials
ml,kmeans_templates,metadata,medium,0.05,25000,3,opc,0.04946877081600297,0.0494196814887133,mean_trials
ml,kmeans_templates,metadata,medium,0.05,25000,4,no_propensity,0.049801865112581875,0.0493398046090751,mean_trials
ml,kmeans_templates,metadata,medium,0.05,25000,4,opc,0.04933535535204441,0.0493398046090751,mean_trials
ml,kmeans_templates,metadata,medium,0.05,50000,0,no_propensity,0.04988246564228696,0.0494065197820925,mean_trials
ml,kmeans_templates,metadata,medium,0.05,50000,0,opc,0.04948287028238317,0.0494065197820925,mean_trials
ml,kmeans_templates,metadata,medium,0.05,50000,1,no_propensity,0.04991154475660624,0.0494612371841995,mean_trials
ml,kmeans_templates,metadata,medium,0.05,50000,1,opc,0.04942353056961208,0.0494612371841995,mean_trials
ml,kmeans_templates,metadata,medium,0.05,50000,2,no_propensity,0.049924291759512004,0.0493515662465463,mean_trials
ml,kmeans_templates,metadata,medium,0.05,50000,2,opc,0.04940891133272187,0.0493515662465463,mean_trials
ml,kmeans_templates,metadata,medium,0.05,50000,3,no_propensity,0.049897870110739165,0.0494196814887133,mean_trials
ml,kmeans_templates,metadata,medium,0.05,50000,3,opc,0.049446607809358376,0.0494196814887133,mean_trials
ml,kmeans_templates,metadata,medium,0.05,50000,4,no_propensity,0.049895728998760734,0.0493398046090751,mean_trials
ml,kmeans_templates,metadata,medium,0.05,50000,4,opc,0.0493255718827469,0.0493398046090751,mean_trials
ml,kmeans_templates,metadata,medium,0.05,100000,0,no_propensity,0.04995517617675002,0.0494065197820925,mean_trials
ml,kmeans_templates,metadata,medium,0.05,100000,0,opc,0.0493979853951341,0.0494065197820925,mean_trials
ml,kmeans_templates,metadata,medium,0.05,100000,1,no_propensity,0.04993453503027133,0.0494612371841995,mean_trials
ml,kmeans_templates,metadata,medium,0.05,100000,1,opc,0.04947889725692382,0.0494612371841995,mean_trials
ml,kmeans_templates,metadata,medium,0.05,100000,2,no_propensity,0.049951496198067116,0.0493515662465463,mean_trials
ml,kmeans_templates,metadata,medium,0.05,100000,2,opc,0.049273800164558096,0.0493515662465463,mean_trials
ml,kmeans_templates,metadata,medium,0.05,100000,3,no_propensity,0.04993833778827139,0.0494196814887133,mean_trials
ml,kmeans_templates,metadata,medium,0.05,100000,3,opc,0.04934687510523607,0.0494196814887133,mean_trials
ml,kmeans_templates,metadata,medium,0.05,100000,4,no_propensity,0.04994759644500762,0.0493398046090751,mean_trials
ml,kmeans_templates,metadata,medium,0.05,100000,4,opc,0.04943119622945307,0.0493398046090751,mean_trials
