share,train_size,opc_arm,rule,panel,worlds,opc_ahead,observed,observed_lo,observed_hi,F,F_lo,F_hi,M_L,M_L_lo,M_L_hi,dT,dT_lo,dT_hi,dS,dS_lo,dS_hi,T_L,T_L_lo,T_L_hi,T_O,T_O_lo,T_O_hi,S_L,S_L_lo,S_L_hi,S_O,S_O_lo,S_O_hi,best_diff,best_diff_lo,best_diff_hi,mean_diff,mean_diff_lo,mean_diff_hi
0.6,5000,shared_opc,common,no bias,3,0,-0.883446,-1.76671,-0.000186561,-0.883446,-1.76671,-0.000186561,-0.00189737,-0.00319692,-0.000597811,0.225686,0.007581,0.44379,0.655863,-0.409131,1.72086,0.0181053,0.0153573,0.0208533,0.243791,0.0242508,0.463331,0.21612,-0.556857,0.989098,0.871983,-0.523903,2.26787,-0.227583,-0.446407,-0.00875896,-0.743,-1.14719,-0.338814
0.6,5000,shared_opc,common,warp,3,1,-0.494301,-1.80148,0.812881,-0.494301,-1.80148,0.812881,-0.0180666,-0.0583936,0.0222604,0.199434,-1.22655,1.62542,0.2768,0.134139,0.419461,4.28668,0.820279,7.75307,4.48611,2.30958,6.66264,0.0104355,-0.0344649,0.0553359,0.287235,0.099866,0.474605,-0.217501,-1.66671,1.23171,0.0427726,-1.03286,1.11841
0.6,5000,shared_opc,common,group,3,2,0.250293,-1.0109,1.51149,0.250293,-1.0109,1.51149,1.1289,0.209826,2.04798,0.826489,0.0652574,1.58772,0.0521201,-1.40309,1.50733,1.9328,0.250407,3.61519,2.75929,0.894493,4.62408,0.392202,-0.732093,1.5165,0.444322,-0.314276,1.20292,0.302413,-0.0736252,0.678451,0.252552,-0.498221,1.00332
0.6,5000,shared_opc,common,vector,3,3,0.397725,-0.488082,1.28353,0.397725,-0.488082,1.28353,1.25589,-0.770371,3.28214,0.736931,-0.894136,2.368,0.12123,-0.306453,0.548913,1.86602,0.515732,3.21631,2.60295,-0.350731,5.55664,0.175261,-0.274998,0.625521,0.296491,-0.499849,1.09283,0.518955,-0.0237375,1.06165,0.440111,-0.0859445,0.966166
0.6,5000,shared_opc,common,combined,3,3,1.4897,-0.649222,3.62863,1.4897,-0.649222,3.62863,3.51532,0.0935401,6.93711,2.63854,-0.546823,5.8239,-0.612917,-2.49886,1.27302,5.67166,4.3403,7.00303,8.3102,3.79456,12.8258,0.982689,-1.84494,3.81031,0.369772,-0.623006,1.36255,0.876784,0.560402,1.19317,0.8008,0.568146,1.03345
0.6,5000,shared_opc,common,biased (pooled),12,9,0.410855,-0.15853,0.98024,0.410855,-0.15853,0.98024,1.47051,0.511136,2.42989,1.10035,0.354651,1.84604,-0.0406917,-0.388391,0.307007,3.43929,2.26904,4.60953,4.53964,2.87484,6.20443,0.390147,-0.0248055,0.805099,0.349455,0.18123,0.51768,0.370163,0.0530197,0.687306,0.384059,0.141992,0.626125
0.6,5000,shared_opc,common,"misspecified (group, vector, combined)",9,8,0.712573,0.104714,1.32043,0.712573,0.104714,1.32043,1.9667,0.872351,3.06106,1.40065,0.489279,2.31203,-0.146522,-0.608074,0.315029,3.15683,1.65474,4.65891,4.55748,2.22009,6.89487,0.516717,-0.03453,1.06796,0.370195,0.135742,0.604648,0.566051,0.342185,0.789916,0.497821,0.261562,0.734079
0.6,5000,shared_opc,common,ml (biased),4,2,0.214966,-1.16878,1.59871,0.214966,-1.16878,1.59871,2.09748,-1.05395,5.2489,1.71296,-0.605162,4.03109,0.169547,-0.431224,0.770317,3.78858,1.01893,6.55823,5.50154,0.725677,10.2774,0.0860377,-0.0235386,0.195614,0.255585,-0.313364,0.824534,0.384513,-0.642911,1.41194,0.544977,0.122599,0.967355
0.6,5000,shared_opc,common,kuairand (biased),4,3,0.100026,-1.02183,1.22188,0.100026,-1.02183,1.22188,0.980962,-0.345577,2.3075,0.826023,0.264537,1.38751,0.0549128,-0.248429,0.358255,2.79476,0.0830533,5.50646,3.62078,0.549095,6.69247,0.181444,-0.17101,0.533898,0.236356,0.131612,0.341101,0.154939,-0.70524,1.01512,0.160191,-0.745729,1.06611
0.6,5000,shared_opc,common,anime (biased),4,4,0.917572,-0.802865,2.63801,0.917572,-0.802865,2.63801,1.3331,-1.36428,4.03047,0.762059,-1.51647,3.04059,-0.346535,-1.69985,1.00678,3.73453,-0.0551296,7.52419,4.49659,-0.554561,9.54774,0.902959,-0.670741,2.47666,0.556424,0.242413,0.870435,0.571037,0.0974566,1.04462,0.447008,0.16686,0.727156
0.6,5000,shared_opc,native,no bias,3,0,-2.04073,-2.73516,-1.34629,-2.04073,-2.73516,-1.34629,-0.00189737,-0.00319692,-0.000597811,0.225686,0.007581,0.44379,1.81314,1.0385,2.58779,0.0181053,0.0153573,0.0208533,0.243791,0.0242508,0.463331,0,0,0,1.81314,1.0385,2.58779,-0.227583,-0.446407,-0.00875896,-0.743,-1.14719,-0.338814
0.6,5000,shared_opc,native,warp,3,1,-0.490282,-2.29873,1.31816,-0.490282,-2.29873,1.31816,-0.0180666,-0.0583936,0.0222604,0.199434,-1.22655,1.62542,0.272782,-0.170601,0.716165,4.28668,0.820279,7.75307,4.48611,2.30958,6.66264,0.0460032,-0.151933,0.243939,0.318785,-0.31405,0.95162,-0.217501,-1.66671,1.23171,0.0427726,-1.03286,1.11841
0.6,5000,shared_opc,native,group,3,0,-0.521544,-1.34062,0.297536,-0.521544,-1.34062,0.297536,1.1289,0.209826,2.04798,0.826489,0.0652574,1.58772,0.823957,0.374993,1.27292,1.9328,0.250407,3.61519,2.75929,0.894493,4.62408,0.134607,0.0445841,0.224631,0.958565,0.426269,1.49086,0.302413,-0.0736252,0.678451,0.252552,-0.498221,1.00332
0.6,5000,shared_opc,native,vector,3,1,-0.214402,-2.37334,1.94453,-0.214402,-2.37334,1.94453,1.25589,-0.770371,3.28214,0.736931,-0.894136,2.368,0.733357,-1.07072,2.53743,1.86602,0.515732,3.21631,2.60295,-0.350731,5.55664,0.163416,-0.35069,0.677523,0.896773,-0.399214,2.19276,0.518955,-0.0237375,1.06165,0.440111,-0.0859445,0.966166
0.6,5000,shared_opc,native,combined,3,3,0.593149,-0.539922,1.72622,0.593149,-0.539922,1.72622,3.51532,0.0935401,6.93711,2.63854,-0.546823,5.8239,0.283636,-0.903518,1.47079,5.67166,4.3403,7.00303,8.3102,3.79456,12.8258,0.0861358,-0.185975,0.358247,0.369772,-0.623006,1.36255,0.876784,0.560402,1.19317,0.8008,0.568146,1.03345
0.6,5000,shared_opc,native,biased (pooled),12,5,-0.15827,-0.612987,0.296447,-0.15827,-0.612987,0.296447,1.47051,0.511136,2.42989,1.10035,0.354651,1.84604,0.528433,0.231375,0.825491,3.43929,2.26904,4.60953,4.53964,2.87484,6.20443,0.107541,0.0335231,0.181558,0.635973,0.3573,0.914647,0.370163,0.0530197,0.687306,0.384059,0.141992,0.626125
0.6,5000,shared_opc,native,"misspecified (group, vector, combined)",9,4,-0.047599,-0.600103,0.504905,-0.047599,-0.600103,0.504905,1.9667,0.872351,3.06106,1.40065,0.489279,2.31203,0.61365,0.221767,1.00553,3.15683,1.65474,4.65891,4.55748,2.22009,6.89487,0.128053,0.0333488,0.222758,0.741703,0.399684,1.08372,0.566051,0.342185,0.789916,0.497821,0.261562,0.734079
0.6,5000,shared_opc,native,ml (biased),4,2,0.166408,-1.36889,1.7017,0.166408,-1.36889,1.7017,2.09748,-1.05395,5.2489,1.71296,-0.605162,4.03109,0.218105,-0.444642,0.880852,3.78858,1.01893,6.55823,5.50154,0.725677,10.2774,0.209608,-0.00226584,0.421482,0.427713,-0.102933,0.958359,0.384513,-0.642911,1.41194,0.544977,0.122599,0.967355
0.6,5000,shared_opc,native,kuairand (biased),4,1,-0.457308,-1.41179,0.497176,-0.457308,-1.41179,0.497176,0.980962,-0.345577,2.3075,0.826023,0.264537,1.38751,0.612247,-0.0139356,1.23843,2.79476,0.0830533,5.50646,3.62078,0.549095,6.69247,0.064703,-0.0630739,0.19248,0.67695,-0.0741117,1.42801,0.154939,-0.70524,1.01512,0.160191,-0.745729,1.06611
0.6,5000,shared_opc,native,anime (biased),4,2,-0.183909,-1.09329,0.725471,-0.183909,-1.09329,0.725471,1.3331,-1.36428,4.03047,0.762059,-1.51647,3.04059,0.754947,-0.0672374,1.57713,3.73453,-0.0551296,7.52419,4.49659,-0.554561,9.54774,0.0483112,-0.0592434,0.155866,0.803258,-0.0296372,1.63615,0.571037,0.0974566,1.04462,0.447008,0.16686,0.727156
0.6,5000,shared_opc_raw,common,no bias,3,0,-0.6949,-1.25003,-0.139768,-0.6949,-1.25003,-0.139768,-0.00189737,-0.00319692,-0.000597811,0.199339,-0.0211298,0.419808,0.493663,-0.207351,1.19468,0.0181053,0.0153573,0.0208533,0.217444,-0.00451353,0.439402,0.21612,-0.556857,0.989098,0.709784,0.359203,1.06036,-0.201236,-0.4224,0.0199267,-0.708878,-1.19108,-0.22668
0.6,5000,shared_opc_raw,common,warp,3,1,-0.505935,-1.73605,0.724181,-0.505935,-1.73605,0.724181,-0.0180666,-0.0583936,0.0222604,0.291751,-1.30349,1.88699,0.196118,-0.321385,0.71362,4.28668,0.820279,7.75307,4.57843,2.24155,6.9153,0.0104355,-0.0344649,0.0553359,0.206553,-0.353324,0.766431,-0.309817,-1.93594,1.31631,-0.0208177,-0.893891,0.852256
0.6,5000,shared_opc_raw,common,group,3,3,0.251912,-0.158766,0.66259,0.251912,-0.158766,0.66259,1.1289,0.209826,2.04798,0.850752,0.121257,1.58025,0.0262375,-0.357111,0.409586,1.9328,0.250407,3.61519,2.78355,0.950596,4.6165,0.392202,-0.732093,1.5165,0.418439,-1.02844,1.86532,0.27815,-0.125328,0.681628,0.161217,-0.702035,1.02447
0.6,5000,shared_opc_raw,common,vector,3,2,0.254041,-0.500599,1.00868,0.254041,-0.500599,1.00868,1.25589,-0.770371,3.28214,0.765893,-1.01058,2.54236,0.235952,-0.57013,1.04203,1.86602,0.515732,3.21631,2.63191,-0.446398,5.71023,0.175261,-0.274998,0.625521,0.411213,-0.840126,1.66255,0.489993,0.148252,0.831734,0.343597,-0.137395,0.824589
0.6,5000,shared_opc_raw,common,combined,3,3,1.47532,-1.22504,4.17569,1.47532,-1.22504,4.17569,3.51532,0.0935401,6.93711,2.92133,-0.524232,6.36688,-0.881327,-3.6677,1.90505,5.67166,4.3403,7.00303,8.59299,3.81686,13.3691,0.982689,-1.84494,3.81031,0.101362,-0.11925,0.321974,0.593998,0.504202,0.683794,0.639779,0.176738,1.10282
0.6,5000,shared_opc_raw,common,biased (pooled),12,9,0.368836,-0.210398,0.94807,0.368836,-0.210398,0.94807,1.47051,0.511136,2.42989,1.20743,0.391014,2.02385,-0.105755,-0.548519,0.337009,3.43929,2.26904,4.60953,4.64672,2.90512,6.38832,0.390147,-0.0248055,0.805099,0.284392,0.0478824,0.520901,0.263081,-0.0348439,0.561006,0.280944,0.058582,0.503306
0.6,5000,shared_opc_raw,common,"misspecified (group, vector, combined)",9,8,0.660426,0.0178391,1.30301,0.660426,0.0178391,1.30301,1.9667,0.872351,3.06106,1.51266,0.496411,2.5289,-0.206379,-0.807371,0.394613,3.15683,1.65474,4.65891,4.66948,2.22571,7.11326,0.516717,-0.03453,1.06796,0.310338,-0.0110296,0.631706,0.454047,0.318523,0.58957,0.381531,0.148382,0.61468
0.6,5000,shared_opc_raw,common,ml (biased),4,3,0.131624,-1.06193,1.32518,0.131624,-1.06193,1.32518,2.09748,-1.05395,5.2489,1.88573,-0.524177,4.29564,0.0801213,-0.0403237,0.200566,3.78858,1.01893,6.55823,5.67431,0.749833,10.5988,0.0860377,-0.0235386,0.195614,0.166159,0.110005,0.222313,0.211745,-0.902117,1.32561,0.407706,-0.0798869,0.895299
0.6,5000,shared_opc_raw,common,kuairand (biased),4,3,0.301687,-0.771335,1.37471,0.301687,-0.771335,1.37471,0.980962,-0.345577,2.3075,0.839795,0.150529,1.52906,-0.16052,-0.530226,0.209186,2.79476,0.0830533,5.50646,3.63455,0.462664,6.80644,0.181444,-0.17101,0.533898,0.0209236,-0.0079153,0.0497625,0.141167,-0.631938,0.914273,0.107656,-0.731641,0.946953
0.6,5000,shared_opc_raw,common,anime (biased),4,3,0.673196,-1.4767,2.8231,0.673196,-1.4767,2.8231,1.3331,-1.36428,4.03047,0.896766,-1.6937,3.48723,-0.236866,-2.27952,1.80579,3.73453,-0.0551296,7.52419,4.6313,-0.699709,9.9623,0.902959,-0.670741,2.47666,0.666093,-0.0473587,1.37954,0.43633,0.230291,0.64237,0.32747,0.14856,0.506379
0.6,5000,shared_opc_raw,native,no bias,3,0,-1.53265,-2.69491,-0.370387,-1.53265,-2.69491,-0.370387,-0.00189737,-0.00319692,-0.000597811,0.199339,-0.0211298,0.419808,1.33141,-0.0520102,2.71483,0.0181053,0.0153573,0.0208533,0.217444,-0.00451353,0.439402,0,0,0,1.33141,-0.0520102,2.71483,-0.201236,-0.4224,0.0199267,-0.708878,-1.19108,-0.22668
0.6,5000,shared_opc_raw,native,warp,3,1,-0.512502,-2.80018,1.77518,-0.512502,-2.80018,1.77518,-0.0180666,-0.0583936,0.0222604,0.291751,-1.30349,1.88699,0.202685,-0.619363,1.02473,4.28668,0.820279,7.75307,4.57843,2.24155,6.9153,0.0460032,-0.151933,0.243939,0.248688,-0.771194,1.26857,-0.309817,-1.93594,1.31631,-0.0208177,-0.893891,0.852256
0.6,5000,shared_opc_raw,native,group,3,1,-0.640594,-2.32927,1.04808,-0.640594,-2.32927,1.04808,1.1289,0.209826,2.04798,0.850752,0.121257,1.58025,0.918744,-0.366956,2.20444,1.9328,0.250407,3.61519,2.78355,0.950596,4.6165,0.134607,0.0445841,0.224631,1.05335,-0.321099,2.4278,0.27815,-0.125328,0.681628,0.161217,-0.702035,1.02447
0.6,5000,shared_opc_raw,native,vector,3,1,-0.436887,-2.96097,2.0872,-0.436887,-2.96097,2.0872,1.25589,-0.770371,3.28214,0.765893,-1.01058,2.54236,0.92688,-1.3742,3.22796,1.86602,0.515732,3.21631,2.63191,-0.446398,5.71023,0.163416,-0.35069,0.677523,1.0903,-0.697316,2.87791,0.489993,0.148252,0.831734,0.343597,-0.137395,0.824589
0.6,5000,shared_opc_raw,native,combined,3,3,0.578772,0.324459,0.833085,0.578772,0.324459,0.833085,3.51532,0.0935401,6.93711,2.92133,-0.524232,6.36688,0.0152261,-0.153801,0.184253,5.67166,4.3403,7.00303,8.59299,3.81686,13.3691,0.0861358,-0.185975,0.358247,0.101362,-0.11925,0.321974,0.593998,0.504202,0.683794,0.639779,0.176738,1.10282
0.6,5000,shared_opc_raw,native,biased (pooled),12,6,-0.252803,-0.778695,0.27309,-0.252803,-0.778695,0.27309,1.47051,0.511136,2.42989,1.20743,0.391014,2.02385,0.515884,0.108597,0.92317,3.43929,2.26904,4.60953,4.64672,2.90512,6.38832,0.107541,0.0335231,0.181558,0.623424,0.219387,1.02746,0.263081,-0.0348439,0.561006,0.280944,0.058582,0.503306
0.6,5000,shared_opc_raw,native,"misspecified (group, vector, combined)",9,5,-0.166236,-0.807621,0.475148,-0.166236,-0.807621,0.475148,1.9667,0.872351,3.06106,1.51266,0.496411,2.5289,0.620283,0.0829972,1.15757,3.15683,1.65474,4.65891,4.66948,2.22571,7.11326,0.128053,0.0333488,0.222758,0.748336,0.236338,1.26033,0.454047,0.318523,0.58957,0.381531,0.148382,0.61468
0.6,5000,shared_opc_raw,native,ml (biased),4,3,0.00544851,-1.57512,1.58602,0.00544851,-1.57512,1.58602,2.09748,-1.05395,5.2489,1.88573,-0.524177,4.29564,0.206297,-0.325536,0.738129,3.78858,1.01893,6.55823,5.67431,0.749833,10.5988,0.209608,-0.00226584,0.421482,0.415905,0.0299122,0.801897,0.211745,-0.902117,1.32561,0.407706,-0.0798869,0.895299
0.6,5000,shared_opc_raw,native,kuairand (biased),4,1,-0.519136,-1.82048,0.782212,-0.519136,-1.82048,0.782212,0.980962,-0.345577,2.3075,0.839795,0.150529,1.52906,0.660303,-0.540567,1.86117,2.79476,0.0830533,5.50646,3.63455,0.462664,6.80644,0.064703,-0.0630739,0.19248,0.725006,-0.599982,2.04999,0.141167,-0.631938,0.914273,0.107656,-0.731641,0.946953
0.6,5000,shared_opc_raw,native,anime (biased),4,2,-0.244721,-1.54997,1.06053,-0.244721,-1.54997,1.06053,1.3331,-1.36428,4.03047,0.896766,-1.6937,3.48723,0.681051,-0.585385,1.94749,3.73453,-0.0551296,7.52419,4.6313,-0.699709,9.9623,0.0483112,-0.0592434,0.155866,0.729362,-0.547962,2.00669,0.43633,0.230291,0.64237,0.32747,0.14856,0.506379
0.6,25000,shared_opc,common,no bias,3,0,-0.255598,-0.907445,0.396249,-0.255598,-0.907445,0.396249,-0.00189737,-0.00319692,-0.000597811,0.383534,0.00995262,0.757115,-0.129834,-0.470936,0.211269,0.0122624,0.00449026,0.0200346,0.395796,0.0238475,0.767745,0.319137,-0.426739,1.06501,0.189303,-0.241993,0.6206,-0.385431,-0.760276,-0.0105872,-0.474512,-0.982441,0.0334179
0.6,25000,shared_opc,common,warp,3,0,-1.33438,-1.5183,-1.15046,-1.33438,-1.5183,-1.15046,-0.0180666,-0.0583936,0.0222604,0.984035,0.487551,1.48052,0.332277,-0.0862266,0.750781,2.78694,0.408126,5.16575,3.77097,1.22799,6.31396,0.214477,-0.140839,0.569793,0.546754,0.417329,0.676179,-1.0021,-1.46105,-0.543154,-0.0921971,-0.895435,0.711041
0.6,25000,shared_opc,common,group,3,2,-0.0333365,-0.257469,0.190796,-0.0333365,-0.257469,0.190796,1.1289,0.209826,2.04798,1.24503,0.160068,2.33,-0.082796,-0.37889,0.213298,1.26729,0.195153,2.33942,2.51232,0.54558,4.47906,0.176724,0.0759786,0.277469,0.0939277,-0.119648,0.307503,-0.116133,-0.506297,0.274031,0.0587314,-0.170315,0.287777
0.6,25000,shared_opc,common,vector,3,3,0.580121,-0.0322024,1.19245,0.580121,-0.0322024,1.19245,1.25589,-0.770371,3.28214,0.916,-1.20482,3.03682,-0.240235,-0.771198,0.290727,1.40171,0.559992,2.24342,2.31771,-0.481022,5.11643,0.30053,-0.235522,0.836581,0.0602943,0.0117519,0.108837,0.339886,0.221056,0.458716,0.363125,0.0543603,0.671889
0.6,25000,shared_opc,common,combined,3,2,0.133394,-0.769626,1.03641,0.133394,-0.769626,1.03641,3.51532,0.0935401,6.93711,3.43058,0.990226,5.87093,-0.0486486,-0.257966,0.160669,3.34045,1.53055,5.15036,6.77103,2.82,10.7221,0.187417,-0.618974,0.993809,0.138769,-0.458305,0.735842,0.0847454,-0.975041,1.14453,1.19289,1.10905,1.27674
0.6,25000,shared_opc,common,biased (pooled),12,7,-0.16355,-0.651967,0.324866,-0.16355,-0.651967,0.324866,1.47051,0.511136,2.42989,1.64391,0.858727,2.4291,-0.00985072,-0.172586,0.152885,2.1991,1.50958,2.88862,3.84301,2.50235,5.18366,0.219787,0.102249,0.337324,0.209936,0.061595,0.358277,-0.173401,-0.534174,0.187373,0.380638,0.0368186,0.724458
0.6,25000,shared_opc,common,"misspecified (group, vector, combined)",9,7,0.226726,-0.0458232,0.499276,0.226726,-0.0458232,0.499276,1.9667,0.872351,3.06106,1.86387,0.812123,2.91562,-0.123893,-0.244406,-0.00338038,2.00315,1.15506,2.85124,3.86702,2.0067,5.72734,0.221557,0.0641657,0.378948,0.0976636,-0.0041625,0.19949,0.102833,-0.129574,0.33524,0.53825,0.142771,0.93373
0.6,25000,shared_opc,common,ml (biased),4,2,-0.097698,-1.51292,1.31752,-0.097698,-1.51292,1.31752,2.09748,-1.05395,5.2489,2.1503,-0.139537,4.44014,0.0448725,-0.491074,0.580819,2.63112,0.683529,4.57871,4.78142,0.979254,8.58359,0.138221,-0.0704351,0.346877,0.183094,-0.251781,0.617968,-0.0528256,-1.01184,0.906186,0.524587,-0.222855,1.27203
0.6,25000,shared_opc,common,kuairand (biased),4,2,-0.261469,-1.36989,0.846956,-0.261469,-1.36989,0.846956,0.980962,-0.345577,2.3075,1.21081,-0.0269443,2.44856,0.0316225,-0.232872,0.296117,1.72297,0.361638,3.08429,2.93377,0.479467,5.38808,0.255041,-0.0851679,0.59525,0.286663,-0.0282423,0.601569,-0.229846,-1.15093,0.691238,0.269,-0.789572,1.32757
0.6,25000,shared_opc,common,anime (biased),4,3,-0.131483,-1.61612,1.35315,-0.131483,-1.61612,1.35315,1.3331,-1.36428,4.03047,1.57063,-0.855443,3.9967,-0.106047,-0.55847,0.346376,2.2432,0.272024,4.21438,3.81383,-0.0704745,7.69813,0.266099,-0.0867986,0.618996,0.160051,-0.272467,0.59257,-0.23753,-1.3106,0.835539,0.348329,-0.612807,1.30946
0.6,25000,shared_opc,native,no bias,3,0,-0.678963,-1.72329,0.36536,-0.678963,-1.72329,0.36536,-0.00189737,-0.00319692,-0.000597811,0.383534,0.00995262,0.757115,0.293532,-0.401916,0.98898,0.0122624,0.00449026,0.0200346,0.395796,0.0238475,0.767745,0.0193704,-0.040442,0.0791829,0.312902,-0.366181,0.991986,-0.385431,-0.760276,-0.0105872,-0.474512,-0.982441,0.0334179
0.6,25000,shared_opc,native,warp,3,0,-1.36855,-1.72753,-1.00958,-1.36855,-1.72753,-1.00958,-0.0180666,-0.0583936,0.0222604,0.984035,0.487551,1.48052,0.366453,0.160932,0.571974,2.78694,0.408126,5.16575,3.77097,1.22799,6.31396,0.0437596,-0.144523,0.232042,0.410212,0.0222519,0.798172,-1.0021,-1.46105,-0.543154,-0.0921971,-0.895435,0.711041
0.6,25000,shared_opc,native,group,3,0,-0.285629,-0.710511,0.139254,-0.285629,-0.710511,0.139254,1.1289,0.209826,2.04798,1.24503,0.160068,2.33,0.169496,-0.41098,0.749972,1.26729,0.195153,2.33942,2.51232,0.54558,4.47906,0.0775328,-0.202362,0.357428,0.247029,-0.0589741,0.553032,-0.116133,-0.506297,0.274031,0.0587314,-0.170315,0.287777
0.6,25000,shared_opc,native,vector,3,2,0.142377,-0.618733,0.903487,0.142377,-0.618733,0.903487,1.25589,-0.770371,3.28214,0.916,-1.20482,3.03682,0.197509,-0.673469,1.06849,1.40171,0.559992,2.24342,2.31771,-0.481022,5.11643,0.140079,-0.178484,0.458642,0.337588,-0.275416,0.950592,0.339886,0.221056,0.458716,0.363125,0.0543603,0.671889
0.6,25000,shared_opc,native,combined,3,2,-0.0420902,-1.62362,1.53944,-0.0420902,-1.62362,1.53944,3.51532,0.0935401,6.93711,3.43058,0.990226,5.87093,0.126836,-0.497495,0.751167,3.34045,1.53055,5.15036,6.77103,2.82,10.7221,0.0119331,-0.0394107,0.0632769,0.138769,-0.458305,0.735842,0.0847454,-0.975041,1.14453,1.19289,1.10905,1.27674
0.6,25000,shared_opc,native,biased (pooled),12,4,-0.388474,-0.826055,0.0491069,-0.388474,-0.826055,0.0491069,1.47051,0.511136,2.42989,1.64391,0.858727,2.4291,0.215073,0.067383,0.362763,2.1991,1.50958,2.88862,3.84301,2.50235,5.18366,0.0683261,0.00845428,0.128198,0.283399,0.156292,0.410507,-0.173401,-0.534174,0.187373,0.380638,0.0368186,0.724458
0.6,25000,shared_opc,native,"misspecified (group, vector, combined)",9,4,-0.0617805,-0.375599,0.252039,-0.0617805,-0.375599,0.252039,1.9667,0.872351,3.06106,1.86387,0.812123,2.91562,0.164613,-0.0254278,0.354655,2.00315,1.15506,2.85124,3.86702,2.0067,5.72734,0.076515,-0.00214305,0.155173,0.241128,0.0856923,0.396565,0.102833,-0.129574,0.33524,0.53825,0.142771,0.93373
0.6,25000,shared_opc,native,ml (biased),4,2,-0.0962267,-1.43452,1.24206,-0.0962267,-1.43452,1.24206,2.09748,-1.05395,5.2489,2.1503,-0.139537,4.44014,0.0434012,-0.410491,0.497293,2.63112,0.683529,4.57871,4.78142,0.979254,8.58359,0.156139,-0.0377077,0.349987,0.199541,-0.219655,0.618736,-0.0528256,-1.01184,0.906186,0.524587,-0.222855,1.27203
0.6,25000,shared_opc,native,kuairand (biased),4,1,-0.552618,-1.49583,0.390592,-0.552618,-1.49583,0.390592,0.980962,-0.345577,2.3075,1.21081,-0.0269443,2.44856,0.322771,0.218894,0.426649,1.72297,0.361638,3.08429,2.93377,0.479467,5.38808,0.0176752,-0.0179783,0.0533286,0.340446,0.254864,0.426029,-0.229846,-1.15093,0.691238,0.269,-0.789572,1.32757
0.6,25000,shared_opc,native,anime (biased),4,1,-0.516578,-1.65154,0.61838,-0.516578,-1.65154,0.61838,1.3331,-1.36428,4.03047,1.57063,-0.855443,3.9967,0.279047,-0.0847559,0.642851,2.2432,0.272024,4.21438,3.81383,-0.0704745,7.69813,0.0311638,-0.0339011,0.0962286,0.310211,-0.0788294,0.699252,-0.23753,-1.3106,0.835539,0.348329,-0.612807,1.30946
0.6,25000,shared_opc_raw,common,no bias,3,1,-0.23363,-0.929654,0.462394,-0.23363,-0.929654,0.462394,-0.00189737,-0.00319692,-0.000597811,0.410948,0.0243415,0.797555,-0.179216,-0.508612,0.150181,0.0122624,0.00449026,0.0200346,0.42321,0.0421854,0.804235,0.319137,-0.426739,1.06501,0.139921,-0.334442,0.614285,-0.412845,-0.800674,-0.0250167,-0.748595,-1.55573,0.058537
0.6,25000,shared_opc_raw,common,warp,3,0,-1.2244,-1.76852,-0.680286,-1.2244,-1.76852,-0.680286,-0.0180666,-0.0583936,0.0222604,1.28528,0.876155,1.6944,-0.0789403,-0.99028,0.8324,2.78694,0.408126,5.16575,4.07221,1.7193,6.42512,0.214477,-0.140839,0.569793,0.135536,-0.436102,0.707175,-1.30334,-1.67216,-0.934528,-0.551714,-0.895086,-0.208342
0.6,25000,shared_opc_raw,common,group,3,0,-0.0414653,-0.123333,0.0404024,-0.0414653,-0.123333,0.0404024,1.1289,0.209826,2.04798,1.24212,0.167131,2.3171,-0.0717488,-0.623895,0.480398,1.26729,0.195153,2.33942,2.5094,0.512016,4.50679,0.176724,0.0759786,0.277469,0.104975,-0.346696,0.556645,-0.113214,-0.58401,0.357582,-0.0799687,-0.408477,0.24854
0.6,25000,shared_opc_raw,common,vector,3,3,0.402794,-0.00998177,0.81557,0.402794,-0.00998177,0.81557,1.25589,-0.770371,3.28214,0.975419,-1.10884,3.05968,-0.122327,-0.395594,0.150939,1.40171,0.559992,2.24342,2.37713,-0.421141,5.17539,0.30053,-0.235522,0.836581,0.178202,-0.350619,0.707024,0.280467,0.0241391,0.536794,0.226629,-0.107443,0.5607
0.6,25000,shared_opc_raw,common,combined,3,1,-0.439368,-2.0686,1.18986,-0.439368,-2.0686,1.18986,3.51532,0.0935401,6.93711,3.99781,0.187735,7.80788,-0.043117,-1.28264,1.19641,3.34045,1.53055,5.15036,7.33826,1.94842,12.7281,0.187417,-0.618974,0.993809,0.1443,-0.476574,0.765174,-0.482485,-0.872274,-0.092695,0.512772,0.0924707,0.933072
0.6,25000,shared_opc_raw,common,biased (pooled),12,4,-0.32561,-0.76705,0.11583,-0.32561,-0.76705,0.11583,1.47051,0.511136,2.42989,1.87515,0.922424,2.82789,-0.0790334,-0.260753,0.102686,2.1991,1.50958,2.88862,4.07425,2.55384,5.59466,0.219787,0.102249,0.337324,0.140753,0.0202367,0.26127,-0.404643,-0.801456,-0.00783062,0.0269294,-0.246229,0.300088
0.6,25000,shared_opc_raw,common,"misspecified (group, vector, combined)",9,4,-0.026013,-0.408673,0.356647,-0.026013,-0.408673,0.356647,1.9667,0.872351,3.06106,2.07178,0.760332,3.38323,-0.0790644,-0.294877,0.136748,2.00315,1.15506,2.85124,4.07493,1.949,6.20086,0.221557,0.0641657,0.378948,0.142492,-0.00379373,0.288779,-0.105077,-0.378983,0.168828,0.21981,-0.000238886,0.43986
0.6,25000,shared_opc_raw,common,ml (biased),4,1,-0.512924,-1.96635,0.940506,-0.512924,-1.96635,0.940506,2.09748,-1.05395,5.2489,2.52869,-0.514208,5.57159,0.0817099,-0.481625,0.645045,2.63112,0.683529,4.57871,5.15981,0.500738,9.81888,0.138221,-0.0704351,0.346877,0.219931,-0.144074,0.583936,-0.431214,-1.37644,0.514011,0.112936,-0.519141,0.745014
0.6,25000,shared_opc_raw,common,kuairand (biased),4,2,-0.192101,-1.22926,0.845059,-0.192101,-1.22926,0.845059,0.980962,-0.345577,2.3075,1.33171,0.172716,2.49071,-0.158649,-0.664954,0.347656,1.72297,0.361638,3.08429,3.05468,0.630232,5.47912,0.255041,-0.0851679,0.59525,0.0963914,-0.140162,0.332945,-0.35075,-1.49381,0.792312,-0.0271524,-0.959038,0.904733
0.6,25000,shared_opc_raw,common,anime (biased),4,1,-0.271806,-1.32297,0.779363,-0.271806,-1.32297,0.779363,1.3331,-1.36428,4.03047,1.76506,-1.02642,4.55655,-0.160161,-0.39443,0.0741087,2.2432,0.272024,4.21438,4.00826,-0.243176,8.2597,0.266099,-0.0867986,0.618996,0.105938,-0.231204,0.443079,-0.431966,-1.6179,0.753971,-0.00499578,-0.645112,0.63512
0.6,25000,shared_opc_raw,native,no bias,3,0,-0.752791,-1.85912,0.353542,-0.752791,-1.85912,0.353542,-0.00189737,-0.00319692,-0.000597811,0.410948,0.0243415,0.797555,0.339945,-0.488193,1.16808,0.0122624,0.00449026,0.0200346,0.42321,0.0421854,0.804235,0.0193704,-0.040442,0.0791829,0.359316,-0.444973,1.1636,-0.412845,-0.800674,-0.0250167,-0.748595,-1.55573,0.058537
0.6,25000,shared_opc_raw,native,warp,3,0,-1.38113,-1.81802,-0.944241,-1.38113,-1.81802,-0.944241,-0.0180666,-0.0583936,0.0222604,1.28528,0.876155,1.6944,0.0777879,-0.109003,0.264579,2.78694,0.408126,5.16575,4.07221,1.7193,6.42512,0.0437596,-0.144523,0.232042,0.121548,-0.135472,0.378567,-1.30334,-1.67216,-0.934528,-0.551714,-0.895086,-0.208342
0.6,25000,shared_opc_raw,native,group,3,0,-0.705711,-1.23013,-0.18129,-0.705711,-1.23013,-0.18129,1.1289,0.209826,2.04798,1.24212,0.167131,2.3171,0.592497,0.00404631,1.18095,1.26729,0.195153,2.33942,2.5094,0.512016,4.50679,0.0775328,-0.202362,0.357428,0.670029,-0.103801,1.44386,-0.113214,-0.58401,0.357582,-0.0799687,-0.408477,0.24854
0.6,25000,shared_opc_raw,native,vector,3,2,0.158072,-0.721123,1.03727,0.158072,-0.721123,1.03727,1.25589,-0.770371,3.28214,0.975419,-1.10884,3.05968,0.122395,-0.757152,1.00194,1.40171,0.559992,2.24342,2.37713,-0.421141,5.17539,0.140079,-0.178484,0.458642,0.262474,-0.307103,0.832051,0.280467,0.0241391,0.536794,0.226629,-0.107443,0.5607
0.6,25000,shared_opc_raw,native,combined,3,0,-0.614852,-1.59536,0.36566,-0.614852,-1.59536,0.36566,3.51532,0.0935401,6.93711,3.99781,0.187735,7.80788,0.132367,-0.515706,0.78044,3.34045,1.53055,5.15036,7.33826,1.94842,12.7281,0.0119331,-0.0394107,0.0632769,0.1443,-0.476574,0.765174,-0.482485,-0.872274,-0.092695,0.512772,0.0924707,0.933072
0.6,25000,shared_opc_raw,native,biased (pooled),12,2,-0.635905,-1.03252,-0.239286,-0.635905,-1.03252,-0.239286,1.47051,0.511136,2.42989,1.87515,0.922424,2.82789,0.231262,0.0361399,0.426383,2.1991,1.50958,2.88862,4.07425,2.55384,5.59466,0.0683261,0.00845428,0.128198,0.299588,0.105276,0.493899,-0.404643,-0.801456,-0.00783062,0.0269294,-0.246229,0.300088
0.6,25000,shared_opc_raw,native,"misspecified (group, vector, combined)",9,2,-0.387497,-0.772122,-0.00287157,-0.387497,-0.772122,-0.00287157,1.9667,0.872351,3.06106,2.07178,0.760332,3.38323,0.28242,0.0200729,0.544766,2.00315,1.15506,2.85124,4.07493,1.949,6.20086,0.076515,-0.00214305,0.155173,0.358934,0.103908,0.613961,-0.105077,-0.378983,0.168828,0.21981,-0.000238886,0.43986
0.6,25000,shared_opc_raw,native,ml (biased),4,1,-0.664318,-1.96639,0.637757,-0.664318,-1.96639,0.637757,2.09748,-1.05395,5.2489,2.52869,-0.514208,5.57159,0.233105,-0.458101,0.92431,2.63112,0.683529,4.57871,5.15981,0.500738,9.81888,0.156139,-0.0377077,0.349987,0.389244,-0.240465,1.01895,-0.431214,-1.37644,0.514011,0.112936,-0.519141,0.745014
0.6,25000,shared_opc_raw,native,kuairand (biased),4,0,-0.617498,-1.49399,0.258994,-0.617498,-1.49399,0.258994,0.980962,-0.345577,2.3075,1.33171,0.172716,2.49071,0.266748,-0.292339,0.825835,1.72297,0.361638,3.08429,3.05468,0.630232,5.47912,0.0176752,-0.0179783,0.0533286,0.284423,-0.296257,0.865103,-0.35075,-1.49381,0.792312,-0.0271524,-0.959038,0.904733
0.6,25000,shared_opc_raw,native,anime (biased),4,1,-0.625899,-1.69819,0.446391,-0.625899,-1.69819,0.446391,1.3331,-1.36428,4.03047,1.76506,-1.02642,4.55655,0.193932,-0.0822229,0.470088,2.2432,0.272024,4.21438,4.00826,-0.243176,8.2597,0.0311638,-0.0339011,0.0962286,0.225096,-0.0714638,0.521656,-0.431966,-1.6179,0.753971,-0.00499578,-0.645112,0.63512
0.6,100000,shared_opc,common,no bias,3,1,-0.0260096,-0.124967,0.0729475,-0.0260096,-0.124967,0.0729475,-0.00189737,-0.00319692,-0.000597811,0.0922976,0.0400728,0.144522,-0.0681854,-0.202574,0.066203,0.00647735,0.004279,0.0086757,0.0987749,0.0453546,0.152195,0.125769,-0.244678,0.496216,0.0575837,-0.184652,0.299819,-0.0941949,-0.14528,-0.04311,-0.337759,-0.440032,-0.235485
0.6,100000,shared_opc,common,warp,3,0,-0.868967,-1.91315,0.175212,-0.868967,-1.91315,0.175212,-0.0180666,-0.0583936,0.0222604,1.43131,0.574754,2.28787,-0.58041,-0.966203,-0.194618,1.81686,0.180335,3.45339,3.24817,0.758798,5.73755,0.680743,0.201204,1.16028,0.100332,-0.0127966,0.213461,-1.44938,-2.30493,-0.593821,-0.400218,-0.618561,-0.181875
0.6,100000,shared_opc,common,group,3,0,-0.19425,-0.580151,0.191651,-0.19425,-0.580151,0.191651,1.1289,0.209826,2.04798,1.3587,0.17373,2.54368,-0.0355528,-0.683206,0.612101,0.859136,0.0219311,1.69634,2.21784,0.514326,3.92135,0.161239,-0.316191,0.638669,0.125687,-0.0445431,0.295916,-0.229803,-0.669126,0.209521,0.0531498,-0.334182,0.440482
0.6,100000,shared_opc,common,vector,3,2,0.175905,-0.227077,0.578888,0.175905,-0.227077,0.578888,1.25589,-0.770371,3.28214,0.997468,-0.797734,2.79267,0.0825126,-0.217308,0.382333,0.991505,0.538659,1.44435,1.98897,-0.231183,4.20913,0.0661136,-0.0855325,0.21776,0.148626,-0.118086,0.415338,0.258418,-0.424794,0.941629,0.395066,-0.191528,0.981659
0.6,100000,shared_opc,common,combined,3,1,-0.221596,-1.87077,1.42758,-0.221596,-1.87077,1.42758,3.51532,0.0935401,6.93711,3.93055,1.36113,6.49997,-0.193629,-0.766753,0.379494,1.86367,0.646673,3.08066,5.79422,2.0987,9.48973,0.313149,-0.174486,0.800784,0.11952,-0.0735189,0.312558,-0.415225,-2.53332,1.70287,1.17473,0.234673,2.1148
0.6,100000,shared_opc,common,biased (pooled),12,3,-0.277227,-0.610811,0.0563569,-0.277227,-0.610811,0.0563569,1.47051,0.511136,2.42989,1.92951,1.06813,2.79089,-0.18177,-0.379989,0.0164495,1.38279,0.991003,1.77458,3.3123,2.15791,4.4667,0.305311,0.124596,0.486026,0.123541,0.0797564,0.167326,-0.458997,-0.949473,0.031479,0.305683,-0.0978885,0.709254
0.6,100000,shared_opc,common,"misspecified (group, vector, combined)",9,3,-0.0799802,-0.387225,0.227264,-0.0799802,-0.387225,0.227264,1.9667,0.872351,3.06106,2.09557,0.911379,3.27977,-0.0488898,-0.217892,0.120112,1.2381,0.8032,1.67301,3.33368,1.74235,4.925,0.180167,0.0438648,0.31647,0.131277,0.0730312,0.189524,-0.12887,-0.549394,0.291654,0.540983,0.117405,0.964562
0.6,100000,shared_opc,common,ml (biased),4,1,-0.246746,-1.17187,0.678381,-0.246746,-1.17187,0.678381,2.09748,-1.05395,5.2489,2.56476,-0.165864,5.29537,-0.220534,-0.6548,0.213732,1.6271,0.620397,2.6338,4.19185,0.686859,7.69685,0.299441,-0.0255268,0.624409,0.0789072,-0.0351945,0.193009,-0.46728,-1.72193,0.787373,0.457873,-0.604346,1.52009
0.6,100000,shared_opc,common,kuairand (biased),4,0,-0.375381,-1.0272,0.276438,-0.375381,-1.0272,0.276438,0.980962,-0.345577,2.3075,1.59521,-0.204823,3.39524,-0.238867,-0.809901,0.332167,0.997325,0.392483,1.60217,2.59254,0.369807,4.81526,0.352737,-0.221138,0.926612,0.11387,0.012106,0.215634,-0.614248,-1.65754,0.429048,0.148507,-0.616568,0.913582
0.6,100000,shared_opc,common,anime (biased),4,2,-0.209553,-1.31737,0.898267,-0.209553,-1.31737,0.898267,1.3331,-1.36428,4.03047,1.62856,-0.450352,3.70747,-0.0859086,-0.670567,0.49875,1.52395,0.349039,2.69887,3.15251,0.156734,6.14829,0.263755,-0.286311,0.813821,0.177846,0.116887,0.238806,-0.295462,-1.938,1.34707,0.310669,-1.05691,1.67825
0.6,100000,shared_opc,native,no bias,3,0,-0.318049,-0.92891,0.292812,-0.318049,-0.92891,0.292812,-0.00189737,-0.00319692,-0.000597811,0.0922976,0.0400728,0.144522,0.223854,-0.351368,0.799076,0.00647735,0.004279,0.0086757,0.0987749,0.0453546,0.152195,0.00522771,-0.00470052,0.0151559,0.229082,-0.338559,0.796723,-0.0941949,-0.14528,-0.04311,-0.337759,-0.440032,-0.235485
0.6,100000,shared_opc,native,warp,3,0,-1.61153,-2.71102,-0.512031,-1.61153,-2.71102,-0.512031,-0.0180666,-0.0583936,0.0222604,1.43131,0.574754,2.28787,0.162148,-0.0962274,0.420524,1.81686,0.180335,3.45339,3.24817,0.758798,5.73755,0,0,0,0.162148,-0.0962274,0.420524,-1.44938,-2.30493,-0.593821,-0.400218,-0.618561,-0.181875
0.6,100000,shared_opc,native,group,3,0,-0.413894,-1.37721,0.549421,-0.413894,-1.37721,0.549421,1.1289,0.209826,2.04798,1.3587,0.17373,2.54368,0.184091,-0.354129,0.722311,0.859136,0.0219311,1.69634,2.21784,0.514326,3.92135,0,0,0,0.184091,-0.354129,0.722311,-0.229803,-0.669126,0.209521,0.0531498,-0.334182,0.440482
0.6,100000,shared_opc,native,vector,3,2,0.0428123,-0.975904,1.06153,0.0428123,-0.975904,1.06153,1.25589,-0.770371,3.28214,0.997468,-0.797734,2.79267,0.215606,-0.283338,0.714549,0.991505,0.538659,1.44435,1.98897,-0.231183,4.20913,0.0328513,-0.108496,0.174199,0.248457,-0.109545,0.606458,0.258418,-0.424794,0.941629,0.395066,-0.191528,0.981659
0.6,100000,shared_opc,native,combined,3,1,-0.551726,-2.6615,1.55805,-0.551726,-2.6615,1.55805,3.51532,0.0935401,6.93711,3.93055,1.36113,6.49997,0.1365,0.0277573,0.245244,1.86367,0.646673,3.08066,5.79422,2.0987,9.48973,0.00170774,-0.00564008,0.00905556,0.138208,0.0249546,0.251462,-0.415225,-2.53332,1.70287,1.17473,0.234673,2.1148
0.6,100000,shared_opc,native,biased (pooled),12,3,-0.633583,-1.136,-0.131168,-0.633583,-1.136,-0.131168,1.47051,0.511136,2.42989,1.92951,1.06813,2.79089,0.174586,0.0867615,0.262411,1.38279,0.991003,1.77458,3.3123,2.15791,4.4667,0.00863975,-0.00937543,0.0266549,0.183226,0.101635,0.264818,-0.458997,-0.949473,0.031479,0.305683,-0.0978885,0.709254
0.6,100000,shared_opc,native,"misspecified (group, vector, combined)",9,3,-0.307602,-0.750902,0.135697,-0.307602,-0.750902,0.135697,1.9667,0.872351,3.06106,2.09557,0.911379,3.27977,0.178732,0.0609239,0.296541,1.2381,0.8032,1.67301,3.33368,1.74235,4.925,0.0115197,-0.0136018,0.0366411,0.190252,0.0822331,0.298271,-0.12887,-0.549394,0.291654,0.540983,0.117405,0.964562
0.6,100000,shared_opc,native,ml (biased),4,1,-0.623255,-1.98431,0.737804,-0.623255,-1.98431,0.737804,2.09748,-1.05395,5.2489,2.56476,-0.165864,5.29537,0.155975,-0.143478,0.455427,1.6271,0.620397,2.6338,4.19185,0.686859,7.69685,0.0246385,-0.0537721,0.103049,0.180613,-0.078688,0.439914,-0.46728,-1.72193,0.787373,0.457873,-0.604346,1.52009
0.6,100000,shared_opc,native,kuairand (biased),4,0,-0.752441,-1.78807,0.28319,-0.752441,-1.78807,0.28319,0.980962,-0.345577,2.3075,1.59521,-0.204823,3.39524,0.138193,-0.0784581,0.354844,0.997325,0.392483,1.60217,2.59254,0.369807,4.81526,0,0,0,0.138193,-0.0784581,0.354844,-0.614248,-1.65754,0.429048,0.148507,-0.616568,0.913582
0.6,100000,shared_opc,native,anime (biased),4,2,-0.525053,-2.19605,1.14594,-0.525053,-2.19605,1.14594,1.3331,-1.36428,4.03047,1.62856,-0.450352,3.70747,0.229591,0.071732,0.387451,1.52395,0.349039,2.69887,3.15251,0.156734,6.14829,0.00128081,-0.00279529,0.0053569,0.230872,0.0746983,0.387046,-0.295462,-1.938,1.34707,0.310669,-1.05691,1.67825
0.6,100000,shared_opc_raw,common,no bias,3,0,-0.140334,-0.430484,0.149817,-0.140334,-0.430484,0.149817,-0.00189737,-0.00319692,-0.000597811,0.118556,0.0876025,0.14951,0.0198799,-0.242925,0.282684,0.00647735,0.004279,0.0086757,0.125034,0.0920835,0.157984,0.125769,-0.244678,0.496216,0.145649,-0.481028,0.772325,-0.120454,-0.150795,-0.0901119,-0.586677,-0.858668,-0.314686
0.6,100000,shared_opc_raw,common,warp,3,0,-1.37674,-2.65098,-0.102486,-1.37674,-2.65098,-0.102486,-0.0180666,-0.0583936,0.0222604,1.84441,0.914901,2.77392,-0.48574,-1.52645,0.554966,1.81686,0.180335,3.45339,3.66127,1.12469,6.19785,0.680743,0.201204,1.16028,0.195002,-0.373722,0.763727,-1.86248,-2.78287,-0.942079,-0.738795,-1.04537,-0.432217
0.6,100000,shared_opc_raw,common,group,3,1,-0.141257,-0.872904,0.590391,-0.141257,-0.872904,0.590391,1.1289,0.209826,2.04798,1.35399,0.793535,1.91445,-0.0838357,-0.45415,0.286478,0.859136,0.0219311,1.69634,2.21313,1.20029,3.22597,0.161239,-0.316191,0.638669,0.0774036,-0.09386,0.248667,-0.225092,-0.586736,0.136551,0.0304342,-0.850843,0.911711
0.6,100000,shared_opc_raw,common,vector,3,2,0.051837,-0.50349,0.607164,0.051837,-0.50349,0.607164,1.25589,-0.770371,3.28214,1.16749,-1.0763,3.41128,0.0365582,-0.209409,0.282526,0.991505,0.538659,1.44435,2.159,-0.511223,4.82921,0.0661136,-0.0855325,0.21776,0.102672,-0.258418,0.463762,0.0883952,-0.69955,0.876341,0.260379,-0.207053,0.72781
0.6,100000,shared_opc_raw,common,combined,3,0,-1.36295,-1.93972,-0.786186,-1.36295,-1.93972,-0.786186,3.51532,0.0935401,6.93711,4.99874,1.89206,8.10541,-0.120458,-0.795366,0.554451,1.86367,0.646673,3.08066,6.8624,2.54549,11.1793,0.313149,-0.174486,0.800784,0.192691,-0.181424,0.566806,-1.48341,-1.87466,-1.09216,0.260554,-0.353255,0.874362
0.6,100000,shared_opc_raw,common,biased (pooled),12,3,-0.707277,-1.1855,-0.229053,-0.707277,-1.1855,-0.229053,1.47051,0.511136,2.42989,2.34116,1.22205,3.46027,-0.163369,-0.356741,0.0300029,1.38279,0.991003,1.77458,3.72395,2.30937,5.13853,0.305311,0.124596,0.486026,0.141942,0.0490253,0.234859,-0.870646,-1.43423,-0.307059,-0.0468569,-0.349517,0.255803
0.6,100000,shared_opc_raw,common,"misspecified (group, vector, combined)",9,3,-0.484125,-1.02169,0.0534434,-0.484125,-1.02169,0.0534434,1.9667,0.872351,3.06106,2.50674,0.948909,4.06457,-0.0559118,-0.192383,0.0805594,1.2381,0.8032,1.67301,3.74484,1.77714,5.71254,0.180167,0.0438648,0.31647,0.124255,0.0304437,0.218067,-0.540037,-1.11303,0.0329592,0.183789,-0.0178423,0.38542
0.6,100000,shared_opc_raw,common,ml (biased),4,2,-0.6674,-2.19999,0.865192,-0.6674,-2.19999,0.865192,2.09748,-1.05395,5.2489,2.91224,-0.5454,6.36988,-0.147364,-0.421324,0.126596,1.6271,0.620397,2.6338,4.53934,0.266749,8.81193,0.299441,-0.0255268,0.624409,0.152077,-0.18288,0.487034,-0.814765,-2.33806,0.708535,0.194654,-0.67702,1.06633
0.6,100000,shared_opc_raw,common,kuairand (biased),4,0,-0.663978,-1.62003,0.292071,-0.663978,-1.62003,0.292071,0.980962,-0.345577,2.3075,1.89202,-0.0192824,3.80332,-0.247079,-0.740114,0.245956,0.997325,0.392483,1.60217,2.88934,0.544574,5.23411,0.352737,-0.221138,0.926612,0.105658,-0.0882014,0.299518,-0.911056,-2.15424,0.332132,-0.124968,-0.818337,0.568402
0.6,100000,shared_opc_raw,common,anime (biased),4,1,-0.790454,-2.19102,0.610111,-0.790454,-2.19102,0.610111,1.3331,-1.36428,4.03047,2.21921,-1.15149,5.58991,-0.0956639,-0.804044,0.612716,1.52395,0.349039,2.69887,3.74317,-0.460228,7.94656,0.263755,-0.286311,0.813821,0.168091,-0.0360479,0.37223,-0.886118,-2.73595,0.963716,-0.210257,-0.957534,0.53702
0.6,100000,shared_opc_raw,native,no bias,3,0,-0.555111,-0.81144,-0.298781,-0.555111,-0.81144,-0.298781,-0.00189737,-0.00319692,-0.000597811,0.118556,0.0876025,0.14951,0.434657,0.188621,0.680693,0.00647735,0.004279,0.0086757,0.125034,0.0920835,0.157984,0.00522771,-0.00470052,0.0151559,0.439885,0.203159,0.676611,-0.120454,-0.150795,-0.0901119,-0.586677,-0.858668,-0.314686
0.6,100000,shared_opc_raw,native,warp,3,0,-2.08458,-2.89946,-1.26969,-2.08458,-2.89946,-1.26969,-0.0180666,-0.0583936,0.0222604,1.84441,0.914901,2.77392,0.222101,-0.324377,0.768579,1.81686,0.180335,3.45339,3.66127,1.12469,6.19785,0,0,0,0.222101,-0.324377,0.768579,-1.86248,-2.78287,-0.942079,-0.738795,-1.04537,-0.432217
0.6,100000,shared_opc_raw,native,group,3,0,-0.380752,-0.545458,-0.216046,-0.380752,-0.545458,-0.216046,1.1289,0.209826,2.04798,1.35399,0.793535,1.91445,0.15566,-0.166819,0.478138,0.859136,0.0219311,1.69634,2.21313,1.20029,3.22597,0,0,0,0.15566,-0.166819,0.478138,-0.225092,-0.586736,0.136551,0.0304342,-0.850843,0.911711
0.6,100000,shared_opc_raw,native,vector,3,2,-0.0352568,-0.695976,0.625463,-0.0352568,-0.695976,0.625463,1.25589,-0.770371,3.28214,1.16749,-1.0763,3.41128,0.123652,-0.168969,0.416273,0.991505,0.538659,1.44435,2.159,-0.511223,4.82921,0.0328513,-0.108496,0.174199,0.156503,-0.033801,0.346808,0.0883952,-0.69955,0.876341,0.260379,-0.207053,0.72781
0.6,100000,shared_opc_raw,native,combined,3,0,-1.64128,-2.28041,-1.00215,-1.64128,-2.28041,-1.00215,3.51532,0.0935401,6.93711,4.99874,1.89206,8.10541,0.157865,-0.16491,0.48064,1.86367,0.646673,3.08066,6.8624,2.54549,11.1793,0.00170774,-0.00564008,0.00905556,0.159572,-0.164297,0.483441,-1.48341,-1.87466,-1.09216,0.260554,-0.353255,0.874362
0.6,100000,shared_opc_raw,native,biased (pooled),12,2,-1.03547,-1.61615,-0.45478,-1.03547,-1.61615,-0.45478,1.47051,0.511136,2.42989,2.34116,1.22205,3.46027,0.164819,0.0775893,0.25205,1.38279,0.991003,1.77458,3.72395,2.30937,5.13853,0.00863975,-0.00937543,0.0266549,0.173459,0.0909023,0.256016,-0.870646,-1.43423,-0.307059,-0.0468569,-0.349517,0.255803
0.6,100000,shared_opc_raw,native,"misspecified (group, vector, combined)",9,2,-0.685762,-1.26675,-0.104778,-0.685762,-1.26675,-0.104778,1.9667,0.872351,3.06106,2.50674,0.948909,4.06457,0.145725,0.060901,0.23055,1.2381,0.8032,1.67301,3.74484,1.77714,5.71254,0.0115197,-0.0136018,0.0366411,0.157245,0.0806372,0.233853,-0.540037,-1.11303,0.0329592,0.183789,-0.0178423,0.38542
0.6,100000,shared_opc_raw,native,ml (biased),4,1,-1.01172,-2.69689,0.673446,-1.01172,-2.69689,0.673446,2.09748,-1.05395,5.2489,2.91224,-0.5454,6.36988,0.196957,-0.152843,0.546756,1.6271,0.620397,2.6338,4.53934,0.266749,8.81193,0.0246385,-0.0537721,0.103049,0.221595,-0.0903855,0.533576,-0.814765,-2.33806,0.708535,0.194654,-0.67702,1.06633
0.6,100000,shared_opc_raw,native,kuairand (biased),4,0,-1.07405,-2.45359,0.305489,-1.07405,-2.45359,0.305489,0.980962,-0.345577,2.3075,1.89202,-0.0192824,3.80332,0.162992,0.0165997,0.309385,0.997325,0.392483,1.60217,2.88934,0.544574,5.23411,0,0,0,0.162992,0.0165997,0.309385,-0.911056,-2.15424,0.332132,-0.124968,-0.818337,0.568402
0.6,100000,shared_opc_raw,native,anime (biased),4,1,-1.02063,-2.75385,0.712599,-1.02063,-2.75385,0.712599,1.3331,-1.36428,4.03047,2.21921,-1.15149,5.58991,0.13451,-0.0223353,0.291354,1.52395,0.349039,2.69887,3.74317,-0.460228,7.94656,0.00128081,-0.00279529,0.0053569,0.13579,-0.022316,0.293897,-0.886118,-2.73595,0.963716,-0.210257,-0.957534,0.53702
0.8,5000,shared_opc,common,no bias,3,0,-0.282931,-0.87955,0.313689,-0.282931,-0.87955,0.313689,-0.0018965,-0.00319409,-0.00059892,0.050716,-0.0121597,0.113592,0.230318,-0.408369,0.869006,0.0159335,0.00901799,0.0228491,0.0666495,0.00461289,0.128686,0.300568,-0.613289,1.21443,0.530887,-0.846143,1.90792,-0.0526125,-0.116151,0.0109259,-0.197461,-0.299896,-0.0950271
0.8,5000,shared_opc,common,warp,3,1,-0.287459,-1.39769,0.822774,-0.287459,-1.39769,0.822774,-0.00973987,-0.0603793,0.0408996,0.662537,0.110249,1.21482,-0.384818,-1.03739,0.26775,3.80644,0.530777,7.0821,4.46897,1.73377,7.20418,0.425428,-0.143655,0.994511,0.0406092,-0.129795,0.211013,-0.672277,-1.19992,-0.144631,-0.0640359,-0.640892,0.512821
0.8,5000,shared_opc,common,group,3,1,-0.24079,-1.62316,1.14158,-0.24079,-1.62316,1.14158,1.21452,0.241028,2.18802,1.19952,-0.172792,2.57182,0.255798,-1.21258,1.72417,1.68972,0.221605,3.15783,2.88923,0.511897,5.26657,0.0683312,-0.209356,0.346018,0.324129,-0.981472,1.62973,0.0150083,-0.480824,0.510841,0.056987,-0.137681,0.251655
0.8,5000,shared_opc,common,vector,3,3,0.20438,-0.174917,0.583678,0.20438,-0.174917,0.583678,1.16261,-0.831104,3.15632,0.887402,-0.740966,2.51577,0.0708268,-0.677445,0.819098,1.70764,0.67052,2.74475,2.59504,0.127213,5.06286,0.253395,-0.310143,0.816933,0.324222,-0.0138522,0.662295,0.275207,-0.102766,0.65318,0.269217,-0.0384984,0.576931
0.8,5000,shared_opc,common,combined,3,1,0.167202,-0.855246,1.18965,0.167202,-0.855246,1.18965,3.6568,0.122906,7.19068,3.54254,-0.591008,7.67609,-0.0529495,-0.522962,0.417063,4.99903,3.71614,6.28191,8.54157,3.12595,13.9572,0.184489,-0.213872,0.582849,0.131539,-0.434428,0.697506,0.114253,-0.487474,0.715979,0.278872,0.100363,0.45738
0.8,5000,shared_opc,common,biased (pooled),12,6,-0.0391664,-0.31123,0.232897,-0.0391664,-0.31123,0.232897,1.50605,0.510199,2.50189,1.573,0.653079,2.49292,-0.0277858,-0.280822,0.22525,3.0507,2.01679,4.08462,4.6237,2.87601,6.3714,0.232911,0.0994896,0.366331,0.205125,0.0248843,0.385365,-0.0669521,-0.331202,0.197298,0.13526,0.0119396,0.25858
0.8,5000,shared_opc,common,"misspecified (group, vector, combined)",9,5,0.0435977,-0.274587,0.361782,0.0435977,-0.274587,0.361782,2.01131,0.863725,3.15889,1.87649,0.671971,3.081,0.0912251,-0.19338,0.37583,2.79879,1.48513,4.11245,4.67528,2.23381,7.11675,0.168738,0.0378843,0.299592,0.259963,0.0218725,0.498054,0.134823,-0.0252166,0.294862,0.201692,0.0972598,0.306124
0.8,5000,shared_opc,common,ml (biased),4,1,-0.136653,-0.47142,0.198113,-0.136653,-0.47142,0.198113,2.16769,-1.15901,5.49438,2.29485,-0.786674,5.37637,0.00949392,-0.445568,0.464556,3.34684,0.736524,5.95716,5.64169,0.38111,10.9023,0.132975,-0.121678,0.387629,0.142469,-0.164306,0.449244,-0.12716,-0.844321,0.590001,0.187192,-0.0906925,0.465076
0.8,5000,shared_opc,common,kuairand (biased),4,3,0.121702,-0.73974,0.983144,0.121702,-0.73974,0.983144,1.01961,-0.413147,2.45237,1.0436,0.189303,1.89791,-0.145697,-0.36164,0.0702469,2.4525,0.107731,4.79727,3.49611,0.427271,6.56494,0.245046,-0.0436702,0.533762,0.099349,-0.201335,0.400033,-0.0239948,-0.95586,0.907871,0.0961394,-0.371951,0.56423
0.8,5000,shared_opc,common,anime (biased),4,2,-0.102548,-0.948169,0.743073,-0.102548,-0.948169,0.743073,1.33084,-1.37228,4.03397,1.38055,-1.15042,3.91151,0.0528455,-1.01728,1.12297,3.35277,0.118605,6.58694,4.73332,-0.298716,9.76535,0.320711,-0.12755,0.768972,0.373556,-0.271262,1.01837,-0.0497022,-0.501037,0.401633,0.122448,-0.0739922,0.318889
0.8,5000,shared_opc,native,no bias,3,0,-0.743188,-1.57505,0.0886734,-0.743188,-1.57505,0.0886734,-0.0018965,-0.00319409,-0.00059892,0.050716,-0.0121597,0.113592,0.690576,-0.203181,1.58433,0.0159335,0.00901799,0.0228491,0.0666495,0.00461289,0.128686,0.0021821,-0.00518126,0.00954546,0.692758,-0.196278,1.58179,-0.0526125,-0.116151,0.0109259,-0.197461,-0.299896,-0.0950271
0.8,5000,shared_opc,native,warp,3,0,-1.14268,-1.88204,-0.403317,-1.14268,-1.88204,-0.403317,-0.00973987,-0.0603793,0.0408996,0.662537,0.110249,1.21482,0.470402,0.255726,0.685078,3.80644,0.530777,7.0821,4.46897,1.73377,7.20418,0.00213971,-0.00706671,0.0113461,0.472542,0.256605,0.688478,-0.672277,-1.19992,-0.144631,-0.0640359,-0.640892,0.512821
0.8,5000,shared_opc,native,group,3,0,-0.459795,-1.04593,0.126335,-0.459795,-1.04593,0.126335,1.21452,0.241028,2.18802,1.19952,-0.172792,2.57182,0.474804,-0.178015,1.12762,1.68972,0.221605,3.15783,2.88923,0.511897,5.26657,0.0718203,-0.142761,0.286401,0.546624,-0.298029,1.39128,0.0150083,-0.480824,0.510841,0.056987,-0.137681,0.251655
0.8,5000,shared_opc,native,vector,3,1,-0.181476,-1.37116,1.00821,-0.181476,-1.37116,1.00821,1.16261,-0.831104,3.15632,0.887402,-0.740966,2.51577,0.456683,-0.395768,1.30914,1.70764,0.67052,2.74475,2.59504,0.127213,5.06286,0.0925564,-0.212186,0.397298,0.54924,-0.0861049,1.18458,0.275207,-0.102766,0.65318,0.269217,-0.0384984,0.576931
0.8,5000,shared_opc,native,combined,3,2,0.152663,-0.841977,1.1473,0.152663,-0.841977,1.1473,3.6568,0.122906,7.19068,3.54254,-0.591008,7.67609,-0.0384097,-0.612855,0.536036,4.99903,3.71614,6.28191,8.54157,3.12595,13.9572,0.19153,0.0133593,0.3697,0.15312,-0.505702,0.811942,0.114253,-0.487474,0.715979,0.278872,0.100363,0.45738
0.8,5000,shared_opc,native,biased (pooled),12,3,-0.407822,-0.780876,-0.0347675,-0.407822,-0.780876,-0.0347675,1.50605,0.510199,2.50189,1.573,0.653079,2.49292,0.34087,0.142571,0.539169,3.0507,2.01679,4.08462,4.6237,2.87601,6.3714,0.0895115,0.0258508,0.153172,0.430381,0.255147,0.605615,-0.0669521,-0.331202,0.197298,0.13526,0.0119396,0.25858
0.8,5000,shared_opc,native,"misspecified (group, vector, combined)",9,3,-0.16287,-0.490672,0.164933,-0.16287,-0.490672,0.164933,2.01131,0.863725,3.15889,1.87649,0.671971,3.081,0.297693,0.0273689,0.568016,2.79879,1.48513,4.11245,4.67528,2.23381,7.11675,0.118635,0.0418331,0.195438,0.416328,0.171062,0.661594,0.134823,-0.0252166,0.294862,0.201692,0.0972598,0.306124
0.8,5000,shared_opc,native,ml (biased),4,2,-0.329038,-1.30122,0.643142,-0.329038,-1.30122,0.643142,2.16769,-1.15901,5.49438,2.29485,-0.786674,5.37637,0.201879,-0.184788,0.588546,3.34684,0.736524,5.95716,5.64169,0.38111,10.9023,0.0967758,-0.0616922,0.255244,0.298655,-0.045615,0.642924,-0.12716,-0.844321,0.590001,0.187192,-0.0906925,0.465076
0.8,5000,shared_opc,native,kuairand (biased),4,1,-0.293787,-1.6472,1.05962,-0.293787,-1.6472,1.05962,1.01961,-0.413147,2.45237,1.0436,0.189303,1.89791,0.269792,-0.274592,0.814177,2.4525,0.107731,4.79727,3.49611,0.427271,6.56494,0.0694955,-0.0997593,0.23875,0.339288,-0.0381272,0.716703,-0.0239948,-0.95586,0.907871,0.0961394,-0.371951,0.56423
0.8,5000,shared_opc,native,anime (biased),4,0,-0.600641,-1.08368,-0.117602,-0.600641,-1.08368,-0.117602,1.33084,-1.37228,4.03397,1.38055,-1.15042,3.91151,0.550938,0.0742846,1.02759,3.35277,0.118605,6.58694,4.73332,-0.298716,9.76535,0.102263,-0.0910309,0.295558,0.653202,0.216154,1.09025,-0.0497022,-0.501037,0.401633,0.122448,-0.0739922,0.318889
0.8,5000,shared_opc_raw,common,no bias,3,2,-0.0217015,-0.277458,0.234055,-0.0217015,-0.277458,0.234055,-0.0018965,-0.00319409,-0.00059892,0.0393295,-0.0148964,0.0935555,-0.0195245,-0.321528,0.282479,0.0159335,0.00901799,0.0228491,0.0552631,0.0010617,0.109464,0.300568,-0.613289,1.21443,0.281044,-0.92819,1.49028,-0.0412261,-0.0959916,0.0135395,-0.269297,-0.408012,-0.130583
0.8,5000,shared_opc_raw,common,warp,3,0,-0.480937,-1.3693,0.407427,-0.480937,-1.3693,0.407427,-0.00973987,-0.0603793,0.0408996,0.663972,0.436684,0.891261,-0.192775,-0.862184,0.476634,3.80644,0.530777,7.0821,4.47041,1.24347,7.69734,0.425428,-0.143655,0.994511,0.232653,-0.00250857,0.467814,-0.673712,-0.944079,-0.403345,-0.125772,-0.442175,0.19063
0.8,5000,shared_opc_raw,common,group,3,1,-0.169522,-1.01563,0.676582,-0.169522,-1.01563,0.676582,1.21452,0.241028,2.18802,1.19458,-0.172987,2.56214,0.189469,-0.758702,1.13764,1.68972,0.221605,3.15783,2.8843,0.527473,5.24112,0.0683312,-0.209356,0.346018,0.2578,-0.519321,1.03492,0.0199465,-0.457618,0.497511,0.0244172,-0.198281,0.247116
0.8,5000,shared_opc_raw,common,vector,3,1,-0.170375,-1.61534,1.27459,-0.170375,-1.61534,1.27459,1.16261,-0.831104,3.15632,0.974799,-0.816677,2.76628,0.358184,-1.14622,1.86259,1.70764,0.67052,2.74475,2.68244,0.0293768,5.33549,0.253395,-0.310143,0.816933,0.611579,-0.624515,1.84767,0.187809,-0.014748,0.390367,0.204208,0.0168945,0.391521
0.8,5000,shared_opc_raw,common,combined,3,1,-0.26589,-1.13517,0.603395,-0.26589,-1.13517,0.603395,3.6568,0.122906,7.19068,3.98025,0.839512,7.12099,-0.0575643,-0.574055,0.458926,4.99903,3.71614,6.28191,8.97928,4.5802,13.3784,0.184489,-0.213872,0.582849,0.126924,-0.161689,0.415538,-0.323454,-1.27269,0.625783,0.0404397,-0.625772,0.706651
0.8,5000,shared_opc_raw,common,biased (pooled),12,3,-0.271681,-0.514226,-0.0291363,-0.271681,-0.514226,-0.0291363,1.50605,0.510199,2.50189,1.7034,0.726149,2.68065,0.0743284,-0.182998,0.331655,3.0507,2.01679,4.08462,4.7541,2.92774,6.58047,0.232911,0.0994896,0.366331,0.307239,0.103121,0.511357,-0.197353,-0.448457,0.053752,0.0358231,-0.0803253,0.151972
0.8,5000,shared_opc_raw,common,"misspecified (group, vector, combined)",9,3,-0.201929,-0.496143,0.0922855,-0.201929,-0.496143,0.0922855,2.01131,0.863725,3.15889,2.04988,0.784363,3.31539,0.163363,-0.155158,0.481883,2.79879,1.48513,4.11245,4.84867,2.311,7.38634,0.168738,0.0378843,0.299592,0.332101,0.0477061,0.616496,-0.0385661,-0.279617,0.202485,0.0896883,-0.0408423,0.220219
0.8,5000,shared_opc_raw,common,ml (biased),4,0,-0.428273,-0.91869,0.0621445,-0.428273,-0.91869,0.0621445,2.16769,-1.15901,5.49438,2.4337,-0.752707,5.62011,0.162257,-0.328545,0.653059,3.34684,0.736524,5.95716,5.78054,0.392638,11.1684,0.132975,-0.121678,0.387629,0.295232,-0.0716505,0.662115,-0.266015,-0.975771,0.44374,0.0727057,-0.162331,0.307743
0.8,5000,shared_opc_raw,common,kuairand (biased),4,2,-0.0924545,-0.84177,0.65686,-0.0924545,-0.84177,0.65686,1.01961,-0.413147,2.45237,1.26817,-0.434629,2.97096,-0.156101,-0.436048,0.123846,2.4525,0.107731,4.79727,3.72067,-0.161032,7.60236,0.245046,-0.0436702,0.533762,0.0889447,-0.0254367,0.203326,-0.248556,-1.00003,0.502922,-0.064762,-0.405977,0.276453
0.8,5000,shared_opc_raw,common,anime (biased),4,1,-0.294316,-0.892613,0.30398,-0.294316,-0.892613,0.30398,1.33084,-1.37228,4.03397,1.40833,-1.07689,3.89356,0.216829,-0.747354,1.18101,3.35277,0.118605,6.58694,4.7611,-0.283817,9.80602,0.320711,-0.12755,0.768972,0.53754,-0.148076,1.22316,-0.077487,-0.632762,0.477788,0.0995256,-0.193951,0.393003
0.8,5000,shared_opc_raw,native,no bias,3,0,-0.666754,-1.15757,-0.17594,-0.666754,-1.15757,-0.17594,-0.0018965,-0.00319409,-0.00059892,0.0393295,-0.0148964,0.0935555,0.625528,0.0811949,1.16986,0.0159335,0.00901799,0.0228491,0.0552631,0.0010617,0.109464,0.0021821,-0.00518126,0.00954546,0.62771,0.0903032,1.16512,-0.0412261,-0.0959916,0.0135395,-0.269297,-0.408012,-0.130583
0.8,5000,shared_opc_raw,native,warp,3,0,-1.03473,-1.56031,-0.509145,-1.03473,-1.56031,-0.509145,-0.00973987,-0.0603793,0.0408996,0.663972,0.436684,0.891261,0.361013,-0.154235,0.876261,3.80644,0.530777,7.0821,4.47041,1.24347,7.69734,0.00213971,-0.00706671,0.0113461,0.363153,-0.151172,0.877478,-0.673712,-0.944079,-0.403345,-0.125772,-0.442175,0.19063
0.8,5000,shared_opc_raw,native,group,3,0,-0.446902,-0.90114,0.00733471,-0.446902,-0.90114,0.00733471,1.21452,0.241028,2.18802,1.19458,-0.172987,2.56214,0.466849,0.414769,0.518929,1.68972,0.221605,3.15783,2.8843,0.527473,5.24112,0.0718203,-0.142761,0.286401,0.538669,0.365984,0.711355,0.0199465,-0.457618,0.497511,0.0244172,-0.198281,0.247116
0.8,5000,shared_opc_raw,native,vector,3,1,-0.331213,-1.72371,1.06128,-0.331213,-1.72371,1.06128,1.16261,-0.831104,3.15632,0.974799,-0.816677,2.76628,0.519023,-0.813598,1.85164,1.70764,0.67052,2.74475,2.68244,0.0293768,5.33549,0.0925564,-0.212186,0.397298,0.611579,-0.624515,1.84767,0.187809,-0.014748,0.390367,0.204208,0.0168945,0.391521
0.8,5000,shared_opc_raw,native,combined,3,1,-0.258849,-1.0019,0.4842,-0.258849,-1.0019,0.4842,3.6568,0.122906,7.19068,3.98025,0.839512,7.12099,-0.0646055,-0.41867,0.289459,4.99903,3.71614,6.28191,8.97928,4.5802,13.3784,0.19153,0.0133593,0.3697,0.126924,-0.161689,0.415538,-0.323454,-1.27269,0.625783,0.0404397,-0.625772,0.706651
0.8,5000,shared_opc_raw,native,biased (pooled),12,2,-0.517922,-0.794616,-0.241229,-0.517922,-0.794616,-0.241229,1.50605,0.510199,2.50189,1.7034,0.726149,2.68065,0.32057,0.0991876,0.541952,3.0507,2.01679,4.08462,4.7541,2.92774,6.58047,0.0895115,0.0258508,0.153172,0.410081,0.215079,0.605084,-0.197353,-0.448457,0.053752,0.0358231,-0.0803253,0.151972
0.8,5000,shared_opc_raw,native,"misspecified (group, vector, combined)",9,2,-0.345655,-0.607488,-0.0838213,-0.345655,-0.607488,-0.0838213,2.01131,0.863725,3.15889,2.04988,0.784363,3.31539,0.307089,0.0041153,0.610062,2.79879,1.48513,4.11245,4.84867,2.311,7.38634,0.118635,0.0418331,0.195438,0.425724,0.162013,0.689435,-0.0385661,-0.279617,0.202485,0.0896883,-0.0408423,0.220219
0.8,5000,shared_opc_raw,native,ml (biased),4,0,-0.568224,-1.27237,0.135921,-0.568224,-1.27237,0.135921,2.16769,-1.15901,5.49438,2.4337,-0.752707,5.62011,0.302209,0.0151176,0.589299,3.34684,0.736524,5.95716,5.78054,0.392638,11.1684,0.0967758,-0.0616922,0.255244,0.398984,0.0873056,0.710663,-0.266015,-0.975771,0.44374,0.0727057,-0.162331,0.307743
0.8,5000,shared_opc_raw,native,kuairand (biased),4,1,-0.374905,-0.9413,0.191491,-0.374905,-0.9413,0.191491,1.01961,-0.413147,2.45237,1.26817,-0.434629,2.97096,0.126349,-0.342998,0.595696,2.4525,0.107731,4.79727,3.72067,-0.161032,7.60236,0.0694955,-0.0997593,0.23875,0.195845,-0.141767,0.533456,-0.248556,-1.00003,0.502922,-0.064762,-0.405977,0.276453
0.8,5000,shared_opc_raw,native,anime (biased),4,1,-0.610639,-1.52575,0.304475,-0.610639,-1.52575,0.304475,1.33084,-1.37228,4.03397,1.40833,-1.07689,3.89356,0.533152,-0.203972,1.27028,3.35277,0.118605,6.58694,4.7611,-0.283817,9.80602,0.102263,-0.0910309,0.295558,0.635415,0.0552449,1.21559,-0.077487,-0.632762,0.477788,0.0995256,-0.193951,0.393003
0.8,25000,shared_opc,common,no bias,3,0,-0.324331,-0.519967,-0.128696,-0.324331,-0.519967,-0.128696,-0.0018965,-0.00319409,-0.00059892,0.127111,0.0438593,0.210362,0.195324,0.0730262,0.317622,0.0113315,0.00666798,0.015995,0.138442,0.0532309,0.223653,0.346987,-0.898255,1.59223,0.542311,-0.65393,1.73855,-0.129007,-0.212936,-0.0450784,-0.316053,-0.545611,-0.0864944
0.8,25000,shared_opc,common,warp,3,0,-0.907964,-1.0901,-0.725831,-0.907964,-1.0901,-0.725831,-0.00973987,-0.0603793,0.0408996,0.955604,0.827876,1.08333,-0.0573801,-0.173066,0.0583062,2.63814,0.178139,5.09814,3.59374,1.14425,6.04323,0.282718,0.0886561,0.47678,0.225338,0.109444,0.341231,-0.965344,-1.13482,-0.795871,-0.110435,-0.7301,0.509231
0.8,25000,shared_opc,common,group,3,0,-0.132843,-0.219568,-0.0461181,-0.132843,-0.219568,-0.0461181,1.21452,0.241028,2.18802,1.24196,0.430151,2.05376,0.10541,-0.0997575,0.310577,1.17053,-0.12642,2.46749,2.41249,0.446623,4.37836,0.104187,-0.233387,0.441761,0.209597,-0.200817,0.62001,-0.0274332,-0.224261,0.169395,0.122676,-0.250767,0.496119
0.8,25000,shared_opc,common,vector,3,3,0.27376,-0.0626997,0.610219,0.27376,-0.0626997,0.610219,1.16261,-0.831104,3.15632,1.05959,-0.921506,3.04069,-0.170743,-0.711785,0.370299,1.25511,0.556157,1.95407,2.31471,-0.363516,4.99293,0.307184,-0.480374,1.09474,0.136441,-0.173541,0.446423,0.103016,-0.374791,0.580824,0.237132,-0.00372188,0.477986
0.8,25000,shared_opc,common,combined,3,1,-0.190724,-1.09842,0.716969,-0.190724,-1.09842,0.716969,3.6568,0.122906,7.19068,3.95228,0.855765,7.0488,-0.104766,-0.852279,0.642747,2.95218,0.844904,5.05945,6.90446,1.70241,12.1065,0.184178,-0.384225,0.752581,0.0794125,-0.131661,0.290486,-0.295489,-1.5752,0.984225,0.708867,0.228477,1.18926
0.8,25000,shared_opc,common,biased (pooled),12,4,-0.239443,-0.541677,0.0627914,-0.239443,-0.541677,0.0627914,1.50605,0.510199,2.50189,1.80236,0.879367,2.72535,-0.0568699,-0.180836,0.0670961,2.00399,1.34665,2.66133,3.80635,2.37627,5.23643,0.219567,0.0934261,0.345708,0.162697,0.0895546,0.235839,-0.296313,-0.609032,0.0164074,0.23956,0.0184235,0.460697
0.8,25000,shared_opc,common,"misspecified (group, vector, combined)",9,4,-0.0166023,-0.242441,0.209237,-0.0166023,-0.242441,0.209237,2.01131,0.863725,3.15889,2.08461,0.858953,3.31027,-0.0566998,-0.231646,0.118246,1.79261,1.0142,2.57102,3.87722,1.88755,5.86689,0.198516,0.0254801,0.371553,0.141817,0.0454551,0.238178,-0.0733021,-0.326057,0.179453,0.356225,0.125938,0.586513
0.8,25000,shared_opc,common,ml (biased),4,1,-0.370814,-1.12305,0.381425,-0.370814,-1.12305,0.381425,2.16769,-1.15901,5.49438,2.47535,-0.629262,5.57995,0.0631559,-0.109958,0.236269,2.51347,0.786471,4.24047,4.98882,0.47435,9.50328,0.111298,-0.0370802,0.259676,0.174454,0.117082,0.231826,-0.307658,-1.15769,0.542378,0.276192,-0.132541,0.684925
0.8,25000,shared_opc,common,kuairand (biased),4,1,-0.239247,-0.995043,0.516548,-0.239247,-0.995043,0.516548,1.01961,-0.413147,2.45237,1.47123,-0.101517,3.04398,-0.212374,-0.633553,0.208806,1.40052,0.355317,2.44572,2.87175,0.397064,5.34643,0.438773,0.161675,0.715871,0.226399,-0.025735,0.478534,-0.451621,-1.20749,0.304251,0.0927055,-0.562509,0.74792
0.8,25000,shared_opc,common,anime (biased),4,2,-0.108266,-1.02874,0.812206,-0.108266,-1.02874,0.812206,1.33084,-1.37228,4.03397,1.4605,-0.816798,3.7378,-0.0213918,-0.128788,0.0860042,2.09798,0.16753,4.02844,3.55849,0.00154867,7.11542,0.10863,-0.0455831,0.262842,0.0872379,-0.0636906,0.238166,-0.129658,-1.01254,0.753223,0.349783,-0.290443,0.990009
0.8,25000,shared_opc,native,no bias,3,0,-0.7265,-1.87539,0.42239,-0.7265,-1.87539,0.42239,-0.0018965,-0.00319409,-0.00059892,0.127111,0.0438593,0.210362,0.597493,-0.510125,1.70511,0.0113315,0.00666798,0.015995,0.138442,0.0532309,0.223653,0,0,0,0.597493,-0.510125,1.70511,-0.129007,-0.212936,-0.0450784,-0.316053,-0.545611,-0.0864944
0.8,25000,shared_opc,native,warp,3,0,-0.717974,-2.12726,0.691314,-0.717974,-2.12726,0.691314,-0.00973987,-0.0603793,0.0408996,0.955604,0.827876,1.08333,-0.24737,-1.54255,1.04781,2.63814,0.178139,5.09814,3.59374,1.14425,6.04323,0.400502,-1.05775,1.85875,0.153133,-0.110531,0.416796,-0.965344,-1.13482,-0.795871,-0.110435,-0.7301,0.509231
0.8,25000,shared_opc,native,group,3,0,-0.0760705,-0.141748,-0.0103934,-0.0760705,-0.141748,-0.0103934,1.21452,0.241028,2.18802,1.24196,0.430151,2.05376,0.0486373,-0.0919774,0.189252,1.17053,-0.12642,2.46749,2.41249,0.446623,4.37836,0.0525779,-0.0697501,0.174906,0.101215,-0.0571294,0.25956,-0.0274332,-0.224261,0.169395,0.122676,-0.250767,0.496119
0.8,25000,shared_opc,native,vector,3,3,0.210299,-0.066487,0.487084,0.210299,-0.066487,0.487084,1.16261,-0.831104,3.15632,1.05959,-0.921506,3.04069,-0.107282,-0.64902,0.434456,1.25511,0.556157,1.95407,2.31471,-0.363516,4.99293,0.250764,-0.178011,0.679538,0.143482,-0.073631,0.360594,0.103016,-0.374791,0.580824,0.237132,-0.00372188,0.477986
0.8,25000,shared_opc,native,combined,3,1,-0.317604,-1.52242,0.887211,-0.317604,-1.52242,0.887211,3.6568,0.122906,7.19068,3.95228,0.855765,7.0488,0.022115,-0.201064,0.245294,2.95218,0.844904,5.05945,6.90446,1.70241,12.1065,0.0572975,0.0318302,0.0827648,0.0794125,-0.131661,0.290486,-0.295489,-1.5752,0.984225,0.708867,0.228477,1.18926
0.8,25000,shared_opc,native,biased (pooled),12,4,-0.225338,-0.53006,0.079385,-0.225338,-0.53006,0.079385,1.50605,0.510199,2.50189,1.80236,0.879367,2.72535,-0.0709749,-0.245248,0.103298,2.00399,1.34665,2.66133,3.80635,2.37627,5.23643,0.190285,-0.00198703,0.382558,0.11931,0.0681512,0.17047,-0.296313,-0.609032,0.0164074,0.23956,0.0184235,0.460697
0.8,25000,shared_opc,native,"misspecified (group, vector, combined)",9,4,-0.0611254,-0.321185,0.198934,-0.0611254,-0.321185,0.198934,2.01131,0.863725,3.15889,2.08461,0.858953,3.31027,-0.0121766,-0.120688,0.0963343,1.79261,1.0142,2.57102,3.87722,1.88755,5.86689,0.120213,0.01803,0.222396,0.108036,0.0508949,0.165178,-0.0733021,-0.326057,0.179453,0.356225,0.125938,0.586513
0.8,25000,shared_opc,native,ml (biased),4,1,-0.387285,-1.24822,0.473653,-0.387285,-1.24822,0.473653,2.16769,-1.15901,5.49438,2.47535,-0.629262,5.57995,0.079627,0.0433707,0.115883,2.51347,0.786471,4.24047,4.98882,0.47435,9.50328,0.088586,0.0397774,0.137394,0.168213,0.12175,0.214676,-0.307658,-1.15769,0.542378,0.276192,-0.132541,0.684925
0.8,25000,shared_opc,native,kuairand (biased),4,1,-0.376325,-1.26726,0.514613,-0.376325,-1.26726,0.514613,1.01961,-0.413147,2.45237,1.47123,-0.101517,3.04398,-0.0752958,-0.388745,0.238153,1.40052,0.355317,2.44572,2.87175,0.397064,5.34643,0.12121,-0.196811,0.439231,0.0459142,-0.0157778,0.107606,-0.451621,-1.20749,0.304251,0.0927055,-0.562509,0.74792
0.8,25000,shared_opc,native,anime (biased),4,2,0.0875976,-0.235448,0.410643,0.0875976,-0.235448,0.410643,1.33084,-1.37228,4.03397,1.4605,-0.816798,3.7378,-0.217256,-0.888094,0.453582,2.09798,0.16753,4.02844,3.55849,0.00154867,7.11542,0.36106,-0.411717,1.13384,0.143804,-0.0172564,0.304865,-0.129658,-1.01254,0.753223,0.349783,-0.290443,0.990009
0.8,25000,shared_opc_raw,common,no bias,3,0,-0.527055,-1.07192,0.0178065,-0.527055,-1.07192,0.0178065,-0.0018965,-0.00319409,-0.00059892,0.146574,0.0703364,0.222812,0.378585,-0.107972,0.865142,0.0113315,0.00666798,0.015995,0.157905,0.0817215,0.234089,0.346987,-0.898255,1.59223,0.725572,-0.1447,1.59584,-0.14847,-0.225798,-0.0711426,-0.448141,-0.778014,-0.118269
0.8,25000,shared_opc_raw,common,warp,3,0,-1.16136,-1.40235,-0.920365,-1.16136,-1.40235,-0.920365,-0.00973987,-0.0603793,0.0408996,1.25454,0.992324,1.51675,-0.102921,-0.131335,-0.0745067,2.63814,0.178139,5.09814,3.89268,1.64253,6.14283,0.282718,0.0886561,0.47678,0.179797,0.00588526,0.353709,-1.26428,-1.53195,-0.996604,-0.401051,-1.14898,0.34688
0.8,25000,shared_opc_raw,common,group,3,0,-0.236141,-0.595907,0.123625,-0.236141,-0.595907,0.123625,1.21452,0.241028,2.18802,1.33799,0.624473,2.0515,0.112676,-0.229542,0.454894,1.17053,-0.12642,2.46749,2.50852,0.658444,4.3586,0.104187,-0.233387,0.441761,0.216863,-0.45879,0.892516,-0.123465,-0.386204,0.139274,-0.0138267,-0.557353,0.5297
0.8,25000,shared_opc_raw,common,vector,3,3,0.199495,-0.190051,0.58904,0.199495,-0.190051,0.58904,1.16261,-0.831104,3.15632,1.13335,-0.713421,2.98011,-0.170233,-0.950806,0.610341,1.25511,0.556157,1.95407,2.38846,-0.151576,4.9285,0.307184,-0.480374,1.09474,0.136952,-0.165116,0.439019,0.0292621,-0.574744,0.633268,0.149026,-0.0857954,0.383847
0.8,25000,shared_opc_raw,common,combined,3,0,-1.35549,-2.66124,-0.0497356,-1.35549,-2.66124,-0.0497356,3.6568,0.122906,7.19068,5.04498,2.26732,7.82263,-0.0326908,-0.960917,0.895536,2.95218,0.844904,5.05945,7.99715,3.1892,12.8051,0.184178,-0.384225,0.752581,0.151487,-0.251424,0.554399,-1.38818,-3.588,0.811643,-0.0122892,-1.16879,1.14421
0.8,25000,shared_opc_raw,common,biased (pooled),12,3,-0.638373,-1.09241,-0.184334,-0.638373,-1.09241,-0.184334,1.50605,0.510199,2.50189,2.19271,1.03694,3.34848,-0.0482921,-0.20238,0.105796,2.00399,1.34665,2.66133,4.1967,2.54541,5.848,0.219567,0.0934261,0.345708,0.171275,0.0752779,0.267271,-0.686665,-1.18249,-0.190842,-0.0695354,-0.281181,0.14211
0.8,25000,shared_opc_raw,common,"misspecified (group, vector, combined)",9,3,-0.464045,-1.04083,0.112738,-0.464045,-1.04083,0.112738,2.01131,0.863725,3.15889,2.50544,0.947689,4.06318,-0.0300825,-0.246603,0.186438,1.79261,1.0142,2.57102,4.29804,1.98741,6.60868,0.198516,0.0254801,0.371553,0.168434,0.0350167,0.301851,-0.494128,-1.12219,0.133937,0.0409699,-0.169476,0.251416
0.8,25000,shared_opc_raw,common,ml (biased),4,1,-0.678948,-1.87058,0.512681,-0.678948,-1.87058,0.512681,2.16769,-1.15901,5.49438,2.80528,-0.961659,6.57221,0.0413577,-0.119628,0.202344,2.51347,0.786471,4.24047,5.31875,0.0889829,10.5485,0.111298,-0.0370802,0.259676,0.152655,0.0603427,0.244968,-0.63759,-1.92977,0.654589,0.0173073,-0.348073,0.382688
0.8,25000,shared_opc_raw,common,kuairand (biased),4,1,-0.7966,-2.26077,0.667573,-0.7966,-2.26077,0.667573,1.01961,-0.413147,2.45237,2.01525,-0.585286,4.6158,-0.199044,-0.763311,0.365222,1.40052,0.355317,2.44572,3.41577,-0.106084,6.93763,0.438773,0.161675,0.715871,0.239729,-0.110016,0.589473,-0.995644,-2.61848,0.627193,-0.344086,-0.885105,0.196933
0.8,25000,shared_opc_raw,common,anime (biased),4,1,-0.439572,-1.41614,0.536996,-0.439572,-1.41614,0.536996,1.33084,-1.37228,4.03397,1.75761,-1.02722,4.54243,0.0128102,-0.27918,0.3048,2.09798,0.16753,4.02844,3.85559,-0.175911,7.88709,0.10863,-0.0455831,0.262842,0.12144,-0.114597,0.357477,-0.426762,-1.31666,0.463133,0.118172,-0.334661,0.571005
0.8,25000,shared_opc_raw,native,no bias,3,0,-0.654235,-1.20611,-0.102357,-0.654235,-1.20611,-0.102357,-0.0018965,-0.00319409,-0.00059892,0.146574,0.0703364,0.222812,0.505764,0.0135159,0.998012,0.0113315,0.00666798,0.015995,0.157905,0.0817215,0.234089,0,0,0,0.505764,0.0135159,0.998012,-0.14847,-0.225798,-0.0711426,-0.448141,-0.778014,-0.118269
0.8,25000,shared_opc_raw,native,warp,3,0,-1.07403,-2.94052,0.792466,-1.07403,-2.94052,0.792466,-0.00973987,-0.0603793,0.0408996,1.25454,0.992324,1.51675,-0.190253,-1.79242,1.41192,2.63814,0.178139,5.09814,3.89268,1.64253,6.14283,0.400502,-1.05775,1.85875,0.210249,0.0662862,0.354212,-1.26428,-1.53195,-0.996604,-0.401051,-1.14898,0.34688
0.8,25000,shared_opc_raw,native,group,3,0,-0.406009,-1.07051,0.258495,-0.406009,-1.07051,0.258495,1.21452,0.241028,2.18802,1.33799,0.624473,2.0515,0.282544,-0.266778,0.831867,1.17053,-0.12642,2.46749,2.50852,0.658444,4.3586,0.0525779,-0.0697501,0.174906,0.335122,-0.092574,0.762819,-0.123465,-0.386204,0.139274,-0.0138267,-0.557353,0.5297
0.8,25000,shared_opc_raw,native,vector,3,2,0.0771859,-0.140256,0.294627,0.0771859,-0.140256,0.294627,1.16261,-0.831104,3.15632,1.13335,-0.713421,2.98011,-0.0479238,-0.82078,0.724933,1.25511,0.556157,1.95407,2.38846,-0.151576,4.9285,0.250764,-0.178011,0.679538,0.20284,-0.234225,0.639905,0.0292621,-0.574744,0.633268,0.149026,-0.0857954,0.383847
0.8,25000,shared_opc_raw,native,combined,3,0,-1.48237,-3.2593,0.294557,-1.48237,-3.2593,0.294557,3.6568,0.122906,7.19068,5.04498,2.26732,7.82263,0.0941899,-0.333992,0.522371,2.95218,0.844904,5.05945,7.99715,3.1892,12.8051,0.0572975,0.0318302,0.0827648,0.151487,-0.251424,0.554399,-1.38818,-3.588,0.811643,-0.0122892,-1.16879,1.14421
0.8,25000,shared_opc_raw,native,biased (pooled),12,2,-0.721305,-1.21468,-0.22793,-0.721305,-1.21468,-0.22793,1.50605,0.510199,2.50189,2.19271,1.03694,3.34848,0.0346393,-0.20386,0.273139,2.00399,1.34665,2.66133,4.1967,2.54541,5.848,0.190285,-0.00198703,0.382558,0.224925,0.132008,0.317841,-0.686665,-1.18249,-0.190842,-0.0695354,-0.281181,0.14211
0.8,25000,shared_opc_raw,native,"misspecified (group, vector, combined)",9,2,-0.603731,-1.21178,0.0043197,-0.603731,-1.21178,0.0043197,2.01131,0.863725,3.15889,2.50544,0.947689,4.06318,0.109603,-0.0855551,0.304762,1.79261,1.0142,2.57102,4.29804,1.98741,6.60868,0.120213,0.01803,0.222396,0.229817,0.100145,0.359488,-0.494128,-1.12219,0.133937,0.0409699,-0.169476,0.251416
0.8,25000,shared_opc_raw,native,ml (biased),4,0,-0.749407,-2.0046,0.505782,-0.749407,-2.0046,0.505782,2.16769,-1.15901,5.49438,2.80528,-0.961659,6.57221,0.111817,0.0506276,0.173006,2.51347,0.786471,4.24047,5.31875,0.0889829,10.5485,0.088586,0.0397774,0.137394,0.200403,0.120363,0.280443,-0.63759,-1.92977,0.654589,0.0173073,-0.348073,0.382688
0.8,25000,shared_opc_raw,native,kuairand (biased),4,1,-1.07127,-2.73224,0.589699,-1.07127,-2.73224,0.589699,1.01961,-0.413147,2.45237,2.01525,-0.585286,4.6158,0.0756235,-0.56411,0.715357,1.40052,0.355317,2.44572,3.41577,-0.106084,6.93763,0.12121,-0.196811,0.439231,0.196833,-0.197629,0.591296,-0.995644,-2.61848,0.627193,-0.344086,-0.885105,0.196933
0.8,25000,shared_opc_raw,native,anime (biased),4,1,-0.343239,-0.947421,0.260943,-0.343239,-0.947421,0.260943,1.33084,-1.37228,4.03397,1.75761,-1.02722,4.54243,-0.0835224,-0.99029,0.823246,2.09798,0.16753,4.02844,3.85559,-0.175911,7.88709,0.36106,-0.411717,1.13384,0.277538,0.127534,0.427541,-0.426762,-1.31666,0.463133,0.118172,-0.334661,0.571005
0.8,100000,shared_opc,common,no bias,3,0,-0.101575,-0.391143,0.187993,-0.101575,-0.391143,0.187993,-0.0018965,-0.00319409,-0.00059892,0.0686423,0.0158181,0.121466,0.0310359,-0.248928,0.311,0.00849553,0.00111476,0.0158763,0.0771378,0.0211715,0.133104,0.0337475,0.0170145,0.0504804,0.0647834,-0.213957,0.343524,-0.0705388,-0.123221,-0.0178568,-0.246589,-0.410384,-0.0827947
0.8,100000,shared_opc,common,warp,3,0,-0.78995,-1.21923,-0.360666,-0.78995,-1.21923,-0.360666,-0.00973987,-0.0603793,0.0408996,1.29572,0.878257,1.71318,-0.515508,-1.32064,0.289627,1.80624,-0.0916785,3.70416,3.10196,0.795568,5.40835,0.671328,-0.133902,1.47656,0.15582,0.131742,0.179897,-1.30546,-1.76228,-0.848635,-0.295331,-0.395311,-0.19535
0.8,100000,shared_opc,common,group,3,1,-0.00299014,-0.733924,0.727943,-0.00299014,-0.733924,0.727943,1.21452,0.241028,2.18802,1.37975,0.449001,2.31051,-0.162241,-0.974954,0.650472,0.712075,0.042537,1.38161,2.09183,0.570153,3.61351,0.325691,-0.185929,0.83731,0.163449,-0.181589,0.508488,-0.165231,-0.601951,0.271489,0.092273,-0.378512,0.563058
0.8,100000,shared_opc,common,vector,3,1,0.0113547,-0.314233,0.336943,0.0113547,-0.314233,0.336943,1.16261,-0.831104,3.15632,1.04809,-0.845928,2.94211,0.103164,-0.263393,0.469721,0.9247,0.38958,1.45982,1.97279,-0.432125,4.3777,0.0721891,-0.0256474,0.170026,0.175353,-0.288724,0.63943,0.114519,-0.303727,0.532765,0.308179,-0.08425,0.700608
0.8,100000,shared_opc,common,combined,3,1,-0.0647998,-3.15922,3.02962,-0.0647998,-3.15922,3.02962,3.6568,0.122906,7.19068,4.28713,1.42558,7.14868,-0.565535,-3.33998,2.20891,1.37245,1.18601,1.55889,5.65958,2.79619,8.52297,0.666656,-2.20173,3.53504,0.101121,-0.0829694,0.285211,-0.630335,-1.7174,0.456732,0.895305,-0.185573,1.97618
0.8,100000,shared_opc,common,biased (pooled),12,3,-0.211596,-0.627726,0.204534,-0.211596,-0.627726,0.204534,1.50605,0.510199,2.50189,2.00267,1.04086,2.96449,-0.28503,-0.661174,0.091114,1.20387,0.842919,1.56481,3.20654,2.09964,4.31344,0.433966,0.0642814,0.80365,0.148936,0.0800546,0.217817,-0.496626,-0.881459,-0.111794,0.250106,-0.066411,0.566624
0.8,100000,shared_opc,common,"misspecified (group, vector, combined)",9,3,-0.0188117,-0.514046,0.476423,-0.0188117,-0.514046,0.476423,2.01131,0.863725,3.15889,2.23833,0.930699,3.54595,-0.208204,-0.711713,0.295305,1.00307,0.740833,1.26532,3.2414,1.71328,4.76952,0.354845,-0.137974,0.847665,0.146641,0.0490681,0.244214,-0.227016,-0.542883,0.0888509,0.431919,0.0950416,0.768796
0.8,100000,shared_opc,common,ml (biased),4,3,0.301087,-0.943979,1.54615,0.301087,-0.943979,1.54615,2.16769,-1.15901,5.49438,2.65813,-0.415052,5.73131,-0.791531,-2.04856,0.465503,1.36149,0.62622,2.09676,4.01962,0.962419,7.07683,0.900477,-0.412874,2.21383,0.108946,0.0211535,0.196739,-0.490444,-1.5798,0.598912,0.442139,-0.598484,1.48276
0.8,100000,shared_opc,common,kuairand (biased),4,0,-0.55711,-1.41566,0.30144,-0.55711,-1.41566,0.30144,1.01961,-0.413147,2.45237,1.58314,-0.217419,3.3837,-0.00642028,-0.205045,0.192205,0.91101,0.325929,1.49609,2.49415,0.255678,4.73262,0.142829,-0.10027,0.385928,0.136409,-0.0777953,0.350613,-0.56353,-1.54939,0.422332,0.0852336,-0.42005,0.590518
0.8,100000,shared_opc,common,anime (biased),4,0,-0.378766,-0.935831,0.178299,-0.378766,-0.935831,0.178299,1.33084,-1.37228,4.03397,1.76675,-0.754313,4.28781,-0.0571392,-0.63223,0.517952,1.3391,0.0436858,2.63451,3.10585,-0.0311155,6.24281,0.258592,-0.225445,0.742628,0.201452,0.000743401,0.402161,-0.435905,-1.54023,0.668416,0.222947,-0.641347,1.08724
0.8,100000,shared_opc,native,no bias,3,0,-0.177245,-0.407524,0.0530334,-0.177245,-0.407524,0.0530334,-0.0018965,-0.00319409,-0.00059892,0.0686423,0.0158181,0.121466,0.106707,-0.148624,0.362038,0.00849553,0.00111476,0.0158763,0.0771378,0.0211715,0.133104,0.00214112,-0.00707137,0.0113536,0.108848,-0.137718,0.355413,-0.0705388,-0.123221,-0.0178568,-0.246589,-0.410384,-0.0827947
0.8,100000,shared_opc,native,warp,3,0,-1.33074,-1.73565,-0.925833,-1.33074,-1.73565,-0.925833,-0.00973987,-0.0603793,0.0408996,1.29572,0.878257,1.71318,0.0252842,-0.0371666,0.0877351,1.80624,-0.0916785,3.70416,3.10196,0.795568,5.40835,0,0,0,0.0252842,-0.0371666,0.0877351,-1.30546,-1.76228,-0.848635,-0.295331,-0.395311,-0.19535
0.8,100000,shared_opc,native,group,3,0,-0.27148,-0.365911,-0.177049,-0.27148,-0.365911,-0.177049,1.21452,0.241028,2.18802,1.37975,0.449001,2.31051,0.106249,-0.354076,0.566574,0.712075,0.042537,1.38161,2.09183,0.570153,3.61351,0.0403413,-0.0636821,0.144365,0.14659,-0.219506,0.512687,-0.165231,-0.601951,0.271489,0.092273,-0.378512,0.563058
0.8,100000,shared_opc,native,vector,3,1,-0.0465836,-0.409089,0.315922,-0.0465836,-0.409089,0.315922,1.16261,-0.831104,3.15632,1.04809,-0.845928,2.94211,0.161103,-0.27798,0.600185,0.9247,0.38958,1.45982,1.97279,-0.432125,4.3777,0.0623179,-0.16934,0.293976,0.22342,-0.44704,0.893881,0.114519,-0.303727,0.532765,0.308179,-0.08425,0.700608
0.8,100000,shared_opc,native,combined,3,0,-0.821188,-2.06666,0.424281,-0.821188,-2.06666,0.424281,3.6568,0.122906,7.19068,4.28713,1.42558,7.14868,0.190853,-0.596961,0.978667,1.37245,1.18601,1.55889,5.65958,2.79619,8.52297,0,0,0,0.190853,-0.596961,0.978667,-0.630335,-1.7174,0.456732,0.895305,-0.185573,1.97618
0.8,100000,shared_opc,native,biased (pooled),12,1,-0.617499,-0.980423,-0.254574,-0.617499,-0.980423,-0.254574,1.50605,0.510199,2.50189,2.00267,1.04086,2.96449,0.120872,0.00259697,0.239147,1.20387,0.842919,1.56481,3.20654,2.09964,4.31344,0.0256648,-0.00725458,0.0585841,0.146537,0.0167096,0.276364,-0.496626,-0.881459,-0.111794,0.250106,-0.066411,0.566624
0.8,100000,shared_opc,native,"misspecified (group, vector, combined)",9,1,-0.379751,-0.712703,-0.0467977,-0.379751,-0.712703,-0.0467977,2.01131,0.863725,3.15889,2.23833,0.930699,3.54595,0.152735,-0.00651243,0.311982,1.00307,0.740833,1.26532,3.2414,1.71328,4.76952,0.0342197,-0.010348,0.0787874,0.186955,0.0152467,0.358662,-0.227016,-0.542883,0.0888509,0.431919,0.0950416,0.768796
0.8,100000,shared_opc,native,ml (biased),4,1,-0.661706,-1.82433,0.500914,-0.661706,-1.82433,0.500914,2.16769,-1.15901,5.49438,2.65813,-0.415052,5.73131,0.171263,-0.238708,0.581233,1.36149,0.62622,2.09676,4.01962,0.962419,7.07683,0.0137129,-0.0146357,0.0420614,0.184975,-0.211646,0.581597,-0.490444,-1.5798,0.598912,0.442139,-0.598484,1.48276
0.8,100000,shared_opc,native,kuairand (biased),4,0,-0.67235,-1.52342,0.178716,-0.67235,-1.52342,0.178716,1.01961,-0.413147,2.45237,1.58314,-0.217419,3.3837,0.10882,-0.11272,0.33036,0.91101,0.325929,1.49609,2.49415,0.255678,4.73262,0,0,0,0.10882,-0.11272,0.33036,-0.56353,-1.54939,0.422332,0.0852336,-0.42005,0.590518
0.8,100000,shared_opc,native,anime (biased),4,0,-0.518439,-1.46882,0.431938,-0.518439,-1.46882,0.431938,1.33084,-1.37228,4.03397,1.76675,-0.754313,4.28781,0.082534,-0.218351,0.383419,1.3391,0.0436858,2.63451,3.10585,-0.0311155,6.24281,0.0632815,-0.0656966,0.19226,0.145815,-0.268244,0.559875,-0.435905,-1.54023,0.668416,0.222947,-0.641347,1.08724
0.8,100000,shared_opc_raw,common,no bias,3,0,-0.343047,-0.901104,0.215011,-0.343047,-0.901104,0.215011,-0.0018965,-0.00319409,-0.00059892,0.136297,0.0605892,0.212004,0.204854,-0.3885,0.798208,0.00849553,0.00111476,0.0158763,0.144792,0.0763235,0.213261,0.0337475,0.0170145,0.0504804,0.238601,-0.345227,0.82243,-0.138193,-0.212901,-0.0634852,-0.443177,-0.520162,-0.366191
0.8,100000,shared_opc_raw,common,warp,3,0,-0.902008,-1.41016,-0.393856,-0.902008,-1.41016,-0.393856,-0.00973987,-0.0603793,0.0408996,1.50731,0.771635,2.24299,-0.615042,-1.62607,0.395987,1.80624,-0.0916785,3.70416,3.31355,0.681576,5.94553,0.671328,-0.133902,1.47656,0.0562859,-0.171498,0.28407,-1.51705,-2.28639,-0.747714,-0.481657,-0.695732,-0.267582
0.8,100000,shared_opc_raw,common,group,3,2,-0.0957915,-0.831833,0.64025,-0.0957915,-0.831833,0.64025,1.21452,0.241028,2.18802,1.50498,0.62653,2.38342,-0.19466,-0.502642,0.113321,0.712075,0.042537,1.38161,2.21705,0.710315,3.72379,0.325691,-0.185929,0.83731,0.13103,-0.11718,0.379241,-0.290452,-0.872951,0.292048,-0.0268331,-0.509091,0.455425
0.8,100000,shared_opc_raw,common,vector,3,1,-0.107675,-0.677102,0.461752,-0.107675,-0.677102,0.461752,1.16261,-0.831104,3.15632,1.18655,-0.896848,3.26995,0.0837349,-0.0475113,0.214981,0.9247,0.38958,1.45982,2.11125,-0.497355,4.71985,0.0721891,-0.0256474,0.170026,0.155924,-0.0731564,0.385004,-0.0239405,-0.709333,0.661452,0.192525,-0.239811,0.624861
0.8,100000,shared_opc_raw,common,combined,3,1,-1.30181,-4.22139,1.61777,-1.30181,-4.22139,1.61777,3.6568,0.122906,7.19068,5.57799,2.1461,9.00989,-0.619389,-3.59468,2.3559,1.37245,1.18601,1.55889,6.95044,3.48105,10.4198,0.666656,-2.20173,3.53504,0.0472667,-0.156105,0.250639,-1.9212,-2.18799,-1.6544,0.132399,-0.870786,1.13558
0.8,100000,shared_opc_raw,common,biased (pooled),12,4,-0.601821,-1.08525,-0.118393,-0.601821,-1.08525,-0.118393,1.50605,0.510199,2.50189,2.44421,1.15716,3.73125,-0.336339,-0.733573,0.0608949,1.20387,0.842919,1.56481,3.64807,2.22259,5.07356,0.433966,0.0642814,0.80365,0.0976268,0.0390564,0.156197,-0.93816,-1.48498,-0.391342,-0.0458916,-0.265458,0.173675
0.8,100000,shared_opc_raw,common,"misspecified (group, vector, combined)",9,4,-0.501758,-1.16321,0.15969,-0.501758,-1.16321,0.15969,2.01131,0.863725,3.15889,2.75651,1.00684,4.50617,-0.243438,-0.763189,0.276313,1.00307,0.740833,1.26532,3.75958,1.78715,5.73201,0.354845,-0.137974,0.847665,0.111407,0.0395959,0.183218,-0.745196,-1.44418,-0.0462139,0.0993635,-0.100196,0.298923
0.8,100000,shared_opc_raw,common,ml (biased),4,2,-0.156831,-0.706007,0.392345,-0.156831,-0.706007,0.392345,2.16769,-1.15901,5.49438,3.13629,-0.907002,7.17958,-0.81177,-2.24458,0.621043,1.36149,0.62622,2.09676,4.49778,0.458172,8.53739,0.900477,-0.412874,2.21383,0.0887074,-0.0844753,0.26189,-0.968601,-2.51088,0.57368,0.147531,-0.575735,0.870798
0.8,100000,shared_opc_raw,common,kuairand (biased),4,1,-0.814825,-2.27285,0.643201,-0.814825,-2.27285,0.643201,1.01961,-0.413147,2.45237,1.90678,-0.502477,4.31603,-0.0723405,-0.249559,0.104878,0.91101,0.325929,1.49609,2.81779,-0.0370868,5.67266,0.142829,-0.10027,0.385928,0.0704884,-0.0431049,0.184082,-0.887165,-2.29995,0.525622,-0.161057,-0.459641,0.137526
0.8,100000,shared_opc_raw,common,anime (biased),4,1,-0.833806,-2.228,0.560387,-0.833806,-2.228,0.560387,1.33084,-1.37228,4.03397,2.28956,-1.35315,5.93226,-0.124907,-0.75358,0.503766,1.3391,0.0436858,2.63451,3.62865,-0.554228,7.81154,0.258592,-0.225445,0.742628,0.133685,-0.0361762,0.303545,-0.958713,-2.53623,0.618798,-0.124149,-0.676125,0.427828
0.8,100000,shared_opc_raw,native,no bias,3,0,-0.32263,-0.791998,0.146739,-0.32263,-0.791998,0.146739,-0.0018965,-0.00319409,-0.00059892,0.136297,0.0605892,0.212004,0.184436,-0.331109,0.699982,0.00849553,0.00111476,0.0158763,0.144792,0.0763235,0.213261,0.00214112,-0.00707137,0.0113536,0.186577,-0.321661,0.694816,-0.138193,-0.212901,-0.0634852,-0.443177,-0.520162,-0.366191
0.8,100000,shared_opc_raw,native,warp,3,0,-1.65483,-2.36745,-0.942211,-1.65483,-2.36745,-0.942211,-0.00973987,-0.0603793,0.0408996,1.50731,0.771635,2.24299,0.137778,0.0745827,0.200973,1.80624,-0.0916785,3.70416,3.31355,0.681576,5.94553,0,0,0,0.137778,0.0745827,0.200973,-1.51705,-2.28639,-0.747714,-0.481657,-0.695732,-0.267582
0.8,100000,shared_opc_raw,native,group,3,0,-0.394082,-1.07038,0.282221,-0.394082,-1.07038,0.282221,1.21452,0.241028,2.18802,1.50498,0.62653,2.38342,0.10363,-0.101228,0.308489,0.712075,0.042537,1.38161,2.21705,0.710315,3.72379,0.0403413,-0.0636821,0.144365,0.143971,-0.110769,0.398712,-0.290452,-0.872951,0.292048,-0.0268331,-0.509091,0.455425
0.8,100000,shared_opc_raw,native,vector,3,1,-0.0950938,-0.691901,0.501713,-0.0950938,-0.691901,0.501713,1.16261,-0.831104,3.15632,1.18655,-0.896848,3.26995,0.0711533,-0.0356062,0.177913,0.9247,0.38958,1.45982,2.11125,-0.497355,4.71985,0.0623179,-0.16934,0.293976,0.133471,-0.16582,0.432763,-0.0239405,-0.709333,0.661452,0.192525,-0.239811,0.624861
0.8,100000,shared_opc_raw,native,combined,3,0,-1.98617,-2.31124,-1.66111,-1.98617,-2.31124,-1.66111,3.6568,0.122906,7.19068,5.57799,2.1461,9.00989,0.0649749,-0.135433,0.265382,1.37245,1.18601,1.55889,6.95044,3.48105,10.4198,0,0,0,0.0649749,-0.135433,0.265382,-1.9212,-2.18799,-1.6544,0.132399,-0.870786,1.13558
0.8,100000,shared_opc_raw,native,biased (pooled),12,1,-1.03254,-1.58151,-0.483574,-1.03254,-1.58151,-0.483574,1.50605,0.510199,2.50189,2.44421,1.15716,3.73125,0.0943841,0.055252,0.133516,1.20387,0.842919,1.56481,3.64807,2.22259,5.07356,0.0256648,-0.00725458,0.0585841,0.120049,0.0670027,0.173095,-0.93816,-1.48498,-0.391342,-0.0458916,-0.265458,0.173675
0.8,100000,shared_opc_raw,native,"misspecified (group, vector, combined)",9,1,-0.825116,-1.51789,-0.132341,-0.825116,-1.51789,-0.132341,2.01131,0.863725,3.15889,2.75651,1.00684,4.50617,0.0799194,0.0306261,0.129213,1.00307,0.740833,1.26532,3.75958,1.78715,5.73201,0.0342197,-0.010348,0.0787874,0.114139,0.0401499,0.188128,-0.745196,-1.44418,-0.0462139,0.0993635,-0.100196,0.298923
0.8,100000,shared_opc_raw,native,ml (biased),4,0,-1.1157,-2.66854,0.437143,-1.1157,-2.66854,0.437143,2.16769,-1.15901,5.49438,3.13629,-0.907002,7.17958,0.147095,0.0858169,0.208373,1.36149,0.62622,2.09676,4.49778,0.458172,8.53739,0.0137129,-0.0146357,0.0420614,0.160808,0.0828056,0.23881,-0.968601,-2.51088,0.57368,0.147531,-0.575735,0.870798
0.8,100000,shared_opc_raw,native,kuairand (biased),4,0,-0.940814,-2.36251,0.48088,-0.940814,-2.36251,0.48088,1.01961,-0.413147,2.45237,1.90678,-0.502477,4.31603,0.0536487,-0.0632105,0.170508,0.91101,0.325929,1.49609,2.81779,-0.0370868,5.67266,0,0,0,0.0536487,-0.0632105,0.170508,-0.887165,-2.29995,0.525622,-0.161057,-0.459641,0.137526
0.8,100000,shared_opc_raw,native,anime (biased),4,1,-1.04112,-2.60515,0.52291,-1.04112,-2.60515,0.52291,1.33084,-1.37228,4.03397,2.28956,-1.35315,5.93226,0.0824084,0.0340424,0.130774,1.3391,0.0436858,2.63451,3.62865,-0.554228,7.81154,0.0632815,-0.0656966,0.19226,0.14569,-0.0035061,0.294886,-0.958713,-2.53623,0.618798,-0.124149,-0.676125,0.427828
0.9,5000,shared_opc,common,no bias,3,1,0.0843001,-0.45066,0.61926,0.0843001,-0.45066,0.61926,-0.00189695,-0.00319501,-0.000598886,0.00834576,-0.0266324,0.0433239,-0.0945428,-0.604988,0.415902,0.0172129,0.00340994,0.0310159,0.0255587,-0.00330659,0.054424,0.27089,-0.252912,0.794691,0.176347,-0.312479,0.665173,-0.0102427,-0.0444837,0.0239983,-0.128696,-0.340415,0.0830224
0.9,5000,shared_opc,common,warp,3,0,-0.88433,-1.1765,-0.592162,-0.88433,-1.1765,-0.592162,0.00734623,-0.0558764,0.0705689,0.688606,0.0159034,1.36131,0.203071,-0.559889,0.96603,3.8707,0.589651,7.15175,4.55931,1.30215,7.81647,0.0572675,-0.113706,0.228241,0.260338,-0.338299,0.858975,-0.68126,-1.29526,-0.0672568,-0.142959,-0.964332,0.678414
0.9,5000,shared_opc,common,group,3,1,-0.0431383,-1.50785,1.42157,-0.0431383,-1.50785,1.42157,1.39204,0.250758,2.53332,1.60628,-0.0266318,3.23919,-0.171101,-1.04738,0.705177,1.37307,0.126274,2.61987,2.97935,0.430942,5.52776,0.242794,-0.48543,0.971017,0.0716925,-0.0858146,0.2292,-0.21424,-0.841844,0.413365,-0.0944699,-0.329583,0.140643
0.9,5000,shared_opc,common,vector,3,2,-0.0275129,-0.867744,0.812718,-0.0275129,-0.867744,0.812718,1.22327,-0.940349,3.38688,1.21053,-0.955852,3.37692,0.0402457,-0.942857,1.02335,1.62637,0.559648,2.6931,2.83691,-0.270899,5.94471,0.16895,-0.242284,0.580184,0.209196,-0.364057,0.782449,0.0127327,-0.515554,0.54102,0.101304,-0.536058,0.738666
0.9,5000,shared_opc,common,combined,3,2,0.137924,-1.13353,1.40938,0.137924,-1.13353,1.40938,3.97233,0.0823007,7.86236,4.12235,1.25894,6.98576,-0.287945,-1.52687,0.950982,4.69232,3.00044,6.3842,8.81467,4.32388,13.3055,0.332404,-1.09781,1.76262,0.0444589,-0.146832,0.23575,-0.150021,-1.42916,1.12912,0.0346825,-0.506119,0.575484
0.9,5000,shared_opc,common,biased (pooled),12,5,-0.204264,-0.556781,0.148252,-0.204264,-0.556781,0.148252,1.64874,0.567334,2.73015,1.90694,0.92838,2.8855,-0.0539325,-0.302124,0.194259,2.89062,1.84813,3.93311,4.79756,3.02885,6.56627,0.200354,0.00676215,0.393945,0.146421,0.0345125,0.25833,-0.258197,-0.505661,-0.010733,-0.0253605,-0.170978,0.120256
0.9,5000,shared_opc,common,"misspecified (group, vector, combined)",9,5,0.0224241,-0.311357,0.356205,0.0224241,-0.311357,0.356205,2.19588,0.947903,3.44385,2.31305,1.09742,3.52868,-0.1396,-0.440464,0.161263,2.56392,1.28109,3.84676,4.87698,2.42241,7.33155,0.248049,-0.0140085,0.510107,0.108449,-0.00464978,0.221548,-0.117176,-0.364845,0.130493,0.013839,-0.135955,0.163633
0.9,5000,shared_opc,common,ml (biased),4,1,-0.35611,-1.26873,0.556515,-0.35611,-1.26873,0.556515,2.40409,-1.257,6.06518,2.5006,-0.580666,5.58186,0.259599,-0.156502,0.675699,3.15672,0.629279,5.68415,5.65731,0.934136,10.3805,0.0060015,-0.013098,0.025101,0.2656,-0.141646,0.672846,-0.0965115,-0.775494,0.582471,0.131592,-0.215636,0.478821
0.9,5000,shared_opc,common,kuairand (biased),4,2,-0.121265,-1.08449,0.841959,-0.121265,-1.08449,0.841959,1.10784,-0.487963,2.70365,1.48161,0.0130852,2.95013,-0.252501,-0.659989,0.154987,2.2553,0.170077,4.34052,3.73691,0.426202,7.04761,0.26009,-0.138637,0.658817,0.00758884,-0.0165622,0.0317399,-0.373766,-0.976963,0.229432,-0.176949,-0.421359,0.0674606
0.9,5000,shared_opc,common,anime (biased),4,2,-0.135419,-1.1254,0.854563,-0.135419,-1.1254,0.854563,1.4343,-1.37195,4.24056,1.73862,-1.17258,4.64981,-0.168895,-0.922446,0.584657,3.25984,-0.232357,6.75204,4.99846,-0.680002,10.6769,0.33497,-0.373409,1.04335,0.166075,0.080907,0.251243,-0.304314,-0.969851,0.361224,-0.0307247,-0.413482,0.352033
0.9,5000,shared_opc,native,no bias,3,0,-0.551389,-0.831089,-0.271688,-0.551389,-0.831089,-0.271688,-0.00189695,-0.00319501,-0.000598886,0.00834576,-0.0266324,0.0433239,0.541146,0.23676,0.845533,0.0172129,0.00340994,0.0310159,0.0255587,-0.00330659,0.054424,0.00592454,-0.00707904,0.0189281,0.547071,0.255401,0.83874,-0.0102427,-0.0444837,0.0239983,-0.128696,-0.340415,0.0830224
0.9,5000,shared_opc,native,warp,3,0,-0.941193,-1.12378,-0.758603,-0.941193,-1.12378,-0.758603,0.00734623,-0.0558764,0.0705689,0.688606,0.0159034,1.36131,0.259933,-0.340144,0.860011,3.8707,0.589651,7.15175,4.55931,1.30215,7.81647,0.0445409,-0.147103,0.236185,0.304474,-0.149964,0.758912,-0.68126,-1.29526,-0.0672568,-0.142959,-0.964332,0.678414
0.9,5000,shared_opc,native,group,3,0,-0.507018,-0.929824,-0.0842126,-0.507018,-0.929824,-0.0842126,1.39204,0.250758,2.53332,1.60628,-0.0266318,3.23919,0.292779,-0.202391,0.787948,1.37307,0.126274,2.61987,2.97935,0.430942,5.52776,0.00802194,-0.0263651,0.042409,0.300801,-0.161254,0.762855,-0.21424,-0.841844,0.413365,-0.0944699,-0.329583,0.140643
0.9,5000,shared_opc,native,vector,3,2,-0.101578,-1.52702,1.32386,-0.101578,-1.52702,1.32386,1.22327,-0.940349,3.38688,1.21053,-0.955852,3.37692,0.114311,-0.955936,1.18456,1.62637,0.559648,2.6931,2.83691,-0.270899,5.94471,0.160555,-0.335992,0.657101,0.274866,-0.438487,0.988218,0.0127327,-0.515554,0.54102,0.101304,-0.536058,0.738666
0.9,5000,shared_opc,native,combined,3,1,0.131643,-0.745044,1.00833,0.131643,-0.745044,1.00833,3.97233,0.0823007,7.86236,4.12235,1.25894,6.98576,-0.281664,-0.690565,0.127237,4.69232,3.00044,6.3842,8.81467,4.32388,13.3055,0.281664,-0.127237,0.690565,0,0,0,-0.150021,-1.42916,1.12912,0.0346825,-0.506119,0.575484
0.9,5000,shared_opc,native,biased (pooled),12,3,-0.354537,-0.685223,-0.0238504,-0.354537,-0.685223,-0.0238504,1.64874,0.567334,2.73015,1.90694,0.92838,2.8855,0.0963396,-0.11761,0.310289,2.89062,1.84813,3.93311,4.79756,3.02885,6.56627,0.123695,0.021557,0.225834,0.220035,0.0850794,0.354991,-0.258197,-0.505661,-0.010733,-0.0253605,-0.170978,0.120256
0.9,5000,shared_opc,native,"misspecified (group, vector, combined)",9,3,-0.158985,-0.501907,0.183938,-0.158985,-0.501907,0.183938,2.19588,0.947903,3.44385,2.31305,1.09742,3.52868,0.0418084,-0.233134,0.316751,2.56392,1.28109,3.84676,4.87698,2.42241,7.33155,0.15008,0.0149345,0.285226,0.191889,0.0198325,0.363945,-0.117176,-0.364845,0.130493,0.013839,-0.135955,0.163633
0.9,5000,shared_opc,native,ml (biased),4,2,-0.134754,-1.25419,0.984682,-0.134754,-1.25419,0.984682,2.40409,-1.257,6.06518,2.5006,-0.580666,5.58186,0.038242,-0.528924,0.605408,3.15672,0.629279,5.68415,5.65731,0.934136,10.3805,0.126725,-0.158571,0.412022,0.164967,-0.207253,0.537188,-0.0965115,-0.775494,0.582471,0.131592,-0.215636,0.478821
0.9,5000,shared_opc,native,kuairand (biased),4,0,-0.499649,-1.10932,0.110024,-0.499649,-1.10932,0.110024,1.10784,-0.487963,2.70365,1.48161,0.0130852,2.95013,0.125883,-0.521782,0.773548,2.2553,0.170077,4.34052,3.73691,0.426202,7.04761,0.15259,-0.125316,0.430496,0.278473,-0.131727,0.688673,-0.373766,-0.976963,0.229432,-0.176949,-0.421359,0.0674606
0.9,5000,shared_opc,native,anime (biased),4,1,-0.429208,-1.22735,0.368933,-0.429208,-1.22735,0.368933,1.4343,-1.37195,4.24056,1.73862,-1.17258,4.64981,0.124894,-0.417745,0.667533,3.25984,-0.232357,6.75204,4.99846,-0.680002,10.6769,0.091771,-0.182089,0.365631,0.216665,-0.0837299,0.51706,-0.304314,-0.969851,0.361224,-0.0307247,-0.413482,0.352033
0.9,5000,shared_opc_raw,common,no bias,3,2,-0.106088,-2.11945,1.90727,-0.106088,-2.11945,1.90727,-0.00189695,-0.00319501,-0.000598886,0.00550583,-0.0271296,0.0381412,0.0986853,-1.92345,2.12082,0.0172129,0.00340994,0.0310159,0.0227188,-0.00336451,0.0488021,0.27089,-0.252912,0.794691,0.369575,-1.12899,1.86814,-0.00740278,-0.0393541,0.0245486,-0.214137,-0.352744,-0.0755295
0.9,5000,shared_opc_raw,common,warp,3,0,-0.894691,-1.09775,-0.691635,-0.894691,-1.09775,-0.691635,0.00734623,-0.0558764,0.0705689,0.811234,0.341896,1.28057,0.0908034,-0.18968,0.371287,3.8707,0.589651,7.15175,4.68194,1.28083,8.08304,0.0572675,-0.113706,0.228241,0.148071,-0.16279,0.458932,-0.803888,-1.21005,-0.39773,-0.282807,-1.10587,0.540257
0.9,5000,shared_opc_raw,common,group,3,1,-0.300812,-1.54472,0.943094,-0.300812,-1.54472,0.943094,1.39204,0.250758,2.53332,1.72097,-0.329884,3.77183,-0.0281221,-0.264313,0.208068,1.37307,0.126274,2.61987,3.09405,0.150808,6.03728,0.242794,-0.48543,0.971017,0.214672,-0.291343,0.720687,-0.328934,-1.34549,0.687621,-0.195327,-0.589397,0.198743
0.9,5000,shared_opc_raw,common,vector,3,2,-0.0404558,-0.734368,0.653457,-0.0404558,-0.734368,0.653457,1.22327,-0.940349,3.38688,1.24256,-0.94853,3.43365,0.0211591,-0.829727,0.872046,1.62637,0.559648,2.6931,2.86894,-0.281245,6.01912,0.16895,-0.242284,0.580184,0.190109,-0.250361,0.63058,-0.0192967,-0.6482,0.609607,0.0271403,-0.846161,0.900442
0.9,5000,shared_opc_raw,common,combined,3,2,-0.396757,-2.83257,2.03906,-0.396757,-2.83257,2.03906,3.97233,0.0823007,7.86236,4.65463,2.72068,6.58858,-0.285544,-1.51414,0.943053,4.69232,3.00044,6.3842,9.34695,5.92144,12.7725,0.332404,-1.09781,1.76262,0.0468598,-0.154762,0.248481,-0.682301,-2.65442,1.28982,-0.267456,-1.39074,0.855832
0.9,5000,shared_opc_raw,common,biased (pooled),12,5,-0.408179,-0.778886,-0.0374719,-0.408179,-0.778886,-0.0374719,1.64874,0.567334,2.73015,2.10735,1.03387,3.18083,-0.0504259,-0.242951,0.142099,2.89062,1.84813,3.93311,4.99797,3.12988,6.86605,0.200354,0.00676215,0.393945,0.149928,0.0561444,0.243711,-0.458605,-0.785641,-0.131569,-0.179612,-0.381453,0.0222279
0.9,5000,shared_opc_raw,common,"misspecified (group, vector, combined)",9,5,-0.246008,-0.699492,0.207475,-0.246008,-0.699492,0.207475,2.19588,0.947903,3.44385,2.53939,1.19124,3.88754,-0.0975023,-0.355994,0.16099,2.56392,1.28109,3.84676,5.10331,2.51168,7.69495,0.248049,-0.0140085,0.510107,0.150547,0.0265059,0.274588,-0.34351,-0.763115,0.0760943,-0.145214,-0.395464,0.105036
0.9,5000,shared_opc_raw,common,ml (biased),4,1,-0.487944,-1.16813,0.192247,-0.487944,-1.16813,0.192247,2.40409,-1.257,6.06518,2.73774,-0.481657,5.95713,0.154294,-0.0999098,0.408498,3.15672,0.629279,5.68415,5.89445,1.00765,10.7813,0.0060015,-0.013098,0.025101,0.160296,-0.0873098,0.407901,-0.33365,-1.01811,0.350806,-0.0274945,-0.406507,0.351518
0.9,5000,shared_opc_raw,common,kuairand (biased),4,2,-0.580702,-1.85908,0.697676,-0.580702,-1.85908,0.697676,1.10784,-0.487963,2.70365,1.77287,-0.510745,4.05649,-0.0843256,-0.381164,0.212512,2.2553,0.170077,4.34052,4.02817,-0.0822265,8.13856,0.26009,-0.138637,0.658817,0.175765,-0.16672,0.518249,-0.665027,-1.74138,0.411323,-0.440235,-0.909162,0.0286919
0.9,5000,shared_opc_raw,common,anime (biased),4,2,-0.155891,-1.00833,0.696546,-0.155891,-1.00833,0.696546,1.4343,-1.37195,4.24056,1.81144,-1.17303,4.79591,-0.221246,-0.896386,0.453893,3.25984,-0.232357,6.75204,5.07128,-0.722906,10.8655,0.33497,-0.373409,1.04335,0.113724,-0.0152162,0.242663,-0.377137,-1.1605,0.406227,-0.0711074,-0.546696,0.404482
0.9,5000,shared_opc_raw,native,no bias,3,0,-0.805497,-1.43183,-0.179158,-0.805497,-1.43183,-0.179158,-0.00189695,-0.00319501,-0.000598886,0.00550583,-0.0271296,0.0381412,0.798094,0.178962,1.41723,0.0172129,0.00340994,0.0310159,0.0227188,-0.00336451,0.0488021,0.00592454,-0.00707904,0.0189281,0.804018,0.172822,1.43521,-0.00740278,-0.0393541,0.0245486,-0.214137,-0.352744,-0.0755295
0.9,5000,shared_opc_raw,native,warp,3,0,-1.0754,-1.93412,-0.21667,-1.0754,-1.93412,-0.21667,0.00734623,-0.0558764,0.0705689,0.811234,0.341896,1.28057,0.271509,-0.312782,0.8558,3.8707,0.589651,7.15175,4.68194,1.28083,8.08304,0.0445409,-0.147103,0.236185,0.31605,-0.159026,0.791126,-0.803888,-1.21005,-0.39773,-0.282807,-1.10587,0.540257
0.9,5000,shared_opc_raw,native,group,3,0,-0.86092,-1.49473,-0.227106,-0.86092,-1.49473,-0.227106,1.39204,0.250758,2.53332,1.72097,-0.329884,3.77183,0.531986,-0.287857,1.35183,1.37307,0.126274,2.61987,3.09405,0.150808,6.03728,0.00802194,-0.0263651,0.042409,0.540008,-0.248174,1.32819,-0.328934,-1.34549,0.687621,-0.195327,-0.589397,0.198743
0.9,5000,shared_opc_raw,native,vector,3,2,-0.0921243,-1.35838,1.17413,-0.0921243,-1.35838,1.17413,1.22327,-0.940349,3.38688,1.24256,-0.94853,3.43365,0.0728276,-0.825398,0.971054,1.62637,0.559648,2.6931,2.86894,-0.281245,6.01912,0.160555,-0.335992,0.657101,0.233382,-0.24859,0.715355,-0.0192967,-0.6482,0.609607,0.0271403,-0.846161,0.900442
0.9,5000,shared_opc_raw,native,combined,3,1,-0.447497,-2.03403,1.13903,-0.447497,-2.03403,1.13903,3.97233,0.0823007,7.86236,4.65463,2.72068,6.58858,-0.234804,-0.620661,0.151053,4.69232,3.00044,6.3842,9.34695,5.92144,12.7725,0.281664,-0.127237,0.690565,0.0468598,-0.154762,0.248481,-0.682301,-2.65442,1.28982,-0.267456,-1.39074,0.855832
0.9,5000,shared_opc_raw,native,biased (pooled),12,3,-0.618985,-0.97358,-0.264389,-0.618985,-0.97358,-0.264389,1.64874,0.567334,2.73015,2.10735,1.03387,3.18083,0.16038,-0.0805022,0.401262,2.89062,1.84813,3.93311,4.99797,3.12988,6.86605,0.123695,0.021557,0.225834,0.284075,0.119386,0.448765,-0.458605,-0.785641,-0.131569,-0.179612,-0.381453,0.0222279
0.9,5000,shared_opc_raw,native,"misspecified (group, vector, combined)",9,3,-0.466847,-0.8838,-0.0498937,-0.466847,-0.8838,-0.0498937,2.19588,0.947903,3.44385,2.53939,1.19124,3.88754,0.123337,-0.200625,0.447298,2.56392,1.28109,3.84676,5.10331,2.51168,7.69495,0.15008,0.0149345,0.285226,0.273417,0.0523314,0.494502,-0.34351,-0.763115,0.0760943,-0.145214,-0.395464,0.105036
0.9,5000,shared_opc_raw,native,ml (biased),4,2,-0.320353,-1.37403,0.733329,-0.320353,-1.37403,0.733329,2.40409,-1.257,6.06518,2.73774,-0.481657,5.95713,-0.0132971,-0.41047,0.383876,3.15672,0.629279,5.68415,5.89445,1.00765,10.7813,0.126725,-0.158571,0.412022,0.113428,-0.0465015,0.273358,-0.33365,-1.01811,0.350806,-0.0274945,-0.406507,0.351518
0.9,5000,shared_opc_raw,native,kuairand (biased),4,0,-0.823195,-1.23096,-0.415425,-0.823195,-1.23096,-0.415425,1.10784,-0.487963,2.70365,1.77287,-0.510745,4.05649,0.158167,-0.517158,0.833492,2.2553,0.170077,4.34052,4.02817,-0.0822265,8.13856,0.15259,-0.125316,0.430496,0.310757,-0.0948768,0.716391,-0.665027,-1.74138,0.411323,-0.440235,-0.909162,0.0286919
0.9,5000,shared_opc_raw,native,anime (biased),4,1,-0.713407,-1.7826,0.355786,-0.713407,-1.7826,0.355786,1.4343,-1.37195,4.24056,1.81144,-1.17303,4.79591,0.336269,-0.380883,1.05342,3.25984,-0.232357,6.75204,5.07128,-0.722906,10.8655,0.091771,-0.182089,0.365631,0.42804,-0.0847495,0.94083,-0.377137,-1.1605,0.406227,-0.0711074,-0.546696,0.404482
0.9,25000,shared_opc,common,no bias,3,0,-0.711443,-1.59779,0.1749,-0.711443,-1.59779,0.1749,-0.00189695,-0.00319501,-0.000598886,0.0626319,0.0145682,0.110696,0.646914,-0.193359,1.48719,0.0118447,0.00756653,0.0161229,0.0744766,0.0238712,0.125082,0.033671,-0.00148795,0.06883,0.680585,-0.176481,1.53765,-0.0645289,-0.112938,-0.01612,-0.242289,-0.431008,-0.0535695
0.9,25000,shared_opc,common,warp,3,0,-0.715904,-1.32711,-0.104703,-0.715904,-1.32711,-0.104703,0.00734623,-0.0558764,0.0705689,0.927026,0.688095,1.16596,-0.203776,-0.620987,0.213436,2.69571,-0.357642,5.74906,3.62274,0.438839,6.80664,0.290256,-0.0340189,0.614531,0.0864803,-0.069761,0.242722,-0.91968,-1.20913,-0.630227,-0.109451,-0.483928,0.265027
0.9,25000,shared_opc,common,group,3,0,-0.29619,-0.701849,0.109469,-0.29619,-0.701849,0.109469,1.39204,0.250758,2.53332,1.54057,-0.0217377,3.10288,0.147656,-0.0581896,0.353501,1.01837,0.0967978,1.93995,2.55894,0.291881,4.82601,0.211814,-0.357005,0.780632,0.359469,-0.303423,1.02236,-0.148534,-0.70201,0.404942,-0.0504757,-0.1615,0.060549
0.9,25000,shared_opc,common,vector,3,3,0.401428,-0.723591,1.52645,0.401428,-0.723591,1.52645,1.22327,-0.940349,3.38688,1.1763,-0.610884,2.96348,-0.354461,-1.23871,0.52979,1.25094,0.488942,2.01295,2.42724,-0.0755452,4.93003,0.45683,-0.426612,1.34027,0.102369,0.0888184,0.115919,0.0469671,-0.451665,0.5456,0.133945,-0.21701,0.484899
0.9,25000,shared_opc,common,combined,3,0,-0.768578,-2.74324,1.20609,-0.768578,-2.74324,1.20609,3.97233,0.0823007,7.86236,4.74644,0.746925,8.74596,-0.00553501,-1.27313,1.26206,2.62559,1.59232,3.65886,7.37204,2.61406,12.13,0.259914,-0.858406,1.37823,0.254379,-0.36925,0.878008,-0.774113,-2.19645,0.64822,0.206561,-0.368799,0.781921
0.9,25000,shared_opc,common,biased (pooled),12,3,-0.344811,-0.750198,0.0605756,-0.344811,-0.750198,0.0605756,1.64874,0.567334,2.73015,2.09758,0.9535,3.24167,-0.104029,-0.32089,0.112833,1.89766,1.26502,2.53029,3.99524,2.48064,5.50984,0.304703,0.123045,0.486361,0.200674,0.0752211,0.326128,-0.44884,-0.77243,-0.12525,0.0451447,-0.0756522,0.165942
0.9,25000,shared_opc,common,"misspecified (group, vector, combined)",9,3,-0.221113,-0.751301,0.309075,-0.221113,-0.751301,0.309075,2.19588,0.947903,3.44385,2.48777,0.995119,3.98042,-0.07078,-0.366648,0.225088,1.63164,1.00384,2.25943,4.11941,2.03784,6.20098,0.309519,0.0568698,0.562168,0.238739,0.0737045,0.403774,-0.291893,-0.670347,0.0865607,0.0966765,-0.0409761,0.234329
0.9,25000,shared_opc,common,ml (biased),4,1,-0.232583,-1.48306,1.0179,-0.232583,-1.48306,1.0179,2.40409,-1.257,6.06518,2.96487,-0.956672,6.88641,-0.328199,-0.854136,0.197737,2.13666,0.834553,3.43876,5.10153,0.4798,9.72325,0.483347,-0.0578017,1.0245,0.155148,-0.00451209,0.314807,-0.560782,-1.54494,0.423373,0.0924643,-0.190839,0.375768
0.9,25000,shared_opc,common,kuairand (biased),4,1,-0.487574,-1.80158,0.826431,-0.487574,-1.80158,0.826431,1.10784,-0.487963,2.70365,1.62399,-0.427411,3.67539,-0.0285723,-0.74208,0.684935,1.36037,0.35451,2.36623,2.98436,0.105269,5.86345,0.243769,-0.197131,0.68467,0.215197,-0.102574,0.532968,-0.516146,-1.41768,0.385384,-0.074529,-0.296955,0.147897
0.9,25000,shared_opc,common,anime (biased),4,1,-0.314277,-0.926308,0.297755,-0.314277,-0.926308,0.297755,1.4343,-1.37195,4.24056,1.7039,-0.883684,4.29147,0.0446845,-0.135064,0.224434,2.19594,-0.0466559,4.43853,3.89983,-0.0364611,7.83613,0.186994,-0.136461,0.510449,0.231679,-0.24216,0.705517,-0.269592,-0.948339,0.409154,0.117499,-0.246176,0.481174
0.9,25000,shared_opc,native,no bias,3,0,-0.728663,-1.61775,0.160427,-0.728663,-1.61775,0.160427,-0.00189695,-0.00319501,-0.000598886,0.0626319,0.0145682,0.110696,0.664134,-0.179588,1.50786,0.0118447,0.00756653,0.0161229,0.0744766,0.0238712,0.125082,0.0164505,-0.0543303,0.0872313,0.680585,-0.176481,1.53765,-0.0645289,-0.112938,-0.01612,-0.242289,-0.431008,-0.0535695
0.9,25000,shared_opc,native,warp,3,1,-0.601764,-2.16009,0.956563,-0.601764,-2.16009,0.956563,0.00734623,-0.0558764,0.0705689,0.927026,0.688095,1.16596,-0.317917,-1.86252,1.22669,2.69571,-0.357642,5.74906,3.62274,0.438839,6.80664,0.46813,-1.05469,1.99095,0.150213,-0.0999029,0.40033,-0.91968,-1.20913,-0.630227,-0.109451,-0.483928,0.265027
0.9,25000,shared_opc,native,group,3,0,-0.458448,-1.35623,0.439337,-0.458448,-1.35623,0.439337,1.39204,0.250758,2.53332,1.54057,-0.0217377,3.10288,0.309913,-0.384373,1.0042,1.01837,0.0967978,1.93995,2.55894,0.291881,4.82601,0.0495558,0.0171671,0.0819445,0.359469,-0.303423,1.02236,-0.148534,-0.70201,0.404942,-0.0504757,-0.1615,0.060549
0.9,25000,shared_opc,native,vector,3,1,0.0728106,-0.637958,0.783579,0.0728106,-0.637958,0.783579,1.22327,-0.940349,3.38688,1.1763,-0.610884,2.96348,-0.0258435,-0.390971,0.339284,1.25094,0.488942,2.01295,2.42724,-0.0755452,4.93003,0.167747,-0.0511487,0.386642,0.141903,-0.024568,0.308375,0.0469671,-0.451665,0.5456,0.133945,-0.21701,0.484899
0.9,25000,shared_opc,native,combined,3,0,-0.980826,-2.96575,1.00409,-0.980826,-2.96575,1.00409,3.97233,0.0823007,7.86236,4.74644,0.746925,8.74596,0.206713,-0.514695,0.92812,2.62559,1.59232,3.65886,7.37204,2.61406,12.13,0.0599277,-0.19792,0.317776,0.26664,-0.402608,0.935888,-0.774113,-2.19645,0.64822,0.206561,-0.368799,0.781921
0.9,25000,shared_opc,native,biased (pooled),12,2,-0.492057,-0.884769,-0.0993437,-0.492057,-0.884769,-0.0993437,1.64874,0.567334,2.73015,2.09758,0.9535,3.24167,0.0432165,-0.216677,0.30311,1.89766,1.26502,2.53029,3.99524,2.48064,5.50984,0.18634,-0.0175117,0.390192,0.229557,0.106364,0.352749,-0.44884,-0.77243,-0.12525,0.0451447,-0.0756522,0.165942
0.9,25000,shared_opc,native,"misspecified (group, vector, combined)",9,1,-0.455488,-0.954171,0.0431959,-0.455488,-0.954171,0.0431959,2.19588,0.947903,3.44385,2.48777,0.995119,3.98042,0.163594,-0.0371393,0.364328,1.63164,1.00384,2.25943,4.11941,2.03784,6.20098,0.0924101,0.0241332,0.160687,0.256004,0.091127,0.420882,-0.291893,-0.670347,0.0865607,0.0966765,-0.0409761,0.234329
0.9,25000,shared_opc,native,ml (biased),4,1,-0.550454,-1.63394,0.533028,-0.550454,-1.63394,0.533028,2.40409,-1.257,6.06518,2.96487,-0.956672,6.88641,-0.0103278,-0.261227,0.240571,2.13666,0.834553,3.43876,5.10153,0.4798,9.72325,0.165475,0.0271277,0.303823,0.155148,-0.00451209,0.314807,-0.560782,-1.54494,0.423373,0.0924643,-0.190839,0.375768
0.9,25000,shared_opc,native,kuairand (biased),4,0,-0.72007,-1.953,0.512862,-0.72007,-1.953,0.512862,1.10784,-0.487963,2.70365,1.62399,-0.427411,3.67539,0.203924,-0.181402,0.58925,1.36037,0.35451,2.36623,2.98436,0.105269,5.86345,0.0682685,-0.0273327,0.16387,0.272193,-0.0246827,0.569068,-0.516146,-1.41768,0.385384,-0.074529,-0.296955,0.147897
0.9,25000,shared_opc,native,anime (biased),4,1,-0.205645,-0.829125,0.417834,-0.205645,-0.829125,0.417834,1.4343,-1.37195,4.24056,1.7039,-0.883684,4.29147,-0.063947,-1.16226,1.03437,2.19594,-0.0466559,4.43853,3.89983,-0.0364611,7.83613,0.325276,-0.576773,1.22733,0.261329,-0.193813,0.716471,-0.269592,-0.948339,0.409154,0.117499,-0.246176,0.481174
0.9,25000,shared_opc_raw,common,no bias,3,0,-0.437187,-1.54977,0.6754,-0.437187,-1.54977,0.6754,-0.00189695,-0.00319501,-0.000598886,0.0744476,0.0152228,0.133672,0.360843,-0.752199,1.47388,0.0118447,0.00756653,0.0161229,0.0862923,0.0265497,0.146035,0.033671,-0.00148795,0.06883,0.394514,-0.751843,1.54087,-0.0763445,-0.136481,-0.0162076,-0.356097,-0.698034,-0.0141606
0.9,25000,shared_opc_raw,common,warp,3,0,-1.19965,-1.82572,-0.57357,-1.19965,-1.82572,-0.57357,0.00734623,-0.0558764,0.0705689,1.34175,0.980906,1.7026,-0.13476,-0.379576,0.110055,2.69571,-0.357642,5.74906,4.03746,0.916978,7.15795,0.290256,-0.0340189,0.614531,0.155496,0.0360042,0.274987,-1.33441,-1.75599,-0.91282,-0.483588,-0.721839,-0.245337
0.9,25000,shared_opc_raw,common,group,3,0,-0.121593,-0.426549,0.183362,-0.121593,-0.426549,0.183362,1.39204,0.250758,2.53332,1.61452,0.242625,2.98641,-0.100887,-0.427561,0.225788,1.01837,0.0967978,1.93995,2.63289,0.521956,4.74382,0.211814,-0.357005,0.780632,0.110927,-0.143048,0.364901,-0.22248,-0.686267,0.241306,-0.147024,-0.269873,-0.0241747
0.9,25000,shared_opc_raw,common,vector,3,3,0.319887,-0.83957,1.47934,0.319887,-0.83957,1.47934,1.22327,-0.940349,3.38688,1.23877,-0.58382,3.06136,-0.335393,-1.24059,0.569803,1.25094,0.488942,2.01295,2.48971,-0.0615994,5.04103,0.45683,-0.426612,1.34027,0.121437,0.00962667,0.233247,-0.0155056,-0.58749,0.556479,0.0112892,-0.506582,0.529161
0.9,25000,shared_opc_raw,common,combined,3,0,-1.33634,-1.95563,-0.717054,-1.33634,-1.95563,-0.717054,3.97233,0.0823007,7.86236,5.56858,1.30105,9.83612,-0.259914,-1.37823,0.858406,2.62559,1.59232,3.65886,8.19418,3.02643,13.3619,0.259914,-0.858406,1.37823,0,0,0,-1.59626,-2.15355,-1.03896,-0.368002,-1.16094,0.424938
0.9,25000,shared_opc_raw,common,biased (pooled),12,3,-0.584424,-1.07825,-0.0906014,-0.584424,-1.07825,-0.0906014,1.64874,0.567334,2.73015,2.44091,1.12774,3.75407,-0.207739,-0.382498,-0.0329792,1.89766,1.26502,2.53029,4.33856,2.6335,6.04362,0.304703,0.123045,0.486361,0.0969648,0.0461171,0.147813,-0.792162,-1.25902,-0.325302,-0.246831,-0.413395,-0.080268
0.9,25000,shared_opc_raw,common,"misspecified (group, vector, combined)",9,3,-0.37935,-0.987263,0.228564,-0.37935,-0.987263,0.228564,2.19588,0.947903,3.44385,2.80729,1.0437,4.57088,-0.232065,-0.473838,0.0097085,1.63164,1.00384,2.25943,4.43893,2.07444,6.80342,0.309519,0.0568698,0.562168,0.0774545,0.0154115,0.139498,-0.611414,-1.20092,-0.0219106,-0.167912,-0.362627,0.0268026
0.9,25000,shared_opc_raw,common,ml (biased),4,1,-0.486508,-2.12343,1.15042,-0.486508,-2.12343,1.15042,2.40409,-1.257,6.06518,3.29591,-1.04459,7.63641,-0.40531,-1.01561,0.204993,2.13666,0.834553,3.43876,5.43256,0.304352,10.5608,0.483347,-0.0578017,1.0245,0.0780364,-0.0305504,0.186623,-0.891819,-2.40395,0.620308,-0.21267,-0.673078,0.247737
0.9,25000,shared_opc_raw,common,kuairand (biased),4,1,-0.625515,-1.86495,0.61392,-0.625515,-1.86495,0.61392,1.10784,-0.487963,2.70365,1.87457,-0.32217,4.07131,-0.14121,-0.437438,0.155017,1.36037,0.35451,2.36623,3.23494,0.176908,6.29297,0.243769,-0.197131,0.68467,0.102559,-0.0513633,0.256482,-0.766726,-1.9442,0.41075,-0.400016,-0.850305,0.0502727
0.9,25000,shared_opc_raw,common,anime (biased),4,1,-0.641247,-1.80034,0.517844,-0.641247,-1.80034,0.517844,1.4343,-1.37195,4.24056,2.15225,-1.33476,5.63925,-0.076695,-0.270204,0.116814,2.19594,-0.0466559,4.43853,4.34818,-0.453494,9.14986,0.186994,-0.136461,0.510449,0.110299,-0.0382311,0.258829,-0.717942,-1.85161,0.415728,-0.127808,-0.431628,0.176013
0.9,25000,shared_opc_raw,native,no bias,3,0,-0.659627,-1.8519,0.532647,-0.659627,-1.8519,0.532647,-0.00189695,-0.00319501,-0.000598886,0.0744476,0.0152228,0.133672,0.583282,-0.590231,1.7568,0.0118447,0.00756653,0.0161229,0.0862923,0.0265497,0.146035,0.0164505,-0.0543303,0.0872313,0.599733,-0.641903,1.84137,-0.0763445,-0.136481,-0.0162076,-0.356097,-0.698034,-0.0141606
0.9,25000,shared_opc_raw,native,warp,3,0,-1.00283,-2.80374,0.798076,-1.00283,-2.80374,0.798076,0.00734623,-0.0558764,0.0705689,1.34175,0.980906,1.7026,-0.331576,-1.93989,1.27674,2.69571,-0.357642,5.74906,4.03746,0.916978,7.15795,0.46813,-1.05469,1.99095,0.136553,-0.00514942,0.278256,-1.33441,-1.75599,-0.91282,-0.483588,-0.721839,-0.245337
0.9,25000,shared_opc_raw,native,group,3,0,-0.404655,-0.982193,0.172883,-0.404655,-0.982193,0.172883,1.39204,0.250758,2.53332,1.61452,0.242625,2.98641,0.182175,-0.248572,0.612921,1.01837,0.0967978,1.93995,2.63289,0.521956,4.74382,0.0495558,0.0171671,0.0819445,0.23173,-0.177153,0.640613,-0.22248,-0.686267,0.241306,-0.147024,-0.269873,-0.0241747
0.9,25000,shared_opc_raw,native,vector,3,2,0.109726,-0.731216,0.950668,0.109726,-0.731216,0.950668,1.22327,-0.940349,3.38688,1.23877,-0.58382,3.06136,-0.125231,-0.421818,0.171355,1.25094,0.488942,2.01295,2.48971,-0.0615994,5.04103,0.167747,-0.0511487,0.386642,0.0425153,-0.125715,0.210746,-0.0155056,-0.58749,0.556479,0.0112892,-0.506582,0.529161
0.9,25000,shared_opc_raw,native,combined,3,0,-1.53633,-1.86117,-1.21149,-1.53633,-1.86117,-1.21149,3.97233,0.0823007,7.86236,5.56858,1.30105,9.83612,-0.0599277,-0.317776,0.19792,2.62559,1.59232,3.65886,8.19418,3.02643,13.3619,0.0599277,-0.19792,0.317776,0,0,0,-1.59626,-2.15355,-1.03896,-0.368002,-1.16094,0.424938
0.9,25000,shared_opc_raw,native,biased (pooled),12,2,-0.708522,-1.17871,-0.238337,-0.708522,-1.17871,-0.238337,1.64874,0.567334,2.73015,2.44091,1.12774,3.75407,-0.0836402,-0.306374,0.139094,1.89766,1.26502,2.53029,4.33856,2.6335,6.04362,0.18634,-0.0175117,0.390192,0.1027,0.0247046,0.180695,-0.792162,-1.25902,-0.325302,-0.246831,-0.413395,-0.080268
0.9,25000,shared_opc_raw,native,"misspecified (group, vector, combined)",9,2,-0.610419,-1.19495,-0.0258859,-0.610419,-1.19495,-0.0258859,2.19588,0.947903,3.44385,2.80729,1.0437,4.57088,-0.000994864,-0.141571,0.139581,1.63164,1.00384,2.25943,4.43893,2.07444,6.80342,0.0924101,0.0241332,0.160687,0.0914152,-0.0154635,0.198294,-0.611414,-1.20092,-0.0219106,-0.167912,-0.362627,0.0268026
0.9,25000,shared_opc_raw,native,ml (biased),4,1,-0.769904,-2.32576,0.785954,-0.769904,-2.32576,0.785954,2.40409,-1.257,6.06518,3.29591,-1.04459,7.63641,-0.121915,-0.312454,0.0686245,2.13666,0.834553,3.43876,5.43256,0.304352,10.5608,0.165475,0.0271277,0.303823,0.0435603,-0.0348482,0.121969,-0.891819,-2.40395,0.620308,-0.21267,-0.673078,0.247737
0.9,25000,shared_opc_raw,native,kuairand (biased),4,0,-0.839149,-1.98475,0.306453,-0.839149,-1.98475,0.306453,1.10784,-0.487963,2.70365,1.87457,-0.32217,4.07131,0.0724232,-0.087676,0.232522,1.36037,0.35451,2.36623,3.23494,0.176908,6.29297,0.0682685,-0.0273327,0.16387,0.140692,-0.0282517,0.309635,-0.766726,-1.9442,0.41075,-0.400016,-0.850305,0.0502727
0.9,25000,shared_opc_raw,native,anime (biased),4,1,-0.516513,-1.5918,0.558778,-0.516513,-1.5918,0.558778,1.4343,-1.37195,4.24056,2.15225,-1.33476,5.63925,-0.201429,-1.17352,0.770666,2.19594,-0.0466559,4.43853,4.34818,-0.453494,9.14986,0.325276,-0.576773,1.22733,0.123847,-0.171143,0.418838,-0.717942,-1.85161,0.415728,-0.127808,-0.431628,0.176013
0.9,100000,shared_opc,common,no bias,3,0,-0.133456,-0.277979,0.011068,-0.133456,-0.277979,0.011068,-0.00189695,-0.00319501,-0.000598886,0.0494811,0.0216226,0.0773395,0.0820775,-0.0841147,0.24827,0.00791688,0.00102411,0.0148097,0.057398,0.0239712,0.0908247,0.116368,-0.156053,0.388789,0.198446,0.0648748,0.332016,-0.051378,-0.0787537,-0.0240023,-0.18984,-0.211996,-0.167684
0.9,100000,shared_opc,common,warp,3,0,-0.991686,-3.24049,1.25712,-0.991686,-3.24049,1.25712,0.00734623,-0.0558764,0.0705689,1.11352,0.428032,1.79901,-0.114491,-1.81256,1.58357,1.8742,-0.147977,3.89638,2.98773,0.280055,5.6954,0.524608,-0.259036,1.30825,0.410117,-0.504935,1.32517,-1.10618,-1.79491,-0.417442,-0.240541,-0.429078,-0.0520036
0.9,100000,shared_opc,common,group,3,1,-0.0691602,-0.254791,0.116471,-0.0691602,-0.254791,0.116471,1.39204,0.250758,2.53332,1.52182,0.374136,2.66951,-0.0606265,-0.280651,0.159398,0.54698,0.00663239,1.08733,2.06881,0.677568,3.46004,0.164277,-0.285648,0.614201,0.10365,-0.128222,0.335522,-0.129787,-0.205983,-0.0535907,0.104058,-0.26412,0.472235
0.9,100000,shared_opc,common,vector,3,1,0.00900178,-1.1289,1.1469,0.00900178,-1.1289,1.1469,1.22327,-0.940349,3.38688,1.20366,-0.459234,2.86656,0.0106003,-1.16478,1.18598,0.77425,0.284236,1.26426,1.97791,-0.124244,4.08007,0.210315,-0.619851,1.04048,0.220916,-0.421432,0.863263,0.0196021,-0.694451,0.733655,0.223803,-0.36572,0.813326
0.9,100000,shared_opc,common,combined,3,0,-0.56201,-1.36608,0.242063,-0.56201,-1.36608,0.242063,3.97233,0.0823007,7.86236,4.86616,0.994902,8.73743,-0.331826,-0.80569,0.142037,1.23908,0.94641,1.53175,6.10524,2.18442,10.0261,0.376979,-0.0904059,0.844364,0.0451524,-0.149123,0.239428,-0.893836,-2.03454,0.246873,0.572746,-0.228619,1.37411
0.9,100000,shared_opc,common,biased (pooled),12,2,-0.403463,-0.797861,-0.00906604,-0.403463,-0.797861,-0.00906604,1.64874,0.567334,2.73015,2.17629,1.03407,3.31852,-0.124086,-0.371426,0.123255,1.10863,0.69701,1.52025,3.28492,2.02714,4.5427,0.319045,0.147381,0.490708,0.194959,0.0383855,0.351532,-0.527549,-0.887086,-0.168013,0.165016,-0.0608344,0.390867
0.9,100000,shared_opc,common,"misspecified (group, vector, combined)",9,2,-0.207389,-0.507,0.0922215,-0.207389,-0.507,0.0922215,2.19588,0.947903,3.44385,2.53055,1.02036,4.04074,-0.127284,-0.359813,0.105245,0.853437,0.588981,1.11789,3.38399,1.6571,5.11088,0.250524,0.0713012,0.429746,0.123239,-0.00172842,0.248207,-0.334674,-0.721814,0.0524667,0.300202,0.0695266,0.530878
0.9,100000,shared_opc,common,ml (biased),4,1,-0.444195,-1.10964,0.221253,-0.444195,-1.10964,0.221253,2.40409,-1.257,6.06518,2.94617,-0.986508,6.87885,-0.0978895,-0.733421,0.537642,1.23718,0.243907,2.23044,4.18335,0.29114,8.07556,0.373208,-0.0478727,0.794289,0.275319,0.0120847,0.538553,-0.542085,-1.70062,0.61645,0.334062,-0.294833,0.962958
0.9,100000,shared_opc,common,kuairand (biased),4,0,-0.324873,-0.723174,0.0734291,-0.324873,-0.723174,0.0734291,1.10784,-0.487963,2.70365,1.7067,-0.34932,3.76273,-0.273987,-0.806499,0.258525,0.807219,0.231946,1.38249,2.51392,0.150756,4.87709,0.320942,-0.274128,0.916012,0.0469552,-0.0621307,0.156041,-0.59886,-1.40798,0.21026,0.00131257,-0.271225,0.27385
0.9,100000,shared_opc,common,anime (biased),4,1,-0.441322,-2.15727,1.27463,-0.441322,-2.15727,1.27463,1.4343,-1.37195,4.24056,1.87601,-0.818662,4.57067,-0.000381137,-0.768245,0.767483,1.28149,-0.173006,2.73599,3.1575,-0.138247,6.45324,0.262984,-0.0916346,0.617602,0.262603,-0.346821,0.872026,-0.441703,-1.40771,0.524301,0.159675,-0.558824,0.878174
0.9,100000,shared_opc,native,no bias,3,0,-0.245087,-0.389315,-0.100858,-0.245087,-0.389315,-0.100858,-0.00189695,-0.00319501,-0.000598886,0.0494811,0.0216226,0.0773395,0.193709,0.0753521,0.312065,0.00791688,0.00102411,0.0148097,0.057398,0.0239712,0.0908247,0.00155549,-0.00513725,0.00824823,0.195264,0.0720762,0.318452,-0.051378,-0.0787537,-0.0240023,-0.18984,-0.211996,-0.167684
0.9,100000,shared_opc,native,warp,3,0,-1.24582,-1.96911,-0.522532,-1.24582,-1.96911,-0.522532,0.00734623,-0.0558764,0.0705689,1.11352,0.428032,1.79901,0.139646,-0.117981,0.397273,1.8742,-0.147977,3.89638,2.98773,0.280055,5.6954,0,0,0,0.139646,-0.117981,0.397273,-1.10618,-1.79491,-0.417442,-0.240541,-0.429078,-0.0520036
0.9,100000,shared_opc,native,group,3,0,-0.136537,-0.497093,0.224019,-0.136537,-0.497093,0.224019,1.39204,0.250758,2.53332,1.52182,0.374136,2.66951,0.0067507,-0.343559,0.35706,0.54698,0.00663239,1.08733,2.06881,0.677568,3.46004,0.062069,-0.0777083,0.201846,0.0688197,-0.218761,0.3564,-0.129787,-0.205983,-0.0535907,0.104058,-0.26412,0.472235
0.9,100000,shared_opc,native,vector,3,1,-0.278259,-1.40889,0.852377,-0.278259,-1.40889,0.852377,1.22327,-0.940349,3.38688,1.20366,-0.459234,2.86656,0.297861,-0.482573,1.0783,0.77425,0.284236,1.26426,1.97791,-0.124244,4.08007,0.0758966,-0.178557,0.33035,0.373758,-0.157571,0.905086,0.0196021,-0.694451,0.733655,0.223803,-0.36572,0.813326
0.9,100000,shared_opc,native,combined,3,0,-0.988687,-2.34296,0.365588,-0.988687,-2.34296,0.365588,3.97233,0.0823007,7.86236,4.86616,0.994902,8.73743,0.0948507,-0.122851,0.312552,1.23908,0.94641,1.53175,6.10524,2.18442,10.0261,0,0,0,0.0948507,-0.122851,0.312552,-0.893836,-2.03454,0.246873,0.572746,-0.228619,1.37411
0.9,100000,shared_opc,native,biased (pooled),12,1,-0.662326,-1.0374,-0.287256,-0.662326,-1.0374,-0.287256,1.64874,0.567334,2.73015,2.17629,1.03407,3.31852,0.134777,0.0124322,0.257122,1.10863,0.69701,1.52025,3.28492,2.02714,4.5427,0.0344914,-0.00471251,0.0736953,0.169268,0.0591967,0.27934,-0.527549,-0.887086,-0.168013,0.165016,-0.0608344,0.390867
0.9,100000,shared_opc,native,"misspecified (group, vector, combined)",9,1,-0.467828,-0.880142,-0.0555131,-0.467828,-0.880142,-0.0555131,2.19588,0.947903,3.44385,2.53055,1.02036,4.04074,0.133154,-0.0357463,0.302055,0.853437,0.588981,1.11789,3.38399,1.6571,5.11088,0.0459885,-0.00637166,0.0983487,0.179143,0.0290273,0.329258,-0.334674,-0.721814,0.0524667,0.300202,0.0695266,0.530878
0.9,100000,shared_opc,native,ml (biased),4,0,-0.791542,-1.80468,0.2216,-0.791542,-1.80468,0.2216,2.40409,-1.257,6.06518,2.94617,-0.986508,6.87885,0.249457,-0.00962311,0.508538,1.23718,0.243907,2.23044,4.18335,0.29114,8.07556,0.0199313,-0.0171704,0.057033,0.269389,-0.00492611,0.543703,-0.542085,-1.70062,0.61645,0.334062,-0.294833,0.962958
0.9,100000,shared_opc,native,kuairand (biased),4,0,-0.789128,-1.6552,0.076946,-0.789128,-1.6552,0.076946,1.10784,-0.487963,2.70365,1.7067,-0.34932,3.76273,0.190269,-0.14319,0.523728,0.807219,0.231946,1.38249,2.51392,0.150756,4.87709,0.00418119,-0.00912522,0.0174876,0.19445,-0.130401,0.519301,-0.59886,-1.40798,0.21026,0.00131257,-0.271225,0.27385
0.9,100000,shared_opc,native,anime (biased),4,1,-0.406309,-1.4678,0.655185,-0.406309,-1.4678,0.655185,1.4343,-1.37195,4.24056,1.87601,-0.818662,4.57067,-0.0353946,-0.150968,0.0801789,1.28149,-0.173006,2.73599,3.1575,-0.138247,6.45324,0.0793617,-0.0728817,0.231605,0.0439671,-0.050216,0.13815,-0.441703,-1.40771,0.524301,0.159675,-0.558824,0.878174
0.9,100000,shared_opc_raw,common,no bias,3,0,-0.105351,-0.376882,0.166181,-0.105351,-0.376882,0.166181,-0.00189695,-0.00319501,-0.000598886,0.0715861,0.0509879,0.0921843,0.0318675,-0.258744,0.322479,0.00791688,0.00102411,0.0148097,0.079503,0.0623614,0.0966446,0.116368,-0.156053,0.388789,0.148235,-0.174418,0.470889,-0.0734831,-0.0928818,-0.0540843,-0.316717,-0.445233,-0.188202
0.9,100000,shared_opc_raw,common,warp,3,0,-1.21627,-2.93807,0.505534,-1.21627,-2.93807,0.505534,0.00734623,-0.0558764,0.0705689,1.57531,0.545397,2.60522,-0.351695,-1.20225,0.498856,1.8742,-0.147977,3.89638,3.44951,0.408955,6.49007,0.524608,-0.259036,1.30825,0.172914,-0.0296948,0.375522,-1.56796,-2.58862,-0.54731,-0.63702,-1.04166,-0.232378
0.9,100000,shared_opc_raw,common,group,3,0,-0.410017,-0.654613,-0.165421,-0.410017,-0.654613,-0.165421,1.39204,0.250758,2.53332,1.73998,0.485529,2.99444,0.062071,-0.0589178,0.18306,0.54698,0.00663239,1.08733,2.28696,0.735399,3.83853,0.164277,-0.285648,0.614201,0.226347,-0.122513,0.575208,-0.347946,-0.624353,-0.0715386,-0.0763712,-0.386039,0.233297
0.9,100000,shared_opc_raw,common,vector,3,1,-0.14096,-1.37796,1.09604,-0.14096,-1.37796,1.09604,1.22327,-0.940349,3.38688,1.38893,-0.41648,3.19434,-0.0247035,-0.719479,0.670073,0.77425,0.284236,1.26426,2.16318,-0.101997,4.42835,0.210315,-0.619851,1.04048,0.185612,-0.0139663,0.38519,-0.165663,-1.0154,0.684077,0.104068,-0.542424,0.75056
0.9,100000,shared_opc_raw,common,combined,3,0,-1.81529,-2.35971,-1.27087,-1.81529,-2.35971,-1.27087,3.97233,0.0823007,7.86236,5.91547,1.66204,10.1689,-0.127853,-0.394771,0.139064,1.23908,0.94641,1.53175,7.15455,2.81735,11.4917,0.376979,-0.0904059,0.844364,0.249126,-0.184462,0.682713,-1.94314,-2.7255,-1.16078,-0.209258,-1.26315,0.844637
0.9,100000,shared_opc_raw,common,biased (pooled),12,1,-0.895634,-1.39644,-0.39483,-0.895634,-1.39644,-0.39483,1.64874,0.567334,2.73015,2.65492,1.29378,4.01607,-0.110545,-0.271465,0.0503748,1.10863,0.69701,1.52025,3.76355,2.27282,5.25428,0.319045,0.147381,0.490708,0.2085,0.137369,0.279631,-1.00618,-1.54102,-0.471338,-0.204645,-0.437368,0.0280772
0.9,100000,shared_opc_raw,common,"misspecified (group, vector, combined)",9,1,-0.788756,-1.42389,-0.153618,-0.788756,-1.42389,-0.153618,2.19588,0.947903,3.44385,3.0148,1.18209,4.8475,-0.0301619,-0.162889,0.102565,0.853437,0.588981,1.11789,3.86823,1.81353,5.92294,0.250524,0.0713012,0.429746,0.220362,0.126417,0.314306,-0.818918,-1.49531,-0.142529,-0.0605203,-0.283782,0.162742
0.9,100000,shared_opc_raw,common,ml (biased),4,0,-0.890832,-2.20493,0.423263,-0.890832,-2.20493,0.423263,2.40409,-1.257,6.06518,3.46139,-1.12,8.04278,-0.166472,-0.701983,0.369039,1.23718,0.243907,2.23044,4.69857,0.128821,9.26831,0.373208,-0.0478727,0.794289,0.206736,0.0141679,0.399305,-1.0573,-2.74608,0.631475,-0.02702,-0.670668,0.616629
0.9,100000,shared_opc_raw,common,kuairand (biased),4,0,-0.869567,-1.98043,0.241295,-0.869567,-1.98043,0.241295,1.10784,-0.487963,2.70365,2.08049,-0.360964,4.52194,-0.103076,-0.54123,0.335078,0.807219,0.231946,1.38249,2.88771,0.107834,5.66758,0.320942,-0.274128,0.916012,0.217866,-0.0508487,0.486581,-0.972643,-2.19833,0.253039,-0.375087,-0.807133,0.0569599
0.9,100000,shared_opc_raw,common,anime (biased),4,1,-0.926502,-2.60025,0.747244,-0.926502,-2.60025,0.747244,1.4343,-1.37195,4.24056,2.42289,-1.06518,5.91096,-0.0620876,-0.375297,0.251121,1.28149,-0.173006,2.73599,3.70438,-0.411861,7.82063,0.262984,-0.0916346,0.617602,0.200896,0.119865,0.281927,-0.98859,-2.4754,0.498221,-0.211829,-0.875025,0.451367
0.9,100000,shared_opc_raw,native,no bias,3,0,-0.397448,-0.853421,0.0585248,-0.397448,-0.853421,0.0585248,-0.00189695,-0.00319501,-0.000598886,0.0715861,0.0509879,0.0921843,0.323965,-0.151073,0.799003,0.00791688,0.00102411,0.0148097,0.079503,0.0623614,0.0966446,0.00155549,-0.00513725,0.00824823,0.325521,-0.148319,0.799361,-0.0734831,-0.0928818,-0.0540843,-0.316717,-0.445233,-0.188202
0.9,100000,shared_opc_raw,native,warp,3,0,-1.67745,-2.78433,-0.570574,-1.67745,-2.78433,-0.570574,0.00734623,-0.0558764,0.0705689,1.57531,0.545397,2.60522,0.109488,-0.142915,0.361891,1.8742,-0.147977,3.89638,3.44951,0.408955,6.49007,0,0,0,0.109488,-0.142915,0.361891,-1.56796,-2.58862,-0.54731,-0.63702,-1.04166,-0.232378
0.9,100000,shared_opc_raw,native,group,3,0,-0.465013,-1.09696,0.166933,-0.465013,-1.09696,0.166933,1.39204,0.250758,2.53332,1.73998,0.485529,2.99444,0.117067,-0.44689,0.681023,0.54698,0.00663239,1.08733,2.28696,0.735399,3.83853,0.062069,-0.0777083,0.201846,0.179136,-0.280596,0.638867,-0.347946,-0.624353,-0.0715386,-0.0763712,-0.386039,0.233297
0.9,100000,shared_opc_raw,native,vector,3,0,-0.291107,-1.17617,0.59396,-0.291107,-1.17617,0.59396,1.22327,-0.940349,3.38688,1.38893,-0.41648,3.19434,0.125444,-0.023098,0.273986,0.77425,0.284236,1.26426,2.16318,-0.101997,4.42835,0.0758966,-0.178557,0.33035,0.201341,0.0660003,0.336681,-0.165663,-1.0154,0.684077,0.104068,-0.542424,0.75056
0.9,100000,shared_opc_raw,native,combined,3,0,-2.04972,-3.05151,-1.04792,-2.04972,-3.05151,-1.04792,3.97233,0.0823007,7.86236,5.91547,1.66204,10.1689,0.106571,-0.123311,0.336454,1.23908,0.94641,1.53175,7.15455,2.81735,11.4917,0,0,0,0.106571,-0.123311,0.336454,-1.94314,-2.7255,-1.16078,-0.209258,-1.26315,0.844637
0.9,100000,shared_opc_raw,native,biased (pooled),12,0,-1.12082,-1.66196,-0.57968,-1.12082,-1.66196,-0.57968,1.64874,0.567334,2.73015,2.65492,1.29378,4.01607,0.114643,0.0407825,0.188502,1.10863,0.69701,1.52025,3.76355,2.27282,5.25428,0.0344914,-0.00471251,0.0736953,0.149134,0.0792071,0.219061,-1.00618,-1.54102,-0.471338,-0.204645,-0.437368,0.0280772
0.9,100000,shared_opc_raw,native,"misspecified (group, vector, combined)",9,0,-0.935278,-1.61972,-0.25084,-0.935278,-1.61972,-0.25084,2.19588,0.947903,3.44385,3.0148,1.18209,4.8475,0.116361,0.0191713,0.21355,0.853437,0.588981,1.11789,3.86823,1.81353,5.92294,0.0459885,-0.00637166,0.0983487,0.162349,0.0737424,0.250956,-0.818918,-1.49531,-0.142529,-0.0605203,-0.283782,0.162742
0.9,100000,shared_opc_raw,native,ml (biased),4,0,-1.22384,-2.82138,0.373699,-1.22384,-2.82138,0.373699,2.40409,-1.257,6.06518,3.46139,-1.12,8.04278,0.166535,-0.0448847,0.377955,1.23718,0.243907,2.23044,4.69857,0.128821,9.26831,0.0199313,-0.0171704,0.057033,0.186466,-0.0552807,0.428213,-1.0573,-2.74608,0.631475,-0.02702,-0.670668,0.616629
0.9,100000,shared_opc_raw,native,kuairand (biased),4,0,-1.11641,-2.34338,0.110552,-1.11641,-2.34338,0.110552,1.10784,-0.487963,2.70365,2.08049,-0.360964,4.52194,0.14377,0.125434,0.162107,0.807219,0.231946,1.38249,2.88771,0.107834,5.66758,0.00418119,-0.00912522,0.0174876,0.147952,0.121131,0.174773,-0.972643,-2.19833,0.253039,-0.375087,-0.807133,0.0569599
0.9,100000,shared_opc_raw,native,anime (biased),4,0,-1.02221,-2.63719,0.592766,-1.02221,-2.63719,0.592766,1.4343,-1.37195,4.24056,2.42289,-1.06518,5.91096,0.0336221,-0.181569,0.248813,1.28149,-0.173006,2.73599,3.70438,-0.411861,7.82063,0.0793617,-0.0728817,0.231605,0.112984,-0.097182,0.323149,-0.98859,-2.4754,0.498221,-0.211829,-0.875025,0.451367
