dataset,bias,seed,share,train_size,state,G5-G3 (paired bias)_cond_rel_bias,G3_cos_mean,G5_cos_mean,G3_p_positive,G5_p_positive,G3_pop_ess_share,G5_pop_ess_share,G5-G3 (paired bias)_pop_ess_share,G3_qhat_rmse_logging,G5_qhat_rmse_logging,G5-G3 (paired bias)_qhat_rmse_logging,G3_rel_bias,G5_rel_bias,G5-G3 (paired bias)_rel_bias,G3_rel_mse,G5_rel_mse,G3_snr,G5_snr,G3_w_ess_share,G5_w_ess_share,G5-G3 (paired bias)_w_ess_share,G3_w_max,G5_w_max,G5-G3 (paired bias)_w_max
anime,high,100,0.6,5000,mid,0.0948447,0.469892,0.992436,0.775,1,0.0215271,0.0215271,0.0215271,0.0623088,0.0623088,0.0623088,-0.186159,0.0689113,-0.0912413,2.15279,0.0925536,0.348125,13.003,0.027297,0.027297,0.027297,221.657,221.657,221.657
anime,high,100,0.6,5000,mid_greedy,0.169972,-0.0468894,0.941468,0.525,1,0.00419231,0.00419231,0.00419231,0.0623088,0.0623088,0.0623088,0.806018,0.147551,0.823685,20.9819,0.212505,-0.0129632,5.04034,0.00685778,0.00685778,0.00685778,604.483,604.483,604.483
anime,high,100,0.6,5000,source,0.000823307,0.999213,0.999326,1,1,1,1,1,0.0623088,0.0623088,0.0623088,-0.0189129,-0.0177847,-0.000418242,0.021688,0.0203534,44.2043,47.1049,1,1,1,1,1,1
anime,high,100,0.6,25000,mid,0.046778,0.864764,0.997613,0.975,1,0.0215271,0.0215271,0.0215271,0.0471257,0.0471257,0.0471257,-0.0941481,0.0531278,-0.0590613,0.44167,0.0204982,2.1337,59.8073,0.022817,0.022817,0.022817,431.022,431.022,431.022
anime,high,100,0.6,25000,mid_greedy,0.180186,0.315721,0.978315,0.65,1,0.00419231,0.00419231,0.00419231,0.0471257,0.0471257,0.0471257,-0.293391,0.171991,-0.144901,7.21285,0.0710166,0.0871218,23.4416,0.00483816,0.00483816,0.00483816,1379.88,1379.88,1379.88
anime,high,100,0.6,25000,source,-0.000711101,0.999851,0.999872,1,1,1,1,1,0.0471257,0.0471257,0.0471257,-0.00349134,-0.00519418,0.00110602,0.00559705,0.00544359,174.35,179.07,1,1,1,1,1,1
anime,high,100,0.6,100000,mid,0.0547626,0.977422,0.99847,1,1,0.0215271,0.0215271,0.0215271,0.0438489,0.0438489,0.0438489,-0.0441457,0.0528486,0.0390289,0.139238,0.00531244,6.61411,411.86,0.0225022,0.0225022,0.0225022,563.653,563.653,563.653
anime,high,100,0.6,100000,mid_greedy,0.181483,0.495779,0.98222,0.825,1,0.00419231,0.00419231,0.00419231,0.0438489,0.0438489,0.0438489,0.0758474,0.179409,0.112443,1.4781,0.041238,0.452394,100.022,0.00458309,0.00458309,0.00458309,2023.9,2023.9,2023.9
anime,high,100,0.6,100000,source,0.00115559,0.999965,0.99997,1,1,1,1,1,0.0438489,0.0438489,0.0438489,0.00234208,-0.0017181,0.00151704,0.0005642,0.000546508,1774.79,1809.32,1,1,1,1,1,1
anime,high,100,0.8,5000,mid,0.18855,0.220386,0.903034,0.575,1,0.0105111,0.0105111,0.0105111,0.0718887,0.0718887,0.0718887,-0.582701,0.187241,-0.388697,30.9558,0.222754,0.052206,3.84127,0.0222885,0.0222885,0.0222885,333.221,333.221,333.221
anime,high,100,0.8,5000,mid_greedy,0.262469,0.200577,0.833372,0.675,1,0.00499647,0.00499647,0.00499647,0.0718887,0.0718887,0.0718887,-0.959924,0.247596,-0.778097,85.2633,0.333884,0.020627,2.4828,0.0142973,0.0142973,0.0142973,460.25,460.25,460.25
anime,high,100,0.8,5000,source,-0.00164577,0.997947,0.998247,1,1,1,1,1,0.0718887,0.0718887,0.0718887,-0.0207169,-0.0205379,0.000881799,0.0318676,0.0298367,31.9913,34.0843,1,1,1,1,1,1
anime,high,100,0.8,25000,likelihood,1.17704,0.0143118,0.101905,0.523333,0.733333,5.48169e-05,5.48169e-05,5.48169e-05,0.0572447,0.0572447,0.0572447,-1.747,1.17031,-1.31291,17561.8,3.60128,-0.000251769,0.320082,0.00114683,0.00114683,0.00114683,4527.67,4527.67,4527.67
anime,high,100,0.8,25000,mid,0.189918,0.452897,0.977027,0.786667,1,0.0105111,0.0105111,0.0105111,0.0572447,0.0572447,0.0572447,-0.0524362,0.191908,0.141433,2.86535,0.0837745,0.322721,15.3662,0.0168121,0.0168121,0.0168121,718.764,718.764,718.764
anime,high,100,0.8,25000,mid_greedy,0.260478,0.279622,0.952297,0.676667,1,0.00499647,0.00499647,0.00499647,0.0572447,0.0572447,0.0572447,0.0435357,0.26231,0.151417,7.28205,0.137171,0.1093,9.53676,0.00988343,0.00988343,0.00988343,1084.09,1084.09,1084.09
anime,high,100,0.8,25000,source,0.00264486,0.999602,0.999661,1,1,1,1,1,0.0572447,0.0572447,0.0572447,-0.00406422,0.00116042,0.00240825,0.0078967,0.00727174,127.044,138.813,1,1,1,1,1,1
anime,high,100,0.8,25000,value,0.0213108,0.0141886,-0.0153819,0.546667,0.436667,1.48942e-05,1.48942e-05,1.48942e-05,0.0572447,0.0572447,0.0572447,0.0696604,0.0208561,0.06218,3.69078,0.00625666,0.00133284,0.0572751,0.000591009,0.000591009,0.000591009,7101.64,7101.64,7101.64
anime,high,100,0.8,100000,mid,0.199457,0.815507,0.988455,0.975,1,0.0105111,0.0105111,0.0105111,0.0542149,0.0542149,0.0542149,-0.0710116,0.186077,0.223949,0.691114,0.0462506,1.63451,63.058,0.0140708,0.0140708,0.0140708,1536.22,1536.22,1536.22
anime,high,100,0.8,100000,mid_greedy,0.270827,0.686599,0.975074,0.925,1,0.00499647,0.00499647,0.00499647,0.0542149,0.0542149,0.0542149,-0.0395219,0.256029,0.364479,2.07623,0.0812766,0.643432,42.0345,0.00780308,0.00780308,0.00780308,2282.34,2282.34,2282.34
anime,high,100,0.8,100000,source,0.00295964,0.999906,0.999918,1,1,1,1,1,0.0542149,0.0542149,0.0542149,0.00969356,0.011538,0.00210787,0.000944276,0.000908918,1200.91,1320.35,1,1,1,1.00001,1.00001,1.00001
anime,high,100,0.9,5000,mid,0.410081,0.0328214,0.640579,0.55,0.975,0.00253074,0.00253074,0.00253074,0.0765027,0.0765027,0.0765027,1.14415,0.382521,0.770918,29.3496,0.653644,-0.00166056,0.876982,0.0186875,0.0186875,0.0186875,398.429,398.429,398.429
anime,high,100,0.9,5000,mid_greedy,0.506346,0.0578825,0.529083,0.6,0.95,0.000884872,0.000884872,0.000884872,0.0765027,0.0765027,0.0765027,1.08416,0.470812,0.571052,59.9797,0.935589,-0.00275745,0.553471,0.0123243,0.0123243,0.0123243,576.573,576.573,576.573
anime,high,100,0.9,5000,source,-0.00184017,0.990009,0.991853,1,1,1,1,1,0.0765027,0.0765027,0.0765027,-0.0455069,-0.0440087,0.00204853,0.111606,0.100187,8.40402,9.41122,1,1,1,1.00001,1.00001,1.00001
anime,high,100,0.9,25000,mid,0.337624,0.296552,0.871038,0.725,1,0.00253074,0.00253074,0.00253074,0.0619534,0.0619534,0.0619534,-0.318826,0.397654,0.556723,21.9472,0.272146,0.0626804,3.73398,0.0124547,0.0124547,0.0124547,1116.53,1116.53,1116.53
anime,high,100,0.9,25000,mid_greedy,0.43653,0.255802,0.767155,0.675,0.975,0.000884872,0.000884872,0.000884872,0.0619534,0.0619534,0.0619534,0.752643,0.484108,1.29118,52.2536,0.395282,0.0647746,2.30325,0.00736916,0.00736916,0.00736916,1519.89,1519.89,1519.89
anime,high,100,0.9,25000,source,0.00525634,0.998496,0.998747,1,1,1,1,1,0.0619534,0.0619534,0.0619534,-0.0194241,-0.0183361,0.00559688,0.0180354,0.0155851,53.8827,62.9537,1,1,1,1.00001,1.00001,1.00001
anime,high,100,0.9,100000,mid,0.339608,0.458382,0.949624,0.825,1,0.00253074,0.00253074,0.00253074,0.0589655,0.0589655,0.0589655,-0.175441,0.347563,0.280221,3.63543,0.151155,0.245536,17.5331,0.00825714,0.00825714,0.00825714,2379.45,2379.45,2379.45
anime,high,100,0.9,100000,mid_greedy,0.444689,0.280794,0.896885,0.7,1,0.000884872,0.000884872,0.000884872,0.0589655,0.0589655,0.0589655,-0.234665,0.451207,0.152282,8.54717,0.243044,0.0655209,11.5586,0.00464576,0.00464576,0.00464576,3390.19,3390.19,3390.19
anime,high,100,0.9,100000,source,0.0058597,0.999662,0.999713,1,1,1,1,1,0.0589655,0.0589655,0.0589655,-0.00641438,0.00811456,0.00523727,0.00435454,0.00385808,230.811,269.962,1,1,1,1.00001,1.00001,1.00001
anime,none,100,0.6,5000,mid,-0.0103708,0.998132,0.999369,1,1,0.274578,0.274578,0.274578,0.0624063,0.0624063,0.0624063,-0.0268165,0.00989403,-0.0175851,0.041736,0.0183095,22.744,52.3808,0.27703,0.27703,0.27703,20.6028,20.6028,20.6028
anime,none,100,0.6,5000,mid_greedy,-4.4825,0.00884813,0.013544,0.5,0.5,0.0330574,0.0330574,0.0330574,0.0624063,0.0624063,0.0624063,-185.112,-32.1414,-164.455,6.32116e+06,394728,-0.00538549,-0.00258317,0.0329516,0.0329516,0.0329516,113.599,113.599,113.599
anime,none,100,0.6,5000,source,0.000976257,0.999857,0.999874,1,1,1,1,1,0.0624063,0.0624063,0.0624063,-0.00733993,-0.00616211,0.00044572,0.00400735,0.00373906,243.053,260.97,1,1,1,1,1,1
anime,none,100,0.6,25000,mid,-0.00405593,0.999681,0.999885,1,1,0.274578,0.274578,0.274578,0.0274317,0.0274317,0.0274317,0.00419885,-0.0054275,-0.00343855,0.0074718,0.00323407,130.469,302.217,0.275609,0.275609,0.275609,25.3651,25.3651,25.3651
anime,none,100,0.6,25000,mid_greedy,-1.73779,-0.000993854,0.0157947,0.575,0.65,0.0330574,0.0330574,0.0330574,0.0274317,0.0274317,0.0274317,-63.0653,-14.371,-50.2591,1.49872e+06,78232.7,-0.00265421,-0.0025403,0.0330567,0.0330567,0.0330567,157.507,157.507,157.507
anime,none,100,0.6,25000,source,-0.000422882,0.999974,0.999977,1,1,1,1,1,0.0274317,0.0274317,0.0274317,-0.00576795,-0.00565151,0.000110923,0.00145096,0.00135689,671.567,718.142,1,1,1,1,1,1
anime,none,100,0.6,100000,mid,-0.00268963,0.999921,0.99997,1,1,0.274578,0.274578,0.274578,0.0139188,0.0139188,0.0139188,-0.00680747,-0.00468934,-0.00413285,0.00217392,0.000905511,452.44,1078.51,0.274728,0.274728,0.274728,29.6056,29.6056,29.6056
anime,none,100,0.6,100000,mid_greedy,1.17054,-0.00861279,-0.0143519,0.4,0.35,0.0330574,0.0330574,0.0330574,0.0139188,0.0139188,0.0139188,72.2201,14.1395,57.7304,415465,20342.8,0.0126815,0.00967041,0.033088,0.033088,0.033088,201.258,201.258,201.258
anime,none,100,0.6,100000,source,-0.000115051,0.999993,0.999994,1,1,1,1,1,0.0139188,0.0139188,0.0139188,-0.00247184,-0.0023668,-0.000101473,0.000340696,0.000327078,2874.84,2996.54,1,1,1,1,1,1
anime,none,100,0.8,5000,mid,-0.00242068,0.985293,0.995223,1,1,0.300776,0.300776,0.300776,0.06543,0.06543,0.06543,-0.0428772,-0.0290761,-0.0244578,0.0945604,0.0441821,10.4705,22.5681,0.306014,0.306014,0.306014,21.4532,21.4532,21.4532
anime,none,100,0.8,5000,mid_greedy,4.25415,-0.00624198,-0.00655134,0.5,0.45,0.106791,0.106791,0.106791,0.06543,0.06543,0.06543,-47.1132,20.9808,55.689,4.61909e+06,732388,-0.000488341,0.000579037,0.105431,0.105431,0.105431,44.0283,44.0283,44.0283
anime,none,100,0.8,5000,source,0.000879663,0.999359,0.999445,1,1,1,1,1,0.06543,0.06543,0.06543,-0.0144253,-0.0132704,-0.000556494,0.0100046,0.00888159,97.2949,109.469,1,1,1,1.00001,1.00001,1.00001
anime,none,100,0.8,25000,likelihood,35.6722,0.00473361,0.00995704,0.516667,0.51,0.103392,0.103392,0.103392,0.0299343,0.0299343,0.0299343,-3655.87,-1284.57,-2572.97,1.37735e+10,2.26796e+09,-0.000969324,-0.000726892,0.103326,0.103326,0.103326,61.5559,61.5559,61.5559
anime,none,100,0.8,25000,mid,-0.00126843,0.997228,0.999063,1,1,0.300776,0.300776,0.300776,0.0299343,0.0299343,0.0299343,-0.00692067,0.00315492,-0.00470093,0.0270957,0.00898862,37.189,112.675,0.301517,0.301517,0.301517,32.9359,32.9359,32.9359
anime,none,100,0.8,25000,mid_greedy,0.563758,0.00659584,0.0061745,0.516667,0.513333,0.106791,0.106791,0.106791,0.0299343,0.0299343,0.0299343,20.7212,7.44313,13.9052,765321,145062,0.000578201,0.000403231,0.106696,0.106696,0.106696,60.0814,60.0814,60.0814
anime,none,100,0.8,25000,source,-0.000166854,0.999875,0.999891,1,1,1,1,1,0.0299343,0.0299343,0.0299343,0.00480938,0.00428885,0.000487834,0.00224847,0.00200372,454.285,508.675,1,1,1,1.00001,1.00001,1.00001
anime,none,100,0.8,25000,value,0.000110189,0.00425582,0.0092566,0.516667,0.523333,0.106158,0.106158,0.106158,0.0299343,0.0299343,0.0299343,-0.00136892,0.00250788,-0.00296568,0.0714454,0.0135474,-1.82437e-05,0.000496036,0.106085,0.106085,0.106085,60.3195,60.3195,60.3195
anime,none,100,0.8,100000,mid,-0.00240874,0.999316,0.999757,1,1,0.300776,0.300776,0.300776,0.0146025,0.0146025,0.0146025,-0.0101959,0.00589021,0.00152883,0.00578749,0.00196991,168.831,507.876,0.300968,0.300968,0.300968,44.0513,44.0513,44.0513
anime,none,100,0.8,100000,mid_greedy,-0.0638902,-0.0120056,-0.0222664,0.4,0.4,0.106791,0.106791,0.106791,0.0146025,0.0146025,0.0146025,-18.5026,11.706,-16.1002,217089,38733.4,-0.00163754,0.00327727,0.106794,0.106794,0.106794,73.1232,73.1232,73.1232
anime,none,100,0.8,100000,source,-0.00014781,0.999968,0.999972,1,1,1,1,1,0.0146025,0.0146025,0.0146025,0.00173321,0.00161343,-0.000132891,0.000412154,0.00036432,2427.29,2746.74,1,1,1,1.00001,1.00001,1.00001
anime,none,100,0.9,5000,mid,-0.00357601,0.794348,0.934183,0.95,1,0.40178,0.40178,0.40178,0.0692606,0.0692606,0.0692606,-0.0827473,-0.0565243,-0.0367843,0.657157,0.215101,1.55464,4.56402,0.403859,0.403859,0.403859,21.6885,21.6885,21.6885
anime,none,100,0.9,5000,mid_greedy,-3.85512,0.00562862,0.0081472,0.55,0.525,0.219548,0.219548,0.219548,0.0692606,0.0692606,0.0692606,-173.936,-85.1911,-64.6327,4.50954e+06,1.69835e+06,-0.00666296,-0.00424646,0.219163,0.219163,0.219163,21.3166,21.3166,21.3166
anime,none,100,0.9,5000,source,0.000898427,0.996343,0.996878,1,1,1,1,1,0.0692606,0.0692606,0.0692606,-0.0157176,-0.0169458,0.00272983,0.0297345,0.02567,34.565,39.6535,1,1,1,1.00001,1.00001,1.00001
anime,none,100,0.9,25000,mid,0.00687248,0.972987,0.990239,1,1,0.40178,0.40178,0.40178,0.0309011,0.0309011,0.0309011,0.0306673,0.0264528,-0.0121791,0.0940991,0.0416581,9.70767,22.6833,0.407851,0.407851,0.407851,27.7637,27.7637,27.7637
anime,none,100,0.9,25000,mid_greedy,1.63372,0.0133144,0.0140209,0.575,0.65,0.219548,0.219548,0.219548,0.0309011,0.0309011,0.0309011,-55.3289,-36.7988,-21.6093,983274,343067,-0.00307997,-0.00388917,0.219914,0.219914,0.219914,28.7173,28.7173,28.7173
anime,none,100,0.9,25000,source,0.0010527,0.999267,0.999374,1,1,1,1,1,0.0309011,0.0309011,0.0309011,0.0158127,0.0155587,-0.000749236,0.00831519,0.00708181,118.985,140.546,1,1,1,1.00001,1.00001,1.00001
anime,none,100,0.9,100000,mid,-0.00213731,0.994989,0.997966,1,1,0.40178,0.40178,0.40178,0.0155522,0.0155522,0.0155522,-0.0133084,-0.0104893,-0.00607038,0.020466,0.00900255,47.5075,108.667,0.400857,0.400857,0.400857,50.9914,50.9914,50.9914
anime,none,100,0.9,100000,mid_greedy,0.942333,0.0189171,0.0167583,0.6,0.6,0.219548,0.219548,0.219548,0.0155522,0.0155522,0.0155522,-5.20981,2.9469,-9.9342,259062,91278.1,-3.43094e-05,0.000189942,0.219593,0.219593,0.219593,32.4875,32.4875,32.4875
anime,none,100,0.9,100000,source,-0.000288229,0.999828,0.999852,1,1,1,1,1,0.0155522,0.0155522,0.0155522,-0.00677299,-0.0062478,-0.00058521,0.00221357,0.00188558,443.687,520.71,1,1,1,1.00001,1.00001,1.00001
anime,w-high.g-none.v-none,100,0.6,5000,mid,0.0374803,0.592538,0.987129,0.825,1,0.0192638,0.0192638,0.0192638,0.069866,0.069866,0.069866,-0.0930386,0.0633347,0.164393,2.04418,0.0809753,0.639947,11.1948,0.0229829,0.0229829,0.0229829,238.683,238.683,238.683
anime,w-high.g-none.v-none,100,0.6,5000,mid_greedy,0.756254,0.0358231,0.224214,0.575,0.825,0.00466146,0.00466146,0.00466146,0.069866,0.069866,0.069866,-0.44907,0.730675,-0.62384,1269.05,9.8751,0.000232449,0.100615,0.00776238,0.00776238,0.00776238,533.652,533.652,533.652
anime,w-high.g-none.v-none,100,0.6,5000,source,0.00282766,0.999659,0.999696,1,1,1,1,1,0.069866,0.069866,0.069866,0.0135879,0.00538214,0.00493816,0.00867919,0.0079889,122.33,129.285,1,1,1,1,1,1
anime,w-high.g-none.v-none,100,0.6,25000,mid,0.0957325,0.911487,0.997642,1,1,0.0192638,0.0192638,0.0192638,0.048914,0.048914,0.048914,-0.0843288,0.101717,0.0962763,0.404643,0.0225447,2.54172,66.4346,0.0216388,0.0216388,0.0216388,401.664,401.664,401.664
anime,w-high.g-none.v-none,100,0.6,25000,mid_greedy,0.755485,0.111924,0.354731,0.7,0.925,0.00466146,0.00466146,0.00466146,0.048914,0.048914,0.048914,-1.68123,0.823898,-1.48767,303.292,2.60473,-0.00265492,0.428869,0.00587555,0.00587555,0.00587555,1119.98,1119.98,1119.98
anime,w-high.g-none.v-none,100,0.6,25000,source,0.00237979,0.999928,0.999936,1,1,1,1,1,0.048914,0.048914,0.048914,-0.006618,-0.00585504,0.00254423,0.00187047,0.00174428,522.37,559.482,1,1,1,1,1,1
anime,w-high.g-none.v-none,100,0.6,100000,mid,0.106491,0.982723,0.999093,1,1,0.0192638,0.0192638,0.0192638,0.0438874,0.0438874,0.0438874,-0.0265579,0.0944228,0.0363429,0.10604,0.0115074,8.63707,319.228,0.0191951,0.0191951,0.0191951,730.903,730.903,730.903
anime,w-high.g-none.v-none,100,0.6,100000,mid_greedy,0.74872,0.128211,0.541144,0.7,1,0.00466146,0.00466146,0.00466146,0.0438874,0.0438874,0.0438874,-0.383983,0.758333,-0.283804,79.6905,1.07356,0.0125402,1.65058,0.00507645,0.00507645,0.00507645,1738.92,1738.92,1738.92
anime,w-high.g-none.v-none,100,0.6,100000,source,0.00231738,0.999982,0.999984,1,1,1,1,1,0.0438874,0.0438874,0.0438874,-0.00262496,0.00115352,0.00223902,0.000328343,0.00031632,2978.95,3157.08,1,1,1,1,1,1
anime,w-high.g-none.v-none,100,0.8,5000,mid,0.0564685,0.52382,0.976293,0.875,1,0.026363,0.026363,0.026363,0.0789495,0.0789495,0.0789495,0.117828,0.0913497,-0.047588,1.36682,0.0947974,0.492984,9.49853,0.0602342,0.0602342,0.0602342,163.574,163.574,163.574
anime,w-high.g-none.v-none,100,0.8,5000,mid_greedy,0.227549,0.116705,0.607068,0.65,0.925,0.00471437,0.00471437,0.00471437,0.0789495,0.0789495,0.0789495,0.285287,0.248603,0.307729,86.5186,0.89839,0.00859166,0.75536,0.01526,0.01526,0.01526,476.67,476.67,476.67
anime,w-high.g-none.v-none,100,0.8,5000,source,0.00482266,0.998306,0.998508,1,1,1,1,1,0.0789495,0.0789495,0.0789495,-0.0210289,-0.0213116,0.00564753,0.0239299,0.0209908,41.8182,46.9927,1,1,1,1.00001,1.00001,1.00001
anime,w-high.g-none.v-none,100,0.8,25000,likelihood,112.067,-0.00817409,-0.0299791,0.473333,0.42,0.000148018,0.000148018,0.000148018,0.0580822,0.0580822,0.0580822,337.795,121.974,-234.424,7.53543e+08,2.67921e+06,0.000152097,0.00557206,0.00375311,0.00375311,0.00375311,2540.41,2540.41,2540.41
anime,w-high.g-none.v-none,100,0.8,25000,mid,0.08968,0.893417,0.995394,0.986667,1,0.026363,0.026363,0.026363,0.0580822,0.0580822,0.0580822,-0.0157562,0.0867914,0.101569,0.494603,0.0242827,2.09459,50.6821,0.047088,0.047088,0.047088,437.047,437.047,437.047
anime,w-high.g-none.v-none,100,0.8,25000,mid_greedy,0.287174,0.227522,0.880892,0.67,0.996667,0.00471437,0.00471437,0.00471437,0.0580822,0.0580822,0.0580822,-0.185056,0.283665,0.391326,85.6283,0.238097,0.0171671,3.89234,0.011368,0.011368,0.011368,1048.21,1048.21,1048.21
anime,w-high.g-none.v-none,100,0.8,25000,source,0.00395616,0.999685,0.999722,1,1,1,1,1,0.0580822,0.0580822,0.0580822,-0.00309254,0.00354894,0.00385159,0.0036781,0.00331191,270.724,300.467,1,1,1,1.00001,1.00001,1.00001
anime,w-high.g-none.v-none,100,0.8,25000,value,0.0284553,-0.00360435,-0.0142154,0.493333,0.413333,0.000150526,0.000150526,0.000150526,0.0580822,0.0580822,0.0580822,0.0473239,0.0299803,-0.0448983,15.4802,0.0275121,0.000144241,0.0336472,0.0038788,0.0038788,0.0038788,2435.43,2435.43,2435.43
anime,w-high.g-none.v-none,100,0.8,100000,mid,0.0847943,0.981931,0.998318,1,1,0.026363,0.026363,0.026363,0.0531535,0.0531535,0.0531535,0.0222234,0.0720917,0.108211,0.108622,0.0105394,10.0615,164.365,0.0417847,0.0417847,0.0417847,783.046,783.046,783.046
anime,w-high.g-none.v-none,100,0.8,100000,mid_greedy,0.285729,0.459019,0.954483,0.875,1,0.00471437,0.00471437,0.00471437,0.0531535,0.0531535,0.0531535,0.528334,0.275404,0.799303,24.8956,0.116708,0.0991505,15.8337,0.00911685,0.00911685,0.00911685,2361.66,2361.66,2361.66
anime,w-high.g-none.v-none,100,0.8,100000,source,0.00341475,0.999922,0.99993,1,1,1,1,1,0.0531535,0.0531535,0.0531535,-0.0043318,-0.0022519,0.00338488,0.000893576,0.000816295,1095.96,1210.08,1,1,1,1.00001,1.00001,1.00001
anime,w-high.g-none.v-none,100,0.9,5000,mid,0.122207,0.227916,0.837727,0.7,0.975,0.00126523,0.00126523,0.00126523,0.0833196,0.0833196,0.0833196,-0.597061,0.140849,-0.657187,71.9566,0.314279,-0.00456469,2.61829,0.0390629,0.0390629,0.0390629,339.226,339.226,339.226
anime,w-high.g-none.v-none,100,0.9,5000,mid_greedy,0.245913,0.126855,0.61896,0.625,0.975,0.000102346,0.000102346,0.000102346,0.0833196,0.0833196,0.0833196,-3.61692,0.239062,-3.58756,1930.68,1.00221,-0.00631087,0.754506,0.0175372,0.0175372,0.0175372,615.202,615.202,615.202
anime,w-high.g-none.v-none,100,0.9,5000,source,0.00631528,0.99122,0.992478,1,1,1,1,1,0.0833196,0.0833196,0.0833196,-0.0257505,-0.026744,0.00777154,0.0587877,0.0501056,17.4463,20.1038,1,1,1,1.00001,1.00001,1.00001
anime,w-high.g-none.v-none,100,0.9,25000,mid,0.113895,0.523973,0.976505,0.85,1,0.00126523,0.00126523,0.00126523,0.0621055,0.0621055,0.0621055,-0.136429,0.120577,-0.118977,3.15142,0.0703925,0.279301,14.9367,0.0263787,0.0263787,0.0263787,737.198,737.198,737.198
anime,w-high.g-none.v-none,100,0.9,25000,mid_greedy,0.244973,0.144568,0.877222,0.55,1,0.000102346,0.000102346,0.000102346,0.0621055,0.0621055,0.0621055,-0.363762,0.251318,-0.473018,42.096,0.263184,0.00532731,3.67597,0.00867101,0.00867101,0.00867101,1541.52,1541.52,1541.52
anime,w-high.g-none.v-none,100,0.9,25000,source,0.00536922,0.99846,0.998663,1,1,1,1,1,0.0621055,0.0621055,0.0621055,-0.0139686,-0.0121569,0.00533797,0.0112951,0.0097354,87.3181,100.608,1,1,1,1.00001,1.00001,1.00001
anime,w-high.g-none.v-none,100,0.9,100000,mid,0.105619,0.708102,0.991404,0.925,1,0.00126523,0.00126523,0.00126523,0.0570101,0.0570101,0.0570101,-0.0891776,0.11507,0.0883089,1.37928,0.0265113,0.751471,63.9497,0.0167234,0.0167234,0.0167234,2184.53,2184.53,2184.53
anime,w-high.g-none.v-none,100,0.9,100000,mid_greedy,0.232598,0.276996,0.951613,0.725,1,0.000102346,0.000102346,0.000102346,0.0570101,0.0570101,0.0570101,0.16073,0.239645,0.301017,12.4232,0.10954,0.0807345,14.4189,0.00475037,0.00475037,0.00475037,4097.16,4097.16,4097.16
anime,w-high.g-none.v-none,100,0.9,100000,source,0.00477415,0.999606,0.999652,1,1,1,1,1,0.0570101,0.0570101,0.0570101,-0.00374867,0.00725772,0.00432416,0.00308249,0.00274848,318.618,363.815,1,1,1,1.00001,1.00001,1.00001
anime,w-none.g-high.v-none,100,0.6,5000,mid,0.0614778,0.989617,0.998283,1,1,0.155058,0.155058,0.155058,0.0742243,0.0742243,0.0742243,-0.0623602,0.063183,0.0684544,0.169699,0.0366152,5.9135,26.5731,0.158297,0.158297,0.158297,47.2815,47.2815,47.2815
anime,w-none.g-high.v-none,100,0.6,5000,mid_greedy,0.395008,0.0472848,0.424094,0.55,0.775,0.0222113,0.0222113,0.0222113,0.0742243,0.0742243,0.0742243,0.214675,0.486554,-0.455889,23.465,1.11292,-5.09847e-05,0.307735,0.023472,0.023472,0.023472,214.182,214.182,214.182
anime,w-none.g-high.v-none,100,0.6,5000,source,0.00125924,0.999728,0.999763,1,1,1,1,1,0.0742243,0.0742243,0.0742243,-0.00849364,-0.0111928,0.00294467,0.0094649,0.0088656,107.45,113.307,1,1,1,1,1,1
anime,w-none.g-high.v-none,100,0.6,25000,mid,0.0652558,0.998806,0.999685,1,1,0.155058,0.155058,0.155058,0.0538073,0.0538073,0.0538073,-0.0215794,0.0631993,0.0729228,0.0252349,0.00883322,39.7478,181.179,0.156656,0.156656,0.156656,66.3245,66.3245,66.3245
anime,w-none.g-high.v-none,100,0.6,25000,mid_greedy,0.420427,0.31951,0.803578,0.75,0.975,0.0222113,0.0222113,0.0222113,0.0538073,0.0538073,0.0538073,-0.230175,0.382147,0.168128,5.35684,0.345697,0.135833,2.09405,0.0219817,0.0219817,0.0219817,368.769,368.769,368.769
anime,w-none.g-high.v-none,100,0.6,25000,source,0.000772201,0.999949,0.999956,1,1,1,1,1,0.0538073,0.0538073,0.0538073,-0.00605424,-0.00560504,0.000729464,0.001681,0.00158961,579.899,613.662,1,1,1,1,1,1
anime,w-none.g-high.v-none,100,0.6,100000,mid,0.0783734,0.999703,0.999873,1,1,0.155058,0.155058,0.155058,0.049383,0.049383,0.049383,0.0077549,0.0765472,0.0605415,0.00750848,0.00741616,130.182,548.233,0.154991,0.154991,0.154991,86.5439,86.5439,86.5439
anime,w-none.g-high.v-none,100,0.6,100000,mid_greedy,0.448601,0.585252,0.924792,0.9,1,0.0222113,0.0222113,0.0222113,0.049383,0.049383,0.049383,-0.111322,0.435883,0.360126,1.4358,0.242065,0.617117,6.83756,0.0228306,0.0228306,0.0228306,407.257,407.257,407.257
anime,w-none.g-high.v-none,100,0.6,100000,source,0.000959953,0.999987,0.999989,1,1,1,1,1,0.049383,0.049383,0.049383,-0.0033175,-0.00319086,0.00102985,0.000466047,0.000441844,2098.01,2209.97,1,1,1,1,1,1
anime,w-none.g-high.v-none,100,0.8,5000,mid,0.047523,0.966863,0.993234,1,1,0.274342,0.274342,0.274342,0.0846279,0.0846279,0.0846279,0.0787054,0.0769953,-0.0297533,0.146959,0.0542945,5.82008,17.3771,0.269291,0.269291,0.269291,41.5261,41.5261,41.5261
anime,w-none.g-high.v-none,100,0.8,5000,mid_greedy,0.301342,0.179785,0.474995,0.6,0.775,0.0298029,0.0298029,0.0298029,0.0846279,0.0846279,0.0846279,-0.457526,0.398569,0.463319,55.6885,1.05107,0.0189616,0.41368,0.0348593,0.0348593,0.0348593,244.751,244.751,244.751
anime,w-none.g-high.v-none,100,0.8,5000,source,0.00338743,0.998807,0.998978,1,1,1,1,1,0.0846279,0.0846279,0.0846279,-0.0180333,-0.0145721,0.00194903,0.0206418,0.0183943,46.5167,52.1761,1,1,1,1.00001,1.00001,1.00001
anime,w-none.g-high.v-none,100,0.8,25000,likelihood,1.03482,0.0187849,0.026498,0.563333,0.576667,0.00820547,0.00820547,0.00820547,0.0640128,0.0640128,0.0640128,0.803558,0.862475,2.46285,11167,217.376,0.000338851,0.00246596,0.0161535,0.0161535,0.0161535,824.449,824.449,824.449
anime,w-none.g-high.v-none,100,0.8,25000,mid,0.0565026,0.996357,0.998787,1,1,0.274342,0.274342,0.274342,0.0640128,0.0640128,0.0640128,-0.00542351,0.0556346,0.0504374,0.0264065,0.0114522,37.4406,107.066,0.273927,0.273927,0.273927,55.532,55.532,55.532
anime,w-none.g-high.v-none,100,0.8,25000,mid_greedy,0.323809,0.413451,0.869293,0.803333,1,0.0298029,0.0298029,0.0298029,0.0640128,0.0640128,0.0640128,-0.0302297,0.311018,0.273794,4.13827,0.256922,0.234672,3.35706,0.0347487,0.0347487,0.0347487,382.764,382.764,382.764
anime,w-none.g-high.v-none,100,0.8,25000,source,0.00144952,0.999785,0.999814,1,1,1,1,1,0.0640128,0.0640128,0.0640128,-0.00255283,-0.00252937,0.00154104,0.00300834,0.00268838,332.577,371.153,1,1,1,1.00001,1.00001,1.00001
anime,w-none.g-high.v-none,100,0.8,25000,value,0.00959886,0.0058554,0.0200189,0.553333,0.586667,0.00688393,0.00688393,0.00688393,0.0640128,0.0640128,0.0640128,-0.0194219,0.0092355,-0.0173441,1.90424,0.0198154,-0.000207327,0.00360835,0.012691,0.012691,0.012691,1109.94,1109.94,1109.94
anime,w-none.g-high.v-none,100,0.8,100000,mid,0.0571996,0.999134,0.999621,1,1,0.274342,0.274342,0.274342,0.0594139,0.0594139,0.0594139,0.0119104,0.0615856,0.0448369,0.00721492,0.00543197,136.684,538.736,0.275233,0.275233,0.275233,70.8683,70.8683,70.8683
anime,w-none.g-high.v-none,100,0.8,100000,mid_greedy,0.330816,0.667681,0.953672,0.925,1,0.0298029,0.0298029,0.0298029,0.0594139,0.0594139,0.0594139,-0.092652,0.314901,0.25401,0.99373,0.145671,0.900919,11.3499,0.0316396,0.0316396,0.0316396,671.765,671.765,671.765
anime,w-none.g-high.v-none,100,0.8,100000,source,0.00132676,0.999946,0.999953,1,1,1,1,1,0.0594139,0.0594139,0.0594139,0.00378431,0.00457507,0.00103611,0.000473314,0.00043792,2157.9,2372.85,1,1,1,1.00001,1.00001,1.00001
anime,w-none.g-high.v-none,100,0.9,5000,mid,0.066298,0.7672,0.967806,0.95,1,0.203708,0.203708,0.203708,0.0902177,0.0902177,0.0902177,-0.0814283,0.0184277,-0.0665281,0.777934,0.122451,1.40719,8.46218,0.221232,0.221232,0.221232,65.6955,65.6955,65.6955
anime,w-none.g-high.v-none,100,0.9,5000,mid_greedy,0.229361,0.267133,0.631611,0.725,0.975,0.0149998,0.0149998,0.0149998,0.0902177,0.0902177,0.0902177,0.652409,0.216954,0.820478,40.9551,0.941346,0.0717409,0.795331,0.0442659,0.0442659,0.0442659,244.017,244.017,244.017
anime,w-none.g-high.v-none,100,0.9,5000,source,0.00323186,0.994291,0.995117,1,1,1,1,1,0.0902177,0.0902177,0.0902177,0.0216609,0.0137054,0.00607778,0.0401213,0.0342663,26.9472,30.9786,1,1,1,1.00001,1.00001,1.00001
anime,w-none.g-high.v-none,100,0.9,25000,mid,0.0639671,0.971229,0.994016,1,1,0.203708,0.203708,0.203708,0.0687842,0.0687842,0.0687842,-0.00680019,0.0402919,0.0652274,0.110094,0.0233398,9.74365,43.1249,0.21799,0.21799,0.21799,93.3684,93.3684,93.3684
anime,w-none.g-high.v-none,100,0.9,25000,mid_greedy,0.231987,0.390626,0.885979,0.825,1,0.0149998,0.0149998,0.0149998,0.0687842,0.0687842,0.0687842,-0.238234,0.195013,-0.242127,6.46935,0.227026,0.128821,3.99079,0.0340819,0.0340819,0.0340819,450.514,450.514,450.514
anime,w-none.g-high.v-none,100,0.9,25000,source,0.00198354,0.998868,0.99904,1,1,1,1,1,0.0687842,0.0687842,0.0687842,-0.010804,-0.0100084,0.00195648,0.00867528,0.00732385,112.127,133.03,1,1,1,1.00001,1.00001,1.00001
anime,w-none.g-high.v-none,100,0.9,100000,mid,0.0574302,0.99135,0.998127,1,1,0.203708,0.203708,0.203708,0.0641534,0.0641534,0.0641534,-0.0257387,0.0623809,0.0575177,0.041177,0.0106112,23.7171,132.458,0.202106,0.202106,0.202106,186.55,186.55,186.55
anime,w-none.g-high.v-none,100,0.9,100000,mid_greedy,0.214313,0.537295,0.964448,0.925,1,0.0149998,0.0149998,0.0149998,0.0641534,0.0641534,0.0641534,-0.0849348,0.212285,0.123071,3.22034,0.0932341,0.304071,14.7402,0.0239299,0.0239299,0.0239299,1694.66,1694.66,1694.66
anime,w-none.g-high.v-none,100,0.9,100000,source,0.0020577,0.999725,0.999764,1,1,1,1,1,0.0641534,0.0641534,0.0641534,-0.00475019,-0.00407552,0.00207527,0.00184672,0.00156921,531.513,627.367,1,1,1,1.00001,1.00001,1.00001
anime,w-none.g-none.v-high,100,0.6,5000,mid,-0.0083944,0.997633,0.999103,1,1,0.343539,0.343539,0.343539,0.0767503,0.0767503,0.0767503,0.0169667,0.0222458,-0.0157865,0.046398,0.0175986,20.1021,55.0134,0.345491,0.345491,0.345491,13.8788,13.8788,13.8788
anime,w-none.g-none.v-high,100,0.6,5000,mid_greedy,0.38494,0.000542292,0.373441,0.475,0.8,0.0142263,0.0142263,0.0142263,0.0767503,0.0767503,0.0767503,1.11852,0.410256,0.806962,96.379,2.12649,-0.00585281,0.216949,0.0150562,0.0150562,0.0150562,309.789,309.789,309.789
anime,w-none.g-none.v-high,100,0.6,5000,source,0.00243355,0.999752,0.999785,1,1,1,1,1,0.0767503,0.0767503,0.0767503,0.0111849,0.0127466,0.000602917,0.00639392,0.00601859,154.286,164.876,1,1,1,1,1,1
anime,w-none.g-none.v-high,100,0.6,25000,mid,0.0149971,0.999623,0.999845,1,1,0.343539,0.343539,0.343539,0.0566174,0.0566174,0.0566174,-0.00918499,0.0187277,0.00907745,0.00867415,0.00471548,116.605,238.814,0.343584,0.343584,0.343584,16.0966,16.0966,16.0966
anime,w-none.g-none.v-high,100,0.6,25000,mid_greedy,0.347447,0.117257,0.687861,0.6,0.975,0.0142263,0.0142263,0.0142263,0.0566174,0.0566174,0.0566174,0.177967,0.410567,-0.0684417,15.1131,0.579759,0.0234473,1.42043,0.0147222,0.0147222,0.0147222,467.977,467.977,467.977
anime,w-none.g-none.v-high,100,0.6,25000,source,0.000388734,0.999956,0.999962,1,1,1,1,1,0.0566174,0.0566174,0.0566174,-0.00632607,-0.00608635,0.000419059,0.0016899,0.00161307,579.21,607.812,1,1,1,1,1,1
anime,w-none.g-none.v-high,100,0.6,100000,mid,0.00905571,0.999912,0.999956,1,1,0.343539,0.343539,0.343539,0.0521859,0.0521859,0.0521859,-0.00660887,0.00832701,0.00883129,0.00189316,0.00106436,516.744,1022.87,0.343592,0.343592,0.343592,18.0901,18.0901,18.0901
anime,w-none.g-none.v-high,100,0.6,100000,mid_greedy,0.375039,0.402621,0.862059,0.825,1,0.0142263,0.0142263,0.0142263,0.0521859,0.0521859,0.0521859,-0.217041,0.405076,0.298586,3.68053,0.256848,0.240881,6.99121,0.0144543,0.0144543,0.0144543,609.118,609.118,609.118
anime,w-none.g-none.v-high,100,0.6,100000,source,-0.000195413,0.999989,0.99999,1,1,1,1,1,0.0521859,0.0521859,0.0521859,-0.00217353,-0.0022233,0.000179068,0.000301567,0.000289416,3254.82,3387.85,1,1,1,1,1,1
anime,w-none.g-none.v-high,100,0.8,5000,mid,0.00397197,0.98364,0.994104,1,1,0.336805,0.336805,0.336805,0.0872706,0.0872706,0.0872706,0.0726169,0.0316236,0.0357321,0.132776,0.0566023,9.26195,19.6022,0.335862,0.335862,0.335862,20.5409,20.5409,20.5409
anime,w-none.g-none.v-high,100,0.8,5000,mid_greedy,0.325789,0.0627468,0.6421,0.55,0.925,0.0169402,0.0169402,0.0169402,0.0872706,0.0872706,0.0872706,-0.793119,0.191268,-0.729335,61.7348,1.23559,-0.00579377,0.846061,0.023625,0.023625,0.023625,277.219,277.219,277.219
anime,w-none.g-none.v-high,100,0.8,5000,source,0.00229818,0.999083,0.999218,1,1,1,1,1,0.0872706,0.0872706,0.0872706,-0.0148198,-0.0121702,-0.000835145,0.0186303,0.0169019,54.5709,60.4626,1,1,1,1,1,1
anime,w-none.g-none.v-high,100,0.8,25000,likelihood,0.951974,0.0368618,0.02046,0.62,0.56,0.049507,0.049507,0.049507,0.0676539,0.0676539,0.0676539,0.262536,0.913433,1.50889,1288.53,88.054,0.00154379,0.00230444,0.050936,0.050936,0.050936,203.601,203.601,203.601
anime,w-none.g-none.v-high,100,0.8,25000,mid,0.010847,0.996992,0.998795,1,1,0.336805,0.336805,0.336805,0.0676539,0.0676539,0.0676539,0.00482277,0.0105176,0.0120381,0.0232532,0.0091657,43.8256,111.13,0.337072,0.337072,0.337072,26.9925,26.9925,26.9925
anime,w-none.g-none.v-high,100,0.8,25000,mid_greedy,0.318923,0.285775,0.812256,0.71,0.996667,0.0169402,0.0169402,0.0169402,0.0676539,0.0676539,0.0676539,0.0636533,0.312048,0.394573,11.934,0.369421,0.103224,2.70467,0.0197956,0.0197956,0.0197956,525.026,525.026,525.026
anime,w-none.g-none.v-high,100,0.8,25000,source,0.00319127,0.999827,0.999852,1,1,1,1,1,0.0676539,0.0676539,0.0676539,0.00595789,0.0087106,0.00251938,0.00291822,0.00265252,351.503,395.212,1,1,1,1.00001,1.00001,1.00001
anime,w-none.g-none.v-high,100,0.8,25000,value,0.00847406,0.0113435,0.0227501,0.543333,0.57,0.0148376,0.0148376,0.0148376,0.0676539,0.0676539,0.0676539,-0.00965341,0.00890706,0.00890861,0.481795,0.0130431,-1.24715e-05,0.0045134,0.0180238,0.0180238,0.0180238,578.23,578.23,578.23
anime,w-none.g-none.v-high,100,0.8,100000,mid,0.0112555,0.999284,0.999664,1,1,0.336805,0.336805,0.336805,0.0632739,0.0632739,0.0632739,0.0102574,0.0090165,0.0161441,0.00524906,0.00178851,199.964,587.042,0.336511,0.336511,0.336511,33.4963,33.4963,33.4963
anime,w-none.g-none.v-high,100,0.8,100000,mid_greedy,0.32666,0.485024,0.922632,0.875,1,0.0169402,0.0169402,0.0169402,0.0632739,0.0632739,0.0632739,-0.134568,0.30205,0.157119,2.486,0.156838,0.359042,11.3987,0.0185438,0.0185438,0.0185438,773.212,773.212,773.212
anime,w-none.g-none.v-high,100,0.8,100000,source,0.00318058,0.999956,0.999963,1,1,1,1,1,0.0632739,0.0632739,0.0632739,-0.00388531,0.00164863,0.00307973,0.000722708,0.000660088,1358.24,1533.78,1,1,1,1.00001,1.00001,1.00001
anime,w-none.g-none.v-high,100,0.9,5000,mid,0.00741224,0.967959,0.984958,1,1,0.536287,0.536287,0.536287,0.0927058,0.0927058,0.0927058,0.0789624,0.069093,-0.00831116,0.143681,0.0820109,8.65113,15.0006,0.536937,0.536937,0.536937,14.0048,14.0048,14.0048
anime,w-none.g-none.v-high,100,0.9,5000,mid_greedy,0.0222507,0.854953,0.964651,0.975,1,0.279281,0.279281,0.279281,0.0927058,0.0927058,0.0927058,0.0640836,-0.0210978,0.0662485,0.54048,0.132807,2.25746,7.90857,0.284508,0.284508,0.284508,38.1189,38.1189,38.1189
anime,w-none.g-none.v-high,100,0.9,5000,source,0.00669653,0.995817,0.996471,1,1,1,1,1,0.0927058,0.0927058,0.0927058,0.0667056,0.0667116,-0.00194453,0.0384223,0.0339619,33.773,38.8406,1,1,1,1.00001,1.00001,1.00001
anime,w-none.g-none.v-high,100,0.9,25000,mid,0.0114254,0.992828,0.99654,1,1,0.536287,0.536287,0.536287,0.0725969,0.0725969,0.0725969,0.0426134,0.0329021,0.0150881,0.0286525,0.0160079,33.8194,62.3799,0.537656,0.537656,0.537656,18.8477,18.8477,18.8477
anime,w-none.g-none.v-high,100,0.9,25000,mid_greedy,0.0360384,0.969352,0.99265,1,1,0.279281,0.279281,0.279281,0.0725969,0.0725969,0.0725969,0.0416076,0.0568586,0.0257191,0.0886126,0.023512,10.3761,44.2522,0.282616,0.282616,0.282616,56.2032,56.2032,56.2032
anime,w-none.g-none.v-high,100,0.9,25000,source,0.00732404,0.999064,0.999223,1,1,1,1,1,0.0725969,0.0725969,0.0725969,0.0151405,-0.00729645,0.00926348,0.0114669,0.00953121,85.138,101.736,1,1,1,1.00001,1.00001,1.00001
anime,w-none.g-none.v-high,100,0.9,100000,mid,0.0113167,0.998378,0.999128,1,1,0.536287,0.536287,0.536287,0.0682903,0.0682903,0.0682903,-0.0120086,0.00882843,0.011149,0.00867097,0.00492948,113.292,203.587,0.537421,0.537421,0.537421,25.8723,25.8723,25.8723
anime,w-none.g-none.v-high,100,0.9,100000,mid_greedy,0.0344782,0.993771,0.997933,1,1,0.279281,0.279281,0.279281,0.0682903,0.0682903,0.0682903,-0.0126183,0.0330626,0.0412524,0.0287949,0.00919797,35.5994,118.061,0.280263,0.280263,0.280263,87.156,87.156,87.156
anime,w-none.g-none.v-high,100,0.9,100000,source,0.00754705,0.999779,0.999815,1,1,1,1,1,0.0682903,0.0682903,0.0682903,-0.00204673,-0.00576591,0.00811242,0.00210516,0.00179524,468.205,548.931,1,1,1,1.00001,1.00001,1.00001
kuairand,high,100,0.6,5000,mid,0.154608,0.66539,0.991085,0.875,1,0.0386834,0.0386834,0.0386834,0.0767688,0.0767688,0.0767688,-0.0265629,0.192901,0.0997119,1.7875,0.0793626,0.488829,15.6703,0.0562659,0.0562659,0.0562659,193.634,193.634,193.634
kuairand,high,100,0.6,5000,mid_greedy,0.195079,0.486137,0.980084,0.775,1,0.0167949,0.0167949,0.0167949,0.0767688,0.0767688,0.0767688,0.153825,0.251114,0.178868,7.6453,0.120127,0.115153,10.1166,0.0335762,0.0335762,0.0335762,307.084,307.084,307.084
kuairand,high,100,0.6,5000,source,0.00112889,0.999471,0.999547,1,1,1,1,1,0.0767688,0.0767688,0.0767688,-0.0175275,-0.0164992,0.00117804,0.0131802,0.011854,74.1177,82.5738,1,1,1,1.00275,1.00275,1.00275
kuairand,high,100,0.6,25000,mid,0.166822,0.947033,0.997602,0.975,1,0.0386834,0.0386834,0.0386834,0.0640277,0.0640277,0.0640277,0.0496391,0.180769,0.0894924,0.191017,0.0420994,4.53842,72.0492,0.043716,0.043716,0.043716,409.824,409.824,409.824
kuairand,high,100,0.6,25000,mid_greedy,0.211662,0.902624,0.995028,0.975,1,0.0167949,0.0167949,0.0167949,0.0640277,0.0640277,0.0640277,-0.0389747,0.221048,0.161409,0.313275,0.0597478,2.92015,56.9696,0.0243086,0.0243086,0.0243086,671.388,671.388,671.388
kuairand,high,100,0.6,25000,source,0.00577998,0.9999,0.999914,1,1,1,1,1,0.0640277,0.0640277,0.0640277,-0.0080247,0.00152099,0.00563798,0.00294363,0.00271995,334.097,373.81,1,1,1,1,1,1
kuairand,high,100,0.6,100000,mid,0.183417,0.993321,0.998328,1,1,0.0386834,0.0386834,0.0386834,0.0611607,0.0611607,0.0611607,-0.017162,0.192429,0.164622,0.0564064,0.0386782,16.775,401.067,0.043956,0.043956,0.043956,585.827,585.827,585.827
kuairand,high,100,0.6,100000,mid_greedy,0.232978,0.974951,0.996356,1,1,0.0167949,0.0167949,0.0167949,0.0611607,0.0611607,0.0611607,0.0706989,0.240062,0.162854,0.111677,0.0598375,8.05097,268.426,0.0225641,0.0225641,0.0225641,1050.16,1050.16,1050.16
kuairand,high,100,0.6,100000,source,0.00689523,0.999976,0.999978,1,1,1,1,1,0.0611607,0.0611607,0.0611607,-0.00421953,0.00688675,0.00669167,0.000839839,0.000833274,1169.39,1292.78,1,1,1,1,1,1
kuairand,high,100,0.8,5000,mid,0.162245,0.645571,0.973205,0.875,1,0.0396065,0.0396065,0.0396065,0.088266,0.088266,0.088266,0.13166,0.130354,0.332982,3.78903,0.0921446,0.423864,10.619,0.0891068,0.0891068,0.0891068,181.012,181.012,181.012
kuairand,high,100,0.8,5000,mid_greedy,0.228325,0.571814,0.938642,0.875,1,0.00927581,0.00927581,0.00927581,0.088266,0.088266,0.088266,0.453203,0.186967,0.667055,10.422,0.168842,0.233798,5.35466,0.0516335,0.0516335,0.0516335,283.34,283.34,283.34
kuairand,high,100,0.8,5000,source,0.0075822,0.997957,0.998301,1,1,1,1,1,0.088266,0.088266,0.088266,0.0623659,0.0638733,0.0017532,0.0346726,0.0302643,36.994,43.5298,1,1,1,1.00403,1.00403,1.00403
kuairand,high,100,0.8,25000,likelihood,1.33883,0.0407753,0.384775,0.603333,1,1.95657e-06,1.95657e-06,1.95657e-06,0.0756145,0.0756145,0.0756145,-2.27867,1.33081,-1.90591,5848.32,4.43135,-0.00117602,0.948344,0.00137284,0.00137284,0.00137284,12573.3,12573.3,12573.3
kuairand,high,100,0.8,25000,mid,0.18991,0.87637,0.991791,0.986667,1,0.0396065,0.0396065,0.0396065,0.0756145,0.0756145,0.0756145,0.00853141,0.193407,0.203561,0.683295,0.0540122,1.51243,40.5538,0.0698844,0.0698844,0.0698844,410.505,410.505,410.505
kuairand,high,100,0.8,25000,mid_greedy,0.263434,0.689989,0.981408,0.926667,1,0.00927581,0.00927581,0.00927581,0.0756145,0.0756145,0.0756145,0.0433073,0.266291,0.155203,8.16025,0.0975106,0.102165,21.4552,0.0345761,0.0345761,0.0345761,803.135,803.135,803.135
kuairand,high,100,0.8,25000,source,0.0101171,0.99959,0.999654,1,1,1,1,1,0.0756145,0.0756145,0.0756145,-0.00366262,0.00770821,0.0102651,0.00560616,0.00494085,177.315,208.1,1,1,1,1.00001,1.00001,1.00001
kuairand,high,100,0.8,25000,value,0.0190472,-0.0256895,-0.0924349,0.4,0.223333,2.42203e-06,2.42203e-06,2.42203e-06,0.0756145,0.0756145,0.0756145,0.0669056,0.0196988,0.154764,1087.11,0.00310176,9.39782e-06,0.090468,0.00120357,0.00120357,0.00120357,12706.2,12706.2,12706.2
kuairand,high,100,0.8,100000,mid,0.196012,0.957816,0.995533,1,1,0.0396065,0.0396065,0.0396065,0.0728229,0.0728229,0.0728229,0.121491,0.198924,0.315664,0.421422,0.0440237,3.10521,149.105,0.0543356,0.0543356,0.0543356,905.881,905.881,905.881
kuairand,high,100,0.8,100000,mid_greedy,0.271474,0.888428,0.989786,1,1,0.00927581,0.00927581,0.00927581,0.0728229,0.0728229,0.0728229,0.404412,0.274494,0.67886,5.8884,0.0816586,0.362843,88.4925,0.0226355,0.0226355,0.0226355,2150.89,2150.89,2150.89
kuairand,high,100,0.8,100000,source,0.0110479,0.999898,0.99991,1,1,1,1,1,0.0728229,0.0728229,0.0728229,-0.00353032,0.00616698,0.0113764,0.00122457,0.00107564,802.289,977.371,1,1,1,1.00001,1.00001,1.00001
kuairand,high,100,0.9,5000,mid,0.309309,0.224594,0.740053,0.65,1,0.00028328,0.00028328,0.00028328,0.0930748,0.0930748,0.0930748,0.60802,0.313958,0.32974,19.2445,0.49201,-0.00615225,1.38422,0.0552112,0.0552112,0.0552112,266.683,266.683,266.683
kuairand,high,100,0.9,5000,mid_greedy,0.309309,0.224594,0.740053,0.65,1,0.00028328,0.00028328,0.00028328,0.0930748,0.0930748,0.0930748,0.60802,0.313958,0.32974,19.2445,0.49201,-0.00615225,1.38422,0.0552112,0.0552112,0.0552112,266.683,266.683,266.683
kuairand,high,100,0.9,5000,source,0.00780775,0.98955,0.991365,1,1,1,1,1,0.0930748,0.0930748,0.0930748,0.0537081,0.055475,0.00466291,0.0669351,0.0566854,17.5457,20.9351,1,1,1,1.0058,1.0058,1.0058
kuairand,high,100,0.9,25000,mid,0.351706,0.472108,0.921195,0.875,1,0.00028328,0.00028328,0.00028328,0.0802576,0.0802576,0.0802576,0.222172,0.336935,0.4134,7.26899,0.191976,0.143305,6.57742,0.0285447,0.0285447,0.0285447,863.449,863.449,863.449
kuairand,high,100,0.9,25000,mid_greedy,0.351706,0.472108,0.921195,0.875,1,0.00028328,0.00028328,0.00028328,0.0802576,0.0802576,0.0802576,0.222172,0.336935,0.4134,7.26899,0.191976,0.143305,6.57742,0.0285447,0.0285447,0.0285447,863.449,863.449,863.449
kuairand,high,100,0.9,25000,source,0.0153666,0.998015,0.998353,1,1,1,1,1,0.0802576,0.0802576,0.0802576,-0.0118803,0.0184175,0.0143623,0.0119428,0.0104995,84.24,102.673,1,1,1,1.00001,1.00001,1.00001
kuairand,high,100,0.9,100000,mid,0.374322,0.563704,0.955845,0.925,1,0.00028328,0.00028328,0.00028328,0.0774872,0.0774872,0.0774872,0.123798,0.369019,0.221494,2.39411,0.154745,0.358804,25.9164,0.0134165,0.0134165,0.0134165,2514.37,2514.37,2514.37
kuairand,high,100,0.9,100000,mid_greedy,0.374322,0.563704,0.955845,0.925,1,0.00028328,0.00028328,0.00028328,0.0774872,0.0774872,0.0774872,0.123798,0.369019,0.221494,2.39411,0.154745,0.358804,25.9164,0.0134165,0.0134165,0.0134165,2514.37,2514.37,2514.37
kuairand,high,100,0.9,100000,source,0.0169849,0.999504,0.999574,1,1,1,1,1,0.0774872,0.0774872,0.0774872,-0.00565149,0.0114108,0.0173205,0.00291784,0.00263804,336.126,407.731,1,1,1,1.00001,1.00001,1.00001
kuairand,none,100,0.6,5000,mid,-0.00660432,0.999232,0.99976,1,1,0.424644,0.424644,0.424644,0.0581237,0.0581237,0.0581237,-0.0170382,-0.0141986,0.0207707,0.0271393,0.0101248,35.0701,98.1187,0.424251,0.424251,0.424251,18.317,18.317,18.317
kuairand,none,100,0.6,5000,mid_greedy,3.11624,0.00631123,0.0221954,0.5,0.6,0.01937,0.01937,0.01937,0.0581237,0.0581237,0.0581237,-91.0291,22.5692,-82.6488,2.52998e+06,134380,-0.00326964,0.00386961,0.0217704,0.0217704,0.0217704,254.853,254.853,254.853
kuairand,none,100,0.6,5000,source,0.000785813,0.999932,0.99994,1,1,1,1,1,0.0581237,0.0581237,0.0581237,-0.00740704,-0.00815358,0.00155353,0.00445714,0.00400643,224.871,248.278,1,1,1,1.00186,1.00186,1.00186
kuairand,none,100,0.6,25000,mid,0.00552691,0.999854,0.999951,1,1,0.424644,0.424644,0.424644,0.0261383,0.0261383,0.0261383,-0.00910105,-0.00363185,-0.00635894,0.00703929,0.00269718,137.823,363.752,0.424816,0.424816,0.424816,21.1172,21.1172,21.1172
kuairand,none,100,0.6,25000,mid_greedy,0.953085,-0.00834421,0.00239113,0.4,0.525,0.01937,0.01937,0.01937,0.0261383,0.0261383,0.0261383,-42.5684,-13.2942,-29.5932,417825,30390.2,-0.00434487,-0.00586846,0.0214442,0.0214442,0.0214442,376.933,376.933,376.933
kuairand,none,100,0.6,25000,source,0.000756092,0.999987,0.999989,1,1,1,1,1,0.0261383,0.0261383,0.0261383,0.00216999,0.00307107,0.000201973,0.000807555,0.000753089,1233.48,1330.76,1,1,1,1,1,1
kuairand,none,100,0.6,100000,mid,-0.000339503,0.999967,0.999988,1,1,0.424644,0.424644,0.424644,0.0135925,0.0135925,0.0135925,-0.00483894,-0.00301396,-0.00146459,0.00106597,0.000438812,915.117,2238.26,0.425695,0.425695,0.425695,25.3823,25.3823,25.3823
kuairand,none,100,0.6,100000,mid_greedy,0.408342,-0.0112375,0.0125514,0.375,0.525,0.01937,0.01937,0.01937,0.0135925,0.0135925,0.0135925,-29.7481,-3.5802,-25.1486,145617,6224.54,-0.00612484,-0.0020347,0.019236,0.019236,0.019236,603.208,603.208,603.208
kuairand,none,100,0.6,100000,source,-0.000125577,0.999997,0.999997,1,1,1,1,1,0.0135925,0.0135925,0.0135925,-0.00198282,-0.00183994,2.68486e-05,0.000182979,0.000170325,5341.8,5746.12,1,1,1,1,1,1
kuairand,none,100,0.8,5000,mid,-0.00440828,0.994516,0.998311,1,1,0.436098,0.436098,0.436098,0.0616605,0.0616605,0.0616605,0.0254576,0.0168367,-0.0114861,0.0506634,0.0199926,18.3553,48.029,0.445014,0.445014,0.445014,24.1723,24.1723,24.1723
kuairand,none,100,0.8,5000,mid_greedy,1.388,0.0184575,0.0257983,0.5,0.625,0.0652729,0.0652729,0.0652729,0.0616605,0.0616605,0.0616605,-143.171,-59.0339,-88.3963,2.21882e+06,339580,-0.00914115,-0.010101,0.0735132,0.0735132,0.0735132,98.3179,98.3179,98.3179
kuairand,none,100,0.8,5000,source,0.002216,0.99967,0.999715,1,1,1,1,1,0.0616605,0.0616605,0.0616605,-0.0132531,-0.0121283,0.00210679,0.00743656,0.00649023,131.309,149.887,1,1,1,1.00281,1.00281,1.00281
kuairand,none,100,0.8,25000,likelihood,36.7237,-0.00454524,0.0238109,0.453333,0.543333,0.0632446,0.0632446,0.0632446,0.0280684,0.0280684,0.0280684,4646.7,-267.133,4586.53,5.45859e+09,2.50498e+08,0.00397033,-0.000285578,0.0647262,0.0647262,0.0647262,197.742,197.742,197.742
kuairand,none,100,0.8,25000,mid,-0.000890478,0.998977,0.999718,1,1,0.436098,0.436098,0.436098,0.0280684,0.0280684,0.0280684,-0.00192342,-0.00215396,-0.00176029,0.0115303,0.00457738,87.6472,219.563,0.436056,0.436056,0.436056,35.8372,35.8372,35.8372
kuairand,none,100,0.8,25000,mid_greedy,0.189169,-0.00125952,0.00477753,0.473333,0.503333,0.0652729,0.0652729,0.0652729,0.0280684,0.0280684,0.0280684,3.07072,-3.5146,-5.23912,395147,58141.2,1.61035e-05,-0.000212616,0.0664679,0.0664679,0.0664679,193.361,193.361,193.361
kuairand,none,100,0.8,25000,source,0.000420563,0.99994,0.999949,1,1,1,1,1,0.0280684,0.0280684,0.0280684,-0.00242867,-0.00222529,0.000398752,0.0018657,0.00162734,534.297,612.086,1,1,1,1.00001,1.00001,1.00001
kuairand,none,100,0.8,25000,value,4.8754e-05,0.00197818,0.00478846,0.513333,0.513333,0.0651066,0.0651066,0.0651066,0.0280684,0.0280684,0.0280684,-0.000995617,-0.00079295,-0.00114487,0.0163192,0.00239852,-5.96433e-05,-0.000260461,0.066345,0.066345,0.066345,193.178,193.178,193.178
kuairand,none,100,0.8,100000,mid,0.00162968,0.999749,0.99993,1,1,0.436098,0.436098,0.436098,0.0142157,0.0142157,0.0142157,-0.00681988,-0.00491997,0.00338198,0.00273339,0.00113505,357.296,865.082,0.436917,0.436917,0.436917,44.4808,44.4808,44.4808
kuairand,none,100,0.8,100000,mid_greedy,0.594936,0.00325499,0.00915088,0.5,0.525,0.0652729,0.0652729,0.0652729,0.0142157,0.0142157,0.0142157,13.6693,7.07057,1.65178,108180,14859.9,0.00172877,0.00340944,0.0647525,0.0647525,0.0647525,311.711,311.711,311.711
kuairand,none,100,0.8,100000,source,-0.000155554,0.999986,0.999988,1,1,1,1,1,0.0142157,0.0142157,0.0142157,-0.00190596,-0.00210123,0.000328396,0.000412693,0.000369737,2413.91,2683.96,1,1,1,1.00001,1.00001,1.00001
kuairand,none,100,0.9,5000,mid,-0.00854583,0.859315,0.975353,0.95,1,0.379777,0.379777,0.379777,0.0633492,0.0633492,0.0633492,-0.0655717,0.0180633,-0.0495955,0.371996,0.13231,2.3271,6.74516,0.396215,0.396215,0.396215,34.6293,34.6293,34.6293
kuairand,none,100,0.9,5000,mid_greedy,2.68662,0.0011228,0.00497078,0.475,0.475,0.156651,0.156651,0.156651,0.0633492,0.0633492,0.0633492,78.7005,35.6423,47.5786,5.98149e+06,462807,0.00104273,0.00276206,0.159874,0.159874,0.159874,61.5888,61.5888,61.5888
kuairand,none,100,0.9,5000,source,0.00319557,0.998469,0.998708,1,1,1,1,1,0.0633492,0.0633492,0.0633492,-0.0209238,-0.0171513,0.00105836,0.0257258,0.0220988,37.2792,43.3619,1,1,1,1.00404,1.00404,1.00404
kuairand,none,100,0.9,25000,mid,-0.00262415,0.984139,0.99705,1,1,0.379777,0.379777,0.379777,0.0286398,0.0286398,0.0286398,-0.0183115,-0.00669526,-0.014312,0.0636095,0.018565,14.8767,51.9679,0.389963,0.389963,0.389963,57.0442,57.0442,57.0442
kuairand,none,100,0.9,25000,mid_greedy,-0.590815,0.00633471,0.00658677,0.525,0.55,0.156651,0.156651,0.156651,0.0286398,0.0286398,0.0286398,-26.7616,14.6277,-23.1131,398557,92342.4,-0.00180016,0.00234467,0.162529,0.162529,0.162529,87.7265,87.7265,87.7265
kuairand,none,100,0.9,25000,source,0.000490947,0.999718,0.999761,1,1,1,1,1,0.0286398,0.0286398,0.0286398,-0.00790664,-0.00687819,-0.000781448,0.00386098,0.00327179,252.523,298.361,1,1,1,1.00001,1.00001,1.00001
kuairand,none,100,0.9,100000,mid,0.000809533,0.995738,0.999264,1,1,0.379777,0.379777,0.379777,0.0144262,0.0144262,0.0144262,0.0228072,0.0183723,-0.00804716,0.018746,0.00554456,51.7322,184.152,0.373242,0.373242,0.373242,93.7235,93.7235,93.7235
kuairand,none,100,0.9,100000,mid_greedy,0.331555,0.0234877,0.0248857,0.675,0.65,0.156651,0.156651,0.156651,0.0144262,0.0144262,0.0144262,13.2113,7.30818,9.43732,83195.7,24246.5,0.00222789,0.00246103,0.157445,0.157445,0.157445,163.669,163.669,163.669
kuairand,none,100,0.9,100000,source,0.000446533,0.999928,0.999939,1,1,1,1,1,0.0144262,0.0144262,0.0144262,0.00260264,0.00311389,-0.000407874,0.000924268,0.000784604,1078.86,1277.38,1,1,1,1.00001,1.00001,1.00001
kuairand,w-high.g-none.v-none,100,0.6,5000,mid,0.0585831,0.990053,0.998724,1,1,0.112513,0.112513,0.112513,0.0693814,0.0693814,0.0693814,-0.0430508,0.0580565,-0.0411968,0.158432,0.0308361,5.69317,32.081,0.139227,0.139227,0.139227,109.525,109.525,109.525
kuairand,w-high.g-none.v-none,100,0.6,5000,mid_greedy,0.423055,0.0432567,0.525843,0.5,0.85,0.0078461,0.0078461,0.0078461,0.0693814,0.0693814,0.0693814,-0.604731,0.446113,-0.247133,27.8985,0.939358,0.0344775,0.523012,0.0148801,0.0148801,0.0148801,425.055,425.055,425.055
kuairand,w-high.g-none.v-none,100,0.6,5000,source,0.00228702,0.999866,0.999881,1,1,1,1,1,0.0693814,0.0693814,0.0693814,0.00828988,-0.00246028,0.00351769,0.00550675,0.00497045,189.06,205.171,1,1,1,1.00239,1.00239,1.00239
kuairand,w-high.g-none.v-none,100,0.6,25000,mid,0.0791283,0.998517,0.999686,1,1,0.112513,0.112513,0.112513,0.0515353,0.0515353,0.0515353,0.043751,0.0847392,0.0335718,0.026799,0.0124923,36.3297,157.826,0.125089,0.125089,0.125089,200.902,200.902,200.902
kuairand,w-high.g-none.v-none,100,0.6,25000,mid_greedy,0.468576,0.233108,0.812186,0.575,1,0.0078461,0.0078461,0.0078461,0.0515353,0.0515353,0.0515353,-0.281982,0.425296,-0.226757,8.07123,0.329583,0.0722617,2.57357,0.0117928,0.0117928,0.0117928,941.702,941.702,941.702
kuairand,w-high.g-none.v-none,100,0.6,25000,source,0.00185445,0.999971,0.999974,1,1,1,1,1,0.0515353,0.0515353,0.0515353,0.00344961,0.00564777,0.00129848,0.00155906,0.00146431,637.259,686.783,1,1,1,1,1,1
kuairand,w-high.g-none.v-none,100,0.6,100000,mid,0.0742926,0.999552,0.999832,1,1,0.112513,0.112513,0.112513,0.0467518,0.0467518,0.0467518,-0.0115098,0.0702664,0.0702534,0.00647149,0.00570484,151.789,1129.63,0.124416,0.124416,0.124416,278.712,278.712,278.712
kuairand,w-high.g-none.v-none,100,0.6,100000,mid_greedy,0.454142,0.380572,0.922785,0.825,1,0.0078461,0.0078461,0.0078461,0.0467518,0.0467518,0.0467518,0.226268,0.447605,-0.0334844,2.38292,0.233051,0.223799,11.6391,0.0101978,0.0101978,0.0101978,1736.79,1736.79,1736.79
kuairand,w-high.g-none.v-none,100,0.6,100000,source,0.00109817,0.999993,0.999994,1,1,1,1,1,0.0467518,0.0467518,0.0467518,-0.00223452,-0.00260646,0.00135213,0.000366277,0.000335591,2704.07,2925.56,1,1,1,1,1,1
kuairand,w-high.g-none.v-none,100,0.8,5000,mid,0.0908509,0.935838,0.992691,1,1,0.0585588,0.0585588,0.0585588,0.0766129,0.0766129,0.0766129,0.0970721,0.11762,-0.043313,0.226229,0.057627,3.59338,17.7049,0.174662,0.174662,0.174662,103.636,103.636,103.636
kuairand,w-high.g-none.v-none,100,0.8,5000,mid_greedy,0.317334,0.285205,0.723069,0.7,0.975,0.00836059,0.00836059,0.00836059,0.0766129,0.0766129,0.0766129,-0.249537,0.311319,-0.135499,6.6058,0.454495,0.0977801,1.38154,0.0513576,0.0513576,0.0513576,250.391,250.391,250.391
kuairand,w-high.g-none.v-none,100,0.8,5000,source,0.00693941,0.999213,0.999311,1,1,1,1,1,0.0766129,0.0766129,0.0766129,0.00789982,0.0171968,0.00503881,0.0137833,0.0125991,70.1008,77.4099,1,1,1,1.0036,1.0036,1.0036
kuairand,w-high.g-none.v-none,100,0.8,25000,likelihood,11.7821,-0.0407109,-0.0778821,0.433333,0.37,0.000911088,0.000911088,0.000911088,0.0584182,0.0584182,0.0584182,14.183,12.5274,12.2345,389894,6231.71,0.000500173,0.0236846,0.00816878,0.00816878,0.00816878,1271.44,1271.44,1271.44
kuairand,w-high.g-none.v-none,100,0.8,25000,mid,0.0941734,0.978604,0.998489,1,1,0.0585588,0.0585588,0.0585588,0.0584182,0.0584182,0.0584182,-0.0125536,0.0885771,0.096388,0.13214,0.0157717,7.67113,105.664,0.110035,0.110035,0.110035,340.288,340.288,340.288
kuairand,w-high.g-none.v-none,100,0.8,25000,mid_greedy,0.302362,0.590215,0.944104,0.873333,1,0.00836059,0.00836059,0.00836059,0.0584182,0.0584182,0.0584182,-0.0682377,0.29061,0.24127,4.8894,0.152665,0.191094,7.92618,0.028785,0.028785,0.028785,842.672,842.672,842.672
kuairand,w-high.g-none.v-none,100,0.8,25000,source,0.00300091,0.999855,0.999872,1,1,1,1,1,0.0584182,0.0584182,0.0584182,-0.00231074,0.00306456,0.00290914,0.00233671,0.00206752,425.878,482.34,1,1,1,1.00001,1.00001,1.00001
kuairand,w-high.g-none.v-none,100,0.8,25000,value,0.0152004,0.00826494,-0.0214701,0.526667,0.39,0.000684386,0.000684386,0.000684386,0.0584182,0.0584182,0.0584182,-0.0304253,0.013805,-0.027419,0.787563,0.0072017,-0.00118104,0.026538,0.00811439,0.00811439,0.00811439,1339.47,1339.47,1339.47
kuairand,w-high.g-none.v-none,100,0.8,100000,mid,0.0916487,0.988955,0.999361,1,1,0.0585588,0.0585588,0.0585588,0.0535569,0.0535569,0.0535569,0.0139116,0.092432,0.0748666,0.0323038,0.0102624,29.793,482.957,0.0790582,0.0790582,0.0790582,689.085,689.085,689.085
kuairand,w-high.g-none.v-none,100,0.8,100000,mid_greedy,0.298001,0.783073,0.979727,0.95,1,0.00836059,0.00836059,0.00836059,0.0535569,0.0535569,0.0535569,-0.11206,0.294985,0.335142,5.65683,0.102825,0.174678,33.9697,0.0183562,0.0183562,0.0183562,2080.05,2080.05,2080.05
kuairand,w-high.g-none.v-none,100,0.8,100000,source,0.00224816,0.999966,0.999969,1,1,1,1,1,0.0535569,0.0535569,0.0535569,-0.00354789,-0.00322673,0.00235544,0.000658081,0.000574984,1495.98,1708.27,1,1,1,1.00001,1.00001,1.00001
kuairand,w-high.g-none.v-none,100,0.9,5000,mid,0.111588,0.760763,0.970632,0.975,1,0.0121656,0.0121656,0.0121656,0.0797239,0.0797239,0.0797239,-0.036817,0.072445,-0.0569389,0.669222,0.123209,1.23084,7.2485,0.146052,0.146052,0.146052,150.455,150.455,150.455
kuairand,w-high.g-none.v-none,100,0.9,5000,mid_greedy,0.236432,0.413635,0.845538,0.775,1,0.00218304,0.00218304,0.00218304,0.0797239,0.0797239,0.0797239,-0.0872632,0.124178,-0.117571,5.48115,0.335679,0.14625,2.41586,0.0653914,0.0653914,0.0653914,252.481,252.481,252.481
kuairand,w-high.g-none.v-none,100,0.9,5000,source,0.00832081,0.996294,0.996799,1,1,1,1,1,0.0797239,0.0797239,0.0797239,-0.0272888,-0.0228148,0.00789961,0.0361276,0.0311159,26.9177,30.9065,1,1,1,1.00516,1.00516,1.00516
kuairand,w-high.g-none.v-none,100,0.9,25000,mid,0.109272,0.883163,0.992974,1,1,0.0121656,0.0121656,0.0121656,0.0611893,0.0611893,0.0611893,-0.102637,0.124239,0.162136,1.25154,0.0382973,0.886464,34.3273,0.075556,0.075556,0.075556,754.737,754.737,754.737
kuairand,w-high.g-none.v-none,100,0.9,25000,mid_greedy,0.228799,0.632498,0.951927,0.925,1,0.00218304,0.00218304,0.00218304,0.0611893,0.0611893,0.0611893,0.0833123,0.244152,0.226571,1.74875,0.128505,0.590466,8.92655,0.0362898,0.0362898,0.0362898,1319.55,1319.55,1319.55
kuairand,w-high.g-none.v-none,100,0.9,25000,source,0.00506457,0.999253,0.999355,1,1,1,1,1,0.0611893,0.0611893,0.0611893,-0.0102114,-0.00533116,0.00473796,0.00680433,0.00584249,143.175,167.38,1,1,1,1.00001,1.00001,1.00001
kuairand,w-high.g-none.v-none,100,0.9,100000,mid,0.112855,0.936188,0.997349,1,1,0.0121656,0.0121656,0.0121656,0.0566884,0.0566884,0.0566884,-0.0403385,0.121127,0.11449,0.36851,0.0197315,2.59603,156.311,0.0607396,0.0607396,0.0607396,1314.78,1314.78,1314.78
kuairand,w-high.g-none.v-none,100,0.9,100000,mid_greedy,0.239949,0.810224,0.982659,1,1,0.00218304,0.00218304,0.00218304,0.0566884,0.0566884,0.0566884,-0.1324,0.236829,0.253223,1.24786,0.0731239,0.86605,36.9667,0.0251932,0.0251932,0.0251932,2074.9,2074.9,2074.9
kuairand,w-high.g-none.v-none,100,0.9,100000,source,0.00394393,0.99983,0.999847,1,1,1,1,1,0.0566884,0.0566884,0.0566884,-0.00576096,-0.00221342,0.00380554,0.00193483,0.00168443,504.976,586.907,1,1,1,1.00001,1.00001,1.00001
kuairand,w-none.g-high.v-none,100,0.6,5000,mid,0.00663234,0.990874,0.999275,1,1,0.204169,0.204169,0.204169,0.0771086,0.0771086,0.0771086,-0.0539228,-0.0182511,-0.0422853,0.12785,0.0218467,7.84198,46.1271,0.209263,0.209263,0.209263,49.3058,49.3058,49.3058
kuairand,w-none.g-high.v-none,100,0.6,5000,mid_greedy,0.290339,0.0826281,0.339562,0.6,0.725,0.0162449,0.0162449,0.0162449,0.0771086,0.0771086,0.0771086,-0.847241,0.327892,-0.764656,133.549,3.46223,-0.00278888,0.170489,0.0228648,0.0228648,0.0228648,270.829,270.829,270.829
kuairand,w-none.g-high.v-none,100,0.6,5000,source,0.000860448,0.999882,0.999897,1,1,1,1,1,0.0771086,0.0771086,0.0771086,-0.0100166,-0.0100177,0.00103733,0.0049594,0.00456752,199.457,215.709,1,1,1,1.00222,1.00222,1.00222
kuairand,w-none.g-high.v-none,100,0.6,25000,mid,0.0170386,0.999184,0.999835,1,1,0.204169,0.204169,0.204169,0.0581769,0.0581769,0.0581769,-0.0144991,0.0182924,0.0249723,0.0119506,0.00402533,83.4489,260.476,0.200296,0.200296,0.200296,69.7967,69.7967,69.7967
kuairand,w-none.g-high.v-none,100,0.6,25000,mid_greedy,0.340551,0.183455,0.684004,0.675,1,0.0162449,0.0162449,0.0162449,0.0581769,0.0581769,0.0581769,-0.421266,0.350437,-0.356061,16.6209,0.684222,0.0269391,1.20322,0.0190872,0.0190872,0.0190872,467.581,467.581,467.581
kuairand,w-none.g-high.v-none,100,0.6,25000,source,0.00113203,0.999977,0.99998,1,1,1,1,1,0.0581769,0.0581769,0.0581769,-0.00360279,-0.00175876,0.00083942,0.00132402,0.00124646,754.524,808.617,1,1,1,1,1,1
kuairand,w-none.g-high.v-none,100,0.6,100000,mid,0.0239785,0.999799,0.999934,1,1,0.204169,0.204169,0.204169,0.0538515,0.0538515,0.0538515,-0.00931172,0.0267225,0.023196,0.00406375,0.00167441,239.544,987.7,0.205541,0.205541,0.205541,83.1441,83.1441,83.1441
kuairand,w-none.g-high.v-none,100,0.6,100000,mid_greedy,0.360438,0.277049,0.836079,0.775,1,0.0162449,0.0162449,0.0162449,0.0538515,0.0538515,0.0538515,-0.0779796,0.380257,0.24317,5.71225,0.306313,0.124594,3.53139,0.0178276,0.0178276,0.0178276,771.995,771.995,771.995
kuairand,w-none.g-high.v-none,100,0.6,100000,source,0.00122255,0.999994,0.999995,1,1,1,1,1,0.0538515,0.0538515,0.0538515,0.00306477,-0.000477391,0.00157323,0.000326655,0.000295424,3126,3364.83,1,1,1,1,1,1
kuairand,w-none.g-high.v-none,100,0.8,5000,mid,0.00481225,0.992578,0.997919,1,1,0.436544,0.436544,0.436544,0.0881149,0.0881149,0.0881149,-0.0265914,-0.00740387,-0.0154849,0.0633196,0.0302833,14.8552,31.3865,0.441297,0.441297,0.441297,27.3624,27.3624,27.3624
kuairand,w-none.g-high.v-none,100,0.8,5000,mid_greedy,0.300989,0.0779949,0.428916,0.55,0.85,0.0285065,0.0285065,0.0285065,0.0881149,0.0881149,0.0881149,-0.346832,0.244225,-0.50899,65.6661,2.81597,0.00140864,0.270698,0.0563457,0.0563457,0.0563457,159.694,159.694,159.694
kuairand,w-none.g-high.v-none,100,0.8,5000,source,-0.000354096,0.999482,0.999559,1,1,1,1,1,0.0881149,0.0881149,0.0881149,-0.0144358,-0.0137094,-0.000414242,0.0115633,0.0102457,83.6096,94.4658,1,1,1,1.00354,1.00354,1.00354
kuairand,w-none.g-high.v-none,100,0.8,25000,likelihood,0.470861,0.117662,0.204061,0.7,0.743333,0.00505697,0.00505697,0.00505697,0.069647,0.069647,0.069647,0.542193,0.575218,0.338502,646.778,36.2846,0.00339677,0.0415868,0.0169051,0.0169051,0.0169051,776.889,776.889,776.889
kuairand,w-none.g-high.v-none,100,0.8,25000,mid,0.015268,0.998702,0.999579,1,1,0.436544,0.436544,0.436544,0.069647,0.069647,0.069647,0.0105748,0.0115699,0.0223674,0.0127889,0.00487308,80.8122,207.228,0.435937,0.435937,0.435937,39.336,39.336,39.336
kuairand,w-none.g-high.v-none,100,0.8,25000,mid_greedy,0.328739,0.273419,0.684255,0.776667,0.97,0.0285065,0.0285065,0.0285065,0.069647,0.069647,0.069647,-0.133511,0.3314,0.279868,14.3567,0.658283,0.0659527,1.20104,0.0410332,0.0410332,0.0410332,437.774,437.774,437.774
kuairand,w-none.g-high.v-none,100,0.8,25000,source,0.00206845,0.999902,0.999916,1,1,1,1,1,0.069647,0.069647,0.069647,-0.00240063,0.00150445,0.00201715,0.00211933,0.00186343,471.386,540.201,1,1,1,1.00001,1.00001,1.00001
kuairand,w-none.g-high.v-none,100,0.8,25000,value,0.00502221,0.0432538,0.0735077,0.63,0.676667,0.00611017,0.00611017,0.00611017,0.069647,0.069647,0.069647,-0.0113588,0.00512983,-0.0106691,0.179495,0.00373572,-0.000799943,0.0125779,0.016916,0.016916,0.016916,824.639,824.639,824.639
kuairand,w-none.g-high.v-none,100,0.8,100000,mid,0.0167378,0.999675,0.999868,1,1,0.436544,0.436544,0.436544,0.0654802,0.0654802,0.0654802,-0.00798683,0.0186071,0.0184598,0.00294504,0.00146863,332.304,859.897,0.43649,0.43649,0.43649,50.0484,50.0484,50.0484
kuairand,w-none.g-high.v-none,100,0.8,100000,mid_greedy,0.34177,0.462932,0.869427,0.825,1,0.0285065,0.0285065,0.0285065,0.0654802,0.0654802,0.0654802,0.0359236,0.34487,0.196414,2.40788,0.249325,0.314891,4.83573,0.0357991,0.0357991,0.0357991,833.798,833.798,833.798
kuairand,w-none.g-high.v-none,100,0.8,100000,source,0.00251105,0.999975,0.999978,1,1,1,1,1,0.0654802,0.0654802,0.0654802,-0.00299458,0.00101405,0.00243241,0.000425322,0.000388201,2305.63,2598.03,1,1,1,1.00001,1.00001,1.00001
kuairand,w-none.g-high.v-none,100,0.9,5000,mid,0.0533501,0.835874,0.976965,1,1,0.145502,0.145502,0.145502,0.0922334,0.0922334,0.0922334,-0.105318,0.0271838,-0.0983805,1.02304,0.0905269,0.974391,10.6959,0.215606,0.215606,0.215606,93.0542,93.0542,93.0542
kuairand,w-none.g-high.v-none,100,0.9,5000,mid_greedy,0.350545,0.143239,0.464532,0.625,0.85,0.0120543,0.0120543,0.0120543,0.0922334,0.0922334,0.0922334,0.505283,0.31689,0.194263,43.8004,2.65789,0.0117221,0.38518,0.0794266,0.0794266,0.0794266,277.094,277.094,277.094
kuairand,w-none.g-high.v-none,100,0.9,5000,source,0.0017048,0.997691,0.998066,1,1,1,1,1,0.0922334,0.0922334,0.0922334,-0.0223133,-0.0205113,-0.000486031,0.0264497,0.0225311,37.6215,44.1553,1,1,1,1.00494,1.00494,1.00494
kuairand,w-none.g-high.v-none,100,0.9,25000,mid,0.0495883,0.94633,0.994911,1,1,0.145502,0.145502,0.145502,0.0747609,0.0747609,0.0747609,-0.0350286,0.0392962,0.0521964,0.236018,0.0278673,4.52989,36.2008,0.183175,0.183175,0.183175,155.745,155.745,155.745
kuairand,w-none.g-high.v-none,100,0.9,25000,mid_greedy,0.327197,0.344716,0.682814,0.775,0.975,0.0120543,0.0120543,0.0120543,0.0747609,0.0747609,0.0747609,-0.469975,0.306527,-0.0775718,20.5353,0.753832,0.0620995,1.17292,0.0537592,0.0537592,0.0537592,436.459,436.459,436.459
kuairand,w-none.g-high.v-none,100,0.9,25000,source,0.00406229,0.999557,0.999624,1,1,1,1,1,0.0747609,0.0747609,0.0747609,-0.00419246,0.00742217,0.00321378,0.00435644,0.00371337,232.363,279.364,1,1,1,1.00001,1.00001,1.00001
kuairand,w-none.g-high.v-none,100,0.9,100000,mid,0.0543825,0.983763,0.998246,1,1,0.145502,0.145502,0.145502,0.0708558,0.0708558,0.0708558,-0.0207868,0.0634589,0.0622449,0.0519371,0.00875867,18.9102,189.426,0.1689,0.1689,0.1689,294.332,294.332,294.332
kuairand,w-none.g-high.v-none,100,0.9,100000,mid_greedy,0.340935,0.542843,0.880866,0.975,1,0.0120543,0.0120543,0.0120543,0.0708558,0.0708558,0.0708558,-0.107518,0.325751,0.336229,5.02651,0.227319,0.224734,5.75495,0.0450626,0.0450626,0.0450626,867.042,867.042,867.042
kuairand,w-none.g-high.v-none,100,0.9,100000,source,0.00448708,0.999884,0.999901,1,1,1,1,1,0.0708558,0.0708558,0.0708558,0.00638901,-0.00208878,0.00521417,0.00101271,0.000814073,1013.24,1215.11,1,1,1,1.00001,1.00001,1.00001
kuairand,w-none.g-none.v-high,100,0.6,5000,mid,0.0223319,0.995931,0.999238,1,1,0.22159,0.22159,0.22159,0.0797913,0.0797913,0.0797913,-0.0479907,-0.0236022,-0.0340122,0.097089,0.0247374,10.0533,39.5946,0.229747,0.229747,0.229747,42.2006,42.2006,42.2006
kuairand,w-none.g-none.v-high,100,0.6,5000,mid_greedy,0.149021,0.140323,0.51321,0.65,0.825,0.0115204,0.0115204,0.0115204,0.0797913,0.0797913,0.0797913,-0.287591,0.230789,0.262332,42.6056,1.51217,0.0414903,0.477691,0.0167675,0.0167675,0.0167675,382.46,382.46,382.46
kuairand,w-none.g-none.v-high,100,0.6,5000,source,0.00121261,0.999867,0.999886,1,1,1,1,1,0.0797913,0.0797913,0.0797913,-0.0144953,-0.0131847,0.000996031,0.00916105,0.00820323,107.56,120.642,1,1,1,1.00222,1.00222,1.00222
kuairand,w-none.g-none.v-high,100,0.6,25000,mid,0.0177024,0.999245,0.99982,1,1,0.22159,0.22159,0.22159,0.0616152,0.0616152,0.0616152,0.0204446,0.013842,0.0414549,0.0208718,0.00369726,51.8526,277.104,0.220793,0.220793,0.220793,59.8682,59.8682,59.8682
kuairand,w-none.g-none.v-high,100,0.6,25000,mid_greedy,0.191763,0.197362,0.875113,0.7,1,0.0115204,0.0115204,0.0115204,0.0616152,0.0616152,0.0616152,-0.262541,0.151052,-0.263459,10.8692,0.297368,0.0483867,3.48195,0.0133249,0.0133249,0.0133249,714.981,714.981,714.981
kuairand,w-none.g-none.v-high,100,0.6,25000,source,0.00256998,0.999974,0.999977,1,1,1,1,1,0.0616152,0.0616152,0.0616152,-0.00517729,-0.00525388,0.00269736,0.00124236,0.00115167,784.893,849.277,1,1,1,1,1,1
kuairand,w-none.g-none.v-high,100,0.6,100000,mid,0.0147223,0.999821,0.999936,1,1,0.22159,0.22159,0.22159,0.0574566,0.0574566,0.0574566,-0.00747891,0.014956,0.0127912,0.00293672,0.00116706,332.766,1031.08,0.222777,0.222777,0.222777,77.1426,77.1426,77.1426
kuairand,w-none.g-none.v-high,100,0.6,100000,mid_greedy,0.183535,0.438457,0.959765,0.85,1,0.0115204,0.0115204,0.0115204,0.0574566,0.0574566,0.0574566,-0.120252,0.175152,-0.106043,3.09301,0.100765,0.263877,12.1324,0.0127054,0.0127054,0.0127054,1082.8,1082.8,1082.8
kuairand,w-none.g-none.v-high,100,0.6,100000,source,0.00324895,0.999993,0.999994,1,1,1,1,1,0.0574566,0.0574566,0.0574566,0.000865848,-0.00213151,0.00340351,0.000248716,0.000224513,4012.09,4372.86,1,1,1,1,1,1
kuairand,w-none.g-none.v-high,100,0.8,5000,mid,0.00905216,0.991797,0.99764,1,1,0.433064,0.433064,0.433064,0.0909135,0.0909135,0.0909135,-0.0281292,-0.0183989,-0.0182378,0.060556,0.0233812,15.5577,41.1703,0.431857,0.431857,0.431857,25.4504,25.4504,25.4504
kuairand,w-none.g-none.v-high,100,0.8,5000,mid_greedy,0.145947,0.105302,0.657685,0.5,0.925,0.0141892,0.0141892,0.0141892,0.0909135,0.0909135,0.0909135,-0.591481,0.0686695,-0.536629,41.723,0.960001,-0.00146939,0.9497,0.0304019,0.0304019,0.0304019,415.293,415.293,415.293
kuairand,w-none.g-none.v-high,100,0.8,5000,source,0.00442187,0.999411,0.999507,1,1,1,1,1,0.0909135,0.0909135,0.0909135,-0.014431,-0.0138745,0.00468395,0.0102035,0.00892029,95.3294,109.974,1,1,1,1.0034,1.0034,1.0034
kuairand,w-none.g-none.v-high,100,0.8,25000,likelihood,0.755077,0.0940516,0.0937928,0.596667,0.58,0.0127828,0.0127828,0.0127828,0.0736544,0.0736544,0.0736544,-0.666656,0.740437,-0.455662,323.707,31.9543,0.000241835,0.00435168,0.0197131,0.0197131,0.0197131,580.275,580.275,580.275
kuairand,w-none.g-none.v-high,100,0.8,25000,mid,0.0110898,0.998444,0.999531,1,1,0.433064,0.433064,0.433064,0.0736544,0.0736544,0.0736544,0.0100767,0.0129239,0.00696079,0.0153117,0.00589066,64.1653,170.868,0.43357,0.43357,0.43357,37.6639,37.6639,37.6639
kuairand,w-none.g-none.v-high,100,0.8,25000,mid_greedy,0.160798,0.354753,0.901672,0.783333,1,0.0141892,0.0141892,0.0141892,0.0736544,0.0736544,0.0736544,-0.0857218,0.164262,0.15285,15.1559,0.222411,0.0665206,4.09955,0.0251837,0.0251837,0.0251837,643.369,643.369,643.369
kuairand,w-none.g-none.v-high,100,0.8,25000,source,0.0065483,0.999886,0.999904,1,1,1,1,1,0.0736544,0.0736544,0.0736544,0.00406708,-0.000911215,0.00701992,0.00236448,0.0020528,421.778,488.995,1,1,1,1.00001,1.00001,1.00001
kuairand,w-none.g-none.v-high,100,0.8,25000,value,0.00706734,0.00484648,0.00425009,0.54,0.513333,0.00716498,0.00716498,0.00716498,0.0736544,0.0736544,0.0736544,-0.00903846,0.00616781,-0.00420744,0.115751,0.00240654,-0.000738885,0.0113875,0.013528,0.013528,0.013528,855.524,855.524,855.524
kuairand,w-none.g-none.v-high,100,0.8,100000,mid,0.0117213,0.999666,0.999855,1,1,0.433064,0.433064,0.433064,0.0697658,0.0697658,0.0697658,-0.0071632,0.007248,0.00977775,0.00371537,0.00172458,268.051,594.596,0.435267,0.435267,0.435267,45.6319,45.6319,45.6319
kuairand,w-none.g-none.v-high,100,0.8,100000,mid_greedy,0.162164,0.59006,0.967817,0.975,1,0.0141892,0.0141892,0.0141892,0.0697658,0.0697658,0.0697658,-0.162894,0.171505,-0.0338262,5.83695,0.0834015,0.160775,14.9694,0.0215069,0.0215069,0.0215069,1092.81,1092.81,1092.81
kuairand,w-none.g-none.v-high,100,0.8,100000,source,0.00706903,0.999972,0.999976,1,1,1,1,1,0.0697658,0.0697658,0.0697658,-0.00305082,0.00845283,0.00681489,0.000636409,0.000641049,1555.99,1787.79,1,1,1,1.00001,1.00001,1.00001
kuairand,w-none.g-none.v-high,100,0.9,5000,mid,0.0256847,0.811942,0.971881,0.95,1,0.0780339,0.0780339,0.0780339,0.0961491,0.0961491,0.0961491,0.0865463,-0.0227298,0.0969669,1.00521,0.109614,1.24984,8.9418,0.192759,0.192759,0.192759,95.3829,95.3829,95.3829
kuairand,w-none.g-none.v-high,100,0.9,5000,mid_greedy,0.183016,0.118988,0.509972,0.625,0.95,0.00534916,0.00534916,0.00534916,0.0961491,0.0961491,0.0961491,-0.162498,0.161723,-0.257537,32.8353,1.70022,0.00798938,0.405874,0.0525149,0.0525149,0.0525149,356.261,356.261,356.261
kuairand,w-none.g-none.v-high,100,0.9,5000,source,0.00806557,0.997125,0.997643,1,1,1,1,1,0.0961491,0.0961491,0.0961491,-0.0168356,-0.00253712,0.00665518,0.0258419,0.0220608,39.2589,47.092,1,1,1,1.0046,1.0046,1.0046
kuairand,w-none.g-none.v-high,100,0.9,25000,mid,0.0396965,0.930727,0.994548,1,1,0.0780339,0.0780339,0.0780339,0.0791151,0.0791151,0.0791151,-0.0232158,0.0256526,-0.0296845,0.237142,0.0263759,4.34389,39.7131,0.144127,0.144127,0.144127,216.434,216.434,216.434
kuairand,w-none.g-none.v-high,100,0.9,25000,mid_greedy,0.198894,0.297179,0.812404,0.75,1,0.00534916,0.00534916,0.00534916,0.0791151,0.0791151,0.0791151,-0.108165,0.229156,0.164599,81.8194,0.394588,-0.00345658,2.24122,0.0305889,0.0305889,0.0305889,878.146,878.146,878.146
kuairand,w-none.g-none.v-high,100,0.9,25000,source,0.0113244,0.999444,0.99954,1,1,1,1,1,0.0791151,0.0791151,0.0791151,-0.0103434,0.0117143,0.0106398,0.00622705,0.00552077,159.514,191.61,1,1,1,1.00001,1.00001,1.00001
kuairand,w-none.g-none.v-high,100,0.9,100000,mid,0.0458691,0.961,0.998079,1,1,0.0780339,0.0780339,0.0780339,0.0752573,0.0752573,0.0752573,-0.0433906,0.0415945,0.0238227,0.130687,0.00792267,7.55215,153.792,0.107023,0.107023,0.107023,523.011,523.011,523.011
kuairand,w-none.g-none.v-high,100,0.9,100000,mid_greedy,0.221944,0.451918,0.943806,0.925,1,0.00534916,0.00534916,0.00534916,0.0752573,0.0752573,0.0752573,-0.053417,0.206722,0.262715,9.80871,0.121685,0.127513,10.1019,0.0162266,0.0162266,0.0162266,1945.43,1945.43,1945.43
kuairand,w-none.g-none.v-high,100,0.9,100000,source,0.0117511,0.999857,0.99988,1,1,1,1,1,0.0752573,0.0752573,0.0752573,0.00970174,-0.00360286,0.0128407,0.00129742,0.00101011,813.064,980.897,1,1,1,1.00001,1.00001,1.00001
ml,high,100,0.6,5000,mid,0.108023,0.318968,0.960148,0.625,1,0.0218625,0.0218625,0.0218625,0.0686635,0.0686635,0.0686635,-0.242828,0.127492,-0.124643,5.04198,0.132314,0.232828,6.90289,0.0250354,0.0250354,0.0250354,217.494,217.494,217.494
ml,high,100,0.6,5000,mid_greedy,0.236668,0.115281,0.850341,0.525,0.975,0.0109128,0.0109128,0.0109128,0.0686635,0.0686635,0.0686635,-0.467229,0.268069,-0.395535,16.0753,0.294316,0.0483535,2.60076,0.0135302,0.0135302,0.0135302,350.251,350.251,350.251
ml,high,100,0.6,5000,source,-0.00198296,0.999227,0.999343,1,1,1,1,1,0.0686635,0.0686635,0.0686635,-0.0245575,-0.0242282,0.000591087,0.0262033,0.0250552,36.8571,38.6013,1,1,1,1.00233,1.00233,1.00233
ml,high,100,0.6,25000,mid,0.109704,0.72013,0.991181,0.95,1,0.0218625,0.0218625,0.0218625,0.054345,0.054345,0.054345,-0.0971434,0.103953,0.118141,1.09061,0.0427506,1.05746,27.3825,0.0218338,0.0218338,0.0218338,423.798,423.798,423.798
ml,high,100,0.6,25000,mid_greedy,0.238624,0.40262,0.971845,0.775,1,0.0109128,0.0109128,0.0109128,0.054345,0.054345,0.054345,-0.154368,0.216084,0.266535,4.38519,0.0987405,0.276953,13.3903,0.0113471,0.0113471,0.0113471,699.874,699.874,699.874
ml,high,100,0.6,25000,source,0.00321416,0.999864,0.999884,1,1,1,1,1,0.054345,0.054345,0.054345,-0.0084272,-0.00837057,0.00328722,0.0031815,0.00303621,306.19,322.64,1,1,1,1.00278,1.00278,1.00278
ml,high,100,0.6,100000,mid,0.104494,0.93343,0.994786,1,1,0.0218625,0.0218625,0.0218625,0.0516471,0.0516471,0.0516471,0.0971661,0.105911,0.0900893,0.202851,0.0176503,4.08627,137.125,0.0221481,0.0221481,0.0221481,566.565,566.565,566.565
ml,high,100,0.6,100000,mid_greedy,0.230421,0.655523,0.983303,0.95,1,0.0109128,0.0109128,0.0109128,0.0516471,0.0516471,0.0516471,0.255125,0.236602,0.150299,0.705653,0.0670681,0.826775,59.7427,0.0109436,0.0109436,0.0109436,1065.39,1065.39,1065.39
ml,high,100,0.6,100000,source,0.00379743,0.999966,0.999971,1,1,1,1,1,0.0516471,0.0516471,0.0516471,-0.00211289,-0.00437712,0.00423029,0.000893705,0.000834034,1104.33,1172.16,1,1,1,1.00295,1.00295,1.00295
ml,high,100,0.8,5000,mid,0.3858,0.184914,0.624081,0.625,0.925,0.00946997,0.00946997,0.00946997,0.0790011,0.0790011,0.0790011,-0.719788,0.389904,-0.476965,54.2354,0.660854,0.0161326,0.820919,0.0202908,0.0202908,0.0202908,411.37,411.37,411.37
ml,high,100,0.8,5000,mid_greedy,0.464431,0.11644,0.503639,0.6,0.875,0.00577459,0.00577459,0.00577459,0.0790011,0.0790011,0.0790011,-0.922605,0.495531,-0.640023,275.341,0.890702,0.00204209,0.465834,0.0149551,0.0149551,0.0149551,535.185,535.185,535.185
ml,high,100,0.8,5000,source,0.00552329,0.997404,0.997842,1,1,1,1,1,0.0790011,0.0790011,0.0790011,0.0074974,0.0179431,0.0026663,0.0343928,0.0303568,30.7653,35.3761,0.999999,0.999999,0.999999,1.00396,1.00396,1.00396
ml,high,100,0.8,25000,likelihood,0.978107,0.0317511,0.189929,0.606667,0.966667,3.98531e-06,3.98531e-06,3.98531e-06,0.0648431,0.0648431,0.0648431,4.42178,0.986208,4.78878,40549,3.10987,0.000611735,0.270014,0.000864223,0.000864223,0.000864223,6380.79,6380.79,6380.79
ml,high,100,0.8,25000,mid,0.426547,0.297866,0.887194,0.72,0.996667,0.00946997,0.00946997,0.00946997,0.0648431,0.0648431,0.0648431,-0.112088,0.422001,0.379791,9.57238,0.270839,0.0993964,4.07409,0.0152305,0.0152305,0.0152305,829.002,829.002,829.002
ml,high,100,0.8,25000,mid_greedy,0.505873,0.196665,0.798933,0.643333,0.983333,0.00577459,0.00577459,0.00577459,0.0648431,0.0648431,0.0648431,0.0918999,0.506452,0.298338,20.9672,0.380166,0.0311625,2.3278,0.010643,0.010643,0.010643,1104.01,1104.01,1104.01
ml,high,100,0.8,25000,source,0.00813444,0.999517,0.999596,1,1,1,1,1,0.0648431,0.0648431,0.0648431,-0.00447917,0.00854103,0.00808232,0.00773113,0.0069402,129.424,148.369,0.999999,0.999999,0.999999,1.00448,1.00448,1.00448
ml,high,100,0.8,25000,value,0.0102825,0.183142,0.233252,0.69,0.726667,3.36741e-06,3.36741e-06,3.36741e-06,0.0648431,0.0648431,0.0648431,0.0169822,0.0101953,-0.00346301,0.0483587,0.000927837,-0.000906717,0.000874263,0.000777362,0.000777362,0.000777362,7328.5,7328.5,7328.5
ml,high,100,0.8,100000,mid,0.442141,0.505778,0.959702,0.875,1,0.00946997,0.00946997,0.00946997,0.0619738,0.0619738,0.0619738,-0.0292325,0.407215,0.252177,2.77799,0.187381,0.247269,18.5314,0.0128607,0.0128607,0.0128607,1461.73,1461.73,1461.73
ml,high,100,0.8,100000,mid_greedy,0.522392,0.408543,0.93029,0.875,1,0.00577459,0.00577459,0.00577459,0.0619738,0.0619738,0.0619738,-0.192927,0.492862,0.44437,13.0861,0.270223,0.0634785,11.2118,0.00894302,0.00894302,0.00894302,1794.46,1794.46,1794.46
ml,high,100,0.8,100000,source,0.00819313,0.999883,0.999899,1,1,1,1,1,0.0619738,0.0619738,0.0619738,-0.00601704,0.00376777,0.00828211,0.00176562,0.00164395,553.361,621.654,0.999999,0.999999,0.999999,1.00506,1.00506,1.00506
ml,high,100,0.9,5000,mid,0.586002,0.12958,0.372331,0.675,0.8,0.00111017,0.00111017,0.00111017,0.0833233,0.0833233,0.0833233,-0.921701,0.545155,0.25253,189.48,1.54926,0.00858034,0.237864,0.0163155,0.0163155,0.0163155,515.968,515.968,515.968
ml,high,100,0.9,5000,mid_greedy,0.667707,0.139945,0.313281,0.7,0.8,0.000589834,0.000589834,0.000589834,0.0833233,0.0833233,0.0833233,-1.33063,0.610338,-1.07742,273.505,1.86459,-1.58499e-05,0.167856,0.0117057,0.0117057,0.0117057,618.403,618.403,618.403
ml,high,100,0.9,5000,source,0.00751936,0.978948,0.984409,1,1,1,1,1,0.0833233,0.0833233,0.0833233,-0.0330722,-0.0262232,0.00514743,0.0756896,0.0640116,13.4207,16.072,0.999999,0.999999,0.999999,1.00551,1.00551,1.00551
ml,high,100,0.9,25000,mid,0.574595,0.152762,0.586765,0.6,1,0.00111017,0.00111017,0.00111017,0.0690878,0.0690878,0.0690878,-0.638088,0.627669,0.904146,121.814,0.635306,0.0185892,0.900179,0.00723308,0.00723308,0.00723308,2703.89,2703.89,2703.89
ml,high,100,0.9,25000,mid_greedy,0.652961,0.170329,0.465678,0.675,0.9,0.000589834,0.000589834,0.000589834,0.0690878,0.0690878,0.0690878,-0.511987,0.703307,0.939385,131.682,0.796583,0.0145161,0.54467,0.00548769,0.00548769,0.00548769,3136.5,3136.5,3136.5
ml,high,100,0.9,25000,source,0.0148706,0.997591,0.998014,1,1,1,1,1,0.0690878,0.0690878,0.0690878,-0.0069398,0.0250453,0.0129184,0.0200307,0.0180288,51.6382,61.0062,0.999999,0.999999,0.999999,1.00676,1.00676,1.00676
ml,high,100,0.9,100000,mid,0.602826,0.134163,0.816002,0.575,1,0.00111017,0.00111017,0.00111017,0.0662296,0.0662296,0.0662296,-0.910142,0.588872,-0.623194,401.601,0.404015,0.000350879,4.54128,0.00555927,0.00555927,0.00555927,4755.02,4755.02,4755.02
ml,high,100,0.9,100000,mid_greedy,0.687048,0.0947138,0.729485,0.55,1,0.000589834,0.000589834,0.000589834,0.0662296,0.0662296,0.0662296,-2.4672,0.667707,-1.43813,1583.57,0.512402,0.00062681,2.97191,0.00387406,0.00387406,0.00387406,7485.61,7485.61,7485.61
ml,high,100,0.9,100000,source,0.013295,0.999382,0.999485,1,1,1,1,1,0.0662296,0.0662296,0.0662296,-0.0128126,0.00741771,0.0130782,0.0075303,0.00646443,130.108,160.02,0.999999,0.999999,0.999999,1.00728,1.00728,1.00728
ml,none,100,0.6,5000,mid,-0.00883672,0.998396,0.999356,1,1,0.321971,0.321971,0.321971,0.0610746,0.0610746,0.0610746,-0.0299211,-0.0233188,-0.00187887,0.0436941,0.0222422,22.9687,43.7892,0.323931,0.323931,0.323931,15.1823,15.1823,15.1823
ml,none,100,0.6,5000,mid_greedy,-1.06195,0.0216739,0.0186725,0.575,0.55,0.057022,0.057022,0.057022,0.0610746,0.0610746,0.0610746,-18.7848,-3.33728,-6.6711,184440,24289.1,-0.00173399,-0.000293696,0.0578052,0.0578052,0.0578052,70.3753,70.3753,70.3753
ml,none,100,0.6,5000,source,0.00194435,0.999894,0.999908,1,1,1,1,1,0.0610746,0.0610746,0.0610746,0.0111533,0.0124473,0.000523363,0.00530306,0.00502572,187.023,198.554,1,1,1,1.00219,1.00219,1.00219
ml,none,100,0.6,25000,mid,-0.000787963,0.999717,0.999887,1,1,0.321971,0.321971,0.321971,0.0278788,0.0278788,0.0278788,-0.00916218,0.00496648,-0.00623442,0.00610282,0.00239657,164.081,429.07,0.322179,0.322179,0.322179,19.4169,19.4169,19.4169
ml,none,100,0.6,25000,mid_greedy,0.4597,-0.0204515,-0.017787,0.475,0.425,0.057022,0.057022,0.057022,0.0278788,0.0278788,0.0278788,-6.7454,-3.56357,1.32618,43238.8,5945.52,-0.00142585,-0.00308007,0.057167,0.057167,0.057167,98.0961,98.0961,98.0961
ml,none,100,0.6,25000,source,-0.000375988,0.99998,0.999983,1,1,1,1,1,0.0278788,0.0278788,0.0278788,0.00309151,0.00188785,0.000633452,0.0010298,0.000952492,991.6,1064.65,1,1,1,1.00262,1.00262,1.00262
ml,none,100,0.6,100000,mid,0.00162792,0.99993,0.999971,1,1,0.321971,0.321971,0.321971,0.0140416,0.0140416,0.0140416,0.00553103,0.0020261,0.00240455,0.000969267,0.000440099,1050.34,2276.82,0.322279,0.322279,0.322279,22.464,22.464,22.464
ml,none,100,0.6,100000,mid_greedy,-0.179733,0.0261755,0.0653404,0.55,0.675,0.057022,0.057022,0.057022,0.0140416,0.0140416,0.0140416,-10.1353,-2.71549,-8.00405,10146.4,1377.81,-0.00951754,-0.00264207,0.0568453,0.0568453,0.0568453,115.777,115.777,115.777
ml,none,100,0.6,100000,source,6.28153e-05,0.999995,0.999996,1,1,1,1,1,0.0140416,0.0140416,0.0140416,-0.00191006,-0.00182983,7.61575e-05,0.000152777,0.000142266,6391.2,6863.56,1,1,1,1.00271,1.00271,1.00271
ml,none,100,0.8,5000,mid,0.00242526,0.982713,0.994759,1,1,0.339593,0.339593,0.339593,0.066778,0.066778,0.066778,-0.0227263,-0.0106746,-0.0203112,0.0935433,0.0331113,9.81138,28.7514,0.33673,0.33673,0.33673,26.4412,26.4412,26.4412
ml,none,100,0.8,5000,mid_greedy,-0.940069,-0.0220912,-0.0165199,0.375,0.425,0.159997,0.159997,0.159997,0.066778,0.066778,0.066778,-24.0555,-15.0397,-11.1358,117585,42096.4,-0.00510071,-0.00569286,0.15999,0.15999,0.15999,28.2546,28.2546,28.2546
ml,none,100,0.8,5000,source,0.00217151,0.999504,0.999569,1,1,1,1,1,0.066778,0.066778,0.066778,-0.0120685,-0.0101604,0.00179519,0.0076847,0.00686941,126.444,141.408,0.999999,0.999999,0.999999,1.00372,1.00372,1.00372
ml,none,100,0.8,25000,likelihood,-8.52968,-0.00526588,0.0133628,0.506667,0.523333,0.159274,0.159274,0.159274,0.0301043,0.0301043,0.0301043,-403.718,-214.177,-167.238,7.67117e+07,2.62013e+07,-0.00212068,-0.00174917,0.159355,0.159355,0.159355,37.9379,37.9379,37.9379
ml,none,100,0.8,25000,mid,-0.00131539,0.997463,0.999095,1,1,0.339593,0.339593,0.339593,0.0301043,0.0301043,0.0301043,-0.0036064,-0.00262965,-0.00268111,0.0196475,0.00764324,51.4673,131.65,0.340343,0.340343,0.340343,33.789,33.789,33.789
ml,none,100,0.8,25000,mid_greedy,-0.0268053,0.0170775,0.0189172,0.556667,0.543333,0.159997,0.159997,0.159997,0.0301043,0.0301043,0.0301043,-3.08048,0.271686,-2.40869,27484.3,8476.61,-0.000194677,0.000312674,0.160141,0.160141,0.160141,37.377,37.377,37.377
ml,none,100,0.8,25000,source,0.000182895,0.999907,0.999919,1,1,1,1,1,0.0301043,0.0301043,0.0301043,-0.00147692,-0.0016331,0.000330625,0.00147303,0.00131732,679.782,759.162,0.999999,0.999999,0.999999,1.00419,1.00419,1.00419
ml,none,100,0.8,25000,value,-6.47575e-06,0.0153295,0.0171226,0.54,0.546667,0.159881,0.159881,0.159881,0.0301043,0.0301043,0.0301043,-0.000842193,0.000194319,-0.000647135,0.0018656,0.000583564,-0.000244577,0.000345398,0.160026,0.160026,0.160026,37.4604,37.4604,37.4604
ml,none,100,0.8,100000,mid,0.00141603,0.999376,0.999781,1,1,0.339593,0.339593,0.339593,0.0148736,0.0148736,0.0148736,0.0143502,0.0118798,-0.00338546,0.00436939,0.00188783,232.122,557.478,0.338754,0.338754,0.338754,44.6849,44.6849,44.6849
ml,none,100,0.8,100000,mid_greedy,0.110969,0.0174296,0.0323952,0.55,0.625,0.159997,0.159997,0.159997,0.0148736,0.0148736,0.0148736,-1.77404,2.27902,-3.04914,6975.7,2190.79,-0.000196081,0.00345145,0.160087,0.160087,0.160087,42.1452,42.1452,42.1452
ml,none,100,0.8,100000,source,0.000470279,0.999977,0.99998,1,1,1,1,1,0.0148736,0.0148736,0.0148736,-0.000968393,0.00125173,-0.000127419,0.00049737,0.000446034,1994.09,2234.73,0.999999,0.999999,0.999999,1.00453,1.00453,1.00453
ml,none,100,0.9,5000,mid,-0.0067741,0.885838,0.95788,1,1,0.444272,0.444272,0.444272,0.0687496,0.0687496,0.0687496,0.0275507,0.0221731,-0.0233241,0.280212,0.121423,3.17085,7.60883,0.442533,0.442533,0.442533,20.5688,20.5688,20.5688
ml,none,100,0.9,5000,mid_greedy,-0.275714,-0.0329497,-0.0261826,0.4,0.45,0.293396,0.293396,0.293396,0.0687496,0.0687496,0.0687496,-12.427,5.98426,-9.75484,155824,74892.3,-0.00121566,0.000188874,0.293603,0.293603,0.293603,15.2375,15.2375,15.2375
ml,none,100,0.9,5000,source,0.00351292,0.997461,0.997826,1,1,1,1,1,0.0687496,0.0687496,0.0687496,-0.020546,-0.0180388,0.00272919,0.0222907,0.0190742,43.7285,50.8585,0.999999,0.999999,0.999999,1.00527,1.00527,1.00527
ml,none,100,0.9,25000,mid,0.0018007,0.983313,0.992995,1,1,0.444272,0.444272,0.444272,0.0312545,0.0312545,0.0312545,-0.0278603,-0.0183453,-0.0137117,0.0579647,0.0263477,17.2179,37.7643,0.442802,0.442802,0.442802,30.8047,30.8047,30.8047
ml,none,100,0.9,25000,mid_greedy,0.4442,0.0401562,0.0493144,0.625,0.6,0.293396,0.293396,0.293396,0.0312545,0.0312545,0.0312545,-10.6635,-4.46642,-4.32185,24434.4,11640.6,-0.00427795,-0.00107769,0.29279,0.29279,0.29279,19.7222,19.7222,19.7222
ml,none,100,0.9,25000,source,0.000478504,0.999504,0.999574,1,1,1,1,1,0.0312545,0.0312545,0.0312545,-0.00538753,-0.00426046,-0.00080134,0.00473326,0.0040752,206.629,240.482,0.999999,0.999999,0.999999,1.00604,1.00604,1.00604
ml,none,100,0.9,100000,mid,-0.000491677,0.995986,0.998328,1,1,0.444272,0.444272,0.444272,0.0154591,0.0154591,0.0154591,-0.0128339,-0.00987649,0.00316826,0.0154002,0.0069532,63.5301,142.135,0.445698,0.445698,0.445698,36.5181,36.5181,36.5181
ml,none,100,0.9,100000,mid_greedy,-0.103208,0.0294438,0.0288979,0.6,0.575,0.293396,0.293396,0.293396,0.0154591,0.0154591,0.0154591,4.10085,-0.62894,2.27438,5692.28,2775.32,0.00356294,0.000644866,0.292999,0.292999,0.292999,21.9144,21.9144,21.9144
ml,none,100,0.9,100000,source,-0.000293814,0.99988,0.999897,1,1,1,1,1,0.0154591,0.0154591,0.0154591,-0.00353816,-0.00345769,-0.000139617,0.00104176,0.00091428,953.916,1085.1,0.999999,0.999999,0.999999,1.00695,1.00695,1.00695
ml,w-high.g-none.v-none,100,0.6,5000,mid,0.0132689,0.996129,0.999126,1,1,0.167672,0.167672,0.167672,0.0703796,0.0703796,0.0703796,0.0376562,0.010762,0.0768902,0.0918245,0.0222981,12.3798,42.9213,0.16732,0.16732,0.16732,50.5633,50.5633,50.5633
ml,w-high.g-none.v-none,100,0.6,5000,mid_greedy,0.638688,-0.0189027,0.132721,0.425,0.625,0.00456629,0.00456629,0.00456629,0.0703796,0.0703796,0.0703796,2.00115,0.893789,1.25324,581.502,6.72282,0.00369917,0.0679572,0.0089746,0.0089746,0.0089746,493.731,493.731,493.731
ml,w-high.g-none.v-none,100,0.6,5000,source,0.00542353,0.999761,0.99979,1,1,1,1,1,0.0703796,0.0703796,0.0703796,-0.00684365,0.00996663,0.00435599,0.00884391,0.00827539,109.597,118.128,1,1,1,1.0026,1.0026,1.0026
ml,w-high.g-none.v-none,100,0.6,25000,mid,0.0437473,0.999189,0.999799,1,1,0.167672,0.167672,0.167672,0.0507511,0.0507511,0.0507511,-0.0095882,0.0410651,0.0539479,0.0122188,0.00426432,83.4288,356.701,0.1664,0.1664,0.1664,69.0251,69.0251,69.0251
ml,w-high.g-none.v-none,100,0.6,25000,mid_greedy,0.638069,0.143991,0.408587,0.675,0.95,0.00456629,0.00456629,0.00456629,0.0507511,0.0507511,0.0507511,1.51199,0.587985,1.97662,192.679,1.60279,0.0257981,0.354594,0.00609806,0.00609806,0.00609806,1215.01,1215.01,1215.01
ml,w-high.g-none.v-none,100,0.6,25000,source,0.00266647,0.999956,0.999961,1,1,1,1,1,0.0507511,0.0507511,0.0507511,-0.00681037,-0.00555401,0.00257922,0.00192917,0.00178029,505.109,548.239,1,1,1,1.00297,1.00297,1.00297
ml,w-high.g-none.v-none,100,0.6,100000,mid,0.0386328,0.999809,0.999922,1,1,0.167672,0.167672,0.167672,0.045997,0.045997,0.045997,0.0136387,0.040742,0.0245194,0.00386366,0.00300917,263.087,682.608,0.166584,0.166584,0.166584,90.3335,90.3335,90.3335
ml,w-high.g-none.v-none,100,0.6,100000,mid_greedy,0.659277,0.192985,0.605492,0.85,1,0.00456629,0.00456629,0.00456629,0.045997,0.045997,0.045997,0.188006,0.654509,0.522504,35.5765,0.755188,0.0333661,1.76448,0.00533867,0.00533867,0.00533867,2463.17,2463.17,2463.17
ml,w-high.g-none.v-none,100,0.6,100000,source,0.00238545,0.999989,0.99999,1,1,1,1,1,0.045997,0.045997,0.045997,-0.000820281,0.00393789,0.00209869,0.00039718,0.000392947,2498.83,2623.71,1,1,1,1.00315,1.00315,1.00315
ml,w-high.g-none.v-none,100,0.8,5000,mid,0.0320465,0.91337,0.994534,1,1,0.135133,0.135133,0.135133,0.0800182,0.0800182,0.0800182,-0.059619,0.0316247,-0.0553738,0.290924,0.043171,3.08759,21.8354,0.142088,0.142088,0.142088,83.0641,83.0641,83.0641
ml,w-high.g-none.v-none,100,0.8,5000,mid_greedy,0.0788374,0.306808,0.9169,0.725,1,0.0129978,0.0129978,0.0129978,0.0800182,0.0800182,0.0800182,-0.37696,0.0762788,-0.35803,10.5497,0.215987,0.0781228,4.39612,0.0274773,0.0274773,0.0274773,281.843,281.843,281.843
ml,w-high.g-none.v-none,100,0.8,5000,source,0.00577945,0.999021,0.999139,1,1,1,1,1,0.0800182,0.0800182,0.0800182,-0.0101942,-0.0126541,0.00688456,0.00948339,0.00829555,106.225,118.821,0.999999,0.999999,0.999999,1.00448,1.00448,1.00448
ml,w-high.g-none.v-none,100,0.8,25000,likelihood,12.6162,0.0313163,0.0372059,0.48,0.516667,0.00131534,0.00131534,0.00131534,0.0584562,0.0584562,0.0584562,7.99186,12.6938,20.9369,2.17997e+06,34956.5,3.28816e-05,0.00508948,0.00667002,0.00667002,0.00667002,2769.01,2769.01,2769.01
ml,w-high.g-none.v-none,100,0.8,25000,mid,0.0420984,0.991164,0.998924,1,1,0.135133,0.135133,0.135133,0.0584562,0.0584562,0.0584562,-0.0104796,0.0389215,0.0361088,0.044545,0.00855284,22.3044,132.151,0.138929,0.138929,0.138929,130.842,130.842,130.842
ml,w-high.g-none.v-none,100,0.8,25000,mid_greedy,0.106504,0.534527,0.984334,0.836667,1,0.0129978,0.0129978,0.0129978,0.0584562,0.0584562,0.0584562,-0.0373442,0.105102,0.0539229,2.65815,0.0545304,0.33867,19.6905,0.0203865,0.0203865,0.0203865,728.264,728.264,728.264
ml,w-high.g-none.v-none,100,0.8,25000,source,0.00330363,0.999812,0.999834,1,1,1,1,1,0.0584562,0.0584562,0.0584562,0.00241257,-0.00174039,0.0036038,0.00246444,0.00215772,409.651,463.091,0.999999,0.999999,0.999999,1.00501,1.00501,1.00501
ml,w-high.g-none.v-none,100,0.8,25000,value,0.00465361,0.0174637,0.0186823,0.56,0.583333,0.00148873,0.00148873,0.00148873,0.0584562,0.0584562,0.0584562,-0.0411707,0.00498757,-0.0411084,1.1324,0.0018535,-0.00150429,0.0139159,0.00674937,0.00674937,0.00674937,2763.59,2763.59,2763.59
ml,w-high.g-none.v-none,100,0.8,100000,mid,0.0426632,0.998257,0.999625,1,1,0.135133,0.135133,0.135133,0.0532834,0.0532834,0.0532834,0.0170709,0.0453794,0.0236342,0.0110786,0.00383594,88.7622,515.92,0.139558,0.139558,0.139558,184.105,184.105,184.105
ml,w-high.g-none.v-none,100,0.8,100000,mid_greedy,0.109316,0.703864,0.994427,0.9,1,0.0129978,0.0129978,0.0129978,0.0532834,0.0532834,0.0532834,0.198211,0.0977566,0.141057,0.652262,0.0189519,0.997641,92.8864,0.0196743,0.0196743,0.0196743,941.172,941.172,941.172
ml,w-high.g-none.v-none,100,0.8,100000,source,0.00335002,0.999954,0.999958,1,1,1,1,1,0.0532834,0.0532834,0.0532834,0.00169363,0.00577159,0.00297889,0.000571524,0.000539317,1745.28,1951.26,0.999999,0.999999,0.999999,1.00535,1.00535,1.00535
ml,w-high.g-none.v-none,100,0.9,5000,mid,0.0623757,0.650911,0.973161,0.875,1,0.0535208,0.0535208,0.0535208,0.0820837,0.0820837,0.0820837,-0.143115,0.0108221,-0.136939,3.5642,0.106823,0.261021,9.11895,0.0926951,0.0926951,0.0926951,165.882,165.882,165.882
ml,w-high.g-none.v-none,100,0.9,5000,mid_greedy,0.0789223,0.391741,0.942578,0.725,1,0.0152883,0.0152883,0.0152883,0.0820837,0.0820837,0.0820837,-0.132925,0.0436982,-0.0338401,11.2815,0.184487,0.143317,5.28396,0.0472855,0.0472855,0.0472855,300.362,300.362,300.362
ml,w-high.g-none.v-none,100,0.9,5000,source,0.00754347,0.994894,0.995622,1,1,1,1,1,0.0820837,0.0820837,0.0820837,-0.0255808,-0.0208939,0.00707131,0.0335966,0.0288331,28.9527,33.4137,0.999999,0.999999,0.999999,1.00672,1.00672,1.00672
ml,w-high.g-none.v-none,100,0.9,25000,mid,0.0596884,0.860309,0.994303,0.975,1,0.0535208,0.0535208,0.0535208,0.0614768,0.0614768,0.0614768,-0.0644045,0.0603626,-0.0317184,0.363241,0.0247821,2.6456,42.6893,0.089631,0.089631,0.089631,233.614,233.614,233.614
ml,w-high.g-none.v-none,100,0.9,25000,mid_greedy,0.0822854,0.660109,0.988435,0.9,1,0.0152883,0.0152883,0.0152883,0.0614768,0.0614768,0.0614768,-0.130834,0.0758031,-0.122388,1.51684,0.0398576,0.586327,26.4871,0.0398676,0.0398676,0.0398676,448.766,448.766,448.766
ml,w-high.g-none.v-none,100,0.9,25000,source,0.00537213,0.999051,0.999183,1,1,1,1,1,0.0614768,0.0614768,0.0614768,0.0185442,0.021863,0.0037106,0.00768594,0.00680542,130.279,150.447,0.999998,0.999998,0.999998,1.00722,1.00722,1.00722
ml,w-high.g-none.v-none,100,0.9,100000,mid,0.0617462,0.966048,0.997911,1,1,0.0535208,0.0535208,0.0535208,0.0565193,0.0565193,0.0565193,-0.0268342,0.0648715,0.0326388,0.111093,0.0104018,8.46987,144.543,0.0706738,0.0706738,0.0706738,484.325,484.325,484.325
ml,w-high.g-none.v-none,100,0.9,100000,mid_greedy,0.0840756,0.86309,0.995277,1,1,0.0152883,0.0152883,0.0152883,0.0565193,0.0565193,0.0565193,-0.00941739,0.0862654,0.132233,0.521679,0.0176044,2.14709,86.508,0.0286542,0.0286542,0.0286542,947.221,947.221,947.221
ml,w-high.g-none.v-none,100,0.9,100000,source,0.00490083,0.999764,0.999793,1,1,1,1,1,0.0565193,0.0565193,0.0565193,-0.0044178,0.00613098,0.00459527,0.00194236,0.00170034,505.302,592.058,0.999998,0.999998,0.999998,1.00806,1.00806,1.00806
ml,w-none.g-high.v-none,100,0.6,5000,mid,0.0526296,0.99394,0.998343,1,1,0.22503,0.22503,0.22503,0.0795122,0.0795122,0.0795122,-0.0230284,0.06433,0.0244287,0.0774909,0.0245523,11.9333,42.6569,0.224122,0.224122,0.224122,28.3101,28.3101,28.3101
ml,w-none.g-high.v-none,100,0.6,5000,mid_greedy,0.502282,0.0033222,0.369977,0.525,0.775,0.0127097,0.0127097,0.0127097,0.0795122,0.0795122,0.0795122,0.871389,0.64091,0.113287,22.4589,1.09537,-0.0067408,0.236379,0.0184973,0.0184973,0.0184973,284.847,284.847,284.847
ml,w-none.g-high.v-none,100,0.6,5000,source,0.00184605,0.999786,0.999814,1,1,1,1,1,0.0795122,0.0795122,0.0795122,0.00991825,0.0112366,0.000514564,0.00581295,0.00548486,169.701,180.736,1,1,1,1.0025,1.0025,1.0025
ml,w-none.g-high.v-none,100,0.6,25000,mid,0.0567679,0.999002,0.999629,1,1,0.22503,0.22503,0.22503,0.0602912,0.0602912,0.0602912,-0.0131783,0.0565861,0.0418263,0.016146,0.00690946,59.5509,240.483,0.225603,0.225603,0.225603,32.0738,32.0738,32.0738
ml,w-none.g-high.v-none,100,0.6,25000,mid_greedy,0.494584,0.278518,0.780082,0.7,1,0.0127097,0.0127097,0.0127097,0.0602912,0.0602912,0.0602912,-0.351674,0.525923,0.619642,12.0741,0.402301,0.0982364,2.31699,0.0144819,0.0144819,0.0144819,609.255,609.255,609.255
ml,w-none.g-high.v-none,100,0.6,25000,source,0.000795929,0.99996,0.999966,1,1,1,1,1,0.0602912,0.0602912,0.0602912,0.00638201,0.00649226,0.000425181,0.00145906,0.00135669,717.211,773.732,1,1,1,1.00295,1.00295,1.00295
ml,w-none.g-high.v-none,100,0.6,100000,mid,0.0546904,0.999775,0.999828,1,1,0.22503,0.22503,0.22503,0.0562504,0.0562504,0.0562504,-0.00347202,0.0534829,0.0604625,0.00287046,0.00360219,351.826,1212.04,0.224958,0.224958,0.224958,41.3322,41.3322,41.3322
ml,w-none.g-high.v-none,100,0.6,100000,mid_greedy,0.518723,0.670745,0.882582,0.95,1,0.0127097,0.0127097,0.0127097,0.0562504,0.0562504,0.0562504,-0.0893464,0.545625,0.599742,1.17657,0.331365,0.929464,8.22715,0.0136422,0.0136422,0.0136422,944.642,944.642,944.642
ml,w-none.g-high.v-none,100,0.6,100000,source,0.000939898,0.99999,0.999991,1,1,1,1,1,0.0562504,0.0562504,0.0562504,-0.00168921,0.000708718,0.000775693,0.000281625,0.000263804,3528.92,3817.26,1,1,1,1.00319,1.00319,1.00319
ml,w-none.g-high.v-none,100,0.8,5000,mid,0.112886,0.874245,0.986232,0.975,1,0.176211,0.176211,0.176211,0.0897492,0.0897492,0.0897492,0.0520848,0.143391,0.0218822,0.377277,0.0801832,2.18058,12.2936,0.183526,0.183526,0.183526,58.0488,58.0488,58.0488
ml,w-none.g-high.v-none,100,0.8,5000,mid_greedy,0.386103,0.124206,0.555149,0.625,0.9,0.0062821,0.0062821,0.0062821,0.0897492,0.0897492,0.0897492,0.607852,0.421239,-0.221781,25.0429,0.805765,-0.00198873,0.647361,0.0274823,0.0274823,0.0274823,316.509,316.509,316.509
ml,w-none.g-high.v-none,100,0.8,5000,source,0.00236343,0.999009,0.999154,1,1,1,1,1,0.0897492,0.0897492,0.0897492,0.00705593,0.0104204,0.000858121,0.0128142,0.0115302,75.5222,84.2542,0.999999,0.999999,0.999999,1.00382,1.00382,1.00382
ml,w-none.g-high.v-none,100,0.8,25000,likelihood,0.295422,0.130985,0.236971,0.643333,0.74,0.00731268,0.00731268,0.00731268,0.070958,0.070958,0.070958,-0.861136,0.164942,-0.747132,355.216,15.6329,0.000429174,0.0362504,0.0164461,0.0164461,0.0164461,738.524,738.524,738.524
ml,w-none.g-high.v-none,100,0.8,25000,mid,0.119207,0.988,0.996997,1,1,0.176211,0.176211,0.176211,0.070958,0.070958,0.070958,-0.0119351,0.117026,0.117344,0.0592882,0.0249164,16.8651,70.5515,0.1776,0.1776,0.1776,98.0674,98.0674,98.0674
ml,w-none.g-high.v-none,100,0.8,25000,mid_greedy,0.41543,0.39326,0.86361,0.776667,1,0.0062821,0.0062821,0.0062821,0.070958,0.070958,0.070958,0.125341,0.38712,0.550852,14.7649,0.270273,0.0915697,3.92561,0.0172813,0.0172813,0.0172813,950.849,950.849,950.849
ml,w-none.g-high.v-none,100,0.8,25000,source,0.00117768,0.999818,0.999844,1,1,1,1,1,0.070958,0.070958,0.070958,-0.0023733,-0.00203143,0.00119708,0.00297775,0.00260628,334.015,381.951,0.999999,0.999999,0.999999,1.00469,1.00469,1.00469
ml,w-none.g-high.v-none,100,0.8,25000,value,0.00618539,0.0328768,-0.0249939,0.453333,0.38,0.00373116,0.00373116,0.00373116,0.070958,0.070958,0.070958,-0.00342284,0.00479659,0.0162171,0.245763,0.00143255,0.000673982,0.000964953,0.0118375,0.0118375,0.0118375,1042.04,1042.04,1042.04
ml,w-none.g-high.v-none,100,0.8,100000,mid,0.117187,0.997479,0.998651,1,1,0.176211,0.176211,0.176211,0.0667255,0.0667255,0.0667255,-0.010261,0.113907,0.122336,0.013445,0.0151913,75.2759,359.569,0.178146,0.178146,0.178146,125.056,125.056,125.056
ml,w-none.g-high.v-none,100,0.8,100000,mid_greedy,0.408574,0.640989,0.9349,0.95,1,0.0062821,0.0062821,0.0062821,0.0667255,0.0667255,0.0667255,0.0654684,0.408849,0.501528,1.70622,0.194566,0.729292,16.1176,0.0132429,0.0132429,0.0132429,1840.76,1840.76,1840.76
ml,w-none.g-high.v-none,100,0.8,100000,source,0.00124444,0.999954,0.99996,1,1,1,1,1,0.0667255,0.0667255,0.0667255,-0.00415202,-0.00376184,0.00126033,0.000773867,0.00069152,1262.82,1417.23,0.999999,0.999999,0.999999,1.00554,1.00554,1.00554
ml,w-none.g-high.v-none,100,0.9,5000,mid,0.148775,0.688476,0.938998,1,1,0.0714888,0.0714888,0.0714888,0.0940502,0.0940502,0.0940502,0.0732047,0.0732073,0.140967,2.14929,0.179545,0.61759,5.27295,0.11609,0.11609,0.11609,127.607,127.607,127.607
ml,w-none.g-high.v-none,100,0.9,5000,mid_greedy,0.295836,0.239618,0.705459,0.7,0.95,0.0017855,0.0017855,0.0017855,0.0940502,0.0940502,0.0940502,-0.368301,0.233649,-0.489648,17.6073,0.640848,0.0192952,1.24363,0.0375201,0.0375201,0.0375201,335.567,335.567,335.567
ml,w-none.g-high.v-none,100,0.9,5000,source,0.00363532,0.994781,0.995632,1,1,1,1,1,0.0940502,0.0940502,0.0940502,-0.0281298,-0.0264902,0.00346907,0.0442788,0.0371454,22.6262,26.7472,0.999999,0.999999,0.999999,1.00548,1.00548,1.00548
ml,w-none.g-high.v-none,100,0.9,25000,mid,0.162937,0.792051,0.984693,0.975,1,0.0714888,0.0714888,0.0714888,0.075427,0.075427,0.075427,-0.106221,0.175747,0.0545212,0.995965,0.0645975,0.862406,21.0295,0.0923915,0.0923915,0.0923915,276.361,276.361,276.361
ml,w-none.g-high.v-none,100,0.9,25000,mid_greedy,0.323429,0.390558,0.882494,0.775,1,0.0017855,0.0017855,0.0017855,0.075427,0.075427,0.075427,-0.338509,0.337165,0.325505,11.4961,0.244859,0.111672,4.12468,0.0193117,0.0193117,0.0193117,1359.17,1359.17,1359.17
ml,w-none.g-high.v-none,100,0.9,25000,source,0.00262131,0.999033,0.999185,1,1,1,1,1,0.075427,0.075427,0.075427,0.0190048,0.0173209,0.0032469,0.00771574,0.00659053,129.915,152.517,0.999998,0.999998,0.999998,1.00662,1.00662,1.00662
ml,w-none.g-high.v-none,100,0.9,100000,mid,0.158938,0.949083,0.993235,1,1,0.0714888,0.0714888,0.0714888,0.0714678,0.0714678,0.0714678,-0.0428764,0.166121,0.153788,0.141115,0.0364386,6.94004,82.9152,0.0788525,0.0788525,0.0788525,536.837,536.837,536.837
ml,w-none.g-high.v-none,100,0.9,100000,mid_greedy,0.323073,0.504091,0.948604,0.875,1,0.0017855,0.0017855,0.0017855,0.0714678,0.0714678,0.0714678,-0.232587,0.332361,0.266271,7.53998,0.141907,0.136356,18.1068,0.0129431,0.0129431,0.0129431,2044.01,2044.01,2044.01
ml,w-none.g-high.v-none,100,0.9,100000,source,0.00275538,0.999779,0.999809,1,1,1,1,1,0.0714678,0.0714678,0.0714678,-0.00281382,0.00316629,0.00256047,0.00202658,0.00173414,497.135,586.997,0.999998,0.999998,0.999998,1.00763,1.00763,1.00763
ml,w-none.g-none.v-high,100,0.6,5000,mid,0.0336169,0.993741,0.998362,1,1,0.226294,0.226294,0.226294,0.0815663,0.0815663,0.0815663,-0.0423778,0.0278232,-0.0175882,0.092778,0.0308183,10.9291,35.792,0.228398,0.228398,0.228398,19.8865,19.8865,19.8865
ml,w-none.g-none.v-high,100,0.6,5000,mid_greedy,0.512495,0.102826,0.574635,0.575,0.9,0.0205318,0.0205318,0.0205318,0.0815663,0.0815663,0.0815663,0.348105,0.47792,-0.313513,15.658,0.998999,0.0273504,0.891653,0.0225876,0.0225876,0.0225876,220.774,220.774,220.774
ml,w-none.g-none.v-high,100,0.6,5000,source,-0.00118768,0.999807,0.999834,1,1,1,1,1,0.0815663,0.0815663,0.0815663,-0.012223,-0.0122732,0.000511943,0.00719952,0.00692649,137.408,142.481,1,1,1,1.00236,1.00236,1.00236
ml,w-none.g-none.v-high,100,0.6,25000,mid,0.0400015,0.998942,0.999678,1,1,0.226294,0.226294,0.226294,0.0634233,0.0634233,0.0634233,-0.0187023,0.0481652,0.0360736,0.0209898,0.00847366,47.9154,178.827,0.226685,0.226685,0.226685,24.0499,24.0499,24.0499
ml,w-none.g-none.v-high,100,0.6,25000,mid_greedy,0.500581,0.387502,0.792639,0.725,1,0.0205318,0.0205318,0.0205318,0.0634233,0.0634233,0.0634233,-0.136491,0.487236,0.648287,5.38387,0.370194,0.253948,4.56022,0.0205547,0.0205547,0.0205547,358.584,358.584,358.584
ml,w-none.g-none.v-high,100,0.6,25000,source,0.00250071,0.999964,0.999969,1,1,1,1,1,0.0634233,0.0634233,0.0634233,0.00646075,0.0086676,0.00166652,0.00126942,0.00120519,828.277,902.829,1,1,1,1.00282,1.00282,1.00282
ml,w-none.g-none.v-high,100,0.6,100000,mid,0.0410713,0.999745,0.999905,1,1,0.226294,0.226294,0.226294,0.0595626,0.0595626,0.0595626,-0.00789426,0.0390048,0.0380612,0.00311807,0.00268184,315.025,929.731,0.226653,0.226653,0.226653,26.6659,26.6659,26.6659
ml,w-none.g-none.v-high,100,0.6,100000,mid_greedy,0.526473,0.67284,0.825224,0.925,1,0.0205318,0.0205318,0.0205318,0.0595626,0.0595626,0.0595626,-0.100312,0.53846,0.496815,0.973191,0.32318,0.991523,16.9311,0.0208564,0.0208564,0.0208564,478.67,478.67,478.67
ml,w-none.g-none.v-high,100,0.6,100000,source,0.00254834,0.999991,0.999992,1,1,1,1,1,0.0595626,0.0595626,0.0595626,-0.00221405,0.00130812,0.00257623,0.000210844,0.000203584,4634.47,4978.4,1,1,1,1.00305,1.00305,1.00305
ml,w-none.g-none.v-high,100,0.8,5000,mid,0.0149198,0.898876,0.983394,0.975,1,0.254933,0.254933,0.254933,0.0921747,0.0921747,0.0921747,0.0584641,0.0370416,0.0179566,0.240809,0.0877558,3.4968,10.3679,0.256673,0.256673,0.256673,27.5407,27.5407,27.5407
ml,w-none.g-none.v-high,100,0.8,5000,mid_greedy,0.478899,0.206844,0.512319,0.65,0.9,0.0365837,0.0365837,0.0365837,0.0921747,0.0921747,0.0921747,-0.385654,0.482741,0.754406,26.2016,0.98734,0.0598809,0.639701,0.0451436,0.0451436,0.0451436,174.996,174.996,174.996
ml,w-none.g-none.v-high,100,0.8,5000,source,0.00206651,0.999198,0.999324,1,1,1,1,1,0.0921747,0.0921747,0.0921747,0.0011062,-0.00955542,0.00380667,0.0118641,0.0108883,81.5967,88.86,0.999999,0.999999,0.999999,1.00371,1.00371,1.00371
ml,w-none.g-none.v-high,100,0.8,25000,likelihood,0.899123,0.054161,0.0742045,0.69,0.75,0.0291807,0.0291807,0.0291807,0.0743108,0.0743108,0.0743108,-0.576191,0.911748,0.634214,317.359,14.7732,0.00182209,0.0282598,0.031424,0.031424,0.031424,380.749,380.749,380.749
ml,w-none.g-none.v-high,100,0.8,25000,mid,0.0170462,0.991661,0.997522,1,1,0.254933,0.254933,0.254933,0.0743108,0.0743108,0.0743108,-0.00955934,0.0166716,0.0142853,0.0454248,0.0147407,21.8097,68.1828,0.254802,0.254802,0.254802,37.1522,37.1522,37.1522
ml,w-none.g-none.v-high,100,0.8,25000,mid_greedy,0.473462,0.402174,0.776615,0.816667,1,0.0365837,0.0365837,0.0365837,0.0743108,0.0743108,0.0743108,0.0858085,0.48336,0.400827,3.90234,0.395107,0.201484,3.50918,0.0403512,0.0403512,0.0403512,295.307,295.307,295.307
ml,w-none.g-none.v-high,100,0.8,25000,source,0.00590895,0.99985,0.999873,1,1,1,1,1,0.0743108,0.0743108,0.0743108,-0.00262619,0.00476519,0.00597716,0.0024595,0.00225017,404.97,453.748,0.999999,0.999999,0.999999,1.00428,1.00428,1.00428
ml,w-none.g-none.v-high,100,0.8,25000,value,0.00425696,0.00324982,-0.0354284,0.463333,0.456667,0.00620323,0.00620323,0.00620323,0.0743108,0.0743108,0.0743108,-0.00818508,0.00413416,-0.00526322,0.071805,0.000621074,-0.000599099,0.00207702,0.0125431,0.0125431,0.0125431,1128.81,1128.81,1128.81
ml,w-none.g-none.v-high,100,0.8,100000,mid,0.018196,0.998019,0.999293,1,1,0.254933,0.254933,0.254933,0.0704381,0.0704381,0.0704381,-0.0138375,0.014219,0.0214044,0.0148359,0.00434766,67.8664,237.886,0.25535,0.25535,0.25535,45.3183,45.3183,45.3183
ml,w-none.g-none.v-high,100,0.8,100000,mid_greedy,0.469035,0.757382,0.88018,0.975,1,0.0365837,0.0365837,0.0365837,0.0704381,0.0704381,0.0704381,0.072673,0.443975,0.549785,0.96146,0.236787,1.29374,15.5713,0.037277,0.037277,0.037277,481.637,481.637,481.637
ml,w-none.g-none.v-high,100,0.8,100000,source,0.00584976,0.999963,0.999968,1,1,1,1,1,0.0704381,0.0704381,0.0704381,-0.00361917,-0.00187131,0.00609266,0.00083924,0.000753145,1167.37,1331.01,0.999999,0.999999,0.999999,1.00446,1.00446,1.00446
ml,w-none.g-none.v-high,100,0.9,5000,mid,0.0965009,0.557431,0.844048,0.925,0.975,0.145694,0.145694,0.145694,0.0969307,0.0969307,0.0969307,-0.138865,0.0418424,-0.0542061,1.8741,0.349275,0.490098,2.58127,0.147896,0.147896,0.147896,81.3933,81.3933,81.3933
ml,w-none.g-none.v-high,100,0.9,5000,mid_greedy,0.34947,0.334214,0.597896,0.75,0.9,0.0441474,0.0441474,0.0441474,0.0969307,0.0969307,0.0969307,0.269908,0.263834,0.503525,21.7231,1.13388,0.096582,0.808187,0.0626713,0.0626713,0.0626713,171.212,171.212,171.212
ml,w-none.g-none.v-high,100,0.9,5000,source,0.00526999,0.996431,0.997023,1,1,1,1,1,0.0969307,0.0969307,0.0969307,0.0305428,0.0337928,-0.00141996,0.0406234,0.0354072,27.3268,31.7211,0.999999,0.999999,0.999999,1.00523,1.00523,1.00523
ml,w-none.g-none.v-high,100,0.9,25000,mid,0.09686,0.856343,0.976447,1,1,0.145694,0.145694,0.145694,0.0789502,0.0789502,0.0789502,-0.0517554,0.0890608,0.130023,0.4599,0.0721635,2.34468,13.2347,0.149213,0.149213,0.149213,121.684,121.684,121.684
ml,w-none.g-none.v-high,100,0.9,25000,mid_greedy,0.335878,0.458123,0.83126,0.925,1,0.0441474,0.0441474,0.0441474,0.0789502,0.0789502,0.0789502,-0.0439558,0.353286,0.486285,5.18647,0.312054,0.255677,3.16859,0.0544371,0.0544371,0.0544371,309.767,309.767,309.767
ml,w-none.g-none.v-high,100,0.9,25000,source,0.0107569,0.999249,0.99938,1,1,1,1,1,0.0789502,0.0789502,0.0789502,0.0111996,-0.0092104,0.0121962,0.00610311,0.00511412,162.218,191.111,0.999999,0.999999,0.999999,1.0058,1.0058,1.0058
ml,w-none.g-none.v-high,100,0.9,100000,mid,0.094373,0.958105,0.992549,1,1,0.145694,0.145694,0.145694,0.0749483,0.0749483,0.0749483,0.0505723,0.103625,0.0654973,0.114544,0.0296864,7.87208,44.287,0.146336,0.146336,0.146336,175.893,175.893,175.893
ml,w-none.g-none.v-high,100,0.9,100000,mid_greedy,0.342292,0.61635,0.916847,0.95,1,0.0441474,0.0441474,0.0441474,0.0749483,0.0749483,0.0749483,0.0537129,0.360598,0.259067,1.37966,0.176169,0.557515,14.0974,0.0466594,0.0466594,0.0466594,668.535,668.535,668.535
ml,w-none.g-none.v-high,100,0.9,100000,source,0.0113233,0.999823,0.999852,1,1,1,1,1,0.0749483,0.0749483,0.0749483,-0.00479078,0.00847443,0.0114811,0.00137156,0.00127529,714.523,846.842,0.999999,0.999999,0.999999,1.00616,1.00616,1.00616
