train_size,share,state,estimator,panel,worlds,gstar_rel_source,gstar_rel_source_lo,gstar_rel_source_hi,rel_bias_src,rel_bias_src_lo,rel_bias_src_hi,rel_total_var_src,rel_total_var_src_lo,rel_total_var_src_hi,rel_mse_src,rel_mse_src_lo,rel_mse_src_hi,rel_bias,rel_bias_lo,rel_bias_hi,rel_bias_raw,rel_bias_raw_lo,rel_bias_raw_hi,rel_bias_floor,rel_bias_floor_lo,rel_bias_floor_hi,bias_ratio,bias_ratio_lo,bias_ratio_hi,noise_rank_eff,noise_rank_eff_lo,noise_rank_eff_hi,snr,snr_lo,snr_hi,cos_mean,cos_mean_lo,cos_mean_hi,cos_median,cos_median_lo,cos_median_hi,p_positive,p_positive_lo,p_positive_hi,norm_ratio,norm_ratio_lo,norm_ratio_hi,rel_total_var,rel_total_var_lo,rel_total_var_hi,rel_mse,rel_mse_lo,rel_mse_hi,w_ess_share,w_ess_share_lo,w_ess_share_hi,w_max,w_max_lo,w_max_hi,pop_ess_share,pop_ess_share_lo,pop_ess_share_hi,qhat_rmse_logging,qhat_rmse_logging_lo,qhat_rmse_logging_hi,qhat_rmse_target,qhat_rmse_target_lo,qhat_rmse_target_hi,mb_rel_sq_to_full,mb_rel_sq_to_full_lo,mb_rel_sq_to_full_hi,mb_rel_mse,mb_rel_mse_lo,mb_rel_mse_hi,mb_noise_share,mb_noise_share_lo,mb_noise_share_hi,cond_rel_bias,cond_rel_bias_lo,cond_rel_bias_hi
25000,0.8,likelihood,G1,high,3,0.0322884,0.00722518,0.0573517,-0.00661807,-0.114979,0.101743,14.1739,-19.3874,47.7352,14.1738,-19.3919,47.7396,-0.462364,-4.28009,3.35536,5.78717,0.232195,11.3422,5.91594,0.864452,10.9674,0.941895,0.678916,1.20487,5.60774,-4.53521,15.7507,-0.000168709,-0.00196183,0.00162441,0.0221321,0.00258027,0.0416839,0.0247737,0.00101143,0.048536,0.565555,0.462687,0.668424,40.753,27.8883,53.6177,11326.5,-8326.11,30979.2,11325.6,-8332.09,30983.3,0.00112796,0.000494925,0.001761,7827.25,-2639.26,18293.8,2.02529e-05,-5.41481e-05,9.4654e-05,0.0659008,0.042971,0.0888305,0.124762,0.0521677,0.197357,,,,,,,,,,,,
25000,0.8,likelihood,G2,high,3,0.0322884,0.00722518,0.0573517,0.0384199,-0.421917,0.498757,67.3824,-170.959,305.724,67.4005,-171.039,305.84,0.589553,-12.2001,13.3792,10.4267,-12.758,33.6113,10.478,-10.2846,31.2407,0.884371,0.304138,1.4646,5.72242,-8.33166,19.7765,-0.000437501,-0.00264306,0.00176806,0.0429233,0.00598313,0.0798635,0.042698,0.00895498,0.0764409,0.631111,0.520843,0.741379,54.8987,23.7093,86.088,46908.3,-110147,203964,46918.9,-110206,204044,0.00112796,0.000494925,0.001761,7827.25,-2639.26,18293.8,2.02529e-05,-5.41481e-05,9.4654e-05,0.0659008,0.042971,0.0888305,0.124762,0.0521677,0.197357,,,,,,,,,,,,
25000,0.8,likelihood,G3,high,3,0.0322884,0.00722518,0.0573517,0.0191408,-0.306952,0.345234,29.1982,-42.9763,101.373,29.2057,-43.0105,101.422,0.132037,-9.1202,9.38427,7.88989,-2.8979,18.6777,7.89739,-1.06853,16.8633,0.942163,0.431719,1.45261,5.05627,-8.30855,18.4211,-0.000272018,-0.00249296,0.00194892,0.0289461,-0.00447278,0.0623649,0.0251859,-0.0168438,0.0672157,0.577778,0.460576,0.694979,48.5722,33.8826,63.2618,21315.9,-22503.5,65135.4,21319.7,-22532.6,65172,0.00112796,0.000494925,0.001761,7827.25,-2639.26,18293.8,2.02529e-05,-5.41481e-05,9.4654e-05,0.0659008,0.042971,0.0888305,0.124762,0.0521677,0.197357,277204,-190649,745056,278637,-246040,803315,1.05266,0.610893,1.49442,,,
25000,0.8,likelihood,G4,high,3,0.0322884,0.00722518,0.0573517,0.000777549,-0.00210438,0.00365948,0.00204422,-0.000335876,0.00442431,0.00204556,-0.000337867,0.00442898,0.0168034,-0.0743807,0.107988,0.0848414,0.0721112,0.0975717,0.080026,0.0678746,0.0921775,1.13868,0.583775,1.69359,51.1628,13.0532,89.2724,0.520139,0.368338,0.671941,0.590962,0.52325,0.658674,0.600606,0.54341,0.657802,1,1,1,1.69145,1.5214,1.86151,1.92603,1.33257,2.5195,1.92683,1.33617,2.5175,0.00112796,0.000494925,0.001761,7827.25,-2639.26,18293.8,2.02529e-05,-5.41481e-05,9.4654e-05,0.0659008,0.042971,0.0888305,0.124762,0.0521677,0.197357,,,,,,,,,,,,
25000,0.8,likelihood,G5,high,3,0.0322884,0.00722518,0.0573517,0.0365282,0.0156243,0.0574321,0.00249227,-0.000429399,0.00541393,0.00387379,-0.000441075,0.00818866,1.16244,0.734089,1.5908,1.16581,0.737824,1.59379,0.088274,0.0753883,0.10116,174.453,92.6717,256.234,39.934,12.938,66.9299,0.512813,-0.426217,1.45184,0.225536,-0.134062,0.585134,0.227696,-0.152372,0.607763,0.9,0.539062,1.26094,1.85438,1.0008,2.70796,2.34307,1.65061,3.03553,3.71417,2.05493,5.3734,0.00112796,0.000494925,0.001761,7827.25,-2639.26,18293.8,2.02529e-05,-5.41481e-05,9.4654e-05,0.0659008,0.042971,0.0888305,0.124762,0.0521677,0.197357,46.1663,23.8275,68.5051,49.7558,25.4394,74.0723,0.928156,0.909888,0.946423,,,
25000,0.8,likelihood,G5-G3 (paired bias),high,3,0.0322884,0.00722518,0.0573517,,,,,,,,,,0.52332,-8.68259,9.72923,8.02747,-2.69509,18.75,7.89363,-1.07672,16.864,0.984561,0.540772,1.42835,5.03464,-8.24843,18.3177,,,,,,,,,,,,,,,,,,,,,,0.00112796,0.000494925,0.001761,7827.25,-2639.26,18293.8,2.02529e-05,-5.41481e-05,9.4654e-05,0.0659008,0.042971,0.0888305,0.124762,0.0521677,0.197357,,,,,,,,,,1.16466,0.715825,1.61349
25000,0.8,mid,G1,high,3,0.298057,0.0605388,0.535576,-0.0182897,-0.0374406,0.000861186,0.298862,-0.107989,0.705713,0.298488,-0.107699,0.704675,-0.0720407,-0.207545,0.0634637,0.0918378,-0.0320453,0.215721,0.117941,-0.0582996,0.294182,0.630481,0.233159,1.0278,4.44137,-1.80809,10.6908,0.521305,-0.992274,2.03488,0.512853,-0.25909,1.2848,0.65015,0.00586528,1.29443,0.828889,0.473472,1.18431,1.93545,-0.247297,4.1182,5.17972,-8.31716,18.6766,5.17256,-8.30118,18.6463,0.0339757,-0.0433007,0.111252,652.757,113.907,1191.61,0.0198625,-0.0226329,0.0623579,0.0659008,0.042971,0.0888305,0.0992092,0.0648114,0.133607,,,,,,,,,,,,
25000,0.8,mid,G2,high,3,0.298057,0.0605388,0.535576,-0.0145461,-0.0360682,0.00697607,0.239184,-0.034333,0.512701,0.238922,-0.0340999,0.511945,-0.0584285,-0.170546,0.0536889,0.0859179,-0.0227476,0.194583,0.105405,-0.0411132,0.251924,0.719397,0.214357,1.22444,4.79343,-1.62415,11.211,0.576198,-0.925551,2.07795,0.564307,-0.148611,1.27722,0.691863,0.036974,1.34675,0.854444,0.56756,1.14133,1.83564,-0.0987329,3.77002,4.02883,-6.04371,14.1014,4.02406,-6.03574,14.0839,0.0339757,-0.0433007,0.111252,652.757,113.907,1191.61,0.0198625,-0.0226329,0.0623579,0.0659008,0.042971,0.0888305,0.0992092,0.0648114,0.133607,,,,,,,,,,,,
25000,0.8,mid,G3,high,3,0.298057,0.0605388,0.535576,-0.0116545,-0.0450681,0.021759,0.25097,-0.10311,0.605051,0.250721,-0.10271,0.604153,-0.0519976,-0.201818,0.097823,0.0900801,-0.0238091,0.203969,0.108081,-0.0561609,0.272324,0.783708,0.233757,1.33366,4.71097,-1.48475,10.9067,0.644849,-1.2421,2.5318,0.542378,-0.201504,1.28626,0.678449,0.0277442,1.32915,0.831111,0.486368,1.17585,1.86821,-0.205507,3.94193,4.37875,-7.14553,15.903,4.37367,-7.13414,15.8815,0.0339757,-0.0433007,0.111252,652.757,113.907,1191.61,0.0198625,-0.0226329,0.0623579,0.0659008,0.042971,0.0888305,0.0992092,0.0648114,0.133607,103.121,-134.876,341.118,108.002,-139.959,355.962,0.949576,0.920626,0.978525,,,
25000,0.8,mid,G4,high,3,0.298057,0.0605388,0.535576,-0.00202789,-0.0031385,-0.000917276,0.00278749,0.00122961,0.00434536,0.00278324,0.00122947,0.00433701,-0.00750848,-0.0158023,0.000785368,0.00823452,-0.000262687,0.0167317,0.0111766,-0.000408963,0.0227621,0.556265,0.297039,0.81549,2.7771,1.27136,4.28284,38.499,-40.7697,117.768,0.989508,0.964986,1.01403,0.991258,0.971948,1.01057,1,1,1,1.00882,0.976758,1.04089,0.0418249,-0.0379916,0.121641,0.0417611,-0.0379394,0.121462,0.0339757,-0.0433007,0.111252,652.757,113.907,1191.61,0.0198625,-0.0226329,0.0623579,0.0659008,0.042971,0.0888305,0.0992092,0.0648114,0.133607,,,,,,,,,,,,
25000,0.8,mid,G5,high,3,0.298057,0.0605388,0.535576,0.0728756,0.0377737,0.107978,0.00351637,0.00140257,0.00563017,0.00896033,0.00438262,0.013538,0.269105,-0.0598284,0.598039,0.269411,-0.0596519,0.598473,0.012511,-8.8127e-05,0.0251101,496.705,-76.9633,1070.37,3.3785,0.252495,6.5045,19.998,-26.395,66.3911,0.952004,0.811376,1.09263,0.963009,0.864143,1.06188,0.998889,0.994109,1.00367,0.782483,0.519252,1.04571,0.0521022,-0.0431286,0.147333,0.136209,-0.155775,0.428192,0.0339757,-0.0433007,0.111252,652.757,113.907,1191.61,0.0198625,-0.0226329,0.0623579,0.0659008,0.042971,0.0888305,0.0992092,0.0648114,0.133607,1.02961,-0.835588,2.89481,1.16349,-0.955214,3.28219,0.884186,0.851515,0.916857,,,
25000,0.8,mid,G5-G3 (paired bias),high,3,0.298057,0.0605388,0.535576,,,,,,,,,,0.241595,-0.0655611,0.548751,0.265746,-0.0656252,0.597116,0.10541,-0.0559176,0.266737,9.72764,-13.1162,32.5714,4.80072,-1.73619,11.3376,,,,,,,,,,,,,,,,,,,,,,0.0339757,-0.0433007,0.111252,652.757,113.907,1191.61,0.0198625,-0.0226329,0.0623579,0.0659008,0.042971,0.0888305,0.0992092,0.0648114,0.133607,,,,,,,,,,0.268792,-0.0705915,0.608175
25000,0.8,mid_greedy,G1,high,3,0.230646,0.0799533,0.381338,-0.0209149,-0.0295542,-0.0122755,0.531605,0.11166,0.951549,0.531159,0.11135,0.950968,-0.0954672,-0.177902,-0.0130326,0.169685,-0.0299972,0.369367,0.195298,-0.0156499,0.406246,0.73929,0.494634,0.983946,4.37102,-0.570434,9.31247,0.102386,-0.0802961,0.285068,0.362314,-0.286347,1.01098,0.456318,-0.298663,1.2113,0.747778,0.361129,1.13443,2.61006,-0.317626,5.53774,12.8846,-14.5046,40.2738,12.8748,-14.4977,40.2472,0.0183675,-0.0165152,0.0532502,997.078,579.11,1415.05,0.00668229,0.00101969,0.0123449,0.0659008,0.042971,0.0888305,0.103821,0.0640452,0.143596,,,,,,,,,,,,
25000,0.8,mid_greedy,G2,high,3,0.230646,0.0799533,0.381338,-0.0117976,-0.0739866,0.0503913,0.775878,-0.636197,2.18795,0.775504,-0.635471,2.18648,-0.0329348,-0.315613,0.249743,0.200337,0.0154681,0.385207,0.212591,0.0790591,0.346122,0.864561,0.207776,1.52135,4.61641,-5.48976,14.7226,0.0737753,-0.0488143,0.196365,0.419396,-0.237903,1.07669,0.571494,-0.132702,1.27569,0.765555,0.453816,1.07729,2.56979,0.147472,4.99211,14.1363,-1.72179,29.9945,14.133,-1.73905,30.0051,0.0183675,-0.0165152,0.0532502,997.078,579.11,1415.05,0.00668229,0.00101969,0.0123449,0.0659008,0.042971,0.0888305,0.103821,0.0640452,0.143596,,,,,,,,,,,,
25000,0.8,mid_greedy,G3,high,3,0.230646,0.0799533,0.381338,0.0127403,0.00606865,0.019412,0.559664,0.189801,0.929526,0.559831,0.189867,0.929795,0.059581,-0.00994819,0.12911,0.204028,0.0405784,0.367478,0.195001,0.0454524,0.344549,1.08932,1.02046,1.15818,4.58587,-2.49175,11.6635,0.0808758,-0.0264403,0.188192,0.388759,-0.267426,1.04494,0.534517,-0.164078,1.23311,0.748889,0.364196,1.13358,2.57629,-0.0717931,5.22437,12.1324,-6.88713,31.1519,12.1365,-6.89251,31.1655,0.0183675,-0.0165152,0.0532502,997.078,579.11,1415.05,0.00668229,0.00101969,0.0123449,0.0659008,0.042971,0.0888305,0.103821,0.0640452,0.143596,183.398,-144.492,511.288,187.486,-151.842,526.815,0.988633,0.890688,1.08658,,,
25000,0.8,mid_greedy,G4,high,3,0.230646,0.0799533,0.381338,-0.00197279,-0.00310889,-0.000836692,0.00247853,0.00097191,0.00398514,0.00247449,0.000971679,0.00397731,-0.00919289,-0.0185389,0.000153086,0.00949677,0.00041868,0.0185749,0.0132749,0.000799348,0.0257505,0.526095,0.218266,0.833924,3.09593,1.64291,4.54895,25.4421,-22.2142,73.0983,0.983989,0.949475,1.0185,0.987418,0.962846,1.01199,1,1,1,1.01236,0.981072,1.04365,0.0579111,-0.0436936,0.159516,0.0578172,-0.0436328,0.159267,0.0183675,-0.0165152,0.0532502,997.078,579.11,1415.05,0.00668229,0.00101969,0.0123449,0.0659008,0.042971,0.0888305,0.103821,0.0640452,0.143596,,,,,,,,,,,,
25000,0.8,mid_greedy,G5,high,3,0.230646,0.0799533,0.381338,0.0746213,0.0438809,0.105362,0.00315868,0.00116273,0.00515464,0.00882912,0.00442461,0.0132336,0.345018,-0.00231547,0.692351,0.345353,-0.00212867,0.692835,0.0149386,0.00141132,0.0284659,575.626,-51.1055,1202.36,3.87811,0.463168,7.29306,11.1066,-12.8898,35.103,0.910879,0.667347,1.15441,0.934175,0.772596,1.09575,0.994444,0.97054,1.01835,0.735399,0.464961,1.00584,0.0728793,-0.0480828,0.193841,0.204949,-0.175204,0.585103,0.0183675,-0.0165152,0.0532502,997.078,579.11,1415.05,0.00668229,0.00101969,0.0123449,0.0659008,0.042971,0.0888305,0.103821,0.0640452,0.143596,1.41168,-1.06239,3.88576,1.63468,-1.2831,4.55245,0.864289,0.790654,0.937924,,,
25000,0.8,mid_greedy,G5-G3 (paired bias),high,3,0.230646,0.0799533,0.381338,,,,,,,,,,0.201653,-0.00640219,0.409708,0.279147,0.0267906,0.531503,0.19266,0.0453377,0.339983,2.06047,1.51818,2.60276,4.6103,-2.61991,11.8405,,,,,,,,,,,,,,,,,,,,,,0.0183675,-0.0165152,0.0532502,997.078,579.11,1415.05,0.00668229,0.00101969,0.0123449,0.0659008,0.042971,0.0888305,0.103821,0.0640452,0.143596,,,,,,,,,,0.343262,-0.00658765,0.693111
25000,0.8,source,G1,high,3,1,1,1,-0.00370057,-0.0050196,-0.00238153,0.00804159,0.00489237,0.0111908,0.00802771,0.00488407,0.0111713,-0.00370057,-0.0050196,-0.00238153,0.00356843,0.00224415,0.00489271,0.00516623,0.00413295,0.00619951,0.481506,0.186257,0.776755,1.29043,1.11767,1.46319,126.845,75.7312,177.959,0.99951,0.999394,0.999625,0.999533,0.999424,0.999642,1,1,1,1.00182,0.993201,1.01045,0.00804159,0.00489237,0.0111908,0.00802771,0.00488407,0.0111713,1,0.999998,1,1.0015,0.995079,1.00791,1,1,1,0.0659008,0.042971,0.0888305,0.0659008,0.042971,0.0888305,,,,,,,,,,,,
25000,0.8,source,G2,high,3,1,1,1,-0.00427359,-0.00501642,-0.00353076,0.00689075,0.00363544,0.0101461,0.00687243,0.00362202,0.0101228,-0.00427359,-0.00501642,-0.00353076,0.00208864,0.000468549,0.00370874,0.00477737,0.00361515,0.00593959,0.193478,-0.0343371,0.421294,1.2811,1.1305,1.43171,149.259,72.6588,225.859,0.999591,0.999482,0.9997,0.999609,0.999504,0.999713,1,1,1,1.00123,0.997604,1.00486,0.00689075,0.00363544,0.0101461,0.00687243,0.00362202,0.0101228,1,0.999998,1,1.0015,0.995079,1.00791,1,1,1,0.0659008,0.042971,0.0888305,0.0659008,0.042971,0.0888305,,,,,,,,,,,,
25000,0.8,source,G3,high,3,1,1,1,-0.00406867,-0.00508293,-0.00305441,0.00709466,0.00391488,0.0102744,0.007078,0.00390492,0.0102511,-0.00406867,-0.00508293,-0.00305441,0.00261629,0.00148323,0.00374935,0.00484899,0.00372634,0.00597164,0.29371,0.105831,0.481589,1.28741,1.13821,1.43661,144.594,74.1395,215.049,0.99957,0.999455,0.999684,0.99959,0.999481,0.999699,1,1,1,1.00126,0.995466,1.00705,0.00709466,0.00391488,0.0102744,0.007078,0.00390492,0.0102511,1,0.999998,1,1.0015,0.995079,1.00791,1,1,1,0.0659008,0.042971,0.0888305,0.0659008,0.042971,0.0888305,0.161865,0.0801906,0.243539,0.169152,0.0826754,0.255629,0.957376,0.921596,0.993155,,,
25000,0.8,source,G4,high,3,1,1,1,-0.00385094,-0.00449421,-0.00320767,0.00559576,0.00298994,0.00820158,0.00558089,0.00297905,0.00818272,-0.00385094,-0.00449421,-0.00320767,0.00188868,0.00049125,0.00328612,0.00430551,0.00327341,0.00533761,0.19413,-0.0192924,0.407553,1.28075,1.13151,1.43,183.639,90.7385,276.539,0.999669,0.999582,0.999756,0.999682,0.999598,0.999766,1,1,1,1.00108,0.997838,1.00433,0.00559576,0.00298994,0.00820158,0.00558089,0.00297905,0.00818272,1,0.999998,1,1.0015,0.995079,1.00791,1,1,1,0.0659008,0.042971,0.0888305,0.0659008,0.042971,0.0888305,,,,,,,,,,,,
25000,0.8,source,G5,high,3,1,1,1,0.00580322,-0.00423838,0.0158448,0.0063397,0.0031628,0.00951659,0.00638426,0.00325182,0.0095167,0.00580322,-0.00423838,0.0158448,0.00784915,0.00169332,0.014005,0.00458037,0.003392,0.00576874,3.29799,-1.56062,8.1566,1.27407,1.11221,1.43594,165.094,71.8158,258.372,0.999637,0.999548,0.999726,0.99965,0.999563,0.999738,1,1,1,1.00766,1.00151,1.01382,0.0063397,0.0031628,0.00951659,0.00638426,0.00325182,0.0095167,1,0.999998,1,1.0015,0.995079,1.00791,1,1,1,0.0659008,0.042971,0.0888305,0.0659008,0.042971,0.0888305,0.131219,0.065375,0.197064,0.137839,0.0673209,0.208358,0.952617,0.917009,0.988225,,,
25000,0.8,source,G5-G3 (paired bias),high,3,1,1,1,,,,,,,,,,0.00691856,-0.00315623,0.0169933,0.00693145,-0.00312213,0.016985,0.000362392,0.000276923,0.00044786,429.676,-526.227,1385.58,1.42607,1.31963,1.5325,,,,,,,,,,,,,,,,,,,,,,1,0.999998,1,1.0015,0.995079,1.00791,1,1,1,0.0659008,0.042971,0.0888305,0.0659008,0.042971,0.0888305,,,,,,,,,,0.00696547,-0.00265025,0.0165812
25000,0.8,value,G1,high,3,0.00999946,0.00665964,0.0133393,0.0406401,-0.0713166,0.152597,1.35178,-2.10543,4.80899,1.35479,-2.11331,4.82288,0.0406401,-0.0713166,0.152597,0.071649,-0.0767166,0.220015,0.0565649,-0.0533985,0.166528,1.8785,-0.065022,3.82202,5.25336,-6.46194,16.9687,0.00111135,-0.00296517,0.00518786,0.00688497,-0.123025,0.136795,0.00216154,-0.109144,0.113467,0.517778,-0.00173979,1.0373,30.5373,-52.6541,113.729,1.35178,-2.10543,4.80899,1.35479,-2.11331,4.82288,0.000857314,7.72709e-05,0.00163736,9045.45,1164.93,16926,6.89455e-06,-1.03553e-05,2.41444e-05,0.0659008,0.042971,0.0888305,0.158481,0.109931,0.207031,,,,,,,,,,,,
25000,0.8,value,G2,high,3,0.00999946,0.00665964,0.0133393,0.0650483,-0.089816,0.219913,1184.35,-3901.48,6270.18,1184.36,-3901.49,6270.21,0.0650483,-0.089816,0.219913,1.20213,-3.61754,6.02181,1.19621,-3.63055,6.02297,1.0955,0.732939,1.45806,5.11076,-12.177,22.3985,-0.000369984,-0.0040974,0.00335743,0.28211,-0.374536,0.938755,0.338894,-0.625427,1.30322,0.813333,0.535105,1.09156,173.343,-338.911,685.596,1184.35,-3901.48,6270.18,1184.36,-3901.49,6270.21,0.000857314,7.72709e-05,0.00163736,9045.45,1164.93,16926,6.89455e-06,-1.03553e-05,2.41444e-05,0.0659008,0.042971,0.0888305,0.158481,0.109931,0.207031,,,,,,,,,,,,
25000,0.8,value,G3,high,3,0.00999946,0.00665964,0.0133393,0.0511827,-0.0224733,0.124839,363.615,-1192.87,1920.1,363.616,-1192.86,1920.09,0.0511827,-0.0224733,0.124839,0.685626,-1.94071,3.31196,0.675701,-1.96872,3.32013,1.732,-0.616691,4.0807,6.99507,-15.3899,29.3801,0.000145174,-0.0026518,0.00294215,0.0572137,-0.21819,0.332617,0.0180294,-0.156913,0.192972,0.545556,0.185348,0.905764,113.159,-171.293,397.612,363.615,-1192.87,1920.1,363.616,-1192.86,1920.09,0.000857314,7.72709e-05,0.00163736,9045.45,1164.93,16926,6.89455e-06,-1.03553e-05,2.41444e-05,0.0659008,0.042971,0.0888305,0.158481,0.109931,0.207031,398.587,-1093.9,1891.07,38.9435,-117.244,195.132,69.8758,-225.638,365.39,,,
25000,0.8,value,G4,high,3,0.00999946,0.00665964,0.0133393,-0.000468588,-0.00366628,0.0027291,0.00290331,-0.00255327,0.0083599,0.00290266,-0.00255772,0.00836303,-0.000468588,-0.00366628,0.0027291,0.00268654,-0.00139376,0.00676683,0.00294669,-8.77009e-05,0.00598109,0.761111,-0.165771,1.68799,15.0772,-20.2486,50.4029,0.0648655,-0.103535,0.233266,0.410643,-0.148773,0.970059,0.477063,-0.421118,1.37524,0.933333,0.865555,1.00111,4.30629,-1.84686,10.4594,0.00290331,-0.00255327,0.0083599,0.00290266,-0.00255772,0.00836303,0.000857314,7.72709e-05,0.00163736,9045.45,1164.93,16926,6.89455e-06,-1.03553e-05,2.41444e-05,0.0659008,0.042971,0.0888305,0.158481,0.109931,0.207031,,,,,,,,,,,,
25000,0.8,value,G5,high,3,0.00999946,0.00665964,0.0133393,0.0169167,0.00238547,0.031448,0.00311976,-0.003149,0.00938852,0.00342875,-0.00322729,0.0100848,0.0169167,0.00238547,0.031448,0.0171909,0.00232868,0.0320531,0.00302333,-0.000390018,0.00643668,35.3875,8.8785,61.8964,13.4331,-15.7014,42.5677,0.0495391,-0.0629801,0.162058,0.0418117,-0.381012,0.464636,0.00777717,-0.278527,0.294082,0.462222,-0.165366,1.08981,4.22023,-3.12259,11.5631,0.00311976,-0.003149,0.00938852,0.00342875,-0.00322729,0.0100848,0.000857314,7.72709e-05,0.00163736,9045.45,1164.93,16926,6.89455e-06,-1.03553e-05,2.41444e-05,0.0659008,0.042971,0.0888305,0.158481,0.109931,0.207031,0.0722025,-0.0299077,0.174313,0.0756319,-0.0294255,0.180689,0.949823,0.916214,0.983432,,,
25000,0.8,value,G5-G3 (paired bias),high,3,0.00999946,0.00665964,0.0133393,,,,,,,,,,0.0711603,-0.126316,0.268636,0.682635,-1.96127,3.32654,0.675262,-1.96994,3.32047,1.08133,0.558822,1.60383,6.77724,-15.3966,28.9511,,,,,,,,,,,,,,,,,,,,,,0.000857314,7.72709e-05,0.00163736,9045.45,1164.93,16926,6.89455e-06,-1.03553e-05,2.41444e-05,0.0659008,0.042971,0.0888305,0.158481,0.109931,0.207031,,,,,,,,,,0.0168802,0.00241065,0.0313497
25000,0.8,likelihood,G1,none,3,6.16873e-05,-0.000118756,0.00024213,0.0043424,-0.219413,0.228098,3.54752,-0.608467,7.7035,3.54921,-0.595613,7.69404,106.399,-10898.2,11111,4528.21,-3975.15,13031.6,4290.2,-4641.1,13221.5,1.24133,-0.545463,3.02812,11.0239,-15.5244,37.5722,0.000804739,-0.00514892,0.0067584,0.00556168,-0.01987,0.0309933,0.0121817,-0.0204666,0.0448299,0.516667,0.456955,0.576378,54044.7,-82675,190764,8.10702e+09,-1.46592e+10,3.08732e+10,8.10831e+09,-1.46281e+10,3.08447e+10,0.109136,-0.00906243,0.227334,99.0786,-115.196,313.353,0.108637,-0.0111708,0.228445,0.029369,0.026563,0.032175,0.0330684,0.0309048,0.035232,,,,,,,,,,,,
25000,0.8,likelihood,G2,none,3,6.16873e-05,-0.000118756,0.00024213,-0.00715157,-0.23741,0.223107,2.80885,-0.298177,5.91587,2.80971,-0.295301,5.91473,154.117,-9992.3,10300.5,4069.44,-4054.34,12193.2,3844.89,-3984,11673.8,1.06085,-1.2327,3.35441,11.4445,-17.2066,40.0955,0.000202509,-0.00744149,0.00784651,-0.00126866,-0.0114533,0.00891603,-0.000603235,-0.0212628,0.0200564,0.496667,0.434151,0.559183,52027.9,-72673.7,176730,6.4214e+09,-1.06645e+10,2.35073e+10,6.4237e+09,-1.06417e+10,2.34891e+10,0.109136,-0.00906243,0.227334,99.0786,-115.196,313.353,0.108637,-0.0111708,0.228445,0.029369,0.026563,0.032175,0.0330684,0.0309048,0.035232,,,,,,,,,,,,
25000,0.8,likelihood,G3,none,3,6.16873e-05,-0.000118756,0.00024213,-0.0062084,-0.24202,0.229603,2.81517,-0.300457,5.93079,2.81625,-0.296989,5.92948,195.704,-10197,10588.4,4105.41,-4102.81,12313.6,3847.49,-3993.56,11688.5,1.08817,-1.32363,3.49996,11.4422,-17.2955,40.1798,0.000293442,-0.00774497,0.00833186,-0.0016925,-0.0155461,0.0121611,-0.00132747,-0.0378836,0.0352287,0.492222,0.407642,0.576803,52118.7,-72793.3,177031,6.43359e+09,-1.07296e+10,2.35968e+10,6.43627e+09,-1.07056e+10,2.35781e+10,0.109136,-0.00906243,0.227334,99.0786,-115.196,313.353,0.108637,-0.0111708,0.228445,0.029369,0.026563,0.032175,0.0330684,0.0309048,0.035232,1.38944e+11,-2.37893e+11,5.15781e+11,1.45803e+11,-2.4718e+11,5.38786e+11,0.960036,0.906903,1.01317,,,
25000,0.8,likelihood,G4,none,3,6.16873e-05,-0.000118756,0.00024213,-0.0189399,-0.0513119,0.0134321,0.449248,-0.266303,1.1648,0.448776,-0.265948,1.1635,-558.277,-2050.26,933.71,1176.57,-1656.26,4009.4,1315.04,-1838.07,4468.16,0.744326,0.178981,1.30967,15.326,-16.4582,47.1101,-0.000852842,-0.00273839,0.0010327,0.0166677,-0.00662026,0.0399558,0.011857,-0.00352978,0.0272439,0.536667,0.468887,0.604446,20960.7,-32338.6,74260.1,8.41028e+08,-2.19511e+09,3.87716e+09,8.40475e+08,-2.19348e+09,3.87443e+09,0.109136,-0.00906243,0.227334,99.0786,-115.196,313.353,0.108637,-0.0111708,0.228445,0.029369,0.026563,0.032175,0.0330684,0.0309048,0.035232,,,,,,,,,,,,
25000,0.8,likelihood,G5,none,3,6.16873e-05,-0.000118756,0.00024213,-0.0197778,-0.0515457,0.0119901,0.453051,-0.271285,1.17739,0.452551,-0.270933,1.17603,-588.627,-2087.27,910.019,1170.04,-1669.78,4009.87,1320.07,-1851.61,4491.76,0.724047,0.164918,1.28318,15.3788,-16.7193,47.4768,-0.000920547,-0.00278556,0.000944463,0.0157102,-0.00222296,0.0336435,0.0119142,-0.0138216,0.0376501,0.525555,0.483878,0.567232,21060.2,-32529.3,74649.7,8.48809e+08,-2.22047e+09,3.91809e+09,8.4822e+08,-2.21878e+09,3.91522e+09,0.109136,-0.00906243,0.227334,99.0786,-115.196,313.353,0.108637,-0.0111708,0.228445,0.029369,0.026563,0.032175,0.0330684,0.0309048,0.035232,1.89588e+10,-5.28513e+10,9.07689e+10,1.97688e+10,-5.55011e+10,9.50388e+10,0.977745,0.92114,1.03435,,,
25000,0.8,likelihood,G5-G3 (paired bias),none,3,6.16873e-05,-0.000118756,0.00024213,,,,,,,,,,615.441,-8435.16,9666.04,3337.02,-3946.98,10621,2901.98,-2910.61,8714.57,1.22038,-1.41813,3.85888,10.0511,-11.3232,31.4255,,,,,,,,,,,,,,,,,,,,,,0.109136,-0.00906243,0.227334,99.0786,-115.196,313.353,0.108637,-0.0111708,0.228445,0.029369,0.026563,0.032175,0.0330684,0.0309048,0.035232,,,,,,,,,,21.2887,-42.8737,85.4512
25000,0.8,mid,G1,none,3,0.407814,0.267569,0.548058,-0.001694,-0.00748727,0.00409927,0.00416883,0.000831964,0.0075057,0.00416277,0.000844705,0.00748084,-0.00385082,-0.0184027,0.0107011,0.00691696,0.00117348,0.0126604,0.00915318,0.00507278,0.0132336,0.645734,-0.37591,1.66738,1.56969,1.16596,1.97342,42.9869,2.81859,83.1551,0.997115,0.993983,1.00025,0.997418,0.994583,1.00025,1,1,1,1.00722,0.997179,1.01726,0.0256739,0.00345727,0.0478905,0.0256397,0.00350555,0.0477738,0.359305,0.187291,0.531319,34.1874,30.4832,37.8915,0.358822,0.185727,0.531918,0.029369,0.026563,0.032175,0.0299742,0.0286743,0.0312741,,,,,,,,,,,,
25000,0.8,mid,G2,none,3,0.407814,0.267569,0.548058,-0.00104145,-0.00521293,0.00313004,0.00314401,0.000209127,0.0060789,0.00314136,0.00021623,0.00606648,-0.00236189,-0.0129396,0.00821576,0.00697189,0.003736,0.0102078,0.00794164,0.00377664,0.0121066,0.809096,0.140299,1.47789,1.55778,1.17064,1.94492,58.8016,-5.98701,123.59,0.997902,0.995552,1.00025,0.998093,0.995903,1.00028,1,1,1,1.00794,1.00374,1.01214,0.0194831,-0.000130671,0.0390969,0.0194679,-9.96736e-05,0.0390355,0.359305,0.187291,0.531319,34.1874,30.4832,37.8915,0.358822,0.185727,0.531918,0.029369,0.026563,0.032175,0.0299742,0.0286743,0.0312741,,,,,,,,,,,,
25000,0.8,mid,G3,none,3,0.407814,0.267569,0.548058,-0.00165867,-0.00418239,0.000865051,0.00313744,0.000248561,0.00602631,0.00313399,0.000254699,0.00601329,-0.00415016,-0.0104664,0.00216604,0.00655597,0.00487417,0.00823778,0.00793598,0.00380861,0.0120633,0.725319,0.162901,1.28774,1.5625,1.18137,1.94363,58.7678,-5.84271,123.378,0.997889,0.995531,1.00025,0.998072,0.99586,1.00028,1,1,1,1.00745,1.00502,1.00987,0.019446,5.23462e-05,0.0388397,0.0194245,8.525e-05,0.0387637,0.359305,0.187291,0.531319,34.1874,30.4832,37.8915,0.358822,0.185727,0.531918,0.029369,0.026563,0.032175,0.0299742,0.0286743,0.0312741,0.444431,0.0222552,0.866607,0.465294,0.0168832,0.913705,0.956809,0.940863,0.972754,,,
25000,0.8,mid,G4,none,3,0.407814,0.267569,0.548058,-0.000312503,-0.00202601,0.00140101,0.000962186,0.000386233,0.00153814,0.000961879,0.000385053,0.00153871,-0.000715483,-0.00461609,0.00318513,0.00419136,0.0014899,0.00689282,0.00441854,0.00268414,0.00615295,0.886291,0.408517,1.36407,1.53197,1.01032,2.05362,181.717,25.394,338.039,0.999397,0.998622,1.00017,0.999413,0.998662,1.00016,1,1,1,1.00433,1.00132,1.00735,0.00595455,0.00150914,0.0104,0.00595307,0.00150101,0.0104051,0.359305,0.187291,0.531319,34.1874,30.4832,37.8915,0.358822,0.185727,0.531918,0.029369,0.026563,0.032175,0.0299742,0.0286743,0.0312741,,,,,,,,,,,,
25000,0.8,mid,G5,none,3,0.407814,0.267569,0.548058,-0.000215334,-0.00343731,0.00300664,0.00114049,0.0004042,0.00187678,0.00114042,0.000400463,0.00188037,-0.000542897,-0.00852002,0.00743422,0.0046291,0.00077426,0.00848393,0.00480955,0.00280104,0.00681806,0.91921,0.0290157,1.8094,1.51313,1.01922,2.00704,154.629,12.9616,296.297,0.999292,0.998375,1.00021,0.999316,0.998435,1.0002,1,1,1,1.00484,1.00047,1.00922,0.00707028,0.00146867,0.0126719,0.00706975,0.00145349,0.012686,0.359305,0.187291,0.531319,34.1874,30.4832,37.8915,0.358822,0.185727,0.531918,0.029369,0.026563,0.032175,0.0299742,0.0286743,0.0312741,0.140654,0.0214325,0.259875,0.147102,0.0215511,0.272653,0.956865,0.949232,0.964498,,,
25000,0.8,mid,G5-G3 (paired bias),none,3,0.407814,0.267569,0.548058,,,,,,,,,,-0.00304744,-0.00678398,0.000689092,0.00315006,0.00249496,0.00380515,0.00447959,0.00193817,0.00702101,0.552084,-0.046713,1.15088,1.64966,1.20896,2.09035,,,,,,,,,,,,,,,,,,,,,,0.359305,0.187291,0.531319,34.1874,30.4832,37.8915,0.358822,0.185727,0.531918,0.029369,0.026563,0.032175,0.0299742,0.0286743,0.0312741,,,,,,,,,,-0.0011581,-0.00173679,-0.000579412
25000,0.8,mid_greedy,G1,none,3,0.000254071,0.000134712,0.000373429,-0.000964973,-0.00838608,0.00645613,0.0367632,-0.0760937,0.14962,0.0367594,-0.0761123,0.149631,-5.42496,-37.8442,26.9942,34.4915,-25.9761,94.9592,36.2734,-22.7359,95.2827,0.866222,0.542851,1.18959,53.354,-15.7341,122.442,-0.000432356,-0.00151383,0.000649116,0.00509593,-0.00132208,0.0115139,0.00862579,0.00339497,0.0138566,0.541111,0.49862,0.583603,607.886,-401.223,1617,507584,-701104,1.71627e+06,507475,-701330,1.71628e+06,0.111102,-0.00563221,0.227835,96.9398,-112.402,306.281,0.110687,-0.00726505,0.228639,0.029369,0.026563,0.032175,0.0330561,0.030898,0.0352143,,,,,,,,,,,,
25000,0.8,mid_greedy,G2,none,3,0.000254071,0.000134712,0.000373429,0.00160309,-0.00827979,0.011486,0.0282326,-0.0565201,0.112985,0.0282451,-0.0565623,0.113053,5.01205,-29.2213,39.2454,33.2288,-23.7249,90.1824,32.0513,-19.5063,83.6089,1.01918,0.665497,1.37287,53.142,-19.4808,125.765,0.000114597,-0.00093854,0.00116774,0.00726106,-0.0144154,0.0289375,0.0054179,-0.0194253,0.0302611,0.516667,0.38812,0.645214,539.126,-344.24,1422.49,394337,-518233,1.30691e+06,394477,-518649,1.3076e+06,0.111102,-0.00563221,0.227835,96.9398,-112.402,306.281,0.110687,-0.00726505,0.228639,0.029369,0.026563,0.032175,0.0330561,0.030898,0.0352143,,,,,,,,,,,,
25000,0.8,mid_greedy,G3,none,3,0.000254071,0.000134712,0.000373429,0.00197959,-0.00713437,0.0110936,0.0283429,-0.0567325,0.113418,0.0283554,-0.0567734,0.113484,6.90381,-23.7881,37.5957,33.3554,-23.5626,90.2734,32.1198,-19.4932,83.7328,1.02401,0.684294,1.36372,52.9056,-20.4953,126.307,0.000133209,-0.000859267,0.00112568,0.00747127,-0.0153823,0.0303248,0.00667059,-0.0229399,0.0362811,0.515556,0.412021,0.61909,540.404,-344.243,1425.05,395841,-520060,1.31174e+06,395984,-520462,1.31243e+06,0.111102,-0.00563221,0.227835,96.9398,-112.402,306.281,0.110687,-0.00726505,0.228639,0.029369,0.026563,0.032175,0.0330561,0.030898,0.0352143,8.99307e+06,-1.07156e+07,2.87017e+07,9.36706e+06,-1.11183e+07,2.98525e+07,0.957191,0.944983,0.9694,,,
25000,0.8,mid_greedy,G4,none,3,0.000254071,0.000134712,0.000373429,0.000388438,-0.00340835,0.00418523,0.00517168,-0.0109227,0.0212661,0.00517297,-0.0109282,0.0212741,0.87639,-13.215,14.9677,13.8579,-8.2324,35.9482,13.6765,-6.9228,34.2758,1.00459,0.770518,1.23867,50.6778,-8.56269,109.918,0.000121357,-0.00071633,0.000959044,0.0101026,-0.00810249,0.0283077,0.0116828,-0.0225567,0.0459222,0.524445,0.49098,0.557909,234.786,-121.356,590.929,69866.3,-100089,239821,69878.1,-100149,239905,0.111102,-0.00563221,0.227835,96.9398,-112.402,306.281,0.110687,-0.00726505,0.228639,0.029369,0.026563,0.032175,0.0330561,0.030898,0.0352143,,,,,,,,,,,,
25000,0.8,mid_greedy,G5,none,3,0.000254071,0.000134712,0.000373429,0.000522194,-0.0032225,0.00426689,0.00522217,-0.011033,0.0214774,0.00522364,-0.0110388,0.0214861,1.40007,-12.425,15.2251,14.0018,-8.24628,36.2499,13.7412,-6.96745,34.4499,1.01784,0.793913,1.24176,50.4608,-8.23686,109.158,0.000167763,-0.00065825,0.000993776,0.00995641,-0.0093991,0.0293119,0.00982373,-0.0142297,0.0338772,0.52,0.468288,0.571711,235.903,-122.179,593.985,70545.3,-101116,242207,70559.9,-101179,242299,0.111102,-0.00563221,0.227835,96.9398,-112.402,306.281,0.110687,-0.00726505,0.228639,0.029369,0.026563,0.032175,0.0330561,0.030898,0.0352143,1.60581e+06,-2.18121e+06,5.39284e+06,1.67139e+06,-2.27177e+06,5.61454e+06,0.96026,0.955767,0.964753,,,
25000,0.8,mid_greedy,G5-G3 (paired bias),none,3,0.000254071,0.000134712,0.000373429,,,,,,,,,,2.0858,-23.5835,27.7551,22.7529,-17.7256,63.2314,22.1951,-14.9068,59.2971,0.976428,0.511287,1.44157,46.9418,-38.0189,131.902,,,,,,,,,,,,,,,,,,,,,,0.111102,-0.00563221,0.227835,96.9398,-112.402,306.281,0.110687,-0.00726505,0.228639,0.029369,0.026563,0.032175,0.0330561,0.030898,0.0352143,,,,,,,,,,0.242041,-0.500246,0.984327
25000,0.8,source,G1,none,3,1,1,1,-0.00032396,-0.00930313,0.00865521,0.00244251,0.00139568,0.00348935,0.00244346,0.00137586,0.00351106,-0.00032396,-0.00930313,0.00865521,0.0024353,-0.00297216,0.00784275,0.00284609,0.0022261,0.00346607,1.00522,-2.34822,4.35867,1.24878,1.04197,1.45559,419.79,232.905,606.676,0.999873,0.999776,0.99997,0.999876,0.999777,0.999976,1,1,1,1.00229,0.996456,1.00812,0.00244251,0.00139568,0.00348935,0.00244346,0.00137586,0.00351106,1,0.999998,1,1.0014,0.995408,1.0074,1,1,1,0.029369,0.026563,0.032175,0.029369,0.026563,0.032175,,,,,,,,,,,,
25000,0.8,source,G2,none,3,1,1,1,0.00031297,-0.00939769,0.0100236,0.00185118,0.000900597,0.00280176,0.0018562,0.000874252,0.00283815,0.00031297,-0.00939769,0.0100236,0.00259487,-0.0038296,0.00901934,0.0024751,0.00183357,0.00311663,1.57215,-3.86905,7.01335,1.23806,1.02057,1.45555,558.551,269.702,847.4,0.999908,0.999827,0.999989,0.99991,0.999831,0.99999,1,1,1,1.00239,0.995299,1.00947,0.00185118,0.000900597,0.00280176,0.0018562,0.000874252,0.00283815,1,0.999998,1,1.0014,0.995408,1.0074,1,1,1,0.029369,0.026563,0.032175,0.029369,0.026563,0.032175,,,,,,,,,,,,
25000,0.8,source,G3,none,3,1,1,1,0.000301263,-0.00946895,0.0100715,0.00185738,0.000925168,0.0027896,0.0018624,0.000899224,0.00282558,0.000301263,-0.00946895,0.0100715,0.00258814,-0.00387273,0.00904901,0.0024796,0.00184984,0.00310936,1.57638,-3.92731,7.08008,1.23894,1.01946,1.45842,556.121,272.13,840.112,0.999907,0.999827,0.999988,0.999909,0.99983,0.999989,1,1,1,1.00238,0.995267,1.00949,0.00185738,0.000925168,0.0027896,0.0018624,0.000899224,0.00282558,1,0.999998,1,1.0014,0.995408,1.0074,1,1,1,0.029369,0.026563,0.032175,0.029369,0.026563,0.032175,0.0433589,0.0237751,0.0629428,0.0454777,0.0258021,0.0651533,0.952624,0.921294,0.983953,,,
25000,0.8,source,G4,none,3,1,1,1,0.000286973,-0.00846156,0.00903551,0.00150168,0.000730356,0.00227301,0.00150578,0.000709028,0.00230254,0.000286973,-0.00846156,0.00903551,0.00234088,-0.0034499,0.00813166,0.00222924,0.00165112,0.00280736,1.57712,-3.87231,7.02656,1.23791,1.02052,1.4553,688.304,331.363,1045.24,0.999925,0.999859,0.999991,0.999927,0.999861,0.999993,1,1,1,1.00214,0.995756,1.00853,0.00150168,0.000730356,0.00227301,0.00150578,0.000709028,0.00230254,1,0.999998,1,1.0014,0.995408,1.0074,1,1,1,0.029369,0.026563,0.032175,0.029369,0.026563,0.032175,,,,,,,,,,,,
25000,0.8,source,G5,none,3,1,1,1,0.000143487,-0.00880482,0.0090918,0.00164587,0.000818956,0.00247278,0.00164946,0.000795577,0.00250334,0.000143487,-0.00880482,0.0090918,0.00233898,-0.00343938,0.00811734,0.00233423,0.00174438,0.00292409,1.42109,-3.6667,6.50888,1.23151,1.02368,1.43934,626.641,313.947,939.335,0.99992,0.999848,0.999992,0.999921,0.999852,0.999991,1,1,1,1.00193,0.994962,1.00889,0.00164587,0.000818956,0.00247278,0.00164946,0.000795577,0.00250334,1,0.999998,1,1.0014,0.995408,1.0074,1,1,1,0.029369,0.026563,0.032175,0.029369,0.026563,0.032175,0.0351585,0.0193534,0.0509635,0.0370134,0.0210564,0.0529705,0.949129,0.918553,0.979705,,,
25000,0.8,source,G5-G3 (paired bias),none,3,1,1,1,,,,,,,,,,0.000405737,0.000209895,0.000601579,0.00044944,0.000258111,0.000640769,0.000192428,0.000154361,0.000230495,5.45669,2.43506,8.47833,1.29019,1.01408,1.56631,,,,,,,,,,,,,,,,,,,,,,1,0.999998,1,1.0014,0.995408,1.0074,1,1,1,0.029369,0.026563,0.032175,0.029369,0.026563,0.032175,,,,,,,,,,0.000145535,-0.000588491,0.000879561
25000,0.8,value,G1,none,3,0.000233074,0.000147449,0.000318699,-0.00294515,-0.00651154,0.000621244,0.0389634,-0.0825693,0.160496,0.0389534,-0.0825725,0.160479,-0.00294515,-0.00651154,0.000621244,0.00899385,-0.00999166,0.0279794,0.00958065,-0.0091961,0.0283574,0.830676,0.543769,1.11758,51.9556,-16.277,120.188,-0.000555464,-0.0015105,0.00039957,0.00581842,0.00186403,0.00977281,0.0117599,-0.0103314,0.0338512,0.543333,0.467442,0.619225,704.976,-629.524,2039.48,0.0389634,-0.0825693,0.160496,0.0389534,-0.0825725,0.160479,0.110819,-0.00598437,0.227622,96.986,-111.893,305.865,0.110382,-0.00768467,0.228448,0.029369,0.026563,0.032175,0.0330566,0.0308959,0.0352173,,,,,,,,,,,,
25000,0.8,value,G2,none,3,0.000233074,0.000147449,0.000318699,-0.000458111,-0.00322432,0.0023081,0.0297256,-0.0610323,0.120483,0.0297249,-0.0610355,0.120485,-0.000458111,-0.00322432,0.0023081,0.00832683,-0.00809697,0.0247506,0.00841097,-0.00778564,0.0246076,0.949833,0.790598,1.10907,51.4597,-19.1414,122.061,-0.000121871,-0.000488956,0.000245214,0.00689998,-0.00993429,0.0237342,0.00800615,-0.0102134,0.0262257,0.524444,0.483598,0.56529,622.517,-536.141,1781.17,0.0297256,-0.0610323,0.120483,0.0297249,-0.0610355,0.120485,0.110819,-0.00598437,0.227622,96.986,-111.893,305.865,0.110382,-0.00768467,0.228448,0.029369,0.026563,0.032175,0.0330566,0.0308959,0.0352173,,,,,,,,,,,,
25000,0.8,value,G3,none,3,0.000233074,0.000147449,0.000318699,-0.00106891,-0.00174187,-0.000395946,0.0298779,-0.0613355,0.121091,0.0298767,-0.0613352,0.121089,-0.00106891,-0.00174187,-0.000395946,0.00834246,-0.0079863,0.0246712,0.00843409,-0.00779655,0.0246647,0.953299,0.807917,1.09868,51.0389,-19.8811,121.959,-0.000107488,-0.00040686,0.000191884,0.00718783,-0.0105545,0.0249302,0.008995,-0.0145309,0.0325209,0.523333,0.48724,0.559427,624.202,-536.861,1785.26,0.0298779,-0.0613355,0.121091,0.0298767,-0.0613352,0.121089,0.110819,-0.00598437,0.227622,96.986,-111.893,305.865,0.110382,-0.00768467,0.228448,0.029369,0.026563,0.032175,0.0330566,0.0308959,0.0352173,0.692784,-1.38801,2.77358,0.722286,-1.44506,2.88964,0.958228,0.954422,0.962033,,,
25000,0.8,value,G4,none,3,0.000233074,0.000147449,0.000318699,0.000538461,-0.00363099,0.00470791,0.00545797,-0.0118115,0.0227274,0.00545962,-0.0118183,0.0227376,0.000538461,-0.00363099,0.00470791,0.00372612,-0.00371878,0.011171,0.00363072,-0.0031799,0.0104413,1.01295,0.736858,1.28904,49.3122,-7.97236,106.597,0.00014396,-0.000855702,0.00114362,0.0102031,-0.00477226,0.0251785,0.00668311,-0.0120803,0.0254465,0.52,0.457484,0.582516,271.271,-212.315,754.857,0.00545797,-0.0118115,0.0227274,0.00545962,-0.0118183,0.0227376,0.110819,-0.00598437,0.227622,96.986,-111.893,305.865,0.110382,-0.00768467,0.228448,0.029369,0.026563,0.032175,0.0330566,0.0308959,0.0352173,,,,,,,,,,,,
25000,0.8,value,G5,none,3,0.000233074,0.000147449,0.000318699,0.000636416,-0.00357232,0.00484515,0.00550793,-0.0119206,0.0229364,0.00550983,-0.0119279,0.0229476,0.000636416,-0.00357232,0.00484515,0.00376462,-0.00374159,0.0112708,0.003647,-0.00319622,0.0104902,1.02671,0.755527,1.29789,49.1164,-7.72979,105.963,0.000193658,-0.000801055,0.00118837,0.0103892,-0.0051232,0.0259016,0.0057853,-0.00784825,0.0194189,0.527778,0.485285,0.570271,272.491,-213.438,758.421,0.00550793,-0.0119206,0.0229364,0.00550983,-0.0119279,0.0229476,0.110819,-0.00598437,0.227622,96.986,-111.893,305.865,0.110382,-0.00768467,0.228448,0.029369,0.026563,0.032175,0.0330566,0.0308959,0.0352173,0.125332,-0.275909,0.526572,0.130453,-0.28722,0.548126,0.960189,0.955368,0.96501,,,
25000,0.8,value,G5-G3 (paired bias),none,3,0.000233074,0.000147449,0.000318699,,,,,,,,,,-0.0015859,-0.00461796,0.00144617,0.00551591,-0.00524425,0.0162761,0.00575441,-0.00535286,0.0168617,0.885096,0.654001,1.11619,44.921,-37.195,127.037,,,,,,,,,,,,,,,,,,,,,,0.110819,-0.00598437,0.227622,96.986,-111.893,305.865,0.110382,-0.00768467,0.228448,0.029369,0.026563,0.032175,0.0330566,0.0308959,0.0352173,,,,,,,,,,5.08224e-05,-9.41515e-05,0.000195796
25000,0.8,likelihood,G1,w-high.g-none.v-none,3,0.00313061,-0.00258556,0.00884678,0.0251874,-0.50334,0.553715,48.608,-54.7123,151.928,48.6127,-54.6446,151.87,-92.9323,-644.472,458.607,355.969,-848.768,1560.71,371.388,-936.031,1678.81,1.09909,0.492591,1.70559,7.32735,0.622369,14.0323,0.000323192,-0.00169801,0.00234439,-0.0149822,-0.205171,0.175207,-0.0274252,-0.202446,0.147595,0.467778,0.127438,0.808118,2573.57,-6124.87,11272,9.67783e+07,-3.12394e+08,5.05951e+08,9.67392e+07,-3.12257e+08,5.05735e+08,0.0061973,0.000619249,0.0117754,2193.62,189.494,4197.75,0.000791482,-0.000681068,0.00226403,0.0583189,0.0578075,0.0588302,0.0992453,0.0863877,0.112103,,,,,,,,,,,,
25000,0.8,likelihood,G2,w-high.g-none.v-none,3,0.00313061,-0.00258556,0.00884678,0.0512603,-0.376181,0.478702,201.707,-558.092,961.507,201.717,-558.143,961.577,107.544,-396.259,611.347,848.488,-2522.62,4219.59,842.138,-2491.22,4175.5,0.990421,0.554512,1.42633,3.74889,-1.00813,8.5059,-3.15818e-05,-0.00146368,0.00140052,0.00361335,-0.0281836,0.0354103,-0.00326597,-0.0188243,0.0122924,0.49,0.438289,0.541712,4344.85,-11770.5,20460.2,5.72874e+08,-1.88582e+09,3.03157e+09,5.72914e+08,-1.88596e+09,3.03179e+09,0.0061973,0.000619249,0.0117754,2193.62,189.494,4197.75,0.000791482,-0.000681068,0.00226403,0.0583189,0.0578075,0.0588302,0.0992453,0.0863877,0.112103,,,,,,,,,,,,
25000,0.8,likelihood,G3,w-high.g-none.v-none,3,0.00313061,-0.00258556,0.00884678,0.0978988,-0.110997,0.306794,94.9916,-225.944,415.927,95.0056,-225.976,415.988,119.99,-348.643,588.623,581.566,-1653.96,2817.09,568.678,-1618.08,2755.43,1.06969,0.880905,1.25848,7.03036,-0.96945,15.0302,0.000228384,-0.000374781,0.000831549,-0.00585623,-0.0954578,0.0837454,-0.0151035,-0.0453515,0.0151445,0.462222,0.399523,0.524921,3679.33,-9700.29,17059,2.52e+08,-8.26741e+08,1.33074e+09,2.52038e+08,-8.26866e+08,1.33094e+09,0.0061973,0.000619249,0.0117754,2193.62,189.494,4197.75,0.000791482,-0.000681068,0.00226403,0.0583189,0.0578075,0.0588302,0.0992453,0.0863877,0.112103,1.25631e+09,-3.22788e+09,5.7405e+09,1.08436e+09,-2.64445e+09,4.81316e+09,1.06703,0.79425,1.33982,,,
25000,0.8,likelihood,G4,w-high.g-none.v-none,3,0.00313061,-0.00258556,0.00884678,-0.00812963,-0.0703794,0.0541201,0.488608,-0.36668,1.3439,0.488396,-0.365458,1.34225,-16.1945,-85.5815,53.1924,31.6188,-71.1592,134.397,35.9138,-86.6449,158.472,1.12814,-0.40165,2.65792,15.5334,-3.44582,34.5127,0.000513725,-0.00432695,0.0053544,0.00698643,-0.0264845,0.0404573,-0.00221857,-0.0263359,0.0218987,0.492222,0.438986,0.545459,529.246,-1261.13,2319.62,873757,-2.80126e+06,4.54878e+06,872985,-2.79873e+06,4.5447e+06,0.0061973,0.000619249,0.0117754,2193.62,189.494,4197.75,0.000791482,-0.000681068,0.00226403,0.0583189,0.0578075,0.0588302,0.0992453,0.0863877,0.112103,,,,,,,,,,,,
25000,0.8,likelihood,G5,w-high.g-none.v-none,3,0.00313061,-0.00258556,0.00884678,0.0601753,0.0333066,0.087044,0.505872,-0.374042,1.38579,0.509571,-0.371429,1.39057,49.0651,-107.786,205.916,61.3653,-138.262,260.993,36.503,-87.951,160.957,4.60488,-4.32013,13.5299,15.3679,-3.20307,33.9389,0.0114487,-0.0148815,0.0377789,-0.0235518,-0.167166,0.120063,-0.0319296,-0.135877,0.0720177,0.435556,0.250337,0.620775,532.273,-1265.81,2330.36,901733,-2.89036e+06,4.69382e+06,906799,-2.9064e+06,4.72e+06,0.0061973,0.000619249,0.0117754,2193.62,189.494,4197.75,0.000791482,-0.000681068,0.00226403,0.0583189,0.0578075,0.0588302,0.0992453,0.0863877,0.112103,2.25868e+07,-7.19316e+07,1.17105e+08,2.36367e+07,-7.53709e+07,1.22644e+08,0.972253,0.925881,1.01862,,,
25000,0.8,likelihood,G5-G3 (paired bias),w-high.g-none.v-none,3,0.00313061,-0.00258556,0.00884678,,,,,,,,,,-67.0842,-427.249,293.081,556.77,-1580.88,2694.42,561.06,-1605.26,2727.38,1.05614,0.873466,1.23881,6.53213,-0.503484,13.5677,,,,,,,,,,,,,,,,,,,,,,0.0061973,0.000619249,0.0117754,2193.62,189.494,4197.75,0.000791482,-0.000681068,0.00226403,0.0583189,0.0578075,0.0588302,0.0992453,0.0863877,0.112103,,,,,,,,,,45.4884,-97.7475,188.724
25000,0.8,mid,G1,w-high.g-none.v-none,3,0.429868,0.228009,0.631727,-0.00252715,-0.0177433,0.012689,0.0467263,-0.060247,0.1537,0.0467085,-0.0603484,0.153765,-0.00500373,-0.0414521,0.0314446,0.0251121,-0.0283438,0.0785679,0.0287126,-0.0131184,0.0705435,0.644409,-0.431935,1.72075,2.82764,1.17877,4.47651,8.06861,-12.0793,28.2165,0.948625,0.800567,1.09668,0.974493,0.902609,1.04638,0.995556,0.976433,1.01468,1.07346,0.878492,1.26842,0.304035,-0.487665,1.09574,0.303961,-0.48818,1.0961,0.098684,-0.0179733,0.215341,302.726,-86.0921,691.543,0.0733516,-0.0654459,0.212149,0.0583189,0.0578075,0.0588302,0.067025,0.0628318,0.0712183,,,,,,,,,,,,
25000,0.8,mid,G2,w-high.g-none.v-none,3,0.429868,0.228009,0.631727,-0.00534417,-0.00802571,-0.00266263,0.0340072,-0.0493517,0.117366,0.0339779,-0.0493562,0.117312,-0.012728,-0.0218848,-0.00357121,0.0200111,-0.0193176,0.0593399,0.0242622,-0.0129941,0.0615185,0.596103,-0.13141,1.32362,2.78162,1.00397,4.55927,11.4063,-16.259,39.0716,0.957141,0.836011,1.07827,0.980004,0.920473,1.03953,0.996667,0.982324,1.01101,1.05463,0.8987,1.21057,0.221582,-0.390323,0.833487,0.221411,-0.390244,0.833066,0.098684,-0.0179733,0.215341,302.726,-86.0921,691.543,0.0733516,-0.0654459,0.212149,0.0583189,0.0578075,0.0588302,0.067025,0.0628318,0.0712183,,,,,,,,,,,,
25000,0.8,mid,G3,w-high.g-none.v-none,3,0.429868,0.228009,0.631727,-0.00544014,-0.00686531,-0.00401496,0.0344774,-0.0456818,0.114637,0.0344476,-0.0456996,0.114595,-0.0129298,-0.0195335,-0.00632612,0.0201716,-0.0192232,0.0595665,0.0246048,-0.0115291,0.0607386,0.584776,-0.155234,1.32479,2.8091,0.936045,4.68215,10.69,-15.2385,36.6186,0.954395,0.822287,1.0865,0.978657,0.91444,1.04287,0.995556,0.976433,1.01468,1.05689,0.8941,1.21968,0.223935,-0.368974,0.816843,0.223763,-0.368974,0.816499,0.098684,-0.0179733,0.215341,302.726,-86.0921,691.543,0.0733516,-0.0654459,0.212149,0.0583189,0.0578075,0.0588302,0.067025,0.0628318,0.0712183,3.87367,-5.89012,13.6375,3.96996,-6.00596,13.9459,0.97073,0.912578,1.02888,,,
25000,0.8,mid,G4,w-high.g-none.v-none,3,0.429868,0.228009,0.631727,-0.000132876,-0.00423565,0.0039699,0.00142508,0.000401329,0.00244884,0.00142431,0.000407455,0.00244116,-0.000455668,-0.0111037,0.0101924,0.00463286,0.00215785,0.00710786,0.00516076,0.00196273,0.00835879,0.938421,-0.36845,2.24529,1.92331,0.937382,2.90924,141.607,-16.9809,300.196,0.998743,0.996362,1.00112,0.998797,0.996553,1.00104,1,1,1,1.00471,1.00145,1.00798,0.00832152,-0.00199993,0.018643,0.00831591,-0.00196401,0.0185958,0.098684,-0.0179733,0.215341,302.726,-86.0921,691.543,0.0733516,-0.0654459,0.212149,0.0583189,0.0578075,0.0588302,0.067025,0.0628318,0.0712183,,,,,,,,,,,,
25000,0.8,mid,G5,w-high.g-none.v-none,3,0.429868,0.228009,0.631727,0.029183,0.0101888,0.0481772,0.00184325,0.000292399,0.00339409,0.00273387,0.00106851,0.00439922,0.07143,0.00145845,0.141402,0.0716867,0.0018151,0.141558,0.00581856,0.00224213,0.00939498,166.488,-129.57,462.545,1.96422,0.833244,3.0952,96.1657,-7.06685,199.398,0.997602,0.992821,1.00238,0.997749,0.993241,1.00226,1,1,1,0.935445,0.870307,1.00058,0.0105712,-0.0027668,0.0239092,0.0162024,-0.00335712,0.0357619,0.098684,-0.0179733,0.215341,302.726,-86.0921,691.543,0.0733516,-0.0654459,0.212149,0.0583189,0.0578075,0.0588302,0.067025,0.0628318,0.0712183,0.209549,-0.0561374,0.475236,0.22678,-0.0553843,0.508944,0.922303,0.875179,0.969426,,,
25000,0.8,mid,G5-G3 (paired bias),w-high.g-none.v-none,3,0.429868,0.228009,0.631727,,,,,,,,,,0.0780219,-0.0123762,0.16842,0.0815274,-0.0139754,0.17703,0.0228411,-0.0131668,0.058849,15.5097,-6.52276,37.5421,2.86663,1.05715,4.6761,,,,,,,,,,,,,,,,,,,,,,0.098684,-0.0179733,0.215341,302.726,-86.0921,691.543,0.0733516,-0.0654459,0.212149,0.0583189,0.0578075,0.0588302,0.067025,0.0628318,0.0712183,,,,,,,,,,0.0753173,0.00363504,0.146999
25000,0.8,mid_greedy,G1,w-high.g-none.v-none,3,0.118565,0.0240851,0.213044,-0.013126,-0.0606224,0.0343703,0.433215,-1.22945,2.09588,0.432804,-1.22823,2.09383,-0.120603,-0.613432,0.372227,0.239599,-0.404478,0.883676,0.276463,-0.503797,1.05672,0.8413,0.221822,1.46078,3.1668,-0.801199,7.1348,0.245508,-0.260008,0.751023,0.419628,-0.11876,0.958017,0.559174,-0.190195,1.30854,0.794444,0.478338,1.11055,2.59997,-1.62355,6.8235,42.6608,-129.211,214.533,42.621,-129.083,214.325,0.0201798,-0.00145785,0.0418175,873.049,470.316,1275.78,0.00869092,-0.00162218,0.019004,0.0583189,0.0578075,0.0588302,0.0722833,0.0679001,0.0766665,,,,,,,,,,,,
25000,0.8,mid_greedy,G2,w-high.g-none.v-none,3,0.118565,0.0240851,0.213044,-0.0107846,-0.0221642,0.000594954,0.335046,-0.777778,1.44787,0.334916,-0.777635,1.44747,-0.100245,-0.243627,0.0431375,0.248102,-0.326839,0.823042,0.269236,-0.316368,0.854839,0.795762,0.549833,1.04169,2.24036,-0.495163,4.97588,0.15408,-0.273608,0.581769,0.458634,-0.0246178,0.941886,0.60293,-0.00329212,1.20915,0.805556,0.520471,1.09064,2.53093,-1.12011,6.18197,32.8607,-83.1088,148.83,32.8485,-83.0908,148.788,0.0201798,-0.00145785,0.0418175,873.049,470.316,1275.78,0.00869092,-0.00162218,0.019004,0.0583189,0.0578075,0.0588302,0.0722833,0.0679001,0.0766665,,,,,,,,,,,,
25000,0.8,mid_greedy,G3,w-high.g-none.v-none,3,0.118565,0.0240851,0.213044,-0.0102806,-0.0276568,0.00709558,0.31874,-0.809032,1.44651,0.318602,-0.808743,1.44595,-0.0968793,-0.290418,0.0966596,0.231898,-0.348278,0.812075,0.25208,-0.356628,0.860788,0.812442,0.596828,1.02806,2.51502,0.240359,4.78967,0.18231,-0.217465,0.582086,0.450755,-0.0344471,0.935956,0.606258,0.0238551,1.18866,0.793333,0.524123,1.06254,2.52675,-1.25271,6.30622,31.0721,-86.4028,148.547,31.0586,-86.3713,148.489,0.0201798,-0.00145785,0.0418175,873.049,470.316,1275.78,0.00869092,-0.00162218,0.019004,0.0583189,0.0578075,0.0588302,0.0722833,0.0679001,0.0766665,570.708,-1560.56,2701.98,588.74,-1610.69,2788.17,0.970287,0.935362,1.00521,,,
25000,0.8,mid_greedy,G4,w-high.g-none.v-none,3,0.118565,0.0240851,0.213044,-0.000665723,-0.00347889,0.00214744,0.000929223,-7.05163e-05,0.00192896,0.000928188,-6.84104e-05,0.00192479,-0.0050839,-0.0321467,0.0219789,0.013019,0.00220003,0.023838,0.015421,0.00199223,0.0288497,0.76521,-0.216543,1.74696,3.73726,1.00362,6.4709,17.8421,-9.50679,45.1911,0.975905,0.923662,1.02815,0.981626,0.94625,1.017,0.998889,0.994109,1.00367,1.02775,0.988877,1.06662,0.0771863,-0.0543484,0.208721,0.0771113,-0.054153,0.208376,0.0201798,-0.00145785,0.0418175,873.049,470.316,1275.78,0.00869092,-0.00162218,0.019004,0.0583189,0.0578075,0.0588302,0.0722833,0.0679001,0.0766665,,,,,,,,,,,,
25000,0.8,mid_greedy,G5,w-high.g-none.v-none,3,0.118565,0.0240851,0.213044,0.0241853,0.00884072,0.0395299,0.00110055,-7.91626e-05,0.00228026,0.00171092,0.000348342,0.00307349,0.226459,-0.034762,0.48768,0.227127,-0.0340299,0.488284,0.0166802,0.00273065,0.0306298,201.264,-179.185,581.714,5.00259,-0.0857779,10.091,10.503,-9.88744,30.8934,0.936443,0.806909,1.06598,0.951349,0.849772,1.05293,0.998889,0.994109,1.00367,0.852444,0.639489,1.0654,0.0897753,-0.0594003,0.238951,0.148431,-0.0797534,0.376615,0.0201798,-0.00145785,0.0418175,873.049,470.316,1275.78,0.00869092,-0.00162218,0.019004,0.0583189,0.0578075,0.0588302,0.0722833,0.0679001,0.0766665,1.88074,-1.23156,4.99303,2.0277,-1.3322,5.38761,0.930231,0.884038,0.976424,,,
25000,0.8,mid_greedy,G5-G3 (paired bias),w-high.g-none.v-none,3,0.118565,0.0240851,0.213044,,,,,,,,,,0.22884,-0.191091,0.64877,0.346219,-0.360895,1.05333,0.249587,-0.360211,0.859386,2.542,-2.19095,7.27495,2.48944,0.0879743,4.89091,,,,,,,,,,,,,,,,,,,,,,0.0201798,-0.00145785,0.0418175,873.049,470.316,1275.78,0.00869092,-0.00162218,0.019004,0.0583189,0.0578075,0.0588302,0.0722833,0.0679001,0.0766665,,,,,,,,,,0.232013,-0.0386564,0.502683
25000,0.8,source,G1,w-high.g-none.v-none,3,1,1,1,-0.00268805,-0.00417771,-0.00119839,0.00342369,0.00198286,0.00486452,0.00341623,0.00198016,0.0048523,-0.00268805,-0.00417771,-0.00119839,0.0019211,0.000380703,0.0034615,0.00337045,0.00267441,0.0040665,0.351511,-0.229378,0.932399,1.39902,1.18304,1.615,297.784,184.053,411.516,0.999724,0.999489,0.99996,0.999736,0.999491,0.999981,1,1,1,1.00119,0.997235,1.00514,0.00342369,0.00198286,0.00486452,0.00341623,0.00198016,0.0048523,1,0.999998,1,1.00168,0.994506,1.00885,1,1,1,0.0583189,0.0578075,0.0588302,0.0583189,0.0578075,0.0588302,,,,,,,,,,,,
25000,0.8,source,G2,w-high.g-none.v-none,3,1,1,1,-0.000945943,-0.00863153,0.00673964,0.00277426,0.000846795,0.00470173,0.00277154,0.000856334,0.00468674,-0.000945943,-0.00863153,0.00673964,0.00229782,-0.00109767,0.0056933,0.00302231,0.00199883,0.00404579,0.777996,-1.55742,3.11341,1.36835,1.19747,1.53924,378.034,149.142,606.927,0.999789,0.999572,1.00001,0.999798,0.999587,1.00001,1,1,1,1.00076,0.994075,1.00745,0.00277426,0.000846795,0.00470173,0.00277154,0.000856334,0.00468674,1,0.999998,1,1.00168,0.994506,1.00885,1,1,1,0.0583189,0.0578075,0.0588302,0.0583189,0.0578075,0.0588302,,,,,,,,,,,,
25000,0.8,source,G3,w-high.g-none.v-none,3,1,1,1,-0.000996903,-0.00839579,0.00640198,0.00282944,0.000977459,0.00468142,0.00282642,0.000987312,0.00466552,-0.000996903,-0.00839579,0.00640198,0.00232211,-0.000738022,0.00538224,0.00305428,0.00207871,0.00402985,0.749409,-1.32091,2.81973,1.3699,1.19011,1.54969,368.751,156.902,580.6,0.999784,0.999564,1,0.999795,0.999575,1.00001,1,1,1,1.0007,0.994065,1.00734,0.00282944,0.000977459,0.00468142,0.00282642,0.000987312,0.00466552,1,0.999998,1,1.00168,0.994506,1.00885,1,1,1,0.0583189,0.0578075,0.0588302,0.0583189,0.0578075,0.0588302,0.074648,0.0223936,0.126902,0.0772499,0.0218038,0.132696,0.967508,0.948382,0.986634,,,
25000,0.8,source,G4,w-high.g-none.v-none,3,1,1,1,-0.00085238,-0.00779811,0.00609335,0.00225222,0.000685796,0.00381865,0.00225001,0.000693676,0.00380634,-0.00085238,-0.00779811,0.00609335,0.00206774,-0.0010036,0.00513908,0.00272312,0.00180002,0.00364621,0.77892,-1.56965,3.12749,1.36823,1.19853,1.53793,465.635,183.742,747.528,0.999829,0.999654,1.00001,0.999836,0.999666,1.00001,1,1,1,1.00068,0.994649,1.00671,0.00225222,0.000685796,0.00381865,0.00225001,0.000693676,0.00380634,1,0.999998,1,1.00168,0.994506,1.00885,1,1,1,0.0583189,0.0578075,0.0588302,0.0583189,0.0578075,0.0588302,,,,,,,,,,,,
25000,0.8,source,G5,w-high.g-none.v-none,3,1,1,1,0.00162437,-0.00563929,0.00888803,0.00250607,0.000794766,0.00421737,0.00251238,0.000788696,0.00423607,0.00162437,-0.00563929,0.00888803,0.00364384,5.02278e-05,0.00723745,0.00287309,0.00191628,0.0038299,1.69788,-0.724199,4.11995,1.36267,1.19787,1.52746,415.299,167.103,663.495,0.999809,0.999616,1,0.999818,0.999625,1.00001,1,1,1,0.997633,0.991472,1.00379,0.00250607,0.000794766,0.00421737,0.00251238,0.000788696,0.00423607,1,0.999998,1,1.00168,0.994506,1.00885,1,1,1,0.0583189,0.0578075,0.0588302,0.0583189,0.0578075,0.0588302,0.0605619,0.0183526,0.102771,0.062903,0.0176783,0.108128,0.964257,0.940704,0.987809,,,
25000,0.8,source,G5-G3 (paired bias),w-high.g-none.v-none,3,1,1,1,,,,,,,,,,0.00345484,0.00224118,0.0046685,0.00346367,0.00225013,0.00467721,0.000246539,0.000200962,0.000292116,197.031,121.533,272.529,1.39095,1.05774,1.72415,,,,,,,,,,,,,,,,,,,,,,1,0.999998,1,1.00168,0.994506,1.00885,1,1,1,0.0583189,0.0578075,0.0588302,0.0583189,0.0578075,0.0588302,,,,,,,,,,0.00342023,0.00220752,0.00463295
25000,0.8,value,G1,w-high.g-none.v-none,3,0.000807083,0.000449622,0.00116454,-0.0196888,-0.127468,0.0880908,4.91304,-13.6254,23.4515,4.91157,-13.6201,23.4433,-0.0196888,-0.127468,0.0880908,0.0963796,-0.131054,0.323813,0.0996748,-0.144513,0.343863,0.979078,0.762992,1.19516,6.07341,0.98849,11.1583,-7.75773e-05,-0.00080431,0.000649156,0.020737,-0.0281565,0.0696304,0.0177605,-0.022875,0.0583961,0.558889,0.425028,0.69275,1255.91,-2353.71,4865.53,4.91304,-13.6254,23.4515,4.91157,-13.6201,23.4433,0.00624752,0.000876986,0.0116181,2179.5,326.93,4032.06,0.000774547,-0.000898874,0.00244797,0.0583189,0.0578075,0.0588302,0.0989617,0.0867451,0.111178,,,,,,,,,,,,
25000,0.8,value,G2,w-high.g-none.v-none,3,0.000807083,0.000449622,0.00116454,-0.00802157,-0.172835,0.156792,7.58611,-19.5895,34.7618,7.58604,-19.5991,34.7711,-0.00802157,-0.172835,0.156792,0.118756,-0.202078,0.43959,0.12934,-0.152118,0.410797,0.701061,-0.197776,1.5999,4.95834,-2.71791,12.6346,-0.00100005,-0.00400128,0.00200118,0.00708973,-0.0153415,0.029521,0.00765517,-0.014512,0.0298224,0.518889,0.448465,0.589313,1514.79,-2834.38,5863.97,7.58611,-19.5895,34.7618,7.58604,-19.5991,34.7711,0.00624752,0.000876986,0.0116181,2179.5,326.93,4032.06,0.000774547,-0.000898874,0.00244797,0.0583189,0.0578075,0.0588302,0.0989617,0.0867451,0.111178,,,,,,,,,,,,
25000,0.8,value,G3,w-high.g-none.v-none,3,0.000807083,0.000449622,0.00116454,-0.0080907,-0.12805,0.111869,5.8002,-15.0243,26.6247,5.80005,-15.0295,26.6296,-0.0080907,-0.12805,0.111869,0.106316,-0.164169,0.3768,0.113298,-0.131947,0.358542,0.747608,0.100127,1.39509,5.00815,-3.1799,13.1962,-0.00084703,-0.00301704,0.00132298,0.00737476,-0.0188632,0.0336127,0.0073424,-0.016716,0.0314008,0.526667,0.443862,0.609472,1377.81,-2537.84,5293.47,5.8002,-15.0243,26.6247,5.80005,-15.0295,26.6296,0.00624752,0.000876986,0.0116181,2179.5,326.93,4032.06,0.000774547,-0.000898874,0.00244797,0.0583189,0.0578075,0.0588302,0.0989617,0.0867451,0.111178,102.158,-289.558,493.875,105.024,-299.368,509.416,0.995098,0.941203,1.04899,,,
25000,0.8,value,G4,w-high.g-none.v-none,3,0.000807083,0.000449622,0.00116454,-0.00155619,-0.00383789,0.000725516,0.0112552,-0.0196802,0.0421907,0.0112523,-0.0196751,0.0421797,-0.00155619,-0.00383789,0.000725516,0.00520737,-0.00307824,0.013493,0.00543795,-0.00313834,0.0140142,0.908736,0.82801,0.989462,34.1855,-13.2022,81.5731,-0.000303952,-0.000467964,-0.000139939,0.00507414,-0.0062253,0.0163736,0.00643839,-0.0529741,0.0658509,0.501111,0.398911,0.603312,121.552,-120.687,363.791,0.0112552,-0.0196802,0.0421907,0.0112523,-0.0196751,0.0421797,0.00624752,0.000876986,0.0116181,2179.5,326.93,4032.06,0.000774547,-0.000898874,0.00244797,0.0583189,0.0578075,0.0588302,0.0989617,0.0867451,0.111178,,,,,,,,,,,,
25000,0.8,value,G5,w-high.g-none.v-none,3,0.000807083,0.000449622,0.00116454,0.0162576,-0.0152303,0.0477455,0.0118177,-0.0206569,0.0442922,0.0121891,-0.0214383,0.0458165,0.0162576,-0.0152303,0.0477455,0.0172057,-0.0153894,0.0498008,0.00557394,-0.00320358,0.0143515,8.45594,0.791382,16.1205,34.0974,-11.8849,80.0798,0.0247004,-0.000124078,0.0495248,-0.00566773,-0.0588219,0.0474865,-0.00958307,-0.115212,0.0960458,0.462222,0.200066,0.724378,126.121,-126.275,378.517,0.0118177,-0.0206569,0.0442922,0.0121891,-0.0214383,0.0458165,0.00624752,0.000876986,0.0116181,2179.5,326.93,4032.06,0.000774547,-0.000898874,0.00244797,0.0583189,0.0578075,0.0588302,0.0989617,0.0867451,0.111178,0.256719,-0.42228,0.935719,0.267333,-0.437777,0.972442,0.958166,0.949671,0.966662,,,
25000,0.8,value,G5-G3 (paired bias),w-high.g-none.v-none,3,0.000807083,0.000449622,0.00116454,,,,,,,,,,-0.0378086,-0.0606502,-0.0149669,0.102886,-0.152011,0.357782,0.112395,-0.132096,0.356887,0.736723,0.220041,1.2534,4.84536,-3.24173,12.9324,,,,,,,,,,,,,,,,,,,,,,0.00624752,0.000876986,0.0116181,2179.5,326.93,4032.06,0.000774547,-0.000898874,0.00244797,0.0583189,0.0578075,0.0588302,0.0989617,0.0867451,0.111178,,,,,,,,,,0.0161031,-0.013524,0.0457302
25000,0.8,likelihood,G1,w-none.g-high.v-none,3,0.0645057,-0.10341,0.232422,0.0417691,-0.0375052,0.121044,3.96038,-4.02954,11.9503,3.96281,-4.03464,11.9603,0.975928,-0.995251,2.94711,3.33507,-4.76177,11.4319,3.18241,-4.69586,11.0607,1.13829,0.904503,1.37207,9.64358,-11.2345,30.5217,0.00411051,-0.00612148,0.0143425,0.127637,-0.120608,0.375883,0.100243,-0.127324,0.327809,0.677778,0.416932,0.938623,34.8227,-65.2702,134.916,5049.93,-14227.3,24327.2,5051.28,-14230.6,24333.2,0.0165016,0.0155604,0.0174427,779.954,673.026,886.882,0.00685837,0.00282744,0.0108893,0.0682059,0.0590393,0.0773725,0.0874065,0.0676753,0.107138,,,,,,,,,,,,
25000,0.8,likelihood,G2,w-none.g-high.v-none,3,0.0645057,-0.10341,0.232422,-0.0230896,-0.223914,0.177735,3.52872,-4.13744,11.1949,3.52458,-4.12194,11.1711,0.461792,-2.56184,3.48542,2.8292,-4.16901,9.82741,2.84801,-3.55799,9.25401,0.876172,-0.110874,1.86322,12.2563,-18.8975,43.4101,0.00137826,-0.00138043,0.00413695,0.10822,-0.10218,0.318619,0.120122,-0.138621,0.378865,0.65,0.484598,0.815402,34.2217,-56.6782,125.122,3763.35,-9914.65,17441.4,3764.11,-9917.89,17446.1,0.0165016,0.0155604,0.0174427,779.954,673.026,886.882,0.00685837,0.00282744,0.0108893,0.0682059,0.0590393,0.0773725,0.0874065,0.0676753,0.107138,,,,,,,,,,,,
25000,0.8,likelihood,G3,w-none.g-high.v-none,3,0.0645057,-0.10341,0.232422,-0.0299228,-0.228197,0.168352,3.58836,-4.43233,11.6091,3.58358,-4.41631,11.5835,0.161538,-2.06239,2.38547,2.79519,-4.51544,10.1058,2.88606,-4.04614,9.81825,0.84293,-0.174505,1.86036,11.5581,-13.8299,36.946,0.00138826,-0.00293414,0.00571067,0.089144,-0.0631232,0.241411,0.0928365,-0.0791071,0.26478,0.635555,0.464983,0.806128,34.2927,-58.3624,126.948,4056.28,-11244.2,19356.7,4056.33,-11245.3,19358,0.0165016,0.0155604,0.0174427,779.954,673.026,886.882,0.00685837,0.00282744,0.0108893,0.0682059,0.0590393,0.0773725,0.0874065,0.0676753,0.107138,64719.4,-188243,317682,66088.3,-193193,325370,1.01446,0.897073,1.13185,,,
25000,0.8,likelihood,G4,w-none.g-high.v-none,3,0.0645057,-0.10341,0.232422,-0.00449533,-0.0465074,0.0375167,0.133458,-0.229279,0.496195,0.133293,-0.228585,0.495172,0.0644547,-0.446034,0.574943,0.469317,-0.411092,1.34973,0.468462,-0.34179,1.27871,0.964975,-0.267212,2.19716,30.3361,-54.0641,114.736,0.036226,-0.0388531,0.111305,0.209585,-0.115738,0.534909,0.242986,-0.228008,0.713979,0.755556,0.669371,0.841741,7.69334,-6.77549,22.1622,87.1142,-180.749,354.977,87.1279,-180.755,355.011,0.0165016,0.0155604,0.0174427,779.954,673.026,886.882,0.00685837,0.00282744,0.0108893,0.0682059,0.0590393,0.0773725,0.0874065,0.0676753,0.107138,,,,,,,,,,,,
25000,0.8,likelihood,G5,w-none.g-high.v-none,3,0.0645057,-0.10341,0.232422,0.0192404,0.00669187,0.031789,0.137975,-0.239168,0.515117,0.138362,-0.239115,0.515839,0.534212,-0.336652,1.40508,0.721199,-0.438026,1.88042,0.474677,-0.345492,1.29485,2.43799,-0.476777,5.35276,30.2275,-53.0965,113.551,0.0267677,-0.0259318,0.0794672,0.155843,-0.125407,0.437094,0.175686,-0.171779,0.523152,0.686667,0.449985,0.923348,7.75604,-6.9004,22.4125,89.3971,-185.491,364.285,89.7645,-185.965,365.494,0.0165016,0.0155604,0.0174427,779.954,673.026,886.882,0.00685837,0.00282744,0.0108893,0.0682059,0.0590393,0.0773725,0.0874065,0.0676753,0.107138,2251.52,-4437.48,8940.52,2350.93,-4640.68,9342.54,0.959209,0.954429,0.963989,,,
25000,0.8,likelihood,G5-G3 (paired bias),w-none.g-high.v-none,3,0.0645057,-0.10341,0.232422,,,,,,,,,,0.68474,-3.37126,4.74074,2.78173,-4.86442,10.4279,2.71213,-3.97039,9.39465,0.896554,-0.0862058,1.87931,9.86957,-13.0106,32.7497,,,,,,,,,,,,,,,,,,,,,,0.0165016,0.0155604,0.0174427,779.954,673.026,886.882,0.00685837,0.00282744,0.0108893,0.0682059,0.0590393,0.0773725,0.0874065,0.0676753,0.107138,,,,,,,,,,0.600368,-0.359347,1.56008
25000,0.8,mid,G1,w-none.g-high.v-none,3,0.474679,0.309514,0.639843,-0.00179343,-0.014959,0.0113722,0.00876381,-0.00154031,0.0190679,0.00875431,-0.00149218,0.0190008,-0.00438411,-0.0325174,0.0237492,0.00916179,0.00210457,0.016219,0.0115168,0.000506474,0.0225271,0.993567,-1.78368,3.77082,1.94213,0.859631,3.02464,33.9495,-26.2031,94.1021,0.992377,0.973302,1.01145,0.993846,0.979494,1.0082,1,1,1,1.01247,0.994506,1.03043,0.0437199,-0.0363822,0.123822,0.0436635,-0.0361691,0.123496,0.295821,-0.0284897,0.620132,64.3118,-11.0423,139.666,0.295699,-0.0309005,0.622298,0.0682059,0.0590393,0.0773725,0.078451,0.0587814,0.0981206,,,,,,,,,,,,
25000,0.8,mid,G2,w-none.g-high.v-none,3,0.474679,0.309514,0.639843,-0.000453493,-0.0134337,0.0125267,0.0063881,-0.00100061,0.0137768,0.00638886,-0.000935314,0.013713,-0.00172507,-0.0300255,0.0265754,0.00923476,0.00223252,0.016237,0.0098238,0.000603036,0.0190446,1.60593,-3.03523,6.24709,1.92193,0.838283,3.00557,46.4099,-37.7386,130.558,0.994548,0.981151,1.00794,0.995523,0.985426,1.00562,1,1,1,1.00743,0.985443,1.02942,0.0317077,-0.0249421,0.0883576,0.0316926,-0.0246487,0.0880339,0.295821,-0.0284897,0.620132,64.3118,-11.0423,139.666,0.295699,-0.0309005,0.622298,0.0682059,0.0590393,0.0773725,0.078451,0.0587814,0.0981206,,,,,,,,,,,,
25000,0.8,mid,G3,w-none.g-high.v-none,3,0.474679,0.309514,0.639843,-0.000731433,-0.0140736,0.0126108,0.00659598,-0.00112429,0.0143162,0.00659542,-0.00105942,0.0142503,-0.00226127,-0.0310359,0.0265133,0.0091784,0.00221521,0.0161416,0.00998755,0.000491426,0.0194837,1.53116,-3.04436,6.10667,1.93094,0.841398,3.02047,45.0393,-36.0522,126.131,0.994353,0.980379,1.00833,0.995227,0.984196,1.00626,1,1,1,1.00807,0.987254,1.02889,0.0328479,-0.0268391,0.0925348,0.0328279,-0.0265566,0.0922124,0.295821,-0.0284897,0.620132,64.3118,-11.0423,139.666,0.295699,-0.0309005,0.622298,0.0682059,0.0590393,0.0773725,0.078451,0.0587814,0.0981206,0.82778,-0.714907,2.37047,0.863959,-0.729068,2.45699,0.953383,0.929294,0.977471,,,
25000,0.8,mid,G4,w-none.g-high.v-none,3,0.474679,0.309514,0.639843,-0.000739467,-0.00534319,0.00386425,0.00146258,0.000468307,0.00245685,0.00146103,0.000474341,0.00244772,-0.00172242,-0.0113219,0.00787708,0.00378014,0.00155515,0.00600512,0.00469643,0.00216365,0.00722921,0.799662,-0.850926,2.45025,1.66608,1.13502,2.19714,167.968,-21.8034,357.74,0.999178,0.997962,1.00039,0.999206,0.998061,1.00035,1,1,1,1.00351,0.999695,1.00733,0.00682484,-0.00026232,0.013912,0.00681691,-0.000240637,0.0138745,0.295821,-0.0284897,0.620132,64.3118,-11.0423,139.666,0.295699,-0.0309005,0.622298,0.0682059,0.0590393,0.0773725,0.078451,0.0587814,0.0981206,,,,,,,,,,,,
25000,0.8,mid,G5,w-none.g-high.v-none,3,0.474679,0.309514,0.639843,0.0270998,-0.023615,0.0778145,0.00174819,0.000475773,0.00302061,0.00276044,-0.000653687,0.00617457,0.0614102,-0.0701616,0.192982,0.061768,-0.0692032,0.192739,0.0051228,0.00244232,0.00780327,162.91,-294.585,620.405,1.68473,1.00529,2.36417,128.282,-47.5084,304.072,0.998454,0.995168,1.00174,0.998516,0.995379,1.00165,1,1,1,0.943323,0.819146,1.0675,0.00810579,3.66159e-05,0.016175,0.0137472,-0.0116328,0.0391273,0.295821,-0.0284897,0.620132,64.3118,-11.0423,139.666,0.295699,-0.0309005,0.622298,0.0682059,0.0590393,0.0773725,0.078451,0.0587814,0.0981206,0.158497,0.0202564,0.296738,0.173415,0.0109182,0.335911,0.920985,0.850499,0.991471,,,
25000,0.8,mid,G5-G3 (paired bias),w-none.g-high.v-none,3,0.474679,0.309514,0.639843,,,,,,,,,,0.0633829,-0.0578274,0.184593,0.0637763,-0.0576187,0.185171,0.0068555,-0.00165151,0.0153625,75.9033,-35.8659,187.672,2.11882,0.66643,3.57122,,,,,,,,,,,,,,,,,,,,,,0.295821,-0.0284897,0.620132,64.3118,-11.0423,139.666,0.295699,-0.0309005,0.622298,0.0682059,0.0590393,0.0773725,0.078451,0.0587814,0.0981206,,,,,,,,,,0.0636592,-0.066355,0.193673
25000,0.8,mid_greedy,G1,w-none.g-high.v-none,3,0.0679011,-0.0156484,0.151451,-0.000103467,-0.016669,0.0164621,0.0628337,-0.0978567,0.223524,0.0628423,-0.0979497,0.223634,-0.0298218,-0.299731,0.240088,0.192721,0.0199028,0.365539,0.203346,0.0434566,0.363235,0.899075,0.372836,1.42532,7.51535,0.32919,14.7015,0.109701,-0.0816301,0.301032,0.328658,0.14605,0.511267,0.430923,0.18972,0.672127,0.773334,0.710818,0.83585,2.9416,1.35686,4.52634,13.2334,-4.51133,30.9782,13.2297,-4.5138,30.9732,0.0310211,0.000449049,0.0615931,590.462,-187.852,1368.78,0.0215305,-0.0113133,0.0543743,0.0682059,0.0590393,0.0773725,0.0849954,0.0598109,0.11018,,,,,,,,,,,,
25000,0.8,mid_greedy,G2,w-none.g-high.v-none,3,0.0679011,-0.0156484,0.151451,0.000696397,-0.0164484,0.0178412,0.0490503,-0.0712161,0.169317,0.0490676,-0.0713201,0.169455,-0.0214052,-0.308326,0.265516,0.173835,0.0228565,0.324813,0.182695,0.041343,0.324048,0.927013,0.20796,1.64607,7.06749,0.420997,13.714,0.134101,-0.101016,0.369219,0.366411,0.167864,0.564958,0.49958,0.182518,0.816643,0.788889,0.721959,0.855818,2.74241,1.24077,4.24404,10.6609,-3.45895,24.7808,10.658,-3.45558,24.7717,0.0310211,0.000449049,0.0615931,590.462,-187.852,1368.78,0.0215305,-0.0113133,0.0543743,0.0682059,0.0590393,0.0773725,0.0849954,0.0598109,0.11018,,,,,,,,,,,,
25000,0.8,mid_greedy,G3,w-none.g-high.v-none,3,0.0679011,-0.0156484,0.151451,0.00148568,-0.0189789,0.0219502,0.0521827,-0.0808166,0.185182,0.0522158,-0.0809716,0.185403,-0.0127999,-0.336491,0.310891,0.180558,0.00451556,0.356601,0.186029,0.038477,0.333581,0.960434,0.099549,1.82132,6.97622,0.32357,13.6289,0.130731,-0.0951309,0.356594,0.360043,0.172006,0.54808,0.474408,0.158768,0.790048,0.785556,0.747311,0.823801,2.75871,1.24049,4.27692,11.0876,-3.86798,26.0432,11.0866,-3.87015,26.0434,0.0310211,0.000449049,0.0615931,590.462,-187.852,1368.78,0.0215305,-0.0113133,0.0543743,0.0682059,0.0590393,0.0773725,0.0849954,0.0598109,0.11018,171.456,-72.2741,415.186,175.268,-76.8415,427.377,0.978631,0.92767,1.02959,,,
25000,0.8,mid_greedy,G4,w-none.g-high.v-none,3,0.0679011,-0.0156484,0.151451,0.000981068,-0.00286691,0.00482905,0.000782537,-7.7329e-05,0.0016424,0.000784831,-7.75913e-05,0.00164725,0.0063629,-0.0571766,0.0699024,0.0313388,0.0190328,0.0436447,0.0272843,-0.00250669,0.0570754,1.76613,-1.50299,5.03526,6.44875,0.216083,12.6814,6.37272,-3.9072,16.6526,0.910366,0.69057,1.13016,0.932513,0.780076,1.08495,0.998889,0.994109,1.00367,1.10009,0.937716,1.26247,0.252095,-0.292425,0.796615,0.252253,-0.290832,0.795338,0.0310211,0.000449049,0.0615931,590.462,-187.852,1368.78,0.0215305,-0.0113133,0.0543743,0.0682059,0.0590393,0.0773725,0.0849954,0.0598109,0.11018,,,,,,,,,,,,
25000,0.8,mid_greedy,G5,w-none.g-high.v-none,3,0.0679011,-0.0156484,0.151451,0.0235363,-0.0075423,0.0546148,0.000867123,-7.47217e-05,0.00180897,0.00152543,-0.000565279,0.00361613,0.343179,0.245317,0.441041,0.344553,0.247824,0.441283,0.0286331,-0.00199174,0.0592579,205.869,-186.605,598.343,7.99403,1.4572,14.5309,2.8279,-0.742543,6.39835,0.805719,0.544315,1.06712,0.8515,0.647059,1.05594,0.99,0.946973,1.03303,0.875596,0.45674,1.29445,0.276353,-0.311115,0.863821,0.395159,-0.171148,0.961467,0.0310211,0.000449049,0.0615931,590.462,-187.852,1368.78,0.0215305,-0.0113133,0.0543743,0.0682059,0.0590393,0.0773725,0.0849954,0.0598109,0.11018,5.97642,-6.55615,18.509,6.36253,-6.73964,19.4647,0.931033,0.889514,0.972552,,,
25000,0.8,mid_greedy,G5-G3 (paired bias),w-none.g-high.v-none,3,0.0679011,-0.0156484,0.151451,,,,,,,,,,0.368171,-0.0249068,0.761249,0.411624,0.0162868,0.806961,0.177925,0.0282995,0.327551,5.83326,-0.587315,12.2538,6.65485,1.3502,11.9595,,,,,,,,,,,,,,,,,,,,,,0.0310211,0.000449049,0.0615931,590.462,-187.852,1368.78,0.0215305,-0.0113133,0.0543743,0.0682059,0.0590393,0.0773725,0.0849954,0.0598109,0.11018,,,,,,,,,,0.355993,0.227977,0.484008
25000,0.8,source,G1,w-none.g-high.v-none,3,1,1,1,-0.0027431,-0.00371499,-0.00177122,0.00323079,0.00195684,0.00450474,0.00322317,0.00195335,0.00449299,-0.0027431,-0.00371499,-0.00177122,0.00174254,0.000750948,0.00273413,0.00327441,0.00261111,0.00393772,0.297255,-0.0206247,0.615134,1.30607,1.14524,1.4669,314.542,178.991,450.093,0.999791,0.999627,0.999955,0.999796,0.999631,0.99996,1,1,1,0.998995,0.997393,1.0006,0.00323079,0.00195684,0.00450474,0.00322317,0.00195335,0.00449299,1,0.999998,1,1.00157,0.994858,1.00828,1,1,1,0.0682059,0.0590393,0.0773725,0.0682059,0.0590393,0.0773725,,,,,,,,,,,,
25000,0.8,source,G2,w-none.g-high.v-none,3,1,1,1,-0.00246102,-0.00286026,-0.00206178,0.00261517,0.0014704,0.00375994,0.0026091,0.0014655,0.00375269,-0.00246102,-0.00286026,-0.00206178,0.00159459,0.000629117,0.00256006,0.00294439,0.00227905,0.00360972,0.294246,0.0421701,0.546322,1.28631,1.09669,1.47594,391.775,200.065,583.486,0.99984,0.999693,0.999986,0.999841,0.999697,0.999986,1,1,1,1.00059,0.997099,1.00408,0.00261517,0.0014704,0.00375994,0.0026091,0.0014655,0.00375269,1,0.999998,1,1.00157,0.994858,1.00828,1,1,1,0.0682059,0.0590393,0.0773725,0.0682059,0.0590393,0.0773725,,,,,,,,,,,,
25000,0.8,source,G3,w-none.g-high.v-none,3,1,1,1,-0.00244225,-0.00268255,-0.00220196,0.00270778,0.00145362,0.00396194,0.00270181,0.00144813,0.00395548,-0.00244225,-0.00268255,-0.00220196,0.00170175,0.000488064,0.00291543,0.00299504,0.00227721,0.00371287,0.323852,0.0111271,0.636577,1.2844,1.10644,1.46236,379.326,181.267,577.385,0.999835,0.999685,0.999985,0.999836,0.999688,0.999985,1,1,1,1.00032,0.996196,1.00444,0.00270778,0.00145362,0.00396194,0.00270181,0.00144813,0.00395548,1,0.999998,1,1.00157,0.994858,1.00828,1,1,1,0.0682059,0.0590393,0.0773725,0.0682059,0.0590393,0.0773725,0.0597625,0.0223908,0.0971342,0.0625796,0.0241754,0.100984,0.954213,0.94138,0.967046,,,
25000,0.8,source,G4,w-none.g-high.v-none,3,1,1,1,-0.002207,-0.00256423,-0.00184976,0.00212242,0.00119897,0.00304588,0.00211754,0.00119507,0.00304002,-0.002207,-0.00256423,-0.00184976,0.00145385,0.000612505,0.00229519,0.00265263,0.00205698,0.00324828,0.301039,0.0587076,0.54337,1.28624,1.09624,1.47624,482.548,248.018,717.078,0.99987,0.999752,0.999989,0.999871,0.999754,0.999989,1,1,1,1.00052,0.997317,1.00373,0.00212242,0.00119897,0.00304588,0.00211754,0.00119507,0.00304002,1,0.999998,1,1.00157,0.994858,1.00828,1,1,1,0.0682059,0.0590393,0.0773725,0.0682059,0.0590393,0.0773725,,,,,,,,,,,,
25000,0.8,source,G5,w-none.g-high.v-none,3,1,1,1,-0.00101878,-0.0064822,0.00444463,0.00238878,0.00124889,0.00352867,0.00238603,0.00125713,0.00351493,-0.00101878,-0.0064822,0.00444463,0.00221882,0.00059238,0.00384525,0.00281255,0.00211779,0.00350731,0.72611,-0.679416,2.13164,1.27474,1.11045,1.43902,431.102,196.011,666.193,0.999858,0.999728,0.999988,0.99986,0.99973,0.99999,1,1,1,1.00058,0.995443,1.00571,0.00238878,0.00124889,0.00352867,0.00238603,0.00125713,0.00351493,1,0.999998,1,1.00157,0.994858,1.00828,1,1,1,0.0682059,0.0590393,0.0773725,0.0682059,0.0590393,0.0773725,0.0484678,0.0182779,0.0786577,0.0509943,0.0197915,0.0821971,0.949734,0.937664,0.961804,,,
25000,0.8,source,G5-G3 (paired bias),w-none.g-high.v-none,3,1,1,1,,,,,,,,,,0.00158509,0.000562108,0.00260807,0.0016038,0.000599668,0.00260793,0.000235023,0.000182781,0.000287264,52.4034,-35.4448,140.252,1.36476,1.08282,1.64669,,,,,,,,,,,,,,,,,,,,,,1,0.999998,1,1.00157,0.994858,1.00828,1,1,1,0.0682059,0.0590393,0.0773725,0.0682059,0.0590393,0.0773725,,,,,,,,,,0.00156522,0.000431167,0.00269927
25000,0.8,value,G1,w-none.g-high.v-none,3,0.00508667,-0.00023386,0.0104072,-0.0162345,-0.0261061,-0.00636288,0.890556,-1.86429,3.6454,0.89028,-1.86424,3.6448,-0.0162345,-0.0261061,-0.00636288,0.0442056,-0.0385738,0.126985,0.0475755,-0.0332117,0.128363,0.814522,0.482083,1.14696,7.07039,-3.51768,17.6585,-0.000433367,-0.00203824,0.00117151,0.0283371,-0.0781969,0.134871,0.0243711,-0.0699147,0.118657,0.583333,0.310706,0.85596,70.2997,-17.3057,157.905,0.890556,-1.86429,3.6454,0.89028,-1.86424,3.6448,0.0138148,0.00705951,0.0205702,992.206,621.981,1362.43,0.00557509,0.00149344,0.00965673,0.0682059,0.0590393,0.0773725,0.096451,0.0670852,0.125817,,,,,,,,,,,,
25000,0.8,value,G2,w-none.g-high.v-none,3,0.00508667,-0.00023386,0.0104072,-0.00836817,-0.0490705,0.0323342,0.769983,-1.68832,3.22828,0.769792,-1.68779,3.22737,-0.00836817,-0.0490705,0.0323342,0.0421391,-0.0323544,0.116633,0.0437281,-0.034105,0.121561,0.933756,0.508003,1.35951,9.23569,-3.48656,21.9579,-6.04267e-06,-0.00252809,0.00251601,0.0605303,-0.111074,0.232135,0.0476929,-0.0465491,0.141935,0.645555,0.373263,0.917847,74.096,-4.83999,153.032,0.769983,-1.68832,3.22828,0.769792,-1.68779,3.22737,0.0138148,0.00705951,0.0205702,992.206,621.981,1362.43,0.00557509,0.00149344,0.00965673,0.0682059,0.0590393,0.0773725,0.096451,0.0670852,0.125817,,,,,,,,,,,,
25000,0.8,value,G3,w-none.g-high.v-none,3,0.00508667,-0.00023386,0.0104072,-0.0114012,-0.0312733,0.00847096,0.776673,-1.6513,3.20465,0.776499,-1.65103,3.20403,-0.0114012,-0.0312733,0.00847096,0.0424553,-0.0329216,0.117832,0.0442569,-0.0321219,0.120636,0.903598,0.641346,1.16585,7.69327,-3.24218,18.6287,-0.000111096,-0.00195348,0.00173129,0.0273287,-0.0206317,0.075289,0.0119146,-0.0594908,0.08332,0.545555,0.325486,0.765625,71.8496,-9.43289,153.132,0.776673,-1.6513,3.20465,0.776499,-1.65103,3.20403,0.0138148,0.00705951,0.0205702,992.206,621.981,1362.43,0.00557509,0.00149344,0.00965673,0.0682059,0.0590393,0.0773725,0.096451,0.0670852,0.125817,10.6532,-22.723,44.0294,10.7594,-23.0138,44.5327,1.27612,-0.0453145,2.59756,,,
25000,0.8,value,G4,w-none.g-high.v-none,3,0.00508667,-0.00023386,0.0104072,-0.0017918,-0.00361888,3.52831e-05,0.00805802,-0.0161819,0.032298,0.00805446,-0.0161791,0.032288,-0.0017918,-0.00361888,3.52831e-05,0.00413296,-0.00344729,0.0117132,0.004529,-0.00313663,0.0121946,0.795009,0.569847,1.02017,33.6033,-37.2102,104.417,0.00697564,-0.010396,0.0243473,0.117924,-0.124879,0.360726,0.101596,-0.0736109,0.276803,0.768889,0.455287,1.08249,13.3631,1.05613,25.67,0.00805802,-0.0161819,0.032298,0.00805446,-0.0161791,0.032288,0.0138148,0.00705951,0.0205702,992.206,621.981,1362.43,0.00557509,0.00149344,0.00965673,0.0682059,0.0590393,0.0773725,0.096451,0.0670852,0.125817,,,,,,,,,,,,
25000,0.8,value,G5,w-none.g-high.v-none,3,0.00508667,-0.00023386,0.0104072,0.00638731,0.000245949,0.0125287,0.00828302,-0.0165085,0.0330746,0.00832789,-0.0165505,0.0332063,0.00638731,0.000245949,0.0125287,0.00792455,-0.00154318,0.0173923,0.00459788,-0.00314068,0.0123364,3.77397,-0.908073,8.45602,33.3532,-37.3193,104.026,0.00571707,-0.00940359,0.0208377,0.0228442,-0.0996524,0.145341,0.0108472,-0.127202,0.148896,0.547778,0.169919,0.925637,13.4981,0.70895,26.2872,0.00828302,-0.0165085,0.0330746,0.00832789,-0.0165505,0.0332063,0.0138148,0.00705951,0.0205702,992.206,621.981,1362.43,0.00557509,0.00149344,0.00965673,0.0682059,0.0590393,0.0773725,0.096451,0.0670852,0.125817,0.170882,-0.35665,0.698413,0.177232,-0.371058,0.725522,0.972065,0.936194,1.00794,,,
25000,0.8,value,G5-G3 (paired bias),w-none.g-high.v-none,3,0.00508667,-0.00023386,0.0104072,,,,,,,,,,-0.00393203,-0.0480651,0.0402011,0.0430102,-0.02866,0.11468,0.0430686,-0.0314837,0.117621,1.02596,0.336074,1.71584,6.9731,-2.64547,16.5917,,,,,,,,,,,,,,,,,,,,,,0.0138148,0.00705951,0.0205702,992.206,621.981,1362.43,0.00557509,0.00149344,0.00965673,0.0682059,0.0590393,0.0773725,0.096451,0.0670852,0.125817,,,,,,,,,,0.00693549,0.00102636,0.0128446
25000,0.8,likelihood,G1,w-none.g-none.v-high,3,0.0445358,-0.0874568,0.176528,0.0187773,-0.0924977,0.130052,1.4813,-4.29763,7.26022,1.4829,-4.3032,7.269,-0.0804887,-1.71821,1.55723,1.53151,-0.183705,3.24673,1.5313,-0.188486,3.25109,1.02553,0.254808,1.79626,35.2365,-36.5597,107.033,0.000914325,2.41516e-05,0.0018045,0.0519842,-0.018372,0.12234,0.0410623,-0.0060194,0.0881439,0.596667,0.550563,0.642771,21.7823,-14.2036,57.7681,799.328,-986.586,2585.24,799.325,-986.345,2585,0.0340244,-0.00515804,0.0732068,388.208,-79.9218,856.339,0.0304902,-0.0152107,0.0761911,0.071873,0.0627598,0.0809863,0.0908226,0.0655015,0.116144,,,,,,,,,,,,
25000,0.8,likelihood,G2,w-none.g-none.v-high,3,0.0445358,-0.0874568,0.176528,-0.0265386,-0.123219,0.0701416,1.48358,-4.43674,7.4039,1.48187,-4.43134,7.39507,-0.340491,-1.5573,0.876319,1.26777,-0.440243,2.97579,1.3967,-0.0127437,2.80614,0.779456,0.27745,1.28146,36.7801,-36.8249,110.385,0.00133575,-0.000231341,0.00290283,0.11078,-0.156582,0.378142,0.113853,-0.169567,0.397274,0.703333,0.480528,0.926138,20.2938,-9.11221,49.6999,649.614,-664.954,1964.18,649.371,-665.815,1964.56,0.0340244,-0.00515804,0.0732068,388.208,-79.9218,856.339,0.0304902,-0.0152107,0.0761911,0.071873,0.0627598,0.0809863,0.0908226,0.0655015,0.116144,,,,,,,,,,,,
25000,0.8,likelihood,G3,w-none.g-none.v-high,3,0.0445358,-0.0874568,0.176528,-0.026289,-0.12265,0.0700718,1.27919,-3.75054,6.30891,1.27749,-3.7452,6.30019,-0.32677,-1.59953,0.94599,1.24638,-0.567596,3.06036,1.38031,-0.108669,2.8693,0.763742,0.207515,1.31997,37.5168,-39.9032,114.937,0.00120257,-0.000892992,0.00329814,0.0616915,-0.0111662,0.134549,0.0639648,-0.010688,0.138618,0.635556,0.514896,0.756215,20.477,-9.51888,50.4729,643.434,-744.25,2031.12,643.199,-745.142,2031.54,0.0340244,-0.00515804,0.0732068,388.208,-79.9218,856.339,0.0304902,-0.0152107,0.0761911,0.071873,0.0627598,0.0809863,0.0908226,0.0655015,0.116144,12610.2,-18864.6,44084.9,12987.2,-20055.7,46030.1,1.00077,0.832714,1.16882,,,
25000,0.8,likelihood,G4,w-none.g-none.v-high,3,0.0445358,-0.0874568,0.176528,-0.00814584,-0.0357801,0.0194884,0.119788,-0.370715,0.610291,0.119639,-0.370236,0.609513,-0.162611,-0.334201,0.00898025,0.309797,-0.0734001,0.692994,0.352398,-0.0474963,0.752293,0.769431,0.447822,1.09104,54.5769,-57.4694,166.623,0.0391245,-0.0422272,0.120476,0.243589,-0.0638775,0.551056,0.267571,-0.107753,0.642896,0.876667,0.629359,1.12397,5.75091,-1.57244,13.0743,42.4382,-47.8779,132.754,42.4086,-47.8705,132.688,0.0340244,-0.00515804,0.0732068,388.208,-79.9218,856.339,0.0304902,-0.0152107,0.0761911,0.071873,0.0627598,0.0809863,0.0908226,0.0655015,0.116144,,,,,,,,,,,,
25000,0.8,likelihood,G5,w-none.g-none.v-high,3,0.0445358,-0.0874568,0.176528,0.0345785,-0.0599358,0.129093,0.120898,-0.372961,0.614757,0.123059,-0.379312,0.625429,0.855206,0.608292,1.10212,0.93521,0.621372,1.24905,0.359442,-0.0498646,0.768748,9.66476,-10.3928,29.7223,52.3747,-54.7947,159.544,0.0116386,-0.0242092,0.0474865,0.0628191,-0.0315011,0.157139,0.0667806,-0.0355922,0.169153,0.63,0.370648,0.889352,5.78871,-1.8197,13.3971,44.1892,-50.8907,139.269,44.9272,-50.2753,140.13,0.0340244,-0.00515804,0.0732068,388.208,-79.9218,856.339,0.0304902,-0.0152107,0.0761911,0.071873,0.0627598,0.0809863,0.0908226,0.0655015,0.116144,940.044,-1335.05,3215.13,967.71,-1429.33,3364.75,0.983753,0.868102,1.0994,,,
25000,0.8,likelihood,G5-G3 (paired bias),w-none.g-none.v-high,3,0.0445358,-0.0874568,0.176528,,,,,,,,,,0.562481,-1.8825,3.00746,1.39688,-0.701948,3.49572,1.19288,-0.0994972,2.48526,1.29216,0.00318357,2.58115,30.921,-33.4803,95.3223,,,,,,,,,,,,,,,,,,,,,,0.0340244,-0.00515804,0.0732068,388.208,-79.9218,856.339,0.0304902,-0.0152107,0.0761911,0.071873,0.0627598,0.0809863,0.0908226,0.0655015,0.116144,,,,,,,,,,0.868725,0.615572,1.12188
25000,0.8,mid,G1,w-none.g-none.v-high,3,0.441663,0.186078,0.697249,0.00142904,-0.00673614,0.00959422,0.00622108,0.00404961,0.00839255,0.00622778,0.00408819,0.00836737,0.00316119,-0.013318,0.0196404,0.0120354,0.00536478,0.0187061,0.0107636,0.00320013,0.0183272,1.3888,-0.399376,3.17697,1.83578,1.03431,2.63725,33.2847,-10.5898,77.1593,0.994292,0.982659,1.00593,0.994843,0.984525,1.00516,1,1,1,0.999937,0.973216,1.02666,0.0366109,-0.013678,0.0868999,0.0366385,-0.0136063,0.0868833,0.341815,0.119538,0.564091,33.9362,18.9845,48.8879,0.341601,0.120109,0.563092,0.071873,0.0627598,0.0809863,0.0823293,0.066825,0.0978336,,,,,,,,,,,,
25000,0.8,mid,G2,w-none.g-none.v-high,3,0.441663,0.186078,0.697249,0.00146628,-0.00974051,0.0126731,0.0045778,0.00373015,0.00542545,0.0045866,0.00378556,0.00538765,0.00168389,-0.0244939,0.0278616,0.00981519,0.00230082,0.0173296,0.00923505,0.00292257,0.0155475,1.64462,-2.26065,5.5499,1.8366,0.912498,2.7607,44.5984,-7.88637,97.0832,0.995911,0.987548,1.00427,0.9963,0.988997,1.0036,1,1,1,1.00194,0.972635,1.03125,0.0268772,-0.00981932,0.0635737,0.02689,-0.00954785,0.0633279,0.341815,0.119538,0.564091,33.9362,18.9845,48.8879,0.341601,0.120109,0.563092,0.071873,0.0627598,0.0809863,0.0823293,0.066825,0.0978336,,,,,,,,,,,,
25000,0.8,mid,G3,w-none.g-none.v-high,3,0.441663,0.186078,0.697249,0.00148257,-0.00917749,0.0121426,0.00474718,0.00370064,0.00579373,0.00475508,0.00374862,0.00576154,0.00178004,-0.0234724,0.0270325,0.010047,0.0043698,0.0157242,0.00941252,0.00282412,0.0160009,1.56693,-1.7191,4.85297,1.84074,0.957812,2.72367,43.2669,-9.35544,95.8892,0.995699,0.986827,1.00457,0.996125,0.988357,1.00389,1,1,1,1.00187,0.973452,1.0303,0.0279855,-0.0110222,0.0669931,0.0279966,-0.010773,0.0667662,0.341815,0.119538,0.564091,33.9362,18.9845,48.8879,0.341601,0.120109,0.563092,0.071873,0.0627598,0.0809863,0.0823293,0.066825,0.0978336,0.689128,-0.411452,1.78971,0.723276,-0.449621,1.89617,0.957715,0.926922,0.988508,,,
25000,0.8,mid,G4,w-none.g-none.v-high,3,0.441663,0.186078,0.697249,2.28973e-05,-0.00475227,0.00479806,0.00139667,0.0010752,0.00171814,0.0013972,0.00106663,0.00172778,-0.000412242,-0.012324,0.0114995,0.00480151,0.000820029,0.00878299,0.00505969,0.00221147,0.0079079,1.06886,-0.826662,2.96438,1.7627,0.90346,2.62194,143.782,-4.23314,291.797,0.998944,0.997101,1.00079,0.998978,0.997213,1.00074,1,1,1,1.0025,0.989298,1.0157,0.00794304,-0.000975873,0.0168619,0.00794134,-0.000937543,0.0168202,0.341815,0.119538,0.564091,33.9362,18.9845,48.8879,0.341601,0.120109,0.563092,0.071873,0.0627598,0.0809863,0.0823293,0.066825,0.0978336,,,,,,,,,,,,
25000,0.8,mid,G5,w-none.g-none.v-high,3,0.441663,0.186078,0.697249,0.00574411,0.0032703,0.00821793,0.00171324,0.00115321,0.00227326,0.00174689,0.00120479,0.002289,0.013371,0.00566705,0.021075,0.0145225,0.00659986,0.0224452,0.00560172,0.00239457,0.00880888,7.06158,0.707785,13.4154,1.74104,0.858938,2.62314,116.727,-11.3823,244.836,0.998616,0.996091,1.00114,0.998664,0.996224,1.0011,1,1,1,0.996327,0.977682,1.01497,0.00974714,-0.00120901,0.0207033,0.00993235,-0.00118305,0.0210478,0.341815,0.119538,0.564091,33.9362,18.9845,48.8879,0.341601,0.120109,0.563092,0.071873,0.0627598,0.0809863,0.0823293,0.066825,0.0978336,0.199221,-0.0487789,0.447221,0.211145,-0.0590783,0.481369,0.94796,0.912725,0.983196,,,
25000,0.8,mid,G5-G3 (paired bias),w-none.g-none.v-high,3,0.441663,0.186078,0.697249,,,,,,,,,,0.0110947,0.00177356,0.0204159,0.0123527,0.00224481,0.0224605,0.00537659,0.000823204,0.00992998,5.45316,0.582899,10.3234,1.95453,1.22553,2.68353,,,,,,,,,,,,,,,,,,,,,,0.341815,0.119538,0.564091,33.9362,18.9845,48.8879,0.341601,0.120109,0.563092,0.071873,0.0627598,0.0809863,0.0823293,0.066825,0.0978336,,,,,,,,,,0.0129943,0.00427223,0.0217164
25000,0.8,mid_greedy,G1,w-none.g-none.v-high,3,0.0599756,0.025412,0.0945393,-0.000150197,-0.0259733,0.0256729,0.0401082,0.016567,0.0636494,0.0401298,0.0168363,0.0634232,-0.0267453,-0.42015,0.366659,0.204688,0.163004,0.246373,0.201544,0.0448506,0.358237,1.30936,-1.10634,3.72505,6.86963,2.3477,11.3916,0.0861993,-0.0167535,0.189152,0.298439,0.178806,0.418073,0.39464,0.241185,0.548095,0.738889,0.64472,0.833058,2.88018,1.05001,4.71036,12.9818,-4.64888,30.6124,12.9806,-4.59743,30.5586,0.0284435,0.0019664,0.0549206,487.901,48.2679,927.533,0.022571,-0.00776782,0.0529099,0.071873,0.0627598,0.0809863,0.0910877,0.0655785,0.116597,,,,,,,,,,,,
25000,0.8,mid_greedy,G2,w-none.g-none.v-high,3,0.0599756,0.025412,0.0945393,0.00161039,-0.0115565,0.0147773,0.0306971,0.0104476,0.0509466,0.0307049,0.0104904,0.0509194,0.0200936,-0.220355,0.260542,0.181695,0.058831,0.304558,0.176461,0.0332888,0.319633,1.10699,0.524119,1.68986,6.67457,1.16297,12.1862,0.13173,-0.0678496,0.33131,0.35492,0.200305,0.509534,0.46528,0.209499,0.721061,0.775556,0.683971,0.867141,2.61481,0.931028,4.29859,10.0058,-4.06956,24.0812,10.0071,-4.0584,24.0727,0.0284435,0.0019664,0.0549206,487.901,48.2679,927.533,0.022571,-0.00776782,0.0529099,0.071873,0.0627598,0.0809863,0.0910877,0.0655785,0.116597,,,,,,,,,,,,
25000,0.8,mid_greedy,G3,w-none.g-none.v-high,3,0.0599756,0.025412,0.0945393,0.00188145,-0.0119535,0.0157164,0.0317349,0.0112673,0.0522026,0.0317468,0.0113512,0.0521424,0.0212467,-0.210517,0.25301,0.186602,0.0920094,0.281195,0.179393,0.0350977,0.323689,1.17454,0.27587,2.07322,7.0029,2.0803,11.9255,0.123743,-0.0496056,0.297091,0.347567,0.202168,0.492967,0.448632,0.207673,0.68959,0.77,0.634443,0.905557,2.6484,0.954717,4.34208,10.3294,-4.08397,24.7427,10.3307,-4.06621,24.7277,0.0284435,0.0019664,0.0549206,487.901,48.2679,927.533,0.022571,-0.00776782,0.0529099,0.071873,0.0627598,0.0809863,0.0910877,0.0655785,0.116597,184.12,-118.233,486.472,189.478,-130.02,508.976,0.977019,0.91504,1.039,,,
25000,0.8,mid_greedy,G4,w-none.g-none.v-high,3,0.0599756,0.025412,0.0945393,-0.000832678,-0.00104289,-0.000622464,0.000641738,0.000225113,0.00105836,0.00064104,0.000224394,0.00105769,-0.0144494,-0.0239349,-0.00496398,0.0198284,0.0156586,0.0239982,0.0246346,0.0167655,0.0325037,0.65752,0.394683,0.920357,5.04799,4.11103,5.98496,5.64068,2.23508,9.04628,0.936688,0.893401,0.979975,0.951943,0.923837,0.98005,1,1,1,1.05508,0.990925,1.11924,0.184066,0.0680122,0.300119,0.183847,0.0680344,0.299659,0.0284435,0.0019664,0.0549206,487.901,48.2679,927.533,0.022571,-0.00776782,0.0529099,0.071873,0.0627598,0.0809863,0.0910877,0.0655785,0.116597,,,,,,,,,,,,
25000,0.8,mid_greedy,G5,w-none.g-none.v-high,3,0.0599756,0.025412,0.0945393,0.0205791,-0.0156714,0.0568296,0.000737159,0.000180493,0.00129382,0.00130262,-0.000886171,0.00349142,0.31989,-0.0768106,0.716591,0.321216,-0.0737177,0.716149,0.0262788,0.017539,0.0350186,195.293,-327.034,717.62,6.34489,5.0679,7.62189,3.4378,1.69847,5.17713,0.830181,0.670136,0.990226,0.868125,0.733535,1.00271,0.998889,0.994109,1.00367,0.924268,0.721209,1.12733,0.209649,0.0689388,0.350359,0.32898,0.0975065,0.560453,0.0284435,0.0019664,0.0549206,487.901,48.2679,927.533,0.022571,-0.00776782,0.0529099,0.071873,0.0627598,0.0809863,0.0910877,0.0655785,0.116597,4.32514,1.23072,7.41957,4.66558,1.61626,7.71489,0.922718,0.83421,1.01123,,,
25000,0.8,mid_greedy,G5-G3 (paired bias),w-none.g-none.v-high,3,0.0599756,0.025412,0.0945393,,,,,,,,,,0.316083,-0.0351707,0.667337,0.373751,0.144204,0.603298,0.172638,0.0254554,0.319821,7.32024,-10.3409,24.9814,6.88864,1.45161,12.3257,,,,,,,,,,,,,,,,,,,,,,0.0284435,0.0019664,0.0549206,487.901,48.2679,927.533,0.022571,-0.00776782,0.0529099,0.071873,0.0627598,0.0809863,0.0910877,0.0655785,0.116597,,,,,,,,,,0.317728,-0.0706311,0.706086
25000,0.8,source,G1,w-none.g-none.v-high,3,1,1,1,0.00251432,-0.00912375,0.0141524,0.00320141,0.00255408,0.00384874,0.00321745,0.00251874,0.00391616,0.00251432,-0.00912375,0.0141524,0.00464431,-0.00225747,0.0115461,0.00326494,0.00293827,0.00359161,2.41054,-2.75747,7.57855,1.27183,1.18137,1.36228,313.674,261.869,365.478,0.999816,0.999741,0.999891,0.99982,0.999741,0.999899,1,1,1,1.00046,0.985067,1.01586,0.00320141,0.00255408,0.00384874,0.00321745,0.00251874,0.00391616,1,0.999998,1,1.00143,0.995309,1.00756,1,1,1,0.071873,0.0627598,0.0809863,0.071873,0.0627598,0.0809863,,,,,,,,,,,,
25000,0.8,source,G2,w-none.g-none.v-high,3,1,1,1,0.00222995,-0.00870777,0.0131677,0.00252172,0.0018628,0.00318064,0.00253487,0.00183674,0.003233,0.00222995,-0.00870777,0.0131677,0.00402657,-0.00300546,0.0110586,0.00289664,0.00252162,0.00327167,2.45589,-3.17699,8.08876,1.2619,1.15994,1.36385,399.699,309.853,489.544,0.999859,0.999785,0.999933,0.999861,0.999785,0.999937,1,1,1,1.0009,0.98722,1.01458,0.00252172,0.0018628,0.00318064,0.00253487,0.00183674,0.003233,1,0.999998,1,1.00143,0.995309,1.00756,1,1,1,0.071873,0.0627598,0.0809863,0.071873,0.0627598,0.0809863,,,,,,,,,,,,
25000,0.8,source,G3,w-none.g-none.v-high,3,1,1,1,0.00246626,-0.00873816,0.0136707,0.00256568,0.00186795,0.00326342,0.00258073,0.00184516,0.00331631,0.00246626,-0.00873816,0.0136707,0.00426775,-0.00279272,0.0113282,0.00292157,0.00252838,0.00331476,2.65621,-3.05934,8.37176,1.26729,1.16565,1.36894,392.75,301.591,483.91,0.999854,0.99978,0.999928,0.999857,0.99978,0.999933,1,1,1,1.00054,0.986052,1.01503,0.00256568,0.00186795,0.00326342,0.00258073,0.00184516,0.00331631,1,0.999998,1,1.00143,0.995309,1.00756,1,1,1,0.071873,0.0627598,0.0809863,0.071873,0.0627598,0.0809863,0.0613746,0.0280584,0.0946908,0.0645429,0.0313503,0.0977355,0.949461,0.915585,0.983336,,,
25000,0.8,source,G4,w-none.g-none.v-high,3,1,1,1,0.00200422,-0.00782825,0.0118367,0.00204584,0.00151662,0.00257506,0.00205645,0.00149551,0.0026174,0.00200422,-0.00782825,0.0118367,0.0036232,-0.00269028,0.00993669,0.0026091,0.00227473,0.00294347,2.44909,-3.15649,8.05467,1.26192,1.15972,1.36411,492.561,381.846,603.276,0.999886,0.999826,0.999946,0.999888,0.999827,0.999949,1,1,1,1.0008,0.988492,1.0131,0.00204584,0.00151662,0.00257506,0.00205645,0.00149551,0.0026174,1,0.999998,1,1.00143,0.995309,1.00756,1,1,1,0.071873,0.0627598,0.0809863,0.071873,0.0627598,0.0809863,,,,,,,,,,,,
25000,0.8,source,G5,w-none.g-none.v-high,3,1,1,1,0.00418819,-0.00782706,0.0162034,0.00228591,0.00162423,0.0029476,0.0023185,0.00155924,0.00307776,0.00418819,-0.00782706,0.0162034,0.00571074,-0.00267164,0.0140931,0.0027573,0.00236074,0.00315386,4.92368,-6.35428,16.2016,1.25455,1.166,1.34309,445.985,328.309,563.661,0.999876,0.999811,0.999941,0.999878,0.999812,0.999944,1,1,1,1.00565,0.996857,1.01444,0.00228591,0.00162423,0.0029476,0.0023185,0.00155924,0.00307776,1,0.999998,1,1.00143,0.995309,1.00756,1,1,1,0.071873,0.0627598,0.0809863,0.071873,0.0627598,0.0809863,0.0497656,0.0227938,0.0767375,0.052493,0.0254076,0.0795783,0.946723,0.916503,0.976944,,,
25000,0.8,source,G5-G3 (paired bias),w-none.g-none.v-high,3,1,1,1,,,,,,,,,,0.00517215,-0.000679951,0.0110243,0.00517827,-0.000663556,0.0110201,0.000224259,0.000196204,0.000252313,628.279,-500.485,1757.04,1.36812,1.1555,1.58073,,,,,,,,,,,,,,,,,,,,,,1,0.999998,1,1.00143,0.995309,1.00756,1,1,1,0.071873,0.0627598,0.0809863,0.071873,0.0627598,0.0809863,,,,,,,,,,0.00521617,0.000788155,0.00964419
25000,0.8,value,G1,w-none.g-none.v-high,3,0.00503867,-0.00128376,0.0113611,-0.00392221,-0.0201327,0.0122883,0.273719,-0.433097,0.980535,0.27368,-0.433245,0.980605,-0.00392221,-0.0201327,0.0122883,0.0263086,-0.0146124,0.0672297,0.0276116,-0.00965015,0.0648733,0.862533,0.334036,1.39103,10.4799,-12.5315,33.4913,-0.000336142,-0.00198707,0.00131479,0.00154461,-0.0589386,0.0620278,0.0103497,-0.0522109,0.0729103,0.504444,0.335488,0.673401,48.4737,-21.0849,118.032,0.273719,-0.433097,0.980535,0.27368,-0.433245,0.980605,0.0146983,0.00744023,0.0219564,854.188,170.324,1538.05,0.00940194,-0.0023528,0.0211567,0.071873,0.0627598,0.0809863,0.100562,0.0614013,0.139722,,,,,,,,,,,,
25000,0.8,value,G2,w-none.g-none.v-high,3,0.00503867,-0.00128376,0.0113611,-0.0091179,-0.0148864,-0.00334944,0.209772,-0.293873,0.713417,0.209685,-0.29387,0.71324,-0.0091179,-0.0148864,-0.00334944,0.0226185,-0.00794421,0.0531813,0.0244947,-0.00581559,0.0548049,0.832102,0.640457,1.02375,13.0307,-19.1462,45.2075,-0.000383009,-0.00133059,0.000564573,0.0785034,-0.168524,0.325531,0.0705758,-0.103097,0.244249,0.633333,0.367196,0.899471,49.44,-8.91477,107.795,0.209772,-0.293873,0.713417,0.209685,-0.29387,0.71324,0.0146983,0.00744023,0.0219564,854.188,170.324,1538.05,0.00940194,-0.0023528,0.0211567,0.071873,0.0627598,0.0809863,0.100562,0.0614013,0.139722,,,,,,,,,,,,
25000,0.8,value,G3,w-none.g-none.v-high,3,0.00503867,-0.00128376,0.0113611,-0.00895898,-0.0107907,-0.00712722,0.223198,-0.336002,0.782397,0.223117,-0.336054,0.782288,-0.00895898,-0.0107907,-0.00712722,0.023161,-0.0111166,0.0574386,0.0250688,-0.00763512,0.0577728,0.81692,0.534893,1.09895,11.7222,-17.0562,40.5007,-0.000450152,-0.00140762,0.000507315,0.00647993,-0.00416947,0.0171293,0.0050425,-0.0508481,0.0609331,0.515555,0.403132,0.627979,48.9024,-11.355,109.16,0.223198,-0.336002,0.782397,0.223117,-0.336054,0.782288,0.0146983,0.00744023,0.0219564,854.188,170.324,1538.05,0.00940194,-0.0023528,0.0211567,0.071873,0.0627598,0.0809863,0.100562,0.0614013,0.139722,3.14203,-5.5514,11.8355,3.18268,-5.68197,12.0473,1.02017,0.843444,1.1969,,,
25000,0.8,value,G4,w-none.g-none.v-high,3,0.00503867,-0.00128376,0.0113611,-8.9437e-05,-0.0033478,0.00316892,0.00509219,-0.0109294,0.0211138,0.00509236,-0.0109278,0.0211126,-8.9437e-05,-0.0033478,0.00316892,0.00351322,-0.00317081,0.0101973,0.003523,-0.00297557,0.0100216,0.948681,0.0840521,1.81331,34.6215,-40.9126,110.156,0.0107814,-0.00574887,0.0273117,0.161926,-0.156863,0.480714,0.162118,-0.123679,0.447914,0.771111,0.613058,0.929164,10.446,-0.762734,21.6548,0.00509219,-0.0109294,0.0211138,0.00509236,-0.0109278,0.0211126,0.0146983,0.00744023,0.0219564,854.188,170.324,1538.05,0.00940194,-0.0023528,0.0211567,0.071873,0.0627598,0.0809863,0.100562,0.0614013,0.139722,,,,,,,,,,,,
25000,0.8,value,G5,w-none.g-none.v-high,3,0.00503867,-0.00128376,0.0113611,0.00640301,0.000453185,0.0123528,0.00531209,-0.0112945,0.0219187,0.0053569,-0.0113267,0.0220405,0.00640301,0.000453185,0.0123528,0.00740625,-0.00102393,0.0158364,0.00360078,-0.00302402,0.0102256,6.0479,-2.23075,14.3265,34.2091,-39.898,108.316,0.00599264,-0.00600149,0.0179868,-0.0028094,-0.0766498,0.071031,-0.00010736,-0.0781016,0.0778869,0.513333,0.372566,0.654101,10.6631,-0.905204,22.2314,0.00531209,-0.0112945,0.0219187,0.0053569,-0.0113267,0.0220405,0.0146983,0.00744023,0.0219564,854.188,170.324,1538.05,0.00940194,-0.0023528,0.0211567,0.071873,0.0627598,0.0809863,0.100562,0.0614013,0.139722,0.12801,-0.257541,0.513561,0.133581,-0.267656,0.534818,0.956678,0.942322,0.971033,,,
25000,0.8,value,G5-G3 (paired bias),w-none.g-none.v-high,3,0.00503867,-0.00128376,0.0113611,,,,,,,,,,-0.00018735,-0.0197996,0.0194249,0.0236555,-0.00859985,0.0559108,0.0237804,-0.00589757,0.0534583,0.96198,0.740436,1.18352,10.0071,-13.9589,33.9731,,,,,,,,,,,,,,,,,,,,,,0.0146983,0.00744023,0.0219564,854.188,170.324,1538.05,0.00940194,-0.0023528,0.0211567,0.071873,0.0627598,0.0809863,0.100562,0.0614013,0.139722,,,,,,,,,,0.00659945,0.00126568,0.0119332
25000,0.8,likelihood,G1,biased,12,0.0361151,0.00839515,0.0638351,0.0197789,-0.0420074,0.0815653,17.0559,-0.196221,34.308,17.0581,-0.190327,34.3064,-23.1248,-88.9574,42.7078,91.6558,-74.2388,257.55,95.5043,-81.9967,273.005,1.0512,0.92715,1.17525,14.4538,2.94019,25.9674,0.00129483,-0.000308322,0.00289798,0.0466928,-0.0026662,0.0960518,0.0346634,-0.00922965,0.0785564,0.576944,0.50747,0.646419,667.733,-529.48,1864.95,2.41989e+07,-2.83812e+07,7.6779e+07,2.41891e+07,-2.83688e+07,7.6747e+07,0.0144628,0.00506424,0.0238614,2797.26,502.433,5092.08,0.00954007,-8.18103e-05,0.0191619,0.0660746,0.0617075,0.0704418,0.100559,0.0874796,0.113639,,,,,,,,,,,,
25000,0.8,likelihood,G2,biased,12,0.0361151,0.00839515,0.0638351,0.010013,-0.0663314,0.0863574,68.5255,-33.7305,170.782,68.531,-33.7349,170.797,27.0637,-35.9596,90.0869,215.753,-224.65,656.155,214.215,-221.735,650.165,0.882605,0.729941,1.03527,14.6269,2.17658,27.0773,0.000561231,-0.000138794,0.00126126,0.066384,0.0183306,0.114437,0.0683518,0.0142376,0.122466,0.618611,0.556729,0.680493,1113.57,-1036.3,3263.43,1.43231e+08,-1.71413e+08,4.57876e+08,1.43241e+08,-1.71425e+08,4.57908e+08,0.0144628,0.00506424,0.0238614,2797.26,502.433,5092.08,0.00954007,-8.18103e-05,0.0191619,0.0660746,0.0617075,0.0704418,0.100559,0.0874796,0.113639,,,,,,,,,,,,
25000,0.8,likelihood,G3,biased,12,0.0361151,0.00839515,0.0638351,0.015207,-0.0442089,0.0746228,32.2643,-11.5376,76.0663,32.2681,-11.5413,76.0775,29.9892,-31.6743,91.6527,148.374,-146.574,443.323,145.21,-143.244,433.665,0.904632,0.745651,1.06361,15.2904,2.76791,27.8128,0.000636801,-0.000100877,0.00137448,0.0434813,0.0117792,0.0751834,0.0417209,0.00740497,0.0760369,0.577778,0.523606,0.63195,945.669,-850.554,2741.89,6.30064e+07,-7.51405e+07,2.01153e+08,6.30159e+07,-7.51519e+07,2.01184e+08,0.0144628,0.00506424,0.0238614,2797.26,502.433,5092.08,0.00954007,-8.18103e-05,0.0191619,0.0660746,0.0617075,0.0704418,0.100559,0.0874796,0.113639,3.14166e+08,-2.93677e+08,9.2201e+08,2.71179e+08,-2.4112e+08,7.83477e+08,1.03373,0.970262,1.0972,,,
25000,0.8,likelihood,G4,biased,12,0.0361151,0.00839515,0.0638351,-0.00499832,-0.0140613,0.00406465,0.185974,0.0194755,0.352473,0.185843,0.0195067,0.35218,-4.06897,-12.9491,4.81112,8.12068,-6.25702,22.4984,9.20367,-7.63107,26.0384,1.00031,0.753931,1.24668,37.9023,18.7457,57.059,0.149001,0.00497841,0.293023,0.262781,0.114912,0.410649,0.277236,0.120359,0.434113,0.781111,0.653087,0.909136,136.095,-110.526,382.717,218472,-254473,691417,218279,-254242,690800,0.0144628,0.00506424,0.0238614,2797.26,502.433,5092.08,0.00954007,-8.18103e-05,0.0191619,0.0660746,0.0617075,0.0704418,0.100559,0.0874796,0.113639,,,,,,,,,,,,
25000,0.8,likelihood,G5,biased,12,0.0361151,0.00839515,0.0638351,0.0376306,0.0229248,0.0523365,0.191809,0.0201107,0.363508,0.193716,0.0211833,0.366249,12.9042,-9.10972,34.9182,16.0469,-11.8013,43.895,9.35636,-7.7442,26.4569,47.7902,-1.64226,97.2226,34.476,16.7928,52.1593,0.140667,-0.0350946,0.316429,0.105162,0.0231276,0.187196,0.109558,0.0210659,0.198051,0.663056,0.538616,0.787495,136.918,-110.885,384.721,225467,-262565,713499,226734,-264022,717490,0.0144628,0.00506424,0.0238614,2797.26,502.433,5092.08,0.00954007,-8.18103e-05,0.0191619,0.0660746,0.0617075,0.0704418,0.100559,0.0874796,0.113639,5.64751e+06,-6.53373e+06,1.78287e+07,5.91003e+06,-6.84628e+06,1.86663e+07,0.960842,0.941376,0.980309,,,
25000,0.8,likelihood,G5-G3 (paired bias),biased,12,0.0361151,0.00839515,0.0638351,,,,,,,,,,-16.3284,-60.1732,27.5163,142.244,-139.857,424.345,143.215,-142.186,428.615,1.05735,0.848812,1.2659,13.0893,2.7805,23.3982,,,,,,,,,,,,,,,,,,,,,,0.0144628,0.00506424,0.0238614,2797.26,502.433,5092.08,0.00954007,-8.18103e-05,0.0191619,0.0660746,0.0617075,0.0704418,0.100559,0.0874796,0.113639,,,,,,,,,,12.0305,-8.17816,32.2393
25000,0.8,mid,G1,biased,12,0.411067,0.345869,0.476264,-0.00529531,-0.0112731,0.000682451,0.0901433,-0.00267181,0.182958,0.0900446,-0.00264544,0.182735,-0.0195668,-0.0451716,0.00603788,0.0345368,0.00778672,0.0612868,0.0422336,0.00678678,0.0776803,0.914313,0.480953,1.34767,2.76173,1.76278,3.76068,18.956,5.97101,31.9411,0.862037,0.702662,1.02141,0.903333,0.78316,1.02351,0.956111,0.893787,1.01844,1.25533,0.90124,1.60942,1.39102,-0.679385,3.46143,1.38921,-0.677972,3.45638,0.192574,0.095428,0.28972,263.433,83.5882,443.277,0.182628,0.0800397,0.285217,0.0660746,0.0617075,0.0704418,0.0817536,0.0727864,0.0907209,,,,,,,,,,,,
25000,0.8,mid,G2,biased,12,0.411067,0.345869,0.476264,-0.00471937,-0.00981678,0.000378043,0.0710393,-0.000956612,0.143035,0.0709689,-0.000937604,0.142875,-0.0177994,-0.0383665,0.00276765,0.0312448,0.0066075,0.055882,0.0371816,0.00599576,0.0683673,1.14151,0.399273,1.88376,2.83339,1.74909,3.91769,25.7477,8.2935,43.2019,0.877977,0.733849,1.0221,0.915922,0.803969,1.02788,0.962778,0.910768,1.01479,1.22491,0.90908,1.54075,1.07725,-0.501628,2.65613,1.07601,-0.500924,2.65295,0.192574,0.095428,0.28972,263.433,83.5882,443.277,0.182628,0.0800397,0.285217,0.0660746,0.0617075,0.0704418,0.0817536,0.0727864,0.0907209,,,,,,,,,,,,
25000,0.8,mid,G3,biased,12,0.411067,0.345869,0.476264,-0.00408588,-0.00937118,0.00119941,0.0741977,-0.00464828,0.153044,0.0741299,-0.00462075,0.15288,-0.0163522,-0.0383561,0.00565176,0.0323693,0.00646872,0.0582698,0.0380215,0.00523683,0.0708063,1.11664,0.429514,1.80377,2.82294,1.77032,3.87556,24.9103,7.94,41.8805,0.871706,0.720593,1.02282,0.912115,0.797555,1.02667,0.956667,0.895564,1.01777,1.23376,0.900942,1.56658,1.16588,-0.595368,2.92713,1.16457,-0.594391,2.92352,0.192574,0.095428,0.28972,263.433,83.5882,443.277,0.182628,0.0800397,0.285217,0.0660746,0.0617075,0.0704418,0.0817536,0.0727864,0.0907209,27.1279,-11.9024,66.1583,28.3897,-12.3988,69.1782,0.957851,0.948034,0.967668,,,
25000,0.8,mid,G4,biased,12,0.411067,0.345869,0.476264,-0.000719333,-0.00173189,0.000293228,0.00176795,0.00131282,0.00222309,0.00176644,0.00131269,0.0022202,-0.0025247,-0.00547744,0.000428032,0.00536226,0.00379504,0.00692948,0.00652336,0.0042689,0.00877782,0.840801,0.505942,1.17566,2.0323,1.66377,2.40083,122.964,76.5177,169.411,0.996593,0.992765,1.00042,0.99706,0.993978,1.00014,1,1,1,1.00489,1.00075,1.00903,0.0162286,0.00300372,0.0294534,0.0162088,0.00300567,0.029412,0.192574,0.095428,0.28972,263.433,83.5882,443.277,0.182628,0.0800397,0.285217,0.0660746,0.0617075,0.0704418,0.0817536,0.0727864,0.0907209,,,,,,,,,,,,
25000,0.8,mid,G5,biased,12,0.411067,0.345869,0.476264,0.0337256,0.0160714,0.0513798,0.00220526,0.00160686,0.00280366,0.00405038,0.0020412,0.00605956,0.103829,0.0278434,0.179815,0.104347,0.0284793,0.180215,0.00726352,0.00474992,0.00977712,208.291,61.7218,354.861,2.19212,1.59411,2.79013,90.2931,51.579,129.007,0.986669,0.966367,1.00697,0.989485,0.974664,1.0043,0.999722,0.999111,1.00033,0.914394,0.852282,0.976507,0.0201316,0.00392731,0.0363359,0.0440226,-0.00369997,0.0917452,0.192574,0.095428,0.28972,263.433,83.5882,443.277,0.182628,0.0800397,0.285217,0.0660746,0.0617075,0.0704418,0.0817536,0.0727864,0.0907209,0.399219,0.080354,0.718084,0.443707,0.0807449,0.806668,0.918858,0.900409,0.937308,,,
25000,0.8,mid,G5-G3 (paired bias),biased,12,0.411067,0.345869,0.476264,,,,,,,,,,0.0985236,0.0301672,0.16688,0.105851,0.0308279,0.180873,0.0351208,0.00237916,0.0678624,26.6484,3.78804,49.5088,2.93518,1.86674,4.00361,,,,,,,,,,,,,,,,,,,,,,0.192574,0.095428,0.28972,263.433,83.5882,443.277,0.182628,0.0800397,0.285217,0.0660746,0.0617075,0.0704418,0.0817536,0.0727864,0.0907209,,,,,,,,,,0.105191,0.0290072,0.181374
25000,0.8,mid_greedy,G1,biased,12,0.119272,0.0691031,0.16944,-0.00857364,-0.0171572,9.8844e-06,0.26694,0.0296638,0.504217,0.266734,0.0296855,0.503782,-0.0681592,-0.148238,0.0119198,0.201673,0.123794,0.279553,0.219163,0.125074,0.313251,0.947256,0.633138,1.26137,5.4807,3.82892,7.13248,0.135949,0.0598442,0.212053,0.35226,0.25271,0.451811,0.460264,0.333462,0.587066,0.763611,0.705917,0.821305,2.75795,2.12998,3.38592,20.4402,-0.541092,41.4214,20.4265,-0.533499,41.3865,0.024503,0.0172859,0.0317201,737.123,557.701,916.544,0.0148687,0.00791,0.0218274,0.0660746,0.0617075,0.0704418,0.0880467,0.0785008,0.0975927,,,,,,,,,,,,
25000,0.8,mid_greedy,G2,biased,12,0.119272,0.0691031,0.16944,-0.00506887,-0.0134505,0.0033128,0.297668,0.0172978,0.578038,0.297548,0.017331,0.577765,-0.0336229,-0.0943243,0.0270786,0.200992,0.12919,0.272794,0.210246,0.136996,0.283495,0.923581,0.7755,1.07166,5.1497,3.19657,7.10284,0.123422,0.0611263,0.185717,0.39984,0.302693,0.496988,0.534821,0.418325,0.651317,0.783889,0.735158,0.83262,2.61448,2.07441,3.15455,16.9159,2.56007,31.2718,16.9117,2.56007,31.2633,0.024503,0.0172859,0.0317201,737.123,557.701,916.544,0.0148687,0.00791,0.0218274,0.0660746,0.0617075,0.0704418,0.0880467,0.0785008,0.0975927,,,,,,,,,,,,
25000,0.8,mid_greedy,G3,biased,12,0.119272,0.0691031,0.16944,0.00145672,-0.00491384,0.00782727,0.24058,0.0467697,0.434391,0.240599,0.0467947,0.434403,-0.00721289,-0.069319,0.0548932,0.200772,0.130263,0.27128,0.203126,0.12866,0.277591,1.00918,0.844044,1.17432,5.27,3.53498,7.00502,0.129415,0.069638,0.189192,0.386781,0.290383,0.483179,0.515954,0.400456,0.631451,0.774445,0.719808,0.829081,2.62754,2.06345,3.19162,16.1554,1.78792,30.5228,16.1531,1.79176,30.5145,0.024503,0.0172859,0.0317201,737.123,557.701,916.544,0.0148687,0.00791,0.0218274,0.0660746,0.0617075,0.0704418,0.0880467,0.0785008,0.0975927,277.42,13.3396,541.501,285.243,12.4561,558.03,0.978643,0.963671,0.993614,,,
25000,0.8,mid_greedy,G4,biased,12,0.119272,0.0691031,0.16944,-0.000622532,-0.0015029,0.000257836,0.00120801,0.00066832,0.00174769,0.00120714,0.000668703,0.00174557,-0.00559083,-0.0147925,0.00361079,0.0184207,0.0125087,0.0243328,0.0201537,0.0146063,0.0257011,0.928739,0.432125,1.42535,4.58248,3.43541,5.72955,13.8244,5.61287,22.0359,0.951737,0.919554,0.98392,0.963375,0.940409,0.986341,0.999445,0.99862,1.00027,1.04882,1.01914,1.07851,0.142815,0.0604404,0.225189,0.142757,0.0604788,0.225035,0.024503,0.0172859,0.0317201,737.123,557.701,916.544,0.0148687,0.00791,0.0218274,0.0660746,0.0617075,0.0704418,0.0880467,0.0785008,0.0975927,,,,,,,,,,,,
25000,0.8,mid_greedy,G5,biased,12,0.119272,0.0691031,0.16944,0.0357305,0.0194823,0.0519787,0.00146588,0.000754328,0.00217743,0.00334202,0.00115322,0.00553082,0.308636,0.236064,0.381209,0.309562,0.237086,0.382039,0.0216327,0.0159793,0.0272861,294.513,142.6,446.426,5.80491,4.38587,7.22394,6.96882,2.66734,11.2703,0.870806,0.813172,0.92844,0.901287,0.8573,0.945274,0.995556,0.989611,1.0015,0.846927,0.768771,0.925083,0.162164,0.0731831,0.251145,0.26938,0.164544,0.374216,0.024503,0.0172859,0.0317201,737.123,557.701,916.544,0.0148687,0.00791,0.0218274,0.0660746,0.0617075,0.0704418,0.0880467,0.0785008,0.0975927,3.3985,1.47898,5.31801,3.67262,1.66057,5.68467,0.912068,0.888759,0.935376,,,
25000,0.8,mid_greedy,G5-G3 (paired bias),biased,12,0.119272,0.0691031,0.16944,,,,,,,,,,0.278687,0.189917,0.367457,0.352685,0.251582,0.453788,0.198203,0.12326,0.273145,4.43899,1.86657,7.01142,5.16081,3.49642,6.8252,,,,,,,,,,,,,,,,,,,,,,0.024503,0.0172859,0.0317201,737.123,557.701,916.544,0.0148687,0.00791,0.0218274,0.0660746,0.0617075,0.0704418,0.0880467,0.0785008,0.0975927,,,,,,,,,,0.312249,0.239141,0.385356
25000,0.8,source,G1,biased,12,1,1,1,-0.00165435,-0.003726,0.000417304,0.00447437,0.00304673,0.00590201,0.00447114,0.0030475,0.00589478,-0.00165435,-0.003726,0.000417304,0.00296909,0.00184551,0.00409268,0.00376901,0.00321017,0.00432785,0.885203,0.0682259,1.70218,1.31683,1.26814,1.36553,263.211,206.777,319.645,0.99971,0.999623,0.999798,0.999721,0.999638,0.999804,1,1,1,1.00062,0.998518,1.00272,0.00447437,0.00304673,0.00590201,0.00447114,0.0030475,0.00589478,1,0.999999,1,1.00154,1.0001,1.00299,1,1,1,0.0660746,0.0617075,0.0704418,0.0660746,0.0617075,0.0704418,,,,,,,,,,,,
25000,0.8,source,G2,biased,12,1,1,1,-0.00136265,-0.00351669,0.000791386,0.00370047,0.00240099,0.00499996,0.00369698,0.00240311,0.00499086,-0.00136265,-0.00351669,0.000791386,0.00250191,0.00143534,0.00356847,0.00341018,0.00285273,0.00396762,0.930401,0.0322044,1.8286,1.29942,1.2558,1.34303,329.692,252.028,407.356,0.99977,0.999692,0.999847,0.999777,0.999704,0.999851,1,1,1,1.00087,0.999115,1.00263,0.00370047,0.00240099,0.00499996,0.00369698,0.00240311,0.00499086,1,0.999999,1,1.00154,1.0001,1.00299,1,1,1,0.0660746,0.0617075,0.0704418,0.0660746,0.0617075,0.0704418,,,,,,,,,,,,
25000,0.8,source,G3,biased,12,1,1,1,-0.00126039,-0.00343203,0.000911246,0.00379939,0.00246393,0.00513485,0.00379674,0.00246671,0.00512676,-0.00126039,-0.00343203,0.000911246,0.00272697,0.00166227,0.00379168,0.00345497,0.00288882,0.00402112,1.0058,0.0809815,1.93061,1.30225,1.25928,1.34522,321.355,245.35,397.36,0.999761,0.999679,0.999843,0.99977,0.999692,0.999847,1,1,1,1.00071,0.998788,1.00262,0.00379939,0.00246393,0.00513485,0.00379674,0.00246671,0.00512676,1,0.999999,1,1.00154,1.0001,1.00299,1,1,1,0.0660746,0.0617075,0.0704418,0.0660746,0.0617075,0.0704418,0.0894125,0.0589671,0.119858,0.0933811,0.0615546,0.125208,0.957139,0.949759,0.964519,,,
25000,0.8,source,G4,biased,12,1,1,1,-0.00122653,-0.00316531,0.000712265,0.00300406,0.00194962,0.0040585,0.00300122,0.00195135,0.0040511,-0.00122653,-0.00316531,0.000712265,0.00225837,0.00130267,0.00321406,0.00307259,0.00257036,0.00357482,0.930794,0.0361726,1.82542,1.29929,1.25576,1.34281,406.096,310.423,501.768,0.999814,0.999751,0.999876,0.999819,0.99976,0.999879,1,1,1,1.00077,0.999189,1.00235,0.00300406,0.00194962,0.0040585,0.00300122,0.00195135,0.0040511,1,0.999999,1,1.00154,1.0001,1.00299,1,1,1,0.0660746,0.0617075,0.0704418,0.0660746,0.0617075,0.0704418,,,,,,,,,,,,
25000,0.8,source,G5,biased,12,1,1,1,0.00264925,3.16194e-05,0.00526688,0.00338011,0.00217014,0.00459009,0.00340029,0.00218239,0.0046182,0.00264925,3.16194e-05,0.00526688,0.00485564,0.00299397,0.00671731,0.00325583,0.002714,0.00379766,2.66141,0.9266,4.39623,1.29151,1.24883,1.33418,364.37,277.539,451.201,0.999795,0.999726,0.999864,0.999802,0.999736,0.999868,1,1,1,1.00288,0.999862,1.0059,0.00338011,0.00217014,0.00459009,0.00340029,0.00218239,0.0046182,1,0.999999,1,1.00154,1.0001,1.00299,1,1,1,0.0660746,0.0617075,0.0704418,0.0660746,0.0617075,0.0704418,0.0725037,0.047845,0.0971623,0.0760574,0.0501079,0.102007,0.953333,0.946004,0.960661,,,
25000,0.8,source,G5-G3 (paired bias),biased,12,1,1,1,,,,,,,,,,0.00428266,0.00244601,0.00611931,0.0042943,0.00246064,0.00612796,0.000267053,0.000228129,0.000305977,326.847,108.906,544.789,1.38747,1.33089,1.44406,,,,,,,,,,,,,,,,,,,,,,1,0.999999,1,1.00154,1.0001,1.00299,1,1,1,0.0660746,0.0617075,0.0704418,0.0660746,0.0617075,0.0704418,,,,,,,,,,0.00429177,0.00251722,0.00606632
25000,0.8,value,G1,biased,12,0.00523297,0.00286424,0.0076017,0.000198662,-0.0231841,0.0235815,1.85727,-0.542998,4.25755,1.85758,-0.541998,4.25716,0.000198662,-0.0231841,0.0235815,0.0596357,0.0236979,0.0955735,0.0578567,0.0224693,0.0932441,1.13366,0.768776,1.49854,7.21926,3.85552,10.583,6.60651e-05,-0.000593355,0.000725485,0.0143759,-0.00702257,0.0357744,0.0136607,-0.0050351,0.0323566,0.541111,0.469795,0.612427,351.306,-173.499,876.111,1.85727,-0.542998,4.25755,1.85758,-0.541998,4.25716,0.00890449,0.00493246,0.0128765,3267.83,858.725,5676.94,0.00393962,0.00106556,0.00681367,0.0660746,0.0617075,0.0704418,0.113614,0.0947785,0.132449,,,,,,,,,,,,
25000,0.8,value,G2,biased,12,0.00523297,0.00286424,0.0076017,0.00988517,-0.0229054,0.0426758,298.229,-352.105,948.562,298.231,-352.106,948.568,0.00988517,-0.0229054,0.0426758,0.346412,-0.274604,0.967427,0.348442,-0.271497,0.968382,0.890605,0.739194,1.04202,8.08386,3.2481,12.9196,-0.000439771,-0.00108389,0.00020435,0.107058,0.00211609,0.212,0.116205,-0.0217596,0.254169,0.652778,0.565811,0.739745,452.918,-175.329,1081.16,298.229,-352.105,948.562,298.231,-352.106,948.568,0.00890449,0.00493246,0.0128765,3267.83,858.725,5676.94,0.00393962,0.00106556,0.00681367,0.0660746,0.0617075,0.0704418,0.113614,0.0947785,0.132449,,,,,,,,,,,,
25000,0.8,value,G3,biased,12,0.00523297,0.00286424,0.0076017,0.00568297,-0.0176619,0.0290278,92.6037,-106.406,291.613,92.604,-106.405,291.613,0.00568297,-0.0176619,0.0290278,0.214389,-0.126213,0.554992,0.214581,-0.12551,0.554673,1.05003,0.673227,1.42684,7.85468,3.31002,12.3993,-0.000315776,-0.000827053,0.000195501,0.0245993,-0.0089535,0.058152,0.0105822,-0.0113163,0.0324808,0.533333,0.484101,0.582565,402.931,-165.577,971.44,92.6037,-106.406,291.613,92.604,-106.405,291.613,0.00890449,0.00493246,0.0128765,3267.83,858.725,5676.94,0.00393962,0.00106556,0.00681367,0.0660746,0.0617075,0.0704418,0.113614,0.0947785,0.132449,128.635,-70.6156,327.886,39.4775,-14.9161,93.8711,18.2918,-19.515,56.0986,,,
25000,0.8,value,G4,biased,12,0.00523297,0.00286424,0.0076017,-0.000976503,-0.00173463,-0.00021838,0.00682719,0.00171533,0.0119391,0.00682544,0.00171485,0.011936,-0.000976503,-0.00173463,-0.00021838,0.00388502,0.00227193,0.00549812,0.00410916,0.00250105,0.00571728,0.853384,0.703582,1.00319,29.3719,15.2611,43.4826,0.0205796,-0.00469956,0.0458589,0.173892,0.0501851,0.297598,0.186804,0.0296475,0.34396,0.743611,0.632991,0.854231,37.4168,-4.36292,79.1966,0.00682719,0.00171533,0.0119391,0.00682544,0.00171485,0.011936,0.00890449,0.00493246,0.0128765,3267.83,858.725,5676.94,0.00393962,0.00106556,0.00681367,0.0660746,0.0617075,0.0704418,0.113614,0.0947785,0.132449,,,,,,,,,,,,
25000,0.8,value,G5,biased,12,0.00523297,0.00286424,0.0076017,0.0114912,0.00633026,0.0166521,0.00713314,0.00181318,0.0124531,0.00732566,0.00189768,0.0127536,0.0114912,0.00633026,0.0166521,0.0124318,0.00721688,0.0176468,0.00419898,0.00255383,0.00584413,13.4163,4.34967,22.483,28.7732,14.8245,42.7219,0.0214873,0.0040535,0.0389211,0.0140447,-0.0366591,0.0647485,0.00223349,-0.035638,0.040105,0.496389,0.406859,0.585919,38.6257,-4.85623,82.1076,0.00713314,0.00181318,0.0124531,0.00732566,0.00189768,0.0127536,0.00890449,0.00493246,0.0128765,3267.83,858.725,5676.94,0.00393962,0.00106556,0.00681367,0.0660746,0.0617075,0.0704418,0.113614,0.0947785,0.132449,0.156953,0.0443206,0.269586,0.163444,0.0464323,0.280456,0.959183,0.951388,0.966978,,,
25000,0.8,value,G5-G3 (paired bias),biased,12,0.00523297,0.00286424,0.0076017,,,,,,,,,,0.0073081,-0.0272009,0.0418171,0.213046,-0.128621,0.554714,0.213627,-0.126631,0.553884,0.951497,0.809285,1.09371,7.1507,3.14315,11.1583,,,,,,,,,,,,,,,,,,,,,,0.00890449,0.00493246,0.0128765,3267.83,858.725,5676.94,0.00393962,0.00106556,0.00681367,0.0660746,0.0617075,0.0704418,0.113614,0.0947785,0.132449,,,,,,,,,,0.0116296,0.00671685,0.0165423
25000,0.8,likelihood,G1,all,15,0.0289045,0.0059484,0.0518605,0.0166916,-0.0347535,0.0681368,14.3542,0.665932,28.0425,14.3563,0.670807,28.0418,2.77996,-926.317,931.877,978.967,-271.857,2229.79,934.443,-294.442,2163.33,1.08923,0.90551,1.27294,13.7678,4.56202,22.9736,0.00119681,-0.000144203,0.00253783,0.0384666,-0.000874539,0.0778077,0.030167,-0.00424359,0.0645776,0.564889,0.509235,0.620543,11343.1,-5489.77,28176,1.64076e+09,-1.02682e+09,4.30835e+09,1.64101e+09,-1.02497e+09,4.307e+09,0.0333974,0.00843507,0.0583597,2257.62,379.757,4135.49,0.0293594,0.00340875,0.0553101,0.0587335,0.0496632,0.0678039,0.087061,0.0685782,0.105544,,,,,,,,,,,,
25000,0.8,likelihood,G2,all,15,0.0289045,0.0059484,0.0518605,0.00658009,-0.0556357,0.0687958,55.3822,-25.0435,135.808,55.3867,-25.0466,135.82,52.4743,-804.328,909.277,986.489,-181.866,2154.84,940.35,-173.912,2054.61,0.918255,0.688195,1.14831,13.9904,4.0464,23.9345,0.000489487,-0.00035555,0.00133452,0.0528535,0.0126088,0.0930982,0.0545608,0.00982958,0.099292,0.594222,0.538588,0.649857,11296.4,-4497.3,27090.2,1.39887e+09,-6.51456e+08,3.44919e+09,1.39933e+09,-6.50142e+08,3.44881e+09,0.0333974,0.00843507,0.0583597,2257.62,379.757,4135.49,0.0293594,0.00340875,0.0553101,0.0587335,0.0496632,0.0678039,0.087061,0.0685782,0.105544,,,,,,,,,,,,
25000,0.8,likelihood,G3,all,15,0.0289045,0.0059484,0.0518605,0.0109239,-0.0393358,0.0611835,26.3745,-8.13415,60.8832,26.3777,-8.1367,60.8922,63.1322,-814.657,940.922,939.781,-223.594,2103.16,885.666,-212.861,1984.19,0.941339,0.700189,1.18249,14.5207,4.50873,24.5327,0.000568129,-0.000320547,0.0014568,0.0344466,0.00782839,0.0610647,0.0331112,0.00465439,0.0615681,0.560667,0.513899,0.607434,11180.3,-4642.82,27003.4,1.33712e+09,-7.2112e+08,3.39537e+09,1.33767e+09,-7.19748e+08,3.39508e+09,0.0333974,0.00843507,0.0583597,2257.62,379.757,4135.49,0.0293594,0.00340875,0.0553101,0.0587335,0.0496632,0.0678039,0.087061,0.0685782,0.105544,2.80402e+10,-1.68903e+10,7.29707e+10,2.93776e+10,-1.76335e+10,7.63886e+10,1.01899,0.966934,1.07105,,,
25000,0.8,likelihood,G4,all,15,0.0289045,0.0059484,0.0518605,-0.00778663,-0.0159527,0.000379436,0.238629,0.0842734,0.392985,0.23843,0.0842364,0.392624,-114.911,-293.791,63.97,241.811,-117.177,600.799,270.372,-130.129,670.873,0.94911,0.744305,1.15391,33.387,17.4808,49.2933,0.11903,0.00257664,0.235484,0.213558,0.0861254,0.340991,0.22416,0.0885372,0.359783,0.732222,0.618393,0.846051,4301.02,-2256.69,10858.7,1.6838e+08,-1.51949e+08,4.8871e+08,1.6827e+08,-1.51837e+08,4.88376e+08,0.0333974,0.00843507,0.0583597,2257.62,379.757,4135.49,0.0293594,0.00340875,0.0553101,0.0587335,0.0496632,0.0678039,0.087061,0.0685782,0.105544,,,,,,,,,,,,
25000,0.8,likelihood,G5,all,15,0.0289045,0.0059484,0.0518605,0.0261489,0.00855595,0.0437419,0.244057,0.0862314,0.401883,0.245483,0.0873504,0.403616,-107.402,-295.171,80.3669,246.846,-110.546,604.239,271.5,-130.882,673.881,38.3769,-1.30911,78.063,30.6566,16.0575,45.2556,0.11235,-0.0272676,0.251967,0.0872714,0.0206402,0.153903,0.0900295,0.0180567,0.162002,0.635556,0.534318,0.736793,4321.58,-2269.38,10912.5,1.69942e+08,-1.5369e+08,4.93575e+08,1.69825e+08,-1.53573e+08,4.93223e+08,0.0333974,0.00843507,0.0583597,2257.62,379.757,4135.49,0.0293594,0.00340875,0.0553101,0.0587335,0.0496632,0.0678039,0.087061,0.0685782,0.105544,3.79628e+09,-3.65324e+09,1.12458e+10,3.9585e+09,-3.83613e+09,1.17531e+10,0.964223,0.947976,0.98047,,,
25000,0.8,likelihood,G5-G3 (paired bias),all,15,0.0289045,0.0059484,0.0518605,,,,,,,,,,110.025,-666.94,886.99,781.2,-198.986,1761.39,694.969,-134.853,1524.79,1.08996,0.812866,1.36705,12.4817,4.28653,20.6769,,,,,,,,,,,,,,,,,,,,,,0.0333974,0.00843507,0.0583597,2257.62,379.757,4135.49,0.0293594,0.00340875,0.0553101,0.0587335,0.0496632,0.0678039,0.087061,0.0685782,0.105544,,,,,,,,,,13.8822,-2.77601,30.5404
25000,0.8,mid,G1,all,15,0.410416,0.358673,0.462159,-0.00457505,-0.00929192,0.000141823,0.0729484,-0.00141962,0.147316,0.0728683,-0.00140099,0.147138,-0.0164236,-0.0365683,0.00372098,0.0290128,0.00739227,0.0506333,0.0356175,0.0071989,0.0640361,0.860597,0.50946,1.21174,2.52332,1.70388,3.34277,23.7622,11.8267,35.6977,0.889052,0.762086,1.01602,0.92215,0.826833,1.01747,0.964889,0.915698,1.01408,1.20571,0.926291,1.48512,1.11795,-0.511954,2.74786,1.11649,-0.510887,2.74387,0.22592,0.140454,0.311387,217.584,69.0287,366.138,0.217867,0.127719,0.308015,0.0587335,0.0496632,0.0678039,0.0713977,0.0576514,0.0851441,,,,,,,,,,,,
25000,0.8,mid,G2,all,15,0.410416,0.358673,0.462159,-0.00398378,-0.00802653,5.89684e-05,0.0574602,-0.000300428,0.115221,0.0574034,-0.000286571,0.115093,-0.0147119,-0.0310155,0.00159167,0.0263902,0.00655706,0.0462233,0.0313336,0.00632214,0.056345,1.07503,0.493807,1.65625,2.57827,1.69037,3.46617,32.3585,15.9549,48.7621,0.901962,0.787267,1.01666,0.932357,0.843835,1.02088,0.970222,0.929144,1.0113,1.18152,0.932491,1.43055,0.865697,-0.377993,2.10939,0.864705,-0.377461,2.10687,0.22592,0.140454,0.311387,217.584,69.0287,366.138,0.217867,0.127719,0.308015,0.0587335,0.0496632,0.0678039,0.0713977,0.0576514,0.0851441,,,,,,,,,,,,
25000,0.8,mid,G3,all,15,0.410416,0.358673,0.462159,-0.00360044,-0.007727,0.000526116,0.0599857,-0.00307115,0.123042,0.0599307,-0.00305111,0.122912,-0.0139118,-0.0311485,0.00332496,0.0272066,0.00633888,0.0480743,0.0320044,0.00575071,0.0582582,1.03838,0.497905,1.57885,2.57085,1.70719,3.43451,31.6818,15.5016,47.862,0.896943,0.776664,1.01722,0.929306,0.838632,1.01998,0.965333,0.917092,1.01357,1.1885,0.926184,1.45081,0.936594,-0.449273,2.32246,0.935537,-0.448534,2.31961,0.22592,0.140454,0.311387,217.584,69.0287,366.138,0.217867,0.127719,0.308015,0.0587335,0.0496632,0.0678039,0.0713977,0.0576514,0.0851441,21.7912,-8.97735,52.5598,22.8048,-9.35152,54.9611,0.957642,0.949936,0.965348,,,
25000,0.8,mid,G4,all,15,0.410416,0.358673,0.462159,-0.000637967,-0.00143892,0.000162981,0.0016068,0.00120664,0.00200697,0.00160553,0.00120643,0.00200464,-0.00216286,-0.00450468,0.000178958,0.00512808,0.00386715,0.00638901,0.0061024,0.00428912,0.00791568,0.849899,0.587872,1.11193,1.93223,1.62214,2.24233,134.715,94.1856,175.244,0.997154,0.994126,1.00018,0.997531,0.995088,0.999973,1,1,1,1.00478,1.00156,1.00799,0.0141738,0.00368175,0.0246658,0.0141577,0.00368291,0.0246324,0.22592,0.140454,0.311387,217.584,69.0287,366.138,0.217867,0.127719,0.308015,0.0587335,0.0496632,0.0678039,0.0713977,0.0576514,0.0851441,,,,,,,,,,,,
25000,0.8,mid,G5,all,15,0.410416,0.358673,0.462159,0.0269374,0.0112318,0.0426431,0.00199231,0.00146582,0.00251879,0.00346839,0.00177766,0.00515912,0.0829547,0.0195556,0.146354,0.0844034,0.0214871,0.14732,0.00677273,0.00474383,0.00880163,166.817,44.0024,289.631,2.05632,1.56701,2.54563,103.16,67.7388,138.582,0.989194,0.973244,1.00514,0.991451,0.979781,1.00312,0.999778,0.999301,1.00025,0.932484,0.880206,0.984762,0.0175193,0.00463833,0.0304003,0.0366321,-0.00120153,0.0744657,0.22592,0.140454,0.311387,217.584,69.0287,366.138,0.217867,0.127719,0.308015,0.0587335,0.0496632,0.0678039,0.0713977,0.0576514,0.0851441,0.347506,0.0939242,0.601088,0.384386,0.0956455,0.673126,0.92646,0.909741,0.943179,,,
25000,0.8,mid,G5-G3 (paired bias),all,15,0.410416,0.358673,0.462159,,,,,,,,,,0.0782094,0.0204905,0.135928,0.0853104,0.0227485,0.147872,0.0289925,0.00273857,0.0552465,21.4292,2.78152,40.0768,2.67807,1.80079,3.55536,,,,,,,,,,,,,,,,,,,,,,0.22592,0.140454,0.311387,217.584,69.0287,366.138,0.217867,0.127719,0.308015,0.0587335,0.0496632,0.0678039,0.0713977,0.0576514,0.0851441,,,,,,,,,,0.0839209,0.0202117,0.14763
25000,0.8,mid_greedy,G1,all,15,0.0954682,0.0480657,0.142871,-0.00705191,-0.0139375,-0.000166346,0.220905,0.0299066,0.411903,0.220739,0.0299226,0.411555,-1.13952,-4.13519,1.85615,7.05965,-2.30926,16.4286,7.43001,-2.21707,17.0771,0.931049,0.686137,1.17596,15.0554,2.56519,27.5455,0.108672,0.0420772,0.175268,0.282827,0.172139,0.393515,0.369936,0.227385,0.512488,0.719111,0.651271,0.786951,123.784,-38.9454,286.513,101533,-53113.7,256180,101511,-53123.2,256146,0.0418227,0.0189734,0.0646721,609.086,406.424,811.748,0.0340323,0.00932701,0.0587377,0.0587335,0.0496632,0.0678039,0.0770486,0.0624403,0.0916569,,,,,,,,,,,,
25000,0.8,mid_greedy,G2,all,15,0.0954682,0.0480657,0.142871,-0.00373448,-0.0104402,0.0029712,0.243781,0.0184214,0.46914,0.243687,0.0184498,0.468925,0.975511,-2.13265,4.08368,6.80654,-2.15894,15.772,6.57845,-1.91719,15.0741,0.942702,0.822464,1.06294,14.7482,2.06712,27.4292,0.0987603,0.0429419,0.154579,0.321324,0.204111,0.438537,0.42894,0.277814,0.580067,0.730444,0.65772,0.803169,109.917,-33.864,253.698,78881,-39806.9,197569,78908.9,-39833.7,197652,0.0418227,0.0189734,0.0646721,609.086,406.424,811.748,0.0340323,0.00932701,0.0587377,0.0587335,0.0496632,0.0678039,0.0770486,0.0624403,0.0916569,,,,,,,,,,,,
25000,0.8,mid_greedy,G3,all,15,0.0954682,0.0480657,0.142871,0.00156129,-0.00342147,0.00654406,0.198133,0.0405259,0.35574,0.19815,0.0405474,0.355753,1.37499,-1.65831,4.4083,6.8317,-2.15676,15.8202,6.58646,-1.92648,15.0994,1.01215,0.881349,1.14295,14.7971,2.17405,27.4202,0.103559,0.0486812,0.158436,0.310919,0.196402,0.425437,0.414097,0.267113,0.561081,0.722667,0.649308,0.796025,110.183,-33.9021,254.268,79181.1,-39951.3,198314,79209.7,-39977.4,198397,0.0418227,0.0189734,0.0646721,609.086,406.424,811.748,0.0340323,0.00932701,0.0587377,0.0587335,0.0496632,0.0678039,0.0770486,0.0624403,0.0916569,1.79884e+06,-848660,4.44633e+06,1.87364e+06,-881692,4.62897e+06,0.974352,0.961741,0.986964,,,
25000,0.8,mid_greedy,G4,all,15,0.0954682,0.0480657,0.142871,-0.000420338,-0.00120691,0.00036623,0.00200074,0.000315872,0.00368561,0.0020003,0.000314949,0.00368566,0.170805,-1.03363,1.37524,2.78631,-0.892507,6.46513,2.75142,-0.82868,6.33152,0.94391,0.559335,1.32849,13.8015,2.07952,25.5236,11.0595,3.96768,18.1514,0.76341,0.546073,0.980747,0.773036,0.554086,0.991987,0.904445,0.795495,1.01339,47.7963,-13.626,109.219,13973.4,-7513.58,35460.3,13975.7,-7517.29,35468.8,0.0418227,0.0189734,0.0646721,609.086,406.424,811.748,0.0340323,0.00932701,0.0587377,0.0587335,0.0496632,0.0678039,0.0770486,0.0624403,0.0916569,,,,,,,,,,,,
25000,0.8,mid_greedy,G5,all,15,0.0954682,0.0480657,0.142871,0.0286888,0.0137607,0.043617,0.00221714,0.000508365,0.00392591,0.00371835,0.0014995,0.00593719,0.526924,-0.665851,1.7197,3.04802,-0.608959,6.70499,2.76555,-0.831703,6.3628,235.814,100.525,371.103,14.7361,3.31241,26.1598,5.57509,1.88768,9.26251,0.698636,0.496287,0.900984,0.722994,0.515777,0.930211,0.900444,0.791222,1.00967,47.8582,-13.9078,109.624,14109.2,-7589.66,35808.1,14112.2,-7593.49,35817.9,0.0418227,0.0189734,0.0646721,609.086,406.424,811.748,0.0340323,0.00932701,0.0587377,0.0587335,0.0496632,0.0678039,0.0770486,0.0624403,0.0916569,321166,-166054,808385,334280,-172917,841478,0.921706,0.900575,0.942837,,,
25000,0.8,mid_greedy,G5-G3 (paired bias),all,15,0.0954682,0.0480657,0.142871,,,,,,,,,,0.640109,-1.56315,2.84336,4.83273,-1.33315,10.9986,4.59759,-1.33657,10.5318,3.74648,1.606,5.88696,13.517,1.48898,25.545,,,,,,,,,,,,,,,,,,,,,,0.0418227,0.0189734,0.0646721,609.086,406.424,811.748,0.0340323,0.00932701,0.0587377,0.0587335,0.0496632,0.0678039,0.0770486,0.0624403,0.0916569,,,,,,,,,,0.298207,0.212411,0.384004
25000,0.8,source,G1,all,15,1,1,1,-0.00138827,-0.00318469,0.000408147,0.004068,0.00286743,0.00526857,0.0040656,0.00286812,0.00526309,-0.00138827,-0.00318469,0.000408147,0.00286233,0.00187436,0.00385031,0.00358442,0.00310078,0.00406807,0.909207,0.21712,1.60129,1.30322,1.25893,1.34752,294.527,235.894,353.16,0.999743,0.999665,0.99982,0.999752,0.999679,0.999826,1,1,1,1.00095,0.999214,1.00269,0.004068,0.00286743,0.00526857,0.0040656,0.00286812,0.00526309,1,0.999999,1,1.00152,1.00029,1.00274,1,1,1,0.0587335,0.0496632,0.0678039,0.0587335,0.0496632,0.0678039,,,,,,,,,,,,
25000,0.8,source,G2,all,15,1,1,1,-0.00102753,-0.00292134,0.000866287,0.00333061,0.00223785,0.00442338,0.00332883,0.0022406,0.00441705,-0.00102753,-0.00292134,0.000866287,0.0025205,0.00153436,0.00350664,0.00322316,0.00273904,0.00370728,1.05875,0.214131,1.90337,1.28714,1.24629,1.328,375.464,292.12,458.807,0.999797,0.999729,0.999865,0.999804,0.999739,0.999869,1,1,1,1.00117,0.999651,1.0027,0.00333061,0.00223785,0.00442338,0.00332883,0.0022406,0.00441705,1,0.999999,1,1.00152,1.00029,1.00274,1,1,1,0.0587335,0.0496632,0.0678039,0.0587335,0.0496632,0.0678039,,,,,,,,,,,,
25000,0.8,source,G3,all,15,1,1,1,-0.000948061,-0.0028509,0.000954783,0.00341099,0.00228451,0.00453747,0.00340987,0.00228775,0.00453199,-0.000948061,-0.0028509,0.000954783,0.00269921,0.0017123,0.00368612,0.0032599,0.00276579,0.00375401,1.11991,0.258132,1.98169,1.28959,1.24891,1.33027,368.309,285.133,451.484,0.99979,0.999718,0.999862,0.999797,0.999729,0.999866,1,1,1,1.00104,0.999397,1.00268,0.00341099,0.00228451,0.00453747,0.00340987,0.00228775,0.00453199,1,0.999999,1,1.00152,1.00029,1.00274,1,1,1,0.0587335,0.0496632,0.0678039,0.0587335,0.0496632,0.0678039,0.0802018,0.054366,0.106038,0.0838004,0.0568192,0.110782,0.956236,0.949868,0.962604,,,
25000,0.8,source,G4,all,15,1,1,1,-0.000923825,-0.00262894,0.000781292,0.00270359,0.00181672,0.00359045,0.00270214,0.00181897,0.0035853,-0.000923825,-0.00262894,0.000781292,0.00227487,0.00138967,0.00316008,0.00290392,0.00246766,0.00334017,1.06006,0.217146,1.90297,1.28701,1.24621,1.32781,462.537,359.8,565.274,0.999836,0.999781,0.999891,0.999841,0.999788,0.999893,1,1,1,1.00104,0.999673,1.00242,0.00270359,0.00181672,0.00359045,0.00270214,0.00181897,0.0035853,1,0.999999,1,1.00152,1.00029,1.00274,1,1,1,0.0587335,0.0496632,0.0678039,0.0587335,0.0496632,0.0678039,,,,,,,,,,,,
25000,0.8,source,G5,all,15,1,1,1,0.0021481,-8.53752e-05,0.00438157,0.00303327,0.00201502,0.00405151,0.00305013,0.00202461,0.00407564,0.0021481,-8.53752e-05,0.00438157,0.00435231,0.0027279,0.00597672,0.00307151,0.00259996,0.00354305,2.41335,0.977724,3.84897,1.27951,1.23972,1.31929,416.824,322.959,510.69,0.99982,0.999759,0.999881,0.999826,0.999767,0.999884,1,1,1,1.00269,1.00027,1.0051,0.00303327,0.00201502,0.00405151,0.00305013,0.00202461,0.00407564,1,0.999999,1,1.00152,1.00029,1.00274,1,1,1,0.0587335,0.0496632,0.0678039,0.0587335,0.0496632,0.0678039,0.0650346,0.0441055,0.0859638,0.0682486,0.0462514,0.0902458,0.952492,0.946197,0.958786,,,
25000,0.8,source,G5-G3 (paired bias),all,15,1,1,1,,,,,,,,,,0.00350728,0.00183278,0.00518177,0.00352533,0.00185669,0.00519396,0.000252128,0.000217381,0.000286875,262.569,78.7722,446.366,1.36802,1.3137,1.42233,,,,,,,,,,,,,,,,,,,,,,1,0.999999,1,1.00152,1.00029,1.00274,1,1,1,0.0587335,0.0496632,0.0678039,0.0587335,0.0496632,0.0678039,,,,,,,,,,0.00346252,0.00179303,0.00513202
25000,0.8,value,G1,all,15,0.00423299,0.00207351,0.00639247,-0.0004301,-0.0185121,0.0176519,1.49361,-0.40711,3.39433,1.49385,-0.40636,3.39407,-0.0004301,-0.0185121,0.0176519,0.0495073,0.0193698,0.0796449,0.0482015,0.0186636,0.0777394,1.07306,0.781722,1.3644,16.1665,4.124,28.209,-5.82406e-05,-0.000593338,0.000476857,0.0126644,-0.00398702,0.0293159,0.0132806,-0.00128946,0.0278506,0.541556,0.486086,0.597025,422.04,-6.46086,850.54,1.49361,-0.40711,3.39433,1.49385,-0.40636,3.39407,0.0292873,0.00374675,0.0548279,2633.66,635.395,4631.93,0.0252281,-0.00122078,0.0516769,0.0587335,0.0496632,0.0678039,0.0975024,0.0739873,0.121018,,,,,,,,,,,,
25000,0.8,value,G2,all,15,0.00423299,0.00207351,0.00639247,0.00781652,-0.0176287,0.0332618,238.589,-268.477,745.655,238.59,-268.479,745.66,0.00781652,-0.0176287,0.0332618,0.278795,-0.207214,0.764804,0.280436,-0.204824,0.765696,0.90245,0.783925,1.02098,16.759,4.58286,28.9352,-0.000376191,-0.000880087,0.000127705,0.0870266,0.00274859,0.171305,0.0945649,-0.0148835,0.204013,0.627111,0.553681,0.700542,486.838,-9.77963,983.455,238.589,-268.477,745.655,238.59,-268.479,745.66,0.0292873,0.00374675,0.0548279,2633.66,635.395,4631.93,0.0252281,-0.00122078,0.0516769,0.0587335,0.0496632,0.0678039,0.0975024,0.0739873,0.121018,,,,,,,,,,,,
25000,0.8,value,G3,all,15,0.00423299,0.00207351,0.00639247,0.00433259,-0.0137696,0.0224348,74.0889,-81.1203,229.298,74.0892,-81.12,229.298,0.00433259,-0.0137696,0.0224348,0.17318,-0.0941742,0.440534,0.173352,-0.0936178,0.440321,1.03069,0.738472,1.3229,16.4915,4.40527,28.5778,-0.000274118,-0.000672797,0.00012456,0.021117,-0.00515345,0.0473874,0.0102648,-0.00677325,0.0273028,0.531333,0.493107,0.569559,447.185,-5.64794,900.019,74.0889,-81.1203,229.298,74.0892,-81.12,229.298,0.0292873,0.00374675,0.0548279,2633.66,635.395,4631.93,0.0252281,-0.00122078,0.0516769,0.0587335,0.0496632,0.0678039,0.0975024,0.0739873,0.121018,103.047,-53.6611,259.754,31.7265,-11.2266,74.6796,14.8251,-14.6529,44.303,,,
25000,0.8,value,G4,all,15,0.00423299,0.00207351,0.00639247,-0.00067351,-0.00143976,9.27395e-05,0.00655335,0.00233279,0.0107739,0.00655227,0.00233245,0.0107721,-0.00067351,-0.00143976,9.27395e-05,0.00385324,0.00245755,0.00524893,0.00401347,0.00264056,0.00538639,0.885297,0.761708,1.00889,33.3599,20.5909,46.1289,0.0164925,-0.00359213,0.0365772,0.141154,0.0384675,0.24384,0.15078,0.0225221,0.279037,0.698889,0.599087,0.798691,84.1877,9.50685,158.868,0.00655335,0.00233279,0.0107739,0.00655227,0.00233245,0.0107721,0.0292873,0.00374675,0.0548279,2633.66,635.395,4631.93,0.0252281,-0.00122078,0.0516769,0.0587335,0.0496632,0.0678039,0.0975024,0.0739873,0.121018,,,,,,,,,,,,
25000,0.8,value,G5,all,15,0.00423299,0.00207351,0.00639247,0.00932022,0.00460661,0.0140338,0.0068081,0.00242765,0.0111885,0.00696249,0.00249953,0.0114255,0.00932022,0.00460661,0.0140338,0.0106984,0.00616165,0.0152351,0.00408859,0.00268717,0.00549,10.9384,3.37951,18.4973,32.8419,20.1599,45.5238,0.0172286,0.0029017,0.0315554,0.0133136,-0.02589,0.0525172,0.00294386,-0.0263488,0.0322365,0.502667,0.433032,0.572301,85.3988,10.0313,160.766,0.0068081,0.00242765,0.0111885,0.00696249,0.00249953,0.0114255,0.0292873,0.00374675,0.0548279,2633.66,635.395,4631.93,0.0252281,-0.00122078,0.0516769,0.0587335,0.0496632,0.0678039,0.0975024,0.0739873,0.121018,0.150629,0.0569931,0.244265,0.156846,0.0595417,0.25415,0.959384,0.953343,0.965425,,,
25000,0.8,value,G5-G3 (paired bias),all,15,0.00423299,0.00207351,0.00639247,,,,,,,,,,0.0055293,-0.0212108,0.0322694,0.17154,-0.0966819,0.439763,0.172052,-0.0951123,0.439217,0.938217,0.8256,1.05083,14.7048,3.19571,26.2138,,,,,,,,,,,,,,,,,,,,,,0.0292873,0.00374675,0.0548279,2633.66,635.395,4631.93,0.0252281,-0.00122078,0.0516769,0.0587335,0.0496632,0.0678039,0.0975024,0.0739873,0.121018,,,,,,,,,,0.00931381,0.00468196,0.0139456
25000,0.8,likelihood,G1,anime (biased),4,0.0157978,-0.00945734,0.0410529,-0.0320088,-0.21043,0.146413,31.3683,-36.9623,99.6989,31.3592,-36.9413,99.6598,-86.2409,-363.571,191.089,232.973,-489.653,955.599,248.864,-524.666,1022.39,0.987524,0.851461,1.12359,22.3129,-21.866,66.4919,0.000304449,-0.000819376,0.00142827,0.0201426,0.00311961,0.0371656,0.0198589,0.0103887,0.029329,0.558333,0.524096,0.592571,1693.81,-3521.57,6909.19,7.1751e+07,-1.56554e+08,3.00057e+08,7.17208e+07,-1.56488e+08,2.9993e+08,0.0179974,-0.0184644,0.0544591,2024.03,-1062.53,5110.6,0.0144788,-0.0231736,0.0521313,0.0617484,0.0538601,0.0696367,0.0896402,0.0705394,0.108741,,,,,,,,,,,,
25000,0.8,likelihood,G2,anime (biased),4,0.0157978,-0.00945734,0.0410529,0.0340627,-0.150392,0.218517,144.94,-290.181,580.06,144.947,-290.205,580.1,84.7492,-185.404,354.903,607.601,-1310.19,2525.39,601.642,-1297.05,2500.33,1.00319,0.889596,1.11678,23.9332,-22.0633,69.9296,0.000431569,-0.000820772,0.00168391,0.0210896,-0.00442907,0.0466082,0.0220184,-0.00210202,0.0461388,0.565833,0.499816,0.63185,2998.63,-6371.88,12369.1,4.28944e+08,-9.36119e+08,1.79401e+09,4.28974e+08,-9.36185e+08,1.79413e+09,0.0179974,-0.0184644,0.0544591,2024.03,-1062.53,5110.6,0.0144788,-0.0231736,0.0521313,0.0617484,0.0538601,0.0696367,0.0896402,0.0705394,0.108741,,,,,,,,,,,,
25000,0.8,likelihood,G3,anime (biased),4,0.0157978,-0.00945734,0.0410529,0.035329,-0.139972,0.21063,67.8735,-119.429,255.176,67.8815,-119.451,255.214,84.2785,-184.661,353.218,409.011,-876.002,1694.02,400.144,-856.51,1656.8,1.00668,0.940674,1.07268,24.0355,-23.7502,71.8211,0.000445742,-0.000783346,0.00167483,0.0154461,-0.0140235,0.0449157,0.0137122,-0.0213882,0.0488126,0.545,0.446196,0.643804,2513.87,-5314.42,10342.2,1.88365e+08,-4.11064e+08,7.87794e+08,1.88393e+08,-4.11126e+08,7.87913e+08,0.0179974,-0.0184644,0.0544591,2024.03,-1062.53,5110.6,0.0144788,-0.0231736,0.0521313,0.0617484,0.0538601,0.0696367,0.0896402,0.0705394,0.108741,8.31543e+08,-1.81405e+09,3.47714e+09,6.99753e+08,-1.5264e+09,2.9259e+09,1.02001,0.840656,1.19936,,,
25000,0.8,likelihood,G4,anime (biased),4,0.0157978,-0.00945734,0.0410529,-0.00632177,-0.0287993,0.0161557,0.224255,-0.424583,0.873092,0.224069,-0.424174,0.872312,-12.022,-50.2586,26.2145,20.1933,-42.5611,82.9477,23.5535,-49.8754,96.9823,0.993074,0.551299,1.43485,62.1431,15.1227,109.163,0.138942,-0.286364,0.564248,0.193978,-0.242859,0.630815,0.196461,-0.24919,0.642111,0.749167,0.403998,1.09434,346.283,-729.189,1421.76,645559,-1.40858e+06,2.6997e+06,644981,-1.40732e+06,2.69729e+06,0.0179974,-0.0184644,0.0544591,2024.03,-1062.53,5110.6,0.0144788,-0.0231736,0.0521313,0.0617484,0.0538601,0.0696367,0.0896402,0.0705394,0.108741,,,,,,,,,,,,
25000,0.8,likelihood,G5,anime (biased),4,0.0157978,-0.00945734,0.0410529,0.0338608,-0.011391,0.0791126,0.231498,-0.437923,0.900919,0.233251,-0.439372,0.905874,31.2301,-65.0328,127.493,39.3957,-82.3247,161.116,23.9287,-50.6598,98.5173,48.4235,-96.5902,193.437,56.1497,9.2007,103.099,0.0826061,-0.169323,0.334536,0.029721,-0.056806,0.116248,0.0301883,-0.0551562,0.115533,0.5725,0.368523,0.776477,348.036,-732.632,1428.7,666159,-1.45353e+06,2.78585e+06,669880,-1.46165e+06,2.80141e+06,0.0179974,-0.0184644,0.0544591,2024.03,-1062.53,5110.6,0.0144788,-0.0231736,0.0521313,0.0617484,0.0538601,0.0696367,0.0896402,0.0705394,0.108741,1.66314e+07,-3.62892e+07,6.9552e+07,1.74157e+07,-3.80006e+07,7.28319e+07,0.947934,0.91947,0.976397,,,
25000,0.8,likelihood,G5-G3 (paired bias),anime (biased),4,0.0157978,-0.00945734,0.0410529,,,,,,,,,,-57.9413,-245.174,129.292,391.56,-837.389,1620.51,395.733,-847.492,1638.96,1.20931,0.656706,1.76191,20.3177,-18.3929,59.0283,,,,,,,,,,,,,,,,,,,,,,0.0179974,-0.0184644,0.0544591,2024.03,-1062.53,5110.6,0.0144788,-0.0231736,0.0521313,0.0617484,0.0538601,0.0696367,0.0896402,0.0705394,0.108741,,,,,,,,,,28.8077,-59.5152,117.131
25000,0.8,mid,G1,anime (biased),4,0.416081,0.262545,0.569616,-0.00396279,-0.0160395,0.00811395,0.104368,-0.118592,0.327328,0.104319,-0.118505,0.327143,-0.0118187,-0.0507864,0.0271491,0.0400213,-0.0269297,0.106972,0.043686,-0.0284098,0.115782,0.755127,0.246127,1.26413,2.40697,1.01934,3.7946,15.546,-11.3592,42.4512,0.819644,0.373582,1.26571,0.886709,0.594085,1.17933,0.941667,0.769877,1.11346,1.22116,0.694274,1.74805,1.03443,-1.52604,3.59489,1.03391,-1.52491,3.59273,0.168725,-0.0866674,0.424117,309.584,-216.624,835.792,0.162005,-0.105086,0.429097,0.0617484,0.0538601,0.0696367,0.0743274,0.0636412,0.0850136,,,,,,,,,,,,
25000,0.8,mid,G2,anime (biased),4,0.416081,0.262545,0.569616,-0.00626158,-0.0202903,0.00776712,0.0805498,-0.0935581,0.254658,0.0804541,-0.0933958,0.254304,-0.0196325,-0.0663398,0.0270748,0.031554,-0.0153325,0.0784405,0.0382312,-0.025658,0.10212,0.860189,0.441224,1.27915,2.48329,1.09373,3.87285,21.4769,-16.1236,59.0773,0.844208,0.453338,1.23508,0.910209,0.679002,1.14142,0.948333,0.794332,1.10233,1.19075,0.717187,1.66431,0.801209,-1.19679,2.79921,0.800185,-1.19487,2.79524,0.168725,-0.0866674,0.424117,309.584,-216.624,835.792,0.162005,-0.105086,0.429097,0.0617484,0.0538601,0.0696367,0.0743274,0.0636412,0.0850136,,,,,,,,,,,,
25000,0.8,mid,G3,anime (biased),4,0.416081,0.262545,0.569616,-0.00556074,-0.0175903,0.00646878,0.0851452,-0.103584,0.273874,0.085074,-0.103469,0.273617,-0.0171983,-0.0568978,0.0225012,0.0344143,-0.0209673,0.0897959,0.0391445,-0.0273973,0.105686,0.882119,0.421458,1.34278,2.48808,1.06041,3.91576,20.9209,-15.553,57.3947,0.834916,0.422329,1.2475,0.905322,0.662216,1.14843,0.943334,0.776839,1.10983,1.19569,0.713389,1.67799,0.853154,-1.31321,3.01952,0.852403,-1.31184,3.01665,0.168725,-0.0866674,0.424117,309.584,-216.624,835.792,0.162005,-0.105086,0.429097,0.0617484,0.0538601,0.0696367,0.0743274,0.0636412,0.0850136,19.99,-33.6997,73.6797,20.8747,-35.3542,77.1035,0.960136,0.942263,0.978009,,,
25000,0.8,mid,G4,anime (biased),4,0.416081,0.262545,0.569616,-0.0010661,-0.00446436,0.00233216,0.002101,0.000937515,0.0032645,0.0020987,0.00094014,0.00325726,-0.00314474,-0.0117772,0.00548768,0.0051822,0.00180106,0.00856334,0.00676103,0.00220423,0.0113178,0.761459,-0.425716,1.94863,2.08121,1.56325,2.59918,99.1713,7.96386,190.379,0.997172,0.992444,1.0019,0.997443,0.99342,1.00147,1,1,1,1.00406,1.00056,1.00757,0.0155587,-0.00602113,0.0371385,0.0155371,-0.00599291,0.0370671,0.168725,-0.0866674,0.424117,309.584,-216.624,835.792,0.162005,-0.105086,0.429097,0.0617484,0.0538601,0.0696367,0.0743274,0.0636412,0.0850136,,,,,,,,,,,,
25000,0.8,mid,G5,anime (biased),4,0.416081,0.262545,0.569616,0.0310418,-0.00319012,0.0652737,0.0027105,0.00109769,0.00432331,0.0040212,0.000189826,0.00785257,0.0862129,-0.036482,0.208908,0.0867944,-0.0354449,0.209034,0.00768838,0.00233817,0.0130386,122.26,-29.0708,273.59,2.15347,1.35837,2.94858,71.0611,-2.54393,144.666,0.992501,0.975889,1.00911,0.993136,0.978191,1.00808,1,1,1,0.934232,0.839905,1.02856,0.020277,-0.0086537,0.0492076,0.0321688,-0.0235896,0.0879272,0.168725,-0.0866674,0.424117,309.584,-216.624,835.792,0.162005,-0.105086,0.429097,0.0617484,0.0538601,0.0696367,0.0743274,0.0636412,0.0850136,0.394603,-0.140849,0.930055,0.43132,-0.171712,1.03435,0.927579,0.889804,0.965354,,,
25000,0.8,mid,G5-G3 (paired bias),anime (biased),4,0.416081,0.262545,0.569616,,,,,,,,,,0.0763694,-0.0140147,0.166753,0.0856705,-0.0238085,0.19515,0.0360537,-0.0311479,0.103255,22.4734,-29.2174,74.1643,2.51434,1.07741,3.95127,,,,,,,,,,,,,,,,,,,,,,0.168725,-0.0866674,0.424117,309.584,-216.624,835.792,0.162005,-0.105086,0.429097,0.0617484,0.0538601,0.0696367,0.0743274,0.0636412,0.0850136,,,,,,,,,,0.0867369,-0.0341974,0.207671
25000,0.8,mid_greedy,G1,anime (biased),4,0.118326,-0.00720417,0.243856,-0.0154164,-0.0371439,0.0063111,0.430099,-0.443769,1.30397,0.42972,-0.443292,1.30273,-0.146029,-0.361377,0.0693188,0.248263,-0.063029,0.559556,0.288635,-0.0883159,0.665587,0.771889,0.654616,0.889162,5.09064,-0.281742,10.463,0.0976163,-0.0264586,0.221691,0.260004,0.123408,0.396601,0.344366,0.149977,0.538755,0.704167,0.601465,0.806869,3.19186,1.46702,4.91671,37.6198,-52.7216,127.961,37.5849,-52.6681,127.838,0.0189489,0.000806119,0.0370917,760.023,189.53,1330.51,0.0141135,-0.00483948,0.0330664,0.0617484,0.0538601,0.0696367,0.0785184,0.0696983,0.0873384,,,,,,,,,,,,
25000,0.8,mid_greedy,G2,anime (biased),4,0.118326,-0.00720417,0.243856,-0.00872499,-0.0278471,0.0103971,0.322015,-0.295244,0.939273,0.321843,-0.295192,0.938878,-0.047632,-0.219532,0.124268,0.240704,-0.0572718,0.53868,0.25032,-0.0585061,0.559145,0.925705,0.543058,1.30835,5.11371,-0.224108,10.4515,0.124574,-0.0220051,0.271153,0.317317,0.189832,0.444803,0.444435,0.250149,0.638721,0.7325,0.638275,0.826725,2.97399,1.4331,4.51488,27.2731,-35.8844,90.4305,27.2664,-35.8711,90.4039,0.0189489,0.000806119,0.0370917,760.023,189.53,1330.51,0.0141135,-0.00483948,0.0330664,0.0617484,0.0538601,0.0696367,0.0785184,0.0696983,0.0873384,,,,,,,,,,,,
25000,0.8,mid_greedy,G3,anime (biased),4,0.118326,-0.00720417,0.243856,-0.00185225,-0.0212295,0.017525,0.326105,-0.28573,0.93794,0.326048,-0.285555,0.937651,-0.0270242,-0.206547,0.152499,0.246469,-0.0309289,0.523867,0.251754,-0.0527362,0.556245,0.998456,0.825991,1.17092,5.10427,-0.176614,10.3852,0.116091,-0.0264076,0.258589,0.301593,0.175857,0.427328,0.430042,0.268612,0.591471,0.715,0.617246,0.812754,3.00153,1.42351,4.57955,27.253,-34.9178,89.4237,27.2457,-34.8968,89.3881,0.0189489,0.000806119,0.0370917,760.023,189.53,1330.51,0.0141135,-0.00483948,0.0330664,0.0617484,0.0538601,0.0696367,0.0785184,0.0696983,0.0873384,524.504,-585.953,1634.96,543.038,-601.282,1687.36,0.961197,0.950314,0.97208,,,
25000,0.8,mid_greedy,G4,anime (biased),4,0.118326,-0.00720417,0.243856,-0.000906888,-0.00325815,0.00144437,0.00146881,4.39804e-05,0.00289364,0.00146699,4.60448e-05,0.00288793,-0.00730322,-0.0292701,0.0146636,0.0177226,0.00550982,0.0299353,0.0210513,0.0113543,0.0307482,0.716562,0.0391179,1.39401,4.46526,2.41069,6.51983,9.63675,-1.28429,20.5578,0.953374,0.90819,0.998558,0.964604,0.931879,0.997329,0.999167,0.996515,1.00182,1.04946,0.999328,1.09959,0.141303,0.0237937,0.258812,0.14119,0.0237906,0.258589,0.0189489,0.000806119,0.0370917,760.023,189.53,1330.51,0.0141135,-0.00483948,0.0330664,0.0617484,0.0538601,0.0696367,0.0785184,0.0696983,0.0873384,,,,,,,,,,,,
25000,0.8,mid_greedy,G5,anime (biased),4,0.118326,-0.00720417,0.243856,0.0332983,0.00265593,0.0639407,0.00181789,-0.000254918,0.00389069,0.00320479,-0.00138174,0.00779133,0.29226,0.254223,0.330298,0.293177,0.254608,0.331745,0.0228098,0.0130461,0.0325736,186.904,54.6452,319.162,5.87026,2.82559,8.91494,4.87271,-0.134977,9.88039,0.878684,0.787162,0.970207,0.907368,0.842619,0.972116,0.998333,0.995271,1.0014,0.866761,0.748356,0.985166,0.164558,0.0318268,0.29729,0.250403,0.0989417,0.401864,0.0189489,0.000806119,0.0370917,760.023,189.53,1330.51,0.0141135,-0.00483948,0.0330664,0.0617484,0.0538601,0.0696367,0.0785184,0.0696983,0.0873384,3.41409,0.54873,6.27944,3.66628,0.658658,6.67391,0.924633,0.895573,0.953693,,,
25000,0.8,mid_greedy,G5-G3 (paired bias),anime (biased),4,0.118326,-0.00720417,0.243856,,,,,,,,,,0.302777,0.118999,0.486556,0.402338,0.091263,0.713413,0.246484,-0.0615521,0.554521,4.02279,-0.362306,8.40789,5.21411,-0.240493,10.6687,,,,,,,,,,,,,,,,,,,,,,0.0189489,0.000806119,0.0370917,760.023,189.53,1330.51,0.0141135,-0.00483948,0.0330664,0.0617484,0.0538601,0.0696367,0.0785184,0.0696983,0.0873384,,,,,,,,,,0.297596,0.250497,0.344695
25000,0.8,source,G1,anime (biased),4,1,1,1,-0.000960277,-0.00876722,0.00684666,0.00506486,0.00078128,0.00934845,0.00506594,0.0008051,0.00932678,-0.000960277,-0.00876722,0.00684666,0.00367203,-0.000212766,0.00755683,0.00401695,0.0024289,0.005605,1.36874,-1.88438,4.62187,1.34413,1.15548,1.53277,230.916,99.9152,361.917,0.999674,0.999506,0.999842,0.999683,0.999525,0.99984,1,1,1,1.00276,0.99703,1.00849,0.00506486,0.00078128,0.00934845,0.00506594,0.0008051,0.00932678,1,1,1,1.00001,1,1.00002,1,1,1,0.0617484,0.0538601,0.0696367,0.0617484,0.0538601,0.0696367,,,,,,,,,,,,
25000,0.8,source,G2,anime (biased),4,1,1,1,-0.00095708,-0.00829731,0.00638315,0.0043272,0.000468067,0.00818634,0.00432749,0.000491033,0.00816395,-0.00095708,-0.00829731,0.00638315,0.00330486,-0.000270455,0.00688017,0.00370258,0.00214901,0.00525615,1.4069,-2.03735,4.85114,1.32333,1.1787,1.46796,275.952,106.391,445.513,0.999732,0.999578,0.999886,0.99974,0.999598,0.999883,1,1,1,1.00255,0.997541,1.00755,0.0043272,0.000468067,0.00818634,0.00432749,0.000491033,0.00816395,1,1,1,1.00001,1,1.00002,1,1,1,0.0617484,0.0538601,0.0696367,0.0617484,0.0538601,0.0696367,,,,,,,,,,,,
25000,0.8,source,G3,anime (biased),4,1,1,1,-0.000937925,-0.00832048,0.00644463,0.00437462,0.000579143,0.00817009,0.00437534,0.000601087,0.00814959,-0.000937925,-0.00832048,0.00644463,0.00334684,-0.000375934,0.0070696,0.00372796,0.00220802,0.00524791,1.41033,-2.07473,4.89539,1.32701,1.18445,1.46956,270.462,108.723,432.201,0.999725,0.999564,0.999886,0.999733,0.999585,0.999881,1,1,1,1.00273,0.997814,1.00764,0.00437462,0.000579143,0.00817009,0.00437534,0.000601087,0.00814959,1,1,1,1.00001,1,1.00002,1,1,1,0.0617484,0.0538601,0.0696367,0.0617484,0.0538601,0.0696367,0.107017,0.0266239,0.18741,0.111011,0.0288393,0.193183,0.962228,0.953678,0.970778,,,
25000,0.8,source,G4,anime (biased),4,1,1,1,-0.000872097,-0.00747705,0.00573285,0.00350819,0.000383381,0.00663299,0.00350833,0.000401971,0.00661469,-0.000872097,-0.00747705,0.00573285,0.00296216,-0.000252955,0.00617727,0.00333399,0.00193653,0.00473145,1.3989,-2.03042,4.82823,1.32326,1.17915,1.46737,340.118,131.223,549.014,0.999784,0.99966,0.999907,0.999789,0.999674,0.999905,1,1,1,1.00226,0.997773,1.00676,0.00350819,0.000383381,0.00663299,0.00350833,0.000401971,0.00661469,1,1,1,1.00001,1,1.00002,1,1,1,0.0617484,0.0538601,0.0696367,0.0617484,0.0538601,0.0696367,,,,,,,,,,,,
25000,0.8,source,G5,anime (biased),4,1,1,1,0.00272265,-0.00477259,0.0102179,0.00396029,0.000412927,0.00750764,0.00398114,0.000457332,0.00750494,0.00272265,-0.00477259,0.0102179,0.00517829,0.000234107,0.0101225,0.00354173,0.00205231,0.00503114,3.33066,-3.67405,10.3354,1.31153,1.16747,1.45559,301.411,117.439,485.383,0.999762,0.999624,0.9999,0.999769,0.99964,0.999898,1,1,1,1.00261,0.993427,1.01179,0.00396029,0.000412927,0.00750764,0.00398114,0.000457332,0.00750494,1,1,1,1.00001,1,1.00002,1,1,1,0.0617484,0.0538601,0.0696367,0.0617484,0.0538601,0.0696367,0.0867228,0.0216408,0.151805,0.0904452,0.0234326,0.157458,0.957321,0.94974,0.964902,,,
25000,0.8,source,G5-G3 (paired bias),anime (biased),4,1,1,1,,,,,,,,,,0.00258006,0.00106226,0.00409787,0.00259543,0.00108447,0.00410638,0.000268163,0.000198928,0.000337398,105.632,-17.3994,228.663,1.47407,1.38092,1.56721,,,,,,,,,,,,,,,,,,,,,,1,1,1,1.00001,1,1.00002,1,1,1,0.0617484,0.0538601,0.0696367,0.0617484,0.0538601,0.0696367,,,,,,,,,,0.00281045,0.00113218,0.00448873
25000,0.8,value,G1,anime (biased),4,0.00631679,0.000240665,0.0123929,0.00152303,-0.105904,0.10895,4.77352,-4.62342,14.1705,4.77441,-4.6175,14.1663,0.00152303,-0.105904,0.10895,0.115532,0.00792247,0.223142,0.109685,-0.00478028,0.22415,1.18966,0.41401,1.96531,11.4429,1.53473,21.3511,0.000663968,-0.00184589,0.00317382,-0.00747982,-0.0359401,0.0209804,-0.00722846,-0.0384646,0.0240077,0.4725,0.328125,0.616875,793.964,-1470.74,3058.67,4.77352,-4.62342,14.1705,4.77441,-4.6175,14.1663,0.00879615,-0.0039278,0.0215201,2806.31,-1916.65,7529.27,0.00547174,-0.00569732,0.0166408,0.0617484,0.0538601,0.0696367,0.102288,0.0628693,0.141707,,,,,,,,,,,,
25000,0.8,value,G2,anime (biased),4,0.00631679,0.000240665,0.0123929,0.0235945,-0.0517169,0.0989059,6.74627,-7.77194,21.2645,6.74818,-7.77314,21.2695,0.0235945,-0.0517169,0.0989059,0.129382,-0.0313801,0.290144,0.1248,-0.027964,0.277563,1.03997,0.777408,1.30253,14.5748,0.332309,28.8174,0.000187896,-0.000641785,0.00101758,0.0276952,-0.0375402,0.0929306,0.0306882,-0.0280791,0.0894555,0.58,0.433841,0.726159,955.734,-1781.25,3692.71,6.74627,-7.77194,21.2645,6.74818,-7.77314,21.2695,0.00879615,-0.0039278,0.0215201,2806.31,-1916.65,7529.27,0.00547174,-0.00569732,0.0166408,0.0617484,0.0538601,0.0696367,0.102288,0.0628693,0.141707,,,,,,,,,,,,
25000,0.8,value,G3,anime (biased),4,0.00631679,0.000240665,0.0123929,0.0219772,-0.0469586,0.0909131,5.38761,-5.51775,16.293,5.38925,-5.51732,16.2958,0.0219772,-0.0469586,0.0909131,0.119777,-0.0135756,0.25313,0.114436,-0.0136967,0.242568,1.08023,0.737699,1.42277,14.7605,2.2953,27.2257,0.000314321,-0.000790107,0.00141875,0.00694579,-0.00552588,0.0194175,0.00866492,-0.00568907,0.0230189,0.534166,0.490347,0.577986,869.146,-1600.28,3338.57,5.38761,-5.51775,16.293,5.38925,-5.51732,16.2958,0.00879615,-0.0039278,0.0215201,2806.31,-1916.65,7529.27,0.00547174,-0.00569732,0.0166408,0.0617484,0.0538601,0.0696367,0.102288,0.0628693,0.141707,105.796,-95.4002,306.991,109.444,-98.1983,317.085,0.974157,0.945655,1.00266,,,
25000,0.8,value,G4,anime (biased),4,0.00631679,0.000240665,0.0123929,-0.00122979,-0.00394692,0.00148734,0.0155859,0.00180671,0.0293651,0.0155827,0.00180946,0.0293559,-0.00122979,-0.00394692,0.00148734,0.00678074,0.00372147,0.00984001,0.00696025,0.00351891,0.0104016,0.965434,0.85245,1.07842,55.304,28.5685,82.0395,0.00652299,-0.00663249,0.0196785,0.0932919,-0.0693734,0.255957,0.0932226,-0.0713151,0.25776,0.719167,0.443852,0.994481,67.6724,-107.3,242.645,0.0155859,0.00180671,0.0293651,0.0155827,0.00180946,0.0293559,0.00879615,-0.0039278,0.0215201,2806.31,-1916.65,7529.27,0.00547174,-0.00569732,0.0166408,0.0617484,0.0538601,0.0696367,0.102288,0.0628693,0.141707,,,,,,,,,,,,
25000,0.8,value,G5,anime (biased),4,0.00631679,0.000240665,0.0123929,0.0172447,0.00109817,0.0333913,0.0162822,0.00207797,0.0304865,0.0166568,0.00215903,0.0311546,0.0172447,0.00109817,0.0333913,0.0190255,0.00399605,0.034055,0.00712679,0.00369773,0.0105558,9.91999,-5.77547,25.6155,53.6266,23.867,83.3863,0.024761,-0.0162577,0.0657797,0.00329292,-0.0300042,0.0365901,0.0015719,-0.0391816,0.0423254,0.501667,0.359574,0.643759,70.1404,-112.004,252.285,0.0162822,0.00207797,0.0304865,0.0166568,0.00215903,0.0311546,0.00879615,-0.0039278,0.0215201,2806.31,-1916.65,7529.27,0.00547174,-0.00569732,0.0166408,0.0617484,0.0538601,0.0696367,0.102288,0.0628693,0.141707,0.348529,0.0431157,0.653943,0.362281,0.0447603,0.679801,0.962342,0.959448,0.965237,,,
25000,0.8,value,G5-G3 (paired bias),anime (biased),4,0.00631679,0.000240665,0.0123929,,,,,,,,,,0.00221155,-0.0703758,0.0747989,0.115486,-0.0106349,0.241606,0.112756,-0.0162194,0.241732,1.07151,0.798281,1.34475,13.4908,3.17607,23.8056,,,,,,,,,,,,,,,,,,,,,,0.00879615,-0.0039278,0.0215201,2806.31,-1916.65,7529.27,0.00547174,-0.00569732,0.0166408,0.0617484,0.0538601,0.0696367,0.102288,0.0628693,0.141707,,,,,,,,,,0.0169598,0.00166223,0.0322573
25000,0.8,likelihood,G1,kuairand (biased),4,0.0418427,-0.0287703,0.112456,0.0237794,-0.0519794,0.0995381,4.51732,-1.87916,10.9138,4.51879,-1.87937,10.917,2.15294,-5.75311,10.059,11.2661,-17.1103,39.6426,11.0143,-16.4138,38.4424,1.08343,0.735665,1.43119,8.40316,4.42838,12.3779,0.000738544,-0.00203197,0.00350906,0.0535548,-0.15735,0.26446,0.0426621,-0.160331,0.245655,0.5625,0.249653,0.875347,104.695,-159.673,369.064,103246,-217505,423997,103267,-217554,424089,0.01154,-0.00178332,0.0248632,3800.48,-5517.37,13118.3,0.0046882,-0.00458496,0.0139614,0.0693335,0.0570986,0.0815685,0.108383,0.0583617,0.158404,,,,,,,,,,,,
25000,0.8,likelihood,G2,kuairand (biased),4,0.0418427,-0.0287703,0.112456,-7.9275e-05,-0.12481,0.124652,7.02593,-7.42109,21.473,7.02664,-7.42974,21.483,4.37685,-12.4335,21.1872,15.4664,-27.3595,58.2922,14.7689,-24.8492,54.387,0.892168,0.433764,1.35057,7.21548,0.631276,13.7997,0.000601236,-0.00200004,0.00320252,0.0969782,-0.0674757,0.261432,0.100227,-0.0702233,0.270677,0.6525,0.467268,0.837732,116.285,-178.835,411.404,204914,-440249,850077,205014,-440473,850500,0.01154,-0.00178332,0.0248632,3800.48,-5517.37,13118.3,0.0046882,-0.00458496,0.0139614,0.0693335,0.0570986,0.0815685,0.108383,0.0583617,0.158404,,,,,,,,,,,,
25000,0.8,likelihood,G3,kuairand (biased),4,0.0418427,-0.0287703,0.112456,-0.00667375,-0.109181,0.0958333,4.1952,-2.04871,10.4391,4.19477,-2.05372,10.4433,2.94497,-9.11747,15.0074,11.2195,-18.0352,40.4742,10.7415,-16.2031,37.6861,0.903462,0.448443,1.35848,9.31029,4.62448,13.9961,0.00074069,-0.00231115,0.00379253,0.0529445,-0.0588102,0.164699,0.0524477,-0.0473021,0.152197,0.583333,0.407363,0.759303,105.049,-156.891,366.989,99129.3,-209132,407390,99178.2,-209244,407600,0.01154,-0.00178332,0.0248632,3800.48,-5517.37,13118.3,0.0046882,-0.00458496,0.0139614,0.0693335,0.0570986,0.0815685,0.108383,0.0583617,0.158404,1.03976e+06,-2.06008e+06,4.13959e+06,1.00595e+06,-1.97597e+06,3.98786e+06,1.01586,0.926668,1.10506,,,
25000,0.8,likelihood,G4,kuairand (biased),4,0.0418427,-0.0287703,0.112456,0.00170209,-0.0259075,0.0293117,0.135231,-0.110138,0.3806,0.135239,-0.109804,0.380282,1.00677,-2.20779,4.22134,1.6771,-2.8745,6.2287,1.28738,-2.01862,4.59338,1.20153,0.343494,2.05956,18.3113,-0.330323,36.9528,0.130659,-0.210676,0.471994,0.285949,-0.0832304,0.655128,0.302299,-0.0897546,0.694352,0.78,0.460257,1.09974,20.9599,-33.342,75.2617,1468.45,-3132.11,6069,1472.5,-3140.95,6085.95,0.01154,-0.00178332,0.0248632,3800.48,-5517.37,13118.3,0.0046882,-0.00458496,0.0139614,0.0693335,0.0570986,0.0815685,0.108383,0.0583617,0.158404,,,,,,,,,,,,
25000,0.8,likelihood,G5,kuairand (biased),4,0.0418427,-0.0287703,0.112456,0.0473374,0.00330266,0.0913721,0.137887,-0.109348,0.385121,0.140702,-0.110695,0.392099,3.79347,-5.48599,13.0729,4.03116,-5.82364,13.886,1.31596,-2.06649,4.69841,54.8668,-99.8895,209.623,16.86,2.39532,31.3247,0.254492,-0.481955,0.990938,0.151187,-0.157808,0.460182,0.156854,-0.158827,0.472534,0.673333,0.250003,1.09666,21.5103,-34.0394,77.06,1536.2,-3278.45,6350.84,1576.1,-3362.7,6514.89,0.01154,-0.00178332,0.0248632,3800.48,-5517.37,13118.3,0.0046882,-0.00458496,0.0139614,0.0693335,0.0570986,0.0815685,0.108383,0.0583617,0.158404,33367.7,-71141.8,137877,34403.5,-73371.5,142179,0.973563,0.899936,1.04719,,,
25000,0.8,likelihood,G5-G3 (paired bias),kuairand (biased),4,0.0418427,-0.0287703,0.112456,,,,,,,,,,2.55286,-7.82347,12.9292,10.7421,-17.1091,38.5933,10.3513,-15.732,36.4345,0.928406,0.61378,1.24303,8.16923,2.78282,13.5556,,,,,,,,,,,,,,,,,,,,,,0.01154,-0.00178332,0.0248632,3800.48,-5517.37,13118.3,0.0046882,-0.00458496,0.0139614,0.0693335,0.0570986,0.0815685,0.108383,0.0583617,0.158404,,,,,,,,,,3.58672,-5.12606,12.2995
25000,0.8,mid,G1,kuairand (biased),4,0.454074,0.334403,0.573746,-0.00263477,-0.01676,0.0114905,0.0424783,-0.0541192,0.139076,0.0424322,-0.054005,0.138869,-0.00814616,-0.0417997,0.0255073,0.0209213,-0.000391406,0.042234,0.0234895,-0.0107987,0.0577777,1.42952,-0.0683194,2.92735,2.31697,0.900887,3.73306,29.6844,-19.1492,78.518,0.95907,0.855655,1.06249,0.978139,0.922339,1.03394,0.9975,0.989544,1.00546,1.0611,0.915049,1.20714,0.270002,-0.36338,0.903383,0.269674,-0.362705,0.902053,0.262357,-0.0554788,0.580192,206.948,-105.901,519.798,0.241943,-0.112637,0.596524,0.0693335,0.0570986,0.0815685,0.0851574,0.055885,0.11443,,,,,,,,,,,,
25000,0.8,mid,G2,kuairand (biased),4,0.454074,0.334403,0.573746,0.000561107,-0.00865065,0.00977287,0.0387644,-0.0583966,0.135925,0.0387698,-0.0583582,0.135898,-0.000341575,-0.0207028,0.0200196,0.0234019,-0.00666734,0.053471,0.0215977,-0.0130996,0.0562951,2.19215,-0.341518,4.72581,2.34869,0.535713,4.16167,39.6539,-25.5984,104.906,0.964809,0.877201,1.05242,0.98627,0.951946,1.02059,0.996667,0.986059,1.00727,1.05367,0.915443,1.19189,0.246921,-0.387522,0.881364,0.246914,-0.38737,0.881197,0.262357,-0.0554788,0.580192,206.948,-105.901,519.798,0.241943,-0.112637,0.596524,0.0693335,0.0570986,0.0815685,0.0851574,0.055885,0.11443,,,,,,,,,,,,
25000,0.8,mid,G3,kuairand (biased),4,0.454074,0.334403,0.573746,0.00230378,-0.00542591,0.0100335,0.0331952,-0.0444832,0.110874,0.0332064,-0.0444658,0.110879,0.00415733,-0.0136238,0.0219385,0.0225162,-0.00522769,0.0502601,0.0205857,-0.0101083,0.0512798,2.08091,-0.255749,4.41757,2.37741,0.583303,4.17151,38.5403,-24.893,101.973,0.96303,0.869887,1.05617,0.982726,0.937504,1.02795,0.996667,0.986059,1.00727,1.05168,0.922696,1.18065,0.210852,-0.298052,0.719756,0.210884,-0.298028,0.719796,0.262357,-0.0554788,0.580192,206.948,-105.901,519.798,0.241943,-0.112637,0.596524,0.0693335,0.0570986,0.0815685,0.0851574,0.055885,0.11443,7.66219,-13.9883,29.3127,8.15161,-15.0058,31.309,0.960406,0.920567,1.00025,,,
25000,0.8,mid,G4,kuairand (biased),4,0.454074,0.334403,0.573746,0.000162715,-0.00205247,0.0023779,0.00137997,0.000614449,0.0021455,0.00138018,0.000617704,0.00214266,0.000294828,-0.00497015,0.00555981,0.00492609,0.00361869,0.0062335,0.00480524,0.00266499,0.00694549,1.14844,0.487053,1.80984,1.72713,0.886547,2.56772,168.152,45.4983,290.806,0.998956,0.997154,1.00076,0.999011,0.99734,1.00068,1,1,1,1.00169,0.994537,1.00884,0.00733415,0.000611094,0.0140572,0.00733447,0.000626294,0.0140426,0.262357,-0.0554788,0.580192,206.948,-105.901,519.798,0.241943,-0.112637,0.596524,0.0693335,0.0570986,0.0815685,0.0851574,0.055885,0.11443,,,,,,,,,,,,
25000,0.8,mid,G5,kuairand (biased),4,0.454074,0.334403,0.573746,0.0307293,-0.0216534,0.083112,0.00164323,0.00061858,0.00266787,0.00340029,-0.00189298,0.00869357,0.0766195,-0.0598641,0.213103,0.0770379,-0.0590103,0.213086,0.00523061,0.00276359,0.00769762,248.497,-254.699,751.693,1.77662,0.840788,2.71245,131.078,14.0665,248.09,0.997348,0.991399,1.0033,0.997476,0.991769,1.00318,1,1,1,0.930407,0.805196,1.05562,0.00874861,0.000148249,0.017349,0.0201369,-0.0166399,0.0569137,0.262357,-0.0554788,0.580192,206.948,-105.901,519.798,0.241943,-0.112637,0.596524,0.0693335,0.0570986,0.0815685,0.0851574,0.055885,0.11443,0.182408,-0.0123192,0.377135,0.202647,-0.0275409,0.432835,0.919494,0.856556,0.982433,,,
25000,0.8,mid,G5-G3 (paired bias),kuairand (biased),4,0.454074,0.334403,0.573746,,,,,,,,,,0.0823193,-0.060509,0.225148,0.0844704,-0.0616655,0.230606,0.0184773,-0.0133709,0.0503254,20.7528,0.973569,40.532,2.47589,0.846885,4.10489,,,,,,,,,,,,,,,,,,,,,,0.262357,-0.0554788,0.580192,206.948,-105.901,519.798,0.241943,-0.112637,0.596524,0.0693335,0.0570986,0.0815685,0.0851574,0.055885,0.11443,,,,,,,,,,0.0776103,-0.0561443,0.211365
25000,0.8,mid_greedy,G1,kuairand (biased),4,0.115841,-0.07391,0.305592,-0.00740033,-0.0253569,0.0105563,0.130323,-0.193237,0.453884,0.130178,-0.19296,0.453317,-0.0726634,-0.191167,0.0458406,0.157121,0.0572154,0.257026,0.179089,0.0571186,0.30106,0.811476,0.459566,1.16339,5.9095,0.806118,11.0129,0.164112,-0.0768446,0.405068,0.447261,0.130334,0.764189,0.556718,0.159189,0.954247,0.828334,0.679409,0.977258,2.41508,0.856699,3.97347,10.9439,-1.9911,23.8788,10.935,-1.98823,23.8583,0.0323945,0.0213545,0.0434345,681.738,388.867,974.608,0.015083,0.000272293,0.0298938,0.0693335,0.0570986,0.0815685,0.0922336,0.0614937,0.122973,,,,,,,,,,,,
25000,0.8,mid_greedy,G2,kuairand (biased),4,0.115841,-0.07391,0.305592,-0.0119385,-0.0322351,0.00835802,0.389261,-0.711228,1.48975,0.388996,-0.710764,1.48876,-0.104795,-0.13561,-0.0739798,0.184949,0.139681,0.230216,0.213425,0.171277,0.255573,0.750425,0.610039,0.890812,4.42676,-1.89966,10.7532,0.0702357,0.0406594,0.099812,0.488255,0.160425,0.816086,0.614166,0.224007,1.00432,0.836667,0.713183,0.960151,2.35784,1.12833,3.58735,13.8229,8.65289,18.9929,13.8116,8.64376,18.9795,0.0323945,0.0213545,0.0434345,681.738,388.867,974.608,0.015083,0.000272293,0.0298938,0.0693335,0.0570986,0.0815685,0.0922336,0.0614937,0.122973,,,,,,,,,,,,
25000,0.8,mid_greedy,G3,kuairand (biased),4,0.115841,-0.07391,0.305592,-0.000510267,-0.0144887,0.0134682,0.194975,-0.326655,0.716606,0.194996,-0.326779,0.716772,-0.0610408,-0.180122,0.0580404,0.164942,0.0987612,0.231124,0.184087,0.110503,0.257671,0.816535,0.51029,1.12278,4.99041,-0.434432,10.4153,0.106433,0.0126663,0.2002,0.477094,0.166131,0.788057,0.589162,0.199522,0.978802,0.84,0.72436,0.95564,2.33037,1.0165,3.64424,10.6476,2.76707,18.528,10.6406,2.76839,18.5127,0.0323945,0.0213545,0.0434345,681.738,388.867,974.608,0.015083,0.000272293,0.0298938,0.0693335,0.0570986,0.0815685,0.0922336,0.0614937,0.122973,152.224,1.30352,303.145,153.971,-3.53001,311.472,0.997664,0.954189,1.04114,,,
25000,0.8,mid_greedy,G4,kuairand (biased),4,0.115841,-0.07391,0.305592,-0.000569154,-0.00196304,0.000824731,0.000802367,-0.000242038,0.00184677,0.000801663,-0.000241244,0.00184457,-0.00906554,-0.0291186,0.0109875,0.018985,0.000443314,0.0375268,0.0220888,-0.000659633,0.0448372,0.788617,0.321449,1.25578,5.2636,0.799002,9.72819,17.7644,-14.7085,50.2372,0.930854,0.79526,1.06645,0.948865,0.852241,1.04549,0.999167,0.996515,1.00182,1.06441,0.942259,1.18657,0.19236,-0.156063,0.540783,0.192181,-0.155883,0.540244,0.0323945,0.0213545,0.0434345,681.738,388.867,974.608,0.015083,0.000272293,0.0298938,0.0693335,0.0570986,0.0815685,0.0922336,0.0614937,0.122973,,,,,,,,,,,,
25000,0.8,mid_greedy,G5,kuairand (biased),4,0.115841,-0.07391,0.305592,0.0306138,-0.0207423,0.0819699,0.000949139,-0.000421061,0.00231934,0.00266758,-0.00323414,0.0085693,0.263141,0.149874,0.376408,0.26446,0.151146,0.377773,0.0231939,-0.000116905,0.0465047,319.171,-245.63,883.972,6.18559,0.768257,11.6029,8.67049,-5.58225,22.9232,0.87786,0.666041,1.08968,0.906829,0.743222,1.07044,0.9925,0.968632,1.01637,0.891055,0.64954,1.13257,0.209674,-0.167444,0.586793,0.282717,-0.123903,0.689338,0.0323945,0.0213545,0.0434345,681.738,388.867,974.608,0.015083,0.000272293,0.0298938,0.0693335,0.0570986,0.0815685,0.0922336,0.0614937,0.122973,4.48616,-3.63141,12.6037,4.76763,-3.75199,13.2873,0.912389,0.834619,0.990159,,,
25000,0.8,mid_greedy,G5-G3 (paired bias),kuairand (biased),4,0.115841,-0.07391,0.305592,,,,,,,,,,0.207298,0.106246,0.30835,0.278193,0.197657,0.358729,0.178668,0.110085,0.247251,2.74151,0.435048,5.04796,4.5899,-0.0106491,9.19045,,,,,,,,,,,,,,,,,,,,,,0.0323945,0.0213545,0.0434345,681.738,388.867,974.608,0.015083,0.000272293,0.0298938,0.0693335,0.0570986,0.0815685,0.0922336,0.0614937,0.122973,,,,,,,,,,0.263833,0.146493,0.381173
25000,0.8,source,G1,kuairand (biased),4,1,1,1,-0.00121816,-0.00672651,0.00429019,0.00384298,0.000870425,0.00681554,0.00384021,0.000877136,0.00680329,-0.00121816,-0.00672651,0.00429019,0.00281548,0.000144166,0.0054868,0.00351141,0.00223849,0.00478433,0.872806,-0.883661,2.62927,1.28797,1.18748,1.38845,294.835,136.471,453.2,0.999753,0.999487,1.00002,0.999766,0.999516,1.00002,1,1,1,0.997758,0.994852,1.00066,0.00384298,0.000870425,0.00681554,0.00384021,0.000877136,0.00680329,1,1,1,1.00001,1.00001,1.00001,1,1,1,0.0693335,0.0570986,0.0815685,0.0693335,0.0570986,0.0815685,,,,,,,,,,,,
25000,0.8,source,G2,kuairand (biased),4,1,1,1,-0.00131687,-0.00655922,0.00392549,0.00302178,0.000477609,0.00556596,0.00301803,0.000485972,0.00555009,-0.00131687,-0.00655922,0.00392549,0.00211145,-0.000397716,0.00462062,0.00310366,0.00188504,0.00432228,0.783327,-1.13582,2.70247,1.26271,1.16395,1.36147,383.156,169.312,596.999,0.999817,0.999601,1.00003,0.999825,0.99962,1.00003,1,1,1,0.998963,0.995334,1.00259,0.00302178,0.000477609,0.00556596,0.00301803,0.000485972,0.00555009,1,1,1,1.00001,1.00001,1.00001,1,1,1,0.0693335,0.0570986,0.0815685,0.0693335,0.0570986,0.0815685,,,,,,,,,,,,
25000,0.8,source,G3,kuairand (biased),4,1,1,1,-0.00107673,-0.00662103,0.00446758,0.00310866,0.000439943,0.00577738,0.00310667,0.000449442,0.0057639,-0.00107673,-0.00662103,0.00446758,0.00249055,-0.000213177,0.00519427,0.0031453,0.00188659,0.00440401,0.974953,-1.29532,3.24523,1.26739,1.16591,1.36887,374.089,162.305,585.874,0.999808,0.999575,1.00004,0.999817,0.999596,1.00004,1,1,1,0.998429,0.994672,1.00219,0.00310866,0.000439943,0.00577738,0.00310667,0.000449442,0.0057639,1,1,1,1.00001,1.00001,1.00001,1,1,1,0.0693335,0.0570986,0.0815685,0.0693335,0.0570986,0.0815685,0.0684576,0.00914567,0.127769,0.0716515,0.0102834,0.13302,0.953487,0.929135,0.977839,,,
25000,0.8,source,G4,kuairand (biased),4,1,1,1,-0.00118353,-0.00590904,0.00354198,0.0024586,0.000380439,0.00453676,0.00245557,0.000387289,0.00452385,-0.00118353,-0.00590904,0.00354198,0.00191285,-0.000339497,0.0041652,0.00279907,0.00169585,0.0039023,0.786813,-1.13016,2.70379,1.2625,1.16411,1.36088,471.529,207.748,735.311,0.999852,0.999676,1.00003,0.999858,0.99969,1.00002,1,1,1,0.999052,0.99577,1.00233,0.0024586,0.000380439,0.00453676,0.00245557,0.000387289,0.00452385,1,1,1,1.00001,1.00001,1.00001,1,1,1,0.0693335,0.0570986,0.0815685,0.0693335,0.0570986,0.0815685,,,,,,,,,,,,
25000,0.8,source,G5,kuairand (biased),4,1,1,1,0.0028415,-0.00294008,0.00862308,0.00271359,0.000409271,0.00501791,0.00273115,0.000382406,0.00507989,0.0028415,-0.00294008,0.00862308,0.00452342,-3.1006e-05,0.00907785,0.00294004,0.00177587,0.00410422,2.31601,-0.351089,4.98312,1.26218,1.16076,1.36359,429.909,191.042,668.776,0.999837,0.999641,1.00003,0.999842,0.999654,1.00003,1,1,1,1.00242,0.994782,1.01006,0.00271359,0.000409271,0.00501791,0.00273115,0.000382406,0.00507989,1,1,1,1.00001,1.00001,1.00001,1,1,1,0.0693335,0.0570986,0.0815685,0.0693335,0.0570986,0.0815685,0.0556044,0.00745304,0.103756,0.0583698,0.00837544,0.108364,0.950731,0.927367,0.974094,,,
25000,0.8,source,G5-G3 (paired bias),kuairand (biased),4,1,1,1,,,,,,,,,,0.00555283,-0.000530556,0.0116362,0.00556032,-0.000519172,0.0116398,0.000255778,0.000146692,0.000364864,514.424,-206.199,1235.05,1.30197,1.19806,1.40587,,,,,,,,,,,,,,,,,,,,,,1,1,1,1.00001,1.00001,1.00001,1,1,1,0.0693335,0.0570986,0.0815685,0.0693335,0.0570986,0.0815685,,,,,,,,,,0.00543369,-0.000407056,0.0112744
25000,0.8,value,G1,kuairand (biased),4,0.00449024,-0.00113639,0.0101169,0.00331271,-0.0216228,0.0282482,0.626442,-0.227959,1.48084,0.626513,-0.228244,1.48127,0.00331271,-0.0216228,0.0282482,0.0416813,0.00397382,0.0793888,0.0418887,0.00833537,0.075442,0.946983,0.64719,1.24678,6.21641,-0.940756,13.3736,-0.000204036,-0.00125851,0.000850443,0.0294456,-0.0287083,0.0875995,0.0290959,-0.0221849,0.0803767,0.573333,0.414211,0.732456,168.586,-219.034,556.206,0.626442,-0.227959,1.48084,0.626513,-0.228244,1.48127,0.00994049,-0.00097598,0.020857,3931.46,-5384.48,13247.4,0.00349049,-0.00234921,0.00933019,0.0693335,0.0570986,0.0815685,0.116861,0.0541944,0.179529,,,,,,,,,,,,
25000,0.8,value,G2,kuairand (biased),4,0.00449024,-0.00113639,0.0101169,0.0196491,-0.0969073,0.136205,887.38,-1935.46,3710.22,887.384,-1935.47,3710.24,0.0196491,-0.0969073,0.136205,0.880922,-1.83554,3.59739,0.883859,-1.82697,3.59469,0.807636,0.595297,1.01997,7.36901,-1.28219,16.0202,-0.00066867,-0.00140002,6.26763e-05,0.0611271,-0.0606064,0.182861,0.0576899,-0.039993,0.155373,0.629167,0.438103,0.82023,269.246,-127.39,665.881,887.38,-1935.46,3710.22,887.384,-1935.47,3710.24,0.00994049,-0.00097598,0.020857,3931.46,-5384.48,13247.4,0.00349049,-0.00234921,0.00933019,0.0693335,0.0570986,0.0815685,0.116861,0.0541944,0.179529,,,,,,,,,,,,
25000,0.8,value,G3,kuairand (biased),4,0.00449024,-0.00113639,0.0101169,0.00402076,-0.0644087,0.0724502,272.048,-592.581,1136.68,272.048,-592.582,1136.68,0.00402076,-0.0644087,0.0724502,0.496291,-0.997947,1.99053,0.499746,-0.989647,1.98914,0.805492,0.573229,1.03775,6.31188,-0.97067,13.5944,-0.000677618,-0.00147012,0.000114881,0.00766893,-0.0372193,0.0525571,0.00437141,-0.055632,0.0643748,0.524167,0.37356,0.674774,218.104,-130.144,566.353,272.048,-592.581,1136.68,272.048,-592.582,1136.68,0.00994049,-0.00097598,0.020857,3931.46,-5384.48,13247.4,0.00349049,-0.00234921,0.00933019,0.0693335,0.0570986,0.0815685,0.116861,0.0541944,0.179529,276.422,-586.263,1139.11,5.39772,1.13242,9.66301,52.5423,-111.562,216.647,,,
25000,0.8,value,G4,kuairand (biased),4,0.00449024,-0.00113639,0.0101169,-0.000635622,-0.0028807,0.00160945,0.00374411,0.000483043,0.00700517,0.00374323,0.000483641,0.00700281,-0.000635622,-0.0028807,0.00160945,0.00332748,0.00199747,0.00465748,0.00344416,0.00199955,0.00488877,0.958158,0.594716,1.3216,21.1026,7.71861,34.4866,0.0113417,-0.0129071,0.0355905,0.124814,-0.0989945,0.348623,0.116343,-0.0934963,0.326183,0.695833,0.394748,0.996919,28.4834,-29.6202,86.5871,0.00374411,0.000483043,0.00700517,0.00374323,0.000483641,0.00700281,0.00994049,-0.00097598,0.020857,3931.46,-5384.48,13247.4,0.00349049,-0.00234921,0.00933019,0.0693335,0.0570986,0.0815685,0.116861,0.0541944,0.179529,,,,,,,,,,,,
25000,0.8,value,G5,kuairand (biased),4,0.00449024,-0.00113639,0.0101169,0.0112004,0.000284309,0.0221164,0.00395068,0.000580456,0.00732091,0.00411143,0.000721339,0.00750152,0.0112004,0.000284309,0.0221164,0.0118878,0.00139782,0.0223777,0.00354201,0.00209165,0.00499237,15.4999,-14.8797,45.8795,21.1713,8.2693,34.0733,0.0352428,-0.0243546,0.0948403,-0.0090368,-0.118125,0.100052,-0.0169979,-0.121582,0.0875865,0.450833,0.145633,0.756033,29.4402,-30.6866,89.5671,0.00395068,0.000580456,0.00732091,0.00411143,0.000721339,0.00750152,0.00994049,-0.00097598,0.020857,3931.46,-5384.48,13247.4,0.00349049,-0.00234921,0.00933019,0.0693335,0.0570986,0.0815685,0.116861,0.0541944,0.179529,0.0951717,0.0303463,0.159997,0.09969,0.0319616,0.167418,0.954323,0.942431,0.966215,,,
25000,0.8,value,G5-G3 (paired bias),kuairand (biased),4,0.00449024,-0.00113639,0.0101169,,,,,,,,,,0.0281171,-0.10713,0.163365,0.49774,-1.0003,1.99578,0.498972,-0.991166,1.98911,0.862688,0.638927,1.08645,5.64271,-0.716386,12.0018,,,,,,,,,,,,,,,,,,,,,,0.00994049,-0.00097598,0.020857,3931.46,-5384.48,13247.4,0.00349049,-0.00234921,0.00933019,0.0693335,0.0570986,0.0815685,0.116861,0.0541944,0.179529,,,,,,,,,,0.0115843,0.00101992,0.0221487
25000,0.8,likelihood,G1,ml (biased),4,0.050705,-0.0484124,0.149822,0.0675663,-0.115198,0.25033,15.282,-14.7503,45.3143,15.2961,-14.7744,45.3667,14.7135,-32.7832,62.2103,30.7285,-59.5602,121.017,26.6343,-50.5618,103.83,1.08265,0.642293,1.52301,12.6453,-14.5187,39.8093,0.0028415,-0.00330139,0.00898438,0.066381,-0.0197069,0.152469,0.0414691,-0.00210573,0.085044,0.61,0.530027,0.689973,204.694,-382.005,791.392,742371,-1.61166e+06,3.0964e+06,743256,-1.61359e+06,3.1001e+06,0.0138511,-0.00741359,0.0351158,2567.27,-1810.65,6945.19,0.00945318,-0.0120778,0.0309841,0.067142,0.0560155,0.0782685,0.103655,0.0830182,0.124291,,,,,,,,,,,,
25000,0.8,likelihood,G2,ml (biased),4,0.050705,-0.0484124,0.149822,-0.00394437,-0.289434,0.281546,53.6111,-79.4214,186.644,53.6188,-79.4711,186.709,-7.93507,-39.1134,23.2432,24.1914,-31.005,79.3877,26.2348,-35.5018,87.9714,0.752457,0.29818,1.20673,12.7321,-17.5318,42.996,0.000650888,-0.0010359,0.00233768,0.0810843,-0.0397145,0.201883,0.0828103,-0.0794437,0.245064,0.6375,0.450655,0.824345,225.784,-394.289,845.856,545172,-1.06465e+06,2.155e+06,544842,-1.06389e+06,2.15358e+06,0.0138511,-0.00741359,0.0351158,2567.27,-1810.65,6945.19,0.00945318,-0.0120778,0.0309841,0.067142,0.0560155,0.0782685,0.103655,0.0830182,0.124291,,,,,,,,,,,,
25000,0.8,likelihood,G3,ml (biased),4,0.050705,-0.0484124,0.149822,0.0169656,-0.175271,0.209202,24.7244,-18.5116,67.9604,24.7281,-18.5332,67.9895,2.74408,-4.03035,9.51851,24.893,-40.1162,89.9023,24.7461,-39.9171,89.4093,0.803758,0.255714,1.3518,12.5254,-17.4102,42.461,0.00072397,-0.000502742,0.00195068,0.0620533,-0.0130149,0.137122,0.0590029,-0.0498744,0.16788,0.605,0.461725,0.748275,218.084,-393.115,829.282,555276,-1.16841e+06,2.27897e+06,555298,-1.16844e+06,2.27904e+06,0.0138511,-0.00741359,0.0351158,2567.27,-1810.65,6945.19,0.00945318,-0.0120778,0.0309841,0.067142,0.0560155,0.0782685,0.103655,0.0830182,0.124291,1.09916e+08,-2.39716e+08,4.59549e+08,1.12777e+08,-2.45992e+08,4.71547e+08,1.06532,0.847526,1.28311,,,
25000,0.8,likelihood,G4,ml (biased),4,0.050705,-0.0484124,0.149822,-0.0103753,-0.0295153,0.00876476,0.198438,-0.178621,0.575497,0.198222,-0.178516,0.574961,-1.19165,-4.7497,2.3664,2.49167,-4.99097,9.9743,2.77017,-5.50607,11.0464,0.806316,0.358366,1.25427,33.2526,-17.0328,83.5381,0.177402,-0.241442,0.596245,0.308415,-0.0800381,0.696869,0.332949,-0.0901814,0.75608,0.814167,0.428914,1.19942,41.043,-80.4625,162.548,8388.82,-18276.5,35054.1,8383.66,-18265.2,35032.6,0.0138511,-0.00741359,0.0351158,2567.27,-1810.65,6945.19,0.00945318,-0.0120778,0.0309841,0.067142,0.0560155,0.0782685,0.103655,0.0830182,0.124291,,,,,,,,,,,,
25000,0.8,likelihood,G5,ml (biased),4,0.050705,-0.0484124,0.149822,0.0316937,0.00929641,0.0540909,0.206043,-0.18499,0.597076,0.207196,-0.184697,0.599089,3.68917,-5.88128,13.2596,4.71374,-7.95541,17.3829,2.82441,-5.6046,11.2534,40.0802,-64.0654,144.226,30.4184,-15.2842,76.121,0.0849034,-0.112587,0.282394,0.134578,-0.015466,0.284621,0.141633,-0.0605084,0.343774,0.743334,0.450919,1.03575,41.2083,-80.8562,163.273,8706.75,-18968.4,36381.9,8747.5,-19055.4,36550.4,0.0138511,-0.00741359,0.0351158,2567.27,-1810.65,6945.19,0.00945318,-0.0120778,0.0309841,0.067142,0.0560155,0.0782685,0.103655,0.0830182,0.124291,277791,-605465,1.16105e+06,280024,-610304,1.17035e+06,0.961031,0.923951,0.998111,,,
25000,0.8,likelihood,G5-G3 (paired bias),ml (biased),4,0.050705,-0.0484124,0.149822,,,,,,,,,,6.40319,-9.46238,22.2688,24.4298,-38.6825,87.542,23.5597,-37.5544,84.6737,1.03435,0.356168,1.71253,10.7811,-14.5244,36.0866,,,,,,,,,,,,,,,,,,,,,,0.0138511,-0.00741359,0.0351158,2567.27,-1810.65,6945.19,0.00945318,-0.0120778,0.0309841,0.067142,0.0560155,0.0782685,0.103655,0.0830182,0.124291,,,,,,,,,,3.69721,-5.77662,13.171
25000,0.8,mid,G1,ml (biased),4,0.363046,0.14916,0.576931,-0.00928837,-0.0291049,0.0105281,0.123584,-0.232709,0.479877,0.123383,-0.232339,0.479104,-0.0387357,-0.141413,0.0639418,0.0426677,-0.0601377,0.145473,0.0595252,-0.0830217,0.202072,0.558298,-0.0795272,1.19612,3.56125,-0.409596,7.53209,11.6377,-1.02679,24.3021,0.807395,0.235954,1.37884,0.845151,0.384582,1.30572,0.929167,0.703744,1.15459,1.48372,-0.0252575,2.99271,2.86863,-6.05217,11.7894,2.86403,-6.04244,11.7705,0.14664,-0.0124434,0.305724,273.766,-318.467,865.999,0.143937,-0.0191685,0.307042,0.067142,0.0560155,0.0782685,0.0857761,0.0613163,0.110236,,,,,,,,,,,,
25000,0.8,mid,G2,ml (biased),4,0.363046,0.14916,0.576931,-0.00845763,-0.0213633,0.00444799,0.0938037,-0.178005,0.365613,0.0936829,-0.177806,0.365172,-0.0334242,-0.106001,0.0391528,0.0387784,-0.0634823,0.141039,0.0517157,-0.0729592,0.176391,0.372208,0.0838385,0.660578,3.6682,-0.605086,7.94148,16.1123,-1.39858,33.6231,0.824912,0.297225,1.3526,0.851288,0.401085,1.30149,0.943333,0.762994,1.12367,1.43033,0.0867273,2.77392,2.18362,-4.61474,8.98198,2.18094,-4.60926,8.97115,0.14664,-0.0124434,0.305724,273.766,-318.467,865.999,0.143937,-0.0191685,0.307042,0.067142,0.0560155,0.0782685,0.0857761,0.0613163,0.110236,,,,,,,,,,,,
25000,0.8,mid,G3,ml (biased),4,0.363046,0.14916,0.576931,-0.00900069,-0.0235347,0.00553332,0.104253,-0.199369,0.407874,0.104109,-0.199121,0.40734,-0.0360155,-0.116729,0.0446984,0.0401773,-0.0649087,0.145263,0.0543344,-0.0776492,0.186318,0.386902,0.134914,0.63889,3.60332,-0.534279,7.74091,15.2696,-1.29085,31.8301,0.817173,0.266278,1.36807,0.848296,0.390112,1.30648,0.93,0.707229,1.15277,1.45392,0.0334614,2.87438,2.43364,-5.15259,10.0199,2.43041,-5.14591,10.0067,0.14664,-0.0124434,0.305724,273.766,-318.467,865.999,0.143937,-0.0191685,0.307042,0.067142,0.0560155,0.0782685,0.0857761,0.0613163,0.110236,53.7316,-113.127,220.59,56.1428,-118.183,230.468,0.95301,0.939194,0.966826,,,
25000,0.8,mid,G4,ml (biased),4,0.363046,0.14916,0.576931,-0.00125461,-0.00302207,0.000512838,0.00182289,0.000433157,0.00321262,0.00182045,0.000432975,0.00320793,-0.0047242,-0.012059,0.00261064,0.00597848,-0.000448876,0.0124058,0.00800381,-0.000597706,0.0166053,0.6125,0.148641,1.07636,2.28855,1.0219,3.55519,101.569,-24.5227,227.661,0.993652,0.977456,1.00985,0.994725,0.981775,1.00767,1,1,1,1.00891,0.993433,1.02438,0.0257929,-0.0283725,0.0799583,0.0257549,-0.0283322,0.079842,0.14664,-0.0124434,0.305724,273.766,-318.467,865.999,0.143937,-0.0191685,0.307042,0.067142,0.0560155,0.0782685,0.0857761,0.0613163,0.110236,,,,,,,,,,,,
25000,0.8,mid,G5,ml (biased),4,0.363046,0.14916,0.576931,0.0394058,-0.0161669,0.0949786,0.00226206,0.000635735,0.00388838,0.00472966,-0.00213699,0.0115963,0.148655,-0.14929,0.4466,0.149209,-0.148394,0.446811,0.00887157,-0.000471888,0.018215,254.117,-170.623,678.857,2.64627,0.315578,4.97697,68.7398,-14.4829,151.963,0.970159,0.882139,1.05818,0.977841,0.91399,1.04169,0.999167,0.996515,1.00182,0.878544,0.638514,1.11857,0.0313692,-0.0339291,0.0966675,0.0797622,-0.123219,0.282743,0.14664,-0.0124434,0.305724,273.766,-318.467,865.999,0.143937,-0.0191685,0.307042,0.067142,0.0560155,0.0782685,0.0857761,0.0613163,0.110236,0.620646,-0.679104,1.9204,0.697153,-0.785928,2.18023,0.909502,0.866074,0.952929,,,
25000,0.8,mid,G5-G3 (paired bias),ml (biased),4,0.363046,0.14916,0.576931,,,,,,,,,,0.136882,-0.130285,0.404049,0.147411,-0.148137,0.442958,0.0508313,-0.0808952,0.182558,36.7191,-55.1324,128.571,3.8153,-0.381047,8.01165,,,,,,,,,,,,,,,,,,,,,,0.14664,-0.0124434,0.305724,273.766,-318.467,865.999,0.143937,-0.0191685,0.307042,0.067142,0.0560155,0.0782685,0.0857761,0.0613163,0.110236,,,,,,,,,,0.151225,-0.148922,0.451372
25000,0.8,mid_greedy,G1,ml (biased),4,0.123648,0.0461137,0.201183,-0.0029042,-0.0279766,0.0221682,0.240399,-0.280339,0.761137,0.240303,-0.279997,0.760603,0.014215,-0.194614,0.223044,0.199636,0.0634124,0.335859,0.189764,0.0414875,0.33804,1.2584,-0.0217001,2.53851,5.44196,2.85358,8.03033,0.146118,-0.0813836,0.373619,0.349514,0.126843,0.572185,0.479708,0.16999,0.789426,0.758333,0.625449,0.891218,2.66691,1.05295,4.28088,12.7568,-4.41214,29.9257,12.7596,-4.39223,29.9115,0.0221655,0.00181882,0.0425122,769.608,209.774,1329.44,0.0154095,-0.00765503,0.0384741,0.067142,0.0560155,0.0782685,0.0933883,0.0686716,0.118105,,,,,,,,,,,,
25000,0.8,mid_greedy,G2,ml (biased),4,0.123648,0.0461137,0.201183,0.0054569,-0.0106536,0.0215674,0.181728,-0.192418,0.555874,0.181805,-0.192553,0.556163,0.0515583,-0.0578945,0.161011,0.177323,0.0371779,0.317468,0.166993,0.0466988,0.287286,1.09461,0.722899,1.46633,5.90864,1.97161,9.84567,0.175455,-0.0440712,0.394982,0.393948,0.184619,0.603276,0.545862,0.27588,0.815844,0.7825,0.672225,0.892775,2.51162,1.05306,3.97018,9.65191,-2.6529,21.9567,9.65697,-2.65611,21.9701,0.0221655,0.00181882,0.0425122,769.608,209.774,1329.44,0.0154095,-0.00765503,0.0384741,0.067142,0.0560155,0.0782685,0.0933883,0.0686716,0.118105,,,,,,,,,,,,
25000,0.8,mid_greedy,G3,ml (biased),4,0.123648,0.0461137,0.201183,0.00673267,-0.00804758,0.0215129,0.200661,-0.223968,0.625289,0.200752,-0.22404,0.625545,0.0664263,-0.0470754,0.179928,0.190904,0.0449987,0.336808,0.173536,0.0422687,0.304803,1.21256,0.724384,1.70074,5.71532,2.41582,9.01482,0.165722,-0.0493287,0.380772,0.381657,0.160126,0.603187,0.528657,0.236518,0.820796,0.768334,0.629918,0.906749,2.55071,1.03051,4.07091,10.5656,-3.44325,24.5745,10.5731,-3.44269,24.589,0.0221655,0.00181882,0.0425122,769.608,209.774,1329.44,0.0154095,-0.00765503,0.0384741,0.067142,0.0560155,0.0782685,0.0933883,0.0686716,0.118105,155.533,-41.3094,352.374,158.72,-42.404,359.845,0.977067,0.947246,1.00689,,,
25000,0.8,mid_greedy,G4,ml (biased),4,0.123648,0.0461137,0.201183,-0.000391553,-0.00353641,0.0027533,0.00135284,-0.000296825,0.00300251,0.00135277,-0.000292207,0.00299774,-0.000403725,-0.0307522,0.0299448,0.0185546,0.00100245,0.0361068,0.0173211,0.00999042,0.0246517,1.28104,-0.806383,3.36846,4.01859,2.16942,5.86776,14.0721,-2.21077,30.3549,0.970983,0.945286,0.99668,0.976656,0.956385,0.996926,1,1,1,1.03259,0.999141,1.06604,0.0947809,0.0257986,0.163763,0.0949004,0.0258456,0.163955,0.0221655,0.00181882,0.0425122,769.608,209.774,1329.44,0.0154095,-0.00765503,0.0384741,0.067142,0.0560155,0.0782685,0.0933883,0.0686716,0.118105,,,,,,,,,,,,
25000,0.8,mid_greedy,G5,ml (biased),4,0.123648,0.0461137,0.201183,0.0432794,-0.0035639,0.0901226,0.00163061,-0.000383929,0.00364515,0.00415369,-0.00295176,0.0112591,0.370509,0.0771983,0.663819,0.371051,0.0779015,0.6642,0.0188943,0.0112734,0.0265152,377.465,17.1048,737.825,5.35886,2.8062,7.91153,7.36327,-5.75791,20.4845,0.855873,0.707493,1.00425,0.889664,0.776296,1.00303,0.995833,0.982573,1.00909,0.782964,0.567526,0.998401,0.112259,0.0335061,0.191013,0.275019,0.0249138,0.525124,0.0221655,0.00181882,0.0425122,769.608,209.774,1329.44,0.0154095,-0.00765503,0.0384741,0.067142,0.0560155,0.0782685,0.0933883,0.0686716,0.118105,2.29525,0.705781,3.88471,2.58395,0.733939,4.43396,0.899181,0.832042,0.96632,,,
25000,0.8,mid_greedy,G5-G3 (paired bias),ml (biased),4,0.123648,0.0461137,0.201183,,,,,,,,,,0.325985,-0.0064609,0.658431,0.377524,0.0570843,0.697963,0.169456,0.0366992,0.302213,6.55269,-3.55863,16.664,5.67842,2.39585,8.96098,,,,,,,,,,,,,,,,,,,,,,0.0221655,0.00181882,0.0425122,769.608,209.774,1329.44,0.0154095,-0.00765503,0.0384741,0.067142,0.0560155,0.0782685,0.0933883,0.0686716,0.118105,,,,,,,,,,0.375317,0.0840078,0.666627
25000,0.8,source,G1,ml (biased),4,1,1,1,-0.00278461,-0.00369449,-0.00187473,0.00451527,0.000372935,0.0086576,0.00450726,0.000368056,0.00864647,-0.00278461,-0.00369449,-0.00187473,0.00241977,0.000410094,0.00442944,0.00377867,0.00216375,0.00539359,0.414059,0.0366249,0.791493,1.31841,1.25918,1.37764,263.882,108.631,419.134,0.999704,0.999448,0.999961,0.999715,0.999473,0.999956,1,1,1,1.00134,0.997428,1.00525,0.00451527,0.000372935,0.0086576,0.00450726,0.000368056,0.00864647,0.999999,0.999999,0.999999,1.00462,1.00412,1.00511,1,1,1,0.067142,0.0560155,0.0782685,0.067142,0.0560155,0.0782685,,,,,,,,,,,,
25000,0.8,source,G2,ml (biased),4,1,1,1,-0.00181401,-0.00672259,0.00309457,0.00375244,-6.582e-05,0.0075707,0.00374543,-5.77614e-05,0.00754862,-0.00181401,-0.00672259,0.00309457,0.00208941,0.000135781,0.00404303,0.00342429,0.00179908,0.0050495,0.600982,-0.741263,1.94323,1.31221,1.23443,1.38999,329.968,118.224,541.711,0.999759,0.999525,0.999993,0.999767,0.999546,0.999989,1,1,1,1.0011,0.997824,1.00438,0.00375244,-6.582e-05,0.0075707,0.00374543,-5.77614e-05,0.00754862,0.999999,0.999999,0.999999,1.00462,1.00412,1.00511,1,1,1,0.067142,0.0560155,0.0782685,0.067142,0.0560155,0.0782685,,,,,,,,,,,,
25000,0.8,source,G3,ml (biased),4,1,1,1,-0.00176652,-0.00644469,0.00291164,0.00391489,-0.000173422,0.00800321,0.0039082,-0.000165627,0.00798204,-0.00176652,-0.00644469,0.00291164,0.00234354,0.000635152,0.00405192,0.00349165,0.00178966,0.00519364,0.632103,-0.526525,1.79073,1.31236,1.23936,1.38537,319.515,110.481,528.549,0.999749,0.999501,0.999997,0.999758,0.999525,0.999992,1,1,1,1.00096,0.997116,1.0048,0.00391489,-0.000173422,0.00800321,0.0039082,-0.000165627,0.00798204,0.999999,0.999999,0.999999,1.00462,1.00412,1.00511,1,1,1,0.067142,0.0560155,0.0782685,0.067142,0.0560155,0.0782685,0.092763,-0.000882049,0.186408,0.0974805,-0.00290089,0.197862,0.955703,0.934561,0.976844,,,
25000,0.8,source,G4,ml (biased),4,1,1,1,-0.00162395,-0.00604278,0.00279489,0.0030454,-5.59576e-05,0.00614675,0.00303977,-4.9435e-05,0.00612898,-0.00162395,-0.00604278,0.00279489,0.0019001,0.00014332,0.00365688,0.0030847,0.00161944,0.00454996,0.606666,-0.737408,1.95074,1.3121,1.23423,1.38997,406.639,145.617,667.661,0.999806,0.999617,0.999995,0.999811,0.999632,0.99999,1,1,1,1.00099,0.998018,1.00397,0.0030454,-5.59576e-05,0.00614675,0.00303977,-4.9435e-05,0.00612898,0.999999,0.999999,0.999999,1.00462,1.00412,1.00511,1,1,1,0.067142,0.0560155,0.0782685,0.067142,0.0560155,0.0782685,,,,,,,,,,,,
25000,0.8,source,G5,ml (biased),4,1,1,1,0.0023836,-0.00583784,0.010605,0.00346647,-0.000154889,0.00708782,0.00348859,-0.000185833,0.00716302,0.0023836,-0.00583784,0.010605,0.0048652,-0.000947981,0.0106784,0.00328571,0.00168499,0.00488644,2.33757,-0.94336,5.61849,1.30081,1.22147,1.38015,361.79,128.158,595.422,0.999787,0.999583,0.999991,0.999793,0.999597,0.999989,1,1,1,1.00361,0.995602,1.01162,0.00346647,-0.000154889,0.00708782,0.00348859,-0.000185833,0.00716302,0.999999,0.999999,0.999999,1.00462,1.00412,1.00511,1,1,1,0.067142,0.0560155,0.0782685,0.067142,0.0560155,0.0782685,0.0751838,-0.000700843,0.151068,0.0793572,-0.00252096,0.161235,0.951947,0.928522,0.975371,,,
25000,0.8,source,G5-G3 (paired bias),ml (biased),4,1,1,1,,,,,,,,,,0.00471509,-1.79558e-05,0.00944814,0.00472715,5.49279e-06,0.00944881,0.000277218,0.000145432,0.000409003,360.486,-159.223,880.195,1.38638,1.32189,1.45088,,,,,,,,,,,,,,,,,,,,,,0.999999,0.999999,0.999999,1.00462,1.00412,1.00511,1,1,1,0.067142,0.0560155,0.0782685,0.067142,0.0560155,0.0782685,,,,,,,,,,0.00463117,-0.00019477,0.00945712
25000,0.8,value,G1,ml (biased),4,0.00489187,-0.00247273,0.0122565,-0.00423975,-0.0217448,0.0132653,0.171856,-0.0460659,0.389778,0.171814,-0.0459835,0.389612,-0.00423975,-0.0217448,0.0132653,0.0216939,0.00741422,0.0359735,0.0219966,0.00466269,0.0393306,1.26433,-0.213665,2.74233,3.99846,0.509456,7.48746,-0.000261737,-0.00114087,0.000617397,0.0211619,-0.0405132,0.0828371,0.0191148,-0.0262186,0.0644482,0.5775,0.360859,0.794141,91.3677,-137.761,320.496,0.171856,-0.0460659,0.389778,0.171814,-0.0459835,0.389612,0.00797683,-0.000694705,0.0166484,3065.74,-1628.55,7760.02,0.00285662,-0.00145016,0.0071634,0.067142,0.0560155,0.0782685,0.121692,0.077095,0.166289,,,,,,,,,,,,
25000,0.8,value,G2,ml (biased),4,0.00489187,-0.00247273,0.0122565,-0.0135881,-0.0651026,0.0379265,0.560262,-0.657241,1.77777,0.559342,-0.655191,1.77388,-0.0135881,-0.0651026,0.0379265,0.028931,0.00953121,0.0483308,0.0366681,-0.00535123,0.0786873,0.824207,0.276708,1.37171,2.30773,0.438554,4.17691,-0.000838539,-0.00334343,0.00166635,0.232352,-0.158556,0.623261,0.260236,-0.304086,0.824557,0.749167,0.494336,1.004,133.775,-208.743,476.293,0.560262,-0.657241,1.77777,0.559342,-0.655191,1.77388,0.00797683,-0.000694705,0.0166484,3065.74,-1628.55,7760.02,0.00285662,-0.00145016,0.0071634,0.067142,0.0560155,0.0782685,0.121692,0.077095,0.166289,,,,,,,,,,,,
25000,0.8,value,G3,ml (biased),4,0.00489187,-0.00247273,0.0122565,-0.0089491,-0.0472905,0.0293923,0.374954,-0.442477,1.19239,0.374582,-0.441442,1.19061,-0.0089491,-0.0472905,0.0293923,0.0271,0.00504363,0.0491563,0.0295609,-0.00606745,0.0651892,1.26437,-0.389078,2.91782,2.49162,1.83501,3.14824,-0.000584031,-0.00204641,0.000878345,0.0591831,-0.0737162,0.192082,0.0187103,-0.0640921,0.101513,0.541667,0.366685,0.716648,121.544,-189.992,433.079,0.374954,-0.442477,1.19239,0.374582,-0.441442,1.19061,0.00797683,-0.000694705,0.0166484,3065.74,-1628.55,7760.02,0.00285662,-0.00145016,0.0071634,0.067142,0.0560155,0.0782685,0.121692,0.077095,0.166289,3.68785,-6.9533,14.329,3.59119,-7.06291,14.2453,1.35891,0.723415,1.99441,,,
25000,0.8,value,G4,ml (biased),4,0.00489187,-0.00247273,0.0122565,-0.0010641,-0.00146396,-0.000664243,0.00115157,0.000362968,0.00194017,0.00115039,0.000361504,0.00193927,-0.0010641,-0.00146396,-0.000664243,0.00154684,0.000598898,0.00249479,0.00192308,0.00123483,0.00261134,0.636561,0.271777,1.00134,11.7089,0.271317,23.1466,0.0438743,-0.0617103,0.149459,0.303569,-0.130659,0.737796,0.350845,-0.248919,0.950609,0.815833,0.519805,1.11186,16.0947,-19.3635,51.5528,0.00115157,0.000362968,0.00194017,0.00115039,0.000361504,0.00193927,0.00797683,-0.000694705,0.0166484,3065.74,-1628.55,7760.02,0.00285662,-0.00145016,0.0071634,0.067142,0.0560155,0.0782685,0.121692,0.077095,0.166289,,,,,,,,,,,,
25000,0.8,value,G5,ml (biased),4,0.00489187,-0.00247273,0.0122565,0.0060284,0.00156996,0.0104868,0.00116651,0.000279942,0.00205309,0.00120874,0.000342016,0.00207546,0.0060284,0.00156996,0.0104868,0.00638222,0.00211816,0.0106463,0.00192815,0.00116919,0.0026871,14.8291,-10.8333,40.4914,11.5217,-0.194972,23.2384,0.00445803,-0.00561268,0.0145287,0.047878,-0.152275,0.248031,0.0221264,-0.111288,0.155541,0.536667,0.294957,0.778376,16.2965,-20.6882,53.2812,0.00116651,0.000279942,0.00205309,0.00120874,0.000342016,0.00207546,0.00797683,-0.000694705,0.0166484,3065.74,-1628.55,7760.02,0.00285662,-0.00145016,0.0071634,0.067142,0.0560155,0.0782685,0.121692,0.077095,0.166289,0.027159,0.00253629,0.0517817,0.0283621,0.00240418,0.0543201,0.960884,0.92735,0.994418,,,
25000,0.8,value,G5-G3 (paired bias),ml (biased),4,0.00489187,-0.00247273,0.0122565,,,,,,,,,,-0.00840438,-0.0463949,0.0295862,0.0259139,0.000554405,0.0512735,0.0291515,-0.00661219,0.0649152,0.920288,0.408585,1.43199,2.31855,1.76448,2.87262,,,,,,,,,,,,,,,,,,,,,,0.00797683,-0.000694705,0.0166484,3065.74,-1628.55,7760.02,0.00285662,-0.00145016,0.0071634,0.067142,0.0560155,0.0782685,0.121692,0.077095,0.166289,,,,,,,,,,0.00634461,0.00196272,0.0107265
