dataset,bias,seed,lgs,train_size,share,state,V,greedy,pop_ess_share,target_mass_low_p0,pop_w_max,w_ess_share,w_max,w_q99.9,w_q50,qhat_rmse_logging,qhat_rmse_target,gstar_rel_source,estimator,R,gstar_norm,ref_norm,rel_bias_raw,rel_bias,rel_bias_floor,bias_ratio,t_along_gstar,p_along_gstar,snr,cos_mean,cos_median,p_positive,p_positive_lo,p_positive_hi,norm_ratio,rel_total_var,rel_mse,noise_rank_eff,p_bias_ratio,p_bias_hotelling,top5_var_share,p_bias_hotelling_drop3,rel_bias_src,rel_bias_floor_src,rel_total_var_src,rel_mse_src,rel_bias_lo,rel_bias_hi,snr_lo,snr_hi,cos_mean_lo,cos_mean_hi,rel_mse_lo,rel_mse_hi,mb_rel_sq_to_full,mb_rel_mse,mb_noise_share,cond_rel_bias,cond_rel_bias_raw,cond_rel_bias_floor,cond_cos_with_paired,cond_bias_cos_gstar,p_bias_ratio_vis,p_bias_hotelling_vis,bias_ratio_vis,hidden_mass,gvis_rel_gstar,p_bias_ratio_vis@0.1,p_bias_hotelling_vis@0.1,hidden_mass@0.1,p_bias_ratio_vis@10,p_bias_hotelling_vis@10,hidden_mass@10
anime,high,100,0.8,25000,0.8,source,0.0889356,0.114068,1,0.0822752,1,1,1,1,1,0.0572447,0.0572447,1,G1,300,1.37112,1.37112,0.0034363,-0.0042978,0.00550265,0.389975,0.567223,0.570988,110.738,0.999558,0.999577,1,0.987357,1,1.0034,0.00908376,0.00906529,1.21683,0.573007,0.836147,0.117278,0.234888,-0.0042978,0.00550265,0.00908376,0.00906529,-0.00514502,0.0115868,95.347,127.268,0.999547,0.999568,0.00789042,0.0105245,,,,,,,,,,,,,,,,,,,
anime,high,100,0.8,25000,0.8,source,0.0889356,0.114068,1,0.0822752,1,1,1,1,1,0.0572447,0.0572447,1,G2,300,1.37112,1.37112,0.00280823,-0.00430261,0.00513796,0.298735,0.470384,0.638424,126.848,0.999617,0.999633,1,0.987357,1,1.00268,0.00791958,0.00790107,1.21585,0.629418,0.818296,0.125638,0.483712,-0.00430261,0.00513796,0.00791958,0.00790107,-0.00484312,0.010311,109.777,143.735,0.999608,0.999625,0.00696976,0.00914674,,,,,,,,,,,,,,,,,,,
anime,high,100,0.8,25000,0.8,source,0.0889356,0.114068,1,0.0822752,1,1,1,1,1,0.0572447,0.0572447,1,G3,300,1.37112,1.37112,0.00313998,-0.00406422,0.00513589,0.373786,0.548123,0.584017,127.044,0.999602,0.999621,1,0.987357,1,1.00307,0.00791322,0.0078967,1.22586,0.583982,0.712765,0.124343,0.319562,-0.00406422,0.00513589,0.00791322,0.0078967,-0.00475732,0.010718,110.195,146.053,0.999593,0.999611,0.00688683,0.00906818,0.181157,0.18671,0.970258,,,,,,,,,,,,,,,,
anime,high,100,0.8,25000,0.8,source,0.0889356,0.114068,1,0.0822752,1,1,1,1,1,0.0572447,0.0572447,1,G4,300,1.37112,1.37112,0.00249952,-0.00389103,0.00462469,0.292111,0.462415,0.64412,156.484,0.999691,0.999702,1,0.987357,1,1.00234,0.00641632,0.00640118,1.21604,0.633939,0.820225,0.126011,0.493107,-0.00389103,0.00462469,0.00641632,0.00640118,-0.0043566,0.00926957,135.337,177.546,0.999684,0.999697,0.00564467,0.00741789,,,,,,,,,,,,,,,,,,,
anime,high,100,0.8,25000,0.8,source,0.0889356,0.114068,1,0.0822752,1,1,1,1,1,0.0572447,0.0572447,1,G5,300,1.37112,1.37112,0.00505779,0.00116042,0.00492287,1.05556,0.982916,0.326444,138.813,0.999661,0.999675,1,0.987357,1,1.00495,0.0072704,0.00727174,1.20817,0.317601,0.906024,0.125246,0.711158,0.00116042,0.00492287,0.0072704,0.00727174,-0.0044122,0.0127176,120.832,158.889,0.999653,0.999667,0.00635508,0.00835963,0.14674,0.152172,0.964303,,,,,,,,,,,,,,,,
anime,high,100,0.8,25000,0.8,source,0.0889356,0.114068,1,0.0822752,1,1,1,1,1,0.0572447,0.0572447,1,G5-G3 (paired bias),,,,0.00243081,0.00240825,0.000330385,54.1328,,,,,,,,,,,,1.47548,1.37762e-18,2.4232e-74,0.100938,,,,,,,,,,,,,,,,,0.00264486,0.00267265,0.000384384,0.995407,0.838199,,,,,,,,,,,
anime,high,100,0.8,25000,0.8,likelihood,0.185973,0.185992,5.48169e-05,0.1011,1.0564e+08,0.00114683,4527.67,167.742,0,0.0572447,0.0966819,0.0376969,G1,300,0.0516869,0.0516869,8.3324,1.13464,8.25478,1.01889,-1.34749,0.178844,-7.9795e-05,0.0256589,0.0219555,0.543333,0.486773,0.598798,46.1989,20442.4,20443.7,2.07547,0.363193,0.31918,0.883997,0.294193,0.0427726,0.31118,29.0498,29.0517,1.92306,18.7152,0.000150026,0.00757271,0.008552,0.0427836,2855.26,53582.1,,,,,,,,,0.386006,0.326692,0.958869,0.688237,1.28827,0.382906,0.315881,0.31261,0.381713,0.295542,0.937514
anime,high,100,0.8,25000,0.8,likelihood,0.185973,0.185992,5.48169e-05,0.1011,1.0564e+08,0.00114683,4527.67,167.742,0,0.0572447,0.0966819,0.0376969,G2,300,0.0516869,0.0516869,6.87886,-2.22899,7.23098,0.904979,-0.5961,0.551559,-0.000352949,0.0260225,0.0278513,0.58,0.523482,0.634495,52.7317,15686.1,15681.2,2.97705,0.43709,0.844881,0.796258,0.717138,-0.084026,0.272586,22.2909,22.2838,1.71017,15.1153,0.000218987,0.00769028,0.00953602,0.042317,3776.99,37478.6,,,,,,,,,0.455384,0.792166,0.869376,0.688237,1.28827,0.459069,0.886494,0.31261,0.446104,0.786725,0.937514
anime,high,100,0.8,25000,0.8,likelihood,0.185973,0.185992,5.48169e-05,0.1011,1.0564e+08,0.00114683,4527.67,167.742,0,0.0572447,0.0966819,0.0376969,G3,300,0.0516869,0.0516869,7.44966,-1.747,7.65176,0.947873,-0.830058,0.407168,-0.000251769,0.0143118,0.00565207,0.523333,0.466877,0.579199,50.9331,17564.8,17561.8,2.27755,0.397159,0.773108,0.836643,0.799886,-0.0658565,0.288448,24.9606,24.9563,1.78149,16.6365,0.000155708,0.00746114,-0.00203728,0.0309744,3183.79,44191.4,493554,518179,0.952478,,,,,,0.418033,0.712829,0.899067,0.688237,1.28827,0.41879,0.794291,0.31261,0.410283,0.71321,0.937514
anime,high,100,0.8,25000,0.8,likelihood,0.185973,0.185992,5.48169e-05,0.1011,1.0564e+08,0.00114683,4527.67,167.742,0,0.0572447,0.0966819,0.0376969,G4,300,0.0516869,0.0516869,0.0907468,0.047047,0.0775988,1.36758,-1.15204,0.250225,0.539791,0.599146,0.609279,1,0.987357,1,1.65193,1.80647,1.80869,63.0217,0.0279562,0.0543517,0.0409582,0.308218,0.00177352,0.00292523,0.0025671,0.00257024,0.0678091,0.113766,0.510514,0.576243,0.586828,0.610391,1.74,1.89754,,,,,,,,,0,1.02968e-91,266.512,0.688237,1.28827,0,2.60605e-74,0.31261,0,6.2284e-83,0.937514
anime,high,100,0.8,25000,0.8,likelihood,0.185973,0.185992,5.48169e-05,0.1011,1.0564e+08,0.00114683,4527.67,167.742,0,0.0572447,0.0966819,0.0376969,G5,300,0.0516869,0.0516869,1.17348,1.17031,0.0862487,185.119,-51.5599,7.90562e-151,0.320082,0.101905,0.10283,0.733333,0.680572,0.780195,1.69549,2.23165,3.60128,43.9466,0,3.46729e-75,0.0369688,3.00531e-68,0.0441171,0.00325131,0.0031713,0.00511762,1.14042,1.20975,0.292915,0.354406,0.0841867,0.118288,3.47686,3.72372,42.8243,46.4881,0.921189,,,,,,0,4.16411e-96,360.357,0.688237,1.28827,0,6.80306e-91,0.31261,0,1.25454e-77,0.937514
anime,high,100,0.8,25000,0.8,likelihood,0.185973,0.185992,5.48169e-05,0.1011,1.0564e+08,0.00114683,4527.67,167.742,0,0.0572447,0.0966819,0.0376969,G5-G3 (paired bias),,,,7.53499,-1.31291,7.64852,0.970534,,,,,,,,,,,,2.27349,0.387685,0.552634,0.837392,,,,,,,,,,,,,,,,,1.17704,1.1776,0.0363133,0.161265,-0.69507,,,,,,,,,,,
anime,high,100,0.8,25000,0.8,mid,0.156211,0.161436,0.0105111,0.00593035,158381,0.0168121,718.764,83.2235,0.0118404,0.0572447,0.0835036,0.299304,G1,300,0.410382,0.410382,0.096108,-0.0460262,0.106561,0.81344,-0.503948,0.614669,0.268513,0.407174,0.613613,0.78,0.729746,0.823173,1.70585,3.40655,3.40443,2.57241,0.470022,0.0105082,0.258168,0.0927512,-0.0137759,0.031894,0.305169,0.304979,-0.0583606,0.216241,0.186699,0.371715,0.347023,0.466695,2.59991,4.37701,,,,,,,,,,,,,,,,,,,
anime,high,100,0.8,25000,0.8,mid,0.156211,0.161436,0.0105111,0.00593035,158381,0.0168121,718.764,83.2235,0.0118404,0.0572447,0.0835036,0.299304,G2,300,0.410382,0.410382,0.0709756,-0.0617198,0.0940578,0.569415,-0.365521,0.714981,0.355607,0.481975,0.694555,0.803333,0.75464,0.844356,1.62874,2.65406,2.65025,2.74288,0.619701,0.139635,0.207375,0.201252,-0.018473,0.0281519,0.237759,0.237418,-0.0572292,0.177471,0.262016,0.468932,0.422271,0.539849,2.13874,3.27711,,,,,,,,,,,,,,,,,,,
anime,high,100,0.8,25000,0.8,mid,0.156211,0.161436,0.0105111,0.00593035,158381,0.0168121,718.764,83.2235,0.0118404,0.0572447,0.0835036,0.299304,G3,300,0.410382,0.410382,0.0825274,-0.0524362,0.0977769,0.7124,-0.47949,0.631941,0.322721,0.452897,0.67869,0.786667,0.736836,0.829248,1.64149,2.8681,2.86535,2.6996,0.530317,0.095062,0.234916,0.0515661,-0.0156944,0.0292651,0.256933,0.256687,-0.0553247,0.192128,0.232764,0.433802,0.393712,0.507914,2.22824,3.63818,70.3037,73.583,0.955434,,,,,,,,,,,,,,,,
anime,high,100,0.8,25000,0.8,mid,0.156211,0.161436,0.0105111,0.00593035,158381,0.0168121,718.764,83.2235,0.0118404,0.0572447,0.0835036,0.299304,G4,300,0.410382,0.410382,0.00726828,-0.00808295,0.0108702,0.44708,-0.347337,0.728582,28.0391,0.992838,0.993776,1,0.987357,1,1.00378,0.0354486,0.0353833,2.35342,0.671674,0.0467219,0.0834002,0.293715,-0.00241926,0.00325351,0.0031756,0.00316974,-0.00683376,0.0207483,25.6843,31.4592,0.992471,0.99323,0.0322294,0.0383916,,,,,,,,,,,,,,,,,,,
anime,high,100,0.8,25000,0.8,mid,0.156211,0.161436,0.0105111,0.00593035,158381,0.0168121,718.764,83.2235,0.0118404,0.0572447,0.0835036,0.299304,G5,300,0.410382,0.410382,0.192315,0.191908,0.0125095,236.347,-16.3481,2.30144e-43,15.3662,0.977027,0.979227,1,0.987357,1,0.860845,0.0469459,0.0837745,2.67098,6.42948e-137,2.14455e-88,0.0912518,6.81871e-85,0.0574388,0.00374413,0.00420556,0.00750478,0.178924,0.207145,13.7928,17.2762,0.975859,0.978013,0.0769385,0.0915284,0.887699,0.987745,0.898712,,,,,,,,,,,,,,,,
anime,high,100,0.8,25000,0.8,mid,0.156211,0.161436,0.0105111,0.00593035,158381,0.0168121,718.764,83.2235,0.0118404,0.0572447,0.0835036,0.299304,G5-G3 (paired bias),,,,0.17029,0.141433,0.0948437,3.22375,,,,,,,,,,,,2.71929,0.0256057,2.8184e-06,0.246066,,,,,,,,,,,,,,,,,0.189918,0.190077,0.00775755,0.908899,-0.815979,,,,,,,,,,,
anime,high,100,0.8,25000,0.8,mid_greedy,0.162317,0.166712,0.00499647,0.0102486,724784,0.00988343,1084.09,100.7,0.00232036,0.0572447,0.0860097,0.233119,G1,300,0.319633,0.319633,0.14599,-0.0725911,0.163041,0.801769,-0.56999,0.569112,0.107721,0.247663,0.308103,0.673333,0.618361,0.723922,2.40817,7.97474,7.96947,3.10003,0.496195,0.311521,0.262162,0.131273,-0.0169223,0.038008,0.433381,0.433095,-0.0813627,0.302995,0.0669158,0.159428,0.186563,0.304279,6.15095,10.0818,,,,,,,,,,,,,,,,,,,
anime,high,100,0.8,25000,0.8,mid_greedy,0.162317,0.166712,0.00499647,0.0102486,724784,0.00988343,1084.09,100.7,0.00232036,0.0572447,0.0860097,0.233119,G2,300,0.319633,0.319633,0.120532,-0.0907524,0.150878,0.638202,-0.477232,0.633545,0.129844,0.3159,0.520024,0.703333,0.649336,0.752189,2.35537,6.82921,6.82097,3.13145,0.596961,0.771411,0.211139,0.203226,-0.0211561,0.0351724,0.371128,0.370681,-0.0803788,0.263597,0.0865346,0.192167,0.252853,0.375983,5.59368,8.37115,,,,,,,,,,,,,,,,,,,
anime,high,100,0.8,25000,0.8,mid_greedy,0.162317,0.166712,0.00499647,0.0102486,724784,0.00988343,1084.09,100.7,0.00232036,0.0572447,0.0860097,0.233119,G3,300,0.319633,0.319633,0.161748,0.0435357,0.155779,1.0781,-0.908765,0.364206,0.1093,0.279622,0.477326,0.676667,0.621791,0.727075,2.36939,7.28015,7.28205,3.13777,0.358394,0.647438,0.222577,0.0873856,0.010149,0.036315,0.395634,0.395737,-0.0816343,0.318432,0.0697344,0.169211,0.211427,0.339251,5.81821,9.0293,145.114,151.618,0.957102,,,,,,,,,,,,,,,,
anime,high,100,0.8,25000,0.8,mid_greedy,0.162317,0.166712,0.00499647,0.0102486,724784,0.00988343,1084.09,100.7,0.00232036,0.0572447,0.0860097,0.233119,G4,300,0.319633,0.319633,0.00813576,-0.010109,0.0129762,0.393097,-0.135674,0.89217,19.7406,0.988522,0.990443,1,0.987357,1,1.00936,0.0505147,0.0504125,2.60182,0.72923,0.529692,0.0755032,0.422355,-0.00235659,0.003025,0.00274518,0.00273963,-0.00759011,0.0232617,18.1099,22.0806,0.987827,0.98923,0.0459917,0.0549622,,,,,,,,,,,,,,,,,,,
anime,high,100,0.8,25000,0.8,mid_greedy,0.162317,0.166712,0.00499647,0.0102486,724784,0.00988343,1084.09,100.7,0.00232036,0.0572447,0.0860097,0.233119,G5,300,0.319633,0.319633,0.262744,0.26231,0.0150958,302.936,-18.6144,6.78246e-52,9.53676,0.952297,0.959091,1,0.987357,1,0.827389,0.068365,0.137171,3.02166,4.38149e-198,1.00249e-96,0.0879225,3.93213e-90,0.0611492,0.00351911,0.00371525,0.00745447,0.24805,0.279459,8.58601,10.7062,0.9489,0.955144,0.126672,0.147784,1.243,1.38388,0.898199,,,,,,,,,,,,,,,,
anime,high,100,0.8,25000,0.8,mid_greedy,0.162317,0.166712,0.00499647,0.0102486,724784,0.00988343,1084.09,100.7,0.00232036,0.0572447,0.0860097,0.233119,G5-G3 (paired bias),,,,0.215357,0.151417,0.153138,1.97765,,,,,,,,,,,,3.14293,0.111827,0.000213999,0.230349,,,,,,,,,,,,,,,,,0.260478,0.260639,0.00916282,0.796617,-0.790894,,,,,,,,,,,
anime,high,100,0.8,25000,0.8,value,0.223933,0.223935,1.48942e-05,0.223596,3.70951e+09,0.000591009,7101.64,132.178,0,0.0572447,0.137101,0.00907032,G1,300,0.0124365,1.37112,0.133791,0.0925566,0.0966093,1.91786,-1.33312,0.183508,0.00300397,-0.0341032,-0.0366363,0.336667,0.285554,0.391909,67.5952,2.80001,2.80858,10.4836,0.0351906,0.134548,0.510218,0.0037294,0.0925566,0.0966093,2.80001,2.80858,0.0716831,0.202434,0.00295351,0.0106032,-0.045614,-0.0222933,1.50605,4.3512,,,,,,,,,0.0837518,0.193975,1.64382,0.821657,3.08454,0.143445,0.209389,0.50095,0.0419269,0.159734,0.968585
anime,high,100,0.8,25000,0.8,value,0.223933,0.223935,1.48942e-05,0.223596,3.70951e+09,0.000591009,7101.64,132.178,0,0.0572447,0.137101,0.00907032,G2,300,0.0124365,1.37112,0.136472,0.0623349,0.121404,1.26363,0.10213,0.918722,0.000905637,0.0880595,0.083129,0.706667,0.652793,0.755314,109.706,4.42166,4.42555,13.1459,0.225999,0.113144,0.463329,0.130935,0.0623349,0.121404,4.42166,4.42555,0.074305,0.20321,0.0018986,0.00740448,0.071327,0.1059,2.50522,6.88215,,,,,,,,,0.267577,0.0853972,1.20426,0.821657,3.08454,0.282067,0.0653034,0.50095,0.225075,0.0953629,0.968585
anime,high,100,0.8,25000,0.8,value,0.223933,0.223935,1.48942e-05,0.223596,3.70951e+09,0.000591009,7101.64,132.178,0,0.0572447,0.137101,0.00907032,G3,300,0.0124365,1.37112,0.130916,0.0696604,0.110844,1.39495,-0.0933323,0.925702,0.00133284,0.0141886,0.0087822,0.546667,0.490097,0.602056,102.834,3.68593,3.69078,17.358,0.125418,0.065381,0.358195,0.460987,0.0696604,0.110844,3.68593,3.69078,0.0764678,0.189534,0.00201937,0.00780322,0.00181859,0.0275903,2.36176,5.10746,105.992,111.483,0.950748,,,,,,0.198223,0.0732513,1.2714,0.821657,3.08454,0.263417,0.0493876,0.50095,0.131096,0.0624548,0.968585
anime,high,100,0.8,25000,0.8,value,0.223933,0.223935,1.48942e-05,0.223596,3.70951e+09,0.000591009,7101.64,132.178,0,0.0572447,0.137101,0.00907032,G4,300,0.0124365,1.37112,0.00430459,0.000996973,0.00418755,1.05668,1.60095,0.110443,0.0184495,0.238562,0.238988,0.91,0.872222,0.93741,6.67485,0.00526067,0.00526167,31.3812,0.380447,0.738365,0.131724,0.741344,0.000996973,0.00418755,0.00526067,0.00526167,0.00267932,0.0060738,0.017417,0.0282361,0.219586,0.259331,0.00445135,0.00604573,,,,,,,,,1.02448e-294,1.51239e-41,47.6143,0.821657,3.08454,0,2.53416e-59,0.50095,1.11519e-83,4.60934e-11,0.968585
anime,high,100,0.8,25000,0.8,value,0.223933,0.223935,1.48942e-05,0.223596,3.70951e+09,0.000591009,7101.64,132.178,0,0.0572447,0.137101,0.00907032,G5,300,0.0124365,1.37112,0.0213163,0.0208561,0.00440518,23.4151,-21.7915,1.06122e-63,0.0572751,-0.0153819,-0.0201575,0.436667,0.381693,0.493242,6.87541,0.00582168,0.00625666,26.7086,9.35262e-115,9.71469e-29,0.154549,5.20331e-15,0.0208561,0.00440518,0.00582168,0.00625666,0.0196774,0.022883,0.0490091,0.0764147,-0.0267886,-0.00270255,0.00512929,0.00720218,0.109819,0.113879,0.964341,,,,,,2.91867e-114,4.13784e-25,23.3264,0.821657,3.08454,3.49861e-266,7.14714e-46,0.50095,2.07411e-93,9.81616e-26,0.968585
anime,high,100,0.8,25000,0.8,value,0.223933,0.223935,1.48942e-05,0.223596,3.70951e+09,0.000591009,7101.64,132.178,0,0.0572447,0.137101,0.00907032,G5-G3 (paired bias),,,,0.126465,0.06218,0.110123,1.31882,,,,,,,,,,,,17.0582,0.168787,0.0917234,0.362731,,,,,,,,,,,,,,,,,0.0213108,0.0213423,0.00115894,-0.103839,-0.507508,,,,,,,,,,,
anime,none,100,0.8,25000,0.8,source,0.236981,0.297118,1,0.0231288,1,1,1.00001,1,1,0.0299343,0.0299343,1,G1,300,3.01867,3.01867,0.0049061,0.00382683,0.00307005,2.55378,1.65899,0.0981668,357.052,0.999834,0.999837,1,0.987357,1,1.00495,0.00282756,0.0028422,1.28192,0.100619,0.132734,0.110442,0.552862,0.00382683,0.00307005,0.00282756,0.0028422,-0.00266029,0.00927675,310.998,423.984,0.999832,0.999837,0.00241692,0.00324019,,,,,,,,,,,,,,,,,,,
anime,none,100,0.8,25000,0.8,source,0.236981,0.297118,1,0.0231288,1,1,1.00001,1,1,0.0299343,0.0299343,1,G2,300,3.01867,3.01867,0.0055142,0.00479169,0.00272876,4.08351,2.11672,0.0351096,452.542,0.999876,0.999879,1,0.987357,1,1.00557,0.00223385,0.00225681,1.26658,0.0337772,0.272826,0.118568,0.282563,0.00479169,0.00272876,0.00223385,0.00225681,-0.00230892,0.00895793,393.966,539.314,0.999873,0.999877,0.00189187,0.00261885,,,,,,,,,,,,,,,,,,,
anime,none,100,0.8,25000,0.8,source,0.236981,0.297118,1,0.0231288,1,1,1.00001,1,1,0.0299343,0.0299343,1,G3,300,3.01867,3.01867,0.00552702,0.00480938,0.00272356,4.1182,2.12717,0.0342244,454.285,0.999875,0.999878,1,0.987357,1,1.00558,0.00222534,0.00224847,1.26938,0.0328753,0.271962,0.116513,0.326734,0.00480938,0.00272356,0.00222534,0.00224847,-0.00230219,0.00869003,395.671,539.052,0.999873,0.999877,0.00188791,0.00260834,0.0523787,0.0545935,0.959431,,,,,,,,,,,,,,,,
anime,none,100,0.8,25000,0.8,source,0.236981,0.297118,1,0.0231288,1,1,1.00001,1,1,0.0299343,0.0299343,1,G4,300,3.01867,3.01867,0.00497097,0.00432105,0.00245744,4.09181,2.11885,0.0349278,557.394,0.999899,0.999901,1,0.987357,1,1.00501,0.0018117,0.00183038,1.26631,0.0335889,0.275503,0.118594,0.287936,0.00432105,0.00245744,0.0018117,0.00183038,-0.00207362,0.00806227,485.6,664.592,0.999898,0.999901,0.00153363,0.00212359,,,,,,,,,,,,,,,,,,,
anime,none,100,0.8,25000,0.8,source,0.236981,0.297118,1,0.0231288,1,1,1.00001,1,1,0.0299343,0.0299343,1,G5,300,3.01867,3.01867,0.0050012,0.00428885,0.0025725,3.77952,2.0333,0.0429049,508.675,0.999891,0.999894,1,0.987357,1,1.00504,0.00198533,0.00200372,1.26116,0.0420403,0.299503,0.116528,0.43282,0.00428885,0.0025725,0.00198533,0.00200372,-0.00216702,0.00813865,443.318,600.343,0.999889,0.999893,0.00168286,0.00232325,0.0424418,0.0444085,0.955714,,,,,,,,,,,,,,,,
anime,none,100,0.8,25000,0.8,source,0.236981,0.297118,1,0.0231288,1,1,1.00001,1,1,0.0299343,0.0299343,1,G5-G3 (paired bias),,,,0.000527916,0.000487834,0.000201775,6.84535,,,,,,,,,,,,1.35372,0.0041851,0.0384745,0.121341,,,,,,,,,,,,,,,,,-0.000166854,4.87012e-05,0.000173816,-0.300315,0.313484,,,,,,,,,,,
anime,none,100,0.8,25000,0.8,likelihood,0.297118,0.297118,0.103392,0,174.726,0.103326,61.5559,27.5143,0,0.0299343,0.0336147,1.73014e-05,G1,300,5.22272e-05,5.22272e-05,6531.55,-4205.65,7768.44,0.706911,0.954766,0.340467,-0.000976875,0.000136836,0.0155968,0.536667,0.480131,0.592275,115538,1.81046e+10,1.80869e+10,23.1549,0.844935,0.614202,0.0969446,0.124427,-0.0727635,0.134405,5.41937,5.41408,1685.31,10161.6,0.000148614,0.0059825,-0.0122509,0.0152701,1.60998e+10,2.04092e+10,,,,,,,,,,,,,,,,,,,
anime,none,100,0.8,25000,0.8,likelihood,0.297118,0.297118,0.103392,0,174.726,0.103326,61.5559,27.5143,0,0.0299343,0.0336147,1.73014e-05,G2,300,5.22272e-05,5.22272e-05,5713.18,-3623.3,6765.26,0.713161,0.863619,0.388489,-0.000956043,0.00346185,0.00749302,0.52,0.46357,0.575924,106819,1.37306e+10,1.37175e+10,24.5506,0.846954,0.955353,0.0922931,0.539724,-0.0626879,0.117048,4.11008,4.10615,2057.86,8933.82,0.000308363,0.00564969,-0.00877455,0.0164566,1.23838e+10,1.51801e+10,,,,,,,,,,,,,,,,,,,
anime,none,100,0.8,25000,0.8,likelihood,0.297118,0.297118,0.103392,0,174.726,0.103326,61.5559,27.5143,0,0.0299343,0.0336147,1.73014e-05,G3,300,5.22272e-05,5.22272e-05,5708.84,-3655.87,6779.1,0.709172,1.00339,0.316486,-0.000969324,0.00473361,0.00859414,0.516667,0.460265,0.572647,107009,1.37869e+10,1.37735e+10,24.5926,0.851311,0.947288,0.0939644,0.513208,-0.0632515,0.117288,4.12692,4.12292,1713.4,9027.99,0.000238287,0.00565949,-0.00758489,0.0171226,1.23962e+10,1.51933e+10,3.01604e+11,3.1486e+11,0.957899,,,,,,,,,,,,,,,,
anime,none,100,0.8,25000,0.8,likelihood,0.297118,0.297118,0.103392,0,174.726,0.103326,61.5559,27.5143,0,0.0299343,0.0336147,1.73014e-05,G4,300,5.22272e-05,5.22272e-05,2433.28,-1251.79,2736.38,0.79073,0.312465,0.754905,-0.000697471,0.00815545,0.00490661,0.513333,0.456963,0.569367,45309.6,2.24634e+09,2.24477e+09,29.9426,0.784189,0.687874,0.0512573,0.860794,-0.0216576,0.0473432,0.672413,0.671944,1115,3556.85,0.00056132,0.00569232,-0.00751669,0.0231354,2.11042e+09,2.39556e+09,,,,,,,,,,,,,,,,,,,
anime,none,100,0.8,25000,0.8,likelihood,0.297118,0.297118,0.103392,0,174.726,0.103326,61.5559,27.5143,0,0.0299343,0.0336147,1.73014e-05,G5,300,5.22272e-05,5.22272e-05,2432.13,-1284.57,2750.52,0.781885,0.512513,0.608671,-0.000726892,0.00995704,0.00243582,0.51,0.453663,0.566084,45543.6,2.26961e+09,2.26796e+09,30.1436,0.796714,0.795319,0.052756,0.878004,-0.0222248,0.0475877,0.679378,0.678884,1110.55,3586.56,0.000528882,0.00567883,-0.00571481,0.0247895,2.13116e+09,2.41624e+09,5.22772e+10,5.46989e+10,0.955727,,,,,,,,,,,,,,,,
anime,none,100,0.8,25000,0.8,likelihood,0.297118,0.297118,0.103392,0,174.726,0.103326,61.5559,27.5143,0,0.0299343,0.0336147,1.73014e-05,G5-G3 (paired bias),,,,3867.46,-2572.97,4645.15,0.693189,,,,,,,,,,,,19.2406,0.831597,0.526829,0.151509,,,,,,,,,,,,,,,,,35.6722,90.1884,82.8338,0.271993,-0.129201,,,,,,,,,,,
anime,none,100,0.8,25000,0.8,mid,0.266232,0.284647,0.300776,0.00100648,143.455,0.301517,32.9359,14.3277,0.490784,0.0299343,0.0301451,0.406255,G1,300,1.22635,1.22635,0.00524926,-0.00936017,0.0107316,0.239258,-0.0286786,0.97714,28.9249,0.996183,0.996602,1,0.987357,1,1.00337,0.0345503,0.0344627,1.54826,0.729222,0.851148,0.156431,0.257432,-0.00380262,0.00435978,0.0057023,0.00568784,-0.00898589,0.0192558,25.2373,33.8189,0.995995,0.996371,0.0295629,0.0397976,,,,,,,,,,,,,,,,,,,
anime,none,100,0.8,25000,0.8,mid,0.266232,0.284647,0.300776,0.00100648,143.455,0.301517,32.9359,14.3277,0.490784,0.0299343,0.0301451,0.406255,G2,300,1.22635,1.22635,0.00689607,-0.00659447,0.00954163,0.522345,0.611785,0.541145,36.9951,0.997241,0.997474,1,0.987357,1,1.00791,0.0273128,0.0272693,1.50534,0.542032,0.702357,0.15317,0.798769,-0.00267904,0.00387634,0.0045078,0.00450063,-0.00772878,0.0201078,31.898,43.5305,0.997118,0.997358,0.0232113,0.0315079,,,,,,,,,,,,,,,,,,,
anime,none,100,0.8,25000,0.8,mid,0.266232,0.284647,0.300776,0.00100648,143.455,0.301517,32.9359,14.3277,0.490784,0.0299343,0.0301451,0.406255,G3,300,1.22635,1.22635,0.00652557,-0.00692067,0.00951203,0.470641,0.556491,0.578291,37.189,0.997228,0.997436,1,0.987357,1,1.00743,0.0271436,0.0270957,1.51326,0.571003,0.720442,0.155005,0.819162,-0.00281156,0.00386431,0.00447988,0.00447197,-0.00775396,0.0194139,32.1843,43.6255,0.997107,0.997339,0.0229815,0.0313915,0.598218,0.629403,0.950454,,,,,,,,,,,,,,,,
anime,none,100,0.8,25000,0.8,mid,0.266232,0.284647,0.300776,0.00100648,143.455,0.301517,32.9359,14.3277,0.490784,0.0299343,0.0301451,0.406255,G4,300,1.22635,1.22635,0.00507868,0.000997252,0.0049798,1.0401,1.02683,0.305332,135.636,0.999198,0.999216,1,0.987357,1,1.00533,0.00743953,0.00744053,1.60724,0.340557,0.889103,0.14772,0.681042,0.000405139,0.00202307,0.00122785,0.00122801,-0.00399777,0.0123811,117.082,158.185,0.99918,0.999219,0.00637486,0.00855911,,,,,,,,,,,,,,,,,,,
anime,none,100,0.8,25000,0.8,mid,0.266232,0.284647,0.300776,0.00100648,143.455,0.301517,32.9359,14.3277,0.490784,0.0299343,0.0301451,0.406255,G5,300,1.22635,1.22635,0.00631525,0.00315492,0.00547073,1.33257,1.19689,0.232299,112.675,0.999063,0.999099,1,0.987357,1,1.00676,0.00897866,0.00898862,1.57109,0.26105,0.850899,0.143762,0.877393,0.0012817,0.00222251,0.00148187,0.00148351,-0.00437703,0.0141382,97.2748,130.448,0.999036,0.999089,0.00771737,0.0103292,0.174773,0.183045,0.954809,,,,,,,,,,,,,,,,
anime,none,100,0.8,25000,0.8,mid,0.266232,0.284647,0.300776,0.00100648,143.455,0.301517,32.9359,14.3277,0.490784,0.0299343,0.0301451,0.406255,G5-G3 (paired bias),,,,0.00295623,-0.00470093,0.0055532,0.283393,,,,,,,,,,,,1.47539,0.684635,0.295121,0.1349,,,,,,,,,,,,,,,,,-0.00126843,0.00147062,0.00194207,0.351535,0.94851,,,,,,,,,,,
anime,none,100,0.8,25000,0.8,mid_greedy,0.297094,0.297104,0.106791,0,156.812,0.106696,60.0814,26.8071,0,0.0299343,0.033608,0.000296043,G1,300,0.000893656,0.000893656,58.4096,7.31828,57.9493,1.01595,1.19551,0.232836,6.68214e-05,0.0056739,0.00641668,0.526667,0.470187,0.582472,987.878,1.00744e+06,1.00749e+06,80.2123,0.439173,0.0913857,0.0356973,0.287597,0.00216652,0.0171555,0.0882929,0.0882976,43.6175,73.0685,0.00195801,0.00527173,-0.00378555,0.0151829,966832,1.04294e+06,,,,,,,,,,,,,,,,,,,
anime,none,100,0.8,25000,0.8,mid_greedy,0.297094,0.297104,0.106791,0,156.812,0.106696,60.0814,26.8071,0,0.0299343,0.033608,0.000296043,G2,300,0.000893656,0.000893656,54.5668,20.923,50.396,1.17237,1.29257,0.197159,0.000590959,0.00627683,0.0040494,0.513333,0.456963,0.569367,862.918,761928,762365,81.5524,0.136836,0.0722092,0.0333366,0.122764,0.00619411,0.0149194,0.0667762,0.0668146,41.3431,67.187,0.00228842,0.00580792,-0.00255787,0.0153027,736217,786136,,,,,,,,,,,,,,,,,,,
anime,none,100,0.8,25000,0.8,mid_greedy,0.297094,0.297104,0.106791,0,156.812,0.106696,60.0814,26.8071,0,0.0299343,0.033608,0.000296043,G3,300,0.000893656,0.000893656,54.5803,20.7212,50.494,1.1684,1.33761,0.182041,0.000578201,0.00659584,0.00740726,0.516667,0.460265,0.572647,864.656,764892,765321,81.8126,0.141549,0.07806,0.0333501,0.132986,0.00613434,0.0149484,0.067036,0.0670737,41.6363,67.1068,0.0023258,0.00576184,-0.00202768,0.0155347,740056,789948,1.6529e+07,1.71843e+07,0.961865,,,,,,,,,,,,,,,,
anime,none,100,0.8,25000,0.8,mid_greedy,0.297094,0.297104,0.106791,0,156.812,0.106696,60.0814,26.8071,0,0.0299343,0.033608,0.000296043,G4,300,0.000893656,0.000893656,23.0164,7.15108,21.8774,1.10684,0.594494,0.552631,0.000378971,0.00645808,0.00371768,0.516667,0.460265,0.572647,376.92,143586,143637,77.5623,0.243168,0.0575588,0.0279382,0.209445,0.00211702,0.00647663,0.012584,0.0125885,16.8353,28.2109,0.00199408,0.00555501,-0.00173068,0.0158362,140408,146721,,,,,,,,,,,,,,,,,,,
anime,none,100,0.8,25000,0.8,mid_greedy,0.297094,0.297104,0.106791,0,156.812,0.106696,60.0814,26.8071,0,0.0299343,0.033608,0.000296043,G5,300,0.000893656,0.000893656,23.2111,7.44313,21.9853,1.11462,0.533094,0.594365,0.000403231,0.0061745,0.00706369,0.513333,0.456963,0.569367,378.802,145006,145062,77.0739,0.229877,0.10376,0.0278608,0.317787,0.00220348,0.00650859,0.0127085,0.0127134,16.8959,28.2292,0.00198657,0.00561096,-0.0026301,0.0156552,141847,148300,3.22612e+06,3.35919e+06,0.960387,,,,,,,,,,,,,,,,
anime,none,100,0.8,25000,0.8,mid_greedy,0.297094,0.297104,0.106791,0,156.812,0.106696,60.0814,26.8071,0,0.0299343,0.033608,0.000296043,G5-G3 (paired bias),,,,36.5059,13.9052,33.7539,1.16971,,,,,,,,,,,,79.7468,0.142648,0.30056,0.0438166,,,,,,,,,,,,,,,,,0.563758,1.20478,1.06474,-0.0978054,-0.0499794,,,,,,,,,,,
anime,none,100,0.8,25000,0.8,value,0.297096,0.297102,0.106158,0,167.889,0.106085,60.3195,26.9363,0,0.0299343,0.0336098,0.000241497,G1,300,0.000729002,3.01867,0.0174194,-0.00342184,0.0177523,0.962846,1.10891,0.268361,-0.000116077,0.00453385,0.00149229,0.51,0.453663,0.566084,1251.9,0.0945436,0.0945319,78.8008,0.572548,0.0112393,0.0385183,0.447164,-0.00342184,0.0177523,0.0945436,0.0945319,0.0127782,0.0209152,0.00175945,0.00464478,-0.00298985,0.0122007,0.0903937,0.0979392,,,,,,,,,,,,,,,,,,,
anime,none,100,0.8,25000,0.8,value,0.297096,0.297102,0.106158,0,167.889,0.106085,60.3195,26.9363,0,0.0299343,0.0336098,0.000241497,G2,300,0.000729002,3.01867,0.0154141,0.000801604,0.0153932,1.00271,0.958349,0.338661,1.67102e-05,0.00408614,0.00468436,0.513333,0.456963,0.569367,1089.79,0.0710855,0.0710862,79.0179,0.472065,0.652682,0.0359108,0.282848,0.000801604,0.0153932,0.0710855,0.0710862,0.0119237,0.0186863,0.00199917,0.0048645,-0.00294905,0.0117306,0.0683049,0.0734971,,,,,,,,,,,,,,,,,,,
anime,none,100,0.8,25000,0.8,value,0.297096,0.297102,0.106158,0,167.889,0.106085,60.3195,26.9363,0,0.0299343,0.0336098,0.000241497,G3,300,0.000729002,3.01867,0.0153715,-0.00136892,0.0154324,0.992131,0.998206,0.318987,-1.82437e-05,0.00425582,0.00404153,0.516667,0.460265,0.572647,1092.42,0.0714473,0.0714454,78.8911,0.498567,0.41631,0.0363155,0.282457,-0.00136892,0.0154324,0.0714473,0.0714454,0.0119615,0.01859,0.00202855,0.00476422,-0.00284503,0.0120981,0.068677,0.0738968,1.63719,1.7058,0.95978,,,,,,,,,,,,,,,,
anime,none,100,0.8,25000,0.8,value,0.297096,0.297102,0.106158,0,167.889,0.106085,60.3195,26.9363,0,0.0299343,0.0336098,0.000241497,G4,300,0.000729002,3.01867,0.00710574,0.00240105,0.00668779,1.1289,1.64416,0.101194,0.00046107,0.00907003,0.0061941,0.516667,0.460265,0.572647,477.07,0.013418,0.0134237,75.383,0.207979,0.0179774,0.026288,0.169973,0.00240105,0.00668779,0.013418,0.0134237,0.00566699,0.00869913,0.00240749,0.00565079,0.00155563,0.0173208,0.0130907,0.013735,,,,,,,,,,,,,,,,,,,
anime,none,100,0.8,25000,0.8,value,0.297096,0.297102,0.106158,0,167.889,0.106085,60.3195,26.9363,0,0.0299343,0.0336098,0.000241497,G5,300,0.000729002,3.01867,0.00717123,0.00250788,0.00671841,1.13934,1.65326,0.0993267,0.000496036,0.0092566,0.00279766,0.523333,0.466877,0.579199,479.25,0.0135411,0.0135474,74.979,0.192054,0.0278957,0.0262135,0.482486,0.00250788,0.00671841,0.0135411,0.0135474,0.00567455,0.0086851,0.00242406,0.00557082,0.00143134,0.0174141,0.0132126,0.0138621,0.310445,0.323155,0.96067,,,,,,,,,,,,,,,,
anime,none,100,0.8,25000,0.8,value,0.297096,0.297102,0.106158,0,167.889,0.106085,60.3195,26.9363,0,0.0299343,0.0336098,0.000241497,G5-G3 (paired bias),,,,0.0098816,-0.00296568,0.010317,0.91737,,,,,,,,,,,,76.0491,0.680755,0.709951,0.0501599,,,,,,,,,,,,,,,,,0.000110189,0.000320626,0.000301097,-0.135956,0.0433619,,,,,,,,,,,
anime,w-high.g-none.v-none,100,0.8,25000,0.8,source,0.173766,0.217623,1,0.0286728,1,1,1.00001,1,1,0.0580822,0.0580822,1,G1,300,2.14879,2.14879,0.00195175,-0.00313562,0.00369343,0.279246,0.391509,0.6957,244.989,0.999616,0.999624,1,0.987357,1,1.00169,0.00409242,0.00408259,1.49615,0.690875,0.796912,0.0998805,0.58749,-0.00313562,0.00369343,0.00409242,0.00408259,-0.00319627,0.00746502,217.401,279.771,0.999608,0.999625,0.00360143,0.00459644,,,,,,,,,,,,,,,,,,,
anime,w-high.g-none.v-none,100,0.8,25000,0.8,source,0.173766,0.217623,1,0.0286728,1,1,1.00001,1,1,0.0580822,0.0580822,1,G2,300,2.14879,2.14879,0.00181606,-0.00298835,0.0034969,0.269708,-0.373383,0.709128,271.94,0.999691,0.999703,1,0.987357,1,0.999115,0.00366849,0.00365956,1.42721,0.686987,0.500884,0.114182,0.481328,-0.00298835,0.0034969,0.00366849,0.00365956,-0.00298457,0.00730807,237.078,314.772,0.999684,0.999698,0.00319417,0.00419812,,,,,,,,,,,,,,,,,,,
anime,w-high.g-none.v-none,100,0.8,25000,0.8,source,0.173766,0.217623,1,0.0286728,1,1,1.00001,1,1,0.0580822,0.0580822,1,G3,300,2.14879,2.14879,0.00165179,-0.00309254,0.00350602,0.221963,-0.258701,0.796044,270.724,0.999685,0.999696,1,0.987357,1,0.999486,0.00368766,0.0036781,1.43599,0.725326,0.427305,0.112705,0.490658,-0.00309254,0.00350602,0.00368766,0.0036781,-0.00297227,0.00683281,235.87,310.712,0.999678,0.999692,0.0032343,0.00421425,0.0969927,0.101149,0.958909,,,,,,,,,,,,,,,,
anime,w-high.g-none.v-none,100,0.8,25000,0.8,source,0.173766,0.217623,1,0.0286728,1,1,1.00001,1,1,0.0580822,0.0580822,1,G4,300,2.14879,2.14879,0.0016191,-0.00270343,0.0031512,0.263997,-0.364292,0.715898,334.976,0.99975,0.99976,1,0.987357,1,0.9992,0.00297901,0.0029717,1.42652,0.691115,0.509578,0.114352,0.47719,-0.00270343,0.0031512,0.00297901,0.0029717,-0.00269564,0.00658251,292.06,387.81,0.999744,0.999755,0.00259694,0.00340701,,,,,,,,,,,,,,,,,,,
anime,w-high.g-none.v-none,100,0.8,25000,0.8,source,0.173766,0.217623,1,0.0286728,1,1,1.00001,1,1,0.0580822,0.0580822,1,G5,300,2.14879,2.14879,0.00485723,0.00354894,0.00331628,2.14523,-1.43119,0.153421,300.467,0.999722,0.999731,1,0.987357,1,0.995937,0.00329932,0.00331191,1.42173,0.132883,0.433767,0.112621,0.0664518,0.00354894,0.00331628,0.00329932,0.00331191,-0.00211681,0.0103562,261.734,344.71,0.999716,0.999728,0.00290595,0.00380542,0.0786186,0.0824384,0.953665,,,,,,,,,,,,,,,,
anime,w-high.g-none.v-none,100,0.8,25000,0.8,source,0.173766,0.217623,1,0.0286728,1,1,1.00001,1,1,0.0580822,0.0580822,1,G5-G3 (paired bias),,,,0.00386075,0.00385159,0.000265723,211.098,,,,,,,,,,,,1.53895,7.34234e-72,8.7758e-76,0.130723,,,,,,,,,,,,,,,,,0.00395616,0.0039631,0.000234371,0.999304,-0.913006,,,,,,,,,,,
anime,w-high.g-none.v-none,100,0.8,25000,0.8,likelihood,0.297114,0.297114,0.000148018,0.0263322,2.27122e+08,0.00375311,2540.41,130.327,0,0.0580822,0.102914,0.000568667,G1,300,0.00122195,0.00122195,914.16,-347.668,978.039,0.873638,0.823018,0.411153,-0.000420432,0.00537988,0.0114948,0.536667,0.480131,0.592275,6610.12,2.86968e+08,2.86847e+08,5.89719,0.511723,0.866046,0.699673,0.678739,-0.197707,0.556179,92.8004,92.7613,-298.132,1798.81,-0.000405945,0.00658831,-0.0112166,0.0213299,1.1152e+08,5.04881e+08,,,,,,,,,,,,,,,,,,,
anime,w-high.g-none.v-none,100,0.8,25000,0.8,likelihood,0.297114,0.297114,0.000148018,0.0263322,2.27122e+08,0.00375311,2540.41,130.327,0,0.0580822,0.102914,0.000568667,G2,300,0.00122195,0.00122195,2415.44,339.404,2391.48,1.02014,1.89033,0.0596809,6.75307e-05,-0.00097132,0.0019393,0.506667,0.450366,0.562799,11831.9,1.71575e+09,1.71587e+09,2.55696,0.374335,0.359364,0.889653,0.0267189,0.193008,1.35996,554.844,554.882,520.778,5006.82,0.000295391,0.00695139,-0.0177069,0.0161504,2.8311e+08,4.03336e+09,,,,,,,,,,,,,,,,,,,
anime,w-high.g-none.v-none,100,0.8,25000,0.8,likelihood,0.297114,0.297114,0.000148018,0.0263322,2.27122e+08,0.00375311,2540.41,130.327,0,0.0580822,0.102914,0.000568667,G3,300,0.00122195,0.00122195,1620.35,337.795,1584.75,1.04543,1.70539,0.0891603,0.000152097,-0.00817409,-0.0106744,0.473333,0.417528,0.529813,9893.33,7.53429e+08,7.53543e+08,4.5248,0.385908,0.269156,0.800327,0.200297,0.192093,0.901195,243.646,243.682,495.687,3024.47,0.000509238,0.00684326,-0.0254314,0.00829905,2.22979e+08,1.48933e+09,3.32547e+09,2.79828e+09,1.1884,,,,,,,,,,,,,,,,
anime,w-high.g-none.v-none,100,0.8,25000,0.8,likelihood,0.297114,0.297114,0.000148018,0.0263322,2.27122e+08,0.00375311,2540.41,130.327,0,0.0580822,0.102914,0.000568667,G4,300,0.00122195,0.00122195,79.3482,-48.0659,92.7711,0.731559,-0.0272615,0.978269,-0.000894697,-0.00716228,-0.010412,0.476667,0.420801,0.533123,1360.07,2.58194e+06,2.57963e+06,22.6789,0.815647,0.82523,0.113041,0.589387,-0.0273335,0.0527559,0.834955,0.834208,9.78212,130.858,4.02575e-05,0.006293,-0.0241763,0.0102779,2.22335e+06,2.9862e+06,,,,,,,,,,,,,,,,,,,
anime,w-high.g-none.v-none,100,0.8,25000,0.8,likelihood,0.297114,0.297114,0.000148018,0.0263322,2.27122e+08,0.00375311,2540.41,130.327,0,0.0580822,0.102914,0.000568667,G5,300,0.00122195,0.00122195,154.138,121.974,94.2396,2.67519,-1.21414,0.225651,0.00557206,-0.0299791,-0.0265888,0.42,0.365505,0.476518,1366.72,2.66433e+06,2.67921e+06,22.1853,3.08098e-05,0.178884,0.124817,0.508341,0.0693623,0.053591,0.861597,0.866408,116.703,196.651,0.00508555,0.014229,-0.0468459,-0.0134048,2.2827e+06,3.1303e+06,6.65181e+07,6.96549e+07,0.954966,,,,,,,,,,,,,,,,
anime,w-high.g-none.v-none,100,0.8,25000,0.8,likelihood,0.297114,0.297114,0.000148018,0.0263322,2.27122e+08,0.00375311,2540.41,130.327,0,0.0580822,0.102914,0.000568667,G5-G3 (paired bias),,,,1550.05,-234.424,1567.68,0.977639,,,,,,,,,,,,4.36195,0.422791,0.343024,0.815074,,,,,,,,,,,,,,,,,112.067,112.49,9.74184,-0.356564,-0.135063,,,,,,,,,,,
anime,w-high.g-none.v-none,100,0.8,25000,0.8,mid,0.237649,0.250584,0.026363,0.00290197,97181.4,0.047088,437.047,49.2808,0.0849826,0.0580822,0.0688039,0.380084,G1,300,0.816721,0.816721,0.0485335,0.0119014,0.0470516,1.06398,1.13818,0.255957,1.61087,0.880076,0.941096,0.986667,0.966224,0.994803,1.16182,0.664156,0.664297,3.57411,0.369064,0.468202,0.412052,0.749882,0.00452355,0.0178836,0.0959466,0.0959671,-0.0283548,0.0987037,0.940016,2.57239,0.85943,0.899799,0.414364,1.0517,,,,,,,,,,,,,,,,,,,
anime,w-high.g-none.v-none,100,0.8,25000,0.8,mid,0.237649,0.250584,0.026363,0.00290197,97181.4,0.047088,437.047,49.2808,0.0849826,0.0580822,0.0688039,0.380084,G2,300,0.816721,0.816721,0.0372486,-0.0169477,0.0409229,0.828489,0.671083,0.502686,2.06145,0.901346,0.952336,0.99,0.971016,0.996593,1.12573,0.502404,0.502117,3.60724,0.49639,0.017936,0.373249,0.402313,-0.00644157,0.0155541,0.0725794,0.0725379,-0.0204303,0.0828121,1.25758,3.22836,0.883294,0.918705,0.330162,0.783566,,,,,,,,,,,,,,,,,,,
anime,w-high.g-none.v-none,100,0.8,25000,0.8,mid,0.237649,0.250584,0.026363,0.00290197,97181.4,0.047088,437.047,49.2808,0.0849826,0.0580822,0.0688039,0.380084,G3,300,0.816721,0.816721,0.0374332,-0.0157562,0.0406141,0.849495,0.676212,0.499429,2.09459,0.893417,0.94881,0.986667,0.966224,0.994803,1.13089,0.494851,0.494603,3.67058,0.485535,0.0195585,0.32034,0.351738,-0.00598869,0.0154368,0.0714883,0.0714524,-0.0188793,0.081393,1.36275,3.06066,0.871533,0.912167,0.350256,0.726408,8.38896,8.58722,0.976912,,,,,,,,,,,,,,,,
anime,w-high.g-none.v-none,100,0.8,25000,0.8,mid,0.237649,0.250584,0.026363,0.00290197,97181.4,0.047088,437.047,49.2808,0.0849826,0.0580822,0.0688039,0.380084,G4,300,0.816721,0.816721,0.00400748,-0.00520621,0.00656997,0.372062,0.246032,0.805826,77.422,0.997638,0.997756,1,0.987357,1,1.00362,0.0129494,0.0129223,2.36615,0.724614,0.272603,0.0822294,0.2449,-0.0019788,0.00249714,0.00187072,0.0018668,-0.0043048,0.0111532,69.9194,86.7473,0.99757,0.997699,0.0115746,0.0143118,,,,,,,,,,,,,,,,,,,
anime,w-high.g-none.v-none,100,0.8,25000,0.8,mid,0.237649,0.250584,0.026363,0.00290197,97181.4,0.047088,437.047,49.2808,0.0849826,0.0580822,0.0688039,0.380084,G5,300,0.816721,0.816721,0.0871124,0.0867914,0.00747215,135.915,-13.4345,1.62294e-32,50.6821,0.995394,0.995663,1,0.987357,1,0.924849,0.0167499,0.0242827,2.48974,1.2797e-73,3.07832e-39,0.093145,3.18638e-39,0.032988,0.00284005,0.00241976,0.00350797,0.0761568,0.0968639,45.9936,56.873,0.99523,0.995559,0.0220296,0.0266219,0.331141,0.355126,0.93246,,,,,,,,,,,,,,,,
anime,w-high.g-none.v-none,100,0.8,25000,0.8,mid,0.237649,0.250584,0.026363,0.00290197,97181.4,0.047088,437.047,49.2808,0.0849826,0.0580822,0.0688039,0.380084,G5-G3 (paired bias),,,,0.108689,0.101569,0.0386907,7.89142,,,,,,,,,,,,3.70725,4.89856e-06,1.82148e-07,0.35534,,,,,,,,,,,,,,,,,0.08968,0.0897677,0.00396857,0.957985,-0.916421,,,,,,,,,,,
anime,w-high.g-none.v-none,100,0.8,25000,0.8,mid_greedy,0.254786,0.257879,0.00471437,0.00582966,416855,0.011368,1048.21,98.5543,0.000205376,0.0580822,0.0742473,0.0991859,G1,300,0.213129,0.213129,0.538623,-0.344082,0.639146,0.710183,0.5557,0.578831,0.0109587,0.170945,0.210863,0.65,0.594438,0.701769,4.56317,122.552,122.434,1.46293,0.449986,0.67885,0.859129,0.29538,-0.0341281,0.0633942,1.20565,1.20448,-0.377488,1.45732,0.0061783,0.0533893,0.110421,0.230623,18.0853,321.555,,,,,,,,,,,,,,,,,,,
anime,w-high.g-none.v-none,100,0.8,25000,0.8,mid_greedy,0.254786,0.257879,0.00471437,0.00582966,416855,0.011368,1048.21,98.5543,0.000205376,0.0580822,0.0742473,0.0991859,G2,300,0.213129,0.213129,0.512449,-0.161776,0.537379,0.909371,0.808523,0.419433,0.0175604,0.236277,0.321746,0.676667,0.621791,0.727075,4.22765,86.6327,86.6066,1.65801,0.386723,0.293209,0.838988,0.360267,-0.0160459,0.0533004,0.852278,0.852021,-0.245597,1.28952,0.0113081,0.0707675,0.180907,0.287519,15.9987,219.676,,,,,,,,,,,,,,,,,,,
anime,w-high.g-none.v-none,100,0.8,25000,0.8,mid_greedy,0.254786,0.257879,0.00471437,0.00582966,416855,0.011368,1048.21,98.5543,0.000205376,0.0580822,0.0742473,0.0991859,G3,300,0.213129,0.213129,0.501295,-0.185056,0.534361,0.880068,0.749303,0.454264,0.0171671,0.227522,0.335732,0.67,0.614935,0.720766,4.28356,85.6626,85.6283,1.66111,0.397645,0.374378,0.82713,0.334217,-0.0183549,0.0530011,0.842734,0.842397,-0.234922,1.29103,0.0110197,0.0646149,0.174367,0.271462,16.8385,215.268,1561.36,1611.08,0.969141,,,,,,,,,,,,,,,,
anime,w-high.g-none.v-none,100,0.8,25000,0.8,mid_greedy,0.254786,0.257879,0.00471437,0.00582966,416855,0.011368,1048.21,98.5543,0.000205376,0.0580822,0.0742473,0.0991859,G4,300,0.213129,0.213129,0.0153415,-0.0148104,0.0213239,0.517608,0.0079885,0.993631,7.33074,0.952358,0.965894,0.996667,0.981363,0.999411,1.04209,0.136412,0.136193,4.59838,0.748113,0.572099,0.0897902,0.146222,-0.00146898,0.00211503,0.001342,0.00133984,-0.00770392,0.0351177,6.53908,8.2423,0.943076,0.958615,0.123881,0.152114,,,,,,,,,,,,,,,,,,,
anime,w-high.g-none.v-none,100,0.8,25000,0.8,mid_greedy,0.254786,0.257879,0.00471437,0.00582966,416855,0.011368,1048.21,98.5543,0.000205376,0.0580822,0.0742473,0.0991859,G5,300,0.213129,0.213129,0.28459,0.283665,0.0229224,154.142,-17.9108,2.99974e-49,3.89234,0.880892,0.906342,0.996667,0.981363,0.999411,0.855718,0.157631,0.238097,7.14259,2.63382e-233,8.89256e-45,0.0704489,3.15891e-49,0.0281356,0.00227358,0.00155074,0.00234236,0.262755,0.308184,3.51197,4.26191,0.867602,0.890837,0.22331,0.256615,3.28009,3.53092,0.928959,,,,,,,,,,,,,,,,
anime,w-high.g-none.v-none,100,0.8,25000,0.8,mid_greedy,0.254786,0.257879,0.00471437,0.00582966,416855,0.011368,1048.21,98.5543,0.000205376,0.0580822,0.0742473,0.0991859,G5-G3 (paired bias),,,,0.66074,0.391326,0.532392,1.54027,,,,,,,,,,,,1.64416,0.21708,0.000653407,0.833377,,,,,,,,,,,,,,,,,0.287174,0.287407,0.0115783,0.718493,-0.819788,,,,,,,,,,,
anime,w-high.g-none.v-none,100,0.8,25000,0.8,value,0.297039,0.297044,0.000150526,0.0262662,2.27122e+08,0.0038788,2435.43,130.075,0,0.0580822,0.10282,0.000670138,G1,300,0.00143998,2.14879,0.200971,-0.0684536,0.212309,0.896043,0.73551,0.462605,-0.000345526,-0.00120258,0.00125425,0.51,0.453663,0.566084,2928.65,13.5225,13.5179,7.39824,0.512579,0.827085,0.591541,0.369554,-0.0684536,0.212309,13.5225,13.5179,0.0700535,0.387182,0.000401098,0.00721289,-0.00939107,0.00614197,6.41078,23.2776,,,,,,,,,,,,,,,,,,,
anime,w-high.g-none.v-none,100,0.8,25000,0.8,value,0.297039,0.297044,0.000150526,0.0262662,2.27122e+08,0.0038788,2435.43,130.075,0,0.0580822,0.10282,0.000670138,G2,300,0.00143998,2.14879,0.267889,0.0663534,0.259541,1.06536,-0.651844,0.515002,0.000217187,-0.00319361,-0.0023934,0.486667,0.430633,0.543037,3535.63,20.2085,20.2129,7.60856,0.383705,0.759917,0.637544,0.452322,0.0663534,0.259541,20.2085,20.2129,0.108607,0.488724,0.000881351,0.00733352,-0.0115203,0.00514941,8.59791,35.5102,,,,,,,,,,,,,,,,,,,
anime,w-high.g-none.v-none,100,0.8,25000,0.8,value,0.297039,0.297044,0.000150526,0.0262662,2.27122e+08,0.0038788,2435.43,130.075,0,0.0580822,0.10282,0.000670138,G3,300,0.00143998,2.14879,0.232019,0.0473239,0.227142,1.04341,-0.39637,0.692115,0.000144241,-0.00360435,-0.00185843,0.493333,0.437201,0.549634,3196.85,15.478,15.4802,8.5106,0.401248,0.598126,0.617573,0.375547,0.0473239,0.227142,15.478,15.4802,0.104824,0.419171,0.000866289,0.00781258,-0.0116658,0.00484183,7.60121,26.9278,284.215,292.974,0.970103,,,,,,,,,,,,,,,,
anime,w-high.g-none.v-none,100,0.8,25000,0.8,value,0.297039,0.297044,0.000150526,0.0262662,2.27122e+08,0.0038788,2435.43,130.075,0,0.0580822,0.10282,0.000670138,G4,300,0.00143998,2.14879,0.00881725,-0.00259668,0.00919166,0.920192,-1.0887,0.277163,-0.000285346,-8.23926e-05,-0.00284782,0.49,0.433916,0.546337,232.468,0.025346,0.0253393,56.1648,0.644812,0.595207,0.0438963,0.584393,-0.00259668,0.00919166,0.025346,0.0253393,0.00598298,0.0115954,0.00139077,0.00526669,-0.00746263,0.00689366,0.0241319,0.0266908,,,,,,,,,,,,,,,,,,,
anime,w-high.g-none.v-none,100,0.8,25000,0.8,value,0.297039,0.297044,0.000150526,0.0262662,2.27122e+08,0.0038788,2435.43,130.075,0,0.0580822,0.10282,0.000670138,G5,300,0.00143998,2.14879,0.0314249,0.0299803,0.00941865,11.132,-4.36248,1.7724e-05,0.0336472,-0.0142154,-0.0208011,0.413333,0.359048,0.46981,241.703,0.0266133,0.0275121,55.3873,9.89218e-96,1.03219e-11,0.046035,2.24456e-09,0.0299803,0.00941865,0.0266133,0.0275121,0.0280615,0.0348449,0.0291641,0.0453856,-0.021256,-0.00766062,0.0261686,0.028996,0.566218,0.588617,0.961947,,,,,,,,,,,,,,,,
anime,w-high.g-none.v-none,100,0.8,25000,0.8,value,0.297039,0.297044,0.000150526,0.0262662,2.27122e+08,0.0038788,2435.43,130.075,0,0.0580822,0.10282,0.000670138,G5-G3 (paired bias),,,,0.221352,-0.0448983,0.22586,0.960483,,,,,,,,,,,,8.36178,0.46713,0.882882,0.623826,,,,,,,,,,,,,,,,,0.0284553,0.0284832,0.00125983,-0.181712,-0.0866007,,,,,,,,,,,
anime,w-none.g-high.v-none,100,0.8,25000,0.8,source,0.186812,0.234546,1,0.0281039,1,1,1.00001,1,1,0.0640128,0.0640128,1,G1,300,2.46585,2.46585,0.00210512,-0.00273964,0.00345502,0.371239,-0.502324,0.615809,278.342,0.999735,0.99974,1,0.987357,1,0.998659,0.00358115,0.00357365,1.36741,0.608806,0.598719,0.0952995,0.760666,-0.00273964,0.00345502,0.00358115,0.00357365,-0.00302537,0.008184,248.289,322.555,0.999729,0.99974,0.00310907,0.00404366,,,,,,,,,,,,,,,,,,,
anime,w-none.g-high.v-none,100,0.8,25000,0.8,source,0.186812,0.234546,1,0.0281039,1,1,1.00001,1,1,0.0640128,0.0640128,1,G2,300,2.46585,2.46585,0.00198332,-0.00239568,0.00311012,0.40666,0.517009,0.605532,345.632,0.99979,0.999793,1,0.987357,1,1.0017,0.00290184,0.00289611,1.36002,0.586383,0.223452,0.0924738,0.0949273,-0.00239568,0.00311012,0.00290184,0.00289611,-0.00270208,0.00612544,308.481,395.229,0.999787,0.999794,0.00254618,0.00327524,,,,,,,,,,,,,,,,,,,
anime,w-none.g-high.v-none,100,0.8,25000,0.8,source,0.186812,0.234546,1,0.0281039,1,1,1.00001,1,1,0.0640128,0.0640128,1,G3,300,2.46585,2.46585,0.00187951,-0.00255283,0.0031701,0.351516,0.455935,0.648768,332.577,0.999785,0.999787,1,0.987357,1,1.00155,0.00301486,0.00300834,1.35423,0.61907,0.207528,0.100362,0.371538,-0.00255283,0.0031701,0.00301486,0.00300834,-0.00275164,0.00615563,294.2,385.609,0.999781,0.999788,0.00262639,0.00341425,0.0733744,0.076432,0.959997,,,,,,,,,,,,,,,,
anime,w-none.g-high.v-none,100,0.8,25000,0.8,source,0.186812,0.234546,1,0.0281039,1,1,1.00001,1,1,0.0640128,0.0640128,1,G4,300,2.46585,2.46585,0.00179142,-0.00215228,0.00280026,0.409257,0.51959,0.603734,426.233,0.99983,0.999832,1,0.987357,1,1.00152,0.00235244,0.00234781,1.36017,0.584889,0.222375,0.0924516,0.0960031,-0.00215228,0.00280026,0.00235244,0.00234781,-0.00243307,0.00548671,380.02,487.194,0.999827,0.999833,0.00206461,0.00265605,,,,,,,,,,,,,,,,,,,
anime,w-none.g-high.v-none,100,0.8,25000,0.8,source,0.186812,0.234546,1,0.0281039,1,1,1.00001,1,1,0.0640128,0.0640128,1,G5,300,2.46585,2.46585,0.00160775,-0.00252937,0.00299709,0.287763,0.0321227,0.974396,371.153,0.999814,0.999817,1,0.987357,1,1.00027,0.00269477,0.00268838,1.33759,0.658925,0.0655183,0.102581,0.233411,-0.00252937,0.00299709,0.00269477,0.00268838,-0.00241767,0.00634668,327.654,429.576,0.999811,0.999817,0.00233165,0.00304466,0.0594721,0.0622624,0.955185,,,,,,,,,,,,,,,,
anime,w-none.g-high.v-none,100,0.8,25000,0.8,source,0.186812,0.234546,1,0.0281039,1,1,1.00001,1,1,0.0640128,0.0640128,1,G5-G3 (paired bias),,,,0.00155977,0.00154104,0.000241007,41.8853,,,,,,,,,,,,1.4849,1.03421e-14,1.07245e-58,0.0791324,,,,,,,,,,,,,,,,,0.00144952,0.00146538,0.000215036,0.994714,-0.766119,,,,,,,,,,,
anime,w-none.g-high.v-none,100,0.8,25000,0.8,likelihood,0.260088,0.260085,0.00820547,0.00109024,327989,0.0161535,824.449,84.6868,0,0.0640128,0.0797465,0.0157772,G1,300,0.0389041,0.0389041,7.09007,1.89145,6.83312,1.07662,1.78056,0.0759996,0.000536324,0.0196556,0.020516,0.573333,0.516785,0.628027,81.1002,14007.5,14011,18.7103,0.367983,0.329763,0.376292,0.641192,0.0298417,0.107807,3.48672,3.48761,4.07564,10.561,0.00161367,0.00663682,0.00706159,0.032613,9501.13,20003.3,,,,,,,,,,,,,,,,,,,
anime,w-none.g-high.v-none,100,0.8,25000,0.8,likelihood,0.260088,0.260085,0.00820547,0.00109024,327989,0.0161535,824.449,84.6868,0,0.0640128,0.0797465,0.0157772,G2,300,0.0389041,0.0389041,6.02296,1.59947,5.80669,1.07587,1.42503,0.155192,0.000531154,0.0221081,0.0204621,0.573333,0.516785,0.628027,76.2596,10115.3,10117.9,26.1968,0.359555,0.300549,0.312928,0.602961,0.0252351,0.0916131,2.51789,2.51853,3.99859,8.55469,0.00198542,0.00625863,0.00934805,0.0357933,7260.62,13595.9,,,,,,,,,,,,,,,,,,,
anime,w-none.g-high.v-none,100,0.8,25000,0.8,likelihood,0.260088,0.260085,0.00820547,0.00109024,327989,0.0161535,824.449,84.6868,0,0.0640128,0.0797465,0.0157772,G3,300,0.0389041,0.0389041,6.15362,0.803558,6.10092,1.01735,1.50866,0.13244,0.000338851,0.0187849,0.0182374,0.563333,0.506758,0.618307,77.1806,11166.4,11167,22.31,0.437435,0.127693,0.342197,0.704561,0.0126779,0.0962553,2.77952,2.77968,3.87603,9.15282,0.00173827,0.00640783,0.00677581,0.0314283,7944.01,15197,182263,186567,0.97693,,,,,,,,,,,,,,,,
anime,w-none.g-high.v-none,100,0.8,25000,0.8,likelihood,0.260088,0.260085,0.00820547,0.00109024,327989,0.0161535,824.449,84.6868,0,0.0640128,0.0797465,0.0157772,G4,300,0.0389041,0.0389041,0.849896,0.136842,0.838808,1.02661,0.353331,0.72409,0.00514155,0.0737118,0.0723727,0.716667,0.663185,0.76467,14.2777,211.079,211.098,68.8469,0.416244,0.928947,0.0402133,0.0124613,0.00215897,0.013234,0.0525417,0.0525463,0.656933,1.06618,0.00617795,0.0115021,0.060411,0.0859872,201.624,220.073,,,,,,,,,,,,,,,,,,,
anime,w-none.g-high.v-none,100,0.8,25000,0.8,likelihood,0.260088,0.260085,0.00820547,0.00109024,327989,0.0161535,824.449,84.6868,0,0.0640128,0.0797465,0.0157772,G5,300,0.0389041,0.0389041,1.21077,0.862475,0.849768,2.03013,-6.25255,1.39141e-09,0.00246596,0.026498,0.0236164,0.576667,0.520132,0.631262,14.4145,216.632,217.376,68.2015,1.0697e-06,0.00593282,0.040989,0.882175,0.0136074,0.0134069,0.0539237,0.0541089,1.04262,1.37528,0.00417442,0.00798132,0.0135955,0.0385726,206.654,227.496,5339.36,5578.56,0.957122,,,,,,,,,,,,,,,,
anime,w-none.g-high.v-none,100,0.8,25000,0.8,likelihood,0.260088,0.260085,0.00820547,0.00109024,327989,0.0161535,824.449,84.6868,0,0.0640128,0.0797465,0.0157772,G5-G3 (paired bias),,,,6.31313,2.46285,5.81291,1.17951,,,,,,,,,,,,19.749,0.261635,0.0573944,0.371317,,,,,,,,,,,,,,,,,1.03482,1.0376,0.07594,0.476558,-0.618733,,,,,,,,,,,
anime,w-none.g-high.v-none,100,0.8,25000,0.8,mid,0.225638,0.245584,0.274342,0.00182463,192.067,0.273927,55.532,17.2476,0.508497,0.0640128,0.0698629,0.518235,G1,300,1.27789,1.27789,0.00595248,-0.00895927,0.0107564,0.306239,0.0732755,0.941636,28.8468,0.995305,0.995809,1,0.987357,1,1.0052,0.0347102,0.0346299,1.78506,0.711124,0.963554,0.0873545,0.42716,-0.00464301,0.00557435,0.00932202,0.00930046,-0.00786401,0.020293,25.9394,32.9338,0.99506,0.995557,0.0307852,0.0388485,,,,,,,,,,,,,,,,,,,
anime,w-none.g-high.v-none,100,0.8,25000,0.8,mid,0.225638,0.245584,0.274342,0.00182463,192.067,0.273927,55.532,17.2476,0.508497,0.0640128,0.0698629,0.518235,G2,300,1.27789,1.27789,0.00851644,-0.00380262,0.00932683,0.833774,-0.771336,0.441117,37.8437,0.996418,0.996709,1,0.987357,1,0.99726,0.0260969,0.0260824,1.79485,0.42332,0.400968,0.105884,0.332425,-0.00197065,0.00483348,0.00700877,0.00700489,-0.00647757,0.0225041,33.6947,43.1583,0.99626,0.996582,0.0230891,0.0293693,,,,,,,,,,,,,,,,,,,
anime,w-none.g-high.v-none,100,0.8,25000,0.8,mid,0.225638,0.245584,0.274342,0.00182463,192.067,0.273927,55.532,17.2476,0.508497,0.0640128,0.0698629,0.518235,G3,300,1.27789,1.27789,0.00766194,-0.00542351,0.00938722,0.6662,-0.631606,0.528127,37.4406,0.996357,0.996617,1,0.987357,1,0.998418,0.0264359,0.0264065,1.80441,0.498816,0.668941,0.102389,0.306639,-0.00281065,0.00486478,0.00709983,0.00709193,-0.00660762,0.021466,33.4228,42.5602,0.996197,0.996524,0.0233359,0.0297888,0.69756,0.731895,0.953087,,,,,,,,,,,,,,,,
anime,w-none.g-high.v-none,100,0.8,25000,0.8,mid,0.225638,0.245584,0.274342,0.00182463,192.067,0.273927,55.532,17.2476,0.508497,0.0640128,0.0698629,0.518235,G4,300,1.27789,1.27789,0.00280321,-0.00383772,0.00475248,0.347912,0.230262,0.818046,147.862,0.999163,0.999174,1,0.987357,1,1.00178,0.00677582,0.00676109,1.74184,0.676296,0.0612433,0.106846,0.426432,-0.00198884,0.0024629,0.00181976,0.00181581,-0.00347607,0.0103927,131.742,172.617,0.999143,0.999181,0.00583713,0.00763011,,,,,,,,,,,,,,,,,,,
anime,w-none.g-high.v-none,100,0.8,25000,0.8,mid,0.225638,0.245584,0.274342,0.00182463,192.067,0.273927,55.532,17.2476,0.508497,0.0640128,0.0698629,0.518235,G5,300,1.27789,1.27789,0.0558844,0.0556346,0.00527793,112.112,-11.7128,2.4721e-26,107.066,0.998787,0.998831,1,0.987357,1,0.946954,0.00835696,0.0114522,1.68356,4.47945e-42,5.11221e-28,0.101895,2.08289e-26,0.0288318,0.00273521,0.00224441,0.00307568,0.0464526,0.0649102,94.416,122.91,0.998747,0.998823,0.00990201,0.0128484,0.168845,0.182921,0.92305,,,,,,,,,,,,,,,,
anime,w-none.g-high.v-none,100,0.8,25000,0.8,mid,0.225638,0.245584,0.274342,0.00182463,192.067,0.273927,55.532,17.2476,0.508497,0.0640128,0.0698629,0.518235,G5-G3 (paired bias),,,,0.0507959,0.0504374,0.00602439,71.0937,,,,,,,,,,,,1.86217,1.28002e-29,7.24545e-11,0.0893307,,,,,,,,,,,,,,,,,0.0565026,0.0565326,0.00184222,0.997327,-0.971617,,,,,,,,,,,
anime,w-none.g-high.v-none,100,0.8,25000,0.8,mid_greedy,0.248991,0.252235,0.0298029,0.000190612,8115.56,0.0347487,382.764,62.2036,0.00129126,0.0640128,0.0743957,0.0871097,G1,300,0.214799,0.214799,0.119886,-0.0479159,0.129107,0.86226,-0.0523547,0.958281,0.197934,0.377348,0.50416,0.796667,0.747505,0.838327,2.24319,5.00059,4.9983,7.09613,0.536802,0.0591251,0.118208,0.00103344,-0.00417394,0.0112465,0.037945,0.0379276,0.0532804,0.202914,0.140836,0.262077,0.324133,0.423473,4.42796,5.69574,,,,,,,,,,,,,,,,,,,
anime,w-none.g-high.v-none,100,0.8,25000,0.8,mid_greedy,0.248991,0.252235,0.0298029,0.000190612,8115.56,0.0347487,382.764,62.2036,0.00129126,0.0640128,0.0743957,0.0871097,G2,300,0.214799,0.214799,0.112823,-0.0312782,0.117078,0.928628,-0.0341823,0.972755,0.241783,0.426691,0.57487,0.813333,0.76538,0.853363,2.08323,4.11221,4.11123,6.58732,0.478811,0.523542,0.135131,0.0461139,-0.00272463,0.0101987,0.0312038,0.0311964,0.051792,0.192702,0.172457,0.315274,0.376377,0.470109,3.59845,4.76078,,,,,,,,,,,,,,,,,,,
anime,w-none.g-high.v-none,100,0.8,25000,0.8,mid_greedy,0.248991,0.252235,0.0298029,0.000190612,8115.56,0.0347487,382.764,62.2036,0.00129126,0.0640128,0.0743957,0.0871097,G3,300,0.214799,0.214799,0.113505,-0.0302297,0.117462,0.933767,-0.198214,0.843013,0.234672,0.413451,0.550096,0.803333,0.75464,0.844356,2.08665,4.13919,4.13827,6.64985,0.47553,0.346457,0.114606,0.034588,-0.0026333,0.0102321,0.0314085,0.0314016,0.0514072,0.19925,0.169424,0.304711,0.363452,0.457337,3.65682,4.669,81.9641,84.9877,0.964423,,,,,,,,,,,,,,,,
anime,w-none.g-high.v-none,100,0.8,25000,0.8,mid_greedy,0.248991,0.252235,0.0298029,0.000190612,8115.56,0.0347487,382.764,62.2036,0.00129126,0.0640128,0.0743957,0.0871097,G4,300,0.214799,0.214799,0.0256467,0.0129252,0.0221515,1.34046,1.37415,0.170425,7.06187,0.953629,0.961799,1,0.987357,1,1.06348,0.147207,0.147374,5.24566,0.241598,0.597127,0.0534989,0.181921,0.00112591,0.00192961,0.00111702,0.00111829,0.00499677,0.0519884,6.49775,7.70638,0.950096,0.956888,0.13783,0.157608,,,,,,,,,,,,,,,,,,,
anime,w-none.g-high.v-none,100,0.8,25000,0.8,mid_greedy,0.248991,0.252235,0.0298029,0.000190612,8115.56,0.0347487,382.764,62.2036,0.00129126,0.0640128,0.0743957,0.0871097,G5,300,0.214799,0.214799,0.311875,0.311018,0.0231077,182.157,-20.0355,3.27363e-57,3.35706,0.869293,0.904445,1,0.987357,1,0.8093,0.16019,0.256922,6.59596,1.13835e-255,1.27488e-42,0.0478682,4.93296e-41,0.0270926,0.00201291,0.00121554,0.00194955,0.284084,0.338348,3.05574,3.71804,0.857356,0.881557,0.237853,0.276715,3.48506,3.74218,0.931289,,,,,,,,,,,,,,,,
anime,w-none.g-high.v-none,100,0.8,25000,0.8,mid_greedy,0.248991,0.252235,0.0298029,0.000190612,8115.56,0.0347487,382.764,62.2036,0.00129126,0.0640128,0.0743957,0.0871097,G5-G3 (paired bias),,,,0.29462,0.273794,0.108801,7.33256,,,,,,,,,,,,6.96075,8.64411e-09,0.136368,0.125997,,,,,,,,,,,,,,,,,0.323809,0.323914,0.00821292,0.940288,-0.907712,,,,,,,,,,,
anime,w-none.g-high.v-none,100,0.8,25000,0.8,value,0.268481,0.268493,0.00688393,0.00102313,295854,0.012691,1109.94,94.0477,0,0.0640128,0.0860692,0.00754921,G1,300,0.0186152,2.46585,0.0825294,-0.0205867,0.0850583,0.941421,-0.883042,0.377923,-0.000206141,0.0011913,0.00282551,0.523333,0.466877,0.579199,108.967,2.17048,2.17005,7.36775,0.475767,0.812013,0.62637,0.315899,-0.0205867,0.0850583,2.17048,2.17005,0.0388127,0.141217,0.000844871,0.00621394,-0.00974959,0.0126813,1.06881,3.94325,,,,,,,,,,,,,,,,,,,
anime,w-none.g-high.v-none,100,0.8,25000,0.8,value,0.268481,0.268493,0.00688393,0.00102313,295854,0.012691,1109.94,94.0477,0,0.0640128,0.0860692,0.00754921,G2,300,0.0186152,2.46585,0.0764302,-0.02307,0.0798361,0.916498,-0.895366,0.371312,-0.000287035,0.0107325,0.0155255,0.563333,0.506758,0.618307,110.174,1.91214,1.91161,9.98231,0.5164,0.474931,0.567357,0.807204,-0.02307,0.0798361,1.91214,1.91161,0.0393669,0.140424,0.000899701,0.00700183,-4.6473e-05,0.0231128,1.0898,3.30557,,,,,,,,,,,,,,,,,,,
anime,w-none.g-high.v-none,100,0.8,25000,0.8,value,0.268481,0.268493,0.00688393,0.00102313,295854,0.012691,1109.94,94.0477,0,0.0640128,0.0860692,0.00754921,G3,300,0.0186152,2.46585,0.0772757,-0.0194219,0.079679,0.940585,-0.886129,0.37626,-0.000207327,0.0058554,0.00757419,0.553333,0.496754,0.608564,108.721,1.90462,1.90424,8.4743,0.484553,0.57304,0.569248,0.901968,-0.0194219,0.079679,1.90462,1.90424,0.0389468,0.131571,0.00095447,0.00640895,-0.00497256,0.018849,1.06905,3.3377,25.8826,26.1143,0.991127,,,,,,,,,,,,,,,,
anime,w-none.g-high.v-none,100,0.8,25000,0.8,value,0.268481,0.268493,0.00688393,0.00102313,295854,0.012691,1109.94,94.0477,0,0.0640128,0.0860692,0.00754921,G4,300,0.0186152,2.46585,0.00759794,-0.00254031,0.00801136,0.899455,0.0656301,0.947716,0.00266717,0.0578032,0.0548683,0.73,0.677087,0.777097,17.8758,0.0192545,0.0192481,64.8433,0.703265,0.372639,0.0471443,0.303308,-0.00254031,0.00801136,0.0192545,0.0192481,0.00515268,0.00949334,0.00399586,0.00827896,0.0455027,0.0696259,0.0182411,0.0204404,,,,,,,,,,,,,,,,,,,
anime,w-none.g-high.v-none,100,0.8,25000,0.8,value,0.268481,0.268493,0.00688393,0.00102313,295854,0.012691,1109.94,94.0477,0,0.0640128,0.0860692,0.00754921,G5,300,0.0186152,2.46585,0.0122907,0.0092355,0.00810969,2.29692,-5.68991,3.02966e-08,0.00360835,0.0200189,0.0202607,0.586667,0.53019,0.640952,18.0741,0.0197301,0.0198154,64.5921,1.54259e-08,0.102761,0.0457936,0.256901,0.0092355,0.00810969,0.0197301,0.0198154,0.010332,0.0141751,0.00457328,0.00956603,0.00789978,0.0322543,0.0187276,0.0211209,0.413478,0.429347,0.963039,,,,,,,,,,,,,,,,
anime,w-none.g-high.v-none,100,0.8,25000,0.8,value,0.268481,0.268493,0.00688393,0.00102313,295854,0.012691,1109.94,94.0477,0,0.0640128,0.0860692,0.00754921,G5-G3 (paired bias),,,,0.07566,-0.0173441,0.0776225,0.950074,,,,,,,,,,,,7.7216,0.471508,0.627523,0.598827,,,,,,,,,,,,,,,,,0.00959886,0.00962801,0.000748555,0.160487,-0.482623,,,,,,,,,,,
anime,w-none.g-none.v-high,100,0.8,25000,0.8,source,0.184736,0.229526,1,0.0330944,1,1,1.00001,1,1,0.0676539,0.0676539,1,G1,300,2.66147,2.66147,0.00719496,0.00633195,0.00341669,4.43451,2.21191,0.0277286,289.595,0.999787,0.99979,1,0.987357,1,1.00729,0.00350213,0.00354222,1.29611,0.0255767,0.0190466,0.102135,0.351273,0.00633195,0.00341669,0.00350213,0.00354222,-0.00239432,0.0125358,257.061,334.624,0.999783,0.999791,0.00304436,0.00402651,,,,,,,,,,,,,,,,,,,
anime,w-none.g-none.v-high,100,0.8,25000,0.8,source,0.184736,0.229526,1,0.0330944,1,1,1.00001,1,1,0.0676539,0.0676539,1,G2,300,2.66147,2.66147,0.00661182,0.00585832,0.00306534,4.65248,2.26881,0.0239923,359.389,0.999831,0.999832,1,0.987357,1,1.00669,0.0028189,0.00285322,1.29024,0.0220633,0.0216733,0.107965,0.926681,0.00585832,0.00306534,0.0028189,0.00285322,-0.00220778,0.0120437,317.081,411.821,0.999829,0.999834,0.00246437,0.00325954,,,,,,,,,,,,,,,,,,,
anime,w-none.g-none.v-high,100,0.8,25000,0.8,source,0.184736,0.229526,1,0.0330944,1,1,1.00001,1,1,0.0676539,0.0676539,1,G3,300,2.66147,2.66147,0.00671606,0.00595789,0.00309985,4.69406,2.27923,0.0233581,351.503,0.999827,0.999828,1,0.987357,1,1.0068,0.00288272,0.00291822,1.29194,0.0213818,0.0535166,0.110746,0.815907,0.00595789,0.00309985,0.00288272,0.00291822,-0.00220372,0.0121035,310.03,408.419,0.999824,0.99983,0.00249655,0.00334212,0.0765439,0.0797541,0.959749,,,,,,,,,,,,,,,,
anime,w-none.g-none.v-high,100,0.8,25000,0.8,source,0.184736,0.229526,1,0.0330944,1,1,1.00001,1,1,0.0676539,0.0676539,1,G4,300,2.66147,2.66147,0.00593859,0.00525835,0.00275982,4.63025,2.26326,0.0243366,442.78,0.999863,0.999864,1,0.987357,1,1.006,0.00228498,0.00231263,1.29031,0.0224107,0.0214408,0.108406,0.927811,0.00525835,0.00275982,0.00228498,0.00231263,-0.00199304,0.0108381,390.688,508.135,0.999861,0.999866,0.00199923,0.00264132,,,,,,,,,,,,,,,,,,,
anime,w-none.g-none.v-high,100,0.8,25000,0.8,source,0.184736,0.229526,1,0.0330944,1,1,1.00001,1,1,0.0676539,0.0676539,1,G5,300,2.66147,2.66147,0.00919039,0.0087106,0.00293067,9.8341,3.31139,0.00104218,395.212,0.999852,0.999853,1,0.987357,1,1.00927,0.00257665,0.00265252,1.27863,0.000649143,0.0358653,0.113198,0.466844,0.0087106,0.00293067,0.00257665,0.00265252,0.00320297,0.0144601,346.979,460.196,0.99985,0.999854,0.00226633,0.00304012,0.0620604,0.0649079,0.95613,,,,,,,,,,,,,,,,
anime,w-none.g-none.v-high,100,0.8,25000,0.8,source,0.184736,0.229526,1,0.0330944,1,1,1.00001,1,1,0.0676539,0.0676539,1,G5-G3 (paired bias),,,,0.00253037,0.00251938,0.000235537,115.411,,,,,,,,,,,,1.39693,1.99761e-36,2.9202e-21,0.128154,,,,,,,,,,,,,,,,,0.00319127,0.00319812,0.000209332,0.998661,0.99226,,,,,,,,,,,
anime,w-none.g-none.v-high,100,0.8,25000,0.8,likelihood,0.243665,0.243684,0.049507,1.03198e-19,3029.41,0.050936,203.601,51.7106,1.74639e-31,0.0676539,0.0792185,0.00914827,G1,300,0.0243478,0.0243478,2.3082,-0.321659,2.3305,0.98095,1.60291,0.110011,0.0011817,0.0298761,0.0254692,0.58,0.523482,0.634495,37.8192,1629.38,1629.27,62.5688,0.518942,0.752702,0.121443,0.41615,-0.00294263,0.0213201,0.136364,0.136355,1.7026,2.97389,0.00265217,0.00685154,0.0151262,0.0450828,1445.06,1869.22,,,,,,,,,,,,,,,,,,,
anime,w-none.g-none.v-high,100,0.8,25000,0.8,likelihood,0.243665,0.243684,0.049507,1.03198e-19,3029.41,0.050936,203.601,51.7106,1.74639e-31,0.0676539,0.0792185,0.00914827,G2,300,0.0243478,0.0243478,2.06087,0.222285,2.04885,1.01177,1.54595,0.123175,0.00148054,0.037199,0.0378208,0.603333,0.547004,0.65705,33.6235,1259.34,1259.39,64.0019,0.450168,0.709583,0.117137,0.644967,0.00203353,0.0187434,0.105395,0.105399,1.52786,2.60148,0.0028922,0.00685694,0.0234329,0.0510089,1124.52,1450.05,,,,,,,,,,,,,,,,,,,
anime,w-none.g-none.v-high,100,0.8,25000,0.8,likelihood,0.243665,0.243684,0.049507,1.03198e-19,3029.41,0.050936,203.601,51.7106,1.74639e-31,0.0676539,0.0792185,0.00914827,G3,300,0.0243478,0.0243478,2.08897,0.262536,2.07241,1.01605,1.7026,0.0896822,0.00154379,0.0368618,0.0416338,0.62,0.563883,0.673082,34.0558,1288.46,1288.53,67.0295,0.440399,0.703795,0.11336,0.265199,0.00240175,0.0189589,0.107833,0.107838,1.55597,2.6245,0.00299578,0.0069481,0.0219545,0.0499799,1152.13,1464.08,27023.5,28084.7,0.962215,,,,,,,,,,,,,,,,
anime,w-none.g-none.v-high,100,0.8,25000,0.8,likelihood,0.243665,0.243684,0.049507,1.03198e-19,3029.41,0.050936,203.601,51.7106,1.74639e-31,0.0676539,0.0792185,0.00914827,G4,300,0.0243478,0.0243478,0.484235,-0.206165,0.526296,0.846548,0.130768,0.896046,0.0117309,0.110215,0.114603,0.803333,0.75464,0.844356,9.13382,83.0962,83.0537,94.0247,0.855899,0.746753,0.0262753,0.731655,-0.00188606,0.0048147,0.00695439,0.00695083,0.37617,0.593229,0.0120353,0.0186768,0.0966838,0.123892,81.2978,84.6915,,,,,,,,,,,,,,,,,,,
anime,w-none.g-none.v-high,100,0.8,25000,0.8,likelihood,0.243665,0.243684,0.049507,1.03198e-19,3029.41,0.050936,203.601,51.7106,1.74639e-31,0.0676539,0.0792185,0.00914827,G5,300,0.0243478,0.0243478,1.0607,0.913433,0.539196,3.86986,-11.9212,4.56109e-27,0.00230444,0.02046,0.0208957,0.56,0.503421,0.615062,9.3128,87.2196,88.054,90.2656,3.8282e-32,0.000123407,0.0263457,6.75344e-05,0.00835633,0.00493271,0.00729949,0.00736932,0.909597,1.20256,0.00413549,0.00761561,0.00700417,0.0345859,86.2863,89.8586,1992.05,2078.39,0.958458,,,,,,,,,,,,,,,,
anime,w-none.g-none.v-high,100,0.8,25000,0.8,likelihood,0.243665,0.243684,0.049507,1.03198e-19,3029.41,0.050936,203.601,51.7106,1.74639e-31,0.0676539,0.0792185,0.00914827,G5-G3 (paired bias),,,,2.3421,1.50889,1.79129,1.70955,,,,,,,,,,,,54.8863,0.000830794,0.106733,0.1448,,,,,,,,,,,,,,,,,0.951974,0.953884,0.0603274,0.654151,-0.867658,,,,,,,,,,,
anime,w-none.g-none.v-high,100,0.8,25000,0.8,mid,0.221302,0.238869,0.336805,0.00178877,116.911,0.337072,26.9925,12.5459,0.522497,0.0676539,0.0751393,0.466699,G1,300,1.2421,1.2421,0.0094911,-0.00419069,0.0103751,0.83685,0.875136,0.382202,31.458,0.996023,0.996317,1,0.987357,1,1.01178,0.0322929,0.0322753,1.69629,0.416271,0.193972,0.0924089,0.536495,-0.00195579,0.00484205,0.00703363,0.00702981,-0.00793528,0.0254171,27.8838,35.7027,0.995865,0.996193,0.028416,0.0364375,,,,,,,,,,,,,,,,,,,
anime,w-none.g-none.v-high,100,0.8,25000,0.8,mid,0.221302,0.238869,0.336805,0.00178877,116.911,0.337072,26.9925,12.5459,0.522497,0.0676539,0.0751393,0.466699,G2,300,1.2421,1.2421,0.00947536,0.00394027,0.00861723,1.20908,1.13257,0.258304,45.6467,0.997094,0.997237,1,0.987357,1,1.01127,0.022277,0.0222925,1.78819,0.295485,0.245753,0.0878418,0.521269,0.00183892,0.00402165,0.0048521,0.00485548,-0.00641664,0.0227485,40.7678,51.5212,0.997004,0.997185,0.0198448,0.025194,,,,,,,,,,,,,,,,,,,
anime,w-none.g-none.v-high,100,0.8,25000,0.8,mid,0.221302,0.238869,0.336805,0.00178877,116.911,0.337072,26.9925,12.5459,0.522497,0.0676539,0.0751393,0.466699,G3,300,1.2421,1.2421,0.0100346,0.00482277,0.00879961,1.30038,1.1855,0.23676,43.8256,0.996992,0.997171,1,0.987357,1,1.01196,0.02323,0.0232532,1.77775,0.27092,0.252328,0.0855299,0.720851,0.00225078,0.00410677,0.00505966,0.00506473,-0.00647761,0.0237429,38.833,49.3448,0.996895,0.997089,0.0206861,0.0260814,0.569744,0.596521,0.955111,,,,,,,,,,,,,,,,
anime,w-none.g-none.v-high,100,0.8,25000,0.8,mid,0.221302,0.238869,0.336805,0.00178877,116.911,0.337072,26.9925,12.5459,0.522497,0.0676539,0.0751393,0.466699,G4,300,1.2421,1.2421,0.00664982,0.00454791,0.00485146,1.87878,1.47833,0.140373,143.362,0.999048,0.999067,1,0.987357,1,1.00708,0.007061,0.00708168,1.86345,0.1558,0.0843288,0.0892149,0.751062,0.0021225,0.00226417,0.00153794,0.00154244,-0.00326991,0.0144574,127.325,160.78,0.999029,0.999066,0.00632952,0.0079936,,,,,,,,,,,,,,,,,,,
anime,w-none.g-none.v-high,100,0.8,25000,0.8,mid,0.221302,0.238869,0.336805,0.00178877,116.911,0.337072,26.9925,12.5459,0.522497,0.0676539,0.0751393,0.466699,G5,300,1.2421,1.2421,0.011866,0.0105176,0.00549396,4.66487,0.649132,0.516751,111.13,0.998795,0.998825,1,0.987357,1,1.00428,0.00905508,0.0091657,1.76962,0.0123779,1.18924e-25,0.0917413,5.29821e-20,0.00490853,0.00256402,0.00197227,0.00199636,0.00980472,0.016954,98.1886,126.305,0.998766,0.998823,0.00808146,0.010379,0.190727,0.199486,0.956094,,,,,,,,,,,,,,,,
anime,w-none.g-none.v-high,100,0.8,25000,0.8,mid,0.221302,0.238869,0.336805,0.00178877,116.911,0.337072,26.9925,12.5459,0.522497,0.0676539,0.0751393,0.466699,G5-G3 (paired bias),,,,0.0129071,0.0120381,0.00465599,7.68485,,,,,,,,,,,,1.76865,0.000816088,3.42989e-22,0.109926,,,,,,,,,,,,,,,,,0.010847,0.0109681,0.00162527,0.956792,-0.256217,,,,,,,,,,,
anime,w-none.g-none.v-high,100,0.8,25000,0.8,mid_greedy,0.237507,0.23955,0.0169402,0.000186061,20154.2,0.0197956,525.026,84.5661,0.000313151,0.0676539,0.0794207,0.0538886,G1,300,0.143423,0.143423,0.188555,-0.119528,0.223248,0.713343,0.508354,0.61158,0.0738513,0.244062,0.354338,0.696667,0.642431,0.74593,3.55292,14.952,14.9377,8.70348,0.692335,0.255003,0.178909,0.855854,-0.0064412,0.0120306,0.0434203,0.0433788,0.00158871,0.370968,0.0493021,0.117262,0.193074,0.299051,12.6223,17.8745,,,,,,,,,,,,,,,,,,,
anime,w-none.g-none.v-high,100,0.8,25000,0.8,mid_greedy,0.237507,0.23955,0.0169402,0.000186061,20154.2,0.0197956,525.026,84.5661,0.000313151,0.0676539,0.0794207,0.0538886,G2,300,0.143423,0.143423,0.217013,0.0932785,0.195943,1.22662,1.21851,0.223991,0.109109,0.290401,0.3611,0.736667,0.684059,0.783289,3.22971,11.5181,11.5268,9.07805,0.272583,0.16409,0.157691,0.267438,0.00502665,0.0105591,0.0334484,0.0334736,0.0839137,0.379804,0.0746968,0.151357,0.238796,0.340403,9.99726,13.4628,,,,,,,,,,,,,,,,,,,
anime,w-none.g-none.v-high,100,0.8,25000,0.8,mid_greedy,0.237507,0.23955,0.0169402,0.000186061,20154.2,0.0197956,525.026,84.5661,0.000313151,0.0676539,0.0794207,0.0538886,G3,300,0.143423,0.143423,0.209328,0.0636533,0.199415,1.10189,1.09432,0.274696,0.103224,0.285775,0.357013,0.71,0.656253,0.758436,3.26652,11.9299,11.934,8.96836,0.35728,0.286215,0.162076,0.451859,0.00343019,0.0107462,0.0346443,0.034656,0.0745287,0.384018,0.0714995,0.146078,0.235399,0.335105,10.3073,13.9992,309.579,324.465,0.954122,,,,,,,,,,,,,,,,
anime,w-none.g-none.v-high,100,0.8,25000,0.8,mid_greedy,0.237507,0.23955,0.0169402,0.000186061,20154.2,0.0197956,525.026,84.5661,0.000313151,0.0676539,0.0794207,0.0538886,G4,300,0.143423,0.143423,0.0217663,-0.0172187,0.0277535,0.615084,0.572184,0.567627,4.4138,0.918987,0.94028,1,0.987357,1,1.08291,0.231077,0.23078,5.41518,0.70152,0.367487,0.0540938,0.349062,-0.000927892,0.0014956,0.000671043,0.000670182,-0.00674946,0.0457505,4.03278,4.83444,0.910961,0.925417,0.216904,0.246058,,,,,,,,,,,,,,,,,,,
anime,w-none.g-none.v-high,100,0.8,25000,0.8,mid_greedy,0.237507,0.23955,0.0169402,0.000186061,20154.2,0.0197956,525.026,84.5661,0.000313151,0.0676539,0.0794207,0.0538886,G5,300,0.143423,0.143423,0.313498,0.312048,0.0301135,108.379,-10.1318,6.20825e-21,2.70467,0.812256,0.859593,0.996667,0.981363,0.999411,0.974637,0.272047,0.369421,6.72085,2.64414e-153,2.79e-56,0.0521864,3.44135e-50,0.0168158,0.00162278,0.000790021,0.00107279,0.28723,0.337834,2.48705,2.98352,0.794664,0.828948,0.34684,0.392052,5.64819,6.00816,0.940086,,,,,,,,,,,,,,,,
anime,w-none.g-none.v-high,100,0.8,25000,0.8,mid_greedy,0.237507,0.23955,0.0169402,0.000186061,20154.2,0.0197956,525.026,84.5661,0.000313151,0.0676539,0.0794207,0.0538886,G5-G3 (paired bias),,,,0.438636,0.394573,0.191606,5.24068,,,,,,,,,,,,9.1086,3.15997e-07,0.0450601,0.172976,,,,,,,,,,,,,,,,,0.318923,0.319154,0.0121225,0.911886,-0.604417,,,,,,,,,,,
anime,w-none.g-none.v-high,100,0.8,25000,0.8,value,0.250289,0.250286,0.0148376,5.97752e-05,46394.1,0.0180238,578.23,87.7236,0,0.0676539,0.0831626,0.00797751,G1,300,0.0212319,2.66147,0.0448367,0.00257584,0.0447626,1.00331,0.654992,0.512976,0.000203569,0.00419522,0.0036427,0.52,0.46357,0.575924,70.6424,0.601107,0.601114,20.5221,0.454278,0.492922,0.324384,0.254119,0.00257584,0.0447626,0.601107,0.601114,0.0260284,0.0645319,0.00160197,0.00599529,-0.00627992,0.0147877,0.415832,0.815911,,,,,,,,,,,,,,,,,,,
anime,w-none.g-none.v-high,100,0.8,25000,0.8,value,0.250289,0.250286,0.0148376,5.97752e-05,46394.1,0.0180238,578.23,87.7236,0,0.0676539,0.0831626,0.00797751,G2,300,0.0212319,2.66147,0.0367368,-0.0112403,0.0384179,0.914398,0.379167,0.704833,-8.42043e-05,0.0151824,0.0264917,0.563333,0.506758,0.618307,67.424,0.44278,0.442654,27.5626,0.59357,0.109437,0.229473,0.30451,-0.0112403,0.0384179,0.44278,0.442654,0.0214472,0.0518397,0.00127148,0.00597889,0.0042228,0.0269055,0.339833,0.561267,,,,,,,,,,,,,,,,,,,
anime,w-none.g-none.v-high,100,0.8,25000,0.8,value,0.250289,0.250286,0.0148376,5.97752e-05,46394.1,0.0180238,578.23,87.7236,0,0.0676539,0.0831626,0.00797751,G3,300,0.0212319,2.66147,0.0388987,-0.00965341,0.0400786,0.941986,0.33664,0.736624,-1.24715e-05,0.0113435,0.0201617,0.543333,0.486773,0.598798,68.1776,0.481888,0.481795,24.6992,0.544772,0.336119,0.274969,0.407322,-0.00965341,0.0400786,0.481888,0.481795,0.023144,0.0558221,0.00137863,0.00604259,-0.000218116,0.0220815,0.348271,0.629914,7.09249,7.20306,0.98465,,,,,,,,,,,,,,,,
anime,w-none.g-none.v-high,100,0.8,25000,0.8,value,0.250289,0.250286,0.0148376,5.97752e-05,46394.1,0.0180238,578.23,87.7236,0,0.0676539,0.0831626,0.00797751,G4,300,0.0212319,2.66147,0.00640319,-0.000779129,0.00645041,0.98541,0.247332,0.804821,0.00526063,0.0768847,0.0818821,0.746667,0.694545,0.792551,13.671,0.0124824,0.0124817,68.8268,0.511598,0.63406,0.0470968,0.796577,-0.000779129,0.00645041,0.0124824,0.0124817,0.00489427,0.00799143,0.00638251,0.0113672,0.06622,0.0880092,0.0118305,0.0131838,,,,,,,,,,,,,,,,,,,
anime,w-none.g-none.v-high,100,0.8,25000,0.8,value,0.250289,0.250286,0.0148376,5.97752e-05,46394.1,0.0180238,578.23,87.7236,0,0.0676539,0.0831626,0.00797751,G5,300,0.0212319,2.66147,0.0110702,0.00890706,0.00657363,2.83594,-7.83938,8.02767e-14,0.0045134,0.0227501,0.0269855,0.57,0.51344,0.62479,13.9089,0.0129638,0.0130431,67.8186,7.48066e-14,0.115474,0.0476524,0.0064695,0.00890706,0.00657363,0.0129638,0.0130431,0.00934738,0.0129659,0.00538319,0.0116598,0.0123708,0.0344573,0.01234,0.0138014,0.304603,0.31728,0.960042,,,,,,,,,,,,,,,,
anime,w-none.g-none.v-high,100,0.8,25000,0.8,value,0.250289,0.250286,0.0148376,5.97752e-05,46394.1,0.0180238,578.23,87.7236,0,0.0676539,0.0831626,0.00797751,G5-G3 (paired bias),,,,0.0384652,0.00890861,0.0374193,1.05668,,,,,,,,,,,,20.8218,0.388742,0.282127,0.309028,,,,,,,,,,,,,,,,,0.00847406,0.00849632,0.000614647,0.358538,-0.650436,,,,,,,,,,,
kuairand,high,100,0.8,25000,0.8,source,0.110247,0.135448,1,0.0457459,1,1,1.00001,1,1,0.0756145,0.0756145,1,G1,300,1.61935,1.61935,0.00311382,-0.00352206,0.00470115,0.438712,-0.607971,0.543668,150.025,0.999506,0.999533,1,0.987357,1,0.997845,0.00663025,0.00661784,1.35505,0.567346,0.419878,0.0979757,0.598647,-0.00352206,0.00470115,0.00663025,0.00661784,-0.00422343,0.0104865,131.607,173.183,0.999492,0.999519,0.00577508,0.00755649,,,,,,,,,,,,,,,,,,,
kuairand,high,100,0.8,25000,0.8,source,0.110247,0.135448,1,0.0457459,1,1,1.00001,1,1,0.0756145,0.0756145,1,G2,300,1.61935,1.61935,0.00153655,-0.00396111,0.00424869,0.130793,-0.15742,0.87502,184.426,0.999615,0.999633,1,0.987357,1,0.999761,0.00541541,0.00539972,1.33569,0.789997,0.190422,0.101639,0.644374,-0.00396111,0.00424869,0.00541541,0.00539972,-0.00383551,0.00824447,160.282,210.67,0.999605,0.999624,0.00476073,0.00621016,,,,,,,,,,,,,,,,,,,
kuairand,high,100,0.8,25000,0.8,source,0.110247,0.135448,1,0.0457459,1,1,1.00001,1,1,0.0756145,0.0756145,1,G3,300,1.61935,1.61935,0.0023059,-0.00366262,0.00432804,0.283856,-0.443373,0.657817,177.315,0.99959,0.99961,1,0.987357,1,0.998628,0.00561957,0.00560616,1.34586,0.663116,0.183983,0.104231,0.707175,-0.00366262,0.00432804,0.00561957,0.00560616,-0.00395493,0.00879502,152.921,203.655,0.999581,0.9996,0.00489552,0.00650443,0.123902,0.129058,0.960044,,,,,,,,,,,,,,,,
kuairand,high,100,0.8,25000,0.8,source,0.110247,0.135448,1,0.0457459,1,1,1.00001,1,1,0.0756145,0.0756145,1,G4,300,1.61935,1.61935,0.00139192,-0.00357428,0.00383574,0.131683,-0.162284,0.871192,226.294,0.999688,0.999701,1,0.987357,1,0.999732,0.00441387,0.0044011,1.33476,0.788926,0.184951,0.101339,0.650147,-0.00357428,0.00383574,0.00441387,0.0044011,-0.00347238,0.0074491,196.515,258.654,0.999681,0.999695,0.00388222,0.00506621,,,,,,,,,,,,,,,,,,,
kuairand,high,100,0.8,25000,0.8,source,0.110247,0.135448,1,0.0457459,1,1,1.00001,1,1,0.0756145,0.0756145,1,G5,300,1.61935,1.61935,0.00869988,0.00770821,0.00403379,4.65158,2.10806,0.0358581,208.1,0.999654,0.999666,1,0.987357,1,1.00823,0.00488144,0.00494085,1.33846,0.0208562,0.0185525,0.105185,1.10202e-06,0.00770821,0.00403379,0.00488144,0.00494085,-0.00113583,0.0149452,179.226,239.939,0.999647,0.99966,0.00425403,0.00569883,0.100614,0.105143,0.956925,,,,,,,,,,,,,,,,
kuairand,high,100,0.8,25000,0.8,source,0.110247,0.135448,1,0.0457459,1,1,1.00001,1,1,0.0756145,0.0756145,1,G5-G3 (paired bias),,,,0.0102714,0.0102651,0.000358013,823.114,,,,,,,,,,,,1.39926,9.05891e-252,4.33585e-117,0.0883377,,,,,,,,,,,,,,,,,0.0101171,0.0101197,0.000229391,0.999886,0.938897,,,,,,,,,,,
kuairand,high,100,0.8,25000,0.8,likelihood,0.23443,0.234418,1.95657e-06,0.185253,9.32436e+09,0.00137284,12573.3,115.267,7.84882e-39,0.0756145,0.155008,0.020648,G1,300,0.0334364,0.0334364,4.13791,-1.93099,4.56629,0.821173,-1.71114,0.0880919,-0.000930875,0.0131148,0.0169338,0.54,0.483451,0.595538,40.1691,6255.3,6251.57,10.0783,0.609033,0.774973,0.483071,0.693507,-0.0398711,0.0942848,2.66689,2.6653,1.46296,7.3005,0.000255706,0.00548635,-0.00633118,0.0304301,3631.41,10081.2,,,,,,,,,0.584943,0.701694,0.845838,0.509765,1.65815,0.618574,0.835763,0.26226,0.548163,0.800481,0.758151
kuairand,high,100,0.8,25000,0.8,likelihood,0.23443,0.234418,1.95657e-06,0.185253,9.32436e+09,0.00137284,12573.3,115.267,7.84882e-39,0.0756145,0.155008,0.020648,G2,300,0.0334364,0.0334364,3.38771,-2.53431,4.23075,0.641175,-1.29186,0.197404,-0.00136461,0.0487466,0.0457406,0.653333,0.597847,0.704942,43.5678,5369.78,5363.36,12.2288,0.811527,0.277568,0.384805,0.324317,-0.0523284,0.0873566,2.28935,2.28662,0.756369,5.55375,-1.10959e-05,0.00466697,0.0292207,0.0673237,3422.09,8138.04,,,,,,,,,0.77757,0.0272576,0.677769,0.509765,1.65815,0.796131,0.0867332,0.26226,0.787406,0.0468687,0.758151
kuairand,high,100,0.8,25000,0.8,likelihood,0.23443,0.234418,1.95657e-06,0.185253,9.32436e+09,0.00137284,12573.3,115.267,7.84882e-39,0.0756145,0.155008,0.020648,G3,300,0.0334364,0.0334364,3.7841,-2.27867,4.41721,0.733886,-1.60552,0.109436,-0.00117602,0.0407753,0.0352397,0.603333,0.547004,0.65705,41.8431,5853.52,5848.32,11.2575,0.710108,0.490352,0.431085,0.895449,-0.04705,0.0912065,2.49559,2.49338,1.42762,6.20755,0.000137604,0.0051114,0.0205957,0.0572344,3570.93,8983.17,188130,198552,0.947509,,,,,,0.699575,0.111573,0.744427,0.509765,1.65815,0.717367,0.2542,0.26226,0.693149,0.172886,0.758151
kuairand,high,100,0.8,25000,0.8,likelihood,0.23443,0.234418,1.95657e-06,0.185253,9.32436e+09,0.00137284,12573.3,115.267,7.84882e-39,0.0756145,0.155008,0.020648,G4,300,0.0334364,0.0334364,0.0822152,-0.0240354,0.0856566,0.921263,-0.166299,0.868034,0.451623,0.56055,0.574505,1,0.987357,1,1.7705,2.20111,2.20054,33.837,0.599125,0.143129,0.0366376,0.248415,-0.000496283,0.00176864,0.000938423,0.000938177,0.055803,0.107631,0.424507,0.490341,0.546928,0.573958,2.12738,2.27232,,,,,,,,,0,1.89822e-85,380.844,0.509765,1.65815,0,3.95886e-75,0.26226,0,7.33091e-87,0.758151
kuairand,high,100,0.8,25000,0.8,likelihood,0.23443,0.234418,1.95657e-06,0.185253,9.32436e+09,0.00137284,12573.3,115.267,7.84882e-39,0.0756145,0.155008,0.020648,G5,300,0.0334364,0.0334364,1.33413,1.33081,0.0941683,200.719,-6.55331,2.46016e-10,0.948344,0.384775,0.398363,1,0.987357,1,2.24868,2.6603,4.43135,27.6309,0,2.01479e-63,0.0372265,2.39553e-67,0.0274785,0.00194439,0.00113419,0.00188926,1.29981,1.36534,0.896944,1.01081,0.371913,0.397105,4.25851,4.57151,56.3514,60.7604,0.927435,,,,,,0,1.68254e-93,456.017,0.509765,1.65815,0,2.56413e-90,0.26226,0,8.38042e-95,0.758151
kuairand,high,100,0.8,25000,0.8,likelihood,0.23443,0.234418,1.95657e-06,0.185253,9.32436e+09,0.00137284,12573.3,115.267,7.84882e-39,0.0756145,0.155008,0.020648,G5-G3 (paired bias),,,,3.97842,-1.90591,4.41138,0.813339,,,,,,,,,,,,11.1979,0.628886,0.249309,0.432499,,,,,,,,,,,,,,,,,1.33883,1.33927,0.0344225,0.313125,-0.0924236,,,,,,,,,,,
kuairand,high,100,0.8,25000,0.8,mid,0.177713,0.185479,0.0396065,0.00328932,26594.7,0.0698844,410.505,35.5504,0.318691,0.0756145,0.109658,0.393042,G1,300,0.636473,0.636473,0.0399703,-0.03537,0.0533728,0.560834,0.542917,0.587591,1.21631,0.862658,0.92584,0.99,0.971016,0.996593,1.19437,0.854598,0.853346,3.44991,0.665215,0.249341,0.350126,0.0204,-0.0139019,0.0209778,0.13202,0.131827,-0.0340955,0.0909103,0.831371,1.72842,0.839094,0.881929,0.601031,1.16216,,,,,,,,,,,,,,,,,,,
kuairand,high,100,0.8,25000,0.8,mid,0.177713,0.185479,0.0396065,0.00328932,26594.7,0.0698844,410.505,35.5504,0.318691,0.0756145,0.109658,0.393042,G2,300,0.636473,0.636473,0.0516032,-0.0117396,0.0529217,0.950792,0.940627,0.347655,1.26005,0.883462,0.954135,0.986667,0.966224,0.994803,1.1813,0.840212,0.840074,3.9424,0.432407,0.887144,0.530036,0.26915,-0.00461416,0.0208005,0.129798,0.129776,-0.0268134,0.0965308,0.775209,2.38705,0.861228,0.903631,0.437541,1.42904,,,,,,,,,,,,,,,,,,,
kuairand,high,100,0.8,25000,0.8,mid,0.177713,0.185479,0.0396065,0.00328932,26594.7,0.0698844,410.505,35.5504,0.318691,0.0756145,0.109658,0.393042,G3,300,0.636473,0.636473,0.0484788,0.00853141,0.0477222,1.03196,0.522082,0.602,1.51243,0.87637,0.940273,0.986667,0.966224,0.994803,1.17021,0.683222,0.683295,3.93161,0.388331,0.806496,0.373856,0.353128,0.0033532,0.0187568,0.105546,0.105557,-0.0259413,0.0863309,1.11156,2.18587,0.854659,0.89405,0.475319,0.902331,28.0355,29.9475,0.936155,,,,,,,,,,,,,,,,
kuairand,high,100,0.8,25000,0.8,mid,0.177713,0.185479,0.0396065,0.00328932,26594.7,0.0698844,410.505,35.5504,0.318691,0.0756145,0.109658,0.393042,G4,300,0.636473,0.636473,0.00540099,-0.0039198,0.0066735,0.654998,-0.667974,0.504665,74.3262,0.997283,0.997461,1,0.987357,1,0.999197,0.0133607,0.0133453,2.50646,0.552849,0.985892,0.0973267,0.980099,-0.00154065,0.00262296,0.00206398,0.00206161,-0.00387116,0.0140937,67.3578,82.4529,0.997195,0.997362,0.0120311,0.0147568,,,,,,,,,,,,,,,,,,,
kuairand,high,100,0.8,25000,0.8,mid,0.177713,0.185479,0.0396065,0.00328932,26594.7,0.0698844,410.505,35.5504,0.318691,0.0756145,0.109658,0.393042,G5,300,0.636473,0.636473,0.19355,0.193407,0.00743993,676.785,-31.5997,2.63829e-97,40.5538,0.991791,0.992139,1,0.987357,1,0.824685,0.0166058,0.0540122,2.63312,0,1.71378e-93,0.0855834,3.27854e-80,0.0760173,0.00292421,0.00256529,0.00834392,0.184566,0.204513,37.2892,44.9559,0.991548,0.992041,0.0505197,0.0584925,0.359847,0.412155,0.873086,,,,,,,,,,,,,,,,
kuairand,high,100,0.8,25000,0.8,mid,0.177713,0.185479,0.0396065,0.00328932,26594.7,0.0698844,410.505,35.5504,0.318691,0.0756145,0.109658,0.393042,G5-G3 (paired bias),,,,0.208782,0.203561,0.0463977,20.2486,,,,,,,,,,,,3.92433,1.99894e-16,6.0313e-09,0.392123,,,,,,,,,,,,,,,,,0.18991,0.189937,0.00320225,0.973535,-0.937964,,,,,,,,,,,
kuairand,high,100,0.8,25000,0.8,mid_greedy,0.188481,0.19454,0.00927581,0.00470297,214689,0.0345761,803.135,46.7716,0.142412,0.0756145,0.117022,0.290033,G1,300,0.469665,0.469665,0.103813,-0.0802835,0.131235,0.625758,-0.729051,0.466541,0.173113,0.661147,0.805911,0.926667,0.891468,0.951076,1.54549,5.1668,5.16036,3.3496,0.615737,0.0344552,0.671481,2.6399e-06,-0.0232849,0.0380625,0.434627,0.434084,-0.0775573,0.242482,0.0660711,0.549725,0.622366,0.697892,1.91425,10.7242,,,,,,,,,,,,,,,,,,,
kuairand,high,100,0.8,25000,0.8,mid_greedy,0.188481,0.19454,0.00927581,0.00470297,214689,0.0345761,803.135,46.7716,0.142412,0.0756145,0.117022,0.290033,G2,300,0.469665,0.469665,0.212642,-0.106211,0.237692,0.800331,-0.370409,0.71134,0.0545472,0.720099,0.877179,0.91,0.872222,0.93741,1.71973,16.9492,16.9379,1.49921,0.417138,0.894452,0.907864,0.64559,-0.0308046,0.0689384,1.42575,1.4248,-0.134023,0.547342,0.0207942,0.572796,0.677279,0.757179,1.80742,44.4475,,,,,,,,,,,,,,,,,,,
kuairand,high,100,0.8,25000,0.8,mid_greedy,0.188481,0.19454,0.00927581,0.00470297,214689,0.0345761,803.135,46.7716,0.142412,0.0756145,0.117022,0.290033,G3,300,0.469665,0.469665,0.1705,0.0433073,0.164908,1.06897,-1.17107,0.242504,0.102165,0.689989,0.839939,0.926667,0.891468,0.951076,1.62891,8.15838,8.16025,2.75164,0.357545,0.255524,0.795825,0.0054937,0.0125606,0.0478287,0.686275,0.686433,-0.0665222,0.376391,0.0454822,0.520647,0.64545,0.730165,1.92912,16.9894,74.779,72.4013,1.03284,,,,,,,,,,,,,,,,
kuairand,high,100,0.8,25000,0.8,mid_greedy,0.188481,0.19454,0.00927581,0.00470297,214689,0.0345761,803.135,46.7716,0.142412,0.0756145,0.117022,0.290033,G4,300,0.469665,0.469665,0.00671815,-0.00505718,0.00840885,0.638303,-0.526102,0.599208,46.8307,0.99505,0.995443,1,0.987357,1,1.00154,0.0212126,0.021187,2.94421,0.587352,0.930885,0.0794901,0.886541,-0.00146675,0.00243884,0.00178439,0.00178223,-0.00358148,0.0153632,42.901,51.6187,0.994847,0.995219,0.0193824,0.023035,,,,,,,,,,,,,,,,,,,
kuairand,high,100,0.8,25000,0.8,mid_greedy,0.188481,0.19454,0.00927581,0.00470297,214689,0.0345761,803.135,46.7716,0.142412,0.0756145,0.117022,0.290033,G5,300,0.469665,0.469665,0.266457,0.266291,0.00941626,800.752,-36.033,8.16074e-111,21.4552,0.981408,0.983078,1,0.987357,1,0.7636,0.0265998,0.0975106,3.1489,0,6.04726e-99,0.0744565,5.57941e-78,0.0772331,0.00273103,0.00223755,0.0082025,0.255319,0.278064,19.6464,23.8296,0.980616,0.982206,0.0910792,0.10413,0.510845,0.605767,0.843303,,,,,,,,,,,,,,,,
kuairand,high,100,0.8,25000,0.8,mid_greedy,0.188481,0.19454,0.00927581,0.00470297,214689,0.0345761,803.135,46.7716,0.142412,0.0756145,0.117022,0.290033,G5-G3 (paired bias),,,,0.225789,0.155203,0.16399,1.8957,,,,,,,,,,,,2.7255,0.133814,0.00474006,0.802467,,,,,,,,,,,,,,,,,0.263434,0.263466,0.00411943,0.77412,-0.936158,,,,,,,,,,,
kuairand,high,100,0.8,25000,0.8,value,0.255732,0.255742,2.42203e-06,0.193992,6.22965e+09,0.00120357,12706.2,112.301,0,0.0756145,0.175427,0.00938695,G1,300,0.0152008,1.61935,0.0664794,0.0177955,0.0640534,1.07719,-1.17169,0.242255,0.000245185,-0.0110244,-0.00808188,0.47,0.414258,0.526501,21.5768,1.23085,1.23117,1.32505,0.317919,6.05872e-06,0.956736,1.36018e-05,0.0177955,0.0640534,1.23085,1.23117,0.0109484,0.157106,7.46103e-05,0.00949566,-0.0233288,0.00296205,0.0585631,3.48409,,,,,,,,,0.316178,0.0843732,1.08372,0.523111,2.57963,0.367989,0.290457,0.27377,0.321574,0.530895,0.768885
kuairand,high,100,0.8,25000,0.8,value,0.255732,0.255742,2.42203e-06,0.193992,6.22965e+09,0.00120357,12706.2,112.301,0,0.0756145,0.175427,0.00938695,G2,300,0.0152008,1.61935,3.44159,0.128702,3.43918,1.0014,0.983218,0.326295,7.6109e-06,0.175096,0.147981,0.803333,0.75464,0.844356,403.87,3548.39,3548.41,1.00109,0.31706,0.806062,0.996653,0.494741,0.128702,3.43918,3548.39,3548.41,-0.151094,8.44571,-0.000446424,0.00697122,0.152705,0.200699,0.303434,10641.5,,,,,,,,,0.318655,0.0241182,0.994825,0.523111,2.57963,0.31835,0.0471433,0.27377,0.318359,0.0577141,0.768885
kuairand,high,100,0.8,25000,0.8,value,0.255732,0.255742,2.42203e-06,0.193992,6.22965e+09,0.00120357,12706.2,112.301,0,0.0756145,0.175427,0.00938695,G3,300,0.0152008,1.61935,1.90478,0.0669056,1.9036,1.00124,0.970914,0.332376,9.39782e-06,-0.0256895,-0.0473142,0.4,0.346164,0.456364,232.48,1087.11,1087.11,1.00212,0.317184,0.0694428,0.996542,0.000153032,0.0669056,1.9036,1087.11,1087.11,-0.124708,4.67503,-9.87489e-06,0.00869218,-0.0436037,-0.00771048,0.240118,3259.86,1089.64,5.2579,207.239,,,,,,0.320094,8.69196e-05,0.989283,0.523111,2.57963,0.319549,0.000107802,0.27377,0.319536,5.17433e-05,0.768885
kuairand,high,100,0.8,25000,0.8,value,0.255732,0.255742,2.42203e-06,0.193992,6.22965e+09,0.00120357,12706.2,112.301,0,0.0756145,0.175427,0.00938695,G4,300,0.0152008,1.61935,0.00273446,-0.000986677,0.00290703,0.8848,-0.299774,0.764558,0.0334869,0.327852,0.299081,0.926667,0.891468,0.951076,4.51047,0.00253524,0.00253427,8.61532,0.534265,0.659832,0.114993,0.102264,-0.000986677,0.00290703,0.00253524,0.00253427,-0.000783619,0.00473939,0.0299087,0.0485515,0.300536,0.353065,0.00215302,0.00295514,,,,,,,,,1.41319e-133,5.3597e-34,74.9423,0.523111,2.57963,9.50639e-89,1.54471e-28,0.27377,3.93661e-66,2.6793e-24,0.768885
kuairand,high,100,0.8,25000,0.8,value,0.255732,0.255742,2.42203e-06,0.193992,6.22965e+09,0.00120357,12706.2,112.301,0,0.0756145,0.175427,0.00938695,G5,300,0.0152008,1.61935,0.0199271,0.0196988,0.00300761,43.8982,-29.8796,8.85135e-92,0.090468,-0.0924349,-0.090941,0.223333,0.179871,0.273792,4.75,0.00271371,0.00310176,9.1135,1.65515e-80,2.13256e-42,0.145335,1.70372e-40,0.0196988,0.00300761,0.00271371,0.00310176,0.0183422,0.0214723,0.0706481,0.12133,-0.106973,-0.0768831,0.00265791,0.0036476,0.0784613,0.0828033,0.947562,,,,,,7.3249e-157,3.11361e-36,82.976,0.523111,2.57963,8.37525e-85,5.50345e-37,0.27377,4.16575e-91,3.16205e-36,0.768885
kuairand,high,100,0.8,25000,0.8,value,0.255732,0.255742,2.42203e-06,0.193992,6.22965e+09,0.00120357,12706.2,112.301,0,0.0756145,0.175427,0.00938695,G5-G3 (paired bias),,,,1.90981,0.154764,1.90353,1.00661,,,,,,,,,,,,1.0021,0.315885,0.586646,0.996551,,,,,,,,,,,,,,,,,0.0190472,0.0190651,0.000824616,0.18056,-0.642916,,,,,,,,,,,
kuairand,none,100,0.8,25000,0.8,source,0.232958,0.292377,1,0.0499115,1,1,1.00001,1,1,0.0280684,0.0280684,1,G1,300,3.37473,3.37473,0.000800167,-0.00277823,0.00289117,0.0765976,0.15638,0.875839,399.124,0.999912,0.999917,1,0.987357,1,1.00052,0.00250765,0.00249993,1.15406,0.817428,0.873185,0.0996249,0.399872,-0.00277823,0.00289117,0.00250765,0.00249993,-0.00279043,0.00572642,353.898,468.779,0.99991,0.999915,0.00214207,0.00283109,,,,,,,,,,,,,,,,,,,
kuairand,none,100,0.8,25000,0.8,source,0.232958,0.292377,1,0.0499115,1,1,1.00001,1,1,0.0280684,0.0280684,1,G2,300,3.37473,3.37473,0.000590643,-0.00241281,0.00248405,0.0565366,-0.00135125,0.998923,540.197,0.999941,0.999943,1,0.987357,1,1.00006,0.00185115,0.00184533,1.1398,0.84329,0.631903,0.0940174,0.741937,-0.00241281,0.00248405,0.00185115,0.00184533,-0.00239294,0.00460667,480.724,617.176,0.999939,0.999942,0.00161879,0.00207458,,,,,,,,,,,,,,,,,,,
kuairand,none,100,0.8,25000,0.8,source,0.232958,0.292377,1,0.0499115,1,1,1.00001,1,1,0.0280684,0.0280684,1,G3,300,3.37473,3.37473,0.00058329,-0.00242867,0.00249773,0.0545354,-0.000870632,0.999306,534.297,0.99994,0.999942,1,0.987357,1,1.00006,0.0018716,0.0018657,1.13939,0.846331,0.707524,0.0923422,0.791621,-0.00242867,0.00249773,0.0018716,0.0018657,-0.00241524,0.00464057,476.481,609.876,0.999939,0.999942,0.00163435,0.00209982,0.0377844,0.0402789,0.938071,,,,,,,,,,,,,,,,
kuairand,none,100,0.8,25000,0.8,source,0.232958,0.292377,1,0.0499115,1,1,1.00001,1,1,0.0280684,0.0280684,1,G4,300,3.37473,3.37473,0.000529843,-0.00217442,0.00223804,0.0560477,-0.00272538,0.997827,665.479,0.999952,0.999954,1,0.987357,1,1.00004,0.00150265,0.00149792,1.13973,0.844033,0.641652,0.0939554,0.744388,-0.00217442,0.00223804,0.00150265,0.00149792,-0.00215896,0.0041475,592.034,757.183,0.999951,0.999953,0.00131859,0.00168414,,,,,,,,,,,,,,,,,,,
kuairand,none,100,0.8,25000,0.8,source,0.232958,0.292377,1,0.0499115,1,1,1.00001,1,1,0.0280684,0.0280684,1,G5,300,3.37473,3.37473,0.000699328,-0.00222529,0.00233259,0.0898843,-0.197028,0.84394,612.086,0.999949,0.99995,1,0.987357,1,0.999606,0.00163229,0.00162734,1.13706,0.796695,0.678356,0.0919874,0.929427,-0.00222529,0.00233259,0.00163229,0.00162734,-0.00226381,0.00426196,544.431,698.826,0.999948,0.99995,0.00142781,0.00182843,0.0306833,0.0328189,0.934929,,,,,,,,,,,,,,,,
kuairand,none,100,0.8,25000,0.8,source,0.232958,0.292377,1,0.0499115,1,1,1.00001,1,1,0.0280684,0.0280684,1,G5-G3 (paired bias),,,,0.000446442,0.000398752,0.000200766,4.94481,,,,,,,,,,,,1.16185,0.021224,0.447957,0.100848,,,,,,,,,,,,,,,,,0.000420563,0.000441648,0.000134833,0.99088,-0.996509,,,,,,,,,,,
kuairand,none,100,0.8,25000,0.8,likelihood,0.292377,0.292377,0.0632446,0,1605.27,0.0647262,197.742,46.971,0,0.0280684,0.032064,2.22465e-05,G1,300,7.50761e-05,7.50761e-05,6477.36,4645.49,4513.93,2.05914,-1.86492,0.0631714,0.00352951,-0.000821888,-0.00233148,0.49,0.433916,0.546337,37191,6.11267e+09,6.13425e+09,2.99779,0.103339,0.050988,0.628513,0.607097,0.103346,0.100419,3.02521,3.03589,1917.71,12417,0.00101818,0.0149723,-0.0164281,0.0141196,2.46475e+09,1.01558e+10,,,,,,,,,,,,,,,,,,,
kuairand,none,100,0.8,25000,0.8,likelihood,0.292377,0.292377,0.0632446,0,1605.27,0.0647262,197.742,46.971,0,0.0280684,0.032064,2.22465e-05,G2,300,7.50761e-05,7.50761e-05,6191.74,4488.5,4265.1,2.1075,-1.68897,0.0922667,0.00369074,-0.00379451,-0.00912395,0.47,0.414258,0.526501,41015.7,5.45731e+09,5.47746e+09,2.84305,0.100487,0.585193,0.62151,0.57036,0.0998535,0.0948836,2.70087,2.71084,1465.72,11214.9,0.000633507,0.0145198,-0.0258214,0.0175056,2.22051e+09,9.00678e+09,,,,,,,,,,,,,,,,,,,
kuairand,none,100,0.8,25000,0.8,likelihood,0.292377,0.292377,0.0632446,0,1605.27,0.0647262,197.742,46.971,0,0.0280684,0.032064,2.22465e-05,G3,300,7.50761e-05,7.50761e-05,6302,4646.7,4257.15,2.19138,-1.71295,0.0877583,0.00397033,-0.00454524,-0.0182351,0.453333,0.397944,0.509903,41067.3,5.437e+09,5.45859e+09,2.83493,0.0905237,0.622817,0.621656,0.799215,0.103373,0.0947068,2.69081,2.7015,1507.71,11259.5,0.000668355,0.0148692,-0.0268822,0.0168472,2.19758e+09,9.0159e+09,1.13903e+11,1.212e+11,0.939796,,,,,,,,,,,,,,,,
kuairand,none,100,0.8,25000,0.8,likelihood,0.292377,0.292377,0.0632446,0,1605.27,0.0647262,197.742,46.971,0,0.0280684,0.032064,2.22465e-05,G4,300,7.50761e-05,7.50761e-05,888.732,-214.139,914.166,0.945129,-0.508951,0.611162,-0.000183515,0.0267153,0.0167933,0.566667,0.510098,0.62155,12749,2.5071e+08,2.50664e+08,9.88135,0.489217,0.203293,0.14728,0.0485786,-0.00476385,0.020337,0.124078,0.124056,9.5705,1468.34,-1.23003e-06,0.00829388,0.00779818,0.0450031,2.10168e+08,2.95097e+08,,,,,,,,,,,,,,,,,,,
kuairand,none,100,0.8,25000,0.8,likelihood,0.292377,0.292377,0.0632446,0,1605.27,0.0647262,197.742,46.971,0,0.0280684,0.032064,2.22465e-05,G5,300,7.50761e-05,7.50761e-05,873.998,-267.133,913.91,0.914563,-0.649333,0.516622,-0.000285578,0.0238109,0.0103328,0.543333,0.486773,0.598798,12793.8,2.5057e+08,2.50498e+08,9.85575,0.517332,0.238241,0.143286,0.0470223,-0.00594278,0.0203313,0.124009,0.123974,-136.489,1474.94,-8.35426e-05,0.00848204,0.00428282,0.0418993,2.09954e+08,2.94769e+08,4.04712e+09,4.04214e+09,1.00123,,,,,,,,,,,,,,,,
kuairand,none,100,0.8,25000,0.8,likelihood,0.292377,0.292377,0.0632446,0,1605.27,0.0647262,197.742,46.971,0,0.0280684,0.032064,2.22465e-05,G5-G3 (paired bias),,,,5967.8,4586.53,3818.16,2.44298,,,,,,,,,,,,2.18529,0.0816997,0.842791,0.709328,,,,,,,,,,,,,,,,,36.7237,55.0154,40.9642,0.253111,-0.209349,,,,,,,,,,,
kuairand,none,100,0.8,25000,0.8,mid,0.261664,0.285766,0.436098,0.0121916,78.9799,0.436056,35.8372,12.8075,0.84484,0.0280684,0.0293868,0.465033,G1,300,1.56936,1.56936,0.00594535,-0.00449476,0.00745319,0.636313,0.800075,0.424303,60.6556,0.99855,0.998722,1,0.987357,1,1.00686,0.016665,0.0166448,1.41895,0.477338,0.771292,0.120795,0.670787,-0.00209021,0.00346598,0.0036039,0.00359953,-0.00665801,0.0188954,53.404,70.0807,0.998469,0.998621,0.0143655,0.0190593,,,,,,,,,,,,,,,,,,,
kuairand,none,100,0.8,25000,0.8,mid,0.261664,0.285766,0.436098,0.0121916,78.9799,0.436056,35.8372,12.8075,0.84484,0.0280684,0.0293868,0.465033,G2,300,1.56936,1.56936,0.00570884,-0.00241245,0.00619764,0.848482,0.933729,0.351197,87.693,0.998986,0.999103,1,0.987357,1,1.00626,0.0115232,0.0115174,1.43492,0.394758,0.578658,0.100433,0.797068,-0.00112187,0.00288211,0.00249196,0.0024907,-0.00544844,0.0159123,78.2321,101.143,0.998933,0.999033,0.0101623,0.0129742,,,,,,,,,,,,,,,,,,,
kuairand,none,100,0.8,25000,0.8,mid,0.261664,0.285766,0.436098,0.0121916,78.9799,0.436056,35.8372,12.8075,0.84484,0.0280684,0.0293868,0.465033,G3,300,1.56936,1.56936,0.00589467,-0.00192342,0.00620054,0.903775,0.971006,0.33233,87.6472,0.998977,0.99909,1,0.987357,1,1.00648,0.011534,0.0115303,1.43974,0.376084,0.625299,0.0993571,0.825725,-0.000894453,0.00288345,0.00249429,0.00249349,-0.00545495,0.016092,77.7439,101.155,0.998928,0.999024,0.0101902,0.013,0.261969,0.271952,0.96329,,,,,,,,,,,,,,,,
kuairand,none,100,0.8,25000,0.8,mid,0.261664,0.285766,0.436098,0.0121916,78.9799,0.436056,35.8372,12.8075,0.84484,0.0280684,0.0293868,0.465033,G4,300,1.56936,1.56936,0.00297821,-0.00208707,0.0036367,0.67065,0.801991,0.423195,253.413,0.999756,0.999761,1,0.987357,1,1.00298,0.00396767,0.00396332,1.29472,0.449392,0.858346,0.102181,0.902975,-0.000970555,0.00169118,0.000858031,0.000857089,-0.00328814,0.00858202,222.894,289.02,0.99975,0.999762,0.00348119,0.00448836,,,,,,,,,,,,,,,,,,,
kuairand,none,100,0.8,25000,0.8,mid,0.261664,0.285766,0.436098,0.0121916,78.9799,0.436056,35.8372,12.8075,0.84484,0.0280684,0.0293868,0.465033,G5,300,1.56936,1.56936,0.00326096,-0.00215396,0.00390812,0.696233,0.825717,0.409623,219.563,0.999718,0.999725,1,0.987357,1,1.0033,0.00458202,0.00457738,1.29176,0.438874,0.896246,0.1019,0.97523,-0.00100166,0.0018174,0.000990887,0.000989884,-0.00355892,0.0097508,194.288,252.168,0.99971,0.999726,0.00399915,0.00517329,0.0857756,0.0893126,0.960397,,,,,,,,,,,,,,,,
kuairand,none,100,0.8,25000,0.8,mid,0.261664,0.285766,0.436098,0.0121916,78.9799,0.436056,35.8372,12.8075,0.84484,0.0280684,0.0293868,0.465033,G5-G3 (paired bias),,,,0.00304358,-0.00176029,0.00351597,0.749343,,,,,,,,,,,,1.64354,0.44849,0.289813,0.074518,,,,,,,,,,,,,,,,,-0.000890478,0.000271096,0.00093083,-0.546984,0.77137,,,,,,,,,,,
kuairand,none,100,0.8,25000,0.8,mid_greedy,0.292354,0.29236,0.0652729,5.26022e-46,1522.75,0.0664679,193.361,46.0985,6.60785e-43,0.0280684,0.0320547,0.000201662,G1,300,0.000680555,0.000680555,35.3174,-18.7624,39.9919,0.779893,-0.14063,0.888257,-0.000733393,0.0022723,0.00885068,0.536667,0.480131,0.592275,656.05,479805,479453,55.1715,0.882779,0.488404,0.0850343,0.66543,-0.00378366,0.00806484,0.0195125,0.0194982,21.9509,46.7467,0.00104343,0.00438465,-0.00670847,0.0104864,439120,522547,,,,,,,,,,,,,,,,,,,
kuairand,none,100,0.8,25000,0.8,mid_greedy,0.292354,0.29236,0.0652729,5.26022e-46,1522.75,0.0664679,193.361,46.0985,6.60785e-43,0.0280684,0.0320547,0.000201662,G2,300,0.000680555,0.000680555,36.1303,-2.74117,36.2341,0.994277,-0.679615,0.497274,-2.59145e-05,-0.000931052,-0.0038281,0.466667,0.41099,0.523186,595.914,393874,393866,54.7259,0.486513,0.278497,0.0866929,0.836199,-0.00055279,0.00730705,0.0160179,0.0160176,24.5428,46.2595,0.00152918,0.00542628,-0.0100102,0.00778207,360363,427771,,,,,,,,,,,,,,,,,,,
kuairand,none,100,0.8,25000,0.8,mid_greedy,0.292354,0.29236,0.0652729,5.26022e-46,1522.75,0.0664679,193.361,46.0985,6.60785e-43,0.0280684,0.0320547,0.000201662,G3,300,0.000680555,0.000680555,36.4219,3.07072,36.2922,1.00716,-0.745582,0.456506,1.61035e-05,-0.00125952,-0.0056005,0.473333,0.417528,0.529813,597.289,395137,395147,54.1481,0.459679,0.21287,0.0864659,0.822801,0.000619248,0.00731875,0.0160692,0.0160696,24.6291,46.8027,0.00159272,0.00555113,-0.0104731,0.00707395,361268,428583,9.73649e+06,1.01672e+07,0.957642,,,,,,,,,,,,,,,,
kuairand,none,100,0.8,25000,0.8,mid_greedy,0.292354,0.29236,0.0652729,5.26022e-46,1522.75,0.0664679,193.361,46.0985,6.60785e-43,0.0280684,0.0320547,0.000201662,G4,300,0.000680555,0.000680555,13.2996,-3.88846,13.8564,0.921249,-0.376624,0.70672,-0.000260313,0.00531082,0.00373241,0.516667,0.460265,0.572647,237.221,57599.6,57584.5,42.3949,0.617756,0.875621,0.0325756,0.608718,-0.000784154,0.0027943,0.00234243,0.00234182,8.32881,17.9737,0.00120622,0.00560202,-0.00355126,0.0148441,55655.5,59541.6,,,,,,,,,,,,,,,,,,,
kuairand,none,100,0.8,25000,0.8,mid_greedy,0.292354,0.29236,0.0652729,5.26022e-46,1522.75,0.0664679,193.361,46.0985,6.60785e-43,0.0280684,0.0320547,0.000201662,G5,300,0.000680555,0.000680555,13.4719,-3.5146,13.9228,0.936277,-0.433217,0.66517,-0.000212616,0.00477753,0.0018206,0.503333,0.447071,0.559511,238.369,58153.5,58141.2,42.3635,0.58973,0.827853,0.0329061,0.566916,-0.000708761,0.0028077,0.00236496,0.00236446,8.2208,18.1038,0.00120653,0.0056403,-0.00403603,0.0147488,56192.3,60204,1.39148e+06,1.44645e+06,0.962002,,,,,,,,,,,,,,,,
kuairand,none,100,0.8,25000,0.8,mid_greedy,0.292354,0.29236,0.0652729,5.26022e-46,1522.75,0.0664679,193.361,46.0985,6.60785e-43,0.0280684,0.0320547,0.000201662,G5-G3 (paired bias),,,,26.9967,-5.23912,27.5003,0.963705,,,,,,,,,,,,49.5814,0.546067,0.244958,0.129329,,,,,,,,,,,,,,,,,0.189169,0.688092,0.661578,-0.191809,-0.015442,,,,,,,,,,,
kuairand,none,100,0.8,25000,0.8,value,0.292354,0.292359,0.0651066,8.20804e-48,1504.78,0.066345,193.178,46.2182,2.13973e-45,0.0280684,0.032054,0.000195175,G1,300,0.000658665,3.37473,0.00705448,-0.00408183,0.00815028,0.749178,0.307463,0.758705,-0.000830006,0.0053221,0.0167627,0.57,0.51344,0.62479,684.986,0.0199281,0.0199115,53.1601,0.912181,0.582907,0.0756929,0.898803,-0.00408183,0.00815028,0.0199281,0.0199115,0.00426885,0.00947689,0.000943946,0.00439922,-0.00487987,0.0154588,0.0183286,0.0217212,,,,,,,,,,,,,,,,,,,
kuairand,none,100,0.8,25000,0.8,value,0.292354,0.292359,0.0651066,8.20804e-48,1504.78,0.066345,193.178,46.2182,2.13973e-45,0.0280684,0.032054,0.000195175,G2,300,0.000658665,3.37473,0.00724071,-0.0013112,0.00735848,0.968249,-0.0999717,0.920434,-0.000104947,0.00198349,0.0029204,0.516667,0.460265,0.572647,620.81,0.0162442,0.0162424,53.1127,0.540016,0.279886,0.0776273,0.965253,-0.0013112,0.00735848,0.0162442,0.0162424,0.00477676,0.00960245,0.00146519,0.0056584,-0.00786303,0.0114137,0.0149823,0.0176902,,,,,,,,,,,,,,,,,,,
kuairand,none,100,0.8,25000,0.8,value,0.292354,0.292359,0.0651066,8.20804e-48,1504.78,0.066345,193.178,46.2182,2.13973e-45,0.0280684,0.032054,0.000195175,G3,300,0.000658665,3.37473,0.00730817,-0.000995617,0.00737568,0.981779,-0.0852742,0.9321,-5.96433e-05,0.00197818,0.00302856,0.513333,0.456963,0.569367,622.543,0.0163202,0.0163192,52.3853,0.511384,0.216244,0.0771417,0.958126,-0.000995617,0.00737568,0.0163202,0.0163192,0.00484972,0.00967893,0.00147966,0.00575753,-0.00827087,0.0111898,0.0150488,0.017751,0.401417,0.419578,0.956717,,,,,,,,,,,,,,,,
kuairand,none,100,0.8,25000,0.8,value,0.292354,0.292359,0.0651066,8.20804e-48,1504.78,0.066345,193.178,46.2182,2.13973e-45,0.0280684,0.032054,0.000195175,G4,300,0.000658665,3.37473,0.00268089,-0.000856726,0.00281445,0.907339,-0.353651,0.72385,-0.00030874,0.00482169,-0.000613778,0.496667,0.440489,0.552929,246.674,0.00237634,0.00237561,40.9675,0.640112,0.891617,0.0341396,0.615954,-0.000856726,0.00281445,0.00237634,0.00237561,0.00166935,0.00362554,0.00120619,0.00552586,-0.00539742,0.0151166,0.00229384,0.0024683,,,,,,,,,,,,,,,,,,,
kuairand,none,100,0.8,25000,0.8,value,0.292354,0.292359,0.0651066,8.20804e-48,1504.78,0.066345,193.178,46.2182,2.13973e-45,0.0280684,0.032054,0.000195175,G5,300,0.000658665,3.37473,0.00271448,-0.00079295,0.00282793,0.921376,-0.320926,0.74849,-0.000260461,0.00478846,0.00243905,0.513333,0.456963,0.569367,247.868,0.00239915,0.00239852,40.876,0.614438,0.838164,0.0348319,0.595052,-0.00079295,0.00282793,0.00239915,0.00239852,0.00167835,0.00360636,0.00114725,0.00537966,-0.00523724,0.0149747,0.00231688,0.002494,0.052493,0.0545754,0.961844,,,,,,,,,,,,,,,,
kuairand,none,100,0.8,25000,0.8,value,0.292354,0.292359,0.0651066,8.20804e-48,1504.78,0.066345,193.178,46.2182,2.13973e-45,0.0280684,0.032054,0.000195175,G5-G3 (paired bias),,,,0.00544681,-0.00114487,0.00556583,0.957689,,,,,,,,,,,,48.4878,0.556989,0.0945561,0.116774,,,,,,,,,,,,,,,,,4.8754e-05,0.000140892,0.000132188,-0.161059,-0.00535493,,,,,,,,,,,
kuairand,w-high.g-none.v-none,100,0.8,25000,0.8,source,0.192774,0.240682,1,0.057496,1,1,1.00001,1,1,0.0584182,0.0584182,1,G1,300,2.63979,2.63979,0.00128625,-0.00292183,0.00319241,0.162334,-0.268934,0.788166,326.544,0.999793,0.999809,1,0.987357,1,0.999407,0.00305745,0.00304892,1.32847,0.758083,0.733287,0.121298,0.4129,-0.00292183,0.00319241,0.00305745,0.00304892,-0.00293107,0.00609996,283.303,381.049,0.999785,0.9998,0.00263036,0.00352005,,,,,,,,,,,,,,,,,,,
kuairand,w-high.g-none.v-none,100,0.8,25000,0.8,source,0.192774,0.240682,1,0.057496,1,1,1.00001,1,1,0.0584182,0.0584182,1,G2,300,2.63979,2.63979,0.00123706,-0.00246313,0.00275632,0.201429,-0.32367,0.746414,438.016,0.999859,0.999867,1,0.987357,1,0.999304,0.00227919,0.00227312,1.29273,0.716988,0.38635,0.116314,0.821904,-0.00246313,0.00275632,0.00227919,0.00227312,-0.00255696,0.00584189,385.242,511.553,0.999854,0.999864,0.00196094,0.00259582,,,,,,,,,,,,,,,,,,,
kuairand,w-high.g-none.v-none,100,0.8,25000,0.8,source,0.192774,0.240682,1,0.057496,1,1,1.00001,1,1,0.0584182,0.0584182,1,G3,300,2.63979,2.63979,0.00157076,-0.00231074,0.00279407,0.316044,-0.490786,0.623938,425.878,0.999855,0.999866,1,0.987357,1,0.998859,0.00234204,0.00233671,1.29256,0.631759,0.34811,0.107319,0.63356,-0.00231074,0.00279407,0.00234204,0.00233671,-0.00260703,0.00641477,373.872,494.71,0.99985,0.99986,0.00203658,0.0026635,0.0552284,0.0569451,0.969853,,,,,,,,,,,,,,,,
kuairand,w-high.g-none.v-none,100,0.8,25000,0.8,source,0.192774,0.240682,1,0.057496,1,1,1.00001,1,1,0.0584182,0.0584182,1,G4,300,2.63979,2.63979,0.00111832,-0.00221771,0.00248372,0.202733,-0.325838,0.744775,539.526,0.999886,0.999892,1,0.987357,1,0.999356,0.00185066,0.00184574,1.29306,0.715958,0.374697,0.116475,0.82806,-0.00221771,0.00248372,0.00185066,0.00184574,-0.00230745,0.00522738,474.846,629.453,0.999882,0.999889,0.00159296,0.00210516,,,,,,,,,,,,,,,,,,,
kuairand,w-high.g-none.v-none,100,0.8,25000,0.8,source,0.192774,0.240682,1,0.057496,1,1,1.00001,1,1,0.0584182,0.0584182,1,G5,300,2.63979,2.63979,0.00403137,0.00306456,0.00261924,2.36894,-1.48478,0.138657,482.34,0.999872,0.99988,1,0.987357,1,0.996483,0.00205813,0.00206752,1.29089,0.115166,0.00792535,0.104969,0.266704,0.00306456,0.00261924,0.00205813,0.00206752,-0.00172116,0.00819608,425.534,560.039,0.999867,0.999876,0.00179502,0.00234847,0.0448868,0.0464113,0.967154,,,,,,,,,,,,,,,,
kuairand,w-high.g-none.v-none,100,0.8,25000,0.8,source,0.192774,0.240682,1,0.057496,1,1,1.00001,1,1,0.0584182,0.0584182,1,G5-G3 (paired bias),,,,0.00291815,0.00290914,0.000229162,162.154,,,,,,,,,,,,1.27741,1.38913e-46,7.55118e-98,0.125548,,,,,,,,,,,,,,,,,0.00300091,0.00300571,0.000169732,0.999123,-0.825875,,,,,,,,,,,
kuairand,w-high.g-none.v-none,100,0.8,25000,0.8,likelihood,0.292012,0.292011,0.000911088,0.00480661,5.46787e+06,0.00816878,1271.44,111.145,0,0.0584182,0.093325,0.00502171,G1,300,0.0132562,0.0132562,37.9491,9.39104,36.7687,1.06523,-0.650274,0.516014,0.000197727,-0.099666,-0.108755,0.31,0.260343,0.364462,353.123,405582,405670,10.4406,0.385272,0.513208,0.525236,5.75158e-06,0.0471591,0.184642,10.2278,10.23,19.2528,57.339,0.00116591,0.00743614,-0.121514,-0.0759928,217620,627850,,,,,,,,,,,,,,,,,,,
kuairand,w-high.g-none.v-none,100,0.8,25000,0.8,likelihood,0.292012,0.292011,0.000911088,0.00480661,5.46787e+06,0.00816878,1271.44,111.145,0,0.0584182,0.093325,0.00502171,G2,300,0.0132562,0.0132562,55.8075,20.1049,52.0603,1.14914,-0.557905,0.577327,0.000488934,-0.00626294,-0.0015206,0.496667,0.440489,0.552929,393.672,813081,813486,2.73192,0.325754,0.637249,0.784575,0.415471,0.100961,0.261432,20.504,20.5141,19.8099,122.604,0.000728395,0.00939731,-0.0298398,0.0148981,219205,1.95608e+06,,,,,,,,,,,,,,,,,,,
kuairand,w-high.g-none.v-none,100,0.8,25000,0.8,likelihood,0.292012,0.292011,0.000911088,0.00480661,5.46787e+06,0.00816878,1271.44,111.145,0,0.0584182,0.093325,0.00502171,G3,300,0.0132562,0.0132562,38.7316,14.183,36.0413,1.15486,-0.587569,0.557265,0.000500173,-0.0407109,-0.0288746,0.433333,0.37845,0.489902,351.142,389693,389894,10.6627,0.314255,0.506657,0.579971,0.284466,0.0712227,0.180989,9.82712,9.83219,20.7657,65.8795,0.00142923,0.00762802,-0.0628873,-0.0190835,209592,630354,3.95904e+06,3.8136e+06,1.03814,,,,,,,,,,,,,,,,
kuairand,w-high.g-none.v-none,100,0.8,25000,0.8,likelihood,0.292012,0.292011,0.000911088,0.00480661,5.46787e+06,0.00816878,1271.44,111.145,0,0.0584182,0.093325,0.00502171,G4,300,0.0132562,0.0132562,5.96308,4.02587,4.39894,1.83758,-0.765941,0.444315,0.00273762,0.00845678,0.00850431,0.516667,0.460265,0.572647,72.0928,5805.2,5821.41,16.4417,0.020132,0.709327,0.0756131,0.0451352,0.0202168,0.0220902,0.146393,0.146802,3.32191,8.21902,0.00182246,0.0114595,-0.0144256,0.0326556,5354.82,6284.16,,,,,,,,,,,,,,,,,,,
kuairand,w-high.g-none.v-none,100,0.8,25000,0.8,likelihood,0.292012,0.292011,0.000911088,0.00480661,5.46787e+06,0.00816878,1271.44,111.145,0,0.0584182,0.093325,0.00502171,G5,300,0.0132562,0.0132562,13.3111,12.5274,4.49992,8.7502,-7.77706,1.21027e-13,0.0236846,-0.0778821,-0.076188,0.37,0.317331,0.425956,73.8328,6074.77,6231.71,16.5452,1.54653e-22,2.46113e-06,0.0809724,3.07375e-07,0.062909,0.0225973,0.153191,0.157149,11.1889,15.446,0.0187042,0.0388705,-0.100913,-0.053098,5718.29,6790.32,131884,135998,0.969745,,,,,,,,,,,,,,,,
kuairand,w-high.g-none.v-none,100,0.8,25000,0.8,likelihood,0.292012,0.292011,0.000911088,0.00480661,5.46787e+06,0.00816878,1271.44,111.145,0,0.0584182,0.093325,0.00502171,G5-G3 (paired bias),,,,36.9112,12.2345,34.8247,1.12342,,,,,,,,,,,,9.73599,0.340117,0.437024,0.617008,,,,,,,,,,,,,,,,,11.7821,11.7933,0.515743,0.198804,-0.53794,,,,,,,,,,,
kuairand,w-high.g-none.v-none,100,0.8,25000,0.8,mid,0.240302,0.256056,0.0585588,0.00826657,11354.4,0.110035,340.288,25.4377,0.527922,0.0584182,0.0654456,0.385881,G1,300,1.01864,1.01864,0.0205874,-0.0144273,0.0251394,0.670647,0.812071,0.417397,5.42336,0.9776,0.990269,1,0.987357,1,1.0467,0.189597,0.189389,2.60495,0.54942,0.804586,0.416526,4.57966e-05,-0.00556723,0.00970082,0.0282318,0.0282008,-0.0190302,0.052231,3.84027,8.12373,0.969425,0.983714,0.123861,0.265977,,,,,,,,,,,,,,,,,,,
kuairand,w-high.g-none.v-none,100,0.8,25000,0.8,mid,0.240302,0.256056,0.0585588,0.00826657,11354.4,0.110035,340.288,25.4377,0.527922,0.0584182,0.0654456,0.385881,G2,300,1.01864,1.01864,0.0166653,-0.0111008,0.020024,0.69267,0.473407,0.636268,8.42804,0.978492,0.993425,1,0.987357,1,1.0313,0.120288,0.120165,2.39784,0.525255,0.589527,0.321964,0.569974,-0.00428358,0.00772687,0.0179114,0.017893,-0.0149257,0.0421232,6.34056,11.9807,0.970064,0.986005,0.086206,0.164392,,,,,,,,,,,,,,,,,,,
kuairand,w-high.g-none.v-none,100,0.8,25000,0.8,mid,0.240302,0.256056,0.0585588,0.00826657,11354.4,0.110035,340.288,25.4377,0.527922,0.0584182,0.0654456,0.385881,G3,300,1.01864,1.01864,0.0168344,-0.0125536,0.0209998,0.642637,0.498176,0.618726,7.67113,0.978604,0.993229,1,0.987357,1,1.03358,0.132298,0.13214,2.48748,0.558891,0.561992,0.360907,0.604632,-0.00484421,0.00810343,0.0196997,0.0196762,-0.0158537,0.0427993,5.58825,11.2848,0.969959,0.985868,0.0879867,0.184455,2.01304,2.0325,0.990427,,,,,,,,,,,,,,,,
kuairand,w-high.g-none.v-none,100,0.8,25000,0.8,mid,0.240302,0.256056,0.0585588,0.00826657,11354.4,0.110035,340.288,25.4377,0.527922,0.0584182,0.0654456,0.385881,G4,300,1.01864,1.01864,0.00578181,0.00312277,0.00486597,1.41185,1.25314,0.211134,142.303,0.999236,0.999263,1,0.987357,1,1.00617,0.0071033,0.00711305,1.59971,0.243515,0.511288,0.114076,0.716505,0.00120502,0.00187769,0.00105771,0.00105916,-0.00382652,0.0130007,124.646,162.28,0.999211,0.999263,0.00625862,0.00813852,,,,,,,,,,,,,,,,,,,
kuairand,w-high.g-none.v-none,100,0.8,25000,0.8,mid,0.240302,0.256056,0.0585588,0.00826657,11354.4,0.110035,340.288,25.4377,0.527922,0.0584182,0.0654456,0.385881,G5,300,1.01864,1.01864,0.0887261,0.0885771,0.00513998,297.975,-18.9618,3.37042e-53,105.664,0.998489,0.998619,1,0.987357,1,0.916179,0.0079258,0.0157717,1.68903,1.95225e-110,1.06845e-67,0.113107,1.572e-55,0.0341802,0.00198342,0.00118019,0.00234847,0.0802824,0.0967924,93.3632,120.46,0.998429,0.998546,0.0141472,0.0175064,0.167478,0.186,0.900417,,,,,,,,,,,,,,,,
kuairand,w-high.g-none.v-none,100,0.8,25000,0.8,mid,0.240302,0.256056,0.0585588,0.00826657,11354.4,0.110035,340.288,25.4377,0.527922,0.0584182,0.0654456,0.385881,G5-G3 (paired bias),,,,0.0983556,0.096388,0.0195749,25.2463,,,,,,,,,,,,2.47074,7.09537e-14,3.94787e-06,0.407898,,,,,,,,,,,,,,,,,0.0941734,0.0941881,0.00166388,0.98954,-0.964406,,,,,,,,,,,
kuairand,w-high.g-none.v-none,100,0.8,25000,0.8,mid_greedy,0.261915,0.265423,0.00836059,0.00335625,148586,0.028785,842.672,54.2167,0.0102679,0.0584182,0.0708319,0.0941237,G1,300,0.248466,0.248466,0.102828,0.0347439,0.0967803,1.12888,0.432543,0.665659,0.375085,0.568251,0.736353,0.89,0.849543,0.920595,1.62644,2.80993,2.81114,4.63037,0.342014,0.566127,0.287865,0.00105824,0.00327022,0.00910932,0.0248939,0.0249046,0.0128841,0.166916,0.280878,0.48553,0.525679,0.612158,2.1947,3.66696,,,,,,,,,,,,,,,,,,,
kuairand,w-high.g-none.v-none,100,0.8,25000,0.8,mid_greedy,0.261915,0.265423,0.00836059,0.00335625,148586,0.028785,842.672,54.2167,0.0102679,0.0584182,0.0708319,0.0941237,G2,300,0.248466,0.248466,0.149943,-0.0916595,0.17574,0.727971,-0.47647,0.634087,0.0971867,0.597415,0.759519,0.896667,0.857059,0.926244,1.71413,9.26535,9.25694,1.55261,0.45034,0.774708,0.800935,0.946716,-0.00862733,0.0165413,0.0820842,0.0820098,-0.104097,0.45005,0.0261072,0.538763,0.544851,0.645456,1.99212,23.4485,,,,,,,,,,,,,,,,,,,
kuairand,w-high.g-none.v-none,100,0.8,25000,0.8,mid_greedy,0.261915,0.265423,0.00836059,0.00335625,148586,0.028785,842.672,54.2167,0.0102679,0.0584182,0.0708319,0.0941237,G3,300,0.248466,0.248466,0.107968,-0.0682377,0.127724,0.714569,-0.407622,0.683843,0.191094,0.590215,0.750351,0.873333,0.830918,0.906308,1.64976,4.89405,4.8894,2.40198,0.513595,0.93675,0.626687,0.984322,-0.00642278,0.0120219,0.0433578,0.0433165,-0.0682429,0.278154,0.0677404,0.514508,0.537934,0.638297,2.00331,10.3323,81.5065,82.7575,0.984884,,,,,,,,,,,,,,,,
kuairand,w-high.g-none.v-none,100,0.8,25000,0.8,mid_greedy,0.261915,0.265423,0.00836059,0.00335625,148586,0.028785,842.672,54.2167,0.0102679,0.0584182,0.0708319,0.0941237,G4,300,0.248466,0.248466,0.0157207,0.00668811,0.0142271,1.22099,1.38592,0.166805,16.9059,0.982536,0.985348,1,0.987357,1,1.03009,0.0607233,0.0607681,4.1159,0.299122,0.907926,0.0603546,0.716372,0.00062951,0.00133911,0.000537965,0.000538361,-0.00794751,0.0312397,15.6095,18.4709,0.981414,0.983502,0.0563171,0.0651501,,,,,,,,,,,,,,,,,,,
kuairand,w-high.g-none.v-none,100,0.8,25000,0.8,mid_greedy,0.261915,0.265423,0.00836059,0.00335625,148586,0.028785,842.672,54.2167,0.0102679,0.0584182,0.0708319,0.0941237,G5,300,0.248466,0.248466,0.291001,0.29061,0.0150788,372.44,-28.0725,8.42844e-86,7.92618,0.944104,0.961491,1,0.987357,1,0.765128,0.068211,0.152665,4.80495,0,2.21851e-48,0.0665039,1.61245e-50,0.0273533,0.00141927,0.0006043,0.0013525,0.27449,0.308564,7.17511,8.80393,0.93687,0.949314,0.141491,0.16596,1.49892,1.64301,0.912304,,,,,,,,,,,,,,,,
kuairand,w-high.g-none.v-none,100,0.8,25000,0.8,mid_greedy,0.261915,0.265423,0.00836059,0.00335625,148586,0.028785,842.672,54.2167,0.0102679,0.0584182,0.0708319,0.0941237,G5-G3 (paired bias),,,,0.271624,0.24127,0.124772,4.73917,,,,,,,,,,,,2.28068,0.00622543,0.0198758,0.654914,,,,,,,,,,,,,,,,,0.302362,0.302406,0.00512525,0.930749,-0.94051,,,,,,,,,,,
kuairand,w-high.g-none.v-none,100,0.8,25000,0.8,value,0.292066,0.292067,0.000684386,0.00504513,5.46787e+06,0.00811439,1339.47,111.22,0,0.0584182,0.0934242,0.000957048,G1,300,0.0025264,2.63979,0.057414,0.0146403,0.055516,1.06954,0.113931,0.909369,0.000234548,0.0265703,0.0180613,0.55,0.493425,0.605311,532.969,0.924609,0.924823,3.71581,0.367585,0.373448,0.649659,0.16873,0.0146403,0.055516,0.924609,0.924823,0.0208181,0.109529,0.000483415,0.00736668,0.00906792,0.044413,0.352917,1.9373,,,,,,,,,,,,,,,,,,,
kuairand,w-high.g-none.v-none,100,0.8,25000,0.8,value,0.292066,0.292067,0.000684386,0.00504513,5.46787e+06,0.00811439,1339.47,111.22,0,0.0584182,0.0934242,0.000957048,G2,300,0.0025264,2.63979,0.0443411,-0.0292997,0.053147,0.696074,-0.467746,0.640307,-0.00101841,0.0107391,0.010705,0.53,0.473499,0.585742,553.234,0.847382,0.846523,5.70229,0.645385,0.56818,0.64449,0.395264,-0.0292997,0.053147,0.847382,0.846523,-0.0237823,0.0911544,-0.000611099,0.00689732,-0.00638636,0.0270285,0.35292,1.4712,,,,,,,,,,,,,,,,,,,
kuairand,w-high.g-none.v-none,100,0.8,25000,0.8,value,0.292066,0.292067,0.000684386,0.00504513,5.46787e+06,0.00811439,1339.47,111.22,0,0.0584182,0.0934242,0.000957048,G3,300,0.0025264,2.63979,0.0412626,-0.0304253,0.0512669,0.647796,-0.520689,0.602969,-0.00118104,0.00826494,0.00643793,0.526667,0.470187,0.582472,522.517,0.788489,0.787563,4.54694,0.648317,0.547406,0.647661,0.641654,-0.0304253,0.0512669,0.788489,0.787563,-0.0315189,0.0843433,-0.0011039,0.00736579,-0.00889509,0.0243543,0.365381,1.2906,8.54294,8.46623,1.00906,,,,,,,,,,,,,,,,
kuairand,w-high.g-none.v-none,100,0.8,25000,0.8,value,0.292066,0.292067,0.000684386,0.00504513,5.46787e+06,0.00811439,1339.47,111.22,0,0.0584182,0.0934242,0.000957048,G4,300,0.0025264,2.63979,0.00456496,-0.00121395,0.00472362,0.933953,-0.766791,0.443811,-0.000249227,0.00678771,-0.0114426,0.466667,0.41099,0.523186,82.8943,0.00669376,0.00669229,24.4523,0.555743,0.0261094,0.0491659,0.789988,-0.00121395,0.00472362,0.00669376,0.00669229,0.00249713,0.00658916,0.000949323,0.00645438,-0.0107217,0.0236326,0.00631592,0.00708203,,,,,,,,,,,,,,,,,,,
kuairand,w-high.g-none.v-none,100,0.8,25000,0.8,value,0.292066,0.292067,0.000684386,0.00504513,5.46787e+06,0.00811439,1339.47,111.22,0,0.0584182,0.0934242,0.000957048,G5,300,0.0025264,2.63979,0.014627,0.013805,0.00483429,9.15474,-3.69111,0.000265285,0.026538,-0.0214701,-0.0453707,0.39,0.336529,0.446252,85.7615,0.00701112,0.0072017,25.0928,5.80815e-35,2.47011e-08,0.0480214,2.73381e-08,0.013805,0.00483429,0.00701112,0.0072017,0.0126915,0.0166639,0.022481,0.0392043,-0.0386002,-0.00538805,0.0067796,0.0076231,0.155537,0.162817,0.955288,,,,,,,,,,,,,,,,
kuairand,w-high.g-none.v-none,100,0.8,25000,0.8,value,0.292066,0.292067,0.000684386,0.00504513,5.46787e+06,0.00811439,1339.47,111.22,0,0.0584182,0.0934242,0.000957048,G5-G3 (paired bias),,,,0.0419233,-0.027419,0.0500936,0.700402,,,,,,,,,,,,4.23793,0.599664,0.477383,0.674083,,,,,,,,,,,,,,,,,0.0152004,0.0152106,0.000555409,0.344269,-0.14449,,,,,,,,,,,
kuairand,w-none.g-high.v-none,100,0.8,25000,0.8,source,0.202847,0.255342,1,0.0436014,1,1,1.00001,1,1,0.069647,0.069647,1,G1,300,3.08077,3.08077,0.00180769,-0.00235361,0.0029677,0.37103,-0.550348,0.582492,377.304,0.999864,0.999869,1,0.987357,1,0.998588,0.00264217,0.00263663,1.23839,0.587782,0.959277,0.113597,0.288379,-0.00235361,0.0029677,0.00264217,0.00263663,-0.00276235,0.00643791,325.4,438.055,0.99986,0.999867,0.00227352,0.00306558,,,,,,,,,,,,,,,,,,,
kuairand,w-none.g-high.v-none,100,0.8,25000,0.8,source,0.202847,0.255342,1,0.0436014,1,1,1.00001,1,1,0.069647,0.069647,1,G2,300,3.08077,3.08077,0.00120601,-0.00234326,0.00263539,0.209415,0.385992,0.699777,480.869,0.999905,0.999906,1,0.987357,1,1.00106,0.00208359,0.0020781,1.2076,0.693768,0.894779,0.108676,0.889331,-0.00234326,0.00263539,0.00208359,0.0020781,-0.00252291,0.00571906,414.958,543.961,0.999903,0.999907,0.00184472,0.00241817,,,,,,,,,,,,,,,,,,,
kuairand,w-none.g-high.v-none,100,0.8,25000,0.8,source,0.202847,0.255342,1,0.0436014,1,1,1.00001,1,1,0.069647,0.069647,1,G3,300,3.08077,3.08077,0.00114918,-0.00240063,0.00266151,0.186432,0.343631,0.731365,471.386,0.999902,0.999903,1,0.987357,1,1.00097,0.00212509,0.00211933,1.21108,0.713784,0.869318,0.102111,0.720603,-0.00240063,0.00266151,0.00212509,0.00211933,-0.00255169,0.00546662,409.643,532.896,0.9999,0.999904,0.00187816,0.00247293,0.0436097,0.0459021,0.950058,,,,,,,,,,,,,,,,
kuairand,w-none.g-high.v-none,100,0.8,25000,0.8,source,0.202847,0.255342,1,0.0436014,1,1,1.00001,1,1,0.069647,0.069647,1,G4,300,3.08077,3.08077,0.00111406,-0.00209858,0.00237596,0.219858,0.400725,0.688909,591.544,0.999923,0.999924,1,0.987357,1,1.00098,0.00169355,0.00168915,1.20743,0.685326,0.894697,0.10924,0.889521,-0.00209858,0.00237596,0.00169355,0.00168915,-0.00227206,0.00508051,509.392,670.059,0.999922,0.999925,0.0014996,0.00196479,,,,,,,,,,,,,,,,,,,
kuairand,w-none.g-high.v-none,100,0.8,25000,0.8,source,0.202847,0.255342,1,0.0436014,1,1,1.00001,1,1,0.069647,0.069647,1,G5,300,3.08077,3.08077,0.00290986,0.00150445,0.00249076,1.36483,1.13661,0.256611,540.201,0.999916,0.999918,1,0.987357,1,1.00278,0.00186117,0.00186343,1.20575,0.248438,0.271162,0.101871,0.584035,0.00150445,0.00249076,0.00186117,0.00186343,-0.00217537,0.00730922,468.987,611.556,0.999914,0.999918,0.00164583,0.0021601,0.035424,0.0374516,0.945859,,,,,,,,,,,,,,,,
kuairand,w-none.g-high.v-none,100,0.8,25000,0.8,source,0.202847,0.255342,1,0.0436014,1,1,1.00001,1,1,0.069647,0.069647,1,G5-G3 (paired bias),,,,0.00202823,0.00201715,0.000211649,91.8329,,,,,,,,,,,,1.25935,1.19643e-26,2.23141e-66,0.117463,,,,,,,,,,,,,,,,,0.00206845,0.00207374,0.000147996,0.99926,0.907327,,,,,,,,,,,
kuairand,w-none.g-high.v-none,100,0.8,25000,0.8,likelihood,0.269627,0.269632,0.00505697,0.00209835,300225,0.0169051,776.889,79.1052,0,0.069647,0.0868681,0.036066,G1,300,0.111111,0.111111,1.67847,0.48629,1.60649,1.09163,1.40333,0.161556,0.00318017,0.216862,0.200312,0.783333,0.733289,0.826213,15.8441,774.239,774.475,8.10734,0.365287,0.00116848,0.565833,0.311003,0.0175386,0.0579396,1.0071,1.00741,0.632658,2.92154,0.00246557,0.014121,0.174286,0.253864,362.097,1304.49,,,,,,,,,,,,,,,,,,,
kuairand,w-none.g-high.v-none,100,0.8,25000,0.8,likelihood,0.269627,0.269632,0.00505697,0.00209835,300225,0.0169051,776.889,79.1052,0,0.069647,0.0868681,0.036066,G2,300,0.111111,0.111111,1.76739,0.607641,1.65965,1.13405,1.09247,0.275506,0.00263552,0.111123,0.111644,0.683333,0.628658,0.733373,16.8901,826.329,826.698,8.68101,0.334762,0.130762,0.584252,0.486967,0.0219152,0.0598569,1.07486,1.07534,0.718239,3.14104,0.00231297,0.0109764,0.0823416,0.141923,380.477,1374.56,,,,,,,,,,,,,,,,,,,
kuairand,w-none.g-high.v-none,100,0.8,25000,0.8,likelihood,0.269627,0.269632,0.00505697,0.00209835,300225,0.0169051,776.889,79.1052,0,0.069647,0.0868681,0.036066,G3,300,0.111111,0.111111,1.5649,0.542193,1.46797,1.13642,1.22841,0.220259,0.00339677,0.117662,0.105293,0.7,0.645881,0.749061,16.264,646.484,646.778,10.3946,0.328827,0.0575863,0.48787,0.167661,0.0195547,0.052944,0.84092,0.841302,0.671034,2.48384,0.00293188,0.012334,0.0873625,0.149197,362.967,1022.52,8627.72,8636.98,0.998928,,,,,,,,,,,,,,,,
kuairand,w-none.g-high.v-none,100,0.8,25000,0.8,likelihood,0.269627,0.269632,0.00505697,0.00209835,300225,0.0169051,776.889,79.1052,0,0.069647,0.0868681,0.036066,G4,300,0.111111,0.111111,0.409326,0.223965,0.342619,1.4273,1.18803,0.235766,0.0380288,0.220038,0.209478,0.766667,0.715618,0.810973,5.58833,35.2163,35.2664,17.5639,0.109345,0.315136,0.0814416,0.457829,0.00807753,0.0123569,0.0458079,0.0458732,0.202901,0.58708,0.0267055,0.0594879,0.184399,0.255274,32.0468,39.1003,,,,,,,,,,,,,,,,,,,
kuairand,w-none.g-high.v-none,100,0.8,25000,0.8,likelihood,0.269627,0.269632,0.00505697,0.00209835,300225,0.0169051,776.889,79.1052,0,0.069647,0.0868681,0.036066,G5,300,0.111111,0.111111,0.671358,0.575218,0.346187,3.76085,0.668976,0.504027,0.0415868,0.204061,0.204597,0.743333,0.691046,0.789467,5.67535,35.9537,36.2846,17.8417,1.24254e-07,0.0073483,0.0747362,0.040031,0.0207458,0.0124856,0.0467671,0.0471975,0.49263,0.851854,0.0276292,0.0656961,0.167525,0.238613,33.2484,40.1261,1023.03,1066.11,0.959592,,,,,,,,,,,,,,,,
kuairand,w-none.g-high.v-none,100,0.8,25000,0.8,likelihood,0.269627,0.269632,0.00505697,0.00209835,300225,0.0169051,776.889,79.1052,0,0.069647,0.0868681,0.036066,G5-G3 (paired bias),,,,1.36373,0.338502,1.32105,1.06566,,,,,,,,,,,,8.34028,0.384202,0.641028,0.561598,,,,,,,,,,,,,,,,,0.470861,0.4717,0.0281289,0.293927,-0.198163,,,,,,,,,,,
kuairand,w-none.g-high.v-none,100,0.8,25000,0.8,mid,0.238475,0.261404,0.436544,0.00999703,132.517,0.435937,39.336,12.7801,0.824921,0.069647,0.0800284,0.507652,G1,300,1.56396,1.56396,0.0113547,0.00851293,0.0075139,2.28359,1.61136,0.108157,60.3089,0.99816,0.998387,1,0.987357,1,1.01254,0.0169376,0.0170101,1.60668,0.113395,0.508063,0.0861315,0.716915,0.00432161,0.00381445,0.004365,0.00438368,-0.00571216,0.0224889,53.7827,68.6678,0.998021,0.998274,0.0149376,0.0190784,,,,,,,,,,,,,,,,,,,
kuairand,w-none.g-high.v-none,100,0.8,25000,0.8,mid,0.238475,0.261404,0.436544,0.00999703,132.517,0.435937,39.336,12.7801,0.824921,0.069647,0.0800284,0.507652,G2,300,1.56396,1.56396,0.0123432,0.0105632,0.00638546,3.73656,2.13251,0.0337798,83.745,0.998757,0.998862,1,0.987357,1,1.01338,0.0122322,0.0123438,1.56335,0.0339706,0.176183,0.117171,0.990297,0.00536242,0.00324159,0.00315238,0.00318114,-0.0048052,0.0222207,72.5667,96.4384,0.998702,0.998814,0.01075,0.0142128,,,,,,,,,,,,,,,,,,,
kuairand,w-none.g-high.v-none,100,0.8,25000,0.8,mid,0.238475,0.261404,0.436544,0.00999703,132.517,0.435937,39.336,12.7801,0.824921,0.069647,0.0800284,0.507652,G3,300,1.56396,1.56396,0.012413,0.0105748,0.00650053,3.64633,2.10324,0.0362806,80.8122,0.998702,0.998807,1,0.987357,1,1.01347,0.0126771,0.0127889,1.56951,0.0364325,0.284267,0.106742,0.988073,0.0053683,0.00330001,0.00326701,0.00329583,-0.00519247,0.0223149,71.0518,93.0826,0.998637,0.998761,0.011183,0.014542,0.282201,0.298993,0.943837,,,,,,,,,,,,,,,,
kuairand,w-none.g-high.v-none,100,0.8,25000,0.8,mid,0.238475,0.261404,0.436544,0.00999703,132.517,0.435937,39.336,12.7801,0.824921,0.069647,0.0800284,0.507652,G4,300,1.56396,1.56396,0.00456262,0.00273774,0.00364998,1.5626,1.31408,0.189827,252.404,0.999675,0.999682,1,0.987357,1,1.00471,0.0039967,0.00400419,1.42474,0.213731,0.479972,0.108559,0.929059,0.00138982,0.00185292,0.00102999,0.00103192,-0.00314643,0.0102998,222.693,292.687,0.999669,0.999682,0.00345822,0.00456874,,,,,,,,,,,,,,,,,,,
kuairand,w-none.g-high.v-none,100,0.8,25000,0.8,mid,0.238475,0.261404,0.436544,0.00999703,132.517,0.435937,39.336,12.7801,0.824921,0.069647,0.0800284,0.507652,G5,300,1.56396,1.56396,0.0122336,0.0115699,0.00397459,9.47374,-2.47482,0.0138847,207.228,0.999579,0.999592,1,0.987357,1,0.991396,0.00473922,0.00487308,1.4118,0.000532297,1.75949e-21,0.111345,6.12456e-21,0.00587349,0.00201771,0.00122135,0.00125584,0.0079303,0.0169876,183.417,240.872,0.999568,0.99959,0.004241,0.00549324,0.0984,0.103768,0.94827,,,,,,,,,,,,,,,,
kuairand,w-none.g-high.v-none,100,0.8,25000,0.8,mid,0.238475,0.261404,0.436544,0.00999703,132.517,0.435937,39.336,12.7801,0.824921,0.069647,0.0800284,0.507652,G5-G3 (paired bias),,,,0.0227089,0.0223674,0.00392302,33.5081,,,,,,,,,,,,1.70638,2.10385e-13,1.96327e-16,0.101033,,,,,,,,,,,,,,,,,0.015268,0.0152999,0.000986597,0.979133,-0.851154,,,,,,,,,,,
kuairand,w-none.g-high.v-none,100,0.8,25000,0.8,mid_greedy,0.267043,0.268268,0.0285065,0.000349215,26765.7,0.0410332,437.774,53.0596,0.000498844,0.069647,0.0859922,0.0290656,G1,300,0.0895444,0.0895444,0.199794,-0.128292,0.237437,0.708056,-0.193119,0.846997,0.055916,0.2441,0.320785,0.746667,0.694545,0.792551,3.49363,16.9129,16.8965,10.5949,0.726471,0.6664,0.323427,0.0163936,-0.00372887,0.00690125,0.0142882,0.0142743,0.0782571,0.335139,0.0381276,0.0899488,0.197307,0.286369,12.0258,23.6949,,,,,,,,,,,,,,,,,,,
kuairand,w-none.g-high.v-none,100,0.8,25000,0.8,mid_greedy,0.267043,0.268268,0.0285065,0.000349215,26765.7,0.0410332,437.774,53.0596,0.000498844,0.069647,0.0859922,0.0290656,G2,300,0.0895444,0.0895444,0.174307,-0.131653,0.218438,0.636751,-0.354823,0.722973,0.064085,0.275749,0.352212,0.76,0.708578,0.804848,3.2708,14.3146,14.2973,9.95063,0.782705,0.654318,0.314542,0.343931,-0.00382657,0.00634904,0.0120931,0.0120784,0.0450306,0.3026,0.0440828,0.100287,0.229741,0.320208,10.4565,20.2278,,,,,,,,,,,,,,,,,,,
kuairand,w-none.g-high.v-none,100,0.8,25000,0.8,mid_greedy,0.267043,0.268268,0.0285065,0.000349215,26765.7,0.0410332,437.774,53.0596,0.000498844,0.069647,0.0859922,0.0290656,G3,300,0.0895444,0.0895444,0.173465,-0.133511,0.218895,0.627985,-0.18299,0.85493,0.0659527,0.273419,0.327714,0.776667,0.726208,0.820129,3.28122,14.3745,14.3567,9.8025,0.788014,0.602198,0.308675,0.0885505,-0.00388057,0.00636231,0.0121437,0.0121287,-0.0209209,0.302482,0.044237,0.102149,0.227763,0.31654,10.5135,20.1316,276.367,285.114,0.96932,,,,,,,,,,,,,,,,
kuairand,w-none.g-high.v-none,100,0.8,25000,0.8,mid_greedy,0.267043,0.268268,0.0285065,0.000349215,26765.7,0.0410332,437.774,53.0596,0.000498844,0.069647,0.0859922,0.0290656,G4,300,0.0895444,0.0895444,0.0346753,-0.021857,0.040989,0.715655,-0.56732,0.570923,1.93318,0.808579,0.861992,0.996667,0.981363,0.999411,1.17556,0.504031,0.503553,9.33271,0.700425,0.282267,0.0499092,0.899543,-0.000635286,0.00119137,0.000425808,0.000425405,0.00317099,0.0588856,1.76281,2.14284,0.791459,0.82619,0.476328,0.526616,,,,,,,,,,,,,,,,,,,
kuairand,w-none.g-high.v-none,100,0.8,25000,0.8,mid_greedy,0.267043,0.268268,0.0285065,0.000349215,26765.7,0.0410332,437.774,53.0596,0.000498844,0.069647,0.0859922,0.0290656,G5,300,0.0895444,0.0895444,0.334147,0.3314,0.0427574,61.0734,-10.3497,1.17171e-21,1.20104,0.684255,0.756685,0.97,0.943977,0.984138,1.06728,0.548458,0.658283,11.0294,2.60776e-137,2.55048e-31,0.0455037,4.46183e-29,0.00963232,0.00124277,0.000463341,0.000556122,0.30733,0.363905,1.08597,1.34328,0.660072,0.707094,0.626842,0.688415,11.7825,12.4339,0.947617,,,,,,,,,,,,,,,,
kuairand,w-none.g-high.v-none,100,0.8,25000,0.8,mid_greedy,0.267043,0.268268,0.0285065,0.000349215,26765.7,0.0410332,437.774,53.0596,0.000498844,0.069647,0.0859922,0.0290656,G5-G3 (paired bias),,,,0.347408,0.279868,0.20583,2.8488,,,,,,,,,,,,8.62082,0.00276664,0.377068,0.348603,,,,,,,,,,,,,,,,,0.328739,0.328887,0.00984863,0.890838,-0.662624,,,,,,,,,,,
kuairand,w-none.g-high.v-none,100,0.8,25000,0.8,value,0.281391,0.281392,0.00611017,0.00240575,239714,0.016916,824.639,78.9257,0,0.069647,0.0939667,0.00405343,G1,300,0.0124877,3.08077,0.0220602,-0.0153175,0.0268567,0.674708,-0.799164,0.42483,-0.00116233,0.077778,0.0681959,0.71,0.656253,0.758436,62.0255,0.216384,0.21615,11.1762,0.766451,0.455663,0.562261,0.759444,-0.0153175,0.0268567,0.216384,0.21615,-0.00319207,0.0397328,-0.000118757,0.00503521,0.060554,0.0968401,0.122149,0.327635,,,,,,,,,,,,,,,,,,,
kuairand,w-none.g-high.v-none,100,0.8,25000,0.8,value,0.281391,0.281392,0.00611017,0.00240575,239714,0.016916,824.639,78.9257,0,0.069647,0.0939667,0.00405343,G2,300,0.0124877,3.08077,0.0208279,-0.0113302,0.0237102,0.771649,-0.908655,0.364264,-0.000851213,0.0314644,0.0380239,0.603333,0.547004,0.65705,61.8445,0.168652,0.168524,13.9428,0.700872,0.405932,0.501149,0.803858,-0.0113302,0.0237102,0.168652,0.168524,0.00520471,0.0346503,0.000209565,0.00552188,0.0157667,0.0487791,0.100934,0.246553,,,,,,,,,,,,,,,,,,,
kuairand,w-none.g-high.v-none,100,0.8,25000,0.8,value,0.281391,0.281392,0.00611017,0.00240575,239714,0.016916,824.639,78.9257,0,0.069647,0.0939667,0.00405343,G3,300,0.0124877,3.08077,0.0216731,-0.0113588,0.0244693,0.784511,-0.864713,0.38789,-0.000799943,0.0432538,0.0425825,0.63,0.574044,0.682669,60.556,0.179624,0.179495,11.6526,0.663421,0.730524,0.562467,0.885459,-0.0113588,0.0244693,0.179624,0.179495,0.00603859,0.0377944,0.000184949,0.00564963,0.0272625,0.0596973,0.096674,0.270437,5.60121,5.9122,0.947398,,,,,,,,,,,,,,,,
kuairand,w-none.g-high.v-none,100,0.8,25000,0.8,value,0.281391,0.281392,0.00611017,0.00240575,239714,0.016916,824.639,78.9257,0,0.069647,0.0939667,0.00405343,G4,300,0.0124877,3.08077,0.00295439,-0.00176505,0.00344148,0.736959,-0.442858,0.658188,0.00321545,0.0652646,0.067194,0.666667,0.611511,0.717607,14.1515,0.00355314,0.00355003,26.9639,0.834821,0.528787,0.0603216,0.688875,-0.00176505,0.00344148,0.00355314,0.00355003,0.0013464,0.0043612,0.00385065,0.0103526,0.0486422,0.0819584,0.00330126,0.00384092,,,,,,,,,,,,,,,,,,,
kuairand,w-none.g-high.v-none,100,0.8,25000,0.8,value,0.281391,0.281392,0.00611017,0.00240575,239714,0.016916,824.639,78.9257,0,0.069647,0.0939667,0.00405343,G5,300,0.0124877,3.08077,0.00621932,0.00512983,0.00351634,3.12826,0.878894,0.380164,0.0125779,0.0735077,0.0611114,0.676667,0.621791,0.727075,14.4965,0.0037094,0.00373572,26.5359,9.91268e-08,0.0458717,0.0580981,0.0048421,0.00512983,0.00351634,0.0037094,0.00373572,0.00510337,0.00746081,0.0116441,0.0216863,0.0539082,0.0906815,0.00347083,0.00403403,0.0805203,0.0834895,0.964436,,,,,,,,,,,,,,,,
kuairand,w-none.g-high.v-none,100,0.8,25000,0.8,value,0.281391,0.281392,0.00611017,0.00240575,239714,0.016916,824.639,78.9257,0,0.069647,0.0939667,0.00405343,G5-G3 (paired bias),,,,0.0209509,-0.0106691,0.0235111,0.794073,,,,,,,,,,,,10.4162,0.639624,0.327127,0.605037,,,,,,,,,,,,,,,,,0.00502221,0.00503258,0.000322937,0.117788,0.142063,,,,,,,,,,,
kuairand,w-none.g-none.v-high,100,0.8,25000,0.8,source,0.188485,0.234971,1,0.0491869,1,1,1.00001,1,1,0.0736544,0.0736544,1,G1,300,2.86073,2.86073,0.00505417,0.00392485,0.00318437,2.51915,-1.64097,0.101856,325.469,0.999847,0.999853,1,0.987357,1,0.995191,0.00304206,0.00305746,1.22996,0.10497,0.792953,0.0964201,0.939624,0.00392485,0.00318437,0.00304206,0.00305746,-0.00284267,0.0106924,285.27,377.784,0.999844,0.99985,0.00266218,0.00350257,,,,,,,,,,,,,,,,,,,
kuairand,w-none.g-none.v-high,100,0.8,25000,0.8,source,0.188485,0.234971,1,0.0491869,1,1,1.00001,1,1,0.0736544,0.0736544,1,G2,300,2.86073,2.86073,0.00446618,0.00350004,0.00277425,2.59167,-1.65803,0.09836,429.311,0.99989,0.999893,1,0.987357,1,0.995729,0.00230894,0.00232119,1.21483,0.100142,0.268465,0.0879615,0.22443,0.00350004,0.00277425,0.00230894,0.00232119,-0.00246987,0.00946374,378.096,497.03,0.999888,0.999893,0.00203006,0.00264319,,,,,,,,,,,,,,,,,,,
kuairand,w-none.g-none.v-high,100,0.8,25000,0.8,source,0.188485,0.234971,1,0.0491869,1,1,1.00001,1,1,0.0736544,0.0736544,1,G3,300,2.86073,2.86073,0.00493635,0.00406708,0.00279758,3.11348,-1.82381,0.0691788,421.778,0.999886,0.999889,1,0.987357,1,0.99526,0.00234794,0.00236448,1.22006,0.0690617,0.420192,0.0904588,0.449108,0.00406708,0.00279758,0.00234794,0.00236448,-0.00243288,0.00989369,371.677,487.27,0.999884,0.999888,0.00205613,0.00267866,0.0510901,0.0547007,0.933993,,,,,,,,,,,,,,,,
kuairand,w-none.g-none.v-high,100,0.8,25000,0.8,source,0.188485,0.234971,1,0.0491869,1,1,1.00001,1,1,0.0736544,0.0736544,1,G4,300,2.86073,2.86073,0.0040271,0.00315645,0.00250088,2.59298,-1.65845,0.0982758,528.754,0.999911,0.999913,1,0.987357,1,0.996139,0.00187632,0.00188628,1.21474,0.100051,0.286266,0.0878725,0.219944,0.00315645,0.00250088,0.00187632,0.00188628,-0.0022358,0.00853247,465.662,612.815,0.999909,0.999913,0.00164669,0.00214586,,,,,,,,,,,,,,,,,,,
kuairand,w-none.g-none.v-high,100,0.8,25000,0.8,source,0.188485,0.234971,1,0.0491869,1,1,1.00001,1,1,0.0736544,0.0736544,1,G5,300,2.86073,2.86073,0.00245258,-0.000911215,0.00261638,0.878706,0.846268,0.39808,488.995,0.999904,0.999906,1,0.987357,1,1.0022,0.00205363,0.0020528,1.2136,0.367932,0.0203694,0.0899966,0.145857,-0.000911215,0.00261638,0.00205363,0.0020528,-0.00227147,0.00734049,432.08,563.773,0.999902,0.999906,0.00177597,0.00232347,0.0414929,0.0444732,0.932985,,,,,,,,,,,,,,,,
kuairand,w-none.g-none.v-high,100,0.8,25000,0.8,source,0.188485,0.234971,1,0.0491869,1,1,1.00001,1,1,0.0736544,0.0736544,1,G5-G3 (paired bias),,,,0.0070235,0.00701992,0.000224289,980.597,,,,,,,,,,,,1.27184,1.03579e-272,1.02038e-69,0.0967722,,,,,,,,,,,,,,,,,0.0065483,0.00655019,0.000157144,0.999866,0.989829,,,,,,,,,,,
kuairand,w-none.g-none.v-high,100,0.8,25000,0.8,likelihood,0.262488,0.262492,0.0127828,0.000512291,28693.4,0.0197131,580.275,80.9185,0,0.0736544,0.09833,0.105635,G1,300,0.302194,0.302194,1.29911,0.66541,1.11576,1.35567,-0.985608,0.325122,0.000507155,0.0839085,0.0621575,0.616667,0.560502,0.669881,9.64508,373.473,373.916,4.98639,0.23778,0.71449,0.427518,0.097965,0.0702908,0.117863,4.16751,4.17245,-0.653431,2.21183,-1.79808e-05,0.00995749,0.053688,0.10944,212.715,646.707,,,,,,,,,,,,,,,,,,,
kuairand,w-none.g-none.v-high,100,0.8,25000,0.8,likelihood,0.262488,0.262492,0.0127828,0.000512291,28693.4,0.0197131,580.275,80.9185,0,0.0736544,0.09833,0.105635,G2,300,0.302194,0.302194,0.90288,-0.670845,1.12482,0.644306,-0.253576,0.799997,0.000645101,0.234306,0.245043,0.776667,0.726208,0.820129,11.0085,379.568,379.118,5.22017,0.672692,0.823375,0.520964,0.351313,-0.0708649,0.118821,4.23552,4.2305,-0.680282,1.8901,0.000127348,0.00956948,0.193943,0.274737,198.162,652.714,,,,,,,,,,,,,,,,,,,
kuairand,w-none.g-none.v-high,100,0.8,25000,0.8,likelihood,0.262488,0.262492,0.0127828,0.000512291,28693.4,0.0197131,580.275,80.9185,0,0.0736544,0.09833,0.105635,G3,300,0.302194,0.302194,0.797543,-0.666656,1.03947,0.588683,-0.396165,0.692266,0.000241835,0.0940516,0.0981326,0.596667,0.54027,0.650619,10.9459,324.152,323.707,4.92635,0.706186,0.692097,0.445416,0.936628,-0.0704224,0.109805,3.61715,3.61219,-0.727327,1.71971,-0.000210105,0.00893189,0.0568056,0.130837,188.301,540.035,3229.01,2992.94,1.07888,,,,,,,,,,,,,,,,
kuairand,w-none.g-none.v-high,100,0.8,25000,0.8,likelihood,0.262488,0.262492,0.0127828,0.000512291,28693.4,0.0197131,580.275,80.9185,0,0.0736544,0.09833,0.105635,G4,300,0.302194,0.302194,0.253786,-0.1987,0.322318,0.619963,-0.0750549,0.940221,0.0302457,0.354751,0.416707,0.836667,0.790626,0.874194,4.38795,31.1667,31.1273,5.4024,0.69729,0.59216,0.15661,0.248068,-0.0209897,0.0340482,0.347784,0.347343,-0.187903,0.507419,0.0184223,0.0527747,0.316449,0.392218,25.4839,38.4199,,,,,,,,,,,,,,,,,,,
kuairand,w-none.g-none.v-high,100,0.8,25000,0.8,likelihood,0.262488,0.262492,0.0127828,0.000512291,28693.4,0.0197131,580.275,80.9185,0,0.0736544,0.09833,0.105635,G5,300,0.302194,0.302194,0.808043,0.740437,0.323553,6.23702,-6.01,5.39026e-09,0.00435168,0.0937928,0.100643,0.58,0.523482,0.634495,4.28424,31.4061,31.9543,5.42215,4.06191e-06,5.79447e-09,0.151516,0.0890968,0.0782163,0.0341786,0.350454,0.356572,0.601885,1.01247,0.00116441,0.0198014,0.0606235,0.125452,26.0858,39.1043,507.517,489.182,1.03748,,,,,,,,,,,,,,,,
kuairand,w-none.g-none.v-high,100,0.8,25000,0.8,likelihood,0.262488,0.262492,0.0127828,0.000512291,28693.4,0.0197131,580.275,80.9185,0,0.0736544,0.09833,0.105635,G5-G3 (paired bias),,,,0.715062,-0.455662,0.847904,0.711204,,,,,,,,,,,,3.40275,0.562126,0.362284,0.563773,,,,,,,,,,,,,,,,,0.755077,0.7557,0.0306846,0.583455,-0.915048,,,,,,,,,,,
kuairand,w-none.g-none.v-high,100,0.8,25000,0.8,mid,0.224816,0.24633,0.433064,0.0123059,152.13,0.43357,37.6639,13.1147,0.820903,0.0736544,0.0854976,0.529722,G1,300,1.51539,1.51539,0.0117728,0.00869972,0.00793185,2.20299,-1.60906,0.108658,51.789,0.997863,0.998058,1,0.987357,1,0.990773,0.0188743,0.01895,1.60636,0.121603,0.905584,0.109084,0.638881,0.00460843,0.00420167,0.00529622,0.00531745,-0.0061772,0.023996,45.7059,59.6791,0.997758,0.997966,0.0164986,0.02148,,,,,,,,,,,,,,,,,,,
kuairand,w-none.g-none.v-high,100,0.8,25000,0.8,mid,0.224816,0.24633,0.433064,0.0123059,152.13,0.43357,37.6639,13.1147,0.820903,0.0736544,0.0854976,0.529722,G2,300,1.51539,1.51539,0.0129957,0.0109109,0.00705981,3.38856,-2.00154,0.0462377,65.1827,0.998527,0.998658,1,0.987357,1,0.98868,0.0149523,0.0150713,1.49117,0.0475936,0.872343,0.117183,0.745133,0.00577975,0.00373974,0.00419569,0.00422909,-0.00551939,0.0232849,56.5672,75.8419,0.99846,0.998586,0.0130437,0.0173606,,,,,,,,,,,,,,,,,,,
kuairand,w-none.g-none.v-high,100,0.8,25000,0.8,mid,0.224816,0.24633,0.433064,0.0123059,152.13,0.43357,37.6639,13.1147,0.820903,0.0736544,0.0854976,0.529722,G3,300,1.51539,1.51539,0.0123386,0.0100767,0.00712044,3.00272,-1.88898,0.0598621,64.1653,0.998444,0.998595,1,0.987357,1,0.989441,0.0152102,0.0153117,1.52102,0.0639572,0.933936,0.123962,0.9214,0.00533783,0.00377185,0.00426806,0.00429655,-0.00573002,0.0225835,55.598,74.1212,0.99838,0.998504,0.0133013,0.0177178,0.318009,0.327437,0.971206,,,,,,,,,,,,,,,,
kuairand,w-none.g-none.v-high,100,0.8,25000,0.8,mid,0.224816,0.24633,0.433064,0.0123059,152.13,0.43357,37.6639,13.1147,0.820903,0.0736544,0.0854976,0.529722,G4,300,1.51539,1.51539,0.00395895,-0.000761396,0.00403151,0.964331,-0.993237,0.321397,203.575,0.999629,0.99964,1,0.987357,1,0.996673,0.00487591,0.00487533,1.37762,0.352944,0.726306,0.122951,0.757199,-0.000403328,0.00213558,0.00136821,0.00136804,-0.00354154,0.0105087,174.149,240.942,0.999619,0.999637,0.00414004,0.00570801,,,,,,,,,,,,,,,,,,,
kuairand,w-none.g-none.v-high,100,0.8,25000,0.8,mid,0.224816,0.24633,0.433064,0.0123059,152.13,0.43357,37.6639,13.1147,0.820903,0.0736544,0.0854976,0.529722,G5,300,1.51539,1.51539,0.013642,0.0129239,0.00436793,9.75456,-2.75027,0.00631743,170.868,0.999531,0.999555,1,0.987357,1,0.989368,0.00572364,0.00589066,1.37252,0.000495852,8.99726e-17,0.129297,2.80339e-17,0.00684605,0.00231379,0.00160608,0.00165295,0.00764669,0.0200298,146.864,202.092,0.999517,0.999544,0.00502215,0.00681695,0.103906,0.108665,0.956205,,,,,,,,,,,,,,,,
kuairand,w-none.g-none.v-high,100,0.8,25000,0.8,mid,0.224816,0.24633,0.433064,0.0123059,152.13,0.43357,37.6639,13.1147,0.820903,0.0736544,0.0854976,0.529722,G5-G3 (paired bias),,,,0.00803493,0.00696079,0.00401341,4.00809,,,,,,,,,,,,1.8021,0.021792,1.17378e-09,0.0797345,,,,,,,,,,,,,,,,,0.0110898,0.0111309,0.00095573,0.622077,-0.687837,,,,,,,,,,,
kuairand,w-none.g-none.v-high,100,0.8,25000,0.8,mid_greedy,0.249145,0.2512,0.0141892,0.000828543,25563.1,0.0251837,643.369,63.4148,0.00207718,0.0736544,0.0950882,0.0501427,G1,300,0.143445,0.143445,0.222048,-0.116822,0.250904,0.78321,0.010474,0.99165,0.0523326,0.315548,0.363822,0.75,0.698047,0.795631,2.99477,18.8858,18.8721,5.06314,0.563024,0.245723,0.549367,0.0169913,-0.00585779,0.012581,0.0474843,0.04745,-0.0303038,0.413981,0.0320367,0.112285,0.271141,0.358832,9.58193,33.2839,,,,,,,,,,,,,,,,,,,
kuairand,w-none.g-none.v-high,100,0.8,25000,0.8,mid_greedy,0.249145,0.2512,0.0141892,0.000828543,25563.1,0.0251837,643.369,63.4148,0.00207718,0.0736544,0.0950882,0.0501427,G2,300,0.143445,0.143445,0.202903,-0.089656,0.221829,0.836649,-0.190248,0.849244,0.0651239,0.359758,0.467752,0.78,0.729746,0.823173,2.72671,14.7624,14.7544,4.70461,0.517397,0.872694,0.544058,0.799134,-0.00449559,0.0111231,0.0371169,0.0370967,-0.0520297,0.392272,0.0380896,0.145016,0.315585,0.40314,7.00265,26.9057,,,,,,,,,,,,,,,,,,,
kuairand,w-none.g-none.v-high,100,0.8,25000,0.8,mid_greedy,0.249145,0.2512,0.0141892,0.000828543,25563.1,0.0251837,643.369,63.4148,0.00207718,0.0736544,0.0950882,0.0501427,G3,300,0.143445,0.143445,0.207837,-0.0857218,0.224821,0.854618,0.0970916,0.922719,0.0665206,0.354753,0.438644,0.783333,0.733289,0.826213,2.76158,15.1633,15.1559,5.00552,0.510905,0.560392,0.553558,0.695128,-0.00429832,0.0112731,0.0381249,0.0381064,-0.0474129,0.414156,0.0397825,0.142514,0.310535,0.396894,7.50376,27.1721,176.245,175.611,1.00361,,,,,,,,,,,,,,,,
kuairand,w-none.g-none.v-high,100,0.8,25000,0.8,mid_greedy,0.249145,0.2512,0.0141892,0.000828543,25563.1,0.0251837,643.369,63.4148,0.00207718,0.0736544,0.0950882,0.0501427,G4,300,0.143445,0.143445,0.018826,-0.0160361,0.0247301,0.57952,-0.347446,0.728501,5.38778,0.937252,0.952677,1,0.987357,1,1.05046,0.183473,0.183215,4.66156,0.703737,0.129862,0.0667555,0.728075,-0.000804091,0.00124003,0.000461303,0.000460656,-0.00784789,0.0387327,4.88477,5.96666,0.930795,0.943152,0.169836,0.197904,,,,,,,,,,,,,,,,,,,
kuairand,w-none.g-none.v-high,100,0.8,25000,0.8,mid_greedy,0.249145,0.2512,0.0141892,0.000828543,25563.1,0.0251837,643.369,63.4148,0.00207718,0.0736544,0.0950882,0.0501427,G5,300,0.143445,0.143445,0.166233,0.164262,0.0255232,42.4194,-7.18401,5.41253e-12,4.09955,0.901672,0.926064,1,0.987357,1,0.968213,0.195429,0.222411,5.75911,4.23125e-50,3.88759e-24,0.0549716,3.42457e-30,0.00823652,0.0012798,0.000491366,0.000559206,0.143987,0.190363,3.76679,4.4845,0.892897,0.909645,0.209171,0.238044,4.15236,4.38785,0.946332,,,,,,,,,,,,,,,,
kuairand,w-none.g-none.v-high,100,0.8,25000,0.8,mid_greedy,0.249145,0.2512,0.0141892,0.000828543,25563.1,0.0251837,643.369,63.4148,0.00207718,0.0736544,0.0950882,0.0501427,G5-G3 (paired bias),,,,0.267952,0.15285,0.220081,1.48235,,,,,,,,,,,,4.7326,0.195132,0.291091,0.577392,,,,,,,,,,,,,,,,,0.160798,0.160972,0.00748986,0.642423,-0.64648,,,,,,,,,,,
kuairand,w-none.g-none.v-high,100,0.8,25000,0.8,value,0.269441,0.269439,0.00716498,0.00102568,119845,0.013528,855.524,96.4444,0,0.0736544,0.104628,0.00356353,G1,300,0.0101943,2.86073,0.0207716,-0.00386748,0.0211286,0.966495,-0.966159,0.334745,-0.000133546,0.0244586,0.0382083,0.563333,0.506758,0.618307,57.7724,0.133925,0.13391,8.64857,0.463723,0.749472,0.52412,0.216697,-0.00386748,0.0211286,0.133925,0.13391,0.00860961,0.0335836,0.000615009,0.00652682,0.00817981,0.0424831,0.0703514,0.225786,,,,,,,,,,,,,,,,,,,
kuairand,w-none.g-none.v-high,100,0.8,25000,0.8,value,0.269441,0.269439,0.00716498,0.00102568,119845,0.013528,855.524,96.4444,0,0.0736544,0.104628,0.00356353,G2,300,0.0101943,2.86073,0.0169282,-0.00947577,0.0193998,0.76142,-1.02577,0.30583,-0.000812667,0.0272089,0.0340497,0.58,0.523482,0.634495,58.0337,0.112906,0.112816,8.82987,0.649925,0.711046,0.507856,0.597693,-0.00947577,0.0193998,0.112906,0.112816,0.00478458,0.0302296,0.00034395,0.00605458,0.0106007,0.0449525,0.0607055,0.187438,,,,,,,,,,,,,,,,,,,
kuairand,w-none.g-none.v-high,100,0.8,25000,0.8,value,0.269441,0.269439,0.00716498,0.00102568,119845,0.013528,855.524,96.4444,0,0.0736544,0.104628,0.00356353,G3,300,0.0101943,2.86073,0.0174475,-0.00903846,0.0196497,0.788419,-1.13176,0.258642,-0.000738885,0.00484648,0.0157794,0.54,0.483451,0.595538,56.8643,0.115833,0.115751,8.04587,0.613535,0.652436,0.530564,0.421986,-0.00903846,0.0196497,0.115833,0.115751,0.00511501,0.0306998,0.000131733,0.00621369,-0.010778,0.0245022,0.0602654,0.197483,1.9033,1.95454,0.973785,,,,,,,,,,,,,,,,
kuairand,w-none.g-none.v-high,100,0.8,25000,0.8,value,0.269441,0.269439,0.00716498,0.00102568,119845,0.013528,855.524,96.4444,0,0.0736544,0.104628,0.00356353,G4,300,0.0101943,2.86073,0.0030561,0.00142319,0.0027045,1.27692,1.38096,0.168323,0.00891358,0.0993532,0.110541,0.723333,0.670129,0.77089,12.3774,0.00219429,0.00219632,24.3789,0.162722,0.314473,0.0697331,0.0068256,0.00142319,0.0027045,0.00219429,0.00219632,0.00185845,0.00425042,0.00771296,0.0183716,0.0809105,0.11845,0.001986,0.00239451,,,,,,,,,,,,,,,,,,,
kuairand,w-none.g-none.v-high,100,0.8,25000,0.8,value,0.269441,0.269439,0.00716498,0.00102568,119845,0.013528,855.524,96.4444,0,0.0736544,0.104628,0.00356353,G5,300,0.0101943,2.86073,0.00677767,0.00616781,0.0028098,5.81847,-6.53306,2.76955e-10,0.0113875,0.00425009,0.00720882,0.513333,0.456963,0.569367,12.753,0.0023685,0.00240654,23.943,2.95831e-18,0.00890238,0.0762615,0.000142694,0.00616781,0.0028098,0.0023685,0.00240654,0.00527987,0.00819061,0.00818018,0.0224472,-0.0148582,0.0245598,0.00216479,0.00263826,0.0661681,0.0696503,0.950005,,,,,,,,,,,,,,,,
kuairand,w-none.g-none.v-high,100,0.8,25000,0.8,value,0.269441,0.269439,0.00716498,0.00102568,119845,0.013528,855.524,96.4444,0,0.0736544,0.104628,0.00356353,G5-G3 (paired bias),,,,0.0182758,-0.00420744,0.0187539,0.949667,,,,,,,,,,,,6.91461,0.465785,0.330685,0.577373,,,,,,,,,,,,,,,,,0.00706734,0.00707524,0.000334252,0.375261,-0.56597,,,,,,,,,,,
ml,high,100,0.8,25000,0.8,source,0.0908588,0.112659,1,0.0315519,1,0.999999,1.00448,1.00313,0.999999,0.0648431,0.0648431,1,G1,300,1.25151,1.25151,0.00415516,-0.00328184,0.00529489,0.615831,0.746395,0.456015,119.773,0.999465,0.999489,1,0.987357,1,1.00423,0.00841076,0.00839999,1.2994,0.47289,0.0375338,0.103051,0.409294,-0.00328184,0.00529489,0.00841076,0.00839999,-0.00478476,0.0120612,103.481,140.583,0.999454,0.999478,0.00729551,0.00968995,,,,,,,,,,,,,,,,,,,
ml,high,100,0.8,25000,0.8,source,0.0908588,0.112659,1,0.0315519,1,0.999999,1.00448,1.00313,0.999999,0.0648431,0.0648431,1,G2,300,1.25151,1.25151,0.00192115,-0.00455705,0.00494546,0.150907,0.170832,0.864471,136.503,0.99954,0.99956,1,0.987357,1,1.00125,0.00733726,0.0073165,1.29177,0.762044,0.129465,0.119394,0.119841,-0.00455705,0.00494546,0.00733726,0.0073165,-0.00448287,0.00822876,116.121,161.699,0.999531,0.99955,0.00627567,0.00860289,,,,,,,,,,,,,,,,,,,
ml,high,100,0.8,25000,0.8,source,0.0908588,0.112659,1,0.0315519,1,0.999999,1.00448,1.00313,0.999999,0.0648431,0.0648431,1,G3,300,1.25151,1.25151,0.00240299,-0.00447917,0.00508304,0.223489,0.337426,0.736032,129.424,0.999517,0.99954,1,0.987357,1,1.00208,0.00775119,0.00773113,1.29051,0.698548,0.0752544,0.120917,0.582011,-0.00447917,0.00508304,0.00775119,0.00773113,-0.00469909,0.0094924,109.1,152.223,0.999506,0.999528,0.00663648,0.00914659,0.180536,0.191688,0.941825,,,,,,,,,,,,,,,,
ml,high,100,0.8,25000,0.8,source,0.0908588,0.112659,1,0.0315519,1,0.999999,1.00448,1.00313,0.999999,0.0648431,0.0648431,1,G4,300,1.25151,1.25151,0.00177461,-0.00408751,0.00445611,0.158597,0.195183,0.845382,168.138,0.999629,0.999643,1,0.987357,1,1.00118,0.00595709,0.00594038,1.29146,0.754691,0.131223,0.119224,0.116432,-0.00408751,0.00445611,0.00595709,0.00594038,-0.00404856,0.00756009,143.213,198.747,0.999622,0.999636,0.00508451,0.00698324,,,,,,,,,,,,,,,,,,,
ml,high,100,0.8,25000,0.8,source,0.0908588,0.112659,1,0.0315519,1,0.999999,1.00448,1.00313,0.999999,0.0648431,0.0648431,1,G5,300,1.25151,1.25151,0.00978979,0.00854103,0.00478444,4.18683,2.09291,0.0371994,148.369,0.999596,0.99961,1,0.987357,1,1.00981,0.00686725,0.0069402,1.27559,0.0311352,0.000422233,0.123208,0.0749828,0.00854103,0.00478444,0.00686725,0.0069402,-0.00335841,0.0171822,124.752,174.635,0.999589,0.999605,0.00591567,0.00821219,0.146304,0.156203,0.936623,,,,,,,,,,,,,,,,
ml,high,100,0.8,25000,0.8,source,0.0908588,0.112659,1,0.0315519,1,0.999999,1.00448,1.00313,0.999999,0.0648431,0.0648431,1,G5-G3 (paired bias),,,,0.00809215,0.00808232,0.000398777,411.782,,,,,,,,,,,,1.40346,4.56611e-127,7.65044e-71,0.111536,,,,,,,,,,,,,,,,,0.00813444,0.008141,0.00032684,0.999758,0.964687,,,,,,,,,,,
ml,high,100,0.8,25000,0.8,likelihood,0.197307,0.197334,3.98531e-06,0.191532,6.05046e+08,0.000864223,6380.79,137.911,0,0.0648431,0.122597,0.0385204,G1,300,0.0482086,0.0482086,4.89121,-0.590743,4.92675,0.985623,1.73094,0.084494,0.000504542,0.0276225,0.0354318,0.613333,0.557123,0.666677,35.8909,7281.87,7281.52,4.66946,0.421485,0.335476,0.689727,0.13251,-0.0227557,0.189781,10.805,10.8045,1.40147,8.72766,0.000771043,0.00890472,0.0152548,0.0400053,2658.63,15004.4,,,,,,,,,0.443584,0.116234,0.949237,0.384828,1.69949,0.468214,0.346768,0.158336,0.345779,0.495714,0.698253
ml,high,100,0.8,25000,0.8,likelihood,0.197307,0.197334,3.98531e-06,0.191532,6.05046e+08,0.000864223,6380.79,137.911,0,0.0648431,0.122597,0.0385204,G2,300,0.0482086,0.0482086,21.0134,6.53196,19.9724,1.10696,1.67073,0.0958209,0.000405056,0.0540008,0.054502,0.66,0.604673,0.711281,68.3965,119669,119712,1.96141,0.329729,0.230573,0.971516,0.600847,0.251614,0.769345,177.567,177.631,2.13234,56.525,0.000236228,0.00953463,0.0378653,0.069363,3952.59,315803,,,,,,,,,0.339353,0.040683,1.07795,0.384828,1.69949,0.336166,0.11477,0.158336,0.330521,0.103041,0.698253
ml,high,100,0.8,25000,0.8,likelihood,0.197307,0.197334,3.98531e-06,0.191532,6.05046e+08,0.000864223,6380.79,137.911,0,0.0648431,0.122597,0.0385204,G3,300,0.0482086,0.0482086,12.4359,4.42178,11.6232,1.14473,1.91828,0.0560271,0.000611735,0.0317511,0.034666,0.606667,0.550374,0.660262,52.9404,40529.5,40549,1.63375,0.310352,0.445954,0.920288,0.035494,0.170329,0.447729,60.1385,60.1675,2.12931,36.0388,0.000419184,0.0102601,0.0163746,0.0456094,4474.7,130558,149927,119181,1.25798,,,,,,0.317794,0.0922229,1.11879,0.384828,1.69949,0.314322,0.32629,0.158336,0.303593,0.294604,0.698253
ml,high,100,0.8,25000,0.8,likelihood,0.197307,0.197334,3.98531e-06,0.191532,6.05046e+08,0.000864223,6380.79,137.911,0,0.0648431,0.122597,0.0385204,G4,300,0.0482086,0.0482086,0.0815623,0.0273987,0.0768227,1.1272,0.40543,0.685451,0.569004,0.61319,0.618035,1,0.987357,1,1.65193,1.77052,1.77127,56.6297,0.238183,0.607756,0.041377,0.763687,0.00105541,0.00295924,0.00262713,0.00262825,0.0560805,0.10651,0.546083,0.607485,0.603663,0.623835,1.6902,1.83832,,,,,,,,,0,7.35485e-90,480.87,0.384828,1.69949,0,1.39723e-71,0.158336,0,2.06005e-82,0.698253
ml,high,100,0.8,25000,0.8,likelihood,0.197307,0.197334,3.98531e-06,0.191532,6.05046e+08,0.000864223,6380.79,137.911,0,0.0648431,0.122597,0.0385204,G5,300,0.0482086,0.0482086,0.989813,0.986208,0.084405,137.521,-71.5513,3.73967e-190,0.270014,0.189929,0.181894,0.966667,0.939738,0.981795,1.61897,2.13726,3.10987,48.2244,0,5.71488e-49,0.0446421,1.90151e-50,0.0379891,0.00325131,0.00317131,0.00461449,0.969561,1.00937,0.254942,0.294243,0.178829,0.201776,2.98401,3.2406,39.3232,42.019,0.935843,,,,,,0,2.17817e-77,347.321,0.384828,1.69949,0,7.7202e-77,0.158336,0,8.54031e-85,0.698253
ml,high,100,0.8,25000,0.8,likelihood,0.197307,0.197334,3.98531e-06,0.191532,6.05046e+08,0.000864223,6380.79,137.911,0,0.0648431,0.122597,0.0385204,G5-G3 (paired bias),,,,12.569,4.78878,11.621,1.16981,,,,,,,,,,,,1.63252,0.303301,0.513526,0.920637,,,,,,,,,,,,,,,,,0.978107,0.978686,0.0336606,0.177305,-0.712375,,,,,,,,,,,
ml,high,100,0.8,25000,0.8,mid,0.169926,0.173523,0.00946997,0.00316023,35189.5,0.0152305,829.002,88.6941,0.00180594,0.0648431,0.104466,0.201826,G1,300,0.252587,0.252587,0.139435,-0.134726,0.19389,0.51717,-0.403389,0.68695,0.0790932,0.268726,0.410996,0.716667,0.663185,0.76467,2.90613,11.278,11.2599,7.30178,0.829438,0.687848,0.185134,0.0681169,-0.0271913,0.0391321,0.459397,0.458658,-0.0667452,0.248767,0.0539473,0.122701,0.222727,0.323477,9.12679,13.5613,,,,,,,,,,,,,,,,,,,
ml,high,100,0.8,25000,0.8,mid,0.169926,0.173523,0.00946997,0.00316023,35189.5,0.0152305,829.002,88.6941,0.00180594,0.0648431,0.104466,0.201826,G2,300,0.252587,0.252587,0.135175,-0.101826,0.169236,0.637983,-0.100835,0.919749,0.112936,0.327483,0.426899,0.773333,0.722674,0.817081,2.69689,8.59223,8.58187,7.69501,0.740132,0.50883,0.166292,0.322124,-0.0205511,0.0341563,0.349995,0.349573,-0.039829,0.226723,0.0803351,0.16577,0.280531,0.376955,7.20456,10.1871,,,,,,,,,,,,,,,,,,,
ml,high,100,0.8,25000,0.8,mid,0.169926,0.173523,0.00946997,0.00316023,35189.5,0.0152305,829.002,88.6941,0.00180594,0.0648431,0.104466,0.201826,G3,300,0.252587,0.252587,0.139234,-0.112088,0.178745,0.606765,-0.170484,0.864744,0.0993964,0.297866,0.416385,0.72,0.666655,0.767782,2.79294,9.58494,9.57238,7.5017,0.762394,0.462374,0.161925,0.100082,-0.0226224,0.0360755,0.390432,0.38992,-0.0492393,0.247439,0.0696206,0.146247,0.248552,0.350804,7.95296,11.4109,211.024,220.474,0.957138,,,,,,,,,,,,,,,,
ml,high,100,0.8,25000,0.8,mid,0.169926,0.173523,0.00946997,0.00316023,35189.5,0.0152305,829.002,88.6941,0.00180594,0.0648431,0.104466,0.201826,G4,300,0.252587,0.252587,0.0120343,-0.0105227,0.015986,0.566716,0.305236,0.760399,13.1318,0.978402,0.982538,1,0.987357,1,1.02349,0.0766655,0.0765548,3.47141,0.662178,0.673598,0.0704531,0.106684,-0.00212375,0.00322639,0.00312288,0.00311837,-0.00590317,0.0278709,11.9308,14.4325,0.976862,0.97978,0.0700105,0.0829833,,,,,,,,,,,,,,,,,,,
ml,high,100,0.8,25000,0.8,mid,0.169926,0.173523,0.00946997,0.00316023,35189.5,0.0152305,829.002,88.6941,0.00180594,0.0648431,0.104466,0.201826,G5,300,0.252587,0.252587,0.422367,0.422001,0.0175836,576.984,-35.2688,1.46869e-108,4.07409,0.887194,0.917662,0.996667,0.981363,0.999411,0.66192,0.092755,0.270839,4.83139,0,1.29357e-88,0.073989,5.04785e-90,0.0851708,0.00354884,0.00377827,0.0110323,0.401087,0.443762,3.67755,4.52535,0.874736,0.898169,0.252369,0.290142,1.84128,2.09056,0.88076,,,,,,,,,,,,,,,,
ml,high,100,0.8,25000,0.8,mid,0.169926,0.173523,0.00946997,0.00316023,35189.5,0.0152305,829.002,88.6941,0.00180594,0.0648431,0.104466,0.201826,G5-G3 (paired bias),,,,0.418165,0.379791,0.174988,5.71056,,,,,,,,,,,,7.75855,3.95604e-07,0.00236086,0.164407,,,,,,,,,,,,,,,,,0.426547,0.426634,0.00859439,0.94716,-0.95003,,,,,,,,,,,
ml,high,100,0.8,25000,0.8,mid_greedy,0.17537,0.17842,0.00577459,0.00528177,51498.1,0.010643,1104.01,101.017,0.000332968,0.0648431,0.10843,0.168785,G1,300,0.211236,0.211236,0.259252,-0.133527,0.291618,0.790343,-0.948137,0.343825,0.0263245,0.178133,0.254941,0.643333,0.587629,0.695413,3.87651,25.5123,25.4945,6.66343,0.589496,0.189236,0.344196,0.445973,-0.0225374,0.0492208,0.726806,0.726298,-0.112841,0.474632,0.013983,0.0504997,0.130471,0.232367,17.5811,34.7734,,,,,,,,,,,,,,,,,,,
ml,high,100,0.8,25000,0.8,mid_greedy,0.17537,0.17842,0.00577459,0.00528177,51498.1,0.010643,1104.01,101.017,0.000332968,0.0648431,0.10843,0.168785,G2,300,0.211236,0.211236,0.267838,0.0981589,0.249202,1.15515,-1.22473,0.22164,0.0369348,0.222188,0.317278,0.683333,0.628658,0.733373,3.63427,18.6306,18.6402,9.21856,0.318679,0.266501,0.222045,0.281583,0.0165678,0.0420617,0.530756,0.531031,0.0763573,0.426555,0.0220045,0.0649638,0.178601,0.271072,14.6962,22.8931,,,,,,,,,,,,,,,,,,,
ml,high,100,0.8,25000,0.8,mid_greedy,0.17537,0.17842,0.00577459,0.00528177,51498.1,0.010643,1104.01,101.017,0.000332968,0.0648431,0.10843,0.168785,G3,300,0.211236,0.211236,0.279836,0.0918999,0.264315,1.12089,-1.23401,0.218166,0.0311625,0.196665,0.286286,0.643333,0.587629,0.695413,3.73057,20.9587,20.9672,7.86819,0.345272,0.25612,0.274314,0.582248,0.0155114,0.0446125,0.597082,0.597323,-0.0183341,0.469539,0.0169509,0.0571709,0.146875,0.247993,15.7305,26.9981,330.302,338.44,0.975957,,,,,,,,,,,,,,,,
ml,high,100,0.8,25000,0.8,mid_greedy,0.17537,0.17842,0.00577459,0.00528177,51498.1,0.010643,1104.01,101.017,0.000332968,0.0648431,0.10843,0.168785,G4,300,0.211236,0.211236,0.0136364,-0.0124125,0.0184397,0.546884,-0.189514,0.849818,9.75487,0.968395,0.976367,1,0.987357,1,1.02619,0.102006,0.101852,3.74176,0.689451,0.698599,0.0690233,0.138711,-0.00209504,0.00311235,0.00290601,0.00290162,-0.00499197,0.0283954,8.91908,10.7315,0.965747,0.971164,0.0937018,0.110245,,,,,,,,,,,,,,,,,,,
ml,high,100,0.8,25000,0.8,mid_greedy,0.17537,0.17842,0.00577459,0.00528177,51498.1,0.010643,1104.01,101.017,0.000332968,0.0648431,0.10843,0.168785,G5,300,0.211236,0.211236,0.506859,0.506452,0.0203038,623.19,-38.5391,5.28643e-118,2.3278,0.798933,0.860356,0.983333,0.961584,0.992861,0.615207,0.123673,0.380166,5.46378,0,4.0495e-85,0.0621448,5.09495e-86,0.0854816,0.00342698,0.00352325,0.0108304,0.484633,0.528986,2.08693,2.63772,0.776333,0.818824,0.355548,0.405932,2.4812,2.91438,0.851366,,,,,,,,,,,,,,,,
ml,high,100,0.8,25000,0.8,mid_greedy,0.17537,0.17842,0.00577459,0.00528177,51498.1,0.010643,1104.01,101.017,0.000332968,0.0648431,0.10843,0.168785,G5-G3 (paired bias),,,,0.396295,0.298338,0.260853,2.30806,,,,,,,,,,,,7.96246,0.0181881,0.153061,0.277818,,,,,,,,,,,,,,,,,0.505873,0.505968,0.00983838,0.837903,-0.955848,,,,,,,,,,,
ml,high,100,0.8,25000,0.8,value,0.247243,0.247246,3.36741e-06,0.230563,4.11735e+08,0.000777362,7328.5,135.285,0,0.0648431,0.162916,0.0115411,G1,300,0.0144437,1.25151,0.0146767,0.0115683,0.00903211,2.64045,-24.9769,3.75017e-75,8.48864e-05,0.0657825,0.0512028,0.746667,0.694545,0.792551,2.44001,0.0244737,0.0246075,3.95142,0.0325786,3.95122e-08,0.925663,7.71365e-204,0.0115683,0.00903211,0.0244737,0.0246075,0.0115914,0.0211628,0.000185225,0.00842572,0.0543596,0.0765925,0.00533113,0.049589,,,,,,,,,0.616918,0.00385188,0.661403,0.437932,1.05404,0.00029588,1.18922e-19,0.184832,0.479391,0.363318,0.723155
ml,high,100,0.8,25000,0.8,value,0.247243,0.247246,3.36741e-06,0.230563,4.11735e+08,0.000777362,7328.5,135.285,0,0.0648431,0.162916,0.0115411,G2,300,0.0144437,1.25151,0.0283358,0.00410805,0.0280365,1.02147,-1.02679,0.305347,-0.0020232,0.583173,0.785573,0.93,0.895363,0.953763,6.45229,0.235813,0.23583,1.18529,0.325129,0.889355,0.974529,0.018201,0.00410805,0.0280365,0.235813,0.23583,-0.00502463,0.0693662,-0.00209114,0.0185536,0.533307,0.626387,0.00889773,0.694634,,,,,,,,,0.49839,3.5982e-17,0.524978,0.437932,1.05404,0.199785,4.93143e-13,0.184832,0.53751,1.41938e-15,0.723155
ml,high,100,0.8,25000,0.8,value,0.247243,0.247246,3.36741e-06,0.230563,4.11735e+08,0.000777362,7328.5,135.285,0,0.0648431,0.162916,0.0115411,G3,300,0.0144437,1.25151,0.0211808,0.0169822,0.0126584,2.79982,-2.11309,0.0354211,-0.000906717,0.183142,0.0926201,0.69,0.635538,0.739657,4.16404,0.0480703,0.0483587,2.62508,0.0456446,3.82507e-47,0.925382,4.56453e-45,0.0169822,0.0126584,0.0480703,0.0483587,0.00972243,0.0395587,-0.00111916,0.00751061,0.146322,0.226101,0.00782146,0.121308,0.129017,0.0897461,1.43758,,,,,,0.36766,0.751516,1.03946,0.437932,1.05404,0.00251581,3.80979e-74,0.184832,0.436993,0.28139,0.723155
ml,high,100,0.8,25000,0.8,value,0.247243,0.247246,3.36741e-06,0.230563,4.11735e+08,0.000777362,7328.5,135.285,0,0.0648431,0.162916,0.0115411,G4,300,0.0144437,1.25151,0.00102056,-0.00141606,0.0017455,0.341853,-0.0631781,0.949667,0.14266,0.665515,0.89312,0.963333,0.935546,0.979405,1.73354,0.00091403,0.000912025,5.23495,0.894924,0.730953,0.560265,0.290474,-0.00141606,0.0017455,0.00091403,0.000912025,-0.00151205,0.00242102,0.0880767,0.320387,0.623134,0.707827,0.000412633,0.00144536,,,,,,,,,3.4776e-55,5.19608e-34,50.792,0.437932,1.05404,1.17464e-27,2.81796e-21,0.184832,5.57332e-51,6.11806e-24,0.723155
ml,high,100,0.8,25000,0.8,value,0.247243,0.247246,3.36741e-06,0.230563,4.11735e+08,0.000777362,7328.5,135.285,0,0.0648431,0.162916,0.0115411,G5,300,0.0144437,1.25151,0.0103292,0.0101953,0.0016572,38.8491,-65.9624,3.20813e-180,0.000874263,0.233252,0.13443,0.726667,0.673606,0.773995,1.03529,0.000823892,0.000927837,4.47734,3.85738e-36,3.84807e-86,0.660988,2.62922e-82,0.0101953,0.0016572,0.000823892,0.000927837,0.00995291,0.0106954,0.000780241,0.018518,0.193537,0.275981,0.000414777,0.00146479,0.0283271,0.0302134,0.937567,,,,,,2.14483e-09,1.86152e-05,10.6403,0.437932,1.05404,4.58959e-116,1.91993e-119,0.184832,1.14456e-05,1.13673e-07,0.723155
ml,high,100,0.8,25000,0.8,value,0.247243,0.247246,3.36741e-06,0.230563,4.11735e+08,0.000777362,7328.5,135.285,0,0.0648431,0.162916,0.0115411,G5-G3 (paired bias),,,,0.0116293,-0.00346301,0.012134,0.918548,,,,,,,,,,,,2.27142,0.409366,0.386337,0.947252,,,,,,,,,,,,,,,,,0.0102825,0.010296,0.00052691,-0.854942,-0.991761,,,,,,,,,,,
ml,none,100,0.8,25000,0.8,source,0.242769,0.302983,1,0.01323,1,0.999999,1.00419,1.00291,0.999995,0.0301043,0.0301043,1,G1,300,3.15099,3.15099,0.00159962,-0.00202048,0.00257704,0.385293,0.52678,0.598737,503.195,0.999873,0.999875,1,0.987357,1,1.00139,0.00199233,0.00198825,1.31036,0.591251,0.338,0.105201,0.421982,-0.00202048,0.00257704,0.00199233,0.00198825,-0.00231077,0.0058339,445.978,574.226,0.999871,0.999875,0.00175371,0.0022534,,,,,,,,,,,,,,,,,,,
ml,none,100,0.8,25000,0.8,source,0.242769,0.302983,1,0.01323,1,0.999999,1.00419,1.00291,0.999995,0.0301043,0.0301043,1,G2,300,3.15099,3.15099,0.00167976,-0.00143997,0.00221249,0.576412,0.696847,0.48644,682.914,0.999907,0.999909,1,0.987357,1,1.00153,0.00146853,0.00146646,1.30779,0.491445,0.653555,0.101625,0.738036,-0.00143997,0.00221249,0.00146853,0.00146646,-0.00197336,0.00473622,596.834,789.293,0.999906,0.999909,0.00127871,0.00168039,,,,,,,,,,,,,,,,,,,
ml,none,100,0.8,25000,0.8,source,0.242769,0.302983,1,0.01323,1,0.999999,1.00419,1.00291,0.999995,0.0301043,0.0301043,1,G3,300,3.15099,3.15099,0.00165411,-0.00147692,0.00221751,0.556412,0.681091,0.496341,679.782,0.999907,0.999908,1,0.987357,1,1.0015,0.00147521,0.00147303,1.30805,0.500724,0.643142,0.101296,0.634839,-0.00147692,0.00221751,0.00147521,0.00147303,-0.00195994,0.00459449,593.792,788.113,0.999905,0.999908,0.0012908,0.00168961,0.0399137,0.0415607,0.960369,,,,,,,,,,,,,,,,
ml,none,100,0.8,25000,0.8,source,0.242769,0.302983,1,0.01323,1,0.999999,1.00419,1.00291,0.999995,0.0301043,0.0301043,1,G4,300,3.15099,3.15099,0.00152183,-0.00128571,0.00199224,0.583511,0.702449,0.482945,842.038,0.999925,0.999926,1,0.987357,1,1.00138,0.0011907,0.00118905,1.3077,0.488208,0.65002,0.1016,0.731192,-0.00128571,0.00199224,0.0011907,0.00118905,-0.00177368,0.00428256,735.576,972.806,0.999924,0.999926,0.00103809,0.00136304,,,,,,,,,,,,,,,,,,,
ml,none,100,0.8,25000,0.8,source,0.242769,0.302983,1,0.01323,1,0.999999,1.00419,1.00291,0.999995,0.0301043,0.0301043,1,G5,300,3.15099,3.15099,0.00131641,-0.0016331,0.00209761,0.393854,0.531703,0.595326,759.162,0.999919,0.99992,1,0.987357,1,1.00113,0.00131999,0.00131732,1.29631,0.583945,0.783937,0.100725,0.694124,-0.0016331,0.00209761,0.00131999,0.00131732,-0.00187284,0.00415892,662.582,880.003,0.999918,0.999921,0.00115046,0.00151252,0.0323503,0.0338129,0.956744,,,,,,,,,,,,,,,,
ml,none,100,0.8,25000,0.8,source,0.242769,0.302983,1,0.01323,1,0.999999,1.00419,1.00291,0.999995,0.0301043,0.0301043,1,G5-G3 (paired bias),,,,0.000373963,0.000330625,0.000174743,4.57992,,,,,,,,,,,,1.35501,0.0215563,0.255211,0.106047,,,,,,,,,,,,,,,,,0.000182895,0.000240917,0.000156814,0.964156,-0.983031,,,,,,,,,,,
ml,none,100,0.8,25000,0.8,likelihood,0.302985,0.302983,0.159274,0,63.0675,0.159355,37.9379,19.3089,0,0.0301043,0.0335265,0.000145514,G1,300,0.000458514,0.000458514,575.724,-120.643,588.228,0.957936,0.422103,0.673253,-0.000138417,0.0173701,0.0232797,0.523333,0.466877,0.579199,9405.11,1.03804e+08,1.03789e+08,6.91907,0.459564,0.34666,0.0664313,0.950558,-0.0175553,0.0855954,2.19797,2.19767,-350.059,1117.72,-0.0011993,0.0120276,-0.0185607,0.0587766,9.51028e+07,1.13839e+08,,,,,,,,,,,,,,,,,,,
ml,none,100,0.8,25000,0.8,likelihood,0.302985,0.302983,0.159274,0,63.0675,0.159355,37.9379,19.3089,0,0.0301043,0.0335265,0.000145514,G2,300,0.000458514,0.000458514,303.386,-402.85,504.313,0.361903,-0.0379827,0.969727,-0.00212717,-0.00347332,-0.000178776,0.5,0.443778,0.556222,8249.11,7.62994e+07,7.61371e+07,6.9397,0.923445,0.478016,0.066989,0.801833,-0.0586203,0.0733846,1.61559,1.61215,-372.907,753.254,-0.00188245,0.00732365,-0.040802,0.0352781,7.02465e+07,8.30123e+07,,,,,,,,,,,,,,,,,,,
ml,none,100,0.8,25000,0.8,likelihood,0.302985,0.302983,0.159274,0,63.0675,0.159355,37.9379,19.3089,0,0.0301043,0.0335265,0.000145514,G3,300,0.000458514,0.000458514,305.386,-403.718,506.21,0.363944,-0.102024,0.918806,-0.00212068,-0.00526588,0.00565856,0.506667,0.450366,0.562799,8279.81,7.68747e+07,7.67117e+07,6.89893,0.921564,0.512244,0.0674105,0.821083,-0.0587467,0.0736607,1.62777,1.62432,-380.293,748.578,-0.00190647,0.00732869,-0.0437911,0.0331257,7.05159e+07,8.39014e+07,1.32549e+09,1.34922e+09,0.982414,,,,,,,,,,,,,,,,
ml,none,100,0.8,25000,0.8,likelihood,0.302985,0.302983,0.159274,0,63.0675,0.159355,37.9379,19.3089,0,0.0301043,0.0335265,0.000145514,G4,300,0.000458514,0.000458514,207.702,-208.902,294.585,0.497118,-0.148209,0.882278,-0.00167754,0.0151325,0.0138712,0.53,0.473499,0.585742,4823.54,2.6034e+07,2.59904e+07,6.15396,0.815416,0.624503,0.0599603,0.937501,-0.0303982,0.0428662,0.551253,0.550329,-205.989,449.467,-0.00154268,0.00737014,-0.0224521,0.0551379,2.39569e+07,2.81573e+07,,,,,,,,,,,,,,,,,,,
ml,none,100,0.8,25000,0.8,likelihood,0.302985,0.302983,0.159274,0,63.0675,0.159355,37.9379,19.3089,0,0.0301043,0.0335265,0.000145514,G5,300,0.000458514,0.000458514,204.006,-214.177,295.788,0.475692,-0.173311,0.862524,-0.00174917,0.0133628,0.0229741,0.523333,0.466877,0.579199,4843.25,2.62472e+07,2.62013e+07,6.13694,0.830803,0.620911,0.0612238,0.870936,-0.0311658,0.0430413,0.555765,0.554794,-208.609,442.155,-0.00161991,0.0072621,-0.0246793,0.0537854,2.41467e+07,2.84353e+07,5.52062e+08,5.65476e+08,0.976279,,,,,,,,,,,,,,,,
ml,none,100,0.8,25000,0.8,likelihood,0.302985,0.302983,0.159274,0,63.0675,0.159355,37.9379,19.3089,0,0.0301043,0.0335265,0.000145514,G5-G3 (paired bias),,,,175.805,-167.238,242.643,0.524957,,,,,,,,,,,,8.72755,0.852751,0.554357,0.0699846,,,,,,,,,,,,,,,,,-8.52968,8.34097,11.9301,0.000580382,0.0720929,,,,,,,,,,,
ml,none,100,0.8,25000,0.8,mid,0.273775,0.291187,0.339593,0.000377802,89.2668,0.340343,33.789,12.9689,0.535813,0.0301043,0.0303906,0.352153,G1,300,1.10963,1.10963,0.00955628,0.00230248,0.00927475,1.06163,1.01462,0.311107,39.3801,0.996613,0.99693,1,0.987357,1,1.01143,0.0258063,0.0258116,1.74187,0.338512,0.091452,0.115911,0.15897,0.000810826,0.00326613,0.00320029,0.00320094,-0.00688267,0.0226852,34.8722,45.1375,0.996433,0.996765,0.0227849,0.029142,,,,,,,,,,,,,,,,,,,
ml,none,100,0.8,25000,0.8,mid,0.273775,0.291187,0.339593,0.000377802,89.2668,0.340343,33.789,12.9689,0.535813,0.0301043,0.0303906,0.352153,G2,300,1.10963,1.10963,0.00831077,0.00192124,0.00808565,1.05646,1.0247,0.306332,51.7168,0.99748,0.997703,1,0.987357,1,1.00964,0.0196133,0.019617,1.73308,0.33988,0.199888,0.110078,0.506922,0.000676569,0.00284738,0.00243228,0.00243274,-0.0060098,0.0189498,45.8298,58.9798,0.997376,0.997589,0.0173671,0.0221704,,,,,,,,,,,,,,,,,,,
ml,none,100,0.8,25000,0.8,mid,0.273775,0.291187,0.339593,0.000377802,89.2668,0.340343,33.789,12.9689,0.535813,0.0301043,0.0303906,0.352153,G3,300,1.10963,1.10963,0.00724768,-0.0036064,0.00809537,0.80154,0.849078,0.396517,51.4673,0.997463,0.997691,1,0.987357,1,1.00843,0.0196605,0.0196475,1.7345,0.432923,0.19029,0.110525,0.51985,-0.00127,0.00285081,0.00243814,0.00243652,-0.00618454,0.0179079,45.6594,58.5382,0.997359,0.997568,0.0173957,0.0221083,0.473106,0.494527,0.956682,,,,,,,,,,,,,,,,
ml,none,100,0.8,25000,0.8,mid,0.273775,0.291187,0.339593,0.000377802,89.2668,0.340343,33.789,12.9689,0.535813,0.0301043,0.0303906,0.352153,G4,300,1.10963,1.10963,0.0045172,-0.00105663,0.00463913,0.948124,0.96894,0.333358,156.101,0.999236,0.999262,1,0.987357,1,1.00469,0.00645646,0.00645535,1.69396,0.374689,0.264871,0.116755,0.606084,-0.000372094,0.00163368,0.000800677,0.000800539,-0.00369517,0.0108877,136.426,181.149,0.999217,0.999255,0.00563528,0.00735045,,,,,,,,,,,,,,,,,,,
ml,none,100,0.8,25000,0.8,mid,0.273775,0.291187,0.339593,0.000377802,89.2668,0.340343,33.789,12.9689,0.535813,0.0301043,0.0303906,0.352153,G5,300,1.10963,1.10963,0.00431108,-0.00262965,0.0050498,0.728826,0.8093,0.418986,131.65,0.999095,0.999123,1,0.987357,1,1.00447,0.00765015,0.00764324,1.67653,0.459843,0.260803,0.131955,0.794068,-0.000926041,0.0017783,0.000948709,0.000947852,-0.004032,0.0110475,114.296,152.853,0.999069,0.999122,0.00660855,0.00873662,0.161412,0.168949,0.955389,,,,,,,,,,,,,,,,
ml,none,100,0.8,25000,0.8,mid,0.273775,0.291187,0.339593,0.000377802,89.2668,0.340343,33.789,12.9689,0.535813,0.0301043,0.0303906,0.352153,G5-G3 (paired bias),,,,0.00345036,-0.00268111,0.00436959,0.623515,,,,,,,,,,,,1.83004,0.522275,0.126614,0.0841384,,,,,,,,,,,,,,,,,-0.00131539,0.000513718,0.00141215,-0.389323,0.52621,,,,,,,,,,,
ml,none,100,0.8,25000,0.8,mid_greedy,0.302954,0.302956,0.159997,0,58.132,0.160141,37.377,19.2396,2.50527e-25,0.0301043,0.0335057,0.000264507,G1,300,0.000833461,0.000833461,9.7476,-4.83077,10.879,0.802822,-0.0133625,0.989348,-0.000630496,0.00734159,0.01061,0.56,0.503421,0.615062,179.73,35505.6,35482.3,24.6781,0.74135,0.900707,0.0786585,0.558554,-0.00127778,0.00287757,0.00248412,0.00248249,3.71464,14.0188,0.000378182,0.00548161,-0.00950345,0.0245811,32687.6,38401.2,,,,,,,,,,,,,,,,,,,
ml,none,100,0.8,25000,0.8,mid_greedy,0.302954,0.302956,0.159997,0,58.132,0.160141,37.377,19.2396,2.50527e-25,0.0301043,0.0335057,0.000264507,G2,300,0.000833461,0.000833461,8.98917,-3.14569,9.52368,0.890901,0.850839,0.39554,-0.000221252,0.0164374,0.0160324,0.57,0.51344,0.62479,158.547,27210.1,27200.2,23.1476,0.612751,0.658522,0.0757174,0.853903,-0.000832057,0.00251908,0.00190374,0.00190304,4.01564,13.2686,0.00073371,0.00691861,0.000186994,0.0331573,25248.4,29032.4,,,,,,,,,,,,,,,,,,,
ml,none,100,0.8,25000,0.8,mid_greedy,0.302954,0.302956,0.159997,0,58.132,0.160141,37.377,19.2396,2.50527e-25,0.0301043,0.0335057,0.000264507,G3,300,0.000833461,0.000833461,9.06402,-3.08048,9.57319,0.896456,0.917235,0.359759,-0.000194677,0.0170775,0.018205,0.556667,0.500086,0.611814,159.267,27493.8,27484.3,22.7561,0.603422,0.65113,0.0764287,0.806739,-0.00081481,0.00253218,0.00192358,0.00192291,4.30745,13.3672,0.000770267,0.00685405,0.000606448,0.0341761,25476.6,29398.1,713733,749667,0.952067,,,,,,,,,,,,,,,,
ml,none,100,0.8,25000,0.8,mid_greedy,0.302954,0.302956,0.159997,0,58.132,0.160141,37.377,19.2396,2.50527e-25,0.0301043,0.0335057,0.000264507,G4,300,0.000833461,0.000833461,5.25764,-0.63345,5.29567,0.985692,0.812495,0.417154,0.000245414,0.0185389,0.0275983,0.54,0.483451,0.595538,90.2177,8413.22,8412.82,32.0761,0.489677,0.828732,0.0361612,0.827722,-0.000167552,0.00140074,0.000588624,0.000588596,2.81132,7.21262,0.00121512,0.00631129,0.00125804,0.0366291,8090.69,8734.29,,,,,,,,,,,,,,,,,,,
ml,none,100,0.8,25000,0.8,mid_greedy,0.302954,0.302956,0.159997,0,58.132,0.160141,37.377,19.2396,2.50527e-25,0.0301043,0.0335057,0.000264507,G5,300,0.000833461,0.000833461,5.32249,0.271686,5.31555,1.00261,0.869596,0.385219,0.000312674,0.0189172,0.0205869,0.543333,0.486773,0.598798,90.5389,8476.54,8476.61,31.945,0.462578,0.792396,0.036589,0.799943,7.1863e-05,0.001406,0.000593054,0.000593059,2.80132,7.1793,0.00120605,0.00644387,0.00176949,0.0360938,8141.87,8819.09,199843,208520,0.958391,,,,,,,,,,,,,,,,
ml,none,100,0.8,25000,0.8,mid_greedy,0.302954,0.302956,0.159997,0,58.132,0.160141,37.377,19.2396,2.50527e-25,0.0301043,0.0335057,0.000264507,G5-G3 (paired bias),,,,4.75606,-2.40869,5.33122,0.79587,,,,,,,,,,,,11.4972,0.650004,0.297638,0.141906,,,,,,,,,,,,,,,,,-0.0268053,0.198154,0.199959,0.0645837,-0.0870858,,,,,,,,,,,
ml,none,100,0.8,25000,0.8,value,0.302954,0.302955,0.159881,0,59.566,0.160026,37.4604,19.2453,4.96837e-26,0.0301043,0.0335059,0.000262551,G1,300,0.000827297,3.15099,0.00250767,-0.00133177,0.00283937,0.780004,-0.150386,0.880561,-0.000720308,0.00759931,0.0170246,0.55,0.493425,0.605311,178.041,0.00241861,0.00241684,23.9058,0.766191,0.754057,0.0817062,0.26883,-0.00133177,0.00283937,0.00241861,0.00241684,0.00101405,0.00357368,0.000314999,0.00534522,-0.00860469,0.0249862,0.00221467,0.00264309,,,,,,,,,,,,,,,,,,,
ml,none,100,0.8,25000,0.8,value,0.302954,0.302955,0.159881,0,59.566,0.160026,37.4604,19.2453,4.96837e-26,0.0301043,0.0335059,0.000262551,G2,300,0.000827297,3.15099,0.00232567,-0.000864738,0.00248123,0.87854,0.735929,0.462351,-0.000277376,0.0146303,0.0164137,0.543333,0.486773,0.598798,156.95,0.00184696,0.00184621,22.2485,0.626118,0.791005,0.0792217,0.715349,-0.000864738,0.00248123,0.00184696,0.00184621,0.00112344,0.00343915,0.000714466,0.00676302,-0.00161793,0.0317254,0.00170366,0.00198429,,,,,,,,,,,,,,,,,,,
ml,none,100,0.8,25000,0.8,value,0.302954,0.302955,0.159881,0,59.566,0.160026,37.4604,19.2453,4.96837e-26,0.0301043,0.0335059,0.000262551,G3,300,0.000827297,3.15099,0.00234771,-0.000842193,0.0024942,0.885986,0.804109,0.421973,-0.000244577,0.0153295,0.0199149,0.54,0.483451,0.595538,157.643,0.00186631,0.0018656,21.8404,0.614113,0.733821,0.0800006,0.67863,-0.000842193,0.0024942,0.00186631,0.0018656,0.0011401,0.00347471,0.000710122,0.00686613,-0.000819805,0.0326916,0.00172038,0.00200613,0.0397464,0.0414809,0.958186,,,,,,,,,,,,,,,,
ml,none,100,0.8,25000,0.8,value,0.302954,0.302955,0.159881,0,59.566,0.160026,37.4604,19.2453,4.96837e-26,0.0301043,0.0335059,0.000262551,G4,300,0.000827297,3.15099,0.00139173,7.10589e-05,0.00138991,1.00261,0.717542,0.4736,0.000279551,0.0167177,0.014469,0.546667,0.490097,0.602056,90.069,0.000579556,0.000579561,31.586,0.462411,0.768275,0.0369153,0.595031,7.10589e-05,0.00138991,0.000579556,0.000579561,0.000737347,0.00191152,0.00124597,0.00650108,0.000310455,0.0349409,0.000555872,0.000603934,,,,,,,,,,,,,,,,,,,
ml,none,100,0.8,25000,0.8,value,0.302954,0.302955,0.159881,0,59.566,0.160026,37.4604,19.2453,4.96837e-26,0.0301043,0.0335059,0.000262551,G5,300,0.000827297,3.15099,0.00140814,0.000194319,0.00139466,1.01941,0.770352,0.4417,0.000345398,0.0171226,0.0121192,0.546667,0.490097,0.602056,90.3559,0.000583526,0.000583564,31.4941,0.436231,0.735269,0.0372992,0.578834,0.000194319,0.00139466,0.000583526,0.000583564,0.000766676,0.00192013,0.00124954,0.00667411,0.00112115,0.0349223,0.000559465,0.000607543,0.0130569,0.0136286,0.958053,,,,,,,,,,,,,,,,
ml,none,100,0.8,25000,0.8,value,0.302954,0.302955,0.159881,0,59.566,0.160026,37.4604,19.2453,4.96837e-26,0.0301043,0.0335059,0.000262551,G5-G3 (paired bias),,,,0.00121933,-0.000647135,0.00138041,0.780229,,,,,,,,,,,,10.2261,0.650994,0.285393,0.154915,,,,,,,,,,,,,,,,,-6.47575e-06,5.11199e-05,5.15284e-05,0.0506478,-0.0755852,,,,,,,,,,,
ml,w-high.g-none.v-none,100,0.8,25000,0.8,source,0.176793,0.220312,1,0.0178406,1,0.999999,1.00501,1.00368,0.999978,0.0584562,0.0584562,1,G1,300,2.29757,2.29757,0.0025253,-0.0020067,0.00322552,0.612952,0.751424,0.452988,321.82,0.999764,0.999775,1,0.987357,1,1.00247,0.0031212,0.00311717,1.37243,0.482646,0.217449,0.0947293,0.636161,-0.0020067,0.00322552,0.0031212,0.00311717,-0.00287809,0.00743267,285.309,375.979,0.999758,0.99977,0.00267914,0.00351895,,,,,,,,,,,,,,,,,,,
ml,w-high.g-none.v-none,100,0.8,25000,0.8,source,0.176793,0.220312,1,0.0178406,1,0.999999,1.00501,1.00368,0.999978,0.0584562,0.0584562,1,G2,300,2.29757,2.29757,0.00384033,0.00261365,0.00281371,1.86285,1.42671,0.154707,424.147,0.999817,0.999825,1,0.987357,1,1.00387,0.0023751,0.00238193,1.38512,0.167639,0.378443,0.0998093,0.391425,0.00261365,0.00281371,0.0023751,0.00238193,-0.00247602,0.00844192,375.525,486.06,0.999812,0.999821,0.00208918,0.00267929,,,,,,,,,,,,,,,,,,,
ml,w-high.g-none.v-none,100,0.8,25000,0.8,source,0.176793,0.220312,1,0.0178406,1,0.999999,1.00501,1.00368,0.999978,0.0584562,0.0584562,1,G3,300,2.29757,2.29757,0.00374378,0.00241257,0.00286276,1.71022,1.36066,0.174647,409.651,0.999812,0.999822,1,0.987357,1,1.00377,0.00245862,0.00246444,1.38116,0.189626,0.308207,0.10292,0.754196,0.00241257,0.00286276,0.00245862,0.00246444,-0.00255436,0.00833106,361.621,466.086,0.999807,0.999816,0.0021513,0.00277806,0.071723,0.0736556,0.973762,,,,,,,,,,,,,,,,
ml,w-high.g-none.v-none,100,0.8,25000,0.8,source,0.176793,0.220312,1,0.0178406,1,0.999999,1.00501,1.00368,0.999978,0.0584562,0.0584562,1,G4,300,2.29757,2.29757,0.00346581,0.002364,0.00253443,1.87003,1.42947,0.153914,522.402,0.999852,0.999857,1,0.987357,1,1.00348,0.001927,0.00193259,1.38512,0.166676,0.371102,0.100072,0.39904,0.002364,0.00253443,0.001927,0.00193259,-0.00223223,0.00761076,462.068,598.865,0.999848,0.999855,0.00169708,0.00217114,,,,,,,,,,,,,,,,,,,
ml,w-high.g-none.v-none,100,0.8,25000,0.8,source,0.176793,0.220312,1,0.0178406,1,0.999999,1.00501,1.00368,0.999978,0.0584562,0.0584562,1,G5,300,2.29757,2.29757,0.00204292,-0.00174039,0.00268375,0.579457,0.126594,0.899347,463.091,0.999834,0.999843,1,0.987357,1,1.00048,0.00216075,0.00215772,1.37538,0.498303,0.0747557,0.105345,0.453614,-0.00174039,0.00268375,0.00216075,0.00215772,-0.00167409,0.00523685,410.129,524.719,0.99983,0.999838,0.00190092,0.00243779,0.0581803,0.0598593,0.971951,,,,,,,,,,,,,,,,
ml,w-high.g-none.v-none,100,0.8,25000,0.8,source,0.176793,0.220312,1,0.0178406,1,0.999999,1.00501,1.00368,0.999978,0.0584562,0.0584562,1,G5-G3 (paired bias),,,,0.0036121,0.0036038,0.000244732,217.841,,,,,,,,,,,,1.35648,1.02223e-65,6.83591e-91,0.109206,,,,,,,,,,,,,,,,,0.00330363,0.00330897,0.00018804,0.998268,-0.882981,,,,,,,,,,,
ml,w-high.g-none.v-none,100,0.8,25000,0.8,likelihood,0.302892,0.30289,0.00131534,0.0116187,607077,0.00667002,2769.01,113.525,0,0.0584562,0.101497,0.00380145,G1,300,0.0087341,0.0087341,115.799,59.4801,99.3552,1.3584,-0.201494,0.840449,0.00119228,0.0493396,0.0149846,0.556667,0.500086,0.611814,757.478,2.96144e+06,2.96498e+06,5.64426,0.230591,0.333038,0.496441,0.380205,0.22611,0.377694,42.7957,42.8468,-16.1149,209.784,-0.000113388,0.0105504,0.0287392,0.0714199,1.51385e+06,4.86992e+06,,,,,,,,,,,,,,,,,,,
ml,w-high.g-none.v-none,100,0.8,25000,0.8,likelihood,0.302892,0.30289,0.00131534,0.0116187,607077,0.00667002,2769.01,113.525,0,0.0584562,0.101497,0.00380145,G2,300,0.0087341,0.0087341,74.2153,-36.8776,82.8726,0.801982,0.515935,0.606281,-0.00065121,0.0180743,-0.0102166,0.466667,0.41099,0.523186,808.974,2.06036e+06,2.059e+06,5.95778,0.567369,0.428303,0.412483,0.160693,-0.140188,0.315036,29.7742,29.7546,-43.8911,143.992,-0.000927059,0.00885749,-0.00834586,0.0459155,1.18007e+06,3.15582e+06,,,,,,,,,,,,,,,,,,,
ml,w-high.g-none.v-none,100,0.8,25000,0.8,likelihood,0.302892,0.30289,0.00131534,0.0116187,607077,0.00667002,2769.01,113.525,0,0.0584562,0.101497,0.00380145,G3,300,0.0087341,0.0087341,85.6166,7.99186,85.2428,1.00879,0.19839,0.842875,3.28816e-05,0.0313163,-0.00576152,0.48,0.424076,0.53643,793.532,2.1799e+06,2.17997e+06,5.90357,0.416735,0.681937,0.425918,0.0488392,0.0303806,0.324046,31.5017,31.5027,-35.7507,160.936,-0.000796185,0.0102438,0.00527021,0.0573632,1.27649e+06,3.36866e+06,4.39505e+08,4.50979e+08,0.974558,,,,,,,,,,,,,,,,
ml,w-high.g-none.v-none,100,0.8,25000,0.8,likelihood,0.302892,0.30289,0.00131534,0.0116187,607077,0.00667002,2769.01,113.525,0,0.0584562,0.101497,0.00380145,G4,300,0.0087341,0.0087341,9.545,-4.54359,10.5713,0.815266,1.55657,0.12063,-0.000301749,0.0196648,-0.00474802,0.483333,0.427353,0.539735,155.575,33525.4,33504.8,7.47973,0.581577,0.314287,0.125254,0.609523,-0.0172722,0.040186,0.484475,0.484177,-4.64999,16.712,-0.000483547,0.00844339,-0.00841113,0.047681,28647.1,38823.2,,,,,,,,,,,,,,,,,,,
ml,w-high.g-none.v-none,100,0.8,25000,0.8,likelihood,0.302892,0.30289,0.00131534,0.0116187,607077,0.00667002,2769.01,113.525,0,0.0584562,0.101497,0.00380145,G5,300,0.0087341,0.0087341,16.6468,12.6938,10.7696,2.38925,2.33268,0.0203281,0.00508948,0.0372059,0.00698803,0.516667,0.460265,0.572647,156.267,34795.3,34956.5,7.37332,0.0172095,0.0671328,0.139996,0.10298,0.0482546,0.0409401,0.502827,0.505156,10.7657,22.4997,0.00378497,0.0153211,0.0112547,0.0634054,29819.8,41007.6,1.11041e+06,1.11931e+06,0.992047,,,,,,,,,,,,,,,,
ml,w-high.g-none.v-none,100,0.8,25000,0.8,likelihood,0.302892,0.30289,0.00131534,0.0116187,607077,0.00667002,2769.01,113.525,0,0.0584562,0.101497,0.00380145,G5-G3 (paired bias),,,,83.3483,20.9369,80.6758,1.06735,,,,,,,,,,,,5.49845,0.378022,0.460542,0.454498,,,,,,,,,,,,,,,,,12.6162,12.6361,0.708111,0.418167,0.225409,,,,,,,,,,,
ml,w-high.g-none.v-none,100,0.8,25000,0.8,mid,0.236046,0.254725,0.135133,0.00165237,1508.16,0.138929,130.842,29.0264,0.334748,0.0584562,0.0668256,0.523638,G1,300,1.2031,1.2031,0.00621529,-0.0124853,0.0139467,0.198599,0.0971984,0.922634,17.1716,0.988199,0.992113,1,0.987357,1,1.01185,0.0583535,0.0581976,2.30386,0.849075,0.656406,0.108913,0.915919,-0.00653776,0.00730305,0.0160004,0.0159576,-0.0105896,0.0230584,15.153,19.7307,0.985227,0.990253,0.0517559,0.0658979,,,,,,,,,,,,,,,,,,,
ml,w-high.g-none.v-none,100,0.8,25000,0.8,mid,0.236046,0.254725,0.135133,0.00165237,1508.16,0.138929,130.842,29.0264,0.334748,0.0584562,0.0668256,0.523638,G2,300,1.2031,1.2031,0.00611953,-0.0101355,0.0118397,0.267151,-0.105537,0.916021,23.7294,0.991585,0.99425,1,0.987357,1,1.00687,0.0420533,0.0419506,2.33977,0.79933,0.36385,0.10947,0.931393,-0.00530736,0.0061997,0.0115309,0.0115027,-0.0090547,0.0190809,20.6619,26.978,0.990031,0.992751,0.0373493,0.0479965,,,,,,,,,,,,,,,,,,,
ml,w-high.g-none.v-none,100,0.8,25000,0.8,mid,0.236046,0.254725,0.135133,0.00165237,1508.16,0.138929,130.842,29.0264,0.334748,0.0584562,0.0668256,0.523638,G3,300,1.2031,1.2031,0.00624722,-0.0104796,0.0122004,0.262196,-0.19796,0.843211,22.3044,0.991164,0.993932,1,0.987357,1,1.0062,0.0446548,0.044545,2.26923,0.796639,0.41856,0.112083,0.776116,-0.00548751,0.00638859,0.0122442,0.0122141,-0.0093488,0.0202328,19.0911,25.6376,0.989382,0.992435,0.0393097,0.0512753,1.21902,1.29017,0.94485,,,,,,,,,,,,,,,,
ml,w-high.g-none.v-none,100,0.8,25000,0.8,mid,0.236046,0.254725,0.135133,0.00165237,1508.16,0.138929,130.842,29.0264,0.334748,0.0584562,0.0668256,0.523638,G4,300,1.2031,1.2031,0.00410928,0.000716435,0.00404634,1.03135,1.06553,0.287495,205.097,0.999354,0.999373,1,0.987357,1,1.00435,0.00491186,0.00491237,1.80407,0.350461,0.766615,0.0707461,0.768627,0.000375153,0.00211882,0.00134682,0.00134696,-0.00312564,0.00949165,187.355,229.168,0.999338,0.99937,0.00442567,0.00536368,,,,,,,,,,,,,,,,,,,
ml,w-high.g-none.v-none,100,0.8,25000,0.8,mid,0.236046,0.254725,0.135133,0.00165237,1508.16,0.138929,130.842,29.0264,0.334748,0.0584562,0.0668256,0.523638,G5,300,1.2031,1.2031,0.0392217,0.0389215,0.00484354,65.5733,-8.47968,1.05258e-15,132.151,0.998924,0.998965,1,0.987357,1,0.965306,0.00703796,0.00855284,1.7139,1.9976e-25,1.4724e-27,0.103858,2.60803e-33,0.0203808,0.00253626,0.00192979,0.00234516,0.0323992,0.0462669,120.088,151.587,0.998892,0.998959,0.0075889,0.00942453,0.130029,0.139213,0.934031,,,,,,,,,,,,,,,,
ml,w-high.g-none.v-none,100,0.8,25000,0.8,mid,0.236046,0.254725,0.135133,0.00165237,1508.16,0.138929,130.842,29.0264,0.334748,0.0584562,0.0668256,0.523638,G5-G3 (paired bias),,,,0.0375376,0.0361088,0.0102578,13.3913,,,,,,,,,,,,2.42189,1.80499e-07,2.39202e-08,0.117952,,,,,,,,,,,,,,,,,0.0420984,0.0421533,0.0021516,0.989655,-0.927387,,,,,,,,,,,
ml,w-high.g-none.v-none,100,0.8,25000,0.8,mid_greedy,0.25683,0.262243,0.0129978,0.00315906,84827.6,0.0203865,728.264,72.1991,0.00372712,0.0584562,0.0717706,0.162384,G1,300,0.37309,0.37309,0.0773451,-0.0524694,0.0934628,0.684838,-0.60461,0.545897,0.350479,0.519689,0.730307,0.843333,0.797891,0.880094,1.61031,2.62059,2.61784,3.4071,0.579287,0.00307078,0.225203,0.0771344,-0.00852021,0.0151769,0.0691015,0.0690289,-0.0478994,0.199473,0.261121,0.449721,0.458885,0.567792,2.10239,3.17737,,,,,,,,,,,,,,,,,,,
ml,w-high.g-none.v-none,100,0.8,25000,0.8,mid_greedy,0.25683,0.262243,0.0129978,0.00315906,84827.6,0.0203865,728.264,72.1991,0.00372712,0.0584562,0.0717706,0.162384,G2,300,0.37309,0.37309,0.0819127,-0.0472994,0.0945882,0.749944,-0.494667,0.621199,0.347494,0.54221,0.727524,0.843333,0.797891,0.880094,1.65101,2.68408,2.68184,3.51045,0.541616,0.0533569,0.220238,0.00130537,-0.00768069,0.0153597,0.0707757,0.0707167,-0.0441114,0.187797,0.239587,0.467088,0.484929,0.590255,2.19213,3.3522,,,,,,,,,,,,,,,,,,,
ml,w-high.g-none.v-none,100,0.8,25000,0.8,mid_greedy,0.25683,0.262243,0.0129978,0.00315906,84827.6,0.0203865,728.264,72.1991,0.00372712,0.0584562,0.0717706,0.162384,G3,300,0.37309,0.37309,0.0864323,-0.0373442,0.0941548,0.842688,-0.745203,0.456734,0.33867,0.534527,0.732691,0.836667,0.790626,0.874194,1.64694,2.65954,2.65815,3.48196,0.484546,0.121863,0.202798,0.00176489,-0.00606411,0.0152893,0.0701286,0.0700918,-0.0467528,0.20209,0.2316,0.464139,0.476187,0.583653,2.18799,3.26061,69.2575,72.3817,0.956836,,,,,,,,,,,,,,,,
ml,w-high.g-none.v-none,100,0.8,25000,0.8,mid_greedy,0.25683,0.262243,0.0129978,0.00315906,84827.6,0.0203865,728.264,72.1991,0.00372712,0.0584562,0.0717706,0.162384,G4,300,0.37309,0.37309,0.00799479,-0.0071294,0.0107119,0.557032,0.498353,0.618602,29.2898,0.992821,0.993636,1,0.987357,1,1.01106,0.0344235,0.0343727,2.49749,0.611383,0.565461,0.0792583,0.310109,-0.0011577,0.00173945,0.000907704,0.000906364,-0.00639633,0.0214936,26.2117,32.5542,0.992453,0.993161,0.0312088,0.0379281,,,,,,,,,,,,,,,,,,,
ml,w-high.g-none.v-none,100,0.8,25000,0.8,mid_greedy,0.25683,0.262243,0.0129978,0.00315906,84827.6,0.0203865,728.264,72.1991,0.00372712,0.0584562,0.0717706,0.162384,G5,300,0.37309,0.37309,0.10579,0.105102,0.0120394,77.2111,-8.76275,1.45343e-16,19.6905,0.984334,0.986213,1,0.987357,1,0.936486,0.0434839,0.0545304,3.06023,6.9823e-51,9.18581e-50,0.0781586,1.1067e-48,0.017067,0.001955,0.00114661,0.00143789,0.094902,0.118614,17.9114,21.5862,0.98329,0.985121,0.0503182,0.0593495,0.863202,0.909181,0.949429,,,,,,,,,,,,,,,,
ml,w-high.g-none.v-none,100,0.8,25000,0.8,mid_greedy,0.25683,0.262243,0.0129978,0.00315906,84827.6,0.0203865,728.264,72.1991,0.00372712,0.0584562,0.0717706,0.162384,G5-G3 (paired bias),,,,0.106292,0.0539229,0.0915981,1.34656,,,,,,,,,,,,3.54349,0.253516,0.207149,0.21523,,,,,,,,,,,,,,,,,0.106504,0.106708,0.00659423,0.665714,-0.743121,,,,,,,,,,,
ml,w-high.g-none.v-none,100,0.8,25000,0.8,value,0.302504,0.302503,0.00148873,0.011011,235489,0.00674937,2763.59,113.537,0,0.0584562,0.100641,0.000794064,G1,300,0.00182442,2.29757,0.0307539,-0.00525302,0.0311993,0.971652,-1.13202,0.258534,-0.000121754,0.0368432,0.0339661,0.616667,0.560502,0.669881,306.118,0.292019,0.291992,7.10617,0.450528,0.256654,0.595293,0.714869,-0.00525302,0.0311993,0.292019,0.291992,-0.00804669,0.0572501,-0.000228663,0.00778634,0.0150278,0.0579634,0.135976,0.487729,,,,,,,,,,,,,,,,,,,
ml,w-high.g-none.v-none,100,0.8,25000,0.8,value,0.302504,0.302503,0.00148873,0.011011,235489,0.00674937,2763.59,113.537,0,0.0584562,0.100641,0.000794064,G2,300,0.00182442,2.29757,0.0440383,-0.0611184,0.0753314,0.34175,-0.447942,0.65452,-0.00219892,0.0137237,0.0146539,0.54,0.483451,0.595538,455.516,1.70245,1.69871,1.56417,0.656999,0.467689,0.887916,0.438661,-0.0611184,0.0753314,1.70245,1.69871,-0.0803118,0.120898,-0.00261373,0.00674622,-0.00588587,0.0324053,0.260486,3.96997,,,,,,,,,,,,,,,,,,,
ml,w-high.g-none.v-none,100,0.8,25000,0.8,value,0.302504,0.302503,0.00148873,0.011011,235489,0.00674937,2763.59,113.537,0,0.0584562,0.100641,0.000794064,G3,300,0.00182442,2.29757,0.0456651,-0.0411707,0.0614844,0.551619,-0.751928,0.452686,-0.00150429,0.0174637,0.0174477,0.56,0.503421,0.615062,414.074,1.1341,1.1324,1.96691,0.573119,0.55225,0.84131,0.564715,-0.0411707,0.0614844,1.1341,1.1324,-0.0538851,0.114058,-0.00221505,0.00661627,-0.00388742,0.036382,0.247878,2.60671,13.7163,13.6328,1.00613,,,,,,,,,,,,,,,,
ml,w-high.g-none.v-none,100,0.8,25000,0.8,value,0.302504,0.302503,0.00148873,0.011011,235489,0.00674937,2763.59,113.537,0,0.0584562,0.100641,0.000794064,G4,300,0.00182442,2.29757,0.00223989,-0.000857929,0.00239857,0.872063,-0.660886,0.509195,-0.000377282,0.00851711,0.0336056,0.546667,0.490097,0.602056,49.2935,0.00172595,0.00172521,21.9393,0.633571,0.442051,0.0579572,0.522136,-0.000857929,0.00239857,0.00172595,0.00172521,0.000982851,0.00340437,0.000553139,0.00624309,-0.0148739,0.0299022,0.00158817,0.00187191,,,,,,,,,,,,,,,,,,,
ml,w-high.g-none.v-none,100,0.8,25000,0.8,value,0.302504,0.302503,0.00148873,0.011011,235489,0.00674937,2763.59,113.537,0,0.0584562,0.100641,0.000794064,G5,300,0.00182442,2.29757,0.00556518,0.00498757,0.00246889,5.08107,-0.0704422,0.943889,0.0139159,0.0186823,0.0374226,0.583333,0.526835,0.637725,50.8996,0.00182863,0.0018535,21.8122,6.69549e-14,1.61224e-05,0.0596912,0.0246633,0.00498757,0.00246889,0.00182863,0.0018535,0.00464987,0.00643281,0.012656,0.0226021,-0.0034547,0.0388905,0.0016975,0.00202553,0.048403,0.0505639,0.957264,,,,,,,,,,,,,,,,
ml,w-high.g-none.v-none,100,0.8,25000,0.8,value,0.302504,0.302503,0.00148873,0.011011,235489,0.00674937,2763.59,113.537,0,0.0584562,0.100641,0.000794064,G5-G3 (paired bias),,,,0.0453813,-0.0411084,0.061232,0.549283,,,,,,,,,,,,1.93636,0.571731,0.573302,0.848035,,,,,,,,,,,,,,,,,0.00465361,0.00466067,0.000256443,0.122845,0.0536638,,,,,,,,,,,
ml,w-none.g-high.v-none,100,0.8,25000,0.8,source,0.187986,0.234558,1,0.0164101,1,0.999999,1.00469,1.00316,0.999993,0.070958,0.070958,1,G1,300,2.42191,2.42191,0.0013148,-0.00313606,0.00340052,0.149495,-0.152731,0.878714,287.98,0.999775,0.999778,1,0.987357,1,0.999739,0.00346906,0.00345923,1.3124,0.767256,0.70943,0.118594,0.396119,-0.00313606,0.00340052,0.00346906,0.00345923,-0.00305805,0.00677174,249.222,338.655,0.999771,0.999779,0.00297563,0.00402397,,,,,,,,,,,,,,,,,,,
ml,w-none.g-high.v-none,100,0.8,25000,0.8,source,0.187986,0.234558,1,0.0164101,1,0.999999,1.00469,1.00316,0.999993,0.070958,0.070958,1,G2,300,2.42191,2.42191,0.00159444,-0.00264411,0.00308765,0.266663,-0.402744,0.687425,348.825,0.999824,0.999825,1,0.987357,1,0.99901,0.00286007,0.00285308,1.29132,0.665846,0.782133,0.115353,0.326694,-0.00264411,0.00308765,0.00286007,0.00285308,-0.00278941,0.00659727,306.482,407.464,0.999821,0.999827,0.00246317,0.0032789,,,,,,,,,,,,,,,,,,,
ml,w-none.g-high.v-none,100,0.8,25000,0.8,source,0.187986,0.234558,1,0.0164101,1,0.999999,1.00469,1.00316,0.999993,0.070958,0.070958,1,G3,300,2.42191,2.42191,0.00207655,-0.0023733,0.00315351,0.433608,-0.591773,0.55445,334.015,0.999818,0.999819,1,0.987357,1,0.998431,0.00298338,0.00297775,1.2879,0.560091,0.867775,0.115801,0.794982,-0.0023733,0.00315351,0.00298338,0.00297775,-0.00286488,0.00699946,289.559,388.97,0.999815,0.999821,0.00256881,0.00343811,0.0623034,0.0654046,0.952584,,,,,,,,,,,,,,,,
ml,w-none.g-high.v-none,100,0.8,25000,0.8,source,0.187986,0.234558,1,0.0164101,1,0.999999,1.00469,1.00316,0.999993,0.070958,0.070958,1,G4,300,2.42191,2.42191,0.00145606,-0.00237013,0.00278166,0.274001,-0.413039,0.679874,429.866,0.999858,0.999858,1,0.987357,1,0.999065,0.00232128,0.00231567,1.29112,0.660507,0.788965,0.115209,0.337357,-0.00237013,0.00278166,0.00232128,0.00231567,-0.00252813,0.00592739,376.906,501.023,0.999856,0.99986,0.00199784,0.00266132,,,,,,,,,,,,,,,,,,,
ml,w-none.g-high.v-none,100,0.8,25000,0.8,source,0.187986,0.234558,1,0.0164101,1,0.999999,1.00469,1.00316,0.999993,0.070958,0.070958,1,G5,300,2.42191,2.42191,0.00213884,-0.00203143,0.0029498,0.525738,-0.532229,0.594963,381.951,0.999844,0.999844,1,0.987357,1,0.998681,0.0026104,0.00260628,1.28087,0.51167,0.465361,0.117948,0.166848,-0.00203143,0.0029498,0.0026104,0.00260628,-0.00243334,0.00648154,331.045,448.916,0.999842,0.999846,0.00222688,0.00300829,0.0505072,0.0532688,0.948157,,,,,,,,,,,,,,,,
ml,w-none.g-high.v-none,100,0.8,25000,0.8,source,0.187986,0.234558,1,0.0164101,1,0.999999,1.00469,1.00316,0.999993,0.070958,0.070958,1,G5-G3 (paired bias),,,,0.0012234,0.00119708,0.000252412,23.4921,,,,,,,,,,,,1.35002,3.87172e-08,1.6629e-66,0.102672,,,,,,,,,,,,,,,,,0.00117768,0.00119084,0.00017652,0.988573,0.107256,,,,,,,,,,,
ml,w-none.g-high.v-none,100,0.8,25000,0.8,likelihood,0.27215,0.272158,0.00731268,0.00136392,188695,0.0164461,738.524,83.6978,0,0.070958,0.0956048,0.141674,G1,300,0.343123,0.343123,1.23668,0.550043,1.10762,1.24661,3.10548,0.00208189,0.00861505,0.146394,0.0799001,0.676667,0.621791,0.727075,7.52382,368.048,368.35,2.11309,0.288404,0.767712,0.75812,0.0971257,0.0779271,0.156922,7.38732,7.3934,-0.790062,2.29241,0.00314579,0.0465993,0.105978,0.18466,106.461,763.378,,,,,,,,,,,,,,,,,,,
ml,w-none.g-high.v-none,100,0.8,25000,0.8,likelihood,0.27215,0.272158,0.00731268,0.00136392,188695,0.0164461,738.524,83.6978,0,0.070958,0.0956048,0.141674,G2,300,0.343123,0.343123,0.697251,-0.821736,1.07769,0.418595,0.0235844,0.9812,0.000968106,0.191428,0.22826,0.693333,0.638983,0.742795,9.51544,348.423,347.747,1.89112,0.646569,0.802923,0.639934,0.809774,-0.116419,0.152681,6.99342,6.97986,-1.1811,1.95791,-0.00111973,0.0150417,0.132683,0.250493,134.907,646.79,,,,,,,,,,,,,,,,,,,
ml,w-none.g-high.v-none,100,0.8,25000,0.8,likelihood,0.27215,0.272158,0.00731268,0.00136392,188695,0.0164461,738.524,83.6978,0,0.070958,0.0956048,0.141674,G3,300,0.343123,0.343123,0.66706,-0.861136,1.08928,0.375019,-0.197337,0.843698,0.000429174,0.130985,0.154979,0.643333,0.587629,0.695413,9.43348,355.957,355.216,1.96956,0.684037,0.705596,0.680712,0.5973,-0.122001,0.154323,7.14465,7.12977,-1.22093,2.05368,-0.0013674,0.0139364,0.0773707,0.187352,124.458,688.337,3267.55,3060.84,1.06753,,,,,,,,,,,,,,,,
ml,w-none.g-high.v-none,100,0.8,25000,0.8,likelihood,0.27215,0.272158,0.00731268,0.00136392,188695,0.0164461,738.524,83.6978,0,0.070958,0.0956048,0.141674,G4,300,0.343123,0.343123,0.148729,-0.167443,0.223959,0.441016,0.0534703,0.957393,0.0655076,0.335006,0.447106,0.783333,0.733289,0.826213,3.214,15.0473,15.0192,4.59745,0.804914,0.658064,0.128375,0.221331,-0.0237225,0.0317293,0.302024,0.301461,-0.184402,0.369096,0.0376694,0.109315,0.267502,0.401614,12.7279,17.2483,,,,,,,,,,,,,,,,,,,
ml,w-none.g-high.v-none,100,0.8,25000,0.8,likelihood,0.27215,0.272158,0.00731268,0.00136392,188695,0.0164461,738.524,83.6978,0,0.070958,0.0956048,0.141674,G5,300,0.343123,0.343123,0.281469,0.164942,0.228077,1.523,-1.80485,0.0721034,0.0362504,0.236971,0.298846,0.74,0.687551,0.78638,3.17828,15.6057,15.6329,4.63934,0.183602,0.108798,0.128588,9.99435e-11,0.0233681,0.0323127,0.313233,0.313779,-0.157977,0.510974,0.0186727,0.0681734,0.178325,0.30071,13.2461,17.8261,392.174,408.126,0.960913,,,,,,,,,,,,,,,,
ml,w-none.g-high.v-none,100,0.8,25000,0.8,likelihood,0.27215,0.272158,0.00731268,0.00136392,188695,0.0164461,738.524,83.6978,0,0.070958,0.0956048,0.141674,G5-G3 (paired bias),,,,0.668319,-0.747132,1.00243,0.444492,,,,,,,,,,,,1.51943,0.586699,0.489831,0.789576,,,,,,,,,,,,,,,,,0.295422,0.29591,0.0170025,0.376094,-0.880054,,,,,,,,,,,
ml,w-none.g-high.v-none,100,0.8,25000,0.8,mid,0.239793,0.255022,0.176211,0.000534336,480.668,0.1776,98.0674,24.7252,0.347763,0.070958,0.0854616,0.398149,G1,300,0.964282,0.964282,0.0101782,-0.012706,0.01628,0.390872,0.362314,0.717373,12.6928,0.983665,0.987343,1,0.987357,1,1.01966,0.0795119,0.0793504,2.43466,0.717213,0.303759,0.0752838,0.0458939,-0.00505889,0.00648188,0.0126044,0.0125788,-0.0108287,0.0293917,11.4561,14.37,0.982189,0.985087,0.0715878,0.0861766,,,,,,,,,,,,,,,,,,,
ml,w-none.g-high.v-none,100,0.8,25000,0.8,mid,0.239793,0.255022,0.176211,0.000534336,480.668,0.1776,98.0674,24.7252,0.347763,0.070958,0.0854616,0.398149,G2,300,0.964282,0.964282,0.00684464,-0.0119358,0.0137591,0.247468,0.0929959,0.925969,17.641,0.988469,0.990997,1,0.987357,1,1.01166,0.0567941,0.0566516,2.40758,0.820231,0.118781,0.0813645,0.844098,-0.00475225,0.00547818,0.00900314,0.00898056,-0.00995105,0.0236477,15.6675,20.1476,0.987474,0.989384,0.0510556,0.0623837,,,,,,,,,,,,,,,,,,,
ml,w-none.g-high.v-none,100,0.8,25000,0.8,mid,0.239793,0.255022,0.176211,0.000534336,480.668,0.1776,98.0674,24.7252,0.347763,0.070958,0.0854616,0.398149,G3,300,0.964282,0.964282,0.00746026,-0.0119351,0.0140749,0.280944,0.108994,0.913281,16.8651,0.988,0.990258,1,0.987357,1,1.01233,0.0594306,0.0592882,2.41889,0.795903,0.105817,0.0841577,0.158586,-0.00475195,0.0056039,0.00942109,0.00939851,-0.00991881,0.0244462,15.0799,19.1051,0.987021,0.988962,0.0533606,0.0651368,1.50358,1.56099,0.963224,,,,,,,,,,,,,,,,
ml,w-none.g-high.v-none,100,0.8,25000,0.8,mid,0.239793,0.255022,0.176211,0.000534336,480.668,0.1776,98.0674,24.7252,0.347763,0.070958,0.0854616,0.398149,G4,300,0.964282,0.964282,0.00397458,-0.00406728,0.00568683,0.488474,0.566171,0.571702,103.639,0.998696,0.998762,1,0.987357,1,1.00405,0.009702,0.00968546,1.83167,0.596977,0.234823,0.0870288,0.150198,-0.00161938,0.0022642,0.00153799,0.00153536,-0.00431012,0.0116015,92.3186,118.84,0.998659,0.998732,0.0086348,0.0108263,,,,,,,,,,,,,,,,,,,
ml,w-none.g-high.v-none,100,0.8,25000,0.8,mid,0.239793,0.255022,0.176211,0.000534336,480.668,0.1776,98.0674,24.7252,0.347763,0.070958,0.0854616,0.398149,G5,300,0.964282,0.964282,0.117186,0.117026,0.00611587,367.144,-21.5397,8.9053e-63,70.5515,0.996997,0.997126,1,0.987357,1,0.891618,0.0112212,0.0249164,1.95882,5.97444e-157,1.12097e-66,0.0765548,6.46887e-55,0.046594,0.00243503,0.00177881,0.00394981,0.107055,0.128078,63.6014,79.9676,0.996878,0.997104,0.0221748,0.0280168,0.208246,0.233555,0.891634,,,,,,,,,,,,,,,,
ml,w-none.g-high.v-none,100,0.8,25000,0.8,mid,0.239793,0.255022,0.176211,0.000534336,480.668,0.1776,98.0674,24.7252,0.347763,0.070958,0.0854616,0.398149,G5-G3 (paired bias),,,,0.117824,0.117344,0.0106191,123.108,,,,,,,,,,,,2.78792,2.53905e-74,2.78199e-24,0.0793315,,,,,,,,,,,,,,,,,0.119207,0.119222,0.00189118,0.998857,-0.951667,,,,,,,,,,,
ml,w-none.g-high.v-none,100,0.8,25000,0.8,mid_greedy,0.258615,0.26175,0.0062821,0.00493742,71294.6,0.0172813,950.849,76.1287,0.000417752,0.070958,0.0945983,0.0875281,G1,300,0.211986,0.211986,0.258483,0.0867426,0.243494,1.12691,1.10623,0.269518,0.0752534,0.364527,0.467825,0.776667,0.726208,0.820129,3.08798,17.7868,17.7943,4.85501,0.343292,0.868125,0.414935,0.857575,0.00759241,0.0213126,0.136268,0.136325,-0.053648,0.495465,0.0406267,0.132497,0.315491,0.414782,10.7109,27.0529,,,,,,,,,,,,,,,,,,,
ml,w-none.g-high.v-none,100,0.8,25000,0.8,mid_greedy,0.258615,0.26175,0.0062821,0.00493742,71294.6,0.0172813,950.849,76.1287,0.000417752,0.070958,0.0945983,0.0875281,G2,300,0.211986,0.211986,0.234374,0.0987155,0.21257,1.21566,1.11815,0.2644,0.0964361,0.396793,0.571659,0.793333,0.743944,0.835305,2.87319,13.5559,13.5656,4.66451,0.299857,0.887595,0.391903,0.995866,0.00864039,0.0186059,0.103854,0.103928,-0.04645,0.435072,0.0498544,0.160321,0.340938,0.449619,8.40627,20.8235,,,,,,,,,,,,,,,,,,,
ml,w-none.g-high.v-none,100,0.8,25000,0.8,mid_greedy,0.258615,0.26175,0.0062821,0.00493742,71294.6,0.0172813,950.849,76.1287,0.000417752,0.070958,0.0945983,0.0875281,G3,300,0.211986,0.211986,0.254705,0.125341,0.22173,1.31955,1.19396,0.233442,0.0915697,0.39326,0.545414,0.776667,0.726208,0.820129,2.90825,14.7492,14.7649,4.47631,0.256405,0.796022,0.413894,0.992017,0.0109709,0.0194076,0.112996,0.113117,-0.0407053,0.468164,0.0499454,0.153805,0.339855,0.442915,8.89488,22.3808,156.036,155.702,1.00215,,,,,,,,,,,,,,,,
ml,w-none.g-high.v-none,100,0.8,25000,0.8,mid_greedy,0.258615,0.26175,0.0062821,0.00493742,71294.6,0.0172813,950.849,76.1287,0.000417752,0.070958,0.0945983,0.0875281,G4,300,0.211986,0.211986,0.0336943,0.0280205,0.0187125,3.24228,2.54527,0.0114215,10.1231,0.968891,0.973747,1,0.987357,1,1.06124,0.105047,0.105832,4.76787,0.00719827,0.421186,0.0629787,0.14656,0.00245258,0.00163787,0.000804782,0.000810797,0.00553143,0.054694,9.33873,11.0942,0.966818,0.971043,0.0993323,0.112702,,,,,,,,,,,,,,,,,,,
ml,w-none.g-high.v-none,100,0.8,25000,0.8,mid_greedy,0.258615,0.26175,0.0062821,0.00493742,71294.6,0.0172813,950.849,76.1287,0.000417752,0.070958,0.0945983,0.0875281,G5,300,0.211986,0.211986,0.387638,0.38712,0.0200342,374.377,-28.2896,1.57788e-86,3.92561,0.86361,0.89337,1,0.987357,1,0.750208,0.120411,0.270273,6.35673,0,2.37652e-66,0.0622197,2.27452e-66,0.0338839,0.00175356,0.000922488,0.00207061,0.364417,0.40861,3.58234,4.28393,0.850793,0.876609,0.251112,0.291056,2.6617,2.91152,0.914193,,,,,,,,,,,,,,,,
ml,w-none.g-high.v-none,100,0.8,25000,0.8,mid_greedy,0.258615,0.26175,0.0062821,0.00493742,71294.6,0.0172813,950.849,76.1287,0.000417752,0.070958,0.0945983,0.0875281,G5-G3 (paired bias),,,,0.592843,0.550852,0.219145,7.31843,,,,,,,,,,,,4.38299,2.89707e-06,0.00813455,0.430235,,,,,,,,,,,,,,,,,0.41543,0.415498,0.00748055,0.953933,-0.891558,,,,,,,,,,,
ml,w-none.g-high.v-none,100,0.8,25000,0.8,value,0.288324,0.288324,0.00373116,0.00461133,148141,0.0118375,1042.04,91.2269,0,0.070958,0.109317,0.00365736,G1,300,0.00885781,2.42191,0.0280272,-0.0127993,0.0308115,0.827436,1.27561,0.203085,6.83703e-05,0.00604203,0.00209194,0.516667,0.460265,0.572647,39.9065,0.284805,0.284641,2.66723,0.46662,0.202171,0.883705,0.0484946,-0.0127993,0.0308115,0.284805,0.284641,-0.018217,0.0670246,-0.00119905,0.00918932,-0.0113801,0.0227837,0.0778283,0.634337,,,,,,,,,,,,,,,,,,,
ml,w-none.g-high.v-none,100,0.8,25000,0.8,value,0.288324,0.288324,0.00373116,0.00461133,148141,0.0118375,1042.04,91.2269,0,0.070958,0.109317,0.00365736,G2,300,0.00885781,2.42191,0.0291593,0.0092957,0.027638,1.11312,1.44308,0.150046,0.00112012,0.139394,0.0895292,0.77,0.719144,0.814029,50.2694,0.229157,0.229243,3.78197,0.347283,0.310313,0.732861,0.0334627,0.0092957,0.027638,0.229157,0.229243,-0.0136493,0.0587845,-0.00080631,0.010012,0.105042,0.174612,0.0892396,0.468243,,,,,,,,,,,,,,,,,,,
ml,w-none.g-high.v-none,100,0.8,25000,0.8,value,0.288324,0.288324,0.00373116,0.00461133,148141,0.0118375,1042.04,91.2269,0,0.070958,0.109317,0.00365736,G3,300,0.00885781,2.42191,0.0284171,-0.00342284,0.0286225,0.985699,1.35198,0.177403,0.000673982,0.0328768,-0.0144129,0.453333,0.397944,0.509903,46.2717,0.245775,0.245763,2.95292,0.397381,0.412075,0.831759,0.0212329,-0.00342284,0.0286225,0.245775,0.245763,-0.0138241,0.0638163,-0.000809771,0.00994352,-0.00116497,0.0697335,0.0754897,0.522111,0.475791,0.251762,1.88985,,,,,,,,,,,,,,,,
ml,w-none.g-high.v-none,100,0.8,25000,0.8,value,0.288324,0.288324,0.00373116,0.00461133,148141,0.0118375,1042.04,91.2269,0,0.070958,0.109317,0.00365736,G4,300,0.00885781,2.42191,0.00184654,-0.00107004,0.00213417,0.748614,2.0117,0.0451486,0.0150443,0.230703,0.182726,0.91,0.872222,0.93741,8.06193,0.00136641,0.00136526,9.00261,0.664465,0.0182195,0.262257,0.0103591,-0.00107004,0.00213417,0.00136641,0.00136526,-0.000799436,0.00319585,0.0102089,0.0328543,0.202108,0.261803,0.00101411,0.00182721,,,,,,,,,,,,,,,,,,,
ml,w-none.g-high.v-none,100,0.8,25000,0.8,value,0.288324,0.288324,0.00373116,0.00461133,148141,0.0118375,1042.04,91.2269,0,0.070958,0.109317,0.00365736,G5,300,0.00885781,2.42191,0.00526362,0.00479659,0.0021676,5.89674,-8.75028,1.58709e-16,0.000964953,-0.0249939,-0.0488304,0.38,0.326918,0.436117,7.9237,0.00140955,0.00143255,8.93175,3.16326e-08,2.45204e-20,0.276726,2.27459e-22,0.00479659,0.0021676,0.00140955,0.00143255,0.00407647,0.00656025,0.00105022,0.00993933,-0.0513165,0.00214165,0.00107836,0.00192815,0.0186468,0.0188596,0.988719,,,,,,,,,,,,,,,,
ml,w-none.g-high.v-none,100,0.8,25000,0.8,value,0.288324,0.288324,0.00373116,0.00461133,148141,0.0118375,1042.04,91.2269,0,0.070958,0.109317,0.00365736,G5-G3 (paired bias),,,,0.0324198,0.0162171,0.0280722,1.33373,,,,,,,,,,,,2.7815,0.262385,0.478482,0.85783,,,,,,,,,,,,,,,,,0.00618539,0.00618912,0.000214921,0.838054,-0.943715,,,,,,,,,,,
ml,w-none.g-none.v-high,100,0.8,25000,0.8,source,0.174207,0.217276,1,0.0213934,1,0.999999,1.00428,1.00294,1,0.0743108,0.0743108,1,G1,300,2.5705,2.5705,0.00168381,-0.00271384,0.00319376,0.277958,-0.426173,0.670288,325.957,0.999814,0.999817,1,0.987357,1,0.998908,0.00306004,0.00305267,1.28941,0.65737,0.652848,0.0962939,0.405963,-0.00271384,0.00319376,0.00306004,0.00305267,-0.00287397,0.00640721,288.98,376.852,0.999811,0.999817,0.00264677,0.00344855,,,,,,,,,,,,,,,,,,,
ml,w-none.g-none.v-high,100,0.8,25000,0.8,source,0.174207,0.217276,1,0.0213934,1,0.999999,1.00428,1.00294,1,0.0743108,0.0743108,1,G2,300,2.5705,2.5705,0.00100171,-0.00266852,0.00285034,0.123508,0.0512947,0.959125,410.396,0.999856,0.999859,1,0.987357,1,1.00028,0.00243732,0.0024302,1.28062,0.787412,0.37366,0.101916,0.44604,-0.00266852,0.00285034,0.00243732,0.0024302,-0.00258231,0.00575441,363.945,468.67,0.999854,0.999859,0.00213308,0.00274967,,,,,,,,,,,,,,,,,,,
ml,w-none.g-none.v-high,100,0.8,25000,0.8,source,0.174207,0.217276,1,0.0213934,1,0.999999,1.00428,1.00294,1,0.0743108,0.0743108,1,G3,300,2.5705,2.5705,0.00115083,-0.00262619,0.00286728,0.161096,-0.218827,0.826934,404.97,0.99985,0.999853,1,0.987357,1,0.99956,0.00246639,0.0024595,1.28988,0.752055,0.398439,0.0949709,0.282378,-0.00262619,0.00286728,0.00246639,0.0024595,-0.00260635,0.00611777,360.232,459.453,0.999848,0.999853,0.00217208,0.00280087,0.0564897,0.0591739,0.95464,,,,,,,,,,,,,,,,
ml,w-none.g-none.v-high,100,0.8,25000,0.8,source,0.174207,0.217276,1,0.0213934,1,0.999999,1.00428,1.00294,1,0.0743108,0.0743108,1,G4,300,2.5705,2.5705,0.000903921,-0.00240215,0.00256659,0.124036,0.0556969,0.95562,506.15,0.999884,0.999886,1,0.987357,1,1.00025,0.00197622,0.00197045,1.2807,0.786873,0.367084,0.101931,0.312685,-0.00240215,0.00256659,0.00197622,0.00197045,-0.00232261,0.00517126,449.119,578.447,0.999882,0.999885,0.0017283,0.0022277,,,,,,,,,,,,,,,,,,,
ml,w-none.g-none.v-high,100,0.8,25000,0.8,source,0.174207,0.217276,1,0.0213934,1,0.999999,1.00428,1.00294,1,0.0743108,0.0743108,1,G5,300,2.5705,2.5705,0.00548925,0.00476519,0.00272486,4.05824,2.08241,0.0381548,453.748,0.999873,0.999876,1,0.987357,1,1.00547,0.00222746,0.00225017,1.27141,0.0342285,0.34977,0.0956279,0.0494245,0.00476519,0.00272486,0.00222746,0.00225017,-0.00207379,0.0104124,402.951,517.099,0.999871,0.999875,0.00197423,0.00254754,0.0457436,0.0480978,0.951055,,,,,,,,,,,,,,,,
ml,w-none.g-none.v-high,100,0.8,25000,0.8,source,0.174207,0.217276,1,0.0213934,1,0.999999,1.00428,1.00294,1,0.0743108,0.0743108,1,G5-G3 (paired bias),,,,0.00598095,0.00597716,0.00021295,788.829,,,,,,,,,,,,1.43558,1.64222e-247,2.4576e-67,0.0932733,,,,,,,,,,,,,,,,,0.00590895,0.00591257,0.000206634,0.999861,0.991118,,,,,,,,,,,
ml,w-none.g-none.v-high,100,0.8,25000,0.8,likelihood,0.248432,0.248328,0.0291807,2.65477e-05,3728.26,0.031424,380.749,66.6051,2.64116e-34,0.0743108,0.0949193,0.0188241,G1,300,0.0483872,0.0483872,0.987233,-0.585217,1.14765,0.739977,-0.839612,0.401797,0.00105412,0.0421679,0.0355601,0.593333,0.536907,0.647399,17.8825,395.132,394.79,38.1544,0.879854,0.675827,0.161301,0.916014,-0.0110162,0.0216035,0.140013,0.139892,0.62721,1.28156,0.00259098,0.00690354,0.0298483,0.057539,339.61,464.427,,,,,,,,,,,,,,,,,,,
ml,w-none.g-none.v-high,100,0.8,25000,0.8,likelihood,0.248432,0.248328,0.0291807,2.65477e-05,3728.26,0.031424,380.749,66.6051,2.64116e-34,0.0743108,0.0949193,0.0188241,G2,300,0.0483872,0.0483872,0.839574,-0.572913,1.01642,0.682291,-0.375378,0.707645,0.0018816,0.0608341,0.0586958,0.73,0.677087,0.777097,16.2495,309.934,309.606,41.1182,0.939897,0.510142,0.136176,0.751434,-0.0107845,0.0191332,0.109824,0.109707,0.46207,1.15493,0.00324586,0.00811655,0.0470749,0.0757926,273.646,353.971,,,,,,,,,,,,,,,,,,,
ml,w-none.g-none.v-high,100,0.8,25000,0.8,likelihood,0.248432,0.248328,0.0291807,2.65477e-05,3728.26,0.031424,380.749,66.6051,2.64116e-34,0.0743108,0.0949193,0.0188241,G3,300,0.0483872,0.0483872,0.852628,-0.576191,1.02906,0.686492,-0.365346,0.715111,0.00182209,0.054161,0.052128,0.69,0.635538,0.739657,16.4293,317.691,317.359,40.5946,0.935566,0.666571,0.132718,0.968769,-0.0108463,0.0193711,0.112572,0.112455,0.490752,1.14039,0.0032236,0.00829214,0.0405099,0.0684733,278.854,364.74,7578.04,7883.91,0.961204,,,,,,,,,,,,,,,,
ml,w-none.g-none.v-high,100,0.8,25000,0.8,likelihood,0.248432,0.248328,0.0291807,2.65477e-05,3728.26,0.031424,380.749,66.6051,2.64116e-34,0.0743108,0.0949193,0.0188241,G4,300,0.0483872,0.0483872,0.19137,-0.0829666,0.208581,0.841781,-0.189567,0.849777,0.0753968,0.265801,0.271404,0.99,0.971016,0.996593,3.73096,13.0518,13.0449,64.3037,0.813194,0.980784,0.0253603,0.63705,-0.00156177,0.00392634,0.00462485,0.00462241,0.140401,0.249854,0.0713933,0.0874214,0.253995,0.277779,12.7624,13.3338,,,,,,,,,,,,,,,,,,,
ml,w-none.g-none.v-high,100,0.8,25000,0.8,likelihood,0.248432,0.248328,0.0291807,2.65477e-05,3728.26,0.031424,380.749,66.6051,2.64116e-34,0.0743108,0.0949193,0.0188241,G5,300,0.0483872,0.0483872,0.936887,0.911748,0.215576,18.8874,-28.7277,5.461e-88,0.0282598,0.0742045,0.0788031,0.75,0.698047,0.795631,3.7691,13.9419,14.7732,61.4364,1.48864e-202,3.69417e-12,0.0252228,2.60632e-15,0.0171628,0.00405802,0.00494026,0.00523482,0.887083,0.983651,0.0282386,0.0355026,0.0624581,0.0876368,14.4495,15.1206,320.565,335.558,0.95532,,,,,,,,,,,,,,,,
ml,w-none.g-none.v-high,100,0.8,25000,0.8,likelihood,0.248432,0.248328,0.0291807,2.65477e-05,3728.26,0.031424,380.749,66.6051,2.64116e-34,0.0743108,0.0949193,0.0188241,G5-G3 (paired bias),,,,1.13349,0.634214,0.939456,1.45574,,,,,,,,,,,,34.474,0.0408623,0.301902,0.153082,,,,,,,,,,,,,,,,,0.899123,0.89969,0.03196,0.738348,-0.786934,,,,,,,,,,,
ml,w-none.g-none.v-high,100,0.8,25000,0.8,mid,0.220267,0.232658,0.254933,0.000390819,72.0391,0.254802,37.1522,16.2279,0.326615,0.0743108,0.086351,0.328569,G1,300,0.844586,0.844586,0.0148424,0.00497455,0.013984,1.12655,-1.12582,0.261146,16.6072,0.98899,0.990153,1,0.987357,1,0.997258,0.0586656,0.0586903,2.20469,0.327743,0.927601,0.0820351,0.84174,0.00163448,0.00459471,0.0063334,0.00633607,-0.00950407,0.0339825,15.1932,18.8157,0.98842,0.989531,0.0526182,0.0640686,,,,,,,,,,,,,,,,,,,
ml,w-none.g-none.v-high,100,0.8,25000,0.8,mid,0.220267,0.232658,0.254933,0.000390819,72.0391,0.254802,37.1522,16.2279,0.326615,0.0743108,0.086351,0.328569,G2,300,0.844586,0.844586,0.00697452,-0.00979951,0.0120281,0.336231,-0.159773,0.873168,22.9658,0.992113,0.993006,1,0.987357,1,1.00588,0.0434023,0.0433063,2.23043,0.73786,0.812862,0.0878398,0.871563,-0.00321982,0.00395205,0.00468561,0.00467524,-0.00817747,0.0215147,20.6428,25.8077,0.991712,0.992491,0.0389549,0.0474626,,,,,,,,,,,,,,,,,,,
ml,w-none.g-none.v-high,100,0.8,25000,0.8,mid,0.220267,0.232658,0.254933,0.000390819,72.0391,0.254802,37.1522,16.2279,0.326615,0.0743108,0.086351,0.328569,G3,300,0.844586,0.844586,0.00776787,-0.00955934,0.0123175,0.397703,-0.358713,0.720063,21.8097,0.991661,0.992609,1,0.987357,1,1.00422,0.0455162,0.0454248,2.22345,0.693766,0.848158,0.0809553,0.878253,-0.0031409,0.00404715,0.00491383,0.00490396,-0.00822948,0.0243936,19.7364,24.6612,0.991209,0.992044,0.0406117,0.0500277,1.17963,1.24587,0.946828,,,,,,,,,,,,,,,,
ml,w-none.g-none.v-high,100,0.8,25000,0.8,mid,0.220267,0.232658,0.254933,0.000390819,72.0391,0.254802,37.1522,16.2279,0.326615,0.0743108,0.086351,0.328569,G4,300,0.844586,0.844586,0.00379576,-0.00502324,0.00629609,0.363459,0.365071,0.715317,84.409,0.998156,0.998227,1,0.987357,1,1.00374,0.0118922,0.011867,2.04703,0.700208,0.844127,0.0957798,0.327087,-0.00165048,0.0020687,0.00128386,0.00128113,-0.00450445,0.012597,75.4579,95.2887,0.998103,0.998206,0.0105342,0.0132991,,,,,,,,,,,,,,,,,,,
ml,w-none.g-none.v-high,100,0.8,25000,0.8,mid,0.220267,0.232658,0.254933,0.000390819,72.0391,0.254802,37.1522,16.2279,0.326615,0.0743108,0.086351,0.328569,G5,300,0.844586,0.844586,0.0180596,0.0166716,0.00694328,6.76531,-1.22884,0.220097,68.1828,0.997522,0.997611,1,0.987357,1,0.995332,0.0144627,0.0147407,2.08098,0.000975012,1.52052e-11,0.0934242,2.62536e-11,0.00547776,0.00228135,0.00156136,0.00159137,0.0150545,0.0245503,61.4062,77.0201,0.99745,0.997596,0.0131128,0.0163215,0.30303,0.325285,0.931582,,,,,,,,,,,,,,,,
ml,w-none.g-none.v-high,100,0.8,25000,0.8,mid,0.220267,0.232658,0.254933,0.000390819,72.0391,0.254802,37.1522,16.2279,0.326615,0.0743108,0.086351,0.328569,G5-G3 (paired bias),,,,0.016116,0.0142853,0.00746037,4.66653,,,,,,,,,,,,2.29284,0.00665438,2.81251e-06,0.0814525,,,,,,,,,,,,,,,,,0.0170462,0.0171872,0.00219669,0.950035,-0.368025,,,,,,,,,,,
ml,w-none.g-none.v-high,100,0.8,25000,0.8,mid_greedy,0.240849,0.243566,0.0365837,3.92156e-05,2814.55,0.0403512,295.307,58.548,0.00105802,0.0743108,0.0987542,0.0758956,G1,300,0.19509,0.19509,0.203462,0.156114,0.13048,2.43152,-2.44365,0.0151175,0.132414,0.335708,0.46576,0.77,0.719144,0.814029,2.09286,5.10752,5.13189,6.84228,0.0181443,0.00729983,0.268528,0.717147,0.0118484,0.00990287,0.0294201,0.0295605,0.0725147,0.310205,0.0949806,0.192584,0.285788,0.38438,3.84942,7.09735,,,,,,,,,,,,,,,,,,,
ml,w-none.g-none.v-high,100,0.8,25000,0.8,mid_greedy,0.240849,0.243566,0.0365837,3.92156e-05,2814.55,0.0403512,295.307,58.548,0.00105802,0.0743108,0.0987542,0.0758956,G2,300,0.19509,0.19509,0.125168,0.0566582,0.11161,1.2577,-1.37796,0.169246,0.220957,0.4146,0.566987,0.81,0.761795,0.850366,1.88801,3.73704,3.74025,6.24105,0.271786,0.0177397,0.242419,0.817058,0.00430011,0.00847072,0.0215259,0.0215444,0.0382406,0.213743,0.158345,0.317909,0.361764,0.458953,2.88483,5.14384,,,,,,,,,,,,,,,,,,,
ml,w-none.g-none.v-high,100,0.8,25000,0.8,mid_greedy,0.240849,0.243566,0.0365837,3.92156e-05,2814.55,0.0403512,295.307,58.548,0.00105802,0.0743108,0.0987542,0.0758956,G3,300,0.19509,0.19509,0.142641,0.0858085,0.113944,1.56712,-1.75519,0.0802501,0.201484,0.402174,0.550238,0.816667,0.76897,0.856355,1.91709,3.89497,3.90234,7.03483,0.139534,0.0175568,0.239424,0.860767,0.00651249,0.00864786,0.0224356,0.022478,0.0433683,0.23274,0.147847,0.281843,0.351459,0.446973,3.04623,5.20385,66.5347,68.3581,0.973326,,,,,,,,,,,,,,,,
ml,w-none.g-none.v-high,100,0.8,25000,0.8,mid_greedy,0.240849,0.243566,0.0365837,3.92156e-05,2814.55,0.0403512,295.307,58.548,0.00105802,0.0743108,0.0987542,0.0758956,G4,300,0.19509,0.19509,0.018893,-0.0100935,0.0214202,0.777957,-0.706708,0.480298,7.12046,0.953824,0.962873,1,0.987357,1,1.03188,0.137647,0.137545,5.06724,0.566967,0.247814,0.0506636,0.844627,-0.000766052,0.0016257,0.000792869,0.000792282,-0.00588228,0.0393824,6.57695,7.82771,0.950341,0.957152,0.13002,0.146515,,,,,,,,,,,,,,,,,,,
ml,w-none.g-none.v-high,100,0.8,25000,0.8,mid_greedy,0.240849,0.243566,0.0365837,3.92156e-05,2814.55,0.0403512,295.307,58.548,0.00105802,0.0743108,0.0987542,0.0758956,G5,300,0.19509,0.19509,0.483916,0.48336,0.0231998,435.081,-23.7139,1.14582e-70,3.50918,0.776615,0.818717,1,0.987357,1,0.829953,0.16147,0.395107,6.55472,0,1.56915e-83,0.0514274,4.45513e-87,0.0366849,0.00176077,0.00093009,0.00227587,0.463298,0.503475,3.2002,3.87406,0.759597,0.794729,0.371987,0.416536,3.17488,3.60072,0.881735,,,,,,,,,,,,,,,,
ml,w-none.g-none.v-high,100,0.8,25000,0.8,mid_greedy,0.240849,0.243566,0.0365837,3.92156e-05,2814.55,0.0403512,295.307,58.548,0.00105802,0.0743108,0.0987542,0.0758956,G5-G3 (paired bias),,,,0.414665,0.400827,0.106228,15.2377,,,,,,,,,,,,6.82472,1.25262e-19,1.71188e-11,0.269266,,,,,,,,,,,,,,,,,0.473462,0.473538,0.00847533,0.966074,-0.678792,,,,,,,,,,,
ml,w-none.g-none.v-high,100,0.8,25000,0.8,value,0.269089,0.269079,0.00620323,0.0016026,59282.7,0.0125431,1128.81,96.6183,0,0.0743108,0.113894,0.00357496,G1,300,0.00918943,2.5705,0.0133176,-0.010475,0.0169436,0.617793,0.0637502,0.949212,-0.00107845,-0.02402,-0.0108018,0.43,0.37521,0.48656,17.0062,0.0861257,0.086016,2.26902,0.558997,0.025653,0.94478,0.00502794,-0.010475,0.0169436,0.0861257,0.086016,-0.0109179,0.0325822,-0.00226669,0.00853292,-0.042946,-0.00615294,0.00639698,0.217229,,,,,,,,,,,,,,,,,,,
ml,w-none.g-none.v-high,100,0.8,25000,0.8,value,0.269089,0.269079,0.00620323,0.0016026,59282.7,0.0125431,1128.81,96.6183,0,0.0743108,0.113894,0.00357496,G2,300,0.00918943,2.5705,0.0141906,-0.00663762,0.0156663,0.820488,0.249055,0.803489,-0.000252156,0.193119,0.151186,0.756667,0.705064,0.801779,22.8623,0.0736295,0.0735854,2.6995,0.47143,0.153619,0.855878,0.479269,-0.00663762,0.0156663,0.0736295,0.0735854,-0.00768687,0.0307452,-0.000795892,0.0081395,0.154886,0.232126,0.0150841,0.170134,,,,,,,,,,,,,,,,,,,
ml,w-none.g-none.v-high,100,0.8,25000,0.8,value,0.269089,0.269079,0.00620323,0.0016026,59282.7,0.0125431,1128.81,96.6183,0,0.0743108,0.113894,0.00357496,G3,300,0.00918943,2.5705,0.0131369,-0.00818508,0.0154782,0.720355,0.194457,0.84595,-0.000599099,0.00324982,-0.0208136,0.463333,0.407725,0.519869,21.6652,0.071872,0.071805,2.42159,0.511554,0.0624426,0.907162,0.665651,-0.00818508,0.0154782,0.071872,0.071805,-0.00903235,0.0306385,-0.00141698,0.00790499,-0.0309644,0.0390859,0.00929595,0.175165,0.430296,0.390438,1.10208,,,,,,,,,,,,,,,,
ml,w-none.g-none.v-high,100,0.8,25000,0.8,value,0.269089,0.269079,0.00620323,0.0016026,59282.7,0.0125431,1128.81,96.6183,0,0.0743108,0.113894,0.00357496,G4,300,0.00918943,2.5705,0.00108038,-0.000912372,0.00141409,0.583713,-0.400629,0.688979,0.0181701,0.309539,0.29393,0.843333,0.797891,0.880094,5.28967,0.000599891,0.000599059,10.6589,0.83891,0.146581,0.210336,0.51545,-0.000912372,0.00141409,0.000599891,0.000599059,-0.000793252,0.00181858,0.0119586,0.0311106,0.272227,0.344291,0.000473794,0.000734109,,,,,,,,,,,,,,,,,,,
ml,w-none.g-none.v-high,100,0.8,25000,0.8,value,0.269089,0.269079,0.00620323,0.0016026,59282.7,0.0125431,1128.81,96.6183,0,0.0743108,0.113894,0.00357496,G5,300,0.00918943,2.5705,0.00437088,0.00413416,0.0014189,9.48929,-11.1493,2.26095e-24,0.00207702,-0.0354284,-0.0345164,0.456667,0.401202,0.513227,5.32738,0.000603983,0.000621074,10.8656,3.68934e-17,2.89999e-15,0.191003,6.21476e-09,0.00413416,0.0014189,0.000603983,0.000621074,0.00366677,0.00505505,0.000966501,0.0106144,-0.0648102,-0.0072443,0.000508287,0.00074314,0.013259,0.0138116,0.959986,,,,,,,,,,,,,,,,
ml,w-none.g-none.v-high,100,0.8,25000,0.8,value,0.269089,0.269079,0.00620323,0.0016026,59282.7,0.0125431,1128.81,96.6183,0,0.0743108,0.113894,0.00357496,G5-G3 (paired bias),,,,0.0142254,-0.00526322,0.0151679,0.879593,,,,,,,,,,,,2.28492,0.426934,0.239151,0.932946,,,,,,,,,,,,,,,,,0.00425696,0.00426163,0.000199503,0.447353,-0.896081,,,,,,,,,,,
