dataset,bias,seed,arm,V,V_greedy,V_tempered,temper_scale,regret,regret_greedy,sel_estimate,sel_estimate_low,val_nll,val_auc,val_dr_greedy,val_dr_greedy_low,n_trials,n_finite_trials,lr,epochs,wa_m,wb_m,kappa_s,sp_wa,sp_wb,wc,zeta_norm,kappa_rms,kappa_sd_post,deviation_ratio,l2_pen,cf_pen,cause_tie,logit_scale,initial_reward,logger_greedy,V_logger,V_logger_greedy,ceiling,oracle_linear_value,oracle_linear_greedy,gain_greedy,gain,gain_tempered,representation_loss,frac_loss,best_trial_gain,own_class,likelihood_affine_bilinear_fit_objective,likelihood_bilinear_fit_objective,likelihood_blob_fit_objective,likelihood_affine_bilinear_greedy,likelihood_bilinear_greedy,likelihood_blob_greedy,value_affine_bilinear_greedy,value_bilinear_greedy,value_blob_greedy,value_affine_bilinear_value,value_bilinear_value,value_blob_value,oracle_value_affine_bilinear_gain,oracle_likelihood_affine_bilinear_gain,oracle_value_blob_gain,oracle_likelihood_blob_gain,oracle_value_bilinear_gain,oracle_likelihood_bilinear_gain,own_value_oracle_gain,own_likelihood_oracle_gain,frac_oracle,training_gap,oracle_linear_gain,best_single_item,best_item_gain
anime,none,100,blob_nq,0.056157825,0.29563925,0.29563979,4096,0.034311312,0,,,0.51562181,0.65412528,0.28921628,0.27463693,20,20,0.015177095,100,3,-3,0.1,7.4303923,0.048435211,-3.3930531,0.2540755,0.0075079468,0.099826477,6.0660195e-06,,,,,0.23698078,0.29711784,0.23698078,0.29711784,0.29711784,0.29709725,0.29710405,-0.14785932,-18.082296,5.8659011,5.5558952e-08,,-0.14785932,blob,0.52077525,0.52077806,0.52077526,0.2971178,0.29709853,0.29711782,0.29707805,0.29700538,0.29701504,0.29668097,0.29580037,0.29665352,-0.00397921,-4.1319321e-06,-0.010280287,-2.8786495e-06,-0.011246823,-0.0019314237,-0.010280287,-2.8786495e-06,,0.13757903,-0.0013797289,0.1844479,-11.266994
anime,none,100,blob_mnq,0.05697008,0.29677922,0.29474728,32,0.34213012,0.0024992104,,,0.515454,0.65451826,0.2844981,0.27012423,20,20,0.014212884,100,5,0,0.01,7.6004171,0.22295032,-3.4619474,0.2575579,0.00069079699,0.0099996096,2.0382027e-05,,,,,0.23698078,0.29711784,0.23698078,0.29711784,0.29711784,0.29709725,0.29710405,-0.033862361,-18.00107,5.7766497,5.5558952e-08,,-0.03136315,blob,0.52077525,0.52077806,0.52077526,0.2971178,0.29709853,0.29711782,0.29707805,0.29700538,0.29701504,0.29668097,0.29580037,0.29665352,-0.00397921,-4.1319321e-06,-0.010280287,-2.8786495e-06,-0.011246823,-0.0019314237,-0.010280287,-2.8786495e-06,,0.021082864,-0.0013797289,0.1844479,-11.266994
anime,none,100,cap_c,0.05426568,0.29032362,0.29031007,512,-2.3780668,0.67931414,,,0.51648599,0.65224708,0.29326951,0.27892727,20,20,0.011058789,100,,,,,,,,,,,1e-05,0.1,one_way,,0.23698078,0.29711784,0.23698078,0.29711784,0.29711784,0.29709725,0.29710405,-0.67942287,-18.27151,5.3329292,5.5558952e-08,,-0.00010872342,affine_bilinear,0.52077525,0.52077806,0.52077526,0.2971178,0.29709853,0.29711782,0.29707805,0.29700538,0.29701504,0.29668097,0.29580037,0.29665352,-0.00397921,-4.1319321e-06,-0.010280287,-2.8786495e-06,-0.011246823,-0.0019314237,-0.00397921,-4.1319321e-06,,-0.0038704866,-0.0013797289,0.1844479,-11.266994
anime,none,100,cap_t,0.05426566,0.29032204,0.29031006,512,-2.3780647,0.67947167,,,0.51648597,0.65224712,0.29326951,0.27892727,20,20,0.011058789,100,,,,,,,,,,,1e-05,0.1,one_way,,0.23698078,0.29711784,0.23698078,0.29711784,0.29711784,0.29709725,0.29710405,-0.67958039,-18.271512,5.3329281,5.5558952e-08,,-0.00010872342,affine_bilinear,0.52077525,0.52077806,0.52077526,0.2971178,0.29709853,0.29711782,0.29707805,0.29700538,0.29701504,0.29668097,0.29580037,0.29665352,-0.00397921,-4.1319321e-06,-0.010280287,-2.8786495e-06,-0.011246823,-0.0019314237,-0.00397921,-4.1319321e-06,,-0.0038704866,-0.0013797289,0.1844479,-11.266994
anime,none,100,warm_c,0.054417611,0.29489908,0.29308868,32,0,0,,,0.51556116,0.65494751,0.28166147,0.26748675,20,16,0.012426653,100,,,,,,,,,,,0.001,0.1,one_way,,0.23698078,0.29711784,0.23698078,0.29711784,0.29711784,0.29709725,0.29710405,-0.22187676,-18.256317,5.6107902,5.5558952e-08,,-0.22187676,,0.52077525,0.52077806,0.52077526,0.2971178,0.29709853,0.29711782,0.29707805,0.29700538,0.29701504,0.29668097,0.29580037,0.29665352,-0.00397921,-4.1319321e-06,-0.010280287,-2.8786495e-06,-0.011246823,-0.0019314237,,,,,-0.0013797289,0.1844479,-11.266994
anime,none,100,opc,0.28829656,0.28847601,,,0.20938597,0.56000278,0.28779262,0.27353945,,,,,20,,0.0010030654,17,,,,,,,,,,,,,,14.209438,,,0.23698078,0.29711784,0.29711784,0.29709725,0.29710405,-0.86418328,5.1315773,,5.5558952e-08,,-0.3041805,affine_bilinear,0.52077525,0.52077806,0.52077526,0.2971178,0.29709853,0.29711782,0.29707805,0.29700538,0.29701504,0.29668097,0.29580037,0.29665352,-0.00397921,-4.1319321e-06,-0.010280287,-2.8786495e-06,-0.011246823,-0.0019314237,-0.00397921,-4.1319321e-06,,0.30020129,-0.0013797289,0.1844479,-11.266994
anime,none,100,dm_own,0.29038155,0.29096401,,,0,0.022895943,0.29868519,0.29749871,,,,,20,,0.00042218227,21,,,,,,,,,,,,,,7.665874,,,0.23698078,0.29711784,0.29711784,0.29709725,0.29710405,-0.61538305,5.3400769,,5.5558952e-08,,-0.59248711,affine_bilinear,0.52077525,0.52077806,0.52077526,0.2971178,0.29709853,0.29711782,0.29707805,0.29700538,0.29701504,0.29668097,0.29580037,0.29665352,-0.00397921,-4.1319321e-06,-0.010280287,-2.8786495e-06,-0.011246823,-0.0019314237,-0.00397921,-4.1319321e-06,,0.5885079,-0.0013797289,0.1844479,-11.266994
anime,none,100,dm,0.29046025,0.2907041,,,0.0046061913,0.044001998,0.29929966,0.29811535,,,,,20,,0.00065131976,25,,,,,,,,,,,,,,11.327128,,,0.23698078,0.29711784,0.29711784,0.29709725,0.29710405,-0.64137469,5.3479466,,5.5558952e-08,,-0.59737269,affine_bilinear,0.52077525,0.52077806,0.52077526,0.2971178,0.29709853,0.29711782,0.29707805,0.29700538,0.29701504,0.29668097,0.29580037,0.29665352,-0.00397921,-4.1319321e-06,-0.010280287,-2.8786495e-06,-0.011246823,-0.0019314237,-0.00397921,-4.1319321e-06,,0.59339348,-0.0013797289,0.1844479,-11.266994
anime,none,100,tempered_logger,0.29599719,0.29711784,,,0.11056323,0,0.28471971,0.27127411,,,,,20,,,-1,,,,,,,,,,,,,,7.2295116,,,0.23698078,0.29711784,0.29711784,0.29709725,0.29710405,0,5.9016405,,5.5558952e-08,,0,,0.52077525,0.52077806,0.52077526,0.2971178,0.29709853,0.29711782,0.29707805,0.29700538,0.29701504,0.29668097,0.29580037,0.29665352,-0.00397921,-4.1319321e-06,-0.010280287,-2.8786495e-06,-0.011246823,-0.0019314237,,,,,-0.0013797289,0.1844479,-11.266994
anime,none,101,blob_nq,0.055469145,0.29374825,0.29374904,4096,0.064983999,0.3083035,,,0.52020156,0.64660596,0.2995428,0.28461942,20,20,0.074979198,1000,-1,-3,0.1,7.5661993,0.044291526,-3.4475813,0.58604491,0.017247962,0.099755526,1.2773668e-05,,,,,0.23784024,0.29792488,0.23784024,0.29792488,0.29792488,0.29790277,0.29790897,-0.41766288,-18.237109,5.59088,2.3456126e-08,,-0.10935937,blob,0.52019047,0.52019283,0.52019048,0.29792487,0.297908,0.29792487,0.29788212,0.29781105,0.29781732,0.29747697,0.29658233,0.29744893,-0.0042762713,-9.0537206e-07,-0.010756606,-6.3193756e-07,-0.011383065,-0.0016881291,-0.010756606,-6.3193756e-07,,0.098602766,-0.0015913327,0.18363729,-11.428759
anime,none,101,blob_mnq,0.057196687,0.29682985,0.29683057,4096,0.58109774,0.077373169,,,0.52023645,0.64672326,0.30275863,0.28762761,20,20,0.014581652,100,5,0,0.1,7.9121304,0.25177467,-3.5671473,0.261049,0.0074227275,0.099821359,2.6985332e-05,,,,,0.23784024,0.29792488,0.23784024,0.29792488,0.29792488,0.29790277,0.29790897,-0.10950292,-18.064355,5.8990331,2.3456126e-08,,-0.032129753,blob,0.52019047,0.52019283,0.52019048,0.29792487,0.297908,0.29792487,0.29788212,0.29781105,0.29781732,0.29747697,0.29658233,0.29744893,-0.0042762713,-9.0537206e-07,-0.010756606,-6.3193756e-07,-0.011383065,-0.0016881291,-0.010756606,-6.3193756e-07,,0.021373147,-0.0015913327,0.18363729,-11.428759
anime,none,101,cap_c,0.049569063,0.28950844,0.28950835,2048,-1.9894962,0.8414394,,,0.52160212,0.64237483,0.29907427,0.28474042,20,18,0.024786268,30,,,,,,,,,,,1e-07,0.01,one_way,,0.23784024,0.29792488,0.23784024,0.29792488,0.29792488,0.29790277,0.29790897,-0.84164388,-18.827117,5.166811,2.3456126e-08,,-0.00020448216,affine_bilinear,0.52019047,0.52019283,0.52019048,0.29792487,0.297908,0.29792487,0.29788212,0.29781105,0.29781732,0.29747697,0.29658233,0.29744893,-0.0042762713,-9.0537206e-07,-0.010756606,-6.3193756e-07,-0.011383065,-0.0016881291,-0.0042762713,-9.0537206e-07,,-0.0040717891,-0.0015913327,0.18363729,-11.428759
anime,none,101,cap_t,0.049568906,0.28950765,0.28950783,2048,-1.9894804,0.84151861,,,0.52160218,0.64237461,0.29907473,0.28474088,20,18,0.024786268,30,,,,,,,,,,,1e-07,0.01,one_way,,0.23784024,0.29792488,0.23784024,0.29792488,0.29792488,0.29790277,0.29790897,-0.84172309,-18.827133,5.1667588,2.3456126e-08,,-0.00020448216,affine_bilinear,0.52019047,0.52019283,0.52019048,0.29792487,0.297908,0.29792487,0.29788212,0.29781105,0.29781732,0.29747697,0.29658233,0.29744893,-0.0042762713,-9.0537206e-07,-0.010756606,-6.3193756e-07,-0.011383065,-0.0016881291,-0.0042762713,-9.0537206e-07,,-0.0040717891,-0.0015913327,0.18363729,-11.428759
anime,none,101,warm_c,0.056382148,0.29654083,0.29651614,256,0,0,,,0.52013358,0.64683988,0.30635291,0.29113451,20,19,0.14212818,10,,,,,,,,,,,0.001,0.01,symmetric,,0.23784024,0.29792488,0.23784024,0.29792488,0.29792488,0.29790277,0.29790897,-0.13840479,-18.145809,5.86759,2.3456126e-08,,-0.13840479,,0.52019047,0.52019283,0.52019048,0.29792487,0.297908,0.29792487,0.29788212,0.29781105,0.29781732,0.29747697,0.29658233,0.29744893,-0.0042762713,-9.0537206e-07,-0.010756606,-6.3193756e-07,-0.011383065,-0.0016881291,,,,,-0.0015913327,0.18363729,-11.428759
anime,none,101,opc,0.28774078,0.29433677,,,0.30503212,0.15185138,0.28902882,0.27709464,,,,,20,,0.00017665235,13,,,,,,,,,,,,,,2.7473977,,,0.23784024,0.29792488,0.29792488,0.29790277,0.29790897,-0.3588107,4.9900539,,2.3456126e-08,,-0.20695932,affine_bilinear,0.52019047,0.52019283,0.52019048,0.29792487,0.297908,0.29792487,0.29788212,0.29781105,0.29781732,0.29747697,0.29658233,0.29744893,-0.0042762713,-9.0537206e-07,-0.010756606,-6.3193756e-07,-0.011383065,-0.0016881291,-0.0042762713,-9.0537206e-07,,0.20268305,-0.0015913327,0.18363729,-11.428759
anime,none,101,dm_own,0.28961915,0.28980524,,,0.016834633,0.27219714,0.29940423,0.29816955,,,,,20,,0.00095490948,23,,,,,,,,,,,,,,15.382156,,,0.23784024,0.29792488,0.29792488,0.29790277,0.29790897,-0.81196448,5.1778916,,2.3456126e-08,,-0.53976734,affine_bilinear,0.52019047,0.52019283,0.52019048,0.29792487,0.297908,0.29792487,0.29788212,0.29781105,0.29781732,0.29747697,0.29658233,0.29744893,-0.0042762713,-9.0537206e-07,-0.010756606,-6.3193756e-07,-0.011383065,-0.0016881291,-0.0042762713,-9.0537206e-07,,0.53549107,-0.0015913327,0.18363729,-11.428759
anime,none,101,dm,0.28951269,0.28955906,,,0.035483093,0.18814014,0.29955968,0.29832578,,,,,20,,0.0018834766,27,,,,,,,,,,,,,,29.203325,,,0.23784024,0.29792488,0.29792488,0.29790277,0.29790897,-0.83658168,5.1672453,,2.3456126e-08,,-0.64844153,affine_bilinear,0.52019047,0.52019283,0.52019048,0.29792487,0.297908,0.29792487,0.29788212,0.29781105,0.29781732,0.29747697,0.29658233,0.29744893,-0.0042762713,-9.0537206e-07,-0.010756606,-6.3193756e-07,-0.011383065,-0.0016881291,-0.0042762713,-9.0537206e-07,,0.64416526,-0.0015913327,0.18363729,-11.428759
anime,none,101,tempered_logger,0.29788561,0.29792488,,,0.0025768481,0,0.29806718,0.28317191,,,,,20,,,-1,,,,,,,,,,,,,,36.863118,,,0.23784024,0.29792488,0.29792488,0.29790277,0.29790897,0,6.0045375,,2.3456126e-08,,0,,0.52019047,0.52019283,0.52019048,0.29792487,0.297908,0.29792487,0.29788212,0.29781105,0.29781732,0.29747697,0.29658233,0.29744893,-0.0042762713,-9.0537206e-07,-0.010756606,-6.3193756e-07,-0.011383065,-0.0016881291,,,,,-0.0015913327,0.18363729,-11.428759
kuairand,none,100,blob_nq,0.049725159,0.29121834,0.29119718,256,0.23856869,0,,,0.43715658,0.7899351,0.29030793,0.27813302,20,20,0.0041278202,300,-1,0,0.1,6.3429828,3.1276212,-3.6495466,4.1588402,0.0064408854,0.099835396,0.0092955818,,,,,0.23295851,0.29237682,0.23295851,0.29237682,0.29237682,0.2923503,0.29235563,-0.11584833,-18.323335,5.8238672,6.6956662e-09,,-0.11584833,blob,0.43848415,0.43895689,0.43844453,0.29174907,0.28826365,0.29210692,0.29220075,0.29172661,0.29215757,0.29179256,0.29082476,0.29178957,-0.017607319,-0.062775638,-0.02192498,-0.026989664,-0.065021436,-0.41131719,-0.02192498,-0.026989664,,0.093923354,-0.0021188103,0.16717423,-12.520259
kuairand,none,100,blob_mnq,0.049866754,0.29042867,0.29042947,512,0.77461351,0,,,0.43764566,0.78948497,0.28999282,0.27793511,20,20,0.017519724,100,5,-6,0.1,6.27841,0.0026913327,-3.6355681,0.065282539,0.0095639667,0.099815413,9.2255242e-08,,,,,0.23295851,0.29237682,0.23295851,0.29237682,0.29237682,0.2923503,0.29235563,-0.19481528,-18.309175,5.7470958,6.6956662e-09,,-0.19481528,blob,0.43848415,0.43895689,0.43844453,0.29174907,0.28826365,0.29210692,0.29220075,0.29172661,0.29215757,0.29179256,0.29082476,0.29178957,-0.017607319,-0.062775638,-0.02192498,-0.026989664,-0.065021436,-0.41131719,-0.02192498,-0.026989664,,0.1728903,-0.0021188103,0.16717423,-12.520259
kuairand,none,100,cap_c,0.047066588,0.28969067,0.28851129,32,-1.6232336,0.19494613,,,0.4387243,0.78872906,0.2894104,0.27751439,20,20,0.001582565,300,,,,,,,,,,,0,10,one_way,,0.23295851,0.29237682,0.23295851,0.29237682,0.29237682,0.2923503,0.29235563,-0.26861494,-18.589192,5.5552786,6.6956662e-09,,-0.073668815,affine_bilinear,0.43848415,0.43895689,0.43844453,0.29174907,0.28826365,0.29210692,0.29220075,0.29172661,0.29215757,0.29179256,0.29082476,0.29178957,-0.017607319,-0.062775638,-0.02192498,-0.026989664,-0.065021436,-0.41131719,-0.017607319,-0.062775638,,0.056061496,-0.0021188103,0.16717423,-12.520259
kuairand,none,100,cap_t,0.047066609,0.28969067,0.28851133,32,-1.6232358,0.19494613,,,0.43872432,0.78872965,0.2894104,0.27751439,20,20,0.001582565,300,,,,,,,,,,,0,10,one_way,,0.23295851,0.29237682,0.23295851,0.29237682,0.29237682,0.2923503,0.29235563,-0.26861494,-18.58919,5.5552818,6.6956662e-09,,-0.073668815,affine_bilinear,0.43848415,0.43895689,0.43844453,0.29174907,0.28826365,0.29210692,0.29220075,0.29172661,0.29215757,0.29179256,0.29082476,0.29178957,-0.017607319,-0.062775638,-0.02192498,-0.026989664,-0.065021436,-0.41131719,-0.017607319,-0.062775638,,0.056061496,-0.0021188103,0.16717423,-12.520259
kuairand,none,100,warm_c,0.049972395,0.29182032,0.29181765,1024,0,0,,,0.43710674,0.79012176,0.28913448,0.27704233,20,17,0.073295025,10,,,,,,,,,,,0,10,one_way,,0.23295851,0.29237682,0.23295851,0.29237682,0.29237682,0.2923503,0.29235563,-0.055650606,-18.298611,5.8859145,6.6956662e-09,,-0.055650606,,0.43848415,0.43895689,0.43844453,0.29174907,0.28826365,0.29210692,0.29220075,0.29172661,0.29215757,0.29179256,0.29082476,0.29178957,-0.017607319,-0.062775638,-0.02192498,-0.026989664,-0.065021436,-0.41131719,,,,,-0.0021188103,0.16717423,-12.520259
kuairand,none,100,opc,0.28742184,0.28741436,,,0.0079076905,0.32419055,0.29122382,0.2792172,,,,,20,,0.00065131976,25,,,,,,,,,,,,,,30.04067,,,0.23295851,0.29237682,0.29237682,0.2923503,0.29235563,-0.49624587,5.4463333,,6.6956662e-09,,-0.17205532,affine_bilinear,0.43848415,0.43895689,0.43844453,0.29174907,0.28826365,0.29210692,0.29220075,0.29172661,0.29215757,0.29179256,0.29082476,0.29178957,-0.017607319,-0.062775638,-0.02192498,-0.026989664,-0.065021436,-0.41131719,-0.017607319,-0.062775638,,0.15444801,-0.0021188103,0.16717423,-12.520259
kuairand,none,100,dm_own,0.28746987,0.28803715,,,0.0078319161,0.19933763,0.29305646,0.29055837,,,,,20,,0.00042218227,21,,,,,,,,,,,,,,6.5390639,,,0.23295851,0.29237682,0.29237682,0.2923503,0.29235563,-0.43396713,5.4511362,,6.6956662e-09,,-0.2346295,affine_bilinear,0.43848415,0.43895689,0.43844453,0.29174907,0.28826365,0.29210692,0.29220075,0.29172661,0.29215757,0.29179256,0.29082476,0.29178957,-0.017607319,-0.062775638,-0.02192498,-0.026989664,-0.065021436,-0.41131719,-0.017607319,-0.062775638,,0.21702218,-0.0021188103,0.16717423,-12.520259
kuairand,none,100,dm,0.28732896,0.28751348,,,0.019210393,0.23727138,0.29377991,0.29128622,,,,,20,,0.00065131976,25,,,,,,,,,,,,,,9.7656174,,,0.23295851,0.29237682,0.29237682,0.2923503,0.29235563,-0.48633466,5.4370456,,6.6956662e-09,,-0.24906328,affine_bilinear,0.43848415,0.43895689,0.43844453,0.29174907,0.28826365,0.29210692,0.29220075,0.29172661,0.29215757,0.29179256,0.29082476,0.29178957,-0.017607319,-0.062775638,-0.02192498,-0.026989664,-0.065021436,-0.41131719,-0.017607319,-0.062775638,,0.23145596,-0.0021188103,0.16717423,-12.520259
kuairand,none,100,tempered_logger,0.29229102,0.29237682,,,0.0077137391,0,0.29098949,0.27901482,,,,,20,,,-1,,,,,,,,,,,,,,19.30752,,,0.23295851,0.29237682,0.29237682,0.2923503,0.29235563,0,5.9332517,,6.6956662e-09,,0,,0.43848415,0.43895689,0.43844453,0.29174907,0.28826365,0.29210692,0.29220075,0.29172661,0.29215757,0.29179256,0.29082476,0.29178957,-0.017607319,-0.062775638,-0.02192498,-0.026989664,-0.065021436,-0.41131719,,,,,-0.0021188103,0.16717423,-12.520259
kuairand,none,101,blob_nq,0.050693628,0.30374305,0.30356864,64,0.17038162,0,,,0.45262472,0.78808194,0.29795255,0.28610695,20,20,0.010143375,100,1,0,0.1,6.5435071,2.3256421,-3.7403936,2.6384931,0.0069797924,0.099844158,0.0042486507,,,,,0.24601329,0.30529663,0.24601329,0.30529663,0.30529663,0.30527222,0.30527797,-0.15535843,-19.531966,5.7555351,1.0641432e-09,,-0.15535843,blob,0.44552913,0.44604034,0.44553949,0.3047995,0.30120852,0.30476416,0.30511552,0.30466091,0.30505837,0.30469324,0.30373992,0.30467866,-0.018110849,-0.049712909,-0.023826372,-0.053247292,-0.063571721,-0.40881145,-0.023826372,-0.053247292,,0.13153206,-0.0018657959,0.17349333,-13.18033
kuairand,none,101,blob_mnq,0.050148564,0.30363631,0.30363535,4096,0.75818478,0.0077501387,,,0.45264697,0.78803796,0.29795502,0.28600185,20,20,0.0074420265,300,5,-6,0.1,6.412982,0.002519042,-3.6856809,0.048557207,0.0068764454,0.099813975,6.8511845e-08,,,,,0.24601329,0.30529663,0.24601329,0.30529663,0.30529663,0.30527222,0.30527797,-0.16603239,-19.586472,5.7622064,1.0641432e-09,,-0.15828225,blob,0.44552913,0.44604034,0.44553949,0.3047995,0.30120852,0.30476416,0.30511552,0.30466091,0.30505837,0.30469324,0.30373992,0.30467866,-0.018110849,-0.049712909,-0.023826372,-0.053247292,-0.063571721,-0.40881145,-0.023826372,-0.053247292,,0.13445588,-0.0018657959,0.17349333,-13.18033
kuairand,none,101,cap_c,0.049522861,0.30183031,0.30181953,512,-1.9010059,0.088674555,,,0.45331505,0.78617548,0.30225114,0.29033998,20,19,0.024786268,30,,,,,,,,,,,1e-07,0.01,one_way,,0.24601329,0.30529663,0.24601329,0.30529663,0.30529663,0.30527222,0.30527797,-0.34663176,-19.649043,5.580624,1.0641432e-09,,-0.2579572,affine_bilinear,0.44552913,0.44604034,0.44553949,0.3047995,0.30120852,0.30476416,0.30511552,0.30466091,0.30505837,0.30469324,0.30373992,0.30467866,-0.018110849,-0.049712909,-0.023826372,-0.053247292,-0.063571721,-0.40881145,-0.018110849,-0.049712909,,0.23984635,-0.0018657959,0.17349333,-13.18033
kuairand,none,101,cap_t,0.049523295,0.30182978,0.30182032,512,-1.9010493,0.088727823,,,0.45331499,0.7861754,0.30224581,0.29033464,20,19,0.024786268,30,,,,,,,,,,,1e-07,0.01,one_way,,0.24601329,0.30529663,0.24601329,0.30529663,0.30529663,0.30527222,0.30527797,-0.34668503,-19.648999,5.580703,1.0641432e-09,,-0.2579572,affine_bilinear,0.44552913,0.44604034,0.44553949,0.3047995,0.30120852,0.30476416,0.30511552,0.30466091,0.30505837,0.30469324,0.30373992,0.30467866,-0.018110849,-0.049712909,-0.023826372,-0.053247292,-0.063571721,-0.40881145,-0.018110849,-0.049712909,,0.23984635,-0.0018657959,0.17349333,-13.18033
kuairand,none,101,warm_c,0.049465912,0.30351666,0.30351277,4096,0.51267995,0.076700451,,,0.45196515,0.78842452,0.30510976,0.29277302,20,19,0.065644003,10,,,,,,,,,,,0,0.1,one_way,,0.24601329,0.30529663,0.24601329,0.30529663,0.30529663,0.30527222,0.30527797,-0.17799739,-19.654738,5.7499486,1.0641432e-09,,-0.10129694,,0.44552913,0.44604034,0.44553949,0.3047995,0.30120852,0.30476416,0.30511552,0.30466091,0.30505837,0.30469324,0.30373992,0.30467866,-0.018110849,-0.049712909,-0.023826372,-0.053247292,-0.063571721,-0.40881145,,,,,-0.0018657959,0.17349333,-13.18033
kuairand,none,101,opc,0.29737328,0.29745242,,,0.35530579,0.52276943,0.30330521,0.29140631,,,,,20,,0.00095129154,30,,,,,,,,,,,,,,20.936037,,,0.24601329,0.30529663,0.30529663,0.30527222,0.30527797,-0.78442129,5.1359996,,1.0641432e-09,,-0.26165185,affine_bilinear,0.44552913,0.44604034,0.44553949,0.3047995,0.30120852,0.30476416,0.30511552,0.30466091,0.30505837,0.30469324,0.30373992,0.30467866,-0.018110849,-0.049712909,-0.023826372,-0.053247292,-0.063571721,-0.40881145,-0.018110849,-0.049712909,,0.24354101,-0.0018657959,0.17349333,-13.18033
kuairand,none,101,dm_own,0.29961374,0.29971883,,,0.02317132,0.11846428,0.30925301,0.30665284,,,,,20,,0.00095490948,23,,,,,,,,,,,,,,11.888884,,,0.24601329,0.30529663,0.30529663,0.30527222,0.30527797,-0.55777993,5.3600449,,1.0641432e-09,,-0.43931565,affine_bilinear,0.44552913,0.44604034,0.44553949,0.3047995,0.30120852,0.30476416,0.30511552,0.30466091,0.30505837,0.30469324,0.30373992,0.30467866,-0.018110849,-0.049712909,-0.023826372,-0.053247292,-0.063571721,-0.40881145,-0.018110849,-0.049712909,,0.4212048,-0.0018657959,0.17349333,-13.18033
kuairand,none,101,dm,0.29944469,0.29948726,,,0.034911734,0.1438715,0.30943537,0.30683665,,,,,20,,0.0018834766,27,,,,,,,,,,,,,,23.793238,,,0.24601329,0.30529663,0.30529663,0.30527222,0.30527797,-0.58093712,5.3431407,,1.0641432e-09,,-0.43706562,affine_bilinear,0.44552913,0.44604034,0.44553949,0.3047995,0.30120852,0.30476416,0.30511552,0.30466091,0.30505837,0.30469324,0.30373992,0.30467866,-0.018110849,-0.049712909,-0.023826372,-0.053247292,-0.063571721,-0.40881145,-0.018110849,-0.049712909,,0.41895477,-0.0018657959,0.17349333,-13.18033
kuairand,none,101,tempered_logger,0.30526604,0.30529663,,,0.0022776764,0,0.30125919,0.28928517,,,,,20,,,-1,,,,,,,,,,,,,,31.556947,,,0.24601329,0.30529663,0.30529663,0.30527222,0.30527797,-5.5511151e-15,5.9252754,,1.0641432e-09,,-5.5511151e-15,,0.44552913,0.44604034,0.44553949,0.3047995,0.30120852,0.30476416,0.30511552,0.30466091,0.30505837,0.30469324,0.30373992,0.30467866,-0.018110849,-0.049712909,-0.023826372,-0.053247292,-0.063571721,-0.40881145,,,,,-0.0018657959,0.17349333,-13.18033
ml,none,100,blob_nq,0.061137367,0.30194243,0.30165421,64,0.16593514,0,,,0.51194795,0.67972076,0.2964665,0.28265822,20,20,0.0041278202,300,-1,0,0.1,5.3520627,0.68352211,-3.6267946,1.0989311,0.0083735054,0.099501342,0.0010788619,,,,,0.2427668,0.30298334,0.2427668,0.30298334,0.30298334,0.30295183,0.30295403,-0.10409111,-18.162943,5.8887415,4.089894e-08,,-0.10409111,blob,0.51542062,0.51552612,0.5154235,0.30296658,0.30233867,0.3029491,0.30284859,0.30250556,0.30280755,0.30258555,0.30170237,0.30259795,-0.01347522,-0.0016767391,-0.017579345,-0.0034244363,-0.047778322,-0.064467286,-0.017579345,-0.0034244363,,0.086511768,-0.0029309771,0.17069688,-13.228646
ml,none,100,blob_mnq,0.061836476,0.3022561,0.30107339,32,0.79349202,0.003477807,,,0.511979,0.67961613,0.29624717,0.28253001,20,20,0.014212884,100,5,0,0.01,5.4096832,0.10580038,-3.6871626,0.35578698,0.0009320231,0.0099994699,4.3095766e-05,,,,,0.2427668,0.30298334,0.2427668,0.30298334,0.30298334,0.30295183,0.30295403,-0.072723867,-18.093032,5.8306594,4.089894e-08,,-0.06924606,blob,0.51542062,0.51552612,0.5154235,0.30296658,0.30233867,0.3029491,0.30284859,0.30250556,0.30280755,0.30258555,0.30170237,0.30259795,-0.01347522,-0.0016767391,-0.017579345,-0.0034244363,-0.047778322,-0.064467286,-0.017579345,-0.0034244363,,0.051666715,-0.0029309771,0.17069688,-13.228646
ml,none,100,cap_c,0.057420769,0.29630148,0.29507106,32,-2.8710367,0.66773277,,,0.51389873,0.6756029,0.28334212,0.2698457,20,20,0.011058789,100,,,,,,,,,,,1e-05,0.1,one_way,,0.2427668,0.30298334,0.2427668,0.30298334,0.30298334,0.30295183,0.30295403,-0.66818607,-18.534603,5.2304262,4.089894e-08,,-0.00045330541,affine_bilinear,0.51542062,0.51552612,0.5154235,0.30296658,0.30233867,0.3029491,0.30284859,0.30250556,0.30280755,0.30258555,0.30170237,0.30259795,-0.01347522,-0.0016767391,-0.017579345,-0.0034244363,-0.047778322,-0.064467286,-0.01347522,-0.0016767391,,-0.013021915,-0.0029309771,0.17069688,-13.228646
ml,none,100,cap_t,0.057420781,0.29630148,0.29507108,32,-2.8710382,0.66773277,,,0.51389871,0.67560282,0.28334212,0.2698457,20,20,0.011058789,100,,,,,,,,,,,1e-05,0.1,one_way,,0.2427668,0.30298334,0.2427668,0.30298334,0.30298334,0.30295183,0.30295403,-0.66818607,-18.534602,5.2304285,4.089894e-08,,-0.00045330541,affine_bilinear,0.51542062,0.51552612,0.5154235,0.30296658,0.30233867,0.3029491,0.30284859,0.30250556,0.30280755,0.30258555,0.30170237,0.30259795,-0.01347522,-0.0016767391,-0.017579345,-0.0034244363,-0.047778322,-0.064467286,-0.01347522,-0.0016767391,,-0.013021915,-0.0029309771,0.17069688,-13.228646
ml,none,100,warm_c,0.059448829,0.30174225,0.30165965,128,0,0,,,0.51140097,0.68145185,0.3005032,0.2866367,20,18,0.012426653,100,,,,,,,,,,,0.001,0.1,one_way,,0.2427668,0.30298334,0.2427668,0.30298334,0.30298334,0.30295183,0.30295403,-0.12410975,-18.331797,5.8892855,4.089894e-08,,-0.12410975,,0.51542062,0.51552612,0.5154235,0.30296658,0.30233867,0.3029491,0.30284859,0.30250556,0.30280755,0.30258555,0.30170237,0.30259795,-0.01347522,-0.0016767391,-0.017579345,-0.0034244363,-0.047778322,-0.064467286,,,,,-0.0029309771,0.17069688,-13.228646
ml,none,100,opc,0.29571692,0.29757369,,,0.0096213434,0.20399674,0.29623738,0.28387689,,,,,20,,0.00036895768,7,,,,,,,,,,,,,,4.6599312,,,0.2427668,0.30298334,0.30298334,0.30295183,0.30295403,-0.54096536,5.2950121,,4.089894e-08,,-0.33696862,affine_bilinear,0.51542062,0.51552612,0.5154235,0.30296658,0.30233867,0.3029491,0.30284859,0.30250556,0.30280755,0.30258555,0.30170237,0.30259795,-0.01347522,-0.0016767391,-0.017579345,-0.0034244363,-0.047778322,-0.064467286,-0.01347522,-0.0016767391,,0.3234934,-0.0029309771,0.17069688,-13.228646
ml,none,100,dm_own,0.29801092,0.29835885,,,0,0.060910114,0.30332008,0.30184642,,,,,20,,0.00042218227,21,,,,,,,,,,,,,,7.1471176,,,0.2427668,0.30298334,0.30298334,0.30295183,0.30295403,-0.46244878,5.5244124,,4.089894e-08,,-0.40153866,affine_bilinear,0.51542062,0.51552612,0.5154235,0.30296658,0.30233867,0.3029491,0.30284859,0.30250556,0.30280755,0.30258555,0.30170237,0.30259795,-0.01347522,-0.0016767391,-0.017579345,-0.0034244363,-0.047778322,-0.064467286,-0.01347522,-0.0016767391,,0.38806344,-0.0029309771,0.17069688,-13.228646
ml,none,100,dm,0.297962,0.29806403,,,0.0061691624,0.089967774,0.30367628,0.30220401,,,,,20,,0.001475565,26,,,,,,,,,,,,,,10.51541,,,0.2427668,0.30298334,0.30298334,0.30295183,0.30295403,-0.49193083,5.5195201,,4.089894e-08,,-0.40196306,affine_bilinear,0.51542062,0.51552612,0.5154235,0.30296658,0.30233867,0.3029491,0.30284859,0.30250556,0.30280755,0.30258555,0.30170237,0.30259795,-0.01347522,-0.0016767391,-0.017579345,-0.0034244363,-0.047778322,-0.064467286,-0.01347522,-0.0016767391,,0.38848784,-0.0029309771,0.17069688,-13.228646
ml,none,100,tempered_logger,0.30113287,0.30298334,,,0.18367864,0,0.29359466,0.28200556,,,,,20,,,-1,,,,,,,,,,,,,,5.2605788,,,0.2427668,0.30298334,0.30298334,0.30295183,0.30295403,-3.9564724e-08,5.8366072,,4.089894e-08,,-3.9564724e-08,,0.51542062,0.51552612,0.5154235,0.30296658,0.30233867,0.3029491,0.30284859,0.30250556,0.30280755,0.30258555,0.30170237,0.30259795,-0.01347522,-0.0016767391,-0.017579345,-0.0034244363,-0.047778322,-0.064467286,,,,,-0.0029309771,0.17069688,-13.228646
ml,none,101,blob_nq,0.063712102,0.29990064,0.29962952,64,0.048811737,0,,,0.51189326,0.68200837,0.29601483,0.28206252,20,20,0.010143375,100,1,0,0.1,5.5479736,1.3986996,-3.7416997,2.3841534,0.0095579615,0.099511623,0.0046265204,,,,,0.24152548,0.30089191,0.24152548,0.30089191,0.30089191,0.30085033,0.30085244,-0.099126194,-17.781338,5.8104038,3.1474739e-08,,-0.099126194,blob,0.5131481,0.51325391,0.51314455,0.30086159,0.30022356,0.30088597,0.30072602,0.30043165,0.30073727,0.30046603,0.29963086,0.30052226,-0.016588612,-0.0030319321,-0.015463926,-0.00059388784,-0.046025213,-0.06683476,-0.015463926,-0.00059388784,,0.083662268,-0.003946608,0.16990364,-13.098827
ml,none,101,blob_mnq,0.063789767,0.29986494,0.2998808,512,0.67904097,0.055974206,,,0.51200366,0.68169348,0.29836556,0.28429033,20,20,0.0074420265,300,5,-6,0.1,5.5052457,0.0025262849,-3.7284644,0.051410351,0.0090240687,0.099468492,1.1553242e-07,,,,,0.24152548,0.30089191,0.24152548,0.30089191,0.30089191,0.30085033,0.30085244,-0.10269689,-17.773572,5.8355318,3.1474739e-08,,-0.046722681,blob,0.5131481,0.51325391,0.51314455,0.30086159,0.30022356,0.30088597,0.30072602,0.30043165,0.30073727,0.30046603,0.29963086,0.30052226,-0.016588612,-0.0030319321,-0.015463926,-0.00059388784,-0.046025213,-0.06683476,-0.015463926,-0.00059388784,,0.031258755,-0.003946608,0.16990364,-13.098827
ml,none,101,cap_c,0.055708539,0.29580551,0.29583194,256,-2.5350098,0.50763623,,,0.51327329,0.67933426,0.29390702,0.28003808,20,19,0.024786268,30,,,,,,,,,,,1e-07,0.01,one_way,,0.24152548,0.30089191,0.24152548,0.30089191,0.30089191,0.30085033,0.30085244,-0.50863927,-18.581694,5.4306454,3.1474739e-08,,-0.0010030471,affine_bilinear,0.5131481,0.51325391,0.51314455,0.30086159,0.30022356,0.30088597,0.30072602,0.30043165,0.30073727,0.30046603,0.29963086,0.30052226,-0.016588612,-0.0030319321,-0.015463926,-0.00059388784,-0.046025213,-0.06683476,-0.016588612,-0.0030319321,,-0.015585564,-0.003946608,0.16990364,-13.098827
ml,none,101,cap_t,0.055707899,0.29580542,0.29583266,256,-2.5349458,0.50764531,,,0.51327299,0.67933592,0.29390743,0.28003849,20,19,0.024786268,30,,,,,,,,,,,1e-07,0.01,one_way,,0.24152548,0.30089191,0.24152548,0.30089191,0.30089191,0.30085033,0.30085244,-0.50864835,-18.581758,5.4307176,3.1474739e-08,,-0.0010030471,affine_bilinear,0.5131481,0.51325391,0.51314455,0.30086159,0.30022356,0.30088597,0.30072602,0.30043165,0.30073727,0.30046603,0.29963086,0.30052226,-0.016588612,-0.0030319321,-0.015463926,-0.00059388784,-0.046025213,-0.06683476,-0.016588612,-0.0030319321,,-0.015585564,-0.003946608,0.16990364,-13.098827
ml,none,101,warm_c,0.063738305,0.29933299,0.29928266,128,0,0,,,0.51135922,0.68328343,0.29755466,0.2837455,20,20,0.14212818,10,,,,,,,,,,,0.001,0.01,symmetric,,0.24152548,0.30089191,0.24152548,0.30089191,0.30089191,0.30085033,0.30085244,-0.15589168,-17.778718,5.7757181,3.1474739e-08,,-0.15589168,,0.5131481,0.51325391,0.51314455,0.30086159,0.30022356,0.30088597,0.30072602,0.30043165,0.30073727,0.30046603,0.29963086,0.30052226,-0.016588612,-0.0030319321,-0.015463926,-0.00059388784,-0.046025213,-0.06683476,,,,,-0.003946608,0.16990364,-13.098827
ml,none,101,opc,0.29494176,0.29494386,,,0.088617721,0.32291215,0.29472864,0.28080242,,,,,20,,0.0010717683,23,,,,,,,,,,,,,,36.993752,,,0.24152548,0.30089191,0.30089191,0.30085033,0.30085244,-0.59480432,5.341628,,3.1474739e-08,,-0.27189218,affine_bilinear,0.5131481,0.51325391,0.51314455,0.30086159,0.30022356,0.30088597,0.30072602,0.30043165,0.30073727,0.30046603,0.29963086,0.30052226,-0.016588612,-0.0030319321,-0.015463926,-0.00059388784,-0.046025213,-0.06683476,-0.016588612,-0.0030319321,,0.25530356,-0.003946608,0.16990364,-13.098827
ml,none,101,dm_own,0.29664462,0.29673656,,,0,0.025372583,0.3048951,0.30338453,,,,,20,,0.00095490948,23,,,,,,,,,,,,,,13.623287,,,0.24152548,0.30089191,0.30089191,0.30085033,0.30085244,-0.41553446,5.5119141,,3.1474739e-08,,-0.39016187,affine_bilinear,0.5131481,0.51325391,0.51314455,0.30086159,0.30022356,0.30088597,0.30072602,0.30043165,0.30073727,0.30046603,0.29963086,0.30052226,-0.016588612,-0.0030319321,-0.015463926,-0.00059388784,-0.046025213,-0.06683476,-0.016588612,-0.0030319321,,0.37357326,-0.003946608,0.16990364,-13.098827
ml,none,101,dm,0.29668249,0.29673999,,,0.0039861052,0.031884059,0.30490944,0.3033991,,,,,20,,0.0011329572,25,,,,,,,,,,,,,,15.19268,,,0.24152548,0.30089191,0.30089191,0.30085033,0.30085244,-0.41519133,5.5157009,,3.1474739e-08,,-0.38330727,affine_bilinear,0.5131481,0.51325391,0.51314455,0.30086159,0.30022356,0.30088597,0.30072602,0.30043165,0.30073727,0.30046603,0.29963086,0.30052226,-0.016588612,-0.0030319321,-0.015463926,-0.00059388784,-0.046025213,-0.06683476,-0.016588612,-0.0030319321,,0.36671866,-0.003946608,0.16990364,-13.098827
ml,none,101,tempered_logger,0.30083208,0.30089191,,,0.0048157989,0,0.29392418,0.28032718,,,,,20,,,-1,,,,,,,,,,,,,,27.589383,,,0.24152548,0.30089191,0.30089191,0.30085033,0.30085244,2.3811808e-08,5.9306602,,3.1474739e-08,,2.3811808e-08,,0.5131481,0.51325391,0.51314455,0.30086159,0.30022356,0.30088597,0.30072602,0.30043165,0.30073727,0.30046603,0.29963086,0.30052226,-0.016588612,-0.0030319321,-0.015463926,-0.00059388784,-0.046025213,-0.06683476,,,,,-0.003946608,0.16990364,-13.098827
anime,w-high.g-none.v-none,100,blob_nq,0.039698584,0.2316078,0.23162344,512,0.0040570462,0.091389192,,,0.43488968,0.63273672,0.22803052,0.214979,20,20,0.0041278202,300,-1,0,0.1,5.2921138,6.9022374,-2.8273587,7.3520899,0.0080384342,0.099850543,0.035691991,,,,,0.17376569,0.21762282,0.17376569,0.21762282,0.29711784,0.29705554,0.2970615,1.398498,-13.40671,5.7857752,7.9495022,0.17592272,1.4898872,blob,0.43237129,0.43250988,0.43236994,0.29701846,0.29569848,0.29703236,0.29661327,0.29611164,0.2964929,0.2956169,0.29436849,0.29562995,7.899045,7.9395639,7.8870079,7.9409533,7.848882,7.8075656,7.8870079,7.9409533,0.17731668,6.3971207,7.9438679,0.1844479,-3.3174918
anime,w-high.g-none.v-none,100,blob_mnq,0.041433694,0.22431143,0.22431055,4096,0.44168414,0.0011732371,,,0.43641381,0.62215787,0.22128318,0.20807234,20,20,0.0010847474,300,5,-3,0.1,6.3707409,0.047219865,-3.1148272,0.11041303,0.0092414813,0.099849738,2.9498606e-06,,,,,0.17376569,0.21762282,0.17376569,0.21762282,0.29711784,0.29705554,0.2970615,0.66886067,-13.233199,5.0544864,7.9495022,0.084138687,0.67003391,blob,0.43237129,0.43250988,0.43236994,0.29701846,0.29569848,0.29703236,0.29661327,0.29611164,0.2964929,0.2956169,0.29436849,0.29562995,7.899045,7.9395639,7.8870079,7.9409533,7.848882,7.8075656,7.8870079,7.9409533,0.084805376,7.216974,7.9438679,0.1844479,-3.3174918
anime,w-high.g-none.v-none,100,cap_c,0.05638794,0.26282555,0.26153582,32,0,0,,,0.42738975,0.66080078,0.24459847,0.23400604,20,20,0.011022421,100,,,,,,,,,,,1e-07,0,symmetric,,0.17376569,0.21762282,0.17376569,0.21762282,0.29711784,0.29705554,0.2970615,4.5202731,-11.737775,8.7770134,7.9495022,0.56862343,4.5202731,affine_bilinear,0.43237129,0.43250988,0.43236994,0.29701846,0.29569848,0.29703236,0.29661327,0.29611164,0.2964929,0.2956169,0.29436849,0.29562995,7.899045,7.9395639,7.8870079,7.9409533,7.848882,7.8075656,7.899045,7.9395639,0.57225565,3.3787719,7.9438679,0.1844479,-3.3174918
anime,w-high.g-none.v-none,100,cap_t,0.0526656,0.26216786,0.26215898,256,0,0,,,0.42766286,0.65876037,0.2541486,0.24261967,20,20,0.011058789,100,,,,,,,,,,,1e-05,0.1,one_way,,0.17376569,0.21762282,0.17376569,0.21762282,0.29711784,0.29705554,0.2970615,4.4545034,-12.110009,8.8393291,7.9495022,0.56034998,4.4545034,affine_bilinear,0.43237129,0.43250988,0.43236994,0.29701846,0.29569848,0.29703236,0.29661327,0.29611164,0.2964929,0.2956169,0.29436849,0.29562995,7.899045,7.9395639,7.8870079,7.9409533,7.848882,7.8075656,7.899045,7.9395639,0.56392936,3.4445417,7.9438679,0.1844479,-3.3174918
anime,w-high.g-none.v-none,100,warm_c,0.037943451,0.18838848,0.18842661,1024,1.0087321,4.5820708,,,0.4366005,0.62548346,0.20214999,0.19386913,20,16,0.39967167,10,,,,,,,,,,,1e-07,0,symmetric,,0.17376569,0.21762282,0.17376569,0.21762282,0.29711784,0.29705554,0.2970615,-2.9234341,-13.582224,1.466092,7.9495022,-0.36775058,1.6586367,,0.43237129,0.43250988,0.43236994,0.29701846,0.29569848,0.29703236,0.29661327,0.29611164,0.2964929,0.2956169,0.29436849,0.29562995,7.899045,7.9395639,7.8870079,7.9409533,7.848882,7.8075656,,,,,7.9438679,0.1844479,-3.3174918
anime,w-high.g-none.v-none,100,opc,0.25130628,0.2513713,,,0.22601781,0.23355024,0.25722793,0.2453045,,,,,20,,0.001475565,26,,,,,,,,,,,,,,27.06538,,,0.17376569,0.21762282,0.29711784,0.29705554,0.2970615,3.3748479,7.7540595,,7.9495022,0.42453575,3.6083981,affine_bilinear,0.43237129,0.43250988,0.43236994,0.29701846,0.29569848,0.29703236,0.29661327,0.29611164,0.2964929,0.2956169,0.29436849,0.29562995,7.899045,7.9395639,7.8870079,7.9409533,7.848882,7.8075656,7.899045,7.9395639,0.42724758,4.2906469,7.9438679,0.1844479,-3.3174918
anime,w-high.g-none.v-none,100,dm_own,0.24666923,0.24701962,,,0.0036243055,0.036798446,0.27221456,0.27120486,,,,,20,,0.00042218227,21,,,,,,,,,,,,,,6.5897613,,,0.17376569,0.21762282,0.29711784,0.29705554,0.2970615,2.9396797,7.290354,,7.9495022,0.36979419,2.9764782,affine_bilinear,0.43237129,0.43250988,0.43236994,0.29701846,0.29569848,0.29703236,0.29661327,0.29611164,0.2964929,0.2956169,0.29436849,0.29562995,7.899045,7.9395639,7.8870079,7.9409533,7.848882,7.8075656,7.899045,7.9395639,0.37215634,4.9225669,7.9438679,0.1844479,-3.3174918
anime,w-high.g-none.v-none,100,dm,0.2462754,0.24649015,,,0.03221201,0.079041756,0.2733953,0.27239145,,,,,20,,0.00065131976,25,,,,,,,,,,,,,,9.6432476,,,0.17376569,0.21762282,0.29711784,0.29705554,0.2970615,2.8867324,7.2509708,,7.9495022,0.36313373,2.9657741,affine_bilinear,0.43237129,0.43250988,0.43236994,0.29701846,0.29569848,0.29703236,0.29661327,0.29611164,0.2964929,0.2956169,0.29436849,0.29562995,7.899045,7.9395639,7.8870079,7.9409533,7.848882,7.8075656,7.899045,7.9395639,0.36545334,4.9332709,7.9438679,0.1844479,-3.3174918
anime,w-high.g-none.v-none,100,tempered_logger,0.21735538,0.21762282,,,0.027679537,8.7565284e-05,0.2115524,0.19841289,,,,,20,,,-1,,,,,,,,,,,,,,12.107408,,,0.17376569,0.21762282,0.29711784,0.29705554,0.2970615,0,4.3589697,,7.9495022,0,8.7565284e-05,,0.43237129,0.43250988,0.43236994,0.29701846,0.29569848,0.29703236,0.29661327,0.29611164,0.2964929,0.2956169,0.29436849,0.29562995,7.899045,7.9395639,7.8870079,7.9409533,7.848882,7.8075656,,,,,7.9438679,0.1844479,-3.3174918
anime,w-high.g-none.v-none,101,blob_nq,0.040249087,0.20498135,0.20498952,4096,0.048281473,0.053421094,,,0.41583047,0.63317123,0.20316137,0.18983546,20,20,0.01348658,300,1,0,0.1,5.6010308,0.85219157,-3.1069841,0.94234031,0.0075391633,0.099857017,0.00060690736,,,,,0.1587894,0.19943815,0.1587894,0.19943815,0.29792488,0.29656757,0.29657269,0.55431983,-11.854031,4.6200123,9.8486726,0.05628371,0.60774093,blob,0.40725216,0.40744717,0.40724148,0.29658574,0.29459943,0.29672383,0.29505505,0.29398262,0.29509224,0.2933275,0.29169047,0.2936092,9.561689,9.7147589,9.5654081,9.7285677,9.4544469,9.5161278,9.5654081,9.7285677,0.057950464,8.9576671,9.7134536,0.18363729,-1.5800869
anime,w-high.g-none.v-none,101,blob_mnq,0.040871551,0.20427033,0.20353662,64,0.40744057,0.057862983,,,0.41585182,0.63281389,0.19690539,0.18373571,20,20,0.0074420265,300,5,-6,0.1,5.8339911,0.0025136969,-3.1646707,0.026847789,0.006670671,0.099851191,4.2779991e-08,,,,,0.1587894,0.19943815,0.1587894,0.19943815,0.29792488,0.29656757,0.29657269,0.4832171,-11.791785,4.4747221,9.8486726,0.049064185,0.54108008,blob,0.40725216,0.40744717,0.40724148,0.29658574,0.29459943,0.29672383,0.29505505,0.29398262,0.29509224,0.2933275,0.29169047,0.2936092,9.561689,9.7147589,9.5654081,9.7285677,9.4544469,9.5161278,9.5654081,9.7285677,0.050517144,9.024328,9.7134536,0.18363729,-1.5800869
anime,w-high.g-none.v-none,101,cap_c,0.053654892,0.24289126,0.23762293,16,-0.14080027,0.082430008,,,0.40859861,0.6646515,0.21658274,0.20646275,20,18,0.0045209994,300,,,,,,,,,,,1e-05,0,one_way,,0.1587894,0.19943815,0.1587894,0.19943815,0.29792488,0.29656757,0.29657269,4.3453109,-10.51345,7.8833531,9.8486726,0.44120777,4.4277409,affine_bilinear,0.40725216,0.40744717,0.40724148,0.29658574,0.29459943,0.29672383,0.29505505,0.29398262,0.29509224,0.2933275,0.29169047,0.2936092,9.561689,9.7147589,9.5654081,9.7285677,9.4544469,9.5161278,9.561689,9.7147589,0.45445013,5.1339482,9.7134536,0.18363729,-1.5800869
anime,w-high.g-none.v-none,101,cap_t,0.054465271,0.24292081,0.23786874,16,-0.22214741,0.078817505,,,0.40865481,0.66484952,0.21668789,0.20650466,20,18,0.01651989,100,,,,,,,,,,,0,0.01,symmetric,,0.1587894,0.19943815,0.1587894,0.19943815,0.29792488,0.29656757,0.29657269,4.3482652,-10.432413,7.9079347,9.8486726,0.44150774,4.4270827,affine_bilinear,0.40725216,0.40744717,0.40724148,0.29658574,0.29459943,0.29672383,0.29505505,0.29398262,0.29509224,0.2933275,0.29169047,0.2936092,9.561689,9.7147589,9.5654081,9.7285677,9.4544469,9.5161278,9.561689,9.7147589,0.45475911,5.1346063,9.7134536,0.18363729,-1.5800869
anime,w-high.g-none.v-none,101,warm_c,0.040423807,0.2034008,0.20319428,64,0,0,,,0.41566107,0.6344264,0.19172376,0.17897411,20,20,0.14212818,10,,,,,,,,,,,0.001,0.01,symmetric,,0.1587894,0.19943815,0.1587894,0.19943815,0.29792488,0.29656757,0.29657269,0.39626409,-11.836559,4.4404882,9.8486726,0.040235279,0.39626409,,0.40725216,0.40744717,0.40724148,0.29658574,0.29459943,0.29672383,0.29505505,0.29398262,0.29509224,0.2933275,0.29169047,0.2936092,9.561689,9.7147589,9.5654081,9.7285677,9.4544469,9.5161278,,,,,9.7134536,0.18363729,-1.5800869
anime,w-high.g-none.v-none,101,opc,0.2276124,0.22762988,,,0.36717477,0.37096642,0.2234675,0.21108974,,,,,20,,0.0013656545,18,,,,,,,,,,,,,,33.552124,,,0.1587894,0.19943815,0.29792488,0.29656757,0.29657269,2.8191725,6.8823004,,9.8486726,0.28624898,3.1901389,affine_bilinear,0.40725216,0.40744717,0.40724148,0.29658574,0.29459943,0.29672383,0.29505505,0.29398262,0.29509224,0.2933275,0.29169047,0.2936092,9.561689,9.7147589,9.5654081,9.7285677,9.4544469,9.5161278,9.561689,9.7147589,0.29484043,6.3715501,9.7134536,0.18363729,-1.5800869
anime,w-high.g-none.v-none,101,dm_own,0.2162082,0.21638609,,,0.072820628,0.53040183,0.23049536,0.2295602,,,,,20,,0.00095490948,23,,,,,,,,,,,,,,12.88881,,,0.1587894,0.19943815,0.29792488,0.29656757,0.29657269,1.6947931,5.7418805,,9.8486726,0.1720834,2.2251949,affine_bilinear,0.40725216,0.40744717,0.40724148,0.29658574,0.29459943,0.29672383,0.29505505,0.29398262,0.29509224,0.2933275,0.29169047,0.2936092,9.561689,9.7147589,9.5654081,9.7285677,9.4544469,9.5161278,9.561689,9.7147589,0.17724829,7.3364942,9.7134536,0.18363729,-1.5800869
anime,w-high.g-none.v-none,101,dm,0.21487944,0.21490514,,,0.21508511,0.67155564,0.2308961,0.22996387,,,,,20,,0.0018834766,27,,,,,,,,,,,,,,24.411428,,,0.1587894,0.19943815,0.29792488,0.29656757,0.29657269,1.5466987,5.6090042,,9.8486726,0.15704641,2.2182543,affine_bilinear,0.40725216,0.40744717,0.40724148,0.29658574,0.29459943,0.29672383,0.29505505,0.29398262,0.29509224,0.2933275,0.29169047,0.2936092,9.561689,9.7147589,9.5654081,9.7285677,9.4544469,9.5161278,9.561689,9.7147589,0.16175998,7.3434347,9.7134536,0.18363729,-1.5800869
anime,w-high.g-none.v-none,101,tempered_logger,0.199064,0.19943815,,,0.033314643,0,0.19196922,0.17901252,,,,,20,,,-1,,,,,,,,,,,,,,13.12829,,,0.1587894,0.19943815,0.29792488,0.29656757,0.29657269,0,4.0274605,,9.8486726,0,0,,0.40725216,0.40744717,0.40724148,0.29658574,0.29459943,0.29672383,0.29505505,0.29398262,0.29509224,0.2933275,0.29169047,0.2936092,9.561689,9.7147589,9.5654081,9.7285677,9.4544469,9.5161278,,,,,9.7134536,0.18363729,-1.5800869
kuairand,w-high.g-none.v-none,100,blob_nq,0.041042941,0.24927404,0.24919576,256,0.079302988,0,,,0.40632023,0.77380806,0.24749381,0.23593122,20,20,0.0041278202,300,-1,0,0.1,6.3397827,6.3166304,-3.4717031,7.513031,0.0072700228,0.09986189,0.027103631,,,,,0.19277394,0.24068187,0.19277394,0.24068187,0.29237682,0.2921055,0.29211155,0.85921666,-15.1731,5.6421823,5.1694951,0.16620901,0.85921666,blob,0.39567881,0.3962544,0.39565127,0.29087471,0.28605367,0.29124802,0.29142808,0.29070341,0.29143763,0.29070184,0.28952831,0.29077964,5.0746209,5.019284,5.0755755,5.0566152,5.0021534,4.5371804,5.0755755,5.0566152,0.16928458,4.2163588,5.1429677,0.16717423,-7.3507636
kuairand,w-high.g-none.v-none,100,blob_mnq,0.040601051,0.24474243,0.24467254,128,0.53651929,0.056086458,,,0.40856177,0.77072815,0.24465551,0.23316091,20,20,0.017519724,100,5,-6,0.1,6.2403564,0.0024438358,-3.4243755,0.04665757,0.010715196,0.099834763,5.0999891e-08,,,,,0.19277394,0.24068187,0.19277394,0.24068187,0.29237682,0.2921055,0.29211155,0.40605564,-15.217289,5.1898603,5.1694951,0.078548414,0.4621421,blob,0.39567881,0.3962544,0.39565127,0.29087471,0.28605367,0.29124802,0.29142808,0.29070341,0.29143763,0.29070184,0.28952831,0.29077964,5.0746209,5.019284,5.0755755,5.0566152,5.0021534,4.5371804,5.0755755,5.0566152,0.080001892,4.6134334,5.1429677,0.16717423,-7.3507636
kuairand,w-high.g-none.v-none,100,cap_c,0.04828263,0.27443174,0.27442955,256,0.022644496,0.032470442,,,0.39748949,0.78569335,0.25889173,0.24809274,20,20,0.011058789,100,,,,,,,,,,,1e-05,0.1,one_way,,0.19277394,0.24068187,0.19277394,0.24068187,0.29237682,0.2921055,0.29211155,3.3749872,-14.449131,8.1655611,5.1694951,0.65286592,3.4074576,affine_bilinear,0.39567881,0.3962544,0.39565127,0.29087471,0.28605367,0.29124802,0.29142808,0.29070341,0.29143763,0.29070184,0.28952831,0.29077964,5.0746209,5.019284,5.0755755,5.0566152,5.0021534,4.5371804,5.0746209,5.019284,0.66507179,1.6671632,5.1429677,0.16717423,-7.3507636
kuairand,w-high.g-none.v-none,100,cap_t,0.048282653,0.27443174,0.2744295,256,0,0,,,0.3974895,0.78569328,0.25889173,0.24809274,20,20,0.011058789,100,,,,,,,,,,,1e-05,0.1,one_way,,0.19277394,0.24068187,0.19277394,0.24068187,0.29237682,0.2921055,0.29211155,3.3749872,-14.449128,8.1655568,5.1694951,0.65286592,3.3749872,affine_bilinear,0.39567881,0.3962544,0.39565127,0.29087471,0.28605367,0.29124802,0.29142808,0.29070341,0.29143763,0.29070184,0.28952831,0.29077964,5.0746209,5.019284,5.0755755,5.0566152,5.0021534,4.5371804,5.0746209,5.019284,0.66507179,1.6996337,5.1429677,0.16717423,-7.3507636
kuairand,w-high.g-none.v-none,100,warm_c,0.04238824,0.24732912,0.24643202,32,1.3166333,0.51803229,,,0.40735137,0.77179523,0.24489099,0.2333014,20,18,0.012426653,100,,,,,,,,,,,0.001,0.1,one_way,,0.19277394,0.24068187,0.19277394,0.24068187,0.29237682,0.2921055,0.29211155,0.66472447,-15.03857,5.3658084,5.1694951,0.12858596,1.1827568,,0.39567881,0.3962544,0.39565127,0.29087471,0.28605367,0.29124802,0.29142808,0.29070341,0.29143763,0.29070184,0.28952831,0.29077964,5.0746209,5.019284,5.0755755,5.0566152,5.0021534,4.5371804,,,,,5.1429677,0.16717423,-7.3507636
kuairand,w-high.g-none.v-none,100,opc,0.26400848,0.26572305,,,0.25798546,0.13509794,0.25915074,0.24735412,,,,,20,,0.00036895768,7,,,,,,,,,,,,,,3.8737533,,,0.19277394,0.24068187,0.29237682,0.2921055,0.29211155,2.5041183,7.1234547,,5.1694951,0.48440288,2.6392162,affine_bilinear,0.39567881,0.3962544,0.39565127,0.29087471,0.28605367,0.29124802,0.29142808,0.29070341,0.29143763,0.29070184,0.28952831,0.29077964,5.0746209,5.019284,5.0755755,5.0566152,5.0021534,4.5371804,5.0746209,5.019284,0.49345919,2.4354046,5.1429677,0.16717423,-7.3507636
kuairand,w-high.g-none.v-none,100,dm_own,0.25264313,0.25301343,,,0.69606035,1.0770869,0.26405632,0.26177745,,,,,20,,0.00042218227,21,,,,,,,,,,,,,,6.4015713,,,0.19277394,0.24068187,0.29237682,0.2921055,0.29211155,1.2331556,5.9869195,,5.1694951,0.23854468,2.3102425,affine_bilinear,0.39567881,0.3962544,0.39565127,0.29087471,0.28605367,0.29124802,0.29142808,0.29070341,0.29143763,0.29070184,0.28952831,0.29077964,5.0746209,5.019284,5.0755755,5.0566152,5.0021534,4.5371804,5.0746209,5.019284,0.24300447,2.7643784,5.1429677,0.16717423,-7.3507636
kuairand,w-high.g-none.v-none,100,dm,0.25142173,0.25159938,,,0.80383569,1.2162794,0.26547727,0.26320822,,,,,20,,0.00065131976,25,,,,,,,,,,,,,,9.5147781,,,0.19277394,0.24068187,0.29237682,0.2921055,0.29211155,1.0917512,5.8647795,,5.1694951,0.21119107,2.3080306,affine_bilinear,0.39567881,0.3962544,0.39565127,0.29087471,0.28605367,0.29124802,0.29142808,0.29070341,0.29143763,0.29070184,0.28952831,0.29077964,5.0746209,5.019284,5.0755755,5.0566152,5.0021534,4.5371804,5.0746209,5.019284,0.21513946,2.7665903,5.1429677,0.16717423,-7.3507636
kuairand,w-high.g-none.v-none,100,tempered_logger,0.24005414,0.24068187,,,0.061572671,0,0.24057294,0.22956323,,,,,20,,,-1,,,,,,,,,,,,,,7.2295116,,,0.19277394,0.24068187,0.29237682,0.2921055,0.29211155,0,4.7280202,,5.1694951,0,0,,0.39567881,0.3962544,0.39565127,0.29087471,0.28605367,0.29124802,0.29142808,0.29070341,0.29143763,0.29070184,0.28952831,0.29077964,5.0746209,5.019284,5.0755755,5.0566152,5.0021534,4.5371804,,,,,5.1429677,0.16717423,-7.3507636
kuairand,w-high.g-none.v-none,101,blob_nq,0.041896522,0.26561615,0.26560599,4096,0.0348137,0,,,0.4198998,0.78401672,0.27059546,0.25899035,20,20,0.01348658,300,1,0,0.1,6.5949788,9.0653591,-3.5693984,10.715947,0.0083110817,0.099831007,0.045151141,,,,,0.20919334,0.25904046,0.20919334,0.25904046,0.30529663,0.30499164,0.30499781,0.65756903,-16.729682,5.6412645,4.6256173,0.14215811,0.65756903,blob,0.40105107,0.40159738,0.40103128,0.30434793,0.30024422,0.30454071,0.30426127,0.30357094,0.30429511,0.30348513,0.30230512,0.30360769,4.522081,4.5307475,4.5254649,4.5500249,4.4530478,4.1203766,4.5254649,4.5500249,0.1453042,3.8678958,4.5957347,0.17349333,-8.5547132
kuairand,w-high.g-none.v-none,101,blob_mnq,0.040796992,0.25922629,0.25922558,4096,0.40936261,0.020814095,,,0.42526197,0.77845351,0.26343335,0.25199976,20,20,0.0074420265,300,5,-6,0.1,6.6194882,0.0025242814,-3.5106971,0.035025384,0.0086597409,0.099832378,4.0059927e-08,,,,,0.20919334,0.25904046,0.20919334,0.25904046,0.30529663,0.30499164,0.30499781,0.018583602,-16.839635,5.0032236,4.6256173,0.0040175399,0.039397697,blob,0.40105107,0.40159738,0.40103128,0.30434793,0.30024422,0.30454071,0.30426127,0.30357094,0.30429511,0.30348513,0.30230512,0.30360769,4.522081,4.5307475,4.5254649,4.5500249,4.4530478,4.1203766,4.5254649,4.5500249,0.0041064516,4.4860672,4.5957347,0.17349333,-8.5547132
kuairand,w-high.g-none.v-none,101,cap_c,0.049900968,0.28721317,0.28705627,64,0,0,,,0.40898213,0.79816287,0.26707152,0.25651837,20,19,0.014005304,100,,,,,,,,,,,1e-07,1,symmetric,,0.20919334,0.25904046,0.20919334,0.25904046,0.30529663,0.30499164,0.30499781,2.8172708,-15.929238,7.7862922,4.6256173,0.60905834,2.8172708,affine_bilinear,0.40105107,0.40159738,0.40103128,0.30434793,0.30024422,0.30454071,0.30426127,0.30357094,0.30429511,0.30348513,0.30230512,0.30360769,4.522081,4.5307475,4.5254649,4.5500249,4.4530478,4.1203766,4.522081,4.5307475,0.62300317,1.7048102,4.5957347,0.17349333,-8.5547132
kuairand,w-high.g-none.v-none,101,cap_t,0.049902195,0.28722649,0.28705696,64,0,0,,,0.40898253,0.79816289,0.26706601,0.25651283,20,19,0.014005304,100,,,,,,,,,,,1e-07,1,symmetric,,0.20919334,0.25904046,0.20919334,0.25904046,0.30529663,0.30499164,0.30499781,2.8186034,-15.929115,7.7863617,4.6256173,0.60934644,2.8186034,affine_bilinear,0.40105107,0.40159738,0.40103128,0.30434793,0.30024422,0.30454071,0.30426127,0.30357094,0.30429511,0.30348513,0.30230512,0.30360769,4.522081,4.5307475,4.5254649,4.5500249,4.4530478,4.1203766,4.522081,4.5307475,0.62329787,1.7034775,4.5957347,0.17349333,-8.5547132
kuairand,w-high.g-none.v-none,101,warm_c,0.044914694,0.26664823,0.26664706,4096,0,0,,,0.41950459,0.78523119,0.26960096,0.25798824,20,20,0.14212818,10,,,,,,,,,,,0.001,0.01,symmetric,,0.20919334,0.25904046,0.20919334,0.25904046,0.30529663,0.30499164,0.30499781,0.76077699,-16.427865,5.7453712,4.6256173,0.16447037,0.76077699,,0.40105107,0.40159738,0.40103128,0.30434793,0.30024422,0.30454071,0.30426127,0.30357094,0.30429511,0.30348513,0.30230512,0.30360769,4.522081,4.5307475,4.5254649,4.5500249,4.4530478,4.1203766,,,,,4.5957347,0.17349333,-8.5547132
kuairand,w-high.g-none.v-none,101,opc,0.27579992,0.27579557,,,0.21094101,0.20829042,0.27929237,0.2676213,,,,,20,,0.00086303929,15,,,,,,,,,,,,,,24.214188,,,0.20919334,0.25904046,0.30529663,0.30499164,0.30499781,1.6755115,6.6606572,,4.6256173,0.36222441,1.8838019,affine_bilinear,0.40105107,0.40159738,0.40103128,0.30434793,0.30024422,0.30454071,0.30426127,0.30357094,0.30429511,0.30348513,0.30230512,0.30360769,4.522081,4.5307475,4.5254649,4.5500249,4.4530478,4.1203766,4.522081,4.5307475,0.3705178,2.6382791,4.5957347,0.17349333,-8.5547132
kuairand,w-high.g-none.v-none,101,dm_own,0.26413789,0.26417534,,,0.2532969,0.44667965,0.28146896,0.27893418,,,,,20,,0.00095490948,23,,,,,,,,,,,,,,11.41715,,,0.20919334,0.25904046,0.30529663,0.30499164,0.30499781,0.51348821,5.494455,,4.6256173,0.11100966,0.96016786,affine_bilinear,0.40105107,0.40159738,0.40103128,0.30434793,0.30024422,0.30454071,0.30426127,0.30357094,0.30429511,0.30348513,0.30230512,0.30360769,4.522081,4.5307475,4.5254649,4.5500249,4.4530478,4.1203766,4.522081,4.5307475,0.11355131,3.5619131,4.5957347,0.17349333,-8.5547132
kuairand,w-high.g-none.v-none,101,dm,0.26371055,0.26381797,,,0.3173114,0.46769192,0.28179252,0.2792606,,,,,20,,0.0018834766,27,,,,,,,,,,,,,,22.3881,,,0.20919334,0.25904046,0.30529663,0.30499164,0.30499781,0.47775088,5.4517207,,4.6256173,0.1032837,0.9454428,affine_bilinear,0.40105107,0.40159738,0.40103128,0.30434793,0.30024422,0.30454071,0.30426127,0.30357094,0.30429511,0.30348513,0.30230512,0.30360769,4.522081,4.5307475,4.5254649,4.5500249,4.4530478,4.1203766,4.522081,4.5307475,0.10564846,3.5766382,4.5957347,0.17349333,-8.5547132
kuairand,w-high.g-none.v-none,101,tempered_logger,0.25872608,0.25904046,,,0.032195721,0,0.25579336,0.24499524,,,,,20,,,-1,,,,,,,,,,,,,,8.9673637,,,0.20919334,0.25904046,0.30529663,0.30499164,0.30499781,-1.110223e-14,4.9532735,,4.6256173,-2.4001619e-15,-1.110223e-14,,0.40105107,0.40159738,0.40103128,0.30434793,0.30024422,0.30454071,0.30426127,0.30357094,0.30429511,0.30348513,0.30230512,0.30360769,4.522081,4.5307475,4.5254649,4.5500249,4.4530478,4.1203766,,,,,4.5957347,0.17349333,-8.5547132
ml,w-high.g-none.v-none,100,blob_nq,0.04638827,0.25811931,0.25814163,1024,0.011184468,0,,,0.43416384,0.68347764,0.25660678,0.24388118,20,20,0.0041278202,300,-1,0,0.1,4.3475752,7.3933697,-3.2604561,10.178895,0.0099578891,0.099565104,0.11252205,,,,,0.17679525,0.22031196,0.17679526,0.22031196,0.30298334,0.30247399,0.30247513,3.7807351,-13.040699,8.1346363,8.2671384,0.4573209,3.7807351,blob,0.42775694,0.42805832,0.42774884,0.30265816,0.29978998,0.30270619,0.30217531,0.30159801,0.30235486,0.30158202,0.30033496,0.30182881,8.1863353,8.2346202,8.2042897,8.2394228,8.1286049,7.9478022,8.2042897,8.2394228,0.46082419,4.4235546,8.216317,0.17069688,-4.9615077
ml,w-high.g-none.v-none,100,blob_mnq,0.042892191,0.23948087,0.23909198,64,1.2367434,0,,,0.43990713,0.66503779,0.24176628,0.22881389,20,20,0.017519724,100,5,-6,0.1,4.2533751,0.0023934054,-3.1968651,0.061476197,0.015334196,0.099593967,1.6580663e-07,,,,,0.17679525,0.22031196,0.17679526,0.22031196,0.30298334,0.30247399,0.30247513,1.9168912,-13.390307,6.229672,8.2671384,0.23186877,1.9168912,blob,0.42775694,0.42805832,0.42774884,0.30265816,0.29978998,0.30270619,0.30217531,0.30159801,0.30235486,0.30158202,0.30033496,0.30182881,8.1863353,8.2346202,8.2042897,8.2394228,8.1286049,7.9478022,8.2042897,8.2394228,0.23364499,6.2873985,8.216317,0.17069688,-4.9615077
ml,w-high.g-none.v-none,100,cap_c,0.05529942,0.27435368,0.27303953,32,0,0,,,0.42932728,0.69484487,0.25259507,0.24094801,20,20,0.011058789,100,,,,,,,,,,,1e-05,0.1,one_way,,0.17679525,0.22031196,0.17679526,0.22031196,0.30298334,0.30247399,0.30247513,5.4041721,-12.149584,9.6244268,8.2671384,0.6536932,5.4041721,affine_bilinear,0.42775694,0.42805832,0.42774884,0.30265816,0.29978998,0.30270619,0.30217531,0.30159801,0.30235486,0.30158202,0.30033496,0.30182881,8.1863353,8.2346202,8.2042897,8.2394228,8.1286049,7.9478022,8.1863353,8.2346202,0.66014547,2.7821632,8.216317,0.17069688,-4.9615077
ml,w-high.g-none.v-none,100,cap_t,0.055299423,0.27435368,0.2730395,32,0,0,,,0.42932729,0.69484457,0.25259507,0.24094801,20,20,0.011058789,100,,,,,,,,,,,1e-05,0.1,one_way,,0.17679525,0.22031196,0.17679526,0.22031196,0.30298334,0.30247399,0.30247513,5.4041721,-12.149584,9.6244241,8.2671384,0.6536932,5.4041721,affine_bilinear,0.42775694,0.42805832,0.42774884,0.30265816,0.29978998,0.30270619,0.30217531,0.30159801,0.30235486,0.30158202,0.30033496,0.30182881,8.1863353,8.2346202,8.2042897,8.2394228,8.1286049,7.9478022,8.1863353,8.2346202,0.66014547,2.7821632,8.216317,0.17069688,-4.9615077
ml,w-high.g-none.v-none,100,warm_c,0.050184385,0.24717456,0.24715885,512,0,0,,,0.4364061,0.67548268,0.25144302,0.2390064,20,18,0.39967167,10,,,,,,,,,,,1e-07,0,symmetric,,0.17679525,0.22031196,0.17679526,0.22031196,0.30298334,0.30247399,0.30247513,2.6862599,-12.661088,7.0363592,8.2671384,0.32493226,2.6862599,,0.42775694,0.42805832,0.42774884,0.30265816,0.29978998,0.30270619,0.30217531,0.30159801,0.30235486,0.30158202,0.30033496,0.30182881,8.1863353,8.2346202,8.2042897,8.2394228,8.1286049,7.9478022,,,,,8.216317,0.17069688,-4.9615077
ml,w-high.g-none.v-none,100,opc,0.26307166,0.26344198,,,0.033971888,0,0.26106024,0.24893467,,,,,20,,0.0010030654,17,,,,,,,,,,,,,,8.4923391,,,0.17679526,0.22031196,0.30298334,0.30247399,0.30247513,4.3130016,8.6276398,,8.2671384,0.52170429,4.3130016,affine_bilinear,0.42775694,0.42805832,0.42774884,0.30265816,0.29978998,0.30270619,0.30217531,0.30159801,0.30235486,0.30158202,0.30033496,0.30182881,8.1863353,8.2346202,8.2042897,8.2394228,8.1286049,7.9478022,8.1863353,8.2346202,0.52685377,3.8733337,8.216317,0.17069688,-4.9615077
ml,w-high.g-none.v-none,100,dm_own,0.25780376,0.25837775,,,0.030028437,0.14734628,0.26496908,0.26380638,,,,,20,,0.00042218227,21,,,,,,,,,,,,,,6.3645444,,,0.17679526,0.22031196,0.30298334,0.30247399,0.30247513,3.8065791,8.1008494,,8.2671384,0.46044701,3.9539254,affine_bilinear,0.42775694,0.42805832,0.42774884,0.30265816,0.29978998,0.30270619,0.30217531,0.30159801,0.30235486,0.30158202,0.30033496,0.30182881,8.1863353,8.2346202,8.2042897,8.2394228,8.1286049,7.9478022,8.1863353,8.2346202,0.46499184,4.2324099,8.216317,0.17069688,-4.9615077
ml,w-high.g-none.v-none,100,dm,0.25756748,0.2576132,,,0.027623274,0.21549387,0.26582459,0.26466492,,,,,20,,0.00065131976,25,,,,,,,,,,,,,,9.5156136,,,0.17679526,0.22031196,0.30298334,0.30247399,0.30247513,3.7301237,8.0772214,,8.2671384,0.4511989,3.9456176,affine_bilinear,0.42775694,0.42805832,0.42774884,0.30265816,0.29978998,0.30270619,0.30217531,0.30159801,0.30235486,0.30158202,0.30033496,0.30182881,8.1863353,8.2346202,8.2042897,8.2394228,8.1286049,7.9478022,8.1863353,8.2346202,0.45565245,4.2407177,8.216317,0.17069688,-4.9615077
ml,w-high.g-none.v-none,100,tempered_logger,0.2192754,0.22031196,,,0.087874867,0,0.21780662,0.20673418,,,,,20,,,-1,,,,,,,,,,,,,,5.2605788,,,0.17679526,0.22031196,0.30298334,0.30247399,0.30247513,-5.7668878e-08,4.2480135,,8.2671384,-6.9756759e-09,-5.7668878e-08,,0.42775694,0.42805832,0.42774884,0.30265816,0.29978998,0.30270619,0.30217531,0.30159801,0.30235486,0.30158202,0.30033496,0.30182881,8.1863353,8.2346202,8.2042897,8.2394228,8.1286049,7.9478022,,,,,8.216317,0.17069688,-4.9615077
ml,w-high.g-none.v-none,101,blob_nq,0.047422505,0.24550413,0.24550783,1024,0.17147634,0,,,0.4394322,0.68283559,0.24359327,0.23092314,20,20,0.012875962,100,3,0,0.1,4.524334,6.3376641,-3.3337932,9.3869171,0.010794953,0.099657439,0.073914021,,,,,0.17933441,0.22334879,0.17933442,0.22334879,0.30089191,0.30047866,0.3004784,2.2155336,-13.191191,6.6173407,7.7543112,0.28571636,2.2155336,blob,0.42696035,0.42716893,0.42695708,0.30046085,0.2986983,0.30050203,0.29982388,0.29924229,0.2999846,0.29912068,0.2979179,0.29941258,7.6475084,7.7112058,7.6635802,7.7153231,7.5893496,7.5349507,7.6635802,7.7153231,0.28909903,5.4480466,7.7129605,0.16990364,-5.3445155
ml,w-high.g-none.v-none,101,blob_mnq,0.044556338,0.23098098,0.23057541,64,0.74864048,0.032992618,,,0.44313541,0.67283593,0.23088486,0.21843437,20,20,0.0074420265,300,5,-6,0.1,4.2679052,0.0024852301,-3.2040362,0.035748873,0.011483871,0.099594511,9.9535427e-08,,,,,0.17933441,0.22334879,0.17933442,0.22334879,0.30089191,0.30047866,0.3004784,0.76321838,-13.477808,5.1240991,7.7543112,0.098425039,0.796211,blob,0.42696035,0.42716893,0.42695708,0.30046085,0.2986983,0.30050203,0.29982388,0.29924229,0.2999846,0.29912068,0.2979179,0.29941258,7.6475084,7.7112058,7.6635802,7.7153231,7.5893496,7.5349507,7.6635802,7.7153231,0.099590318,6.8673692,7.7129605,0.16990364,-5.3445155
ml,w-high.g-none.v-none,101,cap_c,0.06155876,0.2723041,0.27231934,128,0.224865,0.024916766,,,0.43370361,0.69870292,0.24521835,0.23426394,20,19,0.014005304,100,,,,,,,,,,,1e-07,1,symmetric,,0.17933441,0.22334879,0.17933442,0.22334879,0.30089191,0.30047866,0.3004784,4.895531,-11.777566,9.2984921,7.7543112,0.63133021,4.9204477,affine_bilinear,0.42696035,0.42716893,0.42695708,0.30046085,0.2986983,0.30050203,0.29982388,0.29924229,0.2999846,0.29912068,0.2979179,0.29941258,7.6475084,7.7112058,7.6635802,7.7153231,7.5893496,7.5349507,7.6475084,7.7112058,0.64014718,2.7270607,7.7129605,0.16990364,-5.3445155
ml,w-high.g-none.v-none,101,cap_t,0.061558435,0.27230126,0.27231871,128,0.2248453,0.02511404,,,0.43370336,0.69870067,0.24522196,0.23426755,20,19,0.014005304,100,,,,,,,,,,,1e-07,1,symmetric,,0.17933441,0.22334879,0.17933442,0.22334879,0.30089191,0.30047866,0.3004784,4.8952463,-11.777598,9.2984291,7.7543112,0.6312935,4.9203603,affine_bilinear,0.42696035,0.42716893,0.42695708,0.30046085,0.2986983,0.30050203,0.29982388,0.29924229,0.2999846,0.29912068,0.2979179,0.29941258,7.6475084,7.7112058,7.6635802,7.7153231,7.5893496,7.5349507,7.6475084,7.7112058,0.64010995,2.7271481,7.7129605,0.16990364,-5.3445155
ml,w-high.g-none.v-none,101,warm_c,0.053862293,0.23505464,0.23513928,2048,-0.97144148,0.26379124,,,0.44317469,0.67552508,0.22902144,0.21651393,20,20,0.62129887,10,,,,,,,,,,,1e-07,0.01,one_way,,0.17933441,0.22334879,0.17933442,0.22334879,0.30089191,0.30047866,0.3004784,1.1705846,-12.547213,5.580486,7.7543112,0.1509592,1.4343758,,0.42696035,0.42716893,0.42695708,0.30046085,0.2986983,0.30050203,0.29982388,0.29924229,0.2999846,0.29912068,0.2979179,0.29941258,7.6475084,7.7112058,7.6635802,7.7153231,7.5893496,7.5349507,,,,,7.7129605,0.16990364,-5.3445155
ml,w-high.g-none.v-none,101,opc,0.25831078,0.25843583,,,0.14589244,0.13928688,0.25638014,0.24391354,,,,,20,,0.00095129154,30,,,,,,,,,,,,,,20.065264,,,0.17933442,0.22334879,0.30089191,0.30047866,0.3004784,3.5087032,7.8976365,,7.7543112,0.45248419,3.6479901,affine_bilinear,0.42696035,0.42716893,0.42695708,0.30046085,0.2986983,0.30050203,0.29982388,0.29924229,0.2999846,0.29912068,0.2979179,0.29941258,7.6475084,7.7112058,7.6635802,7.7153231,7.5893496,7.5349507,7.6475084,7.7112058,0.45880345,3.9995183,7.7129605,0.16990364,-5.3445155
ml,w-high.g-none.v-none,101,dm_own,0.24698183,0.2471626,,,0.098278113,0.11352107,0.26165062,0.26045861,,,,,20,,0.00095490948,23,,,,,,,,,,,,,,14.028128,,,0.17933442,0.22334879,0.30089191,0.30047866,0.3004784,2.3813802,6.7647413,,7.7543112,0.30710402,2.4949012,affine_bilinear,0.42696035,0.42716893,0.42695708,0.30046085,0.2986983,0.30050203,0.29982388,0.29924229,0.2999846,0.29912068,0.2979179,0.29941258,7.6475084,7.7112058,7.6635802,7.7153231,7.5893496,7.5349507,7.6475084,7.7112058,0.31139295,5.1526072,7.7129605,0.16990364,-5.3445155
ml,w-high.g-none.v-none,101,dm,0.24623765,0.24616794,,,0.14662896,0.19525117,0.26203772,0.2608466,,,,,20,,0.0018834766,27,,,,,,,,,,,,,,28.95647,,,0.17933442,0.22334879,0.30089191,0.30047866,0.3004784,2.2819148,6.6903228,,7.7543112,0.29427691,2.4771659,affine_bilinear,0.42696035,0.42716893,0.42695708,0.30046085,0.2986983,0.30050203,0.29982388,0.29924229,0.2999846,0.29912068,0.2979179,0.29941258,7.6475084,7.7112058,7.6635802,7.7153231,7.5893496,7.5349507,7.6475084,7.7112058,0.2983867,5.1703425,7.7129605,0.16990364,-5.3445155
ml,w-high.g-none.v-none,101,tempered_logger,0.22338677,0.22334879,,,0.00063671943,0,0.22626445,0.21395629,,,,,20,,,-1,,,,,,,,,,,,,,26.720249,,,0.17933442,0.22334879,0.30089191,0.30047866,0.3004784,-1.265153e-08,4.4052351,,7.7543112,-1.6315479e-09,-1.265153e-08,,0.42696035,0.42716893,0.42695708,0.30046085,0.2986983,0.30050203,0.29982388,0.29924229,0.2999846,0.29912068,0.2979179,0.29941258,7.6475084,7.7112058,7.6635802,7.7153231,7.5893496,7.5349507,,,,,7.7129605,0.16990364,-5.3445155
anime,w-none.g-high.v-none,100,blob_nq,0.044828099,0.23885943,0.23885357,4096,0.035868815,0.3190069,,,0.45659572,0.63703466,0.24196752,0.22772881,20,20,0.015177095,100,3,-3,0.1,7.1016622,0.051420312,-3.1944921,0.24231398,0.0084192762,0.099828631,5.4729589e-06,,,,,0.18681187,0.23454601,0.18681187,0.23454601,0.29711784,0.26820753,0.2682047,0.43134199,-14.198378,5.2041696,6.2571832,0.068935491,0.75034889,blob,0.45834093,0.45858546,0.45750089,0.26001884,0.25731744,0.25513836,0.26735607,0.26661605,0.2690902,0.26649369,0.2654525,0.26824548,3.2810061,2.547283,3.4544189,2.0592346,3.2070039,2.2771429,3.4544189,2.0592346,0.12486673,2.7040701,3.3658692,0.1844479,-5.0098108
anime,w-none.g-high.v-none,100,blob_mnq,0.045309414,0.23899444,0.23899342,4096,0.31353381,0.028582025,,,0.45650032,0.63725648,0.24550725,0.23130524,20,20,0.017519724,100,5,-6,0.1,7.2701364,0.0024286697,-3.2480161,0.035041124,0.0089392671,0.099857517,2.9951426e-08,,,,,0.18681187,0.23454601,0.18681187,0.23454601,0.29711784,0.26820753,0.2682047,0.44484244,-14.150246,5.2181546,6.2571832,0.071093082,0.47342446,blob,0.45834093,0.45858546,0.45750089,0.26001884,0.25731744,0.25513836,0.26735607,0.26661605,0.2690902,0.26649369,0.2654525,0.26824548,3.2810061,2.547283,3.4544189,2.0592346,3.2070039,2.2771429,3.4544189,2.0592346,0.12877489,2.9809945,3.3658692,0.1844479,-5.0098108
anime,w-none.g-high.v-none,100,cap_c,0.049210884,0.24606565,0.24607256,4096,-0.76078372,0.13199406,,,0.45369033,0.64916086,0.25667785,0.24366539,20,20,0.011058789,100,,,,,,,,,,,1e-05,0.1,one_way,,0.18681187,0.23454601,0.18681187,0.23454601,0.29711784,0.26820753,0.2682047,1.1519637,-13.760099,5.9260683,6.2571832,0.1841026,1.2839577,affine_bilinear,0.45834093,0.45858546,0.45750089,0.26001884,0.25731744,0.25513836,0.26735607,0.26661605,0.2690902,0.26649369,0.2654525,0.26824548,3.2810061,2.547283,3.4544189,2.0592346,3.2070039,2.2771429,3.2810061,2.547283,0.35110075,1.9970483,3.3658692,0.1844479,-5.0098108
anime,w-none.g-high.v-none,100,cap_t,0.049210885,0.2460655,0.2460725,4096,-0.76078981,0.13201265,,,0.45369033,0.64916072,0.25667785,0.24366539,20,20,0.011058789,100,,,,,,,,,,,1e-05,0.1,one_way,,0.18681187,0.23454601,0.18681187,0.23454601,0.29711784,0.26820753,0.2682047,1.1519489,-13.760099,5.9260624,6.2571832,0.18410024,1.2839616,affine_bilinear,0.45834093,0.45858546,0.45750089,0.26001884,0.25731744,0.25513836,0.26735607,0.26661605,0.2690902,0.26649369,0.2654525,0.26824548,3.2810061,2.547283,3.4544189,2.0592346,3.2070039,2.2771429,3.2810061,2.547283,0.35109625,1.9970445,3.3658692,0.1844479,-5.0098108
anime,w-none.g-high.v-none,100,warm_c,0.04872062,0.23967282,0.23937213,64,-0.46394656,0.068577288,,,0.45598699,0.63867836,0.23157974,0.21885619,20,18,0.39967167,10,,,,,,,,,,,1e-07,0,symmetric,,0.18681187,0.23454601,0.18681187,0.23454601,0.29711784,0.26820753,0.2682047,0.51268078,-13.809125,5.2560256,6.2571832,0.081934756,0.58125806,,0.45834093,0.45858546,0.45750089,0.26001884,0.25731744,0.25513836,0.26735607,0.26661605,0.2690902,0.26649369,0.2654525,0.26824548,3.2810061,2.547283,3.4544189,2.0592346,3.2070039,2.2771429,,,,,3.3658692,0.1844479,-5.0098108
anime,w-none.g-high.v-none,100,opc,0.24534833,0.24548643,,,0.11668856,0.21116305,0.25918838,0.24575144,,,,,20,,0.0011535577,11,,,,,,,,,,,,,,15.122681,,,0.18681187,0.23454601,0.29711784,0.26820753,0.2682047,1.0940417,5.8536454,,6.2571832,0.17484571,1.3052047,affine_bilinear,0.45834093,0.45858546,0.45750089,0.26001884,0.25731744,0.25513836,0.26735607,0.26661605,0.2690902,0.26649369,0.2654525,0.26824548,3.2810061,2.547283,3.4544189,2.0592346,3.2070039,2.2771429,3.2810061,2.547283,0.33344701,1.9758014,3.3658692,0.1844479,-5.0098108
anime,w-none.g-high.v-none,100,dm_own,0.24207808,0.24255249,,,0,0.18444697,0.25870109,0.25773407,,,,,20,,0.00042218227,21,,,,,,,,,,,,,,6.9870057,,,0.18681187,0.23454601,0.29711784,0.26820753,0.2682047,0.80064811,5.526621,,6.2571832,0.12795664,0.98509508,affine_bilinear,0.45834093,0.45858546,0.45750089,0.26001884,0.25731744,0.25513836,0.26735607,0.26661605,0.2690902,0.26649369,0.2654525,0.26824548,3.2810061,2.547283,3.4544189,2.0592346,3.2070039,2.2771429,3.2810061,2.547283,0.24402518,2.295911,3.3658692,0.1844479,-5.0098108
anime,w-none.g-high.v-none,100,dm,0.24182079,0.24203632,,,0.016705859,0.22381819,0.25959554,0.25863163,,,,,20,,0.00065131976,25,,,,,,,,,,,,,,10.418488,,,0.18681187,0.23454601,0.29711784,0.26820753,0.2682047,0.74903099,5.5008915,,6.2571832,0.11970738,0.97284918,affine_bilinear,0.45834093,0.45858546,0.45750089,0.26001884,0.25731744,0.25513836,0.26735607,0.26661605,0.2690902,0.26649369,0.2654525,0.26824548,3.2810061,2.547283,3.4544189,2.0592346,3.2070039,2.2771429,3.2810061,2.547283,0.22829308,2.3081569,3.3658692,0.1844479,-5.0098108
anime,w-none.g-high.v-none,100,tempered_logger,0.23451508,0.23454601,,,0.0070359428,0,0.23566028,0.22166997,,,,,20,,,-1,,,,,,,,,,,,,,19.30752,,,0.18681187,0.23454601,0.29711784,0.26820753,0.2682047,0,4.7703206,,6.2571832,0,0,,0.45834093,0.45858546,0.45750089,0.26001884,0.25731744,0.25513836,0.26735607,0.26661605,0.2690902,0.26649369,0.2654525,0.26824548,3.2810061,2.547283,3.4544189,2.0592346,3.2070039,2.2771429,,,,,3.3658692,0.1844479,-5.0098108
anime,w-none.g-high.v-none,101,blob_nq,0.042931597,0.23047953,0.23035821,128,0.0056515748,0.65123886,,,0.45149165,0.62600124,0.21839053,0.20536707,20,20,0.065811822,100,1,0,0.1,7.166605,0.70228082,-3.2006247,0.97304648,0.016663527,0.099770986,0.00030093282,,,,,0.17991698,0.22372447,0.17991697,0.22372447,0.29792488,0.26743277,0.26743567,0.6755061,-13.698537,5.0441244,7.4200411,0.091038054,1.326745,blob,0.4465243,0.44688212,0.4456607,0.25746267,0.25462681,0.25579847,0.26735143,0.26693439,0.26901205,0.26639778,0.26564913,0.26801923,4.3626964,3.3738197,4.5287582,3.2073999,4.3209919,3.0902335,4.5287582,3.2073999,0.14915923,3.2020133,4.3711204,0.18363729,-4.0087184
anime,w-none.g-high.v-none,101,blob_mnq,0.043708174,0.2314377,0.23143521,4096,0.35598996,0.26833202,,,0.45160774,0.62611972,0.22251398,0.20891058,20,20,0.0074420265,300,5,-6,0.1,7.4608355,0.0025240495,-3.2783377,0.022819508,0.0069477186,0.099831484,2.0543249e-08,,,,,0.17991698,0.22372447,0.17991697,0.22372447,0.29792488,0.26743277,0.26743567,0.77132277,-13.620879,5.1518242,7.4200411,0.10395128,1.0396548,blob,0.4465243,0.44688212,0.4456607,0.25746267,0.25462681,0.25579847,0.26735143,0.26693439,0.26901205,0.26639778,0.26564913,0.26801923,4.3626964,3.3738197,4.5287582,3.2073999,4.3209919,3.0902335,4.5287582,3.2073999,0.17031661,3.4891034,4.3711204,0.18363729,-4.0087184
anime,w-none.g-high.v-none,101,cap_c,0.050556885,0.23622119,0.2350583,32,-0.83473222,0.64168299,,,0.44959924,0.63765869,0.22729855,0.21533959,20,20,0.014005304,100,,,,,,,,,,,1e-07,1,symmetric,,0.17991698,0.22372447,0.17991697,0.22372447,0.29792488,0.26743277,0.26743567,1.2496717,-12.936008,5.5141328,7.4200411,0.16841843,1.8913547,affine_bilinear,0.4465243,0.44688212,0.4456607,0.25746267,0.25462681,0.25579847,0.26735143,0.26693439,0.26901205,0.26639778,0.26564913,0.26801923,4.3626964,3.3738197,4.5287582,3.2073999,4.3209919,3.0902335,4.3626964,3.3738197,0.2864448,2.4713417,4.3711204,0.18363729,-4.0087184
anime,w-none.g-high.v-none,101,cap_t,0.050557194,0.23622936,0.23505762,32,-0.83476419,0.64086619,,,0.44959916,0.6376606,0.22729574,0.21533678,20,20,0.014005304,100,,,,,,,,,,,1e-07,1,symmetric,,0.17991698,0.22372447,0.17991697,0.22372447,0.29792488,0.26743277,0.26743567,1.2504885,-12.935977,5.514065,7.4200411,0.16852851,1.8913547,affine_bilinear,0.4465243,0.44688212,0.4456607,0.25746267,0.25462681,0.25579847,0.26735143,0.26693439,0.26901205,0.26639778,0.26564913,0.26801923,4.3626964,3.3738197,4.5287582,3.2073999,4.3209919,3.0902335,4.3626964,3.3738197,0.28663203,2.4713417,4.3711204,0.18363729,-4.0087184
anime,w-none.g-high.v-none,101,warm_c,0.042793114,0.23330482,0.23327935,256,0,0,,,0.45172259,0.62601673,0.22162194,0.20819014,20,19,0.14212818,10,,,,,,,,,,,0.001,0.01,symmetric,,0.17991698,0.22372447,0.17991697,0.22372447,0.29792488,0.26743277,0.26743567,0.95803471,-13.712385,5.3362377,7.4200411,0.12911447,0.95803471,,0.4465243,0.44688212,0.4456607,0.25746267,0.25462681,0.25579847,0.26735143,0.26693439,0.26901205,0.26639778,0.26564913,0.26801923,4.3626964,3.3738197,4.5287582,3.2073999,4.3209919,3.0902335,,,,,4.3711204,0.18363729,-4.0087184
anime,w-none.g-high.v-none,101,opc,0.24001049,0.24072774,,,0.1233771,0.17650868,0.23455024,0.22189338,,,,,20,,0.00013633497,25,,,,,,,,,,,,,,5.5142536,,,0.17991697,0.22372447,0.29792488,0.26743277,0.26743567,1.7003265,6.0093523,,7.4200411,0.22915324,1.8768351,affine_bilinear,0.4465243,0.44688212,0.4456607,0.25746267,0.25462681,0.25579847,0.26735143,0.26693439,0.26901205,0.26639778,0.26564913,0.26801923,4.3626964,3.3738197,4.5287582,3.2073999,4.3209919,3.0902335,4.3626964,3.3738197,0.38974211,2.4858612,4.3711204,0.18363729,-4.0087184
anime,w-none.g-high.v-none,101,dm_own,0.23439486,0.23448711,,,0.030363523,0.3693788,0.25055614,0.24967776,,,,,20,,0.00095490948,23,,,,,,,,,,,,,,12.395092,,,0.17991697,0.22372447,0.29792488,0.26743277,0.26743567,1.0762642,5.4477892,,7.4200411,0.14504828,1.445643,affine_bilinear,0.4465243,0.44688212,0.4456607,0.25746267,0.25462681,0.25579847,0.26735143,0.26693439,0.26901205,0.26639778,0.26564913,0.26801923,4.3626964,3.3738197,4.5287582,3.2073999,4.3209919,3.0902335,4.3626964,3.3738197,0.24669703,2.9170533,4.3711204,0.18363729,-4.0087184
anime,w-none.g-high.v-none,101,dm,0.23414443,0.23416297,,,0.059524593,0.45094171,0.25103965,0.25016363,,,,,20,,0.0018834766,27,,,,,,,,,,,,,,23.543488,,,0.17991697,0.22372447,0.29792488,0.26743277,0.26743567,1.0438501,5.4227459,,7.4200411,0.14067983,1.4947918,affine_bilinear,0.4465243,0.44688212,0.4456607,0.25746267,0.25462681,0.25579847,0.26735143,0.26693439,0.26901205,0.26639778,0.26564913,0.26801923,4.3626964,3.3738197,4.5287582,3.2073999,4.3209919,3.0902335,4.3626964,3.3738197,0.23926719,2.8679045,4.3711204,0.18363729,-4.0087184
anime,w-none.g-high.v-none,101,tempered_logger,0.22345797,0.22372447,,,0.024627738,0,0.21827066,0.20487952,,,,,20,,,-1,,,,,,,,,,,,,,13.640155,,,0.17991697,0.22372447,0.29792488,0.26743277,0.26743567,0,4.3541001,,7.4200411,0,0,,0.4465243,0.44688212,0.4456607,0.25746267,0.25462681,0.25579847,0.26735143,0.26693439,0.26901205,0.26639778,0.26564913,0.26801923,4.3626964,3.3738197,4.5287582,3.2073999,4.3209919,3.0902335,,,,,4.3711204,0.18363729,-4.0087184
kuairand,w-none.g-high.v-none,100,blob_nq,0.043707087,0.26025896,0.26025251,4096,0.25037092,0.030149881,,,0.41413845,0.77623976,0.25713083,0.24547733,20,20,0.020319369,30,-1,0,0.1,6.9475198,4.3967986,-3.6863508,4.9555702,0.01065952,0.099858597,0.01043138,,,,,0.202847,0.25534186,0.202847,0.25534186,0.29237682,0.28120634,0.28120851,0.49170907,-15.913992,5.7405506,3.7034957,0.13276891,0.52185895,blob,0.40844733,0.40924146,0.40797228,0.26924934,0.26483437,0.27042941,0.28088994,0.27976153,0.28158567,0.2800576,0.27860716,0.28081469,2.5548076,1.3907471,2.6243804,1.5087544,2.4419664,0.94925035,2.6243804,1.5087544,0.18736196,2.1025215,2.5866649,0.16717423,-8.816763
kuairand,w-none.g-high.v-none,100,blob_mnq,0.046390455,0.25933104,0.25933716,256,0.23185739,0,,,0.41452037,0.77575231,0.25540224,0.24369472,20,20,0.0010847474,300,5,-3,0.1,7.8825269,0.046105206,-3.9373057,0.10112758,0.0075177136,0.099836819,1.9656327e-06,,,,,0.202847,0.25534186,0.202847,0.25534186,0.29237682,0.28120634,0.28120851,0.39891772,-15.645655,5.649016,3.7034957,0.10771383,0.39891772,blob,0.40844733,0.40924146,0.40797228,0.26924934,0.26483437,0.27042941,0.28088994,0.27976153,0.28158567,0.2800576,0.27860716,0.28081469,2.5548076,1.3907471,2.6243804,1.5087544,2.4419664,0.94925035,2.6243804,1.5087544,0.15200453,2.2254627,2.5866649,0.16717423,-8.816763
kuairand,w-none.g-high.v-none,100,cap_c,0.047561145,0.26241195,0.26230673,64,-0.53586311,0.055680054,,,0.41013522,0.78206609,0.25386765,0.24256049,20,20,0.011058789,100,,,,,,,,,,,1e-05,0.1,one_way,,0.202847,0.25534186,0.202847,0.25534186,0.29237682,0.28120634,0.28120851,0.70700851,-15.528586,5.9459727,3.7034957,0.19090302,0.76268856,affine_bilinear,0.40844733,0.40924146,0.40797228,0.26924934,0.26483437,0.27042941,0.28088994,0.27976153,0.28158567,0.2800576,0.27860716,0.28081469,2.5548076,1.3907471,2.6243804,1.5087544,2.4419664,0.94925035,2.5548076,1.3907471,0.2767365,1.792119,2.5866649,0.16717423,-8.816763
kuairand,w-none.g-high.v-none,100,cap_t,0.047561175,0.26241192,0.26230674,64,-0.53586639,0.055893308,,,0.41013523,0.78206595,0.25386765,0.24256049,20,20,0.011058789,100,,,,,,,,,,,1e-05,0.1,one_way,,0.202847,0.25534186,0.202847,0.25534186,0.29237682,0.28120634,0.28120851,0.70700546,-15.528583,5.945974,3.7034957,0.1909022,0.76289877,affine_bilinear,0.40844733,0.40924146,0.40797228,0.26924934,0.26483437,0.27042941,0.28088994,0.27976153,0.28158567,0.2800576,0.27860716,0.28081469,2.5548076,1.3907471,2.6243804,1.5087544,2.4419664,0.94925035,2.5548076,1.3907471,0.27673531,1.7919088,2.5866649,0.16717423,-8.816763
kuairand,w-none.g-high.v-none,100,warm_c,0.046767401,0.26070797,0.26070541,256,0,0,,,0.41406734,0.77609647,0.25366346,0.24201539,20,18,0.012426653,100,,,,,,,,,,,0.001,0.1,one_way,,0.202847,0.25534186,0.202847,0.25534186,0.29237682,0.28120634,0.28120851,0.536611,-15.60796,5.7858409,3.7034957,0.14489311,0.536611,,0.40844733,0.40924146,0.40797228,0.26924934,0.26483437,0.27042941,0.28088994,0.27976153,0.28158567,0.2800576,0.27860716,0.28081469,2.5548076,1.3907471,2.6243804,1.5087544,2.4419664,0.94925035,,,,,2.5866649,0.16717423,-8.816763
kuairand,w-none.g-high.v-none,100,opc,0.26095701,0.26160465,,,0,0.13146779,0.25927186,0.24783405,,,,,20,,0.00059599627,19,,,,,,,,,,,,,,5.0057597,,,0.202847,0.25534186,0.29237682,0.28120634,0.28120851,0.62627839,5.8110004,,3.7034957,0.16910466,0.75774618,affine_bilinear,0.40844733,0.40924146,0.40797228,0.26924934,0.26483437,0.27042941,0.28088994,0.27976153,0.28158567,0.2800576,0.27860716,0.28081469,2.5548076,1.3907471,2.6243804,1.5087544,2.4419664,0.94925035,2.5548076,1.3907471,0.24513721,1.7970614,2.5866649,0.16717423,-8.816763
kuairand,w-none.g-high.v-none,100,dm_own,0.25862075,0.25897128,,,0.12608289,0.34926366,0.26869762,0.26641741,,,,,20,,0.00042218227,21,,,,,,,,,,,,,,5.8660297,,,0.202847,0.25534186,0.29237682,0.28120634,0.28120851,0.36294152,5.5773751,,3.7034957,0.097999715,0.71220518,affine_bilinear,0.40844733,0.40924146,0.40797228,0.26924934,0.26483437,0.27042941,0.28088994,0.27976153,0.28158567,0.2800576,0.27860716,0.28081469,2.5548076,1.3907471,2.6243804,1.5087544,2.4419664,0.94925035,2.5548076,1.3907471,0.14206218,1.8426024,2.5866649,0.16717423,-8.816763
kuairand,w-none.g-high.v-none,100,dm,0.25818578,0.25841407,,,0.1708007,0.39638917,0.26948109,0.26720595,,,,,20,,0.00065131976,25,,,,,,,,,,,,,,8.5493555,,,0.202847,0.25534186,0.29237682,0.28120634,0.28120851,0.30722064,5.533878,,3.7034957,0.082954231,0.70360981,affine_bilinear,0.40844733,0.40924146,0.40797228,0.26924934,0.26483437,0.27042941,0.28088994,0.27976153,0.28158567,0.2800576,0.27860716,0.28081469,2.5548076,1.3907471,2.6243804,1.5087544,2.4419664,0.94925035,2.5548076,1.3907471,0.12025197,1.8511978,2.5866649,0.16717423,-8.816763
kuairand,w-none.g-high.v-none,100,tempered_logger,0.25510323,0.25534186,,,0.024781737,0,0.250085,0.23880155,,,,,20,,,-1,,,,,,,,,,,,,,10.410349,,,0.202847,0.25534186,0.29237682,0.28120634,0.28120851,0,5.2256222,,3.7034957,0,0,,0.40844733,0.40924146,0.40797228,0.26924934,0.26483437,0.27042941,0.28088994,0.27976153,0.28158567,0.2800576,0.27860716,0.28081469,2.5548076,1.3907471,2.6243804,1.5087544,2.4419664,0.94925035,,,,,2.5866649,0.16717423,-8.816763
kuairand,w-none.g-high.v-none,101,blob_nq,0.045055152,0.2692174,0.26922228,512,0.027645599,0,,,0.42117695,0.78179894,0.26674481,0.25493337,20,20,0.010143375,100,1,0,0.1,7.5937223,4.0349245,-3.8092244,4.4165225,0.0086103147,0.099834681,0.0081066042,,,,,0.21049685,0.26460698,0.21049685,0.26460698,0.30529663,0.29315721,0.29322094,0.46104189,-16.54417,5.8725426,4.0689653,0.11330691,0.46104189,blob,0.4081508,0.40898842,0.40774046,0.28163631,0.27689146,0.28270894,0.29276435,0.29167644,0.29361886,0.2919317,0.29058868,0.2928457,2.8157373,1.7029332,2.9011881,1.8101964,2.7069462,1.2284484,2.9011881,1.8101964,0.15891486,2.4401462,2.8613966,0.17349333,-9.1113651
kuairand,w-none.g-high.v-none,101,blob_mnq,0.045235818,0.26799133,0.26802689,64,0.28286223,0.13153083,,,0.42170525,0.78117121,0.26049846,0.24885297,20,20,0.0074420265,300,5,-6,0.1,7.7704663,0.002471867,-3.824789,0.034450844,0.0085264156,0.099831015,3.4718624e-08,,,,,0.21049685,0.26460698,0.21049685,0.26460698,0.30529663,0.29315721,0.29322094,0.33843523,-16.526103,5.7530038,4.0689653,0.083174764,0.46996606,blob,0.4081508,0.40898842,0.40774046,0.28163631,0.27689146,0.28270894,0.29276435,0.29167644,0.29361886,0.2919317,0.29058868,0.2928457,2.8157373,1.7029332,2.9011881,1.8101964,2.7069462,1.2284484,2.9011881,1.8101964,0.11665401,2.4312221,2.8613966,0.17349333,-9.1113651
kuairand,w-none.g-high.v-none,101,cap_c,0.044100803,0.27341465,0.2733788,512,0,0,,,0.41721251,0.78619154,0.26735921,0.256263,20,19,0.006394188,100,,,,,,,,,,,1e-05,0.01,symmetric,,0.21049685,0.26460698,0.21049685,0.26460698,0.30529663,0.29315721,0.29322094,0.88076747,-16.639605,6.288195,4.0689653,0.21645981,0.88076747,affine_bilinear,0.4081508,0.40898842,0.40774046,0.28163631,0.27689146,0.28270894,0.29276435,0.29167644,0.29361886,0.2919317,0.29058868,0.2928457,2.8157373,1.7029332,2.9011881,1.8101964,2.7069462,1.2284484,2.8157373,1.7029332,0.31280172,1.9349698,2.8613966,0.17349333,-9.1113651
kuairand,w-none.g-high.v-none,101,cap_t,0.044100815,0.27341465,0.27337879,512,0,0,,,0.4172125,0.7861917,0.26735921,0.256263,20,19,0.006394188,100,,,,,,,,,,,1e-05,0.01,symmetric,,0.21049685,0.26460698,0.21049685,0.26460698,0.30529663,0.29315721,0.29322094,0.88076747,-16.639604,6.2881937,4.0689653,0.21645981,0.88076747,affine_bilinear,0.4081508,0.40898842,0.40774046,0.28163631,0.27689146,0.28270894,0.29276435,0.29167644,0.29361886,0.2919317,0.29058868,0.2928457,2.8157373,1.7029332,2.9011881,1.8101964,2.7069462,1.2284484,2.8157373,1.7029332,0.31280172,1.9349698,2.8613966,0.17349333,-9.1113651
kuairand,w-none.g-high.v-none,101,warm_c,0.047697106,0.26969305,0.2696963,4096,0,0,,,0.42101683,0.78229048,0.2656951,0.2538854,20,20,0.14212818,10,,,,,,,,,,,0.001,0.01,symmetric,,0.21049685,0.26460698,0.21049685,0.26460698,0.30529663,0.29315721,0.29322094,0.50860769,-16.279975,5.9199446,4.0689653,0.12499681,0.50860769,,0.4081508,0.40898842,0.40774046,0.28163631,0.27689146,0.28270894,0.29276435,0.29167644,0.29361886,0.2919317,0.29058868,0.2928457,2.8157373,1.7029332,2.9011881,1.8101964,2.7069462,1.2284484,,,,,2.8613966,0.17349333,-9.1113651
kuairand,w-none.g-high.v-none,101,opc,0.27256505,0.27258405,,,0.18543989,0.21953106,0.27358812,0.26174822,,,,,20,,0.0011329572,25,,,,,,,,,,,,,,40.387665,,,0.21049685,0.26460698,0.30529663,0.29315721,0.29322094,0.79770688,6.2068204,,4.0689653,0.19604661,1.0172379,affine_bilinear,0.4081508,0.40898842,0.40774046,0.28163631,0.27689146,0.28270894,0.29276435,0.29167644,0.29361886,0.2919317,0.29058868,0.2928457,2.8157373,1.7029332,2.9011881,1.8101964,2.7069462,1.2284484,2.8157373,1.7029332,0.28330302,1.7984993,2.8613966,0.17349333,-9.1113651
kuairand,w-none.g-high.v-none,101,dm_own,0.26858366,0.26873187,,,0.23407805,0.5548735,0.27722013,0.27474093,,,,,20,,0.00095490948,23,,,,,,,,,,,,,,11.093707,,,0.21049685,0.26460698,0.30529663,0.29315721,0.29322094,0.41248972,5.8086811,,4.0689653,0.1013746,0.96736322,affine_bilinear,0.4081508,0.40898842,0.40774046,0.28163631,0.27689146,0.28270894,0.29276435,0.29167644,0.29361886,0.2919317,0.29058868,0.2928457,2.8157373,1.7029332,2.9011881,1.8101964,2.7069462,1.2284484,2.8157373,1.7029332,0.14649439,1.848374,2.8613966,0.17349333,-9.1113651
kuairand,w-none.g-high.v-none,101,dm,0.26798614,0.26801073,,,0.29689356,0.62098142,0.27754372,0.2750675,,,,,20,,0.0018834766,27,,,,,,,,,,,,,,22.319391,,,0.21049685,0.26460698,0.30529663,0.29315721,0.29322094,0.34037499,5.748929,,4.0689653,0.083651484,0.96135641,affine_bilinear,0.4081508,0.40898842,0.40774046,0.28163631,0.27689146,0.28270894,0.29276435,0.29167644,0.29361886,0.2919317,0.29058868,0.2928457,2.8157373,1.7029332,2.9011881,1.8101964,2.7069462,1.2284484,2.8157373,1.7029332,0.12088308,1.8543809,2.8613966,0.17349333,-9.1113651
kuairand,w-none.g-high.v-none,101,tempered_logger,0.2642599,0.26460698,,,0.038404296,0,0.2610665,0.24971575,,,,,20,,,-1,,,,,,,,,,,,,,8.9673637,,,0.21049685,0.26460698,0.30529663,0.29315721,0.29322094,-1.110223e-14,5.376305,,4.0689653,-2.7285143e-15,-1.110223e-14,,0.4081508,0.40898842,0.40774046,0.28163631,0.27689146,0.28270894,0.29276435,0.29167644,0.29361886,0.2919317,0.29058868,0.2928457,2.8157373,1.7029332,2.9011881,1.8101964,2.7069462,1.2284484,,,,,2.8613966,0.17349333,-9.1113651
ml,w-none.g-high.v-none,100,blob_nq,0.044064507,0.2491387,0.2487815,64,0.32485166,0,,,0.45046006,0.66015592,0.24347374,0.23021313,20,20,0.020319369,30,-1,0,0.1,4.2931023,4.2364697,-3.235065,5.9323254,0.015247722,0.099587567,0.034640793,,,,,0.1879817,0.23455814,0.1879817,0.23455814,0.30298334,0.2886596,0.28874519,1.4580558,-14.391719,6.0799798,6.8425205,0.21308753,1.4580558,blob,0.45005058,0.45040216,0.44918039,0.27169437,0.26866734,0.25945854,0.28868322,0.28780646,0.28954023,0.28773495,0.28631486,0.2887701,5.412508,3.7136227,5.4982093,2.49004,5.3248321,3.4109202,5.4982093,2.49004,0.26518739,4.0401535,5.4187054,0.17069688,-6.3861256
ml,w-none.g-high.v-none,100,blob_mnq,0.045861282,0.24459057,0.24451104,4096,0.906923,0.016230273,,,0.45181105,0.6546241,0.23622851,0.22311366,20,20,0.017519724,100,5,-6,0.1,4.7742128,0.0027654977,-3.3103104,0.11978598,0.016275447,0.099480934,3.1519093e-07,,,,,0.1879817,0.23455814,0.1879817,0.23455814,0.30298334,0.2886596,0.28874519,1.0032429,-14.212042,5.6529345,6.8425205,0.14661891,1.0194732,blob,0.45005058,0.45040216,0.44918039,0.27169437,0.26866734,0.25945854,0.28868322,0.28780646,0.28954023,0.28773495,0.28631486,0.2887701,5.412508,3.7136227,5.4982093,2.49004,5.3248321,3.4109202,5.4982093,2.49004,0.18246721,4.4787361,5.4187054,0.17069688,-6.3861256
ml,w-none.g-high.v-none,100,cap_c,0.048867067,0.25096215,0.25036364,32,-1.0494054,0.58758977,,,0.44626442,0.67275406,0.25261294,0.23921727,20,20,0.011058789,100,,,,,,,,,,,1e-05,0.1,one_way,,0.1879817,0.23455814,0.1879817,0.23455814,0.30298334,0.2886596,0.28874519,1.6404015,-13.911463,6.2381944,6.8425205,0.23973645,2.2279913,affine_bilinear,0.45005058,0.45040216,0.44918039,0.27169437,0.26866734,0.25945854,0.28868322,0.28780646,0.28954023,0.28773495,0.28631486,0.2887701,5.412508,3.7136227,5.4982093,2.49004,5.3248321,3.4109202,5.412508,3.7136227,0.30307605,3.1845167,5.4187054,0.17069688,-6.3861256
ml,w-none.g-high.v-none,100,cap_t,0.048867076,0.25096215,0.25036365,32,-1.049254,0.58613073,,,0.44626442,0.6727541,0.25261294,0.23921727,20,20,0.011058789,100,,,,,,,,,,,1e-05,0.1,one_way,,0.1879817,0.23455814,0.1879817,0.23455814,0.30298334,0.2886596,0.28874519,1.6404015,-13.911462,6.2381955,6.8425205,0.23973645,2.2265323,affine_bilinear,0.45005058,0.45040216,0.44918039,0.27169437,0.26866734,0.25945854,0.28868322,0.28780646,0.28954023,0.28773495,0.28631486,0.2887701,5.412508,3.7136227,5.4982093,2.49004,5.3248321,3.4109202,5.412508,3.7136227,0.30307605,3.1859758,5.4187054,0.17069688,-6.3861256
ml,w-none.g-high.v-none,100,warm_c,0.054609989,0.24572558,0.24573383,4096,0.36593352,0.10706803,,,0.45013614,0.66127188,0.24704826,0.23407486,20,18,0.39967167,10,,,,,,,,,,,1e-07,0,symmetric,,0.1879817,0.23455814,0.1879817,0.23455814,0.30298334,0.2886596,0.28874519,1.1167441,-13.337171,5.7752131,6.8425205,0.16320655,1.2238122,,0.45005058,0.45040216,0.44918039,0.27169437,0.26866734,0.25945854,0.28868322,0.28780646,0.28954023,0.28773495,0.28631486,0.2887701,5.412508,3.7136227,5.4982093,2.49004,5.3248321,3.4109202,,,,,5.4187054,0.17069688,-6.3861256
ml,w-none.g-high.v-none,100,opc,0.25367039,0.25409026,,,0.036417718,0.097085331,0.25892207,0.24550519,,,,,20,,0.0010030654,17,,,,,,,,,,,,,,11.144938,,,0.1879817,0.23455814,0.30298334,0.2886596,0.28874519,1.9532125,6.5688692,,6.8425205,0.28545219,2.0502978,affine_bilinear,0.45005058,0.45040216,0.44918039,0.27169437,0.26866734,0.25945854,0.28868322,0.28780646,0.28954023,0.28773495,0.28631486,0.2887701,5.412508,3.7136227,5.4982093,2.49004,5.3248321,3.4109202,5.412508,3.7136227,0.36087013,3.3622102,5.4187054,0.17069688,-6.3861256
ml,w-none.g-high.v-none,100,dm_own,0.24416691,0.24449227,,,0.023123642,0.36601179,0.25241089,0.25124773,,,,,20,,0.00042218227,21,,,,,,,,,,,,,,6.4928179,,,0.1879817,0.23455814,0.30298334,0.2886596,0.28874519,0.99341324,5.6185207,,6.8425205,0.14518236,1.359425,affine_bilinear,0.45005058,0.45040216,0.44918039,0.27169437,0.26866734,0.25945854,0.28868322,0.28780646,0.28954023,0.28773495,0.28631486,0.2887701,5.412508,3.7136227,5.4982093,2.49004,5.3248321,3.4109202,5.412508,3.7136227,0.18354028,4.053083,5.4187054,0.17069688,-6.3861256
ml,w-none.g-high.v-none,100,dm,0.24406986,0.24414216,,,0.027769021,0.31782475,0.25299919,0.25183887,,,,,20,,0.00065131976,25,,,,,,,,,,,,,,9.5713406,,,0.1879817,0.23455814,0.30298334,0.2886596,0.28874519,0.95840197,5.6088166,,6.8425205,0.14006563,1.2762267,affine_bilinear,0.45005058,0.45040216,0.44918039,0.27169437,0.26866734,0.25945854,0.28868322,0.28780646,0.28954023,0.28773495,0.28631486,0.2887701,5.412508,3.7136227,5.4982093,2.49004,5.3248321,3.4109202,5.412508,3.7136227,0.17707169,4.1362813,5.4187054,0.17069688,-6.3861256
ml,w-none.g-high.v-none,100,tempered_logger,0.23268452,0.23455814,,,0.1696871,0,0.22446087,0.21324402,,,,,20,,,-1,,,,,,,,,,,,,,5.2605788,,,0.1879817,0.23455814,0.30298334,0.2886596,0.28874519,2.0679181e-09,4.4702824,,6.8425205,3.0221584e-10,2.0679181e-09,,0.45005058,0.45040216,0.44918039,0.27169437,0.26866734,0.25945854,0.28868322,0.28780646,0.28954023,0.28773495,0.28631486,0.2887701,5.412508,3.7136227,5.4982093,2.49004,5.3248321,3.4109202,,,,,5.4187054,0.17069688,-6.3861256
ml,w-none.g-high.v-none,101,blob_nq,0.048981352,0.23736763,0.23742614,4096,0.068159123,0.4722873,,,0.45636364,0.66613737,0.24347104,0.23049743,20,20,0.010143375,100,1,0,0.1,5.2608294,4.3061361,-3.5364442,6.0689588,0.011194717,0.099597976,0.02913326,,,,,0.18730188,0.2306126,0.18730189,0.2306126,0.30089191,0.28384526,0.28383943,0.67550359,-13.832053,5.012425,7.0279311,0.096116992,1.1477909,blob,0.44570419,0.44604343,0.44488151,0.26645941,0.26230758,0.26789258,0.28350121,0.28225442,0.28448521,0.28265421,0.28090715,0.28373725,5.2888616,3.5846811,5.3872617,3.7279982,5.1641827,3.1694981,5.3872617,3.7279982,0.12538904,4.2394708,5.3226837,0.16990364,-6.0708957
ml,w-none.g-high.v-none,101,blob_mnq,0.049357563,0.23355283,0.23350918,256,0.5251496,0.41343005,,,0.45725492,0.66347932,0.23475418,0.22201911,20,20,0.0074420265,300,5,-6,0.1,5.4430952,0.0025595196,-3.5727308,0.050914656,0.012123918,0.099506207,1.1685538e-07,,,,,0.18730188,0.2306126,0.18730189,0.2306126,0.30089191,0.28384526,0.28383943,0.29402372,-13.794432,4.6207294,7.0279311,0.041836455,0.70745377,blob,0.44570419,0.44604343,0.44488151,0.26645941,0.26230758,0.26789258,0.28350121,0.28225442,0.28448521,0.28265421,0.28090715,0.28373725,5.2888616,3.5846811,5.3872617,3.7279982,5.1641827,3.1694981,5.3872617,3.7279982,0.054577582,4.6798079,5.3226837,0.16990364,-6.0708957
ml,w-none.g-high.v-none,101,cap_c,0.047596527,0.2475006,0.24619292,32,-0.060427541,0.091231332,,,0.45367584,0.67282695,0.24512009,0.23261256,20,20,0.024786268,30,,,,,,,,,,,1e-07,0.01,one_way,,0.18730188,0.2306126,0.18730189,0.2306126,0.30089191,0.28384526,0.28383943,1.6888007,-13.970536,5.8891032,7.0279311,0.24029842,1.780032,affine_bilinear,0.44570419,0.44604343,0.44488151,0.26645941,0.26230758,0.26789258,0.28350121,0.28225442,0.28448521,0.28265421,0.28090715,0.28373725,5.2888616,3.5846811,5.3872617,3.7279982,5.1641827,3.1694981,5.2888616,3.5846811,0.3193127,3.5088296,5.3226837,0.16990364,-6.0708957
ml,w-none.g-high.v-none,101,cap_t,0.047595931,0.24750044,0.24619248,32,1.1790535,0.25432377,,,0.45367607,0.67282689,0.24512009,0.23261256,20,20,0.024786268,30,,,,,,,,,,,1e-07,0.01,one_way,,0.18730188,0.2306126,0.18730189,0.2306126,0.30089191,0.28384526,0.28383943,1.6887841,-13.970595,5.8890595,7.0279311,0.24029605,1.9431079,affine_bilinear,0.44570419,0.44604343,0.44488151,0.26645941,0.26230758,0.26789258,0.28350121,0.28225442,0.28448521,0.28265421,0.28090715,0.28373725,5.2888616,3.5846811,5.3872617,3.7279982,5.1641827,3.1694981,5.2888616,3.5846811,0.31930957,3.3457537,5.3226837,0.16990364,-6.0708957
ml,w-none.g-high.v-none,101,warm_c,0.048357766,0.23751764,0.23749978,128,-0.69472744,0.0070668872,,,0.45635884,0.66598471,0.24109923,0.22822691,20,20,0.14212818,10,,,,,,,,,,,0.001,0.01,symmetric,,0.18730188,0.2306126,0.18730189,0.2306126,0.30089191,0.28384526,0.28383943,0.69050408,-13.894412,5.0197894,7.0279311,0.098251402,0.69757097,,0.44570419,0.44604343,0.44488151,0.26645941,0.26230758,0.26789258,0.28350121,0.28225442,0.28448521,0.28265421,0.28090715,0.28373725,5.2888616,3.5846811,5.3872617,3.7279982,5.1641827,3.1694981,,,,,5.3226837,0.16990364,-6.0708957
ml,w-none.g-high.v-none,101,opc,0.24761382,0.24827002,,,0.024783464,0,0.24655801,0.23422116,,,,,20,,0.0014775144,19,,,,,,,,,,,,,,6.084898,,,0.18730189,0.2306126,0.30089191,0.28384526,0.28383943,1.7657428,6.0311934,,7.0279311,0.25124646,1.7657428,affine_bilinear,0.44570419,0.44604343,0.44488151,0.26645941,0.26230758,0.26789258,0.28350121,0.28225442,0.28448521,0.28265421,0.28090715,0.28373725,5.2888616,3.5846811,5.3872617,3.7279982,5.1641827,3.1694981,5.2888616,3.5846811,0.33386066,3.5231188,5.3226837,0.16990364,-6.0708957
ml,w-none.g-high.v-none,101,dm_own,0.24283213,0.24292181,,,0.075067611,0.24363897,0.25376046,0.25253636,,,,,20,,0.00095490948,23,,,,,,,,,,,,,,12.201432,,,0.18730189,0.2306126,0.30089191,0.28384526,0.28383943,1.2309216,5.5530245,,7.0279311,0.17514709,1.4745606,affine_bilinear,0.44570419,0.44604343,0.44488151,0.26645941,0.26230758,0.26789258,0.28350121,0.28225442,0.28448521,0.28265421,0.28090715,0.28373725,5.2888616,3.5846811,5.3872617,3.7279982,5.1641827,3.1694981,5.2888616,3.5846811,0.23273849,3.814301,5.3226837,0.16990364,-6.0708957
ml,w-none.g-high.v-none,101,dm,0.24302743,0.24301125,,,0.056569191,0.23256345,0.25390226,0.25268051,,,,,20,,0.0018834766,27,,,,,,,,,,,,,,23.242245,,,0.18730189,0.2306126,0.30089191,0.28384526,0.28383943,1.239865,5.572555,,7.0279311,0.17641963,1.4724284,affine_bilinear,0.44570419,0.44604343,0.44488151,0.26645941,0.26230758,0.26789258,0.28350121,0.28225442,0.28448521,0.28265421,0.28090715,0.28373725,5.2888616,3.5846811,5.3872617,3.7279982,5.1641827,3.1694981,5.2888616,3.5846811,0.23442946,3.8164332,5.3226837,0.16990364,-6.0708957
ml,w-none.g-high.v-none,101,tempered_logger,0.22739304,0.2306126,,,0.33249432,0,0.22393721,0.21410483,,,,,20,,,-1,,,,,,,,,,,,,,3.3312925,,,0.18730189,0.2306126,0.30089191,0.28384526,0.28383943,2.798228e-08,4.009115,,7.0279311,3.9815815e-09,2.798228e-08,,0.44570419,0.44604343,0.44488151,0.26645941,0.26230758,0.26789258,0.28350121,0.28225442,0.28448521,0.28265421,0.28090715,0.28373725,5.2888616,3.5846811,5.3872617,3.7279982,5.1641827,3.1694981,,,,,5.3226837,0.16990364,-6.0708957
anime,w-none.g-none.v-high,100,blob_nq,0.043446406,0.23427545,0.23391309,64,0.05663556,0.24730797,,,0.45393178,0.63037414,0.22714529,0.21377676,20,20,0.054810638,300,1,-3,0.1,6.4534864,0.043185297,-3.1040967,0.31154445,0.014743936,0.099776804,5.4922125e-06,,,,,0.18473591,0.22952611,0.18473591,0.22952611,0.29711784,0.25012224,0.25013157,0.47493429,-14.128951,4.9177178,6.7591735,0.070265142,0.72224226,blob,0.46046784,0.46084652,0.45900631,0.24345145,0.24096444,0.24681353,0.24999019,0.24959537,0.25144255,0.2491772,0.24855504,0.25068744,2.0464085,1.3925339,2.1916437,1.7287425,2.0069262,1.143833,2.1916437,1.7287425,0.21670233,1.4694014,2.0605463,0.1844479,-4.5078204
anime,w-none.g-none.v-high,100,blob_mnq,0.044250382,0.23449453,0.23419375,64,0.2881143,0.16508017,,,0.45407327,0.62989505,0.22296556,0.20956098,20,20,0.017519724,100,5,-6,0.1,6.737555,0.0024229938,-3.1765254,0.035729848,0.008241836,0.099835686,3.2680497e-08,,,,,0.18473591,0.22952611,0.18473591,0.22952611,0.29711784,0.25012224,0.25013157,0.49684236,-14.048553,4.9457836,6.7591735,0.073506377,0.66192253,blob,0.46046784,0.46084652,0.45900631,0.24345145,0.24096444,0.24681353,0.24999019,0.24959537,0.25144255,0.2491772,0.24855504,0.25068744,2.0464085,1.3925339,2.1916437,1.7287425,2.0069262,1.143833,2.1916437,1.7287425,0.22669851,1.5297212,2.0605463,0.1844479,-4.5078204
anime,w-none.g-none.v-high,100,cap_c,0.040290417,0.23386419,0.23387845,4096,-0.26318977,0.0042593182,,,0.45517547,0.62809974,0.23268461,0.21936272,20,20,0.001582565,300,,,,,,,,,,,0,10,one_way,,0.18473591,0.22952611,0.18473591,0.22952611,0.29711784,0.25012224,0.25013157,0.43380839,-14.44455,4.9142537,6.7591735,0.064180685,0.43806771,affine_bilinear,0.46046784,0.46084652,0.45900631,0.24345145,0.24096444,0.24681353,0.24999019,0.24959537,0.25144255,0.2491772,0.24855504,0.25068744,2.0464085,1.3925339,2.1916437,1.7287425,2.0069262,1.143833,2.0464085,1.3925339,0.21198523,1.6083408,2.0605463,0.1844479,-4.5078204
anime,w-none.g-none.v-high,100,cap_t,0.040290472,0.23386761,0.23387887,4096,-0.26319562,0.0039088347,,,0.45517559,0.6280999,0.23268298,0.21936109,20,20,0.001582565,300,,,,,,,,,,,0,10,one_way,,0.18473591,0.22952611,0.18473591,0.22952611,0.29711784,0.25012224,0.25013157,0.4341503,-14.444544,4.9142951,6.7591735,0.06423127,0.43805913,affine_bilinear,0.46046784,0.46084652,0.45900631,0.24345145,0.24096444,0.24681353,0.24999019,0.24959537,0.25144255,0.2491772,0.24855504,0.25068744,2.0464085,1.3925339,2.1916437,1.7287425,2.0069262,1.143833,2.0464085,1.3925339,0.21215231,1.6083494,2.0605463,0.1844479,-4.5078204
anime,w-none.g-none.v-high,100,warm_c,0.043052603,0.23606771,0.23606834,4096,1.0436051,0.074216473,,,0.45395405,0.63070908,0.22997741,0.21638001,20,17,0.012426653,100,,,,,,,,,,,0.001,0.1,one_way,,0.18473591,0.22952611,0.18473591,0.22952611,0.29711784,0.25012224,0.25013157,0.65415998,-14.168331,5.1332426,6.7591735,0.09678106,0.72837645,,0.46046784,0.46084652,0.45900631,0.24345145,0.24096444,0.24681353,0.24999019,0.24959537,0.25144255,0.2491772,0.24855504,0.25068744,2.0464085,1.3925339,2.1916437,1.7287425,2.0069262,1.143833,,,,,2.0605463,0.1844479,-4.5078204
anime,w-none.g-none.v-high,100,opc,0.2336241,0.23363754,,,0.025175983,0.22952253,0.2276634,0.21494649,,,,,20,,0.001475565,26,,,,,,,,,,,,,,35.855103,,,0.18473591,0.22952611,0.29711784,0.25012224,0.25013157,0.41114261,4.8888189,,6.7591735,0.06082735,0.64066514,affine_bilinear,0.46046784,0.46084652,0.45900631,0.24345145,0.24096444,0.24681353,0.24999019,0.24959537,0.25144255,0.2491772,0.24855504,0.25068744,2.0464085,1.3925339,2.1916437,1.7287425,2.0069262,1.143833,2.0464085,1.3925339,0.20090935,1.4057434,2.0605463,0.1844479,-4.5078204
anime,w-none.g-none.v-high,100,dm_own,0.230064,0.23044009,,,0.02483735,0.34799623,0.24666651,0.24578507,,,,,20,,0.00042218227,21,,,,,,,,,,,,,,6.1205864,,,0.18473591,0.22952611,0.29711784,0.25012224,0.25013157,0.091398287,4.5328082,,6.7591735,0.01352211,0.43939452,affine_bilinear,0.46046784,0.46084652,0.45900631,0.24345145,0.24096444,0.24681353,0.24999019,0.24959537,0.25144255,0.2491772,0.24855504,0.25068744,2.0464085,1.3925339,2.1916437,1.7287425,2.0069262,1.143833,2.0464085,1.3925339,0.044662777,1.607014,2.0605463,0.1844479,-4.5078204
anime,w-none.g-none.v-high,100,dm,0.22959535,0.22978074,,,0.058627292,0.39334667,0.24745303,0.24657487,,,,,20,,0.00065131976,25,,,,,,,,,,,,,,8.911027,,,0.18473591,0.22952611,0.29711784,0.25012224,0.25013157,0.025462699,4.4859439,,6.7591735,0.003767132,0.41880937,affine_bilinear,0.46046784,0.46084652,0.45900631,0.24345145,0.24096444,0.24681353,0.24999019,0.24959537,0.25144255,0.2491772,0.24855504,0.25068744,2.0464085,1.3925339,2.1916437,1.7287425,2.0069262,1.143833,2.0464085,1.3925339,0.012442628,1.6275992,2.0605463,0.1844479,-4.5078204
anime,w-none.g-none.v-high,100,tempered_logger,0.2295136,0.22952611,,,7.1270108e-05,0,0.21968381,0.20620604,,,,,20,,,-1,,,,,,,,,,,,,,58.955191,,,0.18473591,0.22952611,0.29711784,0.25012224,0.25013157,0,4.4777686,,6.7591735,0,0,,0.46046784,0.46084652,0.45900631,0.24345145,0.24096444,0.24681353,0.24999019,0.24959537,0.25144255,0.2491772,0.24855504,0.25068744,2.0464085,1.3925339,2.1916437,1.7287425,2.0069262,1.143833,,,,,2.0605463,0.1844479,-4.5078204
anime,w-none.g-none.v-high,101,blob_nq,0.04103591,0.22604331,0.21841008,16,0.0082509841,0.30984268,,,0.44658441,0.63539272,0.2122091,0.19907245,20,20,0.003161404,300,3,-6,0.1,6.3019261,0.00247484,-3.1084652,0.012721162,0.0055701043,0.099844046,1.1280004e-08,,,,,0.17750269,0.22230961,0.17750269,0.22230961,0.29792488,0.24581102,0.24582524,0.3733699,-13.646678,4.0907387,7.561527,0.04937758,0.68321258,blob,0.44788383,0.44835201,0.44629522,0.2375112,0.23401189,0.23719313,0.24564473,0.24496981,0.24714002,0.24481964,0.2440003,0.24640144,2.3335119,1.5201591,2.4830409,1.4883514,2.2660196,1.1702276,2.4830409,1.4883514,0.15036801,1.7998283,2.3515627,0.18363729,-3.8672325
anime,w-none.g-none.v-high,101,blob_mnq,0.041668413,0.22578534,0.21870006,16,0.30289948,0.27005252,,,0.44657006,0.63529652,0.2118366,0.1987674,20,20,0.0030304654,300,5,0,0.1,6.5403471,0.32200325,-3.1709528,0.16791902,0.0056491578,0.099855751,2.5222373e-05,,,,,0.17750269,0.22230961,0.17750269,0.22230961,0.29792488,0.24581102,0.24582524,0.34757243,-13.583428,4.1197371,7.561527,0.045965906,0.61762496,blob,0.44788383,0.44835201,0.44629522,0.2375112,0.23401189,0.23719313,0.24564473,0.24496981,0.24714002,0.24481964,0.2440003,0.24640144,2.3335119,1.5201591,2.4830409,1.4883514,2.2660196,1.1702276,2.4830409,1.4883514,0.13997854,1.8654159,2.3515627,0.18363729,-3.8672325
anime,w-none.g-none.v-high,101,cap_c,0.039953756,0.22333871,0.2215741,32,-0.31884397,0.31532464,,,0.44688868,0.63350202,0.22212364,0.20892473,20,20,0.024786268,30,,,,,,,,,,,1e-07,0.01,one_way,,0.17750269,0.22230961,0.17750269,0.22230961,0.29792488,0.24581102,0.24582524,0.10291029,-13.754893,4.407141,7.561527,0.013609723,0.41823493,affine_bilinear,0.44788383,0.44835201,0.44629522,0.2375112,0.23401189,0.23719313,0.24564473,0.24496981,0.24714002,0.24481964,0.2440003,0.24640144,2.3335119,1.5201591,2.4830409,1.4883514,2.2660196,1.1702276,2.3335119,1.5201591,0.044101035,1.9152769,2.3515627,0.18363729,-3.8672325
anime,w-none.g-none.v-high,101,cap_t,0.039953703,0.2233385,0.22157394,32,-0.31885787,0.31530193,,,0.44688871,0.63350235,0.22212364,0.20892473,20,20,0.024786268,30,,,,,,,,,,,1e-07,0.01,one_way,,0.17750269,0.22230961,0.17750269,0.22230961,0.29792488,0.24581102,0.24582524,0.1028893,-13.754899,4.4071247,7.561527,0.013606947,0.41819123,affine_bilinear,0.44788383,0.44835201,0.44629522,0.2375112,0.23401189,0.23719313,0.24564473,0.24496981,0.24714002,0.24481964,0.2440003,0.24640144,2.3335119,1.5201591,2.4830409,1.4883514,2.2660196,1.1702276,2.3335119,1.5201591,0.04409204,1.9153207,2.3515627,0.18363729,-3.8672325
anime,w-none.g-none.v-high,101,warm_c,0.041068145,0.22750729,0.22036675,16,-0.34059684,0.027538468,,,0.44656891,0.6352771,0.21400465,0.20094661,20,20,0.14212818,10,,,,,,,,,,,0.001,0.01,symmetric,,0.17750269,0.22230961,0.17750269,0.22230961,0.29792488,0.24581102,0.24582524,0.51976802,-13.643455,4.2864062,7.561527,0.0687385,0.54730649,,0.44788383,0.44835201,0.44629522,0.2375112,0.23401189,0.23719313,0.24564473,0.24496981,0.24714002,0.24481964,0.2440003,0.24640144,2.3335119,1.5201591,2.4830409,1.4883514,2.2660196,1.1702276,,,,,2.3515627,0.18363729,-3.8672325
anime,w-none.g-none.v-high,101,opc,0.22422079,0.22423149,,,0.07468035,0.33716039,0.22306024,0.21026179,,,,,20,,0.00086303929,15,,,,,,,,,,,,,,35.672028,,,0.17750269,0.22230961,0.29792488,0.24581102,0.24582524,0.19218788,4.67181,,7.561527,0.025416543,0.52934827,affine_bilinear,0.44788383,0.44835201,0.44629522,0.2375112,0.23401189,0.23719313,0.24564473,0.24496981,0.24714002,0.24481964,0.2440003,0.24640144,2.3335119,1.5201591,2.4830409,1.4883514,2.2660196,1.1702276,2.3335119,1.5201591,0.082359932,1.8041636,2.3515627,0.18363729,-3.8672325
anime,w-none.g-none.v-high,101,dm_own,0.21915912,0.21924982,,,0.18225982,0.85270351,0.23497178,0.23416729,,,,,20,,0.00095490948,23,,,,,,,,,,,,,,12.276248,,,0.17750269,0.22230961,0.29792488,0.24581102,0.24582524,-0.30597937,4.1656428,,7.561527,-0.040465288,0.54672415,affine_bilinear,0.44788383,0.44835201,0.44629522,0.2375112,0.23401189,0.23719313,0.24564473,0.24496981,0.24714002,0.24481964,0.2440003,0.24640144,2.3335119,1.5201591,2.4830409,1.4883514,2.2660196,1.1702276,2.3335119,1.5201591,-0.13112398,1.7867877,2.3515627,0.18363729,-3.8672325
anime,w-none.g-none.v-high,101,dm,0.21861851,0.21860749,,,0.24326665,0.91346009,0.23520334,0.23440028,,,,,20,,0.0018834766,27,,,,,,,,,,,,,,24.545023,,,0.17750269,0.22230961,0.29792488,0.24581102,0.24582524,-0.37021245,4.111582,,7.561527,-0.048960012,0.54324763,affine_bilinear,0.44788383,0.44835201,0.44629522,0.2375112,0.23401189,0.23719313,0.24564473,0.24496981,0.24714002,0.24481964,0.2440003,0.24640144,2.3335119,1.5201591,2.4830409,1.4883514,2.2660196,1.1702276,2.3335119,1.5201591,-0.15865034,1.7902642,2.3515627,0.18363729,-3.8672325
anime,w-none.g-none.v-high,101,tempered_logger,0.21937921,0.22230961,,,0.28719881,0,0.21410865,0.20331086,,,,,20,,,-1,,,,,,,,,,,,,,3.1670399,,,0.17750269,0.22230961,0.29792488,0.24581102,0.24582524,-1.110223e-14,4.1876518,,7.561527,-1.4682524e-15,-1.110223e-14,,0.44788383,0.44835201,0.44629522,0.2375112,0.23401189,0.23719313,0.24564473,0.24496981,0.24714002,0.24481964,0.2440003,0.24640144,2.3335119,1.5201591,2.4830409,1.4883514,2.2660196,1.1702276,,,,,2.3515627,0.18363729,-3.8672325
kuairand,w-none.g-none.v-high,100,blob_nq,0.044178938,0.24651114,0.24649948,4096,0.0095007663,0.1409954,,,0.3977135,0.77484518,0.23929918,0.22759118,20,20,0.015177095,100,3,-3,0.1,7.0659003,0.049390178,-3.744086,0.1089815,0.010102644,0.099836446,2.4952299e-06,,,,,0.18848489,0.23497068,0.1884849,0.23497068,0.29237682,0.26973442,0.27005769,1.1540463,-14.430596,5.8014577,5.7406141,0.20103186,1.2950417,blob,0.40097436,0.40134954,0.39983052,0.26246665,0.26003095,0.26685631,0.26925622,0.26850519,0.27078603,0.26846516,0.26745114,0.27005068,3.4285536,2.749597,3.581535,3.188563,3.3534507,2.5060265,3.581535,3.188563,0.32222115,2.2864933,3.5087012,0.16717423,-6.7796446
kuairand,w-none.g-none.v-high,100,blob_mnq,0.04535551,0.24613148,0.24613256,4096,0.21291169,0.0039663217,,,0.39767225,0.77479105,0.23852677,0.22674722,20,20,0.0010847474,300,5,-3,0.1,7.4122009,0.045355849,-3.9024708,0.078523181,0.0079403166,0.099836797,1.5883965e-06,,,,,0.18848489,0.23497068,0.1884849,0.23497068,0.29237682,0.26973442,0.27005769,1.1160801,-14.312939,5.7647664,5.7406141,0.19441823,1.1200464,blob,0.40097436,0.40134954,0.39983052,0.26246665,0.26003095,0.26685631,0.26925622,0.26850519,0.27078603,0.26846516,0.26745114,0.27005068,3.4285536,2.749597,3.581535,3.188563,3.3534507,2.5060265,3.581535,3.188563,0.31162059,2.4614886,3.5087012,0.16717423,-6.7796446
kuairand,w-none.g-none.v-high,100,cap_c,0.044597747,0.25193396,0.25190783,64,0.0093773451,0.091130009,,,0.39759459,0.77454856,0.23588752,0.22455232,20,20,0.011058789,100,,,,,,,,,,,1e-05,0.1,one_way,,0.18848489,0.23497068,0.1884849,0.23497068,0.29237682,0.26973442,0.27005769,1.696328,-14.388715,6.3422932,5.7406141,0.29549591,1.787458,affine_bilinear,0.40097436,0.40134954,0.39983052,0.26246665,0.26003095,0.26685631,0.26925622,0.26850519,0.27078603,0.26846516,0.26745114,0.27005068,3.4285536,2.749597,3.581535,3.188563,3.3534507,2.5060265,3.4285536,2.749597,0.4947649,1.6410956,3.5087012,0.16717423,-6.7796446
kuairand,w-none.g-none.v-high,100,cap_t,0.044597761,0.25193396,0.25190784,64,0,0,,,0.39759459,0.77454881,0.23588752,0.22455232,20,20,0.011058789,100,,,,,,,,,,,1e-05,0.1,one_way,,0.18848489,0.23497068,0.1884849,0.23497068,0.29237682,0.26973442,0.27005769,1.696328,-14.388714,6.3422942,5.7406141,0.29549591,1.696328,affine_bilinear,0.40097436,0.40134954,0.39983052,0.26246665,0.26003095,0.26685631,0.26925622,0.26850519,0.27078603,0.26846516,0.26745114,0.27005068,3.4285536,2.749597,3.581535,3.188563,3.3534507,2.5060265,3.4285536,2.749597,0.4947649,1.7322256,3.5087012,0.16717423,-6.7796446
kuairand,w-none.g-none.v-high,100,warm_c,0.044953105,0.24758288,0.24757249,4096,0.90705426,0.24349942,,,0.39743307,0.7751011,0.23830544,0.22678932,20,18,0.012426653,100,,,,,,,,,,,0.001,0.1,one_way,,0.18848489,0.23497068,0.1884849,0.23497068,0.29237682,0.26973442,0.27005769,1.2612204,-14.353179,5.9087586,5.7406141,0.21970131,1.5047199,,0.40097436,0.40134954,0.39983052,0.26246665,0.26003095,0.26685631,0.26925622,0.26850519,0.27078603,0.26846516,0.26745114,0.27005068,3.4285536,2.749597,3.581535,3.188563,3.3534507,2.5060265,,,,,3.5087012,0.16717423,-6.7796446
kuairand,w-none.g-none.v-high,100,opc,0.24846871,0.24947724,,,0.093035008,0.032297733,0.24126728,0.22996274,,,,,20,,0.00036895768,7,,,,,,,,,,,,,,4.5193386,,,0.1884849,0.23497068,0.29237682,0.26973442,0.27005769,1.4506562,5.9983812,,5.7406141,0.25270053,1.4829539,affine_bilinear,0.40097436,0.40134954,0.39983052,0.26246665,0.26003095,0.26685631,0.26925622,0.26850519,0.27078603,0.26846516,0.26745114,0.27005068,3.4285536,2.749597,3.581535,3.188563,3.3534507,2.5060265,3.4285536,2.749597,0.42311025,1.9455997,3.5087012,0.16717423,-6.7796446
kuairand,w-none.g-none.v-high,100,dm_own,0.24605551,0.24650945,,,0.26609596,0.4347519,0.25756004,0.25538485,,,,,20,,0.00042218227,21,,,,,,,,,,,,,,5.9887033,,,0.1884849,0.23497068,0.29237682,0.26973442,0.27005769,1.1538768,5.7570614,,5.7406141,0.20100232,1.5886287,affine_bilinear,0.40097436,0.40134954,0.39983052,0.26246665,0.26003095,0.26685631,0.26925622,0.26850519,0.27078603,0.26846516,0.26745114,0.27005068,3.4285536,2.749597,3.581535,3.188563,3.3534507,2.5060265,3.4285536,2.749597,0.33654914,1.839925,3.5087012,0.16717423,-6.7796446
kuairand,w-none.g-none.v-high,100,dm,0.24413046,0.24429767,,,0.46192705,0.652877,0.25866458,0.25649767,,,,,20,,0.00065131976,25,,,,,,,,,,,,,,8.7510977,,,0.1884849,0.23497068,0.29237682,0.26973442,0.27005769,0.93269867,5.5645563,,5.7406141,0.16247367,1.5855757,affine_bilinear,0.40097436,0.40134954,0.39983052,0.26246665,0.26003095,0.26685631,0.26925622,0.26850519,0.27078603,0.26846516,0.26745114,0.27005068,3.4285536,2.749597,3.581535,3.188563,3.3534507,2.5060265,3.4285536,2.749597,0.27203852,1.842978,3.5087012,0.16717423,-6.7796446
kuairand,w-none.g-none.v-high,100,tempered_logger,0.23462733,0.23497068,,,0.035712935,0,0.22960152,0.21839373,,,,,20,,,-1,,,,,,,,,,,,,,7.2295116,,,0.1884849,0.23497068,0.29237682,0.26973442,0.27005769,0,4.6142431,,5.7406141,0,0,,0.40097436,0.40134954,0.39983052,0.26246665,0.26003095,0.26685631,0.26925622,0.26850519,0.27078603,0.26846516,0.26745114,0.27005068,3.4285536,2.749597,3.581535,3.188563,3.3534507,2.5060265,,,,,3.5087012,0.16717423,-6.7796446
kuairand,w-none.g-none.v-high,101,blob_nq,0.04364079,0.26200033,0.26200817,1024,0.016808198,0.098105474,,,0.41245849,0.77921817,0.25477352,0.24319661,20,20,0.010143375,100,1,0,0.1,7.0724025,2.7113912,-3.7553055,2.5542178,0.0081554065,0.099836208,0.0033726939,,,,,0.20188315,0.25524763,0.20188314,0.25524763,0.30529663,0.28205068,0.28233343,0.67526916,-15.824235,6.0125032,5.0048996,0.13492162,0.77337463,blob,0.40746874,0.40785673,0.40637369,0.27595046,0.27361251,0.27916575,0.28172963,0.281035,0.28289272,0.2809192,0.27993476,0.28214957,2.6481998,2.0702822,2.7645084,2.3918115,2.578737,1.8364873,2.7645084,2.3918115,0.24426374,1.9911338,2.7085794,0.17349333,-8.1754309
kuairand,w-none.g-none.v-high,101,blob_mnq,0.04361812,0.26169147,0.26169691,4096,0.27523368,0.00024207794,,,0.41251525,0.77915368,0.25532572,0.24367603,20,20,0.0074420265,300,5,-6,0.1,7.1120834,0.0024604085,-3.7440829,0.031217203,0.0079160901,0.099830799,3.1422694e-08,,,,,0.20188315,0.25524763,0.20188314,0.25524763,0.30529663,0.28205068,0.28233343,0.64438357,-15.826502,5.9813775,5.0048996,0.12875055,0.64462565,blob,0.40746874,0.40785673,0.40637369,0.27595046,0.27361251,0.27916575,0.28172963,0.281035,0.28289272,0.2809192,0.27993476,0.28214957,2.6481998,2.0702822,2.7645084,2.3918115,2.578737,1.8364873,2.7645084,2.3918115,0.23309156,2.1198827,2.7085794,0.17349333,-8.1754309
kuairand,w-none.g-none.v-high,101,cap_c,0.042598914,0.2661294,0.26612381,4096,-0.070982891,0.058881177,,,0.41184834,0.77969719,0.25800527,0.24628912,20,20,0.024786268,30,,,,,,,,,,,1e-07,0.01,one_way,,0.20188315,0.25524763,0.20188314,0.25524763,0.30529663,0.28205068,0.28233343,1.0881768,-15.928422,6.4240676,5.0048996,0.2174223,1.1470579,affine_bilinear,0.40746874,0.40785673,0.40637369,0.27595046,0.27361251,0.27916575,0.28172963,0.281035,0.28289272,0.2809192,0.27993476,0.28214957,2.6481998,2.0702822,2.7645084,2.3918115,2.578737,1.8364873,2.6481998,2.0702822,0.41091189,1.5011418,2.7085794,0.17349333,-8.1754309
kuairand,w-none.g-none.v-high,101,cap_t,0.042599217,0.26612374,0.26612365,4096,-0.071013121,0.059447227,,,0.41184834,0.77969762,0.25800527,0.24628912,20,20,0.024786268,30,,,,,,,,,,,1e-07,0.01,one_way,,0.20188315,0.25524763,0.20188314,0.25524763,0.30529663,0.28205068,0.28233343,1.0876107,-15.928392,6.4240512,5.0048996,0.2173092,1.1470579,affine_bilinear,0.40746874,0.40785673,0.40637369,0.27595046,0.27361251,0.27916575,0.28172963,0.281035,0.28289272,0.2809192,0.27993476,0.28214957,2.6481998,2.0702822,2.7645084,2.3918115,2.578737,1.8364873,2.6481998,2.0702822,0.41069814,1.5011418,2.7085794,0.17349333,-8.1754309
kuairand,w-none.g-none.v-high,101,warm_c,0.045717674,0.2649761,0.26496778,4096,0,0,,,0.41124537,0.7804692,0.25745999,0.24588458,20,20,0.14212818,10,,,,,,,,,,,0.001,0.01,symmetric,,0.20188315,0.25524763,0.20188314,0.25524763,0.30529663,0.28205068,0.28233343,0.97284613,-15.616546,6.3084648,5.0048996,0.19437875,0.97284613,,0.40746874,0.40785673,0.40637369,0.27595046,0.27361251,0.27916575,0.28172963,0.281035,0.28289272,0.2809192,0.27993476,0.28214957,2.6481998,2.0702822,2.7645084,2.3918115,2.578737,1.8364873,,,,,2.7085794,0.17349333,-8.1754309
kuairand,w-none.g-none.v-high,101,opc,0.2635573,0.26358113,,,0.16506709,0.20292833,0.25832433,0.24684774,,,,,20,,0.0010363912,28,,,,,,,,,,,,,,22.660917,,,0.20188314,0.25524763,0.30529663,0.28205068,0.28233343,0.83334986,6.167416,,5.0048996,0.16650681,1.0362782,affine_bilinear,0.40746874,0.40785673,0.40637369,0.27595046,0.27361251,0.27916575,0.28172963,0.281035,0.28289272,0.2809192,0.27993476,0.28214957,2.6481998,2.0702822,2.7645084,2.3918115,2.578737,1.8364873,2.6481998,2.0702822,0.31468542,1.6119216,2.7085794,0.17349333,-8.1754309
kuairand,w-none.g-none.v-high,101,dm_own,0.25965433,0.25972504,,,0.42009481,0.76623431,0.26730731,0.26501131,,,,,20,,0.00095490948,23,,,,,,,,,,,,,,11.653107,,,0.20188314,0.25524763,0.30529663,0.28205068,0.28233343,0.44774038,5.7771191,,5.0048996,0.089460411,1.2139747,affine_bilinear,0.40746874,0.40785673,0.40637369,0.27595046,0.27361251,0.27916575,0.28172963,0.281035,0.28289272,0.2809192,0.27993476,0.28214957,2.6481998,2.0702822,2.7645084,2.3918115,2.578737,1.8364873,2.6481998,2.0702822,0.16907349,1.4342251,2.7085794,0.17349333,-8.1754309
kuairand,w-none.g-none.v-high,101,dm,0.25945396,0.25951127,,,0.43401375,0.79008412,0.26741138,0.26511619,,,,,20,,0.0018834766,27,,,,,,,,,,,,,,23.580929,,,0.20188314,0.25524763,0.30529663,0.28205068,0.28233343,0.42636358,5.7570826,,5.0048996,0.085189237,1.2164477,affine_bilinear,0.40746874,0.40785673,0.40637369,0.27595046,0.27361251,0.27916575,0.28172963,0.281035,0.28289272,0.2809192,0.27993476,0.28214957,2.6481998,2.0702822,2.7645084,2.3918115,2.578737,1.8364873,2.6481998,2.0702822,0.16100129,1.4317521,2.7085794,0.17349333,-8.1754309
kuairand,w-none.g-none.v-high,101,tempered_logger,0.25518479,0.25524763,,,0,0,0.25464833,0.24318884,,,,,20,,,-1,,,,,,,,,,,,,,62.266676,,,0.20188314,0.25524763,0.30529663,0.28205068,0.28233343,0,5.3301651,,5.0048996,0,0,,0.40746874,0.40785673,0.40637369,0.27595046,0.27361251,0.27916575,0.28172963,0.281035,0.28289272,0.2809192,0.27993476,0.28214957,2.6481998,2.0702822,2.7645084,2.3918115,2.578737,1.8364873,,,,,2.7085794,0.17349333,-8.1754309
ml,w-none.g-none.v-high,100,blob_nq,0.043897902,0.2296672,0.22488445,16,0.23655929,0.31126096,,,0.43337305,0.66576411,0.21855577,0.2054726,20,20,0.0041278202,300,-1,0,0.1,4.3356643,3.1098781,-3.245934,4.3602839,0.011374873,0.09955243,0.020241614,,,,,0.17420731,0.21727592,0.17420731,0.21727592,0.30298334,0.27040229,0.27061044,1.2391287,-13.030941,5.0677139,8.5707428,0.14457658,1.5503896,blob,0.43687192,0.43733429,0.43517709,0.24787736,0.24436805,0.25321433,0.27038546,0.2697818,0.27115671,0.26972185,0.26860435,0.27056396,5.3109543,3.0601441,5.3880797,3.593841,5.2505885,2.7092137,5.3880797,3.593841,0.22997594,3.8376901,5.3334522,0.17069688,-4.6579033
ml,w-none.g-none.v-high,100,blob_mnq,0.044989169,0.22690051,0.22688112,4096,0.9135039,0.4234779,,,0.43366693,0.66426563,0.21880798,0.20576714,20,20,0.017519724,100,5,-6,0.1,4.735086,0.0026296184,-3.3576677,0.076530509,0.014864591,0.099517837,1.8682786e-07,,,,,0.17420731,0.21727592,0.17420731,0.21727592,0.30298334,0.27040229,0.27061044,0.96245911,-12.921814,5.267381,8.5707428,0.11229588,1.385937,blob,0.43687192,0.43733429,0.43517709,0.24787736,0.24436805,0.25321433,0.27038546,0.2697818,0.27115671,0.26972185,0.26860435,0.27056396,5.3109543,3.0601441,5.3880797,3.593841,5.2505885,2.7092137,5.3880797,3.593841,0.17862748,4.0021427,5.3334522,0.17069688,-4.6579033
ml,w-none.g-none.v-high,100,cap_c,0.0453797,0.23213219,0.23217229,4096,-0.79142095,0.14939056,,,0.43330804,0.66553814,0.22710523,0.21439614,20,20,0.011058789,100,,,,,,,,,,,1e-05,0.1,one_way,,0.17420731,0.21727592,0.17420731,0.21727592,0.30298334,0.27040229,0.27061044,1.4856271,-12.882761,5.7964984,8.5707428,0.17333703,1.6350177,affine_bilinear,0.43687192,0.43733429,0.43517709,0.24787736,0.24436805,0.25321433,0.27038546,0.2697818,0.27115671,0.26972185,0.26860435,0.27056396,5.3109543,3.0601441,5.3880797,3.593841,5.2505885,2.7092137,5.3109543,3.0601441,0.27972885,3.6759366,5.3334522,0.17069688,-4.6579033
ml,w-none.g-none.v-high,100,cap_t,0.045379702,0.23213219,0.23217199,4096,-0.79147696,0.14791661,,,0.43330803,0.6655382,0.22710523,0.21439614,20,20,0.011058789,100,,,,,,,,,,,1e-05,0.1,one_way,,0.17420731,0.21727592,0.17420731,0.21727592,0.30298334,0.27040229,0.27061044,1.4856271,-12.882761,5.7964683,8.5707428,0.17333703,1.6335437,affine_bilinear,0.43687192,0.43733429,0.43517709,0.24787736,0.24436805,0.25321433,0.27038546,0.2697818,0.27115671,0.26972185,0.26860435,0.27056396,5.3109543,3.0601441,5.3880797,3.593841,5.2505885,2.7092137,5.3109543,3.0601441,0.27972885,3.6774105,5.3334522,0.17069688,-4.6579033
ml,w-none.g-none.v-high,100,warm_c,0.049962625,0.23849324,0.23744099,32,0.46672717,0.018525114,,,0.43218943,0.66961136,0.2287432,0.2157458,20,18,0.39967167,10,,,,,,,,,,,1e-07,0,symmetric,,0.17420731,0.21727592,0.17420731,0.21727592,0.30298334,0.27040229,0.27061044,2.1217328,-12.424468,6.3233681,8.5707428,0.24755531,2.140258,,0.43687192,0.43733429,0.43517709,0.24787736,0.24436805,0.25321433,0.27038546,0.2697818,0.27115671,0.26972185,0.26860435,0.27056396,5.3109543,3.0601441,5.3880797,3.593841,5.2505885,2.7092137,,,,,5.3334522,0.17069688,-4.6579033
ml,w-none.g-none.v-high,100,opc,0.23242757,0.23253809,,,0.10814047,0.13456128,0.23698257,0.22377593,,,,,20,,0.0010030654,17,,,,,,,,,,,,,,13.530193,,,0.17420731,0.21727592,0.30298334,0.27040229,0.27061044,1.5262172,5.8220261,,8.5707428,0.17807293,1.6607785,affine_bilinear,0.43687192,0.43733429,0.43517709,0.24787736,0.24436805,0.25321433,0.27038546,0.2697818,0.27115671,0.26972185,0.26860435,0.27056396,5.3109543,3.0601441,5.3880797,3.593841,5.2505885,2.7092137,5.3109543,3.0601441,0.28737156,3.6501758,5.3334522,0.17069688,-4.6579033
ml,w-none.g-none.v-high,100,dm_own,0.22842264,0.22854766,,,0.036371063,0.20997037,0.23744431,0.23645724,,,,,20,,0.00042218227,21,,,,,,,,,,,,,,5.9262929,,,0.17420731,0.21727592,0.30298334,0.27040229,0.27061044,1.1271747,5.4215332,,8.5707428,0.13151424,1.3371451,affine_bilinear,0.43687192,0.43733429,0.43517709,0.24787736,0.24436805,0.25321433,0.27038546,0.2697818,0.27115671,0.26972185,0.26860435,0.27056396,5.3109543,3.0601441,5.3880797,3.593841,5.2505885,2.7092137,5.3109543,3.0601441,0.21223582,3.9738092,5.3334522,0.17069688,-4.6579033
ml,w-none.g-none.v-high,100,dm,0.22803378,0.22792752,,,0.071622132,0.25656357,0.23784958,0.23686448,,,,,20,,0.00065131976,25,,,,,,,,,,,,,,8.7258396,,,0.17420731,0.21727592,0.30298334,0.27040229,0.27061044,1.0651601,5.382647,,8.5707428,0.12427862,1.3217237,affine_bilinear,0.43687192,0.43733429,0.43517709,0.24787736,0.24436805,0.25321433,0.27038546,0.2697818,0.27115671,0.26972185,0.26860435,0.27056396,5.3109543,3.0601441,5.3880797,3.593841,5.2505885,2.7092137,5.3109543,3.0601441,0.20055908,3.9892306,5.3334522,0.17069688,-4.6579033
ml,w-none.g-none.v-high,100,tempered_logger,0.21688453,0.21727592,,,0.015322616,0,0.21161263,0.1997998,,,,,20,,,-1,,,,,,,,,,,,,,10.410349,,,0.17420731,0.21727592,0.30298334,0.27040229,0.27061044,-4.6934068e-08,4.2677225,,8.5707428,-5.4760794e-09,-4.6934068e-08,,0.43687192,0.43733429,0.43517709,0.24787736,0.24436805,0.25321433,0.27038546,0.2697818,0.27115671,0.26972185,0.26860435,0.27056396,5.3109543,3.0601441,5.3880797,3.593841,5.2505885,2.7092137,,,,,5.3334522,0.17069688,-4.6579033
ml,w-none.g-none.v-high,101,blob_nq,0.046744484,0.23189385,0.23220472,128,0.20592497,0.60716467,,,0.44636263,0.66097473,0.24029216,0.22714428,20,20,0.010143375,100,1,0,0.1,4.6590791,3.3113348,-3.3968611,4.3252864,0.011536407,0.099582218,0.020061063,,,,,0.17877475,0.22076354,0.17877476,0.22076354,0.30089191,0.26875936,0.26900188,1.1130311,-13.203027,5.3429962,8.0128369,0.138906,1.7201958,blob,0.43978259,0.44034505,0.43818761,0.25114987,0.24702705,0.25063333,0.26887285,0.26834164,0.2695423,0.26824599,0.26720974,0.26897994,4.8109312,3.0386331,4.8778767,2.9869788,4.7578098,2.6263518,4.8778767,2.9869788,0.22817943,3.1576809,4.8238338,0.16990364,-5.0859898
ml,w-none.g-none.v-high,101,blob_mnq,0.047218137,0.2300877,0.22972576,64,0.53843083,0.55869615,,,0.44656775,0.66005379,0.23559685,0.22247187,20,20,0.0074420265,300,5,-6,0.1,4.9593263,0.0025284141,-3.4390066,0.045874972,0.011871309,0.099519528,1.0809496e-07,,,,,0.17877475,0.22076354,0.17877476,0.22076354,0.30089191,0.26875936,0.26900188,0.93241611,-13.155662,5.0950999,8.0128369,0.11636529,1.4911123,blob,0.43978259,0.44034505,0.43818761,0.25114987,0.24702705,0.25063333,0.26887285,0.26834164,0.2695423,0.26824599,0.26720974,0.26897994,4.8109312,3.0386331,4.8778767,2.9869788,4.7578098,2.6263518,4.8778767,2.9869788,0.19115205,3.3867644,4.8238338,0.16990364,-5.0859898
ml,w-none.g-none.v-high,101,cap_c,0.044681318,0.23472951,0.23358406,32,0,0,,,0.44622427,0.66089063,0.23319836,0.22067435,20,20,0.006394188,100,,,,,,,,,,,1e-05,0.01,symmetric,,0.17877475,0.22076354,0.17877476,0.22076354,0.30089191,0.26875936,0.26900188,1.3965968,-13.409344,5.4809305,8.0128369,0.17429492,1.3965968,affine_bilinear,0.43978259,0.44034505,0.43818761,0.25114987,0.24702705,0.25063333,0.26887285,0.26834164,0.2695423,0.26824599,0.26720974,0.26897994,4.8109312,3.0386331,4.8778767,2.9869788,4.7578098,2.6263518,4.8109312,3.0386331,0.29029657,3.4143344,4.8238338,0.16990364,-5.0859898
ml,w-none.g-none.v-high,101,cap_t,0.044681312,0.23472951,0.23358404,32,0,0,,,0.44622427,0.66089069,0.23319836,0.22067435,20,20,0.006394188,100,,,,,,,,,,,1e-05,0.01,symmetric,,0.17877475,0.22076354,0.17877476,0.22076354,0.30089191,0.26875936,0.26900188,1.3965968,-13.409345,5.4809282,8.0128369,0.17429492,1.3965968,affine_bilinear,0.43978259,0.44034505,0.43818761,0.25114987,0.24702705,0.25063333,0.26887285,0.26834164,0.2695423,0.26824599,0.26720974,0.26897994,4.8109312,3.0386331,4.8778767,2.9869788,4.7578098,2.6263518,4.8109312,3.0386331,0.29029657,3.4143344,4.8238338,0.16990364,-5.0859898
ml,w-none.g-none.v-high,101,warm_c,0.046494048,0.23417178,0.23407032,64,0.87008324,0.2066759,,,0.44546937,0.66297322,0.24099687,0.22793636,20,20,0.14212818,10,,,,,,,,,,,0.001,0.01,symmetric,,0.17877475,0.22076354,0.17877476,0.22076354,0.30089191,0.26875936,0.26900188,1.3408246,-13.228071,5.5295561,8.0128369,0.16733457,1.5475005,,0.43978259,0.44034505,0.43818761,0.25114987,0.24702705,0.25063333,0.26887285,0.26834164,0.2695423,0.26824599,0.26720974,0.26897994,4.8109312,3.0386331,4.8778767,2.9869788,4.7578098,2.6263518,,,,,4.8238338,0.16990364,-5.0859898
ml,w-none.g-none.v-high,101,opc,0.23441308,0.2345206,,,0.19859517,0.24369455,0.23963886,0.2269041,,,,,20,,0.00095129154,30,,,,,,,,,,,,,,20.37896,,,0.17877476,0.22076354,0.30089191,0.26875936,0.26900188,1.3757067,5.5638326,,8.0128369,0.17168785,1.6194013,affine_bilinear,0.43978259,0.44034505,0.43818761,0.25114987,0.24702705,0.25063333,0.26887285,0.26834164,0.2695423,0.26824599,0.26720974,0.26897994,4.8109312,3.0386331,4.8778767,2.9869788,4.7578098,2.6263518,4.8109312,3.0386331,0.28595435,3.1915299,4.8238338,0.16990364,-5.0859898
ml,w-none.g-none.v-high,101,dm_own,0.23407475,0.23424649,,,0.035007785,0.39576564,0.24581508,0.24476846,,,,,20,,0.00095490948,23,,,,,,,,,,,,,,11.047588,,,0.17877476,0.22076354,0.30089191,0.26875936,0.26900188,1.3482953,5.5299997,,8.0128369,0.16826691,1.744061,affine_bilinear,0.43978259,0.44034505,0.43818761,0.25114987,0.24702705,0.25063333,0.26887285,0.26834164,0.2695423,0.26824599,0.26720974,0.26897994,4.8109312,3.0386331,4.8778767,2.9869788,4.7578098,2.6263518,4.8109312,3.0386331,0.28025662,3.0668702,4.8238338,0.16990364,-5.0859898
ml,w-none.g-none.v-high,101,dm,0.23399836,0.23397378,,,0.038614353,0.40537083,0.24593428,0.24488785,,,,,20,,0.0018834766,27,,,,,,,,,,,,,,19.971445,,,0.17877476,0.22076354,0.30089191,0.26875936,0.26900188,1.3210245,5.5223601,,8.0128369,0.16486352,1.7263953,affine_bilinear,0.43978259,0.44034505,0.43818761,0.25114987,0.24702705,0.25063333,0.26887285,0.26834164,0.2695423,0.26824599,0.26720974,0.26897994,4.8109312,3.0386331,4.8778767,2.9869788,4.7578098,2.6263518,4.8109312,3.0386331,0.2745881,3.0845359,4.8238338,0.16990364,-5.0859898
ml,w-none.g-none.v-high,101,tempered_logger,0.22054323,0.22076354,,,0.017970466,0,0.22471128,0.2129085,,,,,20,,,-1,,,,,,,,,,,,,,8.9673637,,,0.17877476,0.22076354,0.30089191,0.26875936,0.26900188,3.7153058e-08,4.1768475,,8.0128369,4.6366922e-09,3.7153058e-08,,0.43978259,0.44034505,0.43818761,0.25114987,0.24702705,0.25063333,0.26887285,0.26834164,0.2695423,0.26824599,0.26720974,0.26897994,4.8109312,3.0386331,4.8778767,2.9869788,4.7578098,2.6263518,,,,,4.8238338,0.16990364,-5.0859898
anime,high,100,blob_nq,0.032839348,0.12025623,0.12015125,128,0.01695971,3.5703949,,,0.29003158,0.61488641,0.12393524,0.11308901,20,20,0.015177095,100,3,-3,0.1,4.6159391,0.051639684,-3.1458683,0.17997482,0.0075137997,0.099903107,5.3669469e-06,,,,,0.088935631,0.11406767,0.088935631,0.11406767,0.29711784,0.22403805,0.22405414,0.61885578,-5.6096282,3.1215616,18.305017,0.033807987,4.1892507,blob,0.28641599,0.28706925,0.28394732,0.18663696,0.18096093,0.21096553,0.22309091,0.22198756,0.22375347,0.22249492,0.22117184,0.22322417,10.902324,7.2569285,10.968579,9.6897857,10.791989,6.689326,10.968579,9.6897857,0.056420778,6.7793288,10.998647,0.1844479,7.0380234
anime,high,100,blob_mnq,0.033059132,0.11927732,0.11928671,128,0.3952424,3.9586428,,,0.29004184,0.61392283,0.12278327,0.11199533,20,20,0.017519724,100,5,-6,0.1,4.8519912,0.0025091066,-3.1942625,0.023710361,0.0080309566,0.099895641,2.6676888e-08,,,,,0.088935631,0.11406767,0.088935631,0.11406767,0.29711784,0.22403805,0.22405414,0.52096452,-5.5876498,3.0351076,18.305017,0.028460204,4.4796073,blob,0.28641599,0.28706925,0.28394732,0.18663696,0.18096093,0.21096553,0.22309091,0.22198756,0.22375347,0.22249492,0.22117184,0.22322417,10.902324,7.2569285,10.968579,9.6897857,10.791989,6.689326,10.968579,9.6897857,0.04749608,6.4889721,10.998647,0.1844479,7.0380234
anime,high,100,cap_c,0.039298183,0.15914567,0.15915581,1024,0,0,,,0.28653027,0.64406788,0.15697715,0.1493342,20,20,0.011022421,100,,,,,,,,,,,1e-07,0,symmetric,,0.088935631,0.11406767,0.088935631,0.11406767,0.29711784,0.22403805,0.22405414,4.5077996,-4.9637447,7.0220184,18.305017,0.24626033,4.5077996,affine_bilinear,0.28641599,0.28706925,0.28394732,0.18663696,0.18096093,0.21096553,0.22309091,0.22198756,0.22375347,0.22249492,0.22117184,0.22322417,10.902324,7.2569285,10.968579,9.6897857,10.791989,6.689326,10.902324,7.2569285,0.41347143,6.3945246,10.998647,0.1844479,7.0380234
anime,high,100,cap_t,0.037617753,0.15525754,0.15529928,512,0.45330529,0.14535978,,,0.2868733,0.64004062,0.15057085,0.14230231,20,20,0.011058789,100,,,,,,,,,,,1e-05,0.1,one_way,,0.088935631,0.11406767,0.088935631,0.11406767,0.29711784,0.22403805,0.22405414,4.1189865,-5.1317877,6.6363648,18.305017,0.22501954,4.2643463,affine_bilinear,0.28641599,0.28706925,0.28394732,0.18663696,0.18096093,0.21096553,0.22309091,0.22198756,0.22375347,0.22249492,0.22117184,0.22322417,10.902324,7.2569285,10.968579,9.6897857,10.791989,6.689326,10.902324,7.2569285,0.37780811,6.6379779,10.998647,0.1844479,7.0380234
anime,high,100,warm_c,0.034535925,0.14410559,0.14412367,512,0,0,,,0.28928481,0.62040945,0.13716628,0.12795262,20,18,0.055857864,100,,,,,,,,,,,1e-05,0.01,symmetric,,0.088935631,0.11406767,0.088935631,0.11406767,0.29711784,0.22403805,0.22405414,3.0037922,-5.4399706,5.5188036,18.305017,0.16409666,3.0037922,,0.28641599,0.28706925,0.28394732,0.18663696,0.18096093,0.21096553,0.22309091,0.22198756,0.22375347,0.22249492,0.22117184,0.22322417,10.902324,7.2569285,10.968579,9.6897857,10.791989,6.689326,,,,,10.998647,0.1844479,7.0380234
anime,high,100,opc,0.1610027,0.16103987,,,0,0,0.15971665,0.15146242,,,,,20,,0.001475565,26,,,,,,,,,,,,,,24.857311,,,0.088935631,0.11406767,0.29711784,0.22403805,0.22405414,4.6972202,7.2067068,,18.305017,0.25660834,4.6972202,affine_bilinear,0.28641599,0.28706925,0.28394732,0.18663696,0.18096093,0.21096553,0.22309091,0.22198756,0.22375347,0.22249492,0.22117184,0.22322417,10.902324,7.2569285,10.968579,9.6897857,10.791989,6.689326,10.902324,7.2569285,0.43084576,6.205104,10.998647,0.1844479,7.0380234
anime,high,100,dm_own,0.15369948,0.15383121,,,0.69204282,0.92203213,0.17875773,0.17824544,,,,,20,,0.00042218227,21,,,,,,,,,,,,,,4.3647957,,,0.088935631,0.11406767,0.29711784,0.22403805,0.22405414,3.9763539,6.4763845,,18.305017,0.21722754,4.898386,affine_bilinear,0.28641599,0.28706925,0.28394732,0.18663696,0.18096093,0.21096553,0.22309091,0.22198756,0.22375347,0.22249492,0.22117184,0.22322417,10.902324,7.2569285,10.968579,9.6897857,10.791989,6.689326,10.902324,7.2569285,0.36472534,6.0039382,10.998647,0.1844479,7.0380234
anime,high,100,dm,0.15309216,0.15316407,,,0.80929681,0.9807076,0.18060048,0.18010813,,,,,20,,0.00065131976,25,,,,,,,,,,,,,,5.5569515,,,0.088935631,0.11406767,0.29711784,0.22403805,0.22405414,3.9096399,6.4156527,,18.305017,0.21358297,4.8903475,affine_bilinear,0.28641599,0.28706925,0.28394732,0.18663696,0.18096093,0.21096553,0.22309091,0.22198756,0.22375347,0.22249492,0.22117184,0.22322417,10.902324,7.2569285,10.968579,9.6897857,10.791989,6.689326,10.902324,7.2569285,0.3586061,6.0119767,10.998647,0.1844479,7.0380234
anime,high,100,tempered_logger,0.11408001,0.11406767,,,0.00072269235,0,0.1237382,0.11247429,,,,,20,,,-1,,,,,,,,,,,,,,58.955191,,,0.088935631,0.11406767,0.29711784,0.22403805,0.22405414,0,2.5144383,,18.305017,0,0,,0.28641599,0.28706925,0.28394732,0.18663696,0.18096093,0.21096553,0.22309091,0.22198756,0.22375347,0.22249492,0.22117184,0.22322417,10.902324,7.2569285,10.968579,9.6897857,10.791989,6.689326,,,,,10.998647,0.1844479,7.0380234
anime,high,101,blob_nq,0.032289773,0.12425643,0.12423105,512,0.017943685,1.1536703,,,0.29568882,0.61258232,0.12389363,0.11371585,20,20,0.065811822,100,1,0,0.1,4.9706497,0.73635238,-3.1484811,0.97436768,0.01495217,0.099841088,0.00038092415,,,,,0.09150191,0.11535344,0.091501917,0.11535344,0.29792488,0.22307653,0.22309315,0.89029948,-5.9212143,3.2729131,18.257145,0.048764443,2.0439698,blob,0.28991419,0.29083276,0.28825362,0.19355571,0.18246716,0.20616496,0.22068555,0.21884193,0.22032737,0.22011337,0.21804656,0.21974873,10.533211,7.8202269,10.497393,9.081152,10.34885,6.7113727,10.497393,9.081152,0.084811485,8.4534232,10.773972,0.18363729,6.828385
anime,high,101,blob_mnq,0.032595698,0.1216961,0.12169164,4096,0.22938463,0.70211402,,,0.29577925,0.60954936,0.11547648,0.1052391,20,20,0.0074420265,300,5,-6,0.1,5.3034091,0.0025066473,-3.2582915,0.020911288,0.0061260709,0.099897288,2.5142242e-08,,,,,0.09150191,0.11535344,0.091501917,0.11535344,0.29792488,0.22307653,0.22309315,0.63426648,-5.8906218,3.0189719,18.257145,0.034740727,1.3363805,blob,0.28991419,0.29083276,0.28825362,0.19355571,0.18246716,0.20616496,0.22068555,0.21884193,0.22032737,0.22011337,0.21804656,0.21974873,10.533211,7.8202269,10.497393,9.081152,10.34885,6.7113727,10.497393,9.081152,0.060421334,9.1610124,10.773972,0.18363729,6.828385
anime,high,101,cap_c,0.038519096,0.15549367,0.15495788,32,0.052115685,0.08810878,,,0.29151386,0.64228307,0.14861299,0.1396396,20,20,0.014005304,100,,,,,,,,,,,1e-07,1,symmetric,,0.09150191,0.11535344,0.091501917,0.11535344,0.29792488,0.22307653,0.22309315,4.0140239,-5.2982821,6.3455967,18.257145,0.21986044,4.1021326,affine_bilinear,0.28991419,0.29083276,0.28825362,0.19355571,0.18246716,0.20616496,0.22068555,0.21884193,0.22032737,0.22011337,0.21804656,0.21974873,10.533211,7.8202269,10.497393,9.081152,10.34885,6.7113727,10.533211,7.8202269,0.38108264,6.4310783,10.773972,0.18363729,6.828385
anime,high,101,cap_t,0.038518908,0.1554956,0.15495704,32,0.079222244,0.045292519,,,0.29151385,0.64228337,0.14861299,0.1396396,20,20,0.014005304,100,,,,,,,,,,,1e-07,1,symmetric,,0.09150191,0.11535344,0.091501917,0.11535344,0.29792488,0.22307653,0.22309315,4.0142167,-5.2983008,6.3455119,18.257145,0.219871,4.0595092,affine_bilinear,0.28991419,0.29083276,0.28825362,0.19355571,0.18246716,0.20616496,0.22068555,0.21884193,0.22032737,0.22011337,0.21804656,0.21974873,10.533211,7.8202269,10.497393,9.081152,10.34885,6.7113727,10.533211,7.8202269,0.38110095,6.4737017,10.773972,0.18363729,6.828385
anime,high,101,warm_c,0.031473108,0.14080376,0.14032474,32,0,0,,,0.29473156,0.62227032,0.1475473,0.14114603,20,20,0.056006037,100,,,,,,,,,,,1e-05,1000,one_way,,0.09150191,0.11535344,0.091501917,0.11535344,0.29792488,0.22307653,0.22309315,2.5450327,-6.0028808,4.8822823,18.257145,0.13939927,2.5450327,,0.28991419,0.29083276,0.28825362,0.19355571,0.18246716,0.20616496,0.22068555,0.21884193,0.22032737,0.22011337,0.21804656,0.21974873,10.533211,7.8202269,10.497393,9.081152,10.34885,6.7113727,,,,,10.773972,0.18363729,6.828385
anime,high,101,opc,0.15357215,0.153599,,,0,0,0.15467153,0.1454949,,,,,20,,0.0010717683,23,,,,,,,,,,,,,,25.465229,,,0.091501917,0.11535344,0.29792488,0.22307653,0.22309315,3.8245565,6.2070235,,18.257145,0.20948273,3.8245565,affine_bilinear,0.28991419,0.29083276,0.28825362,0.19355571,0.18246716,0.20616496,0.22068555,0.21884193,0.22032737,0.22011337,0.21804656,0.21974873,10.533211,7.8202269,10.497393,9.081152,10.34885,6.7113727,10.533211,7.8202269,0.36309503,6.7086544,10.773972,0.18363729,6.828385
anime,high,101,dm_own,0.14600914,0.14604385,,,0.55722125,0.66822624,0.1707271,0.17028269,,,,,20,,0.00095490948,23,,,,,,,,,,,,,,7.2180252,,,0.091501917,0.11535344,0.29792488,0.22307653,0.22309315,3.0690414,5.4507223,,18.257145,0.16810084,3.7372676,affine_bilinear,0.28991419,0.29083276,0.28825362,0.19355571,0.18246716,0.20616496,0.22068555,0.21884193,0.22032737,0.22011337,0.21804656,0.21974873,10.533211,7.8202269,10.497393,9.081152,10.34885,6.7113727,10.533211,7.8202269,0.29136808,6.7959433,10.773972,0.18363729,6.828385
anime,high,101,dm,0.14491593,0.14499592,,,0.62438856,0.7563173,0.17159301,0.17115599,,,,,20,,0.0018834766,27,,,,,,,,,,,,,,14.408074,,,0.091501917,0.11535344,0.29792488,0.22307653,0.22309315,2.9642488,5.3414016,,18.257145,0.16236103,3.7205661,affine_bilinear,0.28991419,0.29083276,0.28825362,0.19355571,0.18246716,0.20616496,0.22068555,0.21884193,0.22032737,0.22011337,0.21804656,0.21974873,10.533211,7.8202269,10.497393,9.081152,10.34885,6.7113727,10.533211,7.8202269,0.2814193,6.8126448,10.773972,0.18363729,6.828385
anime,high,101,tempered_logger,0.10775168,0.11535344,,,0.76199714,0,0.1016648,0.095677994,,,,,20,,,-1,,,,,,,,,,,,,,1.6679786,,,0.091501917,0.11535344,0.29792488,0.22307653,0.22309315,0,1.6249767,,18.257145,0,0,,0.28991419,0.29083276,0.28825362,0.19355571,0.18246716,0.20616496,0.22068555,0.21884193,0.22032737,0.22011337,0.21804656,0.21974873,10.533211,7.8202269,10.497393,9.081152,10.34885,6.7113727,,,,,10.773972,0.18363729,6.828385
kuairand,high,100,blob_nq,0.033217283,0.1889846,0.1883205,32,0.14523967,0.47140639,,,0.29723147,0.74652388,0.18130024,0.17191037,20,20,0.020319369,30,-1,0,0.1,5.8247519,9.5661097,-3.7209547,10.441408,0.01371275,0.099900238,0.046799567,,,,,0.11024683,0.1354483,0.11024683,0.1354483,0.29237682,0.25649096,0.25676307,5.3536301,-7.7029543,7.8073674,15.692853,0.34115086,5.8250365,blob,0.29421174,0.29524749,0.29274855,0.2335579,0.2244189,0.24026607,0.25590048,0.25409755,0.2571762,0.25491428,0.25291062,0.25621249,12.045218,9.8109606,12.17279,10.481777,11.864926,8.8970606,12.17279,10.481777,0.43980304,6.3477536,12.131477,0.16717423,3.1725939
kuairand,high,100,blob_mnq,0.035450466,0.16693095,0.16678954,128,0.0025463689,2.3467242,,,0.29823243,0.7386935,0.15437067,0.14740608,20,20,0.0099171306,300,5,-6,1,6.3826108,0.002461741,-4.2383971,0.032519948,0.26916143,0.94689232,3.2878351e-08,,,,,0.11024683,0.1354483,0.11024683,0.1354483,0.29237682,0.25649096,0.25676307,3.1482655,-7.479636,5.6542713,15.692853,0.2006178,5.4949896,blob,0.29421174,0.29524749,0.29274855,0.2335579,0.2244189,0.24026607,0.25590048,0.25409755,0.2571762,0.25491428,0.25291062,0.25621249,12.045218,9.8109606,12.17279,10.481777,11.864926,8.8970606,12.17279,10.481777,0.25863138,6.6778005,12.131477,0.16717423,3.1725939
kuairand,high,100,cap_c,0.039076185,0.21716458,0.21717363,512,0,0,,,0.28789739,0.76673978,0.19452636,0.18531109,20,20,0.011022421,100,,,,,,,,,,,1e-07,0,symmetric,,0.11024683,0.1354483,0.11024683,0.1354483,0.29237682,0.25649096,0.25676307,8.1716284,-7.117064,10.69268,15.692853,0.52072294,8.1716284,affine_bilinear,0.29421174,0.29524749,0.29274855,0.2335579,0.2244189,0.24026607,0.25590048,0.25409755,0.2571762,0.25491428,0.25291062,0.25621249,12.045218,9.8109606,12.17279,10.481777,11.864926,8.8970606,12.045218,9.8109606,0.67841264,3.87359,12.131477,0.16717423,3.1725939
kuairand,high,100,cap_t,0.041409676,0.21030685,0.21028104,64,-0.46433153,0.56644976,,,0.28824696,0.76581308,0.18717288,0.17836033,20,20,0.0099062153,300,,,,,,,,,,,1e-06,0.1,one_way,,0.11024683,0.1354483,0.11024683,0.1354483,0.29237682,0.25649096,0.25676307,7.4858557,-6.883715,10.003421,15.692853,0.47702326,8.0523054,affine_bilinear,0.29421174,0.29524749,0.29274855,0.2335579,0.2244189,0.24026607,0.25590048,0.25409755,0.2571762,0.25491428,0.25291062,0.25621249,12.045218,9.8109606,12.17279,10.481777,11.864926,8.8970606,12.045218,9.8109606,0.62147945,3.992913,12.131477,0.16717423,3.1725939
kuairand,high,100,warm_c,0.038949325,0.19245128,0.1924749,1024,0,0,,,0.29563009,0.74536431,0.18712571,0.17760473,20,18,0.39967167,10,,,,,,,,,,,1e-07,0,symmetric,,0.11024683,0.1354483,0.11024683,0.1354483,0.29237682,0.25649096,0.25676307,5.7002987,-7.12975,8.2228077,15.692853,0.36324171,5.7002987,,0.29421174,0.29524749,0.29274855,0.2335579,0.2244189,0.24026607,0.25590048,0.25409755,0.2571762,0.25491428,0.25291062,0.25621249,12.045218,9.8109606,12.17279,10.481777,11.864926,8.8970606,,,,,12.131477,0.16717423,3.1725939
kuairand,high,100,opc,0.20448839,0.2046567,,,0.083344963,0.076896511,0.1985819,0.1894924,,,,,20,,0.001475565,26,,,,,,,,,,,,,,15.013103,,,0.11024683,0.1354483,0.29237682,0.25649096,0.25676307,6.9208407,9.4241563,,15.692853,0.44101865,6.9977372,affine_bilinear,0.29421174,0.29524749,0.29274855,0.2335579,0.2244189,0.24026607,0.25590048,0.25409755,0.2571762,0.25491428,0.25291062,0.25621249,12.045218,9.8109606,12.17279,10.481777,11.864926,8.8970606,12.045218,9.8109606,0.57457162,5.0474812,12.131477,0.16717423,3.1725939
kuairand,high,100,dm_own,0.19295279,0.19325953,,,0.33105171,0.39679715,0.19979133,0.19815229,,,,,20,,0.00042218227,21,,,,,,,,,,,,,,4.1390209,,,0.11024683,0.1354483,0.29237682,0.25649096,0.25676307,5.7811232,8.2705966,,15.692853,0.36839212,6.1779203,affine_bilinear,0.29421174,0.29524749,0.29274855,0.2335579,0.2244189,0.24026607,0.25590048,0.25409755,0.2571762,0.25491428,0.25291062,0.25621249,12.045218,9.8109606,12.17279,10.481777,11.864926,8.8970606,12.045218,9.8109606,0.47995171,5.8672981,12.131477,0.16717423,3.1725939
kuairand,high,100,dm,0.191964,0.19208283,,,0.41735932,0.50968287,0.2013613,0.19973165,,,,,20,,0.00065131976,25,,,,,,,,,,,,,,5.5494785,,,0.11024683,0.1354483,0.29237682,0.25649096,0.25676307,5.6634533,8.1717173,,15.692853,0.36089381,6.1731362,affine_bilinear,0.29421174,0.29524749,0.29274855,0.2335579,0.2244189,0.24026607,0.25590048,0.25409755,0.2571762,0.25491428,0.25291062,0.25621249,12.045218,9.8109606,12.17279,10.481777,11.864926,8.8970606,12.045218,9.8109606,0.4701827,5.8720822,12.131477,0.16717423,3.1725939
kuairand,high,100,tempered_logger,0.1320824,0.1354483,,,0.32835566,0,0.12853542,0.12151012,,,,,20,,,-1,,,,,,,,,,,,,,2.2600524,,,0.11024683,0.1354483,0.29237682,0.25649096,0.25676307,0,2.1835577,,15.692853,0,0,,0.29421174,0.29524749,0.29274855,0.2335579,0.2244189,0.24026607,0.25590048,0.25409755,0.2571762,0.25491428,0.25291062,0.25621249,12.045218,9.8109606,12.17279,10.481777,11.864926,8.8970606,,,,,12.131477,0.16717423,3.1725939
kuairand,high,101,blob_nq,0.033314419,0.19932519,0.19904602,32,0.021330953,0.30770501,,,0.31191305,0.75317562,0.18970617,0.18023654,20,20,0.010143375,100,1,0,0.1,6.6391935,9.782443,-3.8238785,10.476285,0.011874238,0.099880069,0.042744078,,,,,0.12155841,0.15518624,0.12155841,0.15518624,0.30529663,0.26465014,0.26497325,4.4138948,-8.8243989,7.7487609,15.011039,0.29404325,4.7215998,blob,0.29756615,0.29853503,0.29587649,0.24380617,0.23645597,0.2485776,0.26437716,0.26248307,0.26565773,0.26349666,0.26130232,0.26484624,10.919092,8.8619929,11.047149,9.3391361,10.729683,8.1269733,11.047149,9.3391361,0.39955058,6.3255493,10.978701,0.17349333,1.8307086
kuairand,high,101,blob_mnq,0.034428663,0.19902215,0.19901234,64,0.0076528011,0.14281845,,,0.31398035,0.7525415,0.19286337,0.18529852,20,20,0.02329681,300,5,-9,1,5.7517581,0.00012289463,-4.1324654,0.011651007,0.28148785,0.94447309,5.994959e-10,,,,,0.12155841,0.15518624,0.12155841,0.15518624,0.30529663,0.26465014,0.26497325,4.3835915,-8.7129745,7.7453936,15.011039,0.29202452,4.52641,blob,0.29756615,0.29853503,0.29587649,0.24380617,0.23645597,0.2485776,0.26437716,0.26248307,0.26565773,0.26349666,0.26130232,0.26484624,10.919092,8.8619929,11.047149,9.3391361,10.729683,8.1269733,11.047149,9.3391361,0.39680749,6.5207392,10.978701,0.17349333,1.8307086
kuairand,high,101,cap_c,0.040122165,0.23452648,0.23433122,64,0,0,,,0.30181497,0.77645426,0.20438242,0.19505259,20,20,0.0045209994,300,,,,,,,,,,,1e-05,0,one_way,,0.12155841,0.15518624,0.12155841,0.15518624,0.30529663,0.26465014,0.26497325,7.9340239,-8.1436243,11.277281,15.011039,0.52854595,7.9340239,affine_bilinear,0.29756615,0.29853503,0.29587649,0.24380617,0.23645597,0.2485776,0.26437716,0.26248307,0.26565773,0.26349666,0.26130232,0.26484624,10.919092,8.8619929,11.047149,9.3391361,10.729683,8.1269733,10.919092,8.8619929,0.7266194,2.9850678,10.978701,0.17349333,1.8307086
kuairand,high,101,cap_t,0.039584327,0.23372998,0.23360706,64,0,0,,,0.30187072,0.77610435,0.20616838,0.19671781,20,20,0.014005304,100,,,,,,,,,,,1e-07,1,symmetric,,0.12155841,0.15518624,0.12155841,0.15518624,0.30529663,0.26465014,0.26497325,7.8543739,-8.1974081,11.204865,15.011039,0.52323985,7.8543739,affine_bilinear,0.29756615,0.29853503,0.29587649,0.24380617,0.23645597,0.2485776,0.26437716,0.26248307,0.26565773,0.26349666,0.26130232,0.26484624,10.919092,8.8619929,11.047149,9.3391361,10.729683,8.1269733,10.919092,8.8619929,0.71932484,3.0647178,10.978701,0.17349333,1.8307086
kuairand,high,101,warm_c,0.034007036,0.20547541,0.20543686,64,0,0,,,0.31104846,0.75216374,0.19730345,0.1881809,20,20,0.14212818,10,,,,,,,,,,,0.001,0.01,symmetric,,0.12155841,0.15518624,0.12155841,0.15518624,0.30529663,0.26465014,0.26497325,5.0289165,-8.7551372,8.3878451,15.011039,0.33501455,5.0289165,,0.29756615,0.29853503,0.29587649,0.24380617,0.23645597,0.2485776,0.26437716,0.26248307,0.26565773,0.26349666,0.26130232,0.26484624,10.919092,8.8619929,11.047149,9.3391361,10.729683,8.1269733,,,,,10.978701,0.17349333,1.8307086
kuairand,high,101,opc,0.22403284,0.22400647,,,0,0,0.21241049,0.20348863,,,,,20,,0.0018834766,27,,,,,,,,,,,,,,27.006987,,,0.12155841,0.15518624,0.30529663,0.26465014,0.26497325,6.8820232,10.247443,,15.011039,0.45846414,6.8820232,affine_bilinear,0.29756615,0.29853503,0.29587649,0.24380617,0.23645597,0.2485776,0.26437716,0.26248307,0.26565773,0.26349666,0.26130232,0.26484624,10.919092,8.8619929,11.047149,9.3391361,10.729683,8.1269733,10.919092,8.8619929,0.63027433,4.0370685,10.978701,0.17349333,1.8307086
kuairand,high,101,dm_own,0.2077514,0.20778884,,,0.72417276,0.77366821,0.2209581,0.21910906,,,,,20,,0.00095490948,23,,,,,,,,,,,,,,7.5070438,,,0.12155841,0.15518624,0.30529663,0.26465014,0.26497325,5.2602604,8.6192987,,15.011039,0.35042614,6.0339286,affine_bilinear,0.29756615,0.29853503,0.29587649,0.24380617,0.23645597,0.2485776,0.26437716,0.26248307,0.26565773,0.26349666,0.26130232,0.26484624,10.919092,8.8619929,11.047149,9.3391361,10.729683,8.1269733,10.919092,8.8619929,0.4817489,4.8851631,10.978701,0.17349333,1.8307086
kuairand,high,101,dm,0.20679913,0.20684495,,,0.9052846,0.92187697,0.22146265,0.21961796,,,,,20,,0.0018834766,27,,,,,,,,,,,,,,14.330389,,,0.12155841,0.15518624,0.30529663,0.26465014,0.26497325,5.1658713,8.5240723,,15.011039,0.34413816,6.0877483,affine_bilinear,0.29756615,0.29853503,0.29587649,0.24380617,0.23645597,0.2485776,0.26437716,0.26248307,0.26565773,0.26349666,0.26130232,0.26484624,10.919092,8.8619929,11.047149,9.3391361,10.729683,8.1269733,10.919092,8.8619929,0.47310449,4.8313434,10.978701,0.17349333,1.8307086
kuairand,high,101,tempered_logger,0.15464858,0.15518624,,,0.064155353,0,0.14265145,0.13378503,,,,,20,,,-1,,,,,,,,,,,,,,4.6439137,,,0.12155841,0.15518624,0.30529663,0.26465014,0.26497325,-1.110223e-14,3.3090169,,15.011039,-7.3960438e-16,-1.110223e-14,,0.29756615,0.29853503,0.29587649,0.24380617,0.23645597,0.2485776,0.26437716,0.26248307,0.26565773,0.26349666,0.26130232,0.26484624,10.919092,8.8619929,11.047149,9.3391361,10.729683,8.1269733,,,,,10.978701,0.17349333,1.8307086
ml,high,100,blob_nq,0.033350418,0.12736973,0.12566245,32,0.038981818,1.0082075,,,0.2889787,0.6498048,0.12483414,0.11436325,20,20,0.0041278202,300,-1,0,0.1,3.7893643,5.1524067,-3.5025747,5.8592153,0.0097593768,0.099740706,0.039552849,,,,,0.090860242,0.11265929,0.090860242,0.11265929,0.30298334,0.25008218,0.25029783,1.4710444,-5.7509824,3.4802208,19.032405,0.077291564,2.4792518,blob,0.28640796,0.28723791,0.28408831,0.19772893,0.18918154,0.21149247,0.2494562,0.2483466,0.24960554,0.24860834,0.24707885,0.24891076,13.679691,8.506964,13.694625,9.8833184,13.568731,7.6522255,13.694625,9.8833184,0.10741765,11.215373,13.763854,0.17069688,5.8037593
ml,high,100,blob_mnq,0.033545939,0.11914123,0.11789252,32,0.6415608,2.7265575,,,0.29020754,0.64083557,0.11649111,0.10631552,20,20,0.017519724,100,5,-6,0.1,4.2966881,0.0025121795,-3.6358306,0.057729159,0.012871835,0.099707089,1.2567351e-07,,,,,0.090860242,0.11265929,0.090860242,0.11265929,0.30298334,0.25008218,0.25029783,0.64819436,-5.7314304,2.7032273,19.032405,0.034057406,3.3747518,blob,0.28640796,0.28723791,0.28408831,0.19772893,0.18918154,0.21149247,0.2494562,0.2483466,0.24960554,0.24860834,0.24707885,0.24891076,13.679691,8.506964,13.694625,9.8833184,13.568731,7.6522255,13.694625,9.8833184,0.047332027,10.319873,13.763854,0.17069688,5.8037593
ml,high,100,cap_c,0.037892304,0.15525679,0.15498062,32,0.31737411,0.41506586,,,0.28472253,0.67263142,0.14753649,0.13804692,20,20,0.0040295735,300,,,,,,,,,,,1e-06,100,one_way,,0.090860242,0.11265929,0.090860242,0.11265929,0.30298334,0.25008218,0.25029783,4.2597503,-5.2967938,6.4120378,19.032405,0.22381565,4.6748161,affine_bilinear,0.28640796,0.28723791,0.28408831,0.19772893,0.18918154,0.21149247,0.2494562,0.2483466,0.24960554,0.24860834,0.24707885,0.24891076,13.679691,8.506964,13.694625,9.8833184,13.568731,7.6522255,13.679691,8.506964,0.31139228,9.0048751,13.763854,0.17069688,5.8037593
ml,high,100,cap_t,0.037892118,0.1552972,0.15497995,32,0.61876303,0.28044273,,,0.28472262,0.67263082,0.14747567,0.13798522,20,20,0.0040295735,300,,,,,,,,,,,1e-06,100,one_way,,0.090860242,0.11265929,0.090860242,0.11265929,0.30298334,0.25008218,0.25029783,4.2637907,-5.2968124,6.4119706,19.032405,0.22402795,4.5442334,affine_bilinear,0.28640796,0.28723791,0.28408831,0.19772893,0.18918154,0.21149247,0.2494562,0.2483466,0.24960554,0.24860834,0.24707885,0.24891076,13.679691,8.506964,13.694625,9.8833184,13.568731,7.6522255,13.679691,8.506964,0.31168764,9.1354578,13.763854,0.17069688,5.8037593
ml,high,100,warm_c,0.036611114,0.14186135,0.13998134,16,0,0,,,0.28798024,0.65507356,0.12912036,0.11938961,20,18,0.055857864,100,,,,,,,,,,,1e-05,0.01,symmetric,,0.090860242,0.11265929,0.090860242,0.11265929,0.30298334,0.25008218,0.25029783,2.920206,-5.4249128,4.9121102,19.032405,0.15343336,2.920206,,0.28640796,0.28723791,0.28408831,0.19772893,0.18918154,0.21149247,0.2494562,0.2483466,0.24960554,0.24860834,0.24707885,0.24891076,13.679691,8.506964,13.694625,9.8833184,13.568731,7.6522255,,,,,13.763854,0.17069688,5.8037593
ml,high,100,opc,0.15264974,0.15263032,,,0.34697273,0.34437125,0.14729831,0.13717775,,,,,20,,0.0011535577,11,,,,,,,,,,,,,,11.289844,,,0.090860242,0.11265929,0.30298334,0.25008218,0.25029783,3.9971029,6.17895,,19.032405,0.21001564,4.3414741,affine_bilinear,0.28640796,0.28723791,0.28408831,0.19772893,0.18918154,0.21149247,0.2494562,0.2483466,0.24960554,0.24860834,0.24707885,0.24891076,13.679691,8.506964,13.694625,9.8833184,13.568731,7.6522255,13.679691,8.506964,0.29219248,9.3382171,13.763854,0.17069688,5.8037593
ml,high,100,dm_own,0.16899353,0.16915826,,,0,0,0.16258359,0.16190789,,,,,20,,0.00042218227,21,,,,,,,,,,,,,,5.4560418,,,0.090860242,0.11265929,0.30298334,0.25008218,0.25029783,5.6498967,7.8133283,,19.032405,0.29685668,5.6498967,affine_bilinear,0.28640796,0.28723791,0.28408831,0.19772893,0.18918154,0.21149247,0.2494562,0.2483466,0.24960554,0.24860834,0.24707885,0.24891076,13.679691,8.506964,13.694625,9.8833184,13.568731,7.6522255,13.679691,8.506964,0.41301347,8.0297945,13.763854,0.17069688,5.8037593
ml,high,100,dm,0.16893083,0.16904627,,,0.0034517089,0.011569464,0.16356684,0.1628989,,,,,20,,0.00065131976,25,,,,,,,,,,,,,,8.0294828,,,0.090860242,0.11265929,0.30298334,0.25008218,0.25029783,5.638698,7.8070588,,19.032405,0.29626828,5.6502675,affine_bilinear,0.28640796,0.28723791,0.28408831,0.19772893,0.18918154,0.21149247,0.2494562,0.2483466,0.24960554,0.24860834,0.24707885,0.24891076,13.679691,8.506964,13.694625,9.8833184,13.568731,7.6522255,13.679691,8.506964,0.41219483,8.0294238,13.763854,0.17069688,5.8037593
ml,high,100,tempered_logger,0.11274088,0.11265929,,,0.002840651,0,0.11433696,0.10426877,,,,,20,,,-1,,,,,,,,,,,,,,34.324417,,,0.090860242,0.11265929,0.30298334,0.25008218,0.25029783,-1.855615e-08,2.1880637,,19.032405,-9.7497659e-10,-1.855615e-08,,0.28640796,0.28723791,0.28408831,0.19772893,0.18918154,0.21149247,0.2494562,0.2483466,0.24960554,0.24860834,0.24707885,0.24891076,13.679691,8.506964,13.694625,9.8833184,13.568731,7.6522255,,,,,13.763854,0.17069688,5.8037593
ml,high,101,blob_nq,0.034959899,0.13383441,0.13381355,4096,0.034414504,3.6082179,,,0.28953046,0.64206051,0.13542485,0.12477141,20,20,0.01348658,300,1,0,0.1,3.8712552,6.193831,-3.5887146,7.2148876,0.01162295,0.099762253,0.059740651,,,,,0.086383276,0.10767297,0.086383276,0.10767297,0.30089191,0.24617866,0.24638215,2.616144,-5.1423377,4.743027,19.321894,0.13539791,6.2243619,blob,0.27131146,0.27210457,0.26932727,0.20171867,0.19008972,0.20643751,0.24492501,0.24387163,0.2451849,0.24426752,0.24280733,0.24450485,13.725205,9.4045707,13.751193,9.8764547,13.619866,8.2416759,13.751193,9.8764547,0.19024851,7.5268314,13.870918,0.16990364,6.2230674
ml,high,101,blob_mnq,0.034805731,0.11933149,0.1185545,32,0.4411076,2.2402568,,,0.291427,0.62789692,0.12060161,0.11033258,20,20,0.0074420265,300,5,-6,0.1,4.5317974,0.0026123254,-3.7063453,0.042182021,0.011193653,0.099684559,9.6880171e-08,,,,,0.086383276,0.10767297,0.086383276,0.10767297,0.30089191,0.24617866,0.24638215,1.1658522,-5.1577546,3.2171225,19.321894,0.060338403,3.406109,blob,0.27131146,0.27210457,0.26932727,0.20171867,0.19008972,0.20643751,0.24492501,0.24387163,0.2451849,0.24426752,0.24280733,0.24450485,13.725205,9.4045707,13.751193,9.8764547,13.619866,8.2416759,13.751193,9.8764547,0.084781895,10.345084,13.870918,0.16990364,6.2230674
ml,high,101,cap_c,0.043645167,0.17228711,0.1722338,32,0.13403773,0.23809961,,,0.28464266,0.67117344,0.16080952,0.15175963,20,20,0.014005304,100,,,,,,,,,,,1e-07,1,symmetric,,0.086383276,0.10767297,0.086383276,0.10767297,0.30089191,0.24617866,0.24638215,6.4614143,-4.2738109,8.5850523,19.321894,0.33440895,6.6995139,affine_bilinear,0.27131146,0.27210457,0.26932727,0.20171867,0.19008972,0.20643751,0.24492501,0.24387163,0.2451849,0.24426752,0.24280733,0.24450485,13.725205,9.4045707,13.751193,9.8764547,13.619866,8.2416759,13.725205,9.4045707,0.47076998,7.0256906,13.870918,0.16990364,6.2230674
ml,high,101,cap_t,0.043645041,0.1722846,0.17223336,32,0.12880866,0.17531016,,,0.28464269,0.67117273,0.16081039,0.1517605,20,20,0.014005304,100,,,,,,,,,,,1e-07,1,symmetric,,0.086383276,0.10767297,0.086383276,0.10767297,0.30089191,0.24617866,0.24638215,6.4611634,-4.2738236,8.5850086,19.321894,0.33439596,6.6364735,affine_bilinear,0.27131146,0.27210457,0.26932727,0.20171867,0.19008972,0.20643751,0.24492501,0.24387163,0.2451849,0.24426752,0.24280733,0.24450485,13.725205,9.4045707,13.751193,9.8764547,13.619866,8.2416759,13.725205,9.4045707,0.4707517,7.0887311,13.870918,0.16990364,6.2230674
ml,high,101,warm_c,0.032087646,0.17339613,0.17336865,4096,0,0,,,0.28855099,0.64716013,0.14241389,0.13609911,20,20,0.056006037,100,,,,,,,,,,,1e-05,1000,one_way,,0.086383276,0.10767297,0.086383276,0.10767297,0.30089191,0.24617866,0.24638215,6.572316,-5.4295631,8.6985375,19.321894,0.34014864,6.572316,,0.27131146,0.27210457,0.26932727,0.20171867,0.19008972,0.20643751,0.24492501,0.24387163,0.2451849,0.24426752,0.24280733,0.24450485,13.725205,9.4045707,13.751193,9.8764547,13.619866,8.2416759,,,,,13.870918,0.16990364,6.2230674
ml,high,101,opc,0.16953136,0.16979535,,,0.22215076,0.23101084,0.16792105,0.15964809,,,,,20,,0.0018834766,27,,,,,,,,,,,,,,23.625217,,,0.086383276,0.10767297,0.30089191,0.24617866,0.24638215,6.212238,8.3148084,,19.321894,0.32151289,6.4432489,affine_bilinear,0.27131146,0.27210457,0.26932727,0.20171867,0.19008972,0.20643751,0.24492501,0.24387163,0.2451849,0.24426752,0.24280733,0.24450485,13.725205,9.4045707,13.751193,9.8764547,13.619866,8.2416759,13.725205,9.4045707,0.45261533,7.2819557,13.870918,0.16990364,6.2230674
ml,high,101,dm_own,0.17414312,0.17429089,,,0,0,0.1783209,0.17763298,,,,,20,,0.00095490948,23,,,,,,,,,,,,,,8.8187494,,,0.086383276,0.10767297,0.30089191,0.24617866,0.24638215,6.6617923,8.7759841,,19.321894,0.34477946,6.6617923,affine_bilinear,0.27131146,0.27210457,0.26932727,0.20171867,0.19008972,0.20643751,0.24492501,0.24387163,0.2451849,0.24426752,0.24280733,0.24450485,13.725205,9.4045707,13.751193,9.8764547,13.619866,8.2416759,13.725205,9.4045707,0.48536925,7.0634123,13.870918,0.16990364,6.2230674
ml,high,101,dm,0.17378711,0.17380823,,,0.027866942,0.057885314,0.17863131,0.17794703,,,,,20,,0.0018834766,27,,,,,,,,,,,,,,17.183954,,,0.086383276,0.10767297,0.30089191,0.24617866,0.24638215,6.6135266,8.7403837,,19.321894,0.34228148,6.6714119,affine_bilinear,0.27131146,0.27210457,0.26932727,0.20171867,0.19008972,0.20643751,0.24492501,0.24387163,0.2451849,0.24426752,0.24280733,0.24450485,13.725205,9.4045707,13.751193,9.8764547,13.619866,8.2416759,13.725205,9.4045707,0.48185268,7.0537927,13.870918,0.16990364,6.2230674
ml,high,101,tempered_logger,0.10590565,0.10767297,,,0.14780549,0,0.11300707,0.10444677,,,,,20,,,-1,,,,,,,,,,,,,,3.3312925,,,0.086383276,0.10767297,0.30089191,0.24617866,0.24638215,5.9441702e-09,1.9522378,,19.321894,3.076391e-10,5.9441702e-09,,0.27131146,0.27210457,0.26932727,0.20171867,0.19008972,0.20643751,0.24492501,0.24387163,0.2451849,0.24426752,0.24280733,0.24450485,13.725205,9.4045707,13.751193,9.8764547,13.619866,8.2416759,,,,,13.870918,0.16990364,6.2230674
