bias,arm,rho,worlds,gain_greedy,gain_greedy_lo,gain_greedy_hi,gain,gain_lo,gain_hi,gain_tempered,gain_tempered_lo,gain_tempered_hi,regret_greedy,regret_greedy_lo,regret_greedy_hi,regret,regret_lo,regret_hi,val_dr_greedy_error,val_dr_greedy_error_lo,val_dr_greedy_error_hi,val_dr_greedy_low_error,val_dr_greedy_low_error_lo,val_dr_greedy_low_error_hi,temper_scale,temper_scale_lo,temper_scale_hi,exploration_cost_expected,exploration_cost_expected_lo,exploration_cost_expected_hi,exploration_cost_realised,exploration_cost_realised_lo,exploration_cost_realised_hi,collection_reward_sum,collection_reward_sum_lo,collection_reward_sum_hi,n_treatment,n_treatment_lo,n_treatment_hi,best_item_gain,best_item_gain_lo,best_item_gain_hi,representation_loss,representation_loss_lo,representation_loss_hi,oracle_linear_gain,oracle_linear_gain_lo,oracle_linear_gain_hi,sel_error,sel_error_lo,sel_error_hi,sel_error_low,sel_error_low_lo,sel_error_low_hi,frac_loss,frac_loss_lo,frac_loss_hi,frac_oracle,frac_oracle_lo,frac_oracle_hi,panel
none,warm_c,0.0,6,-0.14565516085475183,-0.20423234278725014,-0.08707797892225352,-18.410998285596623,-19.084572701900935,-17.73742386929231,5.796541136195667,5.6827899301591325,5.910292342232201,0.012783408572625277,-0.02007738930168281,0.045644206446933365,0.0854466575897949,-0.1342009683263677,0.30509428350595746,-0.1255940322183985,-0.9059905187592746,0.6548024543224776,-1.4838883236503555,-2.247125779254991,-0.72065086804572,944.0,-720.4925299331414,2608.4925299331417,0.0,0.0,0.0,0.0,0.0,0.0,5931.333333333333,5819.710341176728,6042.956325489938,0.0,0.0,0.0,-12.453969207983276,-13.393542455067507,-11.514395960899044,2.6524761091254827e-08,4.890314505942064e-09,4.815920767656759e-08,-0.0023055421549391295,-0.0033208120858108964,-0.0012902722240673626,,,,,,,,,,,,,none
none,warm_c,0.01,6,-0.1374361872382259,-0.18788871842549404,-0.08698365605095776,-18.36815893736477,-19.06363064619389,-17.672687228535647,5.807400342208343,5.7047692146283895,5.910031469788296,0.011357194758940259,-0.017837403792175518,0.04055179331005604,0.08304966738779339,-0.1304362990549059,0.29653563383049264,-0.07804867604615795,-0.9554516525205613,0.7993543004282454,-1.4396532196429999,-2.286079916374623,-0.593226522911377,2245.3333333333335,87.03932287131374,4403.627343795353,53.10459183696933,51.692976978328055,54.5162066956106,56.666666666666664,54.039581777101986,59.29375155623134,5874.666666666667,5762.834702806265,5986.498630527069,250.0,250.0,250.0,-12.453969207983276,-13.393542455067507,-11.514395960899044,2.6524761091254827e-08,4.890314505942064e-09,4.815920767656759e-08,-0.0023055421549391295,-0.0033208120858108964,-0.0012902722240673626,,,,,,,,,,,,,none
none,warm_c,0.05,6,-0.1240721780346556,-0.17067922296507862,-0.07746513310423259,-18.27135120784359,-18.997997098504257,-17.544705317182924,5.808745152333418,5.72663532115102,5.8908549835158155,0.01396771679671264,-0.011859374910163934,0.03979480850358921,-0.06956927640459504,-0.5342477872862987,0.3951092344771086,-0.1976136028664153,-0.8896479334819031,0.49442072774907253,-1.5577708967095187,-2.226740314329912,-0.8888014790891255,544.0,-9.032469335811584,1097.0324693358116,265.52295918484657,258.4648848916402,272.5810334780529,258.8333333333333,246.00758677651237,271.65907989015426,5672.5,5566.319618347755,5778.680381652245,1250.0,1250.0,1250.0,-12.453969207983276,-13.393542455067507,-11.514395960899044,2.6524761091254827e-08,4.890314505942064e-09,4.815920767656759e-08,-0.0023055421549391295,-0.0033208120858108964,-0.0012902722240673626,,,,,,,,,,,,,none
none,warm_c,0.1,6,-0.12445488348124534,-0.17360307267305036,-0.07530669428944031,-18.194002129226064,-18.929810562990454,-17.458193695461674,5.821025292045653,5.732141011925428,5.909909572165878,0.020464206359061914,-0.009165288478526167,0.05009370119664999,-0.20553504441007675,-0.6914309536359378,0.2803608648157843,-0.20497200626539147,-0.871901674955181,0.46195766242439806,-1.5646143702804558,-2.2432379756160503,-0.8859907649448613,1242.6666666666667,-435.68019292214785,2921.0135262554813,531.0459183696931,516.9297697832804,545.1620669561058,528.1666666666666,505.28592110092177,551.0474122324115,5403.166666666667,5303.762525965496,5502.570807367838,2500.0,2500.0,2500.0,-12.453969207983276,-13.393542455067507,-11.514395960899044,2.6524761091254827e-08,4.890314505942064e-09,4.815920767656759e-08,-0.0023055421549391295,-0.0033208120858108964,-0.0012902722240673626,,,,,,,,,,,,,none
none,warm_c,0.15,6,-0.11605705700855155,-0.15853092300061522,-0.07358319101648789,-18.212312772155723,-18.95778522335059,-17.466840320960856,5.817769798279823,5.741192582563803,5.8943470139958425,0.0304830895575157,-0.0020382902590105924,0.063004469374042,-0.28843253018117293,-0.9415614481603636,0.36469638779801766,-0.29753766183517605,-0.9805522332267314,0.38547690955637925,-1.654373930090104,-2.321079807198975,-0.987668052981233,2229.3333333333335,50.0059724845587,4408.660694182108,796.56887755454,775.394654674921,817.743100434159,786.3333333333334,755.5817054195502,817.0849612471166,5145.0,5057.258142768521,5232.741857231479,3750.0,3750.0,3750.0,-12.453969207983276,-13.393542455067507,-11.514395960899044,2.6524761091254827e-08,4.890314505942064e-09,4.815920767656759e-08,-0.0023055421549391295,-0.0033208120858108964,-0.0012902722240673626,,,,,,,,,,,,,none
none,warm_c,0.25,6,-0.06547229219694232,-0.0900353904831519,-0.04090919391073275,-18.3841973589988,-18.972415947877174,-17.795978770120428,5.8388658104301925,5.7669446288919906,5.910786991968394,0.012905518382679467,0.0006339358973517575,0.025177100868007177,-0.5322758865509951,-1.7560831344691967,0.6915313613672065,-0.500922062490906,-1.023784229744663,0.02194010476285113,-1.851722654923619,-2.3910585713722727,-1.3123867384749652,218.66666666666666,-197.21643738815598,634.5497707214893,1327.6147959242332,1292.3244244582015,1362.905167390265,1310.0,1274.4428656061557,1345.5571343938443,4621.333333333333,4542.714796239461,4699.951870427205,6250.0,6250.0,6250.0,-12.453969207983276,-13.393542455067507,-11.514395960899044,2.6524761091254827e-08,4.890314505942064e-09,4.815920767656759e-08,-0.0023055421549391295,-0.0033208120858108964,-0.0012902722240673626,,,,,,,,,,,,,none
none,warm_t,0.0,6,-0.012551428344174479,-0.030437282640101253,0.005334425951752294,-18.334784331016163,-18.807621295811817,-17.86194736622051,5.9344242372141,5.876338553933698,5.992509920494502,0.012539830821833853,-0.0053546453625860704,0.030434307006253776,-1.7781134906770868,-2.8337660909038793,-0.7224608904502943,-0.39898707306485387,-0.8437063357547079,0.04573218962500014,-1.7528597974218194,-2.251792088663285,-1.2539275061803539,2085.3333333333335,-226.35502047063073,4397.021687137298,0.0,0.0,0.0,0.0,0.0,0.0,5931.333333333333,5819.710341176728,6042.956325489938,0.0,0.0,0.0,-12.453969207983276,-13.393542455067507,-11.514395960899044,2.6524761091254827e-08,4.890314505942064e-09,4.815920767656759e-08,-0.0023055421549391295,-0.0033208120858108964,-0.0012902722240673626,,,,,,,,,,,,,none
none,warm_t,0.01,6,-0.01222065600711327,-0.029665725327713395,0.0052244133134868535,-18.29396132563521,-18.793002067175227,-17.79492058409519,5.935604173028671,5.878510235951406,5.992698110105936,0.012178259785930456,-0.005250767904804825,0.029607287476665738,-1.5316085158800785,-2.191508959593186,-0.871708072166971,-0.4027969722924056,-0.849504887233944,0.04391094264913287,-1.7577192514483742,-2.2506642952150653,-1.264774207681683,2085.3333333333335,-226.35502047063073,4397.021687137298,53.10459183696933,51.692976978328055,54.5162066956106,56.666666666666664,54.039581777101986,59.29375155623134,5874.666666666667,5762.834702806265,5986.498630527069,250.0,250.0,250.0,-12.453969207983276,-13.393542455067507,-11.514395960899044,2.6524761091254827e-08,4.890314505942064e-09,4.815920767656759e-08,-0.0023055421549391295,-0.0033208120858108964,-0.0012902722240673626,,,,,,,,,,,,,none
none,warm_t,0.05,6,-0.006388327514189607,-0.018962173205234727,0.006185518176855514,-18.280353147597165,-19.01455339539018,-17.54615289980415,5.941826575206959,5.889545383233733,5.994107767180186,0.006313593530298441,-0.006237273613104618,0.0188644606737015,-1.522836915501825,-2.127088181216166,-0.918585649787484,-0.4874879673892755,-0.8629197533816739,-0.11205618139687717,-1.840758468044549,-2.2483121010281075,-1.4332048350609905,784.0,-920.6597869794064,2488.6597869794064,265.52295918484657,258.4648848916402,272.5810334780529,258.8333333333333,246.00758677651237,271.65907989015426,5672.5,5566.319618347755,5778.680381652245,1250.0,1250.0,1250.0,-12.453969207983276,-13.393542455067507,-11.514395960899044,2.6524761091254827e-08,4.890314505942064e-09,4.815920767656759e-08,-0.0023055421549391295,-0.0033208120858108964,-0.0012902722240673626,,,,,,,,,,,,,none
none,warm_t,0.1,6,-0.006594719603487491,-0.018859373938835588,0.005669934731860606,-18.236029582642534,-18.974410499703364,-17.497648665581703,5.945116305259538,5.8922555894209045,5.997977021098172,0.0065026958411299835,-0.005739934660981673,0.01874532634324164,-2.3183945054676784,-3.096557429178839,-1.540231581756518,-0.44518718749500347,-0.9497751886842651,0.05940081369425826,-1.798011785332588,-2.3115818698993804,-1.2844417007657958,2106.6666666666665,-181.682423131625,4395.015756464958,531.0459183696931,516.9297697832804,545.1620669561058,528.1666666666666,505.28592110092177,551.0474122324115,5403.166666666667,5303.762525965496,5502.570807367838,2500.0,2500.0,2500.0,-12.453969207983276,-13.393542455067507,-11.514395960899044,2.6524761091254827e-08,4.890314505942064e-09,4.815920767656759e-08,-0.0023055421549391295,-0.0033208120858108964,-0.0012902722240673626,,,,,,,,,,,,,none
none,warm_t,0.15,6,-0.007136803567273087,-0.020377444088347425,0.006103836953801251,-18.192026295550818,-18.940550430854508,-17.443502160247128,5.94530387111086,5.892691909971031,5.997915832250689,0.007074299057395946,-0.0061634776568825584,0.02031207577167445,-2.3618559231599865,-3.077731368065425,-1.6459804782545482,-0.4118199849847913,-0.9325855747067817,0.10894560473719911,-1.7650449776906625,-2.2911782556554883,-1.2389116997258367,2106.6666666666665,-181.682423131625,4395.015756464958,796.56887755454,775.394654674921,817.743100434159,786.3333333333334,755.5817054195502,817.0849612471166,5145.0,5057.258142768521,5232.741857231479,3750.0,3750.0,3750.0,-12.453969207983276,-13.393542455067507,-11.514395960899044,2.6524761091254827e-08,4.890314505942064e-09,4.815920767656759e-08,-0.0023055421549391295,-0.0033208120858108964,-0.0012902722240673626,,,,,,,,,,,,,none
none,warm_t,0.25,6,-0.0051994029627818366,-0.016824129906546546,0.006425323980982874,-18.236388195369706,-18.9578542343001,-17.51492215643931,5.945166203841558,5.890638164233583,5.999694243449533,0.00515004776236357,-0.0064751668301391155,0.016775262354866257,-2.1260041845132966,-2.683496773555504,-1.5685115954710895,-0.4774736397855482,-0.9671031241274723,0.012155844556375917,-1.828996765710435,-2.342481268752274,-1.3155122626685958,1253.3333333333333,-416.9307953790533,2923.59746204572,1327.6147959242332,1292.3244244582015,1362.905167390265,1310.0,1274.4428656061557,1345.5571343938443,4621.333333333333,4542.714796239461,4699.951870427205,6250.0,6250.0,6250.0,-12.453969207983276,-13.393542455067507,-11.514395960899044,2.6524761091254827e-08,4.890314505942064e-09,4.815920767656759e-08,-0.0023055421549391295,-0.0033208120858108964,-0.0012902722240673626,,,,,,,,,,,,,none
none,cap_c,0.0,6,-0.5521897989403372,-0.7811460223132581,-0.32323357556741616,-18.742193263996878,-19.244037165872633,-18.240349362121123,5.382785708541012,5.204982371510521,5.560589045571502,0.49662386965365996,0.1856276888089738,0.8076200504983462,-2.21630818599392,-2.6992772851027445,-1.7333390868850953,-0.03675968799375743,-0.8096138651399313,0.7360944891524165,-1.3675702323794903,-2.123268984036575,-0.6118714807224056,565.3333333333334,-229.54961347103142,1360.216280137698,0.0,0.0,0.0,0.0,0.0,0.0,5931.333333333333,5819.710341176728,6042.956325489938,0.0,0.0,0.0,-12.453969207983276,-13.393542455067507,-11.514395960899044,2.6524761091254827e-08,4.890314505942064e-09,4.815920767656759e-08,-0.0023055421549391295,-0.0033208120858108964,-0.0012902722240673626,,,,,,,,,,,,,none
none,cap_c,0.01,6,-0.48814189881777237,-0.7302223978445016,-0.24606139979104316,-18.850010719855863,-19.42562985917981,-18.274391580531915,5.4310942357298275,5.179098531166604,5.683089940293051,0.43238029583396176,0.12600883513288508,0.7387517565350384,-2.0940806363522153,-2.460602069489809,-1.7275592032146214,-0.09357287015631932,-0.5570440278859459,0.3698982875733073,-1.4267144673335694,-1.8951218379494974,-0.9583070967176415,992.0,-650.7027626446641,2634.7027626446643,53.10459183696933,51.692976978328055,54.5162066956106,56.666666666666664,54.039581777101986,59.29375155623134,5874.666666666667,5762.834702806265,5986.498630527069,250.0,250.0,250.0,-12.453969207983276,-13.393542455067507,-11.514395960899044,2.6524761091254827e-08,4.890314505942064e-09,4.815920767656759e-08,-0.0023055421549391295,-0.0033208120858108964,-0.0012902722240673626,,,,,,,,,,,,,none
none,cap_c,0.05,6,-0.49294362118406565,-0.7408827784788786,-0.24500446388925265,-18.702320603823473,-19.310852692596303,-18.093788515050644,5.429718940773441,5.1681008999460865,5.691336981600795,0.4352855944734659,0.11997944085232498,0.7505917480946067,-2.1857289485509366,-2.5908862895683367,-1.7805716075335363,-0.21026847159619036,-0.4513164839653817,0.030779540773000963,-1.5432296107087646,-1.8488662183249978,-1.2375930030925315,330.6666666666667,-72.68957913851256,734.022912471846,265.52295918484657,258.4648848916402,272.5810334780529,258.8333333333333,246.00758677651237,271.65907989015426,5672.5,5566.319618347755,5778.680381652245,1250.0,1250.0,1250.0,-12.453969207983276,-13.393542455067507,-11.514395960899044,2.6524761091254827e-08,4.890314505942064e-09,4.815920767656759e-08,-0.0023055421549391295,-0.0033208120858108964,-0.0012902722240673626,,,,,,,,,,,,,none
none,cap_c,0.1,6,-0.5066437177193684,-0.7808311177609982,-0.23245631767773867,-18.59998120728145,-19.197065321594383,-18.002897092968514,5.437677433690745,5.130356880505577,5.744997986875914,0.44719675623173155,0.10993719114881623,0.7844563213146469,-2.22056584231259,-2.6356327158866186,-1.8054989687385614,-0.015441924105954094,-0.5024745960666007,0.4715907478546925,-1.3553133530242791,-1.866132019385485,-0.8444946866630734,2053.3333333333335,263.1397530473603,3843.5269136193065,531.0459183696931,516.9297697832804,545.1620669561058,528.1666666666666,505.28592110092177,551.0474122324115,5403.166666666667,5303.762525965496,5502.570807367838,2500.0,2500.0,2500.0,-12.453969207983276,-13.393542455067507,-11.514395960899044,2.6524761091254827e-08,4.890314505942064e-09,4.815920767656759e-08,-0.0023055421549391295,-0.0033208120858108964,-0.0012902722240673626,,,,,,,,,,,,,none
none,cap_c,0.15,6,-0.356235219919429,-0.48160415814051016,-0.2308662816983479,-18.731569323695197,-19.271403071746867,-18.191735575643527,5.601404089975804,5.448147862281662,5.754660317669947,0.2965646060277873,0.12793893244609145,0.4651902796094831,-2.0201058889773034,-2.5151305256432073,-1.5250812523113997,-0.3736634879711144,-0.8579600542485925,0.1106330783063636,-1.7112745492353418,-2.2887280974257656,-1.1338210010449181,960.0,-695.0139723104587,2615.0139723104585,796.56887755454,775.394654674921,817.743100434159,786.3333333333334,755.5817054195502,817.0849612471166,5145.0,5057.258142768521,5232.741857231479,3750.0,3750.0,3750.0,-12.453969207983276,-13.393542455067507,-11.514395960899044,2.6524761091254827e-08,4.890314505942064e-09,4.815920767656759e-08,-0.0023055421549391295,-0.0033208120858108964,-0.0012902722240673626,,,,,,,,,,,,,none
none,cap_c,0.25,6,-0.3555524985569445,-0.4788157695105415,-0.23228922760334747,-18.52265370818706,-19.060089026641343,-17.98521838973278,5.581607149885929,5.429310327765349,5.73390397200651,0.29563646595927956,0.13441662985469696,0.4568563020638622,-2.0858732279151213,-2.5490857890851144,-1.622660666745128,-0.26941518389507574,-0.8613111726901668,0.32248080490001535,-1.6110363330735806,-2.267325331322299,-0.9547473348248623,2480.0,495.1112908010905,4464.888709198909,1327.6147959242332,1292.3244244582015,1362.905167390265,1310.0,1274.4428656061557,1345.5571343938443,4621.333333333333,4542.714796239461,4699.951870427205,6250.0,6250.0,6250.0,-12.453969207983276,-13.393542455067507,-11.514395960899044,2.6524761091254827e-08,4.890314505942064e-09,4.815920767656759e-08,-0.0023055421549391295,-0.0033208120858108964,-0.0012902722240673626,,,,,,,,,,,,,none
none,cap_t,0.0,6,-0.5522396454908235,-0.7812262999531084,-0.32325299102853855,-18.742199090155093,-19.24402164768667,-18.240376532623518,5.382802950243413,5.204961698512042,5.5606442019747835,0.4966737162041463,0.18565312324533378,0.8076943091629588,-2.2163023781492472,-2.699257227730086,-1.7333475285684083,-0.03678417002096109,-0.8096757963705813,0.736107456328659,-1.3675948702262788,-2.123303034148181,-0.6118867063043767,565.3333333333334,-229.54961347103142,1360.216280137698,0.0,0.0,0.0,0.0,0.0,0.0,5931.333333333333,5819.710341176728,6042.956325489938,0.0,0.0,0.0,-12.453969207983276,-13.393542455067507,-11.514395960899044,2.6524761091254827e-08,4.890314505942064e-09,4.815920767656759e-08,-0.0023055421549391295,-0.0033208120858108964,-0.0012902722240673626,,,,,,,,,,,,,none
none,cap_t,0.01,6,-0.4882052689704513,-0.7303420307809683,-0.24606850715993436,-18.850013827547777,-19.425615160270787,-18.274412494824766,5.4311216769805215,5.179103522805394,5.683139831155649,0.4324436659866408,0.12603953763152675,0.7388477943417548,-2.09407743866588,-2.460577598366374,-1.727577278965386,-0.09360883495636296,-0.557158199906185,0.369940529993459,-1.4267507178189198,-1.8951842601210385,-0.9583171755168012,992.0,-650.7027626446641,2634.7027626446643,53.10459183696933,51.692976978328055,54.5162066956106,56.666666666666664,54.039581777101986,59.29375155623134,5874.666666666667,5762.834702806265,5986.498630527069,250.0,250.0,250.0,-12.453969207983276,-13.393542455067507,-11.514395960899044,2.6524761091254827e-08,4.890314505942064e-09,4.815920767656759e-08,-0.0023055421549391295,-0.0033208120858108964,-0.0012902722240673626,,,,,,,,,,,,,none
none,cap_t,0.05,6,-0.4928512646472853,-0.7408388744337033,-0.2448636548608672,-18.702326838154974,-19.310844914270376,-18.093808762039572,5.429734690661975,5.16810973557821,5.691359645745739,0.4352144475663687,0.11980934000540783,0.7506195551273296,-2.185722726662855,-2.5908625862954118,-1.7805828670302983,-0.21142859020268726,-0.45168905056361486,0.02883187015824032,-1.54440131575188,-1.8486958727539309,-1.2401067587498293,330.6666666666667,-72.68957913851256,734.022912471846,265.52295918484657,258.4648848916402,272.5810334780529,258.8333333333333,246.00758677651237,271.65907989015426,5672.5,5566.319618347755,5778.680381652245,1250.0,1250.0,1250.0,-12.453969207983276,-13.393542455067507,-11.514395960899044,2.6524761091254827e-08,4.890314505942064e-09,4.815920767656759e-08,-0.0023055421549391295,-0.0033208120858108964,-0.0012902722240673626,,,,,,,,,,,,,none
none,cap_t,0.1,6,-0.5065573164023849,-0.7807937725776442,-0.23232086022712556,-18.599986486060374,-19.19704603809234,-18.00292693402841,5.437653298857722,5.130313858736126,5.744992738979318,0.44710980462422106,0.109818096235969,0.7844015130124731,-2.2205605669722766,-2.635602410519077,-1.8055187234254761,-0.012494079303545144,-0.5017520402346061,0.4767638816275158,-1.3522867081219452,-1.86438862600194,-0.8401847902419505,2053.3333333333335,263.1397530473603,3843.5269136193065,531.0459183696931,516.9297697832804,545.1620669561058,528.1666666666666,505.28592110092177,551.0474122324115,5403.166666666667,5303.762525965496,5502.570807367838,2500.0,2500.0,2500.0,-12.453969207983276,-13.393542455067507,-11.514395960899044,2.6524761091254827e-08,4.890314505942064e-09,4.815920767656759e-08,-0.0023055421549391295,-0.0033208120858108964,-0.0012902722240673626,,,,,,,,,,,,,none
none,cap_t,0.15,6,-0.3562704962080933,-0.48161817617167535,-0.2309228162445113,-18.731575158468036,-19.271393221013795,-18.191757095922277,5.601398045104233,5.448133103360849,5.754662986847617,0.29659988231645157,0.12797533029097205,0.46522443434193106,-2.0200997825000435,-2.51511884055221,-1.5250807244478772,-0.372314899887143,-0.8577133784732003,0.11308357869891428,-1.7099295455337975,-2.287802906552368,-1.132056184515227,960.0,-695.0139723104587,2615.0139723104585,796.56887755454,775.394654674921,817.743100434159,786.3333333333334,755.5817054195502,817.0849612471166,5145.0,5057.258142768521,5232.741857231479,3750.0,3750.0,3750.0,-12.453969207983276,-13.393542455067507,-11.514395960899044,2.6524761091254827e-08,4.890314505942064e-09,4.815920767656759e-08,-0.0023055421549391295,-0.0033208120858108964,-0.0012902722240673626,,,,,,,,,,,,,none
none,cap_t,0.25,6,-0.3553200547362301,-0.47820742585019177,-0.23243268362226838,-18.5226326019292,-19.060047730858845,-17.985217472999555,5.581731779768827,5.429560452646313,5.733903106891341,0.2953758315159834,0.13442347760953205,0.45632818542243475,-2.0887593064382766,-2.5486681384169474,-1.6288504744596057,-0.2560620066646489,-0.8517443361841888,0.339620322854891,-1.5982396024613221,-2.2558975887299653,-0.940581616192679,2480.0,495.1112908010905,4464.888709198909,1327.6147959242332,1292.3244244582015,1362.905167390265,1310.0,1274.4428656061557,1345.5571343938443,4621.333333333333,4542.714796239461,4699.951870427205,6250.0,6250.0,6250.0,-12.453969207983276,-13.393542455067507,-11.514395960899044,2.6524761091254827e-08,4.890314505942064e-09,4.815920767656759e-08,-0.0023055421549391295,-0.0033208120858108964,-0.0012902722240673626,,,,,,,,,,,,,none
none,opc,,6,-0.6065718033263787,-0.8034601210082459,-0.40968348564451157,5.223434035843611,5.048253075205567,5.398614996481655,,,,0.3476205038993245,0.1746092171293623,0.5206317906692867,0.16264510704476856,0.005287907487102672,0.32000230660243445,,,,,,,,,,,,,,,,,,,,,,-12.453969207983276,-13.393542455067507,-11.514395960899044,2.6524761091254827e-08,4.890314505942064e-09,4.815920767656759e-08,-0.0023055421549391295,-0.0033208120858108964,-0.0012902722240673626,0.1804226120461272,-0.08647565731633411,0.4473208814085885,-1.0925703837698972,-1.4497315670182118,-0.7354092005215827,,,,,,,none
none,dm_own,,6,-0.5495129701090821,-0.7066967534727969,-0.3923291867453672,5.394246012853198,5.257465609813741,5.531026415892656,,,,0.11652961484521034,0.010268168669932201,0.22279106102048846,0.007972978281290769,-0.0025239339845344443,0.01846989054711598,,,,,,,,,,,,,,,,,,,,,,-12.453969207983276,-13.393542455067507,-11.514395960899044,2.6524761091254827e-08,4.890314505942064e-09,4.815920767656759e-08,-0.0023055421549391295,-0.0033208120858108964,-0.0012902722240673626,0.7812369684321806,0.5772972361091623,0.9851767007551989,0.606176192145875,0.3834643940947726,0.8288879901969775,,,,,,,none
w-high.g-none.v-none,warm_c,0.0,6,0.4591960056135034,-1.4784400330500567,2.3968320442770636,-13.682252955990423,-15.507527015538017,-11.856978896442829,4.939100850303931,2.950569901404151,6.927631799203711,0.8939823816800132,-1.014611229534791,2.8025759928948175,0.22565398353445346,-0.6383628788963334,1.0896708459652402,0.013905582757901805,-0.9187333810148915,0.9465445465306951,-1.139043633830578,-2.220010706253698,-0.058076561407458094,1296.0,-343.92000351186766,2935.9200035118674,0.0,0.0,0.0,0.0,0.0,0.0,4470.666666666667,4004.6063244198385,4936.727008913495,0.0,0.0,0.0,-5.184846439183082,-7.86466530306896,-2.5050275752972047,7.269122795324955,5.183675052292494,9.354570538357414,7.220883579451229,5.165608436443321,9.276158722459137,,,,,,,0.07357207983188707,-0.17313984598421006,0.3202840056479842,0.07357207983188707,-0.17313984598421006,0.3202840056479842,w-high.g-none.v-none
w-high.g-none.v-none,warm_c,0.01,6,1.010096953191337,0.036171441491156475,1.9840224648915177,-13.756936792816091,-15.538213523463977,-11.975660062168206,5.464249980376809,4.425871497416828,6.50262846333679,0.3579801743551066,-0.3278751175845624,1.0438354662947755,0.3286793668052101,-0.24691899524374789,0.9042777288541681,-0.05330216457863866,-0.7059143976013664,0.5993100684440891,-1.245821518907245,-1.9530357060915964,-0.5386073317228937,2080.0,-237.88382010733267,4397.883820107332,38.6282141033212,33.88962276127414,43.36680544536826,40.666666666666664,36.87318302751524,44.46015030581809,4430.0,3966.8171028165793,4893.18289718342,250.0,250.0,250.0,-5.184846439183082,-7.86466530306896,-2.5050275752972047,7.269122795324955,5.183675052292494,9.354570538357414,7.220883579451229,5.165608436443321,9.276158722459137,,,,,,,0.1423550154659434,0.02608187425176335,0.25862815668012346,0.1423550154659434,0.02608187425176335,0.25862815668012346,w-high.g-none.v-none
w-high.g-none.v-none,warm_c,0.05,6,0.8536558953314066,-0.48973323927016854,2.1970450299329816,-13.716679920628948,-15.480757732622838,-11.952602108635059,5.32520433164875,3.8652778036047986,6.785130859692701,0.5066405432682969,-0.2084668841908318,1.2217479707274257,0.354799619734405,-0.17193587442557035,0.8815351138943803,0.06827799744732975,-0.2618501547262057,0.39840614962086524,-1.0962543298531746,-1.3760209714282055,-0.8164876882781437,784.0,-922.6433340630217,2490.643334063022,193.14107051660596,169.44811380637069,216.83402722684124,183.83333333333334,163.5662702746047,204.10039639206198,4286.833333333333,3837.345743704991,4736.320922961675,1250.0,1250.0,1250.0,-5.184846439183082,-7.86466530306896,-2.5050275752972047,7.269122795324955,5.183675052292494,9.354570538357414,7.220883579451229,5.165608436443321,9.276158722459137,,,,,,,0.12922502151413628,-0.0248985981034181,0.28334864113169067,0.12922502151413628,-0.0248985981034181,0.28334864113169067,w-high.g-none.v-none
w-high.g-none.v-none,warm_c,0.1,6,1.0585452925013807,-0.2478645082433235,2.3649550932460848,-13.670854739668187,-15.469886423160684,-11.871823056175689,5.53043998111756,4.145334262740402,6.915545699494718,0.3449539713495348,-0.22079515309808212,0.9107030957971518,0.30345142018490334,-0.17208378852395612,0.7789866288937628,0.01878282342292111,-0.335614674938019,0.3731803217838612,-1.1567073823575538,-1.5006256820635535,-0.812789082651554,1429.3333333333333,-740.1397294515671,3598.8063961182334,386.28214103321193,338.89622761274137,433.6680544536825,379.0,335.80708524643285,422.19291475356715,4091.6666666666665,3663.0657080806327,4520.2676252527,2500.0,2500.0,2500.0,-5.184846439183082,-7.86466530306896,-2.5050275752972047,7.269122795324955,5.183675052292494,9.354570538357414,7.220883579451229,5.165608436443321,9.276158722459137,,,,,,,0.15325625168715826,0.004640684779765841,0.3018718185945507,0.15325625168715826,0.004640684779765841,0.3018718185945507,w-high.g-none.v-none
w-high.g-none.v-none,warm_c,0.15,6,1.0776459375447665,-0.1775591256979332,2.332851000787466,-13.631082305852273,-15.459528625642776,-11.80263598606177,5.560974190880233,4.237571118178758,6.884377263581708,0.3252755254102402,-0.18751857643868985,0.8380696272591702,0.27531497249183495,-0.1744927703083956,0.7251227152920655,-0.12736140497826473,-0.3868331763655922,0.13211036640906273,-1.3051457342007216,-1.5868080271199392,-1.023483441281504,400.0,11.986871427193307,788.0131285728066,579.4232115498179,508.3443414191121,650.5020816805237,560.5,494.2250027405745,626.7749972594255,3910.1666666666665,3507.181513465639,4313.151819867694,3750.0,3750.0,3750.0,-5.184846439183082,-7.86466530306896,-2.5050275752972047,7.269122795324955,5.183675052292494,9.354570538357414,7.220883579451229,5.165608436443321,9.276158722459137,,,,,,,0.15429448370085677,0.011393577078607053,0.2971953903231065,0.15429448370085677,0.011393577078607053,0.2971953903231065,w-high.g-none.v-none
w-high.g-none.v-none,warm_c,0.25,6,1.1723329051106497,0.0669387482810293,2.2777270619402703,-13.558506053085765,-15.439025551821306,-11.677986554350223,5.617008274010658,4.4531106434445915,6.780905904576724,0.21532163354013822,-0.12549306752538775,0.5561363346056643,0.23791841763128496,-0.17245084400216737,0.6482876792647373,-0.2468444305492229,-0.7463190956610659,0.2526302345626202,-1.4476228687817982,-1.9555125381435163,-0.9397331994200802,282.6666666666667,-147.08596240095517,712.4192957342885,965.7053525830298,847.2405690318534,1084.1701361342061,936.8333333333334,827.8022395379421,1045.8644271287246,3533.8333333333335,3174.687437027735,3892.979229638932,6250.0,6250.0,6250.0,-5.184846439183082,-7.86466530306896,-2.5050275752972047,7.269122795324955,5.183675052292494,9.354570538357414,7.220883579451229,5.165608436443321,9.276158722459137,,,,,,,0.16416357193681363,0.038757523672332234,0.28956962020129506,0.16416357193681363,0.038757523672332234,0.28956962020129506,w-high.g-none.v-none
w-high.g-none.v-none,warm_t,0.0,6,0.43199750488749084,-0.03660977547178307,0.9006047852467647,-13.817443421391033,-15.59219943241324,-12.042687410368826,4.885814528074386,4.25008848273304,5.521540573415732,0.2983450210575264,-0.27347005078948633,0.8701600929045392,0.53144728451741,-0.45387811757852115,1.516772686613341,-0.3228876772703593,-0.8551100628741694,0.2093347083334508,-1.573138012484202,-2.1433215201241063,-1.0029545048442978,741.3333333333334,-983.6695420664727,2466.3362087331393,0.0,0.0,0.0,0.0,0.0,0.0,4470.666666666667,4004.6063244198385,4936.727008913495,0.0,0.0,0.0,-5.184846439183082,-7.86466530306896,-2.5050275752972047,7.269122795324955,5.183675052292494,9.354570538357414,7.220883579451229,5.165608436443321,9.276158722459137,,,,,,,0.06534749456977017,-0.009200017026612176,0.13989500616615252,0.06534749456977017,-0.009200017026612176,0.13989500616615252,w-high.g-none.v-none
w-high.g-none.v-none,warm_t,0.01,6,0.44491538831473904,-0.03888408574554203,0.9287148623750201,-13.793070219057457,-15.588986936737548,-11.997153501377365,4.904607652831902,4.262706760231309,5.546508545432495,0.30385526359618803,-0.2733844874103301,0.8810950146027061,0.5277332271579099,-0.44514312111690346,1.5006095754327233,-0.28792391437213133,-0.8398435972591756,0.26399576851491297,-1.538791602837729,-2.12506269878928,-0.9525205068861782,176.0,-16.034679019295197,368.0346790192952,38.6282141033212,33.88962276127414,43.36680544536826,40.666666666666664,36.87318302751524,44.46015030581809,4430.0,3966.8171028165793,4893.18289718342,250.0,250.0,250.0,-5.184846439183082,-7.86466530306896,-2.5050275752972047,7.269122795324955,5.183675052292494,9.354570538357414,7.220883579451229,5.165608436443321,9.276158722459137,,,,,,,0.06698716174074441,-0.009017076864177118,0.14299140034566593,0.06698716174074441,-0.009017076864177118,0.14299140034566593,w-high.g-none.v-none
w-high.g-none.v-none,warm_t,0.05,6,0.27193567999765866,-0.12800557887284414,0.6718769388681615,-13.928199358565346,-15.633259567075028,-12.223139150055664,4.720918258085992,4.083548676811888,5.358287839360096,0.5232683442876317,-0.15799396455852344,1.2045306531337867,0.7122770143081816,-0.222751713212897,1.64730574182926,-0.3693037610256049,-0.9410084087455488,0.20240088669433898,-1.6090978358889563,-2.228746143595739,-0.9894495281821735,394.6666666666667,-456.1347390541824,1245.4680723875158,193.14107051660596,169.44811380637069,216.83402722684124,183.83333333333334,163.5662702746047,204.10039639206198,4286.833333333333,3837.345743704991,4736.320922961675,1250.0,1250.0,1250.0,-5.184846439183082,-7.86466530306896,-2.5050275752972047,7.269122795324955,5.183675052292494,9.354570538357414,7.220883579451229,5.165608436443321,9.276158722459137,,,,,,,0.04624762911363047,-0.02842754887188669,0.12092280709914763,0.04624762911363047,-0.02842754887188669,0.12092280709914763,w-high.g-none.v-none
w-high.g-none.v-none,warm_t,0.1,6,0.26570501239577043,-0.153432125623379,0.6848421504149198,-13.913216852839033,-15.588803328984879,-12.237630376693188,4.729955220953877,4.0554691714006665,5.404441270507087,0.5527353508476617,-0.1177412606716376,1.2232119623669608,0.6836596430381666,-0.12441752129707151,1.4917368073734047,-0.4167557706007921,-0.8378936023875454,0.0043820611859611835,-1.6529670501908473,-2.1277350381830575,-1.1781990621986371,90.66666666666667,46.0308901014227,135.30244323191064,386.28214103321193,338.89622761274137,433.6680544536825,379.0,335.80708524643285,422.19291475356715,4091.6666666666665,3663.0657080806327,4520.2676252527,2500.0,2500.0,2500.0,-5.184846439183082,-7.86466530306896,-2.5050275752972047,7.269122795324955,5.183675052292494,9.354570538357414,7.220883579451229,5.165608436443321,9.276158722459137,,,,,,,0.046152170184542145,-0.030946099126367872,0.12325043949545217,0.046152170184542145,-0.030946099126367872,0.12325043949545217,w-high.g-none.v-none
w-high.g-none.v-none,warm_t,0.15,6,0.2562431944982864,-0.1505155375852646,0.6630019265818374,-13.862060064436848,-15.57078086233768,-12.153339266536017,4.719047293503643,4.0682634622127605,5.369831124794526,0.5526506425327042,-0.11802165549955879,1.2233229405649673,0.6312579667831485,-0.12366753166094402,1.3861834652272411,-0.4081937080870573,-0.8495607931276202,0.03317337695350564,-1.6428936660847215,-2.140641109354694,-1.145146222814749,85.33333333333333,34.774200501848405,135.89246616481825,579.4232115498179,508.3443414191121,650.5020816805237,560.5,494.2250027405745,626.7749972594255,3910.1666666666665,3507.181513465639,4313.151819867694,3750.0,3750.0,3750.0,-5.184846439183082,-7.86466530306896,-2.5050275752972047,7.269122795324955,5.183675052292494,9.354570538357414,7.220883579451229,5.165608436443321,9.276158722459137,,,,,,,0.04463969686674065,-0.03048411784197843,0.11976351157545972,0.04463969686674065,-0.03048411784197843,0.11976351157545972,w-high.g-none.v-none
w-high.g-none.v-none,warm_t,0.25,6,0.26548361858667047,-0.14627774357185586,0.6772449807451968,-13.852428322967755,-15.583491207861325,-12.121365438074186,4.715758470067731,4.026449652486895,5.405067287648566,0.5420109506149661,-0.11930202753474561,1.2033239287646778,0.6193410256791799,-0.07664129576848544,1.3153233471268453,-0.4175680301342027,-0.9266477977157319,0.0915117374473266,-1.6531644192369608,-2.234330462886695,-1.0719983755872264,773.3333333333334,-936.9625085620947,2483.6291752287616,965.7053525830298,847.2405690318534,1084.1701361342061,936.8333333333334,827.8022395379421,1045.8644271287246,3533.8333333333335,3174.687437027735,3892.979229638932,6250.0,6250.0,6250.0,-5.184846439183082,-7.86466530306896,-2.5050275752972047,7.269122795324955,5.183675052292494,9.354570538357414,7.220883579451229,5.165608436443321,9.276158722459137,,,,,,,0.0458781582786645,-0.02976207332471644,0.12151838988204544,0.0458781582786645,-0.02976207332471644,0.12151838988204544,w-high.g-none.v-none
w-high.g-none.v-none,cap_c,0.0,6,4.2262575060063465,3.2146610607105446,5.2378539513021485,-12.75945732168237,-14.875414254316082,-10.64350038904866,8.589189810730742,7.785509222301751,9.392870399159735,0.023302869327744096,-0.010578591211203612,0.05718432986669181,0.017784870961758473,-0.10549943236768974,0.1410691742912067,-2.1510270831970555,-2.6261034189173964,-1.6759507474767146,-3.2287942966983345,-3.701482207861333,-2.756106385535336,88.0,-8.017339509647599,184.0173395096476,0.0,0.0,0.0,0.0,0.0,0.0,4470.666666666667,4004.6063244198385,4936.727008913495,0.0,0.0,0.0,-5.184846439183082,-7.86466530306896,-2.5050275752972047,7.269122795324955,5.183675052292494,9.354570538357414,7.220883579451229,5.165608436443321,9.276158722459137,,,,,,,0.5927964772889989,0.5080198477343165,0.6775731068436812,0.5963466497929527,0.5123240329260704,0.680369266659835,w-high.g-none.v-none
w-high.g-none.v-none,cap_c,0.01,6,4.22310054380691,3.196348529250847,5.249852558362973,-12.730810321922036,-14.865928529676882,-10.59569211416719,8.584643950085754,7.77781360182553,9.391474298345978,0.025039174434861772,-0.006587663899519387,0.056666012769242935,0.015230847210303405,-0.10938285366959746,0.13984454809020427,-2.23679189928778,-2.7874984910589338,-1.6860853075166262,-3.3076155287721014,-3.8452304323980857,-2.770000625146117,56.0,13.85499918458342,98.14500081541658,38.6282141033212,33.88962276127414,43.36680544536826,40.666666666666664,36.87318302751524,44.46015030581809,4430.0,3966.8171028165793,4893.18289718342,250.0,250.0,250.0,-5.184846439183082,-7.86466530306896,-2.5050275752972047,7.269122795324955,5.183675052292494,9.354570538357414,7.220883579451229,5.165608436443321,9.276158722459137,,,,,,,0.5914336881383212,0.5094483858166547,0.6734189904599877,0.5949768834079943,0.5138127667216894,0.6761410000942991,w-high.g-none.v-none
w-high.g-none.v-none,cap_c,0.05,6,4.2435923426767745,3.185083219753963,5.302101465599586,-12.703339267077737,-14.83702842417722,-10.569650109978255,8.5618039284838,7.6526789149999415,9.470928941967658,0.013105245896496512,-0.020582861156584774,0.046793352949577795,-0.02405926397044666,-0.08590557091165607,0.037787042970762755,-2.120080089171292,-2.9719958765472065,-1.2681643017953772,-3.2090173831615316,-4.035314209795053,-2.3827205565280103,1381.3333333333333,-825.4030684044772,3588.0697350711434,193.14107051660596,169.44811380637069,216.83402722684124,183.83333333333334,163.5662702746047,204.10039639206198,4286.833333333333,3837.345743704991,4736.320922961675,1250.0,1250.0,1250.0,-5.184846439183082,-7.86466530306896,-2.5050275752972047,7.269122795324955,5.183675052292494,9.354570538357414,7.220883579451229,5.165608436443321,9.276158722459137,,,,,,,0.5943036660370039,0.5066394523405497,0.6819678797334581,0.597845082210558,0.5110060443518561,0.6846841200692598,w-high.g-none.v-none
w-high.g-none.v-none,cap_c,0.1,6,4.217102271836738,3.1834097703528896,5.250794773320585,-12.681948837413335,-14.827468998065447,-10.536428676761224,8.480171956182383,7.794058337773945,9.166285574590821,0.019591050453758124,-0.030769347983707073,0.06995144889122332,-0.02384958750696493,-0.08515690393978774,0.037457728925857886,-2.2028112456378612,-3.053122048945986,-1.3525004423297364,-3.290274846409099,-4.1124254669949085,-2.4681242258232894,376.0,-484.8218050815593,1236.8218050815594,386.28214103321193,338.89622761274137,433.6680544536825,379.0,335.80708524643285,422.19291475356715,4091.6666666666665,3663.0657080806327,4520.2676252527,2500.0,2500.0,2500.0,-5.184846439183082,-7.86466530306896,-2.5050275752972047,7.269122795324955,5.183675052292494,9.354570538357414,7.220883579451229,5.165608436443321,9.276158722459137,,,,,,,0.5905808142075912,0.5066634927042257,0.6744981357109567,0.5941098669163177,0.5110333003705663,0.6771864334620692,w-high.g-none.v-none
w-high.g-none.v-none,cap_c,0.15,6,4.071601369717353,3.0147470189348002,5.128455720499906,-12.844921550326072,-15.041354717932256,-10.648488382719888,8.451892106122934,7.608603593620298,9.295180618625569,0.13855109280859804,-0.13311584578757948,0.41021803140477553,0.18471033436933845,-0.22056274947138074,0.5899834182100576,-1.6891279133921018,-2.4552893398008058,-0.9229664869833977,-2.7956259427923307,-3.5170538546123513,-2.07419803097231,802.6666666666666,-901.973824498254,2507.307157831587,579.4232115498179,508.3443414191121,650.5020816805237,560.5,494.2250027405745,626.7749972594255,3910.1666666666665,3507.181513465639,4313.151819867694,3750.0,3750.0,3750.0,-5.184846439183082,-7.86466530306896,-2.5050275752972047,7.269122795324955,5.183675052292494,9.354570538357414,7.220883579451229,5.165608436443321,9.276158722459137,,,,,,,0.5695655391556886,0.4791802132733214,0.6599508650380559,0.5729702161072864,0.48324117641380454,0.6626992558007683,w-high.g-none.v-none
w-high.g-none.v-none,cap_c,0.25,6,4.043831760486039,2.995844407368774,5.091819113603305,-12.756462632539312,-14.971294486092003,-10.541630778986622,8.408773178322258,7.557622335933946,9.25992402071057,0.1336904200333671,-0.12902935104560295,0.3964101911123371,0.16557350270122498,-0.18615120726893905,0.517298212671389,-1.8764273538754843,-2.8080486522387886,-0.94480605551218,-2.978314817204961,-3.8463869630216805,-2.110242671388242,872.0,-837.4411727831152,2581.4411727831152,965.7053525830298,847.2405690318534,1084.1701361342061,936.8333333333334,827.8022395379421,1045.8644271287246,3533.8333333333335,3174.687437027735,3892.979229638932,6250.0,6250.0,6250.0,-5.184846439183082,-7.86466530306896,-2.5050275752972047,7.269122795324955,5.183675052292494,9.354570538357414,7.220883579451229,5.165608436443321,9.276158722459137,,,,,,,0.5652714050907903,0.48143966569646773,0.649103144485113,0.5686681029924875,0.48547732272775446,0.6518588832572205,w-high.g-none.v-none
w-high.g-none.v-none,cap_t,0.0,6,4.215962928196444,3.208556529052647,5.223369327340242,-12.807974497513994,-14.910018311734081,-10.705930683293907,8.603672590383002,7.80112558767655,9.406219593089455,0.017321924219718583,-0.016005282721436666,0.05064913116087383,0.0004496486269165804,-0.14789146201649442,0.14879075927032756,-1.9798429721117496,-2.7296868856521996,-1.2299990585712994,-3.0742730439369357,-3.797011510680368,-2.3515345771935032,125.33333333333333,11.740630551150275,238.92603611551638,0.0,0.0,0.0,0.0,0.0,0.0,4470.666666666667,4004.6063244198385,4936.727008913495,0.0,0.0,0.0,-5.184846439183082,-7.86466530306896,-2.5050275752972047,7.269122795324955,5.183675052292494,9.354570538357414,7.220883579451229,5.165608436443321,9.276158722459137,,,,,,,0.5915094635391255,0.5062480140680271,0.6767709130102239,0.5950596334417287,0.5104787037536311,0.6796405631298263,w-high.g-none.v-none
w-high.g-none.v-none,cap_t,0.01,6,4.213497555660569,3.18970731080828,5.237287800512859,-12.779302223881082,-14.898026928780368,-10.660577518981796,8.60208178114476,7.790446605514626,9.413716956774893,0.020930626533596324,-0.019545757299809247,0.0614070103670019,0.0013867926703634709,-0.1456671905947649,0.14844077593549188,-2.0386343165639573,-2.8376249696817295,-1.2396436634461854,-3.124728947588595,-3.890874596561889,-2.358583298615301,392.0,-460.3298934897032,1244.3298934897032,38.6282141033212,33.88962276127414,43.36680544536826,40.666666666666664,36.87318302751524,44.46015030581809,4430.0,3966.8171028165793,4893.18289718342,250.0,250.0,250.0,-5.184846439183082,-7.86466530306896,-2.5050275752972047,7.269122795324955,5.183675052292494,9.354570538357414,7.220883579451229,5.165608436443321,9.276158722459137,,,,,,,0.5903280467614397,0.5071008695504469,0.6735552239724325,0.5938648402023721,0.5114159999117979,0.6763136804929463,w-high.g-none.v-none
w-high.g-none.v-none,cap_t,0.05,6,4.243002005290075,3.184201404835809,5.30180260574434,-12.69386745140991,-14.840906854142471,-10.546828048677348,8.563753661557387,7.6565860203583,9.470921302756475,0.014227910953013475,-0.022346098501853935,0.05080192040788089,-0.03353458875337001,-0.11973799346831679,0.05266881596157677,-2.112612229527857,-2.9447397950199568,-1.2804846640357572,-3.2030880251185816,-4.010199311019306,-2.3959767392178573,1381.3333333333333,-825.4030684044772,3588.0697350711434,193.14107051660596,169.44811380637069,216.83402722684124,183.83333333333334,163.5662702746047,204.10039639206198,4286.833333333333,3837.345743704991,4736.320922961675,1250.0,1250.0,1250.0,-5.184846439183082,-7.86466530306896,-2.5050275752972047,7.269122795324955,5.183675052292494,9.354570538357414,7.220883579451229,5.165608436443321,9.276158722459137,,,,,,,0.5942621252311447,0.5062796251428241,0.6822446253194654,0.5978022960662173,0.5106426760850888,0.6849619160473457,w-high.g-none.v-none
w-high.g-none.v-none,cap_t,0.1,6,4.22457195109974,3.1895094929369447,5.259634409262536,-12.67638880051984,-14.829706980924623,-10.523070620115057,8.486606276531612,7.807368174669272,9.165844378393952,0.011375294912530087,-0.01786583156462593,0.0406164213896861,-0.029404911160438307,-0.10499264166796056,0.046182819347083945,-2.21047885714034,-3.0697648000069657,-1.3511929142737147,-3.295653784773915,-4.123686773723056,-2.467620795824774,376.0,-484.8218050815593,1236.8218050815594,386.28214103321193,338.89622761274137,433.6680544536825,379.0,335.80708524643285,422.19291475356715,4091.6666666666665,3663.0657080806327,4520.2676252527,2500.0,2500.0,2500.0,-5.184846439183082,-7.86466530306896,-2.5050275752972047,7.269122795324955,5.183675052292494,9.354570538357414,7.220883579451229,5.165608436443321,9.276158722459137,,,,,,,0.5913165028240422,0.5093317532086018,0.6733012524394827,0.5948564306815468,0.5137242137298861,0.6759886476332075,w-high.g-none.v-none
w-high.g-none.v-none,cap_t,0.15,6,4.071619663059752,3.0147606738071664,5.128478652312338,-12.844926408657813,-15.041359207465483,-10.648493609850142,8.451860261688983,7.6085488701613375,9.295171653216629,0.13862872966442832,-0.13327633150313575,0.4105337908319924,0.18469385914745665,-0.22065436428427157,0.5900420825791849,-1.6891841863290986,-2.455447626297231,-0.9229207463609662,-2.795682201803795,-3.51720744268889,-2.0741569609186996,802.6666666666666,-901.973824498254,2507.307157831587,579.4232115498179,508.3443414191121,650.5020816805237,560.5,494.2250027405745,626.7749972594255,3910.1666666666665,3507.181513465639,4313.151819867694,3750.0,3750.0,3750.0,-5.184846439183082,-7.86466530306896,-2.5050275752972047,7.269122795324955,5.183675052292494,9.354570538357414,7.220883579451229,5.165608436443321,9.276158722459137,,,,,,,0.5695673965981134,0.4791857524533285,0.6599490407428983,0.5729720994068024,0.4832467468599014,0.6626974519537034,w-high.g-none.v-none
w-high.g-none.v-none,cap_t,0.25,6,4.043821821126699,2.995830968000785,5.091812674252614,-12.756467782129006,-14.971293786382049,-10.541641777875963,8.408743001848299,7.557596477522783,9.259889526173813,0.13293519216282476,-0.12823080881005774,0.39410119313570724,0.16557048814752326,-0.18612217215160184,0.5172631484466483,-1.8764051946738176,-2.8080283841408575,-0.9447820052067778,-2.9782926806308563,-3.8463679150847314,-2.110217446176981,872.0,-837.4411727831152,2581.4411727831152,965.7053525830298,847.2405690318534,1084.1701361342061,936.8333333333334,827.8022395379421,1045.8644271287246,3533.8333333333335,3174.687437027735,3892.979229638932,6250.0,6250.0,6250.0,-5.184846439183082,-7.86466530306896,-2.5050275752972047,7.269122795324955,5.183675052292494,9.354570538357414,7.220883579451229,5.165608436443321,9.276158722459137,,,,,,,0.5652699162738248,0.4814382924474294,0.6491015401002203,0.5686666022958325,0.4854759492336932,0.6518572553579719,w-high.g-none.v-none
w-high.g-none.v-none,opc,,6,3.0325591640403284,2.0765043473685383,3.9886139807121186,7.490958014162357,6.716708138410567,8.265207889914146,,,,0.181198650505536,0.05164431551298876,0.3107529854980832,0.20699722855828429,0.08984942531503935,0.3241450318015292,,,,,,,,,,,,,,,,,,,,,,-5.184846439183082,-7.86466530306896,-2.5050275752972047,7.269122795324955,5.183675052292494,9.354570538357414,7.220883579451229,5.165608436443321,9.276158722459137,-0.058843423918570247,-0.5132300785913743,0.39554323075423375,-1.2648608601506397,-1.7353276388568482,-0.7943940814444311,0.42193341720838706,0.33193586428343164,0.5119309701333425,0.4243988422743215,0.3347067083258689,0.5140909762227741,w-high.g-none.v-none
w-high.g-none.v-none,dm_own,,6,2.094845971718718,0.84173708716369,3.347954856273746,6.563199951206543,5.505129574193926,7.621270328219159,,,,0.3919723590342959,-0.01584191542551827,0.79978663349411,0.19235145459152356,-0.08232861942340883,0.4670315286064559,,,,,,,,,,,,,,,,,,,,,,-5.184846439183082,-7.86466530306896,-2.5050275752972047,7.269122795324955,5.183675052292494,9.354570538357414,7.220883579451229,5.165608436443321,9.276158722459137,1.506847754201683,0.8574260735672843,2.156269434836082,1.3549605125543305,0.6933281774263383,2.0165928476823227,0.2764971604453225,0.14111801181285813,0.41187630907778694,0.2780145841493347,0.14233491645964447,0.413694251839025,w-high.g-none.v-none
w-none.g-high.v-none,warm_c,0.0,6,0.7205303976493692,0.44839077511027553,0.9926700201884628,-14.440171398687363,-15.69870346193868,-13.181639335436047,5.515508552423843,5.137332511080789,5.893684593766897,0.030452034955679812,-0.017986873929375282,0.0788909438407349,-0.13212341245245007,-0.5323040278427069,0.26805720293780677,-0.43190240782626005,-1.0442725673294782,0.180467751676958,-1.689550049626621,-2.3062813041815744,-1.0728187950716677,1482.6666666666667,-643.1170276242549,3608.4503609575886,0.0,0.0,0.0,0.0,0.0,0.0,4763.5,4444.012939637175,5082.987060362825,0.0,0.0,0.0,-6.567279763260843,-8.706878299049524,-4.427681227472162,5.886689471247194,4.209237319811432,7.564141622682955,3.98774004294243,2.694325922191234,5.281154163693627,,,,,,,0.12373284947620389,0.09248547891614517,0.1549802200362626,0.12373284947620389,0.09248547891614517,0.1549802200362626,w-none.g-high.v-none
w-none.g-high.v-none,warm_c,0.01,6,0.7440112912194746,0.5023914526369446,0.9856311298020046,-14.36593060580561,-15.690939961899682,-13.04092124971154,5.54395757526786,5.192997467414375,5.894917683121345,0.01332496063331338,-0.00958458074669582,0.03623450201332258,-0.048306021635225016,-0.4012020268070142,0.3045899835365642,-0.3656941057157271,-0.933956219036425,0.2025680076049708,-1.6343451548732009,-2.2177381212422635,-1.0509521885041382,2112.0,278.5367630100973,3945.4632369899027,41.32422451812367,38.091030771488974,44.55741826475837,44.333333333333336,39.38130166809518,49.28536499857149,4719.166666666667,4402.28199139939,5036.051341933944,250.0,250.0,250.0,-6.567279763260843,-8.706878299049524,-4.427681227472162,5.886689471247194,4.209237319811432,7.564141622682955,3.98774004294243,2.694325922191234,5.281154163693627,,,,,,,0.12741989577807186,0.10488758832125891,0.1499522032348848,0.12741989577807186,0.10488758832125891,0.1499522032348848,w-none.g-high.v-none
w-none.g-high.v-none,warm_c,0.05,6,0.6995158908318685,0.44427283086886815,0.9547589507948688,-14.420241497218676,-15.711400388343087,-13.129082606094265,5.497908333648276,5.097822060184839,5.897994607111713,0.025601959014219522,-0.01956213960109808,0.07076605762953712,0.18512980258008163,-0.15052521863933713,0.5207848237995004,-0.21063409348136228,-0.6615201507917471,0.24025196382902256,-1.4979047076744332,-1.904205606435819,-1.0916038089130473,2570.6666666666665,697.5688987279407,4443.764434605392,206.62112259061834,190.45515385744488,222.7870913237918,199.83333333333334,189.10203073441807,210.56463593224862,4563.666666666667,4252.097961764426,4875.235371568908,1250.0,1250.0,1250.0,-6.567279763260843,-8.706878299049524,-4.427681227472162,5.886689471247194,4.209237319811432,7.564141622682955,3.98774004294243,2.694325922191234,5.281154163693627,,,,,,,0.12067008342656427,0.0902774836768446,0.15106268317628394,0.12067008342656427,0.0902774836768446,0.15106268317628394,w-none.g-high.v-none
w-none.g-high.v-none,warm_c,0.1,6,0.6855548839124496,0.35685085803101396,1.0142589097938852,-14.381071851338248,-15.710865965400329,-13.051277737276168,5.4762821143177005,4.9898173339716125,5.9627468946637885,0.005868540918076611,-0.006896932751351305,0.018634014587504525,0.16184202411476345,-0.12607128356100145,0.44975533179052835,-0.29760497316125384,-1.0509503395125446,0.45574039319003695,-1.582116389742814,-2.2860816802771557,-0.8781510992084725,2245.3333333333335,87.03932287131374,4403.627343795353,413.2422451812367,380.91030771488977,445.5741826475836,409.8333333333333,388.4864950745263,431.1801715921403,4353.666666666667,4051.894032262711,4655.439301070623,2500.0,2500.0,2500.0,-6.567279763260843,-8.706878299049524,-4.427681227472162,5.886689471247194,4.209237319811432,7.564141622682955,3.98774004294243,2.694325922191234,5.281154163693627,,,,,,,0.11838878535704987,0.07464168193995413,0.16213588877414561,0.11838878535704987,0.07464168193995413,0.16213588877414561,w-none.g-high.v-none
w-none.g-high.v-none,warm_c,0.15,6,0.6707391177719555,0.3166299059925034,1.0248483295514075,-14.407519708593165,-15.718513103731443,-13.096526313454888,5.454306864362891,4.928746133780077,5.979867594945706,0.01582494537459474,-0.02485437175527541,0.056504262504464886,0.09085757975778828,-0.14269926439745995,0.3244144239130365,-0.3726629419529286,-1.0336492317260997,0.2883233478202424,-1.6131097758913187,-2.147681484244342,-1.0785380675382956,1445.3333333333333,-710.8695935236913,3601.536260190358,619.863367771855,571.3654615723345,668.3612739713755,611.1666666666666,575.9617895453233,646.37154378801,4152.333333333333,3864.3557517262225,4440.310914940444,3750.0,3750.0,3750.0,-6.567279763260843,-8.706878299049524,-4.427681227472162,5.886689471247194,4.209237319811432,7.564141622682955,3.98774004294243,2.694325922191234,5.281154163693627,,,,,,,0.11627887996497467,0.06726459470535692,0.16529316522459242,0.11627887996497467,0.06726459470535692,0.16529316522459242,w-none.g-high.v-none
w-none.g-high.v-none,warm_c,0.25,6,0.5828389599782019,0.2290218495748177,0.936656070381586,-14.360373035615185,-15.710168565520407,-13.010577505709962,5.362281741705161,4.811978145876436,5.912585337533885,0.10694285451367941,-0.07697233537374831,0.29085804440110713,-0.4617122077121067,-1.362741708614272,0.43931729319005847,-0.3208004565878964,-0.9371643923292614,0.29556347915346853,-1.6112703489354392,-2.1712701865493096,-1.0512705113215688,885.3333333333334,-781.7205547472678,2552.3872214139346,1033.1056129530916,952.2757692872243,1113.9354566189588,1019.1666666666666,953.2226272143494,1085.110706118984,3744.3333333333335,3488.4752711536794,4000.1913955129876,6250.0,6250.0,6250.0,-6.567279763260843,-8.706878299049524,-4.427681227472162,5.886689471247194,4.209237319811432,7.564141622682955,3.98774004294243,2.694325922191234,5.281154163693627,,,,,,,0.10285341119850124,0.04899586874245972,0.15671095365454274,0.10285341119850124,0.04899586874245972,0.15671095365454274,w-none.g-high.v-none
w-none.g-high.v-none,warm_t,0.0,6,0.07073502179940304,-0.0057303413456377544,0.14720038494444382,-14.636215923118916,-15.789470394264024,-13.482961451973809,4.857015127177612,4.4157294241920475,5.298300830163177,0.14590387681507008,-0.11390697541905767,0.4057147290491978,0.813542303816385,-0.28479195042577177,1.911876558058542,-0.405590785660503,-0.7703041869549867,-0.04087738436601923,-1.6857866951235094,-2.0084215837749775,-1.3631518064720411,1520.0,-580.8181294201486,3620.8181294201486,0.0,0.0,0.0,0.0,0.0,0.0,4763.5,4444.012939637175,5082.987060362825,0.0,0.0,0.0,-6.567279763260843,-8.706878299049524,-4.427681227472162,5.886689471247194,4.209237319811432,7.564141622682955,3.98774004294243,2.694325922191234,5.281154163693627,,,,,,,0.012546569130723132,-0.001942042700789062,0.027035180962235325,0.012546569130723132,-0.001942042700789062,0.027035180962235325,w-none.g-high.v-none
w-none.g-high.v-none,warm_t,0.01,6,0.07489619841281603,-0.0022407742426235333,0.1520331710682556,-14.68828732504988,-15.80924669490816,-13.5673279551916,4.860652409648878,4.422192120320273,5.299112698977484,0.1522638026967421,-0.11203423368835486,0.4165618390818391,0.8784353474302032,-0.22746921606213732,1.984339910922544,-0.4470677239036056,-0.8115273361750418,-0.08260811163216941,-1.7242115519370975,-2.0601272382516322,-1.3882958656225626,965.3333333333334,-686.1903995806937,2616.8570662473603,41.32422451812367,38.091030771488974,44.55741826475837,44.333333333333336,39.38130166809518,49.28536499857149,4719.166666666667,4402.28199139939,5036.051341933944,250.0,250.0,250.0,-6.567279763260843,-8.706878299049524,-4.427681227472162,5.886689471247194,4.209237319811432,7.564141622682955,3.98774004294243,2.694325922191234,5.281154163693627,,,,,,,0.013233772270267048,-0.0016798139379433,0.028147358478477394,0.013233772270267048,-0.0016798139379433,0.028147358478477394,w-none.g-high.v-none
w-none.g-high.v-none,warm_t,0.05,6,0.08017166360143001,-0.01730913125152518,0.1776524584543852,-14.61208962691424,-15.780188010207779,-13.443991243620703,4.8532882578459136,4.365112297163264,5.3414642185285635,0.16171832483409532,-0.12347488744296942,0.44691153711116005,0.84437116104183,-0.23201830744534868,1.9207606295290085,-0.4503758742996226,-0.8197542520132792,-0.080997496585966,-1.7283034222266178,-2.0914298891052505,-1.3651769553479853,1178.6666666666667,-512.2654602964337,2869.598793629767,206.62112259061834,190.45515385744488,222.7870913237918,199.83333333333334,189.10203073441807,210.56463593224862,4563.666666666667,4252.097961764426,4875.235371568908,1250.0,1250.0,1250.0,-6.567279763260843,-8.706878299049524,-4.427681227472162,5.886689471247194,4.209237319811432,7.564141622682955,3.98774004294243,2.694325922191234,5.281154163693627,,,,,,,0.014467623056290258,-0.004518997148682166,0.03345424326126268,0.014467623056290258,-0.004518997148682166,0.03345424326126268,w-none.g-high.v-none
w-none.g-high.v-none,warm_t,0.1,6,0.08849452688723947,-0.016518829720535477,0.1935078834950144,-14.5618062667671,-15.776460503657475,-13.347152029876725,4.849742512336187,4.383672575865066,5.315812448807308,0.18853143353133364,-0.1378252281689735,0.5148880952316408,0.7571071351874584,-0.20332699579242974,1.7175412661673466,-0.4683722772940408,-0.8441614723033604,-0.09258308228472123,-1.7472174570132994,-2.0958882509587866,-1.398546663067812,800.0,-897.798760781965,2497.798760781965,413.2422451812367,380.91030771488977,445.5741826475836,409.8333333333333,388.4864950745263,431.1801715921403,4353.666666666667,4051.894032262711,4655.439301070623,2500.0,2500.0,2500.0,-6.567279763260843,-8.706878299049524,-4.427681227472162,5.886689471247194,4.209237319811432,7.564141622682955,3.98774004294243,2.694325922191234,5.281154163693627,,,,,,,0.01621872270489742,-0.005652061025785322,0.038089506435580164,0.01621872270489742,-0.005652061025785322,0.038089506435580164,w-none.g-high.v-none
w-none.g-high.v-none,warm_t,0.15,6,0.06434529384658864,-0.04583361956159249,0.17452420725476978,-14.5786061417342,-15.770216854996916,-13.386995428471485,4.826950135951408,4.332723379628233,5.3211768922745835,0.19905813915097004,-0.07466732467015352,0.4727836029720936,0.7411617786524302,-0.09071245310710618,1.5730360104119665,-0.42901702192352004,-0.8397867328966795,-0.018247310950360585,-1.706068796590965,-2.079632077694525,-1.332505515487405,309.3333333333333,-102.87273173314765,721.5393983998142,619.863367771855,571.3654615723345,668.3612739713755,611.1666666666666,575.9617895453233,646.37154378801,4152.333333333333,3864.3557517262225,4440.310914940444,3750.0,3750.0,3750.0,-6.567279763260843,-8.706878299049524,-4.427681227472162,5.886689471247194,4.209237319811432,7.564141622682955,3.98774004294243,2.694325922191234,5.281154163693627,,,,,,,0.012730548186975084,-0.01017842433333927,0.035639520707289436,0.012730548186975084,-0.01017842433333927,0.035639520707289436,w-none.g-high.v-none
w-none.g-high.v-none,warm_t,0.25,6,0.06936106157774218,-0.054168234231224355,0.1928903573867087,-14.535016420962245,-15.76895054500984,-13.30108229691465,4.850730409394544,4.342046670715223,5.359414148073864,0.20465454985898326,-0.057249266462825826,0.4665583661807924,0.6319273697266067,-0.07124019717800079,1.3350949366312141,-0.3847839472445917,-0.6922928966585439,-0.07727499783063951,-1.6635366762346389,-1.9474626723035442,-1.3796106801657335,1477.3333333333333,-172.00382483983367,3126.6704915065,1033.1056129530916,952.2757692872243,1113.9354566189588,1019.1666666666666,953.2226272143494,1085.110706118984,3744.3333333333335,3488.4752711536794,4000.1913955129876,6250.0,6250.0,6250.0,-6.567279763260843,-8.706878299049524,-4.427681227472162,5.886689471247194,4.209237319811432,7.564141622682955,3.98774004294243,2.694325922191234,5.281154163693627,,,,,,,0.013419039539082004,-0.010827330343287598,0.03766540942145161,0.013419039539082004,-0.010827330343287598,0.03766540942145161,w-none.g-high.v-none
w-none.g-high.v-none,cap_c,0.0,6,1.2197689306552004,0.8052061073721235,1.6343317539382773,-14.457716159713513,-15.884748085103055,-13.03068423432397,5.966944383782135,5.67385794513652,6.260030822427749,0.2513630334808929,-0.04796147410495272,0.5506875410667385,-0.5402019985637384,-0.9895548535410411,-0.0908491435864357,-0.22733158173185442,-1.0116608032200172,0.5569976397563083,-1.4486314327219236,-2.1612251782406484,-0.736037687203199,794.6666666666666,-914.1779082463371,2503.5112415796702,0.0,0.0,0.0,0.0,0.0,0.0,4763.5,4444.012939637175,5082.987060362825,0.0,0.0,0.0,-6.567279763260843,-8.706878299049524,-4.427681227472162,5.886689471247194,4.209237319811432,7.564141622682955,3.98774004294243,2.694325922191234,5.281154163693627,,,,,,,0.20665312038606273,0.17502637384020142,0.23827986693192404,0.3048821540605094,0.2795235756924199,0.33024073242859886,w-none.g-high.v-none
w-none.g-high.v-none,cap_c,0.01,6,1.3256481289687525,0.8258858495101138,1.8254104084273912,-14.565101671898956,-15.857562265158158,-13.272641078639754,6.092189426772091,5.90308500090887,6.2812938526353115,0.15679901253533995,-0.09852214376354701,0.4121201688342269,-0.40647182414357497,-0.8881058274406757,0.07516217915352574,-0.2550777051449145,-1.0831717014143085,0.5730162911244796,-1.4855776108731924,-2.259359683753832,-0.7117955379925528,2080.0,-237.88382010733267,4397.883820107332,41.32422451812367,38.091030771488974,44.55741826475837,44.333333333333336,39.38130166809518,49.28536499857149,4719.166666666667,4402.28199139939,5036.051341933944,250.0,250.0,250.0,-6.567279763260843,-8.706878299049524,-4.427681227472162,5.886689471247194,4.209237319811432,7.564141622682955,3.98774004294243,2.694325922191234,5.281154163693627,,,,,,,0.22118060835671347,0.19184644653635585,0.2505147701770711,0.3295438418972825,0.27236725283639013,0.3867204309581748,w-none.g-high.v-none
w-none.g-high.v-none,cap_c,0.05,6,1.3400070992580952,0.8112441380921164,1.8687700604240742,-14.467562735157045,-15.804212383145197,-13.130913087168894,6.116357317723964,5.937962845822336,6.294751789625592,0.146271125046415,-0.13472621028212486,0.4272684603749549,-0.38757480655300997,-0.8638193908474309,0.08866977774141094,-0.14155750844896167,-0.9667867677294917,0.6836717508315684,-1.368259042614043,-2.1308238538397664,-0.60569423138832,1040.0,-576.6487057858778,2656.6487057858776,206.62112259061834,190.45515385744488,222.7870913237918,199.83333333333334,189.10203073441807,210.56463593224862,4563.666666666667,4252.097961764426,4875.235371568908,1250.0,1250.0,1250.0,-6.567279763260843,-8.706878299049524,-4.427681227472162,5.886689471247194,4.209237319811432,7.564141622682955,3.98774004294243,2.694325922191234,5.281154163693627,,,,,,,0.22290470698398926,0.18955081570550505,0.25625859826247344,0.332328804682566,0.26859509388394365,0.3960625154811883,w-none.g-high.v-none
w-none.g-high.v-none,cap_c,0.1,6,1.3126176797128342,0.7843580359060371,1.8408773235196312,-14.402055133866904,-15.784882272891615,-13.019227994842193,6.097963564187104,5.914950214420478,6.28097691395373,0.19033544559157178,-0.14892098438722134,0.5295918755703649,-0.45610878424981,-0.783502725189456,-0.12871484331016403,-0.052391749207092886,-0.7765944800233725,0.6718109816091867,-1.282203865671861,-1.9521181187447327,-0.6122896125989894,805.3333333333334,-889.3295302856098,2499.9961969522765,413.2422451812367,380.91030771488977,445.5741826475836,409.8333333333333,388.4864950745263,431.1801715921403,4353.666666666667,4051.894032262711,4655.439301070623,2500.0,2500.0,2500.0,-6.567279763260843,-8.706878299049524,-4.427681227472162,5.886689471247194,4.209237319811432,7.564141622682955,3.98774004294243,2.694325922191234,5.281154163693627,,,,,,,0.21833213309660393,0.18308611241385708,0.2535781537793508,0.32565397598519513,0.25871781156045925,0.392590140409931,w-none.g-high.v-none
w-none.g-high.v-none,cap_c,0.15,6,1.338440065813107,0.8233076603325242,1.8535724712936898,-14.333585308186997,-15.7484682657405,-12.918702350633493,6.100688088271507,5.9593846867080265,6.241991489834988,0.1659068563841612,-0.13255998228568255,0.46437369505400494,-0.353443352271015,-0.7020495428478212,-0.00483716169420878,-0.1512471542189438,-0.8758174537821195,0.573323145344232,-1.3845951328047235,-2.068469949055153,-0.700720316554294,485.3333333333333,-338.46299359268966,1309.1296602593563,619.863367771855,571.3654615723345,668.3612739713755,611.1666666666666,575.9617895453233,646.37154378801,4152.333333333333,3864.3557517262225,4440.310914940444,3750.0,3750.0,3750.0,-6.567279763260843,-8.706878299049524,-4.427681227472162,5.886689471247194,4.209237319811432,7.564141622682955,3.98774004294243,2.694325922191234,5.281154163693627,,,,,,,0.22330676714142994,0.19207642025569185,0.25453711402716805,0.3328763110817083,0.271187067618152,0.3945655545452646,w-none.g-high.v-none
w-none.g-high.v-none,cap_c,0.25,6,1.3362491364617357,0.8111008084433659,1.8613974644801057,-14.321442483516156,-15.716708400310079,-12.926176566722233,6.128084887596544,5.987106413515721,6.269063361677367,0.14237433713229405,-0.13884991537329375,0.4235985896378819,-0.24994114651795832,-0.4991275460609634,-0.0007547469749532576,0.02662997482724233,-0.7229311240893448,0.7761910737438296,-1.2313724265810293,-1.902645508446227,-0.5600993447158316,1888.0,-40.78482478433034,3816.7848247843303,1033.1056129530916,952.2757692872243,1113.9354566189588,1019.1666666666666,953.2226272143494,1085.110706118984,3744.3333333333335,3488.4752711536794,4000.1913955129876,6250.0,6250.0,6250.0,-6.567279763260843,-8.706878299049524,-4.427681227472162,5.886689471247194,4.209237319811432,7.564141622682955,3.98774004294243,2.694325922191234,5.281154163693627,,,,,,,0.22106685127131454,0.19135280863310114,0.25078089390952796,0.3314579873326005,0.2597601227090502,0.40315585195615083,w-none.g-high.v-none
w-none.g-high.v-none,cap_t,0.0,6,1.2198993298709133,0.8053261526350892,1.6344725071067374,-14.457720054497415,-15.88475397999887,-13.03068612899596,5.966925002708574,5.673812864224068,6.260037141193079,0.27820444346157575,-0.009235355555845759,0.5656442424789973,-0.3336034671694266,-1.1972244324637968,0.5300174981249435,-0.22750877205767048,-1.012047810714406,0.557030266599065,-1.448808693462678,-2.1616244090555616,-0.7359929778697946,794.6666666666666,-914.1779082463371,2503.5112415796702,0.0,0.0,0.0,0.0,0.0,0.0,4763.5,4444.012939637175,5082.987060362825,0.0,0.0,0.0,-6.567279763260843,-8.706878299049524,-4.427681227472162,5.886689471247194,4.209237319811432,7.564141622682955,3.98774004294243,2.694325922191234,5.281154163693627,,,,,,,0.20667054323079728,0.1750731793489223,0.23826790711267226,0.3049118509275038,0.279585421725107,0.3302382801299006,w-none.g-high.v-none
w-none.g-high.v-none,cap_t,0.01,6,1.3255920388136493,0.8258518153881318,1.8253322622391668,-14.5651084672514,-15.857563011307613,-13.272653923195188,6.092189233126427,5.903076000964119,6.281302465288735,0.16243596905816624,-0.0919852248560167,0.4168571629723492,-0.1748337222435066,-1.068801496840766,0.7191340523537528,-0.2549423596604432,-1.0832236929710493,0.573338973650163,-1.4854422410087507,-2.2594131324224733,-0.7114713495950279,2080.0,-237.88382010733267,4397.883820107332,41.32422451812367,38.091030771488974,44.55741826475837,44.333333333333336,39.38130166809518,49.28536499857149,4719.166666666667,4402.28199139939,5036.051341933944,250.0,250.0,250.0,-6.567279763260843,-8.706878299049524,-4.427681227472162,5.886689471247194,4.209237319811432,7.564141622682955,3.98774004294243,2.694325922191234,5.281154163693627,,,,,,,0.2211722215168881,0.19183672710877936,0.2505077159249968,0.32953144604925766,0.2723502131338585,0.38671267896465683,w-none.g-high.v-none
w-none.g-high.v-none,cap_t,0.05,6,1.3400301275016915,0.8112677898483283,1.8687924651550547,-14.46756437931766,-15.804212496506125,-13.130916262129194,6.116352244081381,5.937957347660058,6.294747140502704,0.1532226331431801,-0.12918280849255273,0.43562807477891297,-0.20691125044689507,-0.7253140094762156,0.31149150858242547,-0.14158053669255796,-0.9668263708050044,0.6836652974198885,-1.3682820708576395,-2.130862741719846,-0.605701399995433,1040.0,-576.6487057858778,2656.6487057858776,206.62112259061834,190.45515385744488,222.7870913237918,199.83333333333334,189.10203073441807,210.56463593224862,4563.666666666667,4252.097961764426,4875.235371568908,1250.0,1250.0,1250.0,-6.567279763260843,-8.706878299049524,-4.427681227472162,5.886689471247194,4.209237319811432,7.564141622682955,3.98774004294243,2.694325922191234,5.281154163693627,,,,,,,0.22290925503507555,0.18955486076599343,0.2562636493041577,0.3323356438932622,0.26859972056916914,0.39607156721735526,w-none.g-high.v-none
w-none.g-high.v-none,cap_t,0.1,6,1.3126845837561194,0.7843455010292043,1.8410236664830344,-14.402056183408497,-15.784883271415126,-13.019229095401869,6.097956309865746,5.9149471966053735,6.280965423126119,0.19244483928311332,-0.14798119291835757,0.5328708714845842,-0.3899220726720965,-0.7543192755876176,-0.025524869756575475,-0.052470628975184286,-0.7766345550845196,0.671693297134151,-1.282282754434501,-1.952162299019578,-0.6124032098494242,805.3333333333334,-889.3295302856098,2499.9961969522765,413.2422451812367,380.91030771488977,445.5741826475836,409.8333333333333,388.4864950745263,431.1801715921403,4353.666666666667,4051.894032262711,4655.439301070623,2500.0,2500.0,2500.0,-6.567279763260843,-8.706878299049524,-4.427681227472162,5.886689471247194,4.209237319811432,7.564141622682955,3.98774004294243,2.694325922191234,5.281154163693627,,,,,,,0.21834165106305128,0.18308281220461392,0.25360048992148865,0.3256665552134608,0.2587277853731483,0.39260532505377327,w-none.g-high.v-none
w-none.g-high.v-none,cap_t,0.15,6,1.3385220651021454,0.8232877761404637,1.8537563540638273,-14.333586008280923,-15.748467837233996,-12.91870417932785,6.100684806856019,5.959377093047586,6.241992520664452,0.16679984355048028,-0.1342005556733628,0.46780024277432336,-0.35345309080766657,-0.702074513645854,-0.004831667969479092,-0.1513352227811589,-0.8760212289274409,0.5733507833651232,-1.3846831992872284,-2.068687079072036,-0.7006793195024205,485.3333333333333,-338.46299359268966,1309.1296602593563,619.863367771855,571.3654615723345,668.3612739713755,611.1666666666666,575.9617895453233,646.37154378801,4152.333333333333,3864.3557517262225,4440.310914940444,3750.0,3750.0,3750.0,-6.567279763260843,-8.706878299049524,-4.427681227472162,5.886689471247194,4.209237319811432,7.564141622682955,3.98774004294243,2.694325922191234,5.281154163693627,,,,,,,0.22331814512291195,0.19207579675472736,0.25456049349109655,0.332895962261917,0.27116783917414256,0.3946240853496914,w-none.g-high.v-none
w-none.g-high.v-none,cap_t,0.25,6,1.3365217617867777,0.8116708031774345,1.861372720396121,-14.321445119184311,-15.716708310146851,-12.926181928221771,6.12807940958404,5.9870907013374595,6.269068117830621,0.14232057288896074,-0.13891888887522827,0.42356003465314973,-0.24994071924500502,-0.499142363603869,-0.0007390748861410557,0.02636788923185235,-0.7233297973082196,0.7760655757719244,-1.2316345141541076,-1.9029999948024963,-0.5602690335057191,2229.3333333333335,76.55894207124402,4382.107724595423,1033.1056129530916,952.2757692872243,1113.9354566189588,1019.1666666666666,953.2226272143494,1085.110706118984,3744.3333333333335,3488.4752711536794,4000.1913955129876,6250.0,6250.0,6250.0,-6.567279763260843,-8.706878299049524,-4.427681227472162,5.886689471247194,4.209237319811432,7.564141622682955,3.98774004294243,2.694325922191234,5.281154163693627,,,,,,,0.2211312177139846,0.19147690082794053,0.2507855346000287,0.3315502859343991,0.2599240764560958,0.40317649541270245,w-none.g-high.v-none
w-none.g-high.v-none,opc,,6,1.3228847799451113,0.738708170775794,1.9070613891144288,6.080146862088959,5.7885446837258625,6.371749040452056,,,,0.13929265102870977,0.052457044992073154,0.2261282570653464,0.0811177899126228,0.005900294297289138,0.15633528552795647,,,,,,,,,,,,,,,,,,,,,,-6.567279763260843,-8.706878299049524,-4.427681227472162,5.886689471247194,4.209237319811432,7.564141622682955,3.98774004294243,2.694325922191234,5.281154163693627,0.19855986237403841,-0.5136461664486021,0.910765891196679,-1.0535278057690138,-1.7134046274246675,-0.3936509841133601,0.21764148120051865,0.16951882796598627,0.26576413443505104,0.3211879838894462,0.26503428343003377,0.3773416843488586,w-none.g-high.v-none
w-none.g-high.v-none,dm_own,,6,0.8127797421699654,0.437431107372763,1.1881283769671678,5.588668584750825,5.460661883729218,5.716675285772432,,,,0.34460228144613664,0.21090626580877853,0.47829829708349475,0.08145261974260808,-0.010003810721267575,0.17290905020648373,,,,,,,,,,,,,,,,,,,,,,-6.567279763260843,-8.706878299049524,-4.427681227472162,5.886689471247194,4.209237319811432,7.564141622682955,3.98774004294243,2.694325922191234,5.281154163693627,1.177832121741136,0.7889415273032412,1.566722716179031,1.027964399494981,0.5885516357481266,1.4673771632418353,0.13211811187431435,0.10128576052695407,0.16295046322167464,0.19719224633456045,0.14695163623665097,0.24743285643246993,w-none.g-high.v-none
w-none.g-none.v-high,warm_c,0.0,6,1.1450920036033303,0.5390781532322976,1.7511058539743631,-13.905675111499491,-15.047411757199377,-12.763938465799605,5.581632740121026,4.759737023921122,6.403528456320929,0.09507589536620065,-0.01436768464740415,0.20451947537980544,0.49114548631084815,-0.09417266358270776,1.076463636204404,-0.6551909802929541,-1.3913774326501125,0.08099547206420432,-1.9186055923132734,-2.6420805226331407,-1.1951306619934061,2066.6666666666665,-266.30959539229434,4399.642928725627,0.0,0.0,0.0,0.0,0.0,0.0,4561.833333333333,4307.260564679348,4816.406101987318,0.0,0.0,0.0,-5.512336916254362,-7.225547497596628,-3.799126334912096,6.941632318253675,5.501768449467016,8.381496187040334,3.464445937110856,2.04682533407568,4.882066540146032,,,,,,,0.1657482489335843,0.09214858995936005,0.23934790790780858,0.1657482489335843,0.09214858995936005,0.23934790790780858,w-none.g-none.v-high
w-none.g-none.v-high,warm_c,0.01,6,1.110373803198209,0.5224430159307402,1.698304590465678,-13.882244888289888,-15.048517669353014,-12.715972107226762,5.563338536365873,4.744734942427969,6.381942130303778,0.10522501968858271,-0.0049970431623952705,0.21544708253956069,0.4905488404566283,-0.12277620464010841,1.103873885553365,-0.5354278442621068,-1.3087695244284525,0.23791383590423887,-1.8018658155887683,-2.5591750188699143,-1.0445566123076224,2226.6666666666665,43.77810860943055,4409.555224723903,39.25057558033793,36.487946127170915,42.013205033504946,41.833333333333336,38.984996679162805,44.68166998750387,4520.0,4263.776038587454,4776.223961412546,250.0,250.0,250.0,-5.512336916254362,-7.225547497596628,-3.799126334912096,6.941632318253675,5.501768449467016,8.381496187040334,3.464445937110856,2.04682533407568,4.882066540146032,,,,,,,0.16116731470391507,0.08799179839888528,0.23434283100894487,0.16116731470391507,0.08799179839888528,0.23434283100894487,w-none.g-none.v-high
w-none.g-none.v-high,warm_c,0.05,6,1.0723063264747719,0.5000313592015941,1.6445812937479496,-13.806464932179212,-15.02487286281356,-12.588057001544865,5.537266154180909,4.741678764208853,6.3328535441529645,0.12671819244063168,0.01254966568163099,0.24088671919963237,0.48951995908675494,-0.1011020406684332,1.080141958841943,-0.5779918480331366,-1.346277869475934,0.19029417340966082,-1.84673326046852,-2.5964055388169145,-1.0970609821201254,989.3333333333334,-655.4419814754727,2634.1086481421394,196.25287790168966,182.43973063585457,210.06602516752474,188.83333333333334,177.31023053651563,200.35643613015105,4373.0,4127.771343082666,4618.228656917334,1250.0,1250.0,1250.0,-5.512336916254362,-7.225547497596628,-3.799126334912096,6.941632318253675,5.501768449467016,8.381496187040334,3.464445937110856,2.04682533407568,4.882066540146032,,,,,,,0.1560313746929847,0.08307356689188737,0.228989182494082,0.1560313746929847,0.08307356689188737,0.228989182494082,w-none.g-none.v-high
w-none.g-none.v-high,warm_c,0.1,6,1.0363323270012368,0.4362751612974993,1.6363894927049742,-13.818732227372456,-15.052089843241664,-12.585374611503248,5.503314441797708,4.706282061328052,6.300346822267365,0.17656346856248648,0.03196325575086223,0.3211636813741107,0.006656163384210083,-1.0890943732379617,1.102406700006382,-0.5598949029528496,-1.3252259321402096,0.20543612623451024,-1.8297706889672278,-2.5756191816279967,-1.083922196306459,1213.3333333333333,-491.30715783158735,2917.9738244982536,392.5057558033793,364.87946127170915,420.1320503350495,389.5,363.94241750965915,415.05758249034085,4172.333333333333,3938.030600012868,4406.6360666537985,2500.0,2500.0,2500.0,-5.512336916254362,-7.225547497596628,-3.799126334912096,6.941632318253675,5.501768449467016,8.381496187040334,3.464445937110856,2.04682533407568,4.882066540146032,,,,,,,0.15055577451203678,0.07439148714575744,0.22672006187831611,0.15055577451203678,0.07439148714575744,0.22672006187831611,w-none.g-none.v-high
w-none.g-none.v-high,warm_c,0.15,6,1.031888677669283,0.4068100726604963,1.6569672826780697,-13.770473663220983,-15.02454341415184,-12.516403912290126,5.497025830949608,4.6847440661188635,6.309307595780352,0.21537657716053324,0.03703014347683384,0.39372301084423267,-0.016804020249684932,-0.521908548297118,0.4883005077977481,-0.5340923876077907,-1.4693529503499854,0.40116817513440406,-1.8080228051008322,-2.72376307783691,-0.8922825323647543,1405.3333333333333,-782.2515101215783,3592.9181767882446,588.7586337050691,547.3191919075639,630.1980755025743,571.6666666666666,539.1872411260828,604.1460922072505,3990.1666666666665,3764.2512592037133,4216.082074129619,3750.0,3750.0,3750.0,-5.512336916254362,-7.225547497596628,-3.799126334912096,6.941632318253675,5.501768449467016,8.381496187040334,3.464445937110856,2.04682533407568,4.882066540146032,,,,,,,0.14928625550560407,0.07142916781218567,0.22714334319902246,0.14928625550560407,0.07142916781218567,0.22714334319902246,w-none.g-none.v-high
w-none.g-none.v-high,warm_c,0.25,6,1.0246452935986843,0.4276475041632656,1.6216430830341029,-13.789634714001208,-15.05868252763485,-12.520586900367565,5.4900190130046385,4.673507804284075,6.306530221725202,0.18936367122419226,-0.07649572369031363,0.4552230661386981,0.036845846173299994,-0.3502685368193122,0.4239602291659122,-0.40537730738892713,-1.1023616349955565,0.2916070202177022,-1.6761823282802568,-2.3401508405064138,-1.0122138160540999,872.0,-803.4578350814693,2547.457835081469,981.2643895084484,912.1986531792732,1050.3301258376237,963.5,904.5267590260098,1022.4732409739902,3598.3333333333335,3401.9888143095177,3794.6778523571493,6250.0,6250.0,6250.0,-5.512336916254362,-7.225547497596628,-3.799126334912096,6.941632318253675,5.501768449467016,8.381496187040334,3.464445937110856,2.04682533407568,4.882066540146032,,,,,,,0.1485734772163601,0.07507304876190651,0.2220739056708137,0.1485734772163601,0.07507304876190651,0.2220739056708137,w-none.g-none.v-high
w-none.g-none.v-high,warm_t,0.0,6,0.17375428161580572,-0.07607322231011021,0.42358178554172166,-13.866115864095647,-15.130099725319525,-12.60213200287177,4.700966412506041,4.22597710494362,5.175955720068462,0.11597215190894451,-0.14370098523130814,0.37564528904919714,0.3687256808995733,-0.4122532353260004,1.149704597125147,-0.5351800377302393,-1.1112800575458173,0.040919982085338646,-1.789327844582603,-2.3882121596062307,-1.1904435295589753,720.0,-1015.7348239251344,2455.734823925134,0.0,0.0,0.0,0.0,0.0,0.0,4561.833333333333,4307.260564679348,4816.406101987318,0.0,0.0,0.0,-5.512336916254362,-7.225547497596628,-3.799126334912096,6.941632318253675,5.501768449467016,8.381496187040334,3.464445937110856,2.04682533407568,4.882066540146032,,,,,,,0.023588406474505687,-0.0068976432358202645,0.05407445618483164,0.023588406474505687,-0.0068976432358202645,0.05407445618483164,w-none.g-none.v-high
w-none.g-none.v-high,warm_t,0.01,6,0.18414054245803058,-0.07637633148390327,0.4446574163999644,-13.84522083104351,-15.128825351745666,-12.561616310341355,4.612327677151811,3.988434335483332,5.23622101882029,0.11811638781688005,-0.14589940841493526,0.38213218404869537,0.355819572843265,-0.4175647828714632,1.1292039285579931,-0.5088821184756541,-1.0920468374361465,0.07428260048483837,-1.7664300863028555,-2.3729799408770185,-1.1598802317286925,1048.0,-732.2150589856412,2828.215058985641,39.25057558033793,36.487946127170915,42.013205033504946,41.833333333333336,38.984996679162805,44.68166998750387,4520.0,4263.776038587454,4776.223961412546,250.0,250.0,250.0,-5.512336916254362,-7.225547497596628,-3.799126334912096,6.941632318253675,5.501768449467016,8.381496187040334,3.464445937110856,2.04682533407568,4.882066540146032,,,,,,,0.024973305180830185,-0.006815335013808543,0.056761945375468914,0.024973305180830185,-0.006815335013808543,0.056761945375468914,w-none.g-none.v-high
w-none.g-none.v-high,warm_t,0.05,6,0.09059907095691905,-0.02652396160939907,0.20772210352323717,-13.947040135623467,-14.9947511331389,-12.899329138108035,4.541562129612046,3.942838442935506,5.1402858162885865,0.2229245945842756,-0.10730747017111897,0.5531566593396702,0.5687704991616584,-0.11340994485870104,1.2509509431820178,-0.5402658189186819,-1.0448566263242665,-0.03567501151309738,-1.7914666923805402,-2.327554180039984,-1.2553792047210965,882.6666666666666,-819.9217082544925,2585.255041587826,196.25287790168966,182.43973063585457,210.06602516752474,188.83333333333334,177.31023053651563,200.35643613015105,4373.0,4127.771343082666,4618.228656917334,1250.0,1250.0,1250.0,-5.512336916254362,-7.225547497596628,-3.799126334912096,6.941632318253675,5.501768449467016,8.381496187040334,3.464445937110856,2.04682533407568,4.882066540146032,,,,,,,0.014345575260610864,-0.006130181513344468,0.034821332034566194,0.014345575260610864,-0.006130181513344468,0.034821332034566194,w-none.g-none.v-high
w-none.g-none.v-high,warm_t,0.1,6,0.09036021411939858,-0.033346466727306165,0.21406689496610332,-13.94456654984364,-15.025655922724795,-12.863477176962487,4.554065189257859,3.970255359820597,5.13787501869512,0.22909277687417814,-0.10930685625586886,0.5674924100042251,0.5397980299670834,-0.0952237826354031,1.17481984256957,-0.45335395957067837,-0.9866335701342147,0.07992565099285798,-1.709177146689986,-2.274415042253441,-1.1439392511265312,1394.6666666666667,-801.3050978574304,3590.638431190764,392.5057558033793,364.87946127170915,420.1320503350495,389.5,363.94241750965915,415.05758249034085,4172.333333333333,3938.030600012868,4406.6360666537985,2500.0,2500.0,2500.0,-5.512336916254362,-7.225547497596628,-3.799126334912096,6.941632318253675,5.501768449467016,8.381496187040334,3.464445937110856,2.04682533407568,4.882066540146032,,,,,,,0.014382249976907483,-0.006698435011931807,0.035462934965746776,0.014382249976907483,-0.006698435011931807,0.035462934965746776,w-none.g-none.v-high
w-none.g-none.v-high,warm_t,0.15,6,0.08611545092389594,-0.04476074056942564,0.21699164241721752,-13.928926819399763,-15.016795381093038,-12.841058257706488,4.626189459355071,4.125292634647573,5.12708628406257,0.23371599100504245,-0.10382328868512816,0.5712552706952131,0.53036515676381,-0.023904219440901375,1.0846345329685214,-0.4861595986614504,-1.0681609017218674,0.09584170439896655,-1.740586555334672,-2.3517395737802427,-1.1294335368891013,1397.3333333333333,-796.4354699843941,3591.1021366510604,588.7586337050691,547.3191919075639,630.1980755025743,571.6666666666666,539.1872411260828,604.1460922072505,3990.1666666666665,3764.2512592037133,4216.082074129619,3750.0,3750.0,3750.0,-5.512336916254362,-7.225547497596628,-3.799126334912096,6.941632318253675,5.501768449467016,8.381496187040334,3.464445937110856,2.04682533407568,4.882066540146032,,,,,,,0.013809799231215754,-0.007868327895088996,0.0354879263575205,0.013809799231215754,-0.007868327895088996,0.0354879263575205,w-none.g-none.v-high
w-none.g-none.v-high,warm_t,0.25,6,0.10216970078004567,-0.03707020167246006,0.2414096032325514,-13.868014533874756,-14.986170228618118,-12.749858839131395,4.562567954954804,3.9790629744687984,5.1460729354408095,0.23296670242220854,-0.09802942497965669,0.5639628298240738,0.4506270242217633,-0.025566781182836118,0.9268208296263627,-0.44471560433735813,-1.1297609982573393,0.24032978958262308,-1.7017140864132605,-2.4068425495407926,-0.9965856232857283,2066.6666666666665,-266.30959539229434,4399.642928725627,981.2643895084484,912.1986531792732,1050.3301258376237,963.5,904.5267590260098,1022.4732409739902,3598.3333333333335,3401.9888143095177,3794.6778523571493,6250.0,6250.0,6250.0,-5.512336916254362,-7.225547497596628,-3.799126334912096,6.941632318253675,5.501768449467016,8.381496187040334,3.464445937110856,2.04682533407568,4.882066540146032,,,,,,,0.016094933132485872,-0.007288001663973375,0.039477867928945115,0.016094933132485872,-0.007288001663973375,0.039477867928945115,w-none.g-none.v-high
w-none.g-none.v-high,cap_c,0.0,6,1.0339078981326582,0.36948749563190897,1.6983283006334073,-14.13478091951776,-15.246956553417231,-13.02260528561829,5.56086408718386,4.725675931262527,6.396052243105192,0.10316428497428819,-0.020722262351309917,0.2270508322998863,-0.23917670633395008,-0.5571993344281905,0.07884592176029029,-0.552055575220305,-1.1659765642833384,0.06186541384272848,-1.7988098354725572,-2.3382885098714747,-1.2593311610736397,2069.3333333333335,-260.5532035829319,4399.219870249599,0.0,0.0,0.0,0.0,0.0,0.0,4561.833333333333,4307.260564679348,4816.406101987318,0.0,0.0,0.0,-5.512336916254362,-7.225547497596628,-3.799126334912096,6.941632318253675,5.501768449467016,8.381496187040334,3.464445937110856,2.04682533407568,4.882066540146032,,,,,,,0.1563900960079057,0.04878128114116485,0.26399891087464655,0.28459621985662403,0.12418634462603165,0.44500609508721645,w-none.g-none.v-high
w-none.g-none.v-high,cap_c,0.01,6,1.0195801217128573,0.37670410586796355,1.6624561375577511,-14.10913439605011,-15.242326468010177,-12.975942324090042,5.571590354668113,4.818073548044152,6.325107161292074,0.11299071388346839,-0.019231604079211775,0.24521303184614857,-0.21172306974358002,-0.4424645596960035,0.01901842020884345,-0.6077252866620202,-1.2410107942885458,0.025560220964505498,-1.8483259353541144,-2.40646742749832,-1.2901844432099088,842.6666666666666,-840.5447011125638,2525.878034445897,39.25057558033793,36.487946127170915,42.013205033504946,41.833333333333336,38.984996679162805,44.68166998750387,4520.0,4263.776038587454,4776.223961412546,250.0,250.0,250.0,-5.512336916254362,-7.225547497596628,-3.799126334912096,6.941632318253675,5.501768449467016,8.381496187040334,3.464445937110856,2.04682533407568,4.882066540146032,,,,,,,0.15446539516369726,0.04883929299780852,0.260091497329586,0.2827088639447171,0.12655542753589538,0.43886230035353885,w-none.g-none.v-high
w-none.g-none.v-high,cap_c,0.05,6,1.0198939560727889,0.38965856475836236,1.6501293473872154,-14.015115894964767,-15.181395711143493,-12.848836078786041,5.577497687834299,4.804041165326893,6.350954210341705,0.11149354477793388,-0.015293984512985193,0.23828107406885296,-0.20190907245737008,-0.4174757917388636,0.013657646824123487,-0.4608323627819669,-0.9540808217444143,0.032416096180480525,-1.7044225025070217,-2.1410651976738824,-1.267779807340161,1765.3333333333333,-286.8960232517104,3817.562689918377,196.25287790168966,182.43973063585457,210.06602516752474,188.83333333333334,177.31023053651563,200.35643613015105,4373.0,4127.771343082666,4618.228656917334,1250.0,1250.0,1250.0,-5.512336916254362,-7.225547497596628,-3.799126334912096,6.941632318253675,5.501768449467016,8.381496187040334,3.464445937110856,2.04682533407568,4.882066540146032,,,,,,,0.1549329129409989,0.049491583715969206,0.26037424216602856,0.2852432277501252,0.12947487568082774,0.44101157981942263,w-none.g-none.v-high
w-none.g-none.v-high,cap_c,0.1,6,1.054668530070342,0.5103158238780677,1.5990212362626162,-13.993606452967471,-15.167232192387926,-12.819980713547016,5.598709323667993,4.956756446125668,6.240662201210318,0.06226574131037258,-0.05233486108531408,0.17686634370605925,-0.15604531624613346,-0.39369388814345213,0.0816032556511852,-0.5663430497731502,-1.2294199766563834,0.09673387711008297,-1.8048841748987225,-2.379298953638269,-1.2304693961591757,1408.0,-777.3562263442523,3593.3562263442523,392.5057558033793,364.87946127170915,420.1320503350495,389.5,363.94241750965915,415.05758249034085,4172.333333333333,3938.030600012868,4406.6360666537985,2500.0,2500.0,2500.0,-5.512336916254362,-7.225547497596628,-3.799126334912096,6.941632318253675,5.501768449467016,8.381496187040334,3.464445937110856,2.04682533407568,4.882066540146032,,,,,,,0.15786301902642352,0.06709036966864587,0.24863566838420117,0.29896511299255063,0.1894631654889702,0.4084670604961311,w-none.g-none.v-high
w-none.g-none.v-high,cap_c,0.15,6,1.0824714244928035,0.5615148575957731,1.603427991389834,-14.11229509459919,-15.214435610652616,-13.010154578545764,5.657195167769863,5.056763959653069,6.257626375886656,0.0500152917301655,-0.030392215928386465,0.13042279938871748,-0.035233645146956837,-0.24825998263507554,0.17779269234116185,-0.462120800479914,-0.8721462742251765,-0.05209532673465145,-1.7111781459440383,-2.0776801250089147,-1.3446761668791616,2858.6666666666665,845.2433219532256,4872.090011380107,588.7586337050691,547.3191919075639,630.1980755025743,571.6666666666666,539.1872411260828,604.1460922072505,3990.1666666666665,3764.2512592037133,4216.082074129619,3750.0,3750.0,3750.0,-5.512336916254362,-7.225547497596628,-3.799126334912096,6.941632318253675,5.501768449467016,8.381496187040334,3.464445937110856,2.04682533407568,4.882066540146032,,,,,,,0.16050886630829678,0.0793703425737846,0.24164739004280894,0.30721757951367623,0.2206329999443455,0.393802159083007,w-none.g-none.v-high
w-none.g-none.v-high,cap_c,0.25,6,1.0669368899683844,0.553608812468992,1.580264967467777,-13.985744413946756,-15.192389485016855,-12.779099342876657,5.605422112101749,5.031553495515863,6.1792907286876355,0.0595913256012881,-0.034480583412261234,0.15366323461483744,-0.0635012181950001,-0.2566469423114895,0.1296445059214893,-0.444528657702042,-1.0301467726707658,0.14108945726668187,-1.694296513644808,-2.228018596180644,-1.160574431108972,778.6666666666666,-929.0226105930991,2486.3559439264322,981.2643895084484,912.1986531792732,1050.3301258376237,963.5,904.5267590260098,1022.4732409739902,3598.3333333333335,3401.9888143095177,3794.6778523571493,6250.0,6250.0,6250.0,-5.512336916254362,-7.225547497596628,-3.799126334912096,6.941632318253675,5.501768449467016,8.381496187040334,3.464445937110856,2.04682533407568,4.882066540146032,,,,,,,0.15753569535433756,0.08068941310057003,0.23438197760810509,0.30208246007687284,0.22326314982163548,0.3809017703321102,w-none.g-none.v-high
w-none.g-none.v-high,cap_t,0.0,6,1.0338670436631847,0.3695182997169604,1.698215787609409,-14.134775629628072,-15.246939656897716,-13.022611602358428,5.5608602958077435,4.725679592231534,6.396040999383953,0.08776243341312856,-0.043840655784187416,0.21936552261044454,-0.2407572618367133,-0.5572057204861586,0.07569119681273195,-0.5520417422068148,-1.1658346855578463,0.06175120114421673,-1.7987960391009121,-2.3381632919241238,-1.2594287862777003,2069.3333333333335,-260.5532035829319,4399.219870249599,0.0,0.0,0.0,0.0,0.0,0.0,4561.833333333333,4307.260564679348,4816.406101987318,0.0,0.0,0.0,-5.512336916254362,-7.225547497596628,-3.799126334912096,6.941632318253675,5.501768449467016,8.381496187040334,3.464445937110856,2.04682533407568,4.882066540146032,,,,,,,0.1563792143400234,0.0487932521964239,0.2639651764836229,0.28458755704599564,0.12422518325136622,0.44494993084062506,w-none.g-none.v-high
w-none.g-none.v-high,cap_t,0.01,6,1.0195682038263727,0.37675189924790986,1.6623845084048354,-14.109130269158468,-15.24231326474054,-12.975947273576397,5.571586614801734,4.818075941995743,6.325097287607725,0.10188420594832853,-0.03796667754080399,0.24173508943746105,-0.21203739190487672,-0.4423662615206449,0.018291477710891457,-0.606706246613684,-1.2413355122948997,0.027923019067531807,-1.8472989723548994,-2.4067946800551203,-1.2878032646546782,842.6666666666666,-840.5447011125638,2525.878034445897,39.25057558033793,36.487946127170915,42.013205033504946,41.833333333333336,38.984996679162805,44.68166998750387,4520.0,4263.776038587454,4776.223961412546,250.0,250.0,250.0,-5.512336916254362,-7.225547497596628,-3.799126334912096,6.941632318253675,5.501768449467016,8.381496187040334,3.464445937110856,2.04682533407568,4.882066540146032,,,,,,,0.1544607845516606,0.0488489002912441,0.2600726688120771,0.282707684881823,0.12659093293907525,0.4388244368245708,w-none.g-none.v-high
w-none.g-none.v-high,cap_t,0.05,6,1.0198963620948556,0.3896225640049864,1.6501701601847247,-14.01511302659263,-15.181383931815326,-12.848842121369934,5.577471411048317,4.804044382712538,6.350898439384096,0.10793533260085354,-0.022477452634924608,0.23834811783663168,-0.20030630214252498,-0.41775890406236704,0.017146299777317103,-0.4586365647409251,-0.9477449629271472,0.030471833445296914,-1.7022037170390154,-2.134756562549109,-1.2696508715289219,1765.3333333333333,-286.8960232517104,3817.562689918377,196.25287790168966,182.43973063585457,210.06602516752474,188.83333333333334,177.31023053651563,200.35643613015105,4373.0,4127.771343082666,4618.228656917334,1250.0,1250.0,1250.0,-5.512336916254362,-7.225547497596628,-3.799126334912096,6.941632318253675,5.501768449467016,8.381496187040334,3.464445937110856,2.04682533407568,4.882066540146032,,,,,,,0.15493376821925012,0.0494859845654341,0.2603815518730661,0.2852424553294657,0.12945905373289537,0.441025856926036,w-none.g-none.v-high
w-none.g-none.v-high,cap_t,0.1,6,1.054580808582724,0.5101214925772517,1.5990401245881962,-13.993607498997958,-15.167225675251558,-12.819989322744359,5.598664150943182,4.956655501546063,6.240672800340301,0.060975527166390785,-0.054495467309158586,0.17644652164194016,-0.15580150344655677,-0.39364675545996575,0.0820437485668522,-0.5684355973826984,-1.2288261848988364,0.09195499013343944,-1.806929672688369,-2.378758867453567,-1.235100477923171,1408.0,-777.3562263442523,3593.3562263442523,392.5057558033793,364.87946127170915,420.1320503350495,389.5,363.94241750965915,415.05758249034085,4172.333333333333,3938.030600012868,4406.6360666537985,2500.0,2500.0,2500.0,-5.512336916254362,-7.225547497596628,-3.799126334912096,6.941632318253675,5.501768449467016,8.381496187040334,3.464445937110856,2.04682533407568,4.882066540146032,,,,,,,0.15785033827083006,0.06706562040932484,0.24863505613233527,0.2989281246102384,0.18939364414528453,0.4084626050751922,w-none.g-none.v-high
w-none.g-none.v-high,cap_t,0.15,6,1.0823639193193235,0.5611370260276087,1.6035908126110383,-14.112304222934398,-15.214434970221614,-13.010173475647182,5.657129622573812,5.056642166140766,6.257617079006859,0.05011966071532906,-0.030385876210423636,0.13062519764108177,-0.03523890153220832,-0.24825777203853114,0.1777799689741145,-0.45800404364071445,-0.8754965662164007,-0.040511521065028144,-1.7074649645213515,-2.0802150468455483,-1.3347148821971548,2858.6666666666665,845.2433219532256,4872.090011380107,588.7586337050691,547.3191919075639,630.1980755025743,571.6666666666666,539.1872411260828,604.1460922072505,3990.1666666666665,3764.2512592037133,4216.082074129619,3750.0,3750.0,3750.0,-5.512336916254362,-7.225547497596628,-3.799126334912096,6.941632318253675,5.501768449467016,8.381496187040334,3.464445937110856,2.04682533407568,4.882066540146032,,,,,,,0.1604926148829644,0.07932026222783543,0.24166496753809336,0.3071564192620344,0.22049106875079494,0.3938217697732739,w-none.g-none.v-high
w-none.g-none.v-high,cap_t,0.25,6,1.0668108637088576,0.5538762040341959,1.5797455233835191,-13.985726965778335,-15.192380759387516,-12.779073172169154,5.605472827099128,5.031644302772403,6.179301351425853,0.060059983730013,-0.0345505120346229,0.1546704794946489,-0.06357002627719843,-0.2568501799276862,0.12971012737328932,-0.445660066368984,-1.0304030092311807,0.13908287649321266,-1.695397838993359,-2.2278417053789745,-1.1629539726077438,778.6666666666666,-929.0226105930991,2486.3559439264322,981.2643895084484,912.1986531792732,1050.3301258376237,963.5,904.5267590260098,1022.4732409739902,3598.3333333333335,3401.9888143095177,3794.6778523571493,6250.0,6250.0,6250.0,-5.512336916254362,-7.225547497596628,-3.799126334912096,6.941632318253675,5.501768449467016,8.381496187040334,3.464445937110856,2.04682533407568,4.882066540146032,,,,,,,0.15752492345432714,0.0807006542469257,0.2343491926617286,0.30207654650213134,0.22329545258452965,0.380857640419733,w-none.g-none.v-high
w-none.g-none.v-high,opc,,6,0.9648767514978193,0.3636984999166327,1.566055003079006,5.518714141784192,4.878826329379686,6.158601954188697,,,,0.19669413411621495,0.08769111267309022,0.3056971555593397,0.1107823442504513,0.04505771160131965,0.17650697689958295,,,,,,,,,,,,,,,,,,,,,,-5.512336916254362,-7.225547497596628,-3.799126334912096,6.941632318253675,5.501768449467016,8.381496187040334,3.464445937110856,2.04682533407568,4.882066540146032,-0.16291472807876037,-0.7343584415392791,0.4085289853817583,-1.400212728374789,-1.9148975873294014,-0.8855278694201765,0.14253533321633954,0.054461737156647705,0.23060892927603138,0.2622872105493567,0.1449164770390013,0.37965794405971215,w-none.g-none.v-high
w-none.g-none.v-high,dm_own,,6,0.6437510234654799,-0.058008555004875784,1.3455106019358354,5.197360730258204,4.483072150737096,5.911649309779312,,,,0.501236995569201,0.23673934675365926,0.7657346443847427,0.16077779826926633,-0.007507734986628517,0.3290633315251612,,,,,,,,,,,,,,,,,,,,,,-5.512336916254362,-7.225547497596628,-3.799126334912096,6.941632318253675,5.501768449467016,8.381496187040334,3.464445937110856,2.04682533407568,4.882066540146032,1.2055780499150215,0.8307643767260326,1.5803917231040103,1.0690645905327854,0.6458884357754867,1.492240745290084,0.09388345182726703,-0.003381197036360792,0.19114810069089483,0.1498754081679977,-0.027219259293281423,0.3269700756292768,w-none.g-none.v-high
high,warm_c,0.0,6,4.295093676844078,2.5191380082485644,6.071049345439592,-6.363702422395888,-7.77504347720979,-4.952361367581986,6.770397740794394,4.833738043501757,8.70705743808703,0.0,0.0,0.0,0.0,0.0,0.0,-0.9569422541694337,-2.2521010365834018,0.33821652824453463,-1.795341631159091,-3.074319600534321,-0.516363661783861,957.3333333333334,-708.2231461957482,2622.889812862415,0.0,0.0,0.0,0.0,0.0,0.0,2432.3333333333335,2074.956709937445,2789.709956729222,0.0,0.0,0.0,5.149422939257577,2.9041058218880513,7.394740056627103,17.603392173765613,15.709432448819852,19.497351898711372,12.0862616386613,10.592294416055367,13.580228861267233,,,,,,,0.24922236710686585,0.13706393253955818,0.3613808016741735,0.24922236710686585,0.13706393253955818,0.3613808016741735,high
high,warm_c,0.01,6,4.289313581028933,2.5121702500837406,6.066456911974126,-6.357505755428025,-7.777492841338633,-4.9375186695174165,6.780278705525631,4.862720748550394,8.697836662500869,0.0,0.0,0.0,0.0,0.0,0.0,-0.852670033129992,-2.1243165594511764,0.41897649319119246,-1.7038484110893517,-2.9321387098404017,-0.4755581123383019,397.3333333333333,5.932011335064431,788.7346553316022,17.746308643349536,13.812465213366885,21.680152073332188,19.666666666666668,12.436468902906984,26.89686443042635,2412.6666666666665,2058.375163745248,2766.958169588085,250.0,250.0,250.0,5.149422939257577,2.9041058218880513,7.394740056627103,17.603392173765613,15.709432448819852,19.497351898711372,12.0862616386613,10.592294416055367,13.580228861267233,,,,,,,0.24891595524177354,0.13667715227588248,0.36115475820766463,0.24891595524177354,0.13667715227588248,0.36115475820766463,high
high,warm_c,0.05,6,4.126997925430449,2.2247719801398995,6.029223870720998,-6.380246884286382,-7.772008226572012,-4.988485542000753,6.588779512048094,4.512311578311852,8.665247445784336,0.11019560926210463,-0.07470761507412897,0.2950988335983382,0.04165148855888497,-0.027100881763064445,0.1104038588808344,-0.6704121874830951,-1.9175735303765344,0.5767491554103443,-1.551716290009283,-2.7188851879034184,-0.3845473921151472,1565.3333333333333,-529.2866448423181,3659.9533115089844,88.73154321674768,69.06232606683444,108.40076036666092,86.5,66.66872055434702,106.33127944565298,2345.8333333333335,2003.6397961833754,2688.0268704832915,1250.0,1250.0,1250.0,5.149422939257577,2.9041058218880513,7.394740056627103,17.603392173765613,15.709432448819852,19.497351898711372,12.0862616386613,10.592294416055367,13.580228861267233,,,,,,,0.24000344668537354,0.12096256714043896,0.35904432623030813,0.24000344668537354,0.12096256714043896,0.35904432623030813,high
high,warm_c,0.1,6,4.16111615905437,2.3325314185873633,5.989700899521377,-6.3551048615687575,-7.778963234032904,-4.931246489104611,6.611138543172577,4.641556195357474,8.58072089098768,0.07733257160812644,-0.12145713227076795,0.27612227548702084,0.014664078867436653,-0.023031135905534343,0.05235929364040765,-0.9051390306390997,-2.2439256238591643,0.43364756258096493,-1.802507529884825,-3.0564549072493783,-0.5485601525202715,792.0,-918.4304614291248,2502.430461429125,177.46308643349536,138.1246521336689,216.80152073332184,171.0,141.68334342653736,200.31665657346264,2261.3333333333335,1931.671760929113,2590.9949057375543,2500.0,2500.0,2500.0,5.149422939257577,2.9041058218880513,7.394740056627103,17.603392173765613,15.709432448819852,19.497351898711372,12.0862616386613,10.592294416055367,13.580228861267233,,,,,,,0.24170789974450116,0.1267650983820926,0.3566507011069097,0.24170789974450116,0.1267650983820926,0.3566507011069097,high
high,warm_c,0.15,6,4.03977497606952,2.1213670054716207,5.958182946667419,-6.345841673116581,-7.78575528368389,-4.905928062549273,6.49612842672138,4.438426281820252,8.553830571622507,0.09204372558377315,-0.1445622034861676,0.3286496546537139,0.01128031783255839,-0.01771666228802061,0.04027729795313739,-0.8648975408169534,-2.1070249522272735,0.3772298705933669,-1.767610282743154,-2.933058649946956,-0.6021619155393516,1058.6666666666667,-713.9514303655276,2831.284763698861,266.19462965024303,207.18697820050332,325.20228109998277,254.33333333333334,199.90952954806744,308.75713711859925,2178.0,1874.1156192174901,2481.8843807825097,3750.0,3750.0,3750.0,5.149422939257577,2.9041058218880513,7.394740056627103,17.603392173765613,15.709432448819852,19.497351898711372,12.0862616386613,10.592294416055367,13.580228861267233,,,,,,,0.23506483643321385,0.1148658456478262,0.3552638272186015,0.23506483643321385,0.1148658456478262,0.3552638272186015,high
high,warm_c,0.25,6,3.8548980028844837,1.8497622413049615,5.860033764464006,-6.335991533159693,-7.784508087187967,-4.88747497913142,6.32526267183063,4.158762551452337,8.491762792208922,0.18827445980165955,-0.19772939038577472,0.5742783099890938,0.37763664543695336,-0.245534116907472,1.0008074077813787,-0.8597216176103668,-1.7978137419345541,0.07837050671382051,-1.7769900277829374,-2.6217268143036785,-0.9322532412621962,914.6666666666666,-769.4740655129139,2598.807398846247,443.6577160837384,345.3116303341722,542.0038018333046,431.1666666666667,333.05612660654737,529.2772067267861,2001.1666666666667,1741.569788055216,2260.763545278118,6250.0,6250.0,6250.0,5.149422939257577,2.9041058218880513,7.394740056627103,17.603392173765613,15.709432448819852,19.497351898711372,12.0862616386613,10.592294416055367,13.580228861267233,,,,,,,0.22466435802622362,0.1002938829421125,0.34903483311033473,0.22466435802622362,0.1002938829421125,0.34903483311033473,high
high,warm_t,0.0,6,0.4598473420779799,-0.09081064658423871,1.0105053307401985,-6.271595971150837,-7.72376136631561,-4.819430575986063,2.8565237978377858,2.079955322002326,3.6330922736732454,0.15733465005915853,-0.24710694349911044,0.5617762436174275,-0.07013196421415668,-0.2504119175205639,0.11014798909225054,-0.25285756712034124,-1.3127768887345135,0.807061754493831,-1.271590609359975,-2.2674906435572018,-0.27569057516274786,870.6666666666666,-839.6600837118602,2580.9934170451934,0.0,0.0,0.0,0.0,0.0,0.0,2432.3333333333335,2074.956709937445,2789.709956729222,0.0,0.0,0.0,5.149422939257577,2.9041058218880513,7.394740056627103,17.603392173765613,15.709432448819852,19.497351898711372,12.0862616386613,10.592294416055367,13.580228861267233,,,,,,,0.02834448113040047,-0.006924457601607006,0.06361341986240794,0.02834448113040047,-0.006924457601607006,0.06361341986240794,high
high,warm_t,0.01,6,0.460650038687262,-0.12789555659569068,1.0491956339702146,-6.285887802494364,-7.735650292633201,-4.836125312355527,2.874356930889579,2.1131572897895747,3.635556571989583,0.017094110666904944,-0.02684769970979787,0.061035921043607756,0.020195186404541623,-0.03171819293426252,0.07210856574334576,-0.28259239501881356,-1.3549351811102233,0.789750391072596,-1.2981822687953735,-2.309366590052277,-0.28699794753846986,865.3333333333334,-814.472259862937,2545.138926529604,17.746308643349536,13.812465213366885,21.680152073332188,19.666666666666668,12.436468902906984,26.89686443042635,2412.6666666666665,2058.375163745248,2766.958169588085,250.0,250.0,250.0,5.149422939257577,2.9041058218880513,7.394740056627103,17.603392173765613,15.709432448819852,19.497351898711372,12.0862616386613,10.592294416055367,13.580228861267233,,,,,,,0.02854807227712176,-0.009134553770293926,0.06623069832453744,0.02854807227712176,-0.009134553770293926,0.06623069832453744,high
high,warm_t,0.05,6,0.483230730286762,-0.13216435342853816,1.0986258140020622,-6.263120692406765,-7.731671439251394,-4.794569945562135,2.76332781555949,1.8244587036806976,3.7021969274382824,0.021494168122318292,-0.023375495180084322,0.06636383142472091,-0.02272046423649673,-0.14040344147854397,0.09496251300555052,-0.28849911421684,-1.32941404305102,0.7524158146173399,-1.3059125763122434,-2.2876752827461555,-0.32414986987833116,268.0,-172.6070250173343,708.6070250173343,88.73154321674768,69.06232606683444,108.40076036666092,86.5,66.66872055434702,106.33127944565298,2345.8333333333335,2003.6397961833754,2688.0268704832915,1250.0,1250.0,1250.0,5.149422939257577,2.9041058218880513,7.394740056627103,17.603392173765613,15.709432448819852,19.497351898711372,12.0862616386613,10.592294416055367,13.580228861267233,,,,,,,0.029996639536484584,-0.009606531466261094,0.06959981053923026,0.029996639536484584,-0.009606531466261094,0.06959981053923026,high
high,warm_t,0.1,6,0.5063167441271815,-0.1471990432068081,1.1598325314611713,-6.277691320645283,-7.755395813338502,-4.799986827952063,2.869548740034895,1.846316389884432,3.892781090185358,0.03557302068817001,-0.014689307544643551,0.08583534892098357,-0.03513189615671324,-0.13820093405683928,0.06793714174341281,-0.2658542739500833,-1.2781550373272847,0.7464464894271181,-1.2856068685081086,-2.241855771971564,-0.32935796504465287,440.0,-412.13140026542567,1292.1314002654258,177.46308643349536,138.1246521336689,216.80152073332184,171.0,141.68334342653736,200.31665657346264,2261.3333333333335,1931.671760929113,2590.9949057375543,2500.0,2500.0,2500.0,5.149422939257577,2.9041058218880513,7.394740056627103,17.603392173765613,15.709432448819852,19.497351898711372,12.0862616386613,10.592294416055367,13.580228861267233,,,,,,,0.031435077017603036,-0.010454435713123718,0.07332458974832978,0.031435077017603036,-0.010454435713123718,0.07332458974832978,high
high,warm_t,0.15,6,0.5157650422167616,-0.14933778468148862,1.1808678691150116,-6.289308279329941,-7.776172034227224,-4.802444524432658,2.8927456814429284,1.8566912474025827,3.9288001154832743,0.03698198536210215,-0.01992943536059482,0.09389340608479912,-0.025647324860466707,-0.14700534004998353,0.09571069032905012,-0.23192297130573322,-1.1941631324133566,0.7303171898018901,-1.2530953356895662,-2.1614685998686713,-0.34472207151046097,1544.0,-570.562555461011,3658.562555461011,266.19462965024303,207.18697820050332,325.20228109998277,254.33333333333334,199.90952954806744,308.75713711859925,2178.0,1874.1156192174901,2481.8843807825097,3750.0,3750.0,3750.0,5.149422939257577,2.9041058218880513,7.394740056627103,17.603392173765613,15.709432448819852,19.497351898711372,12.0862616386613,10.592294416055367,13.580228861267233,,,,,,,0.03199665941182715,-0.010653820182901563,0.07464713900655587,0.03199665941182715,-0.010653820182901563,0.07464713900655587,high
high,warm_t,0.25,6,0.5298697290304598,-0.12323589407915259,1.182975352140072,-6.3421198637921075,-7.796376238566554,-4.887863489017661,2.896135794134077,1.8955409276209534,3.8967306606472003,0.050604414726100146,-0.0066181083125812085,0.1078269377647815,0.4398339663910984,-0.14931656245005898,1.0289844952322558,-0.3327245495840148,-1.354729325075464,0.6892802259074344,-1.348873623070433,-2.3128597598973366,-0.38488748624352953,869.3333333333334,-841.8524493815286,2580.5191160481954,443.6577160837384,345.3116303341722,542.0038018333046,431.1666666666667,333.05612660654737,529.2772067267861,2001.1666666666667,1741.569788055216,2260.763545278118,6250.0,6250.0,6250.0,5.149422939257577,2.9041058218880513,7.394740056627103,17.603392173765613,15.709432448819852,19.497351898711372,12.0862616386613,10.592294416055367,13.580228861267233,,,,,,,0.032797355578942304,-0.009436715783215574,0.07503142694110018,0.032797355578942304,-0.009436715783215574,0.07503142694110018,high
high,cap_c,0.0,6,5.891440049716546,3.9114888503661707,7.871391249066921,-5.84888664581906,-7.387404144910949,-4.3103691467271705,8.389111024158995,6.107218930284345,10.671003118033644,0.123545708575655,-0.05526100077376109,0.30235241792507106,0.08392125542579,-0.04811745396855131,0.2159599648201313,-1.3504893609578283,-2.4712204796588697,-0.22975824225678676,-2.2455046958400566,-3.407142177548351,-1.0838672141317622,282.6666666666667,-147.08596240095517,712.4192957342885,0.0,0.0,0.0,0.0,0.0,0.0,2432.3333333333335,2074.956709937445,2789.709956729222,0.0,0.0,0.0,5.149422939257577,2.9041058218880513,7.394740056627103,17.603392173765613,15.709432448819852,19.497351898711372,12.0862616386613,10.592294416055367,13.580228861267233,,,,,,,0.34560237767220375,0.19368937197119457,0.49751538337321294,0.4923321570345849,0.31598136847495806,0.6686829455942117,high
high,cap_c,0.01,6,5.898941760647656,3.912736240667768,7.885147280627543,-5.840883487941862,-7.386628251546438,-4.295138724337286,8.387924589913538,6.114824445600995,10.661024734226082,0.10050903515268032,-0.06941990762205837,0.270437977927419,0.08345616324952493,-0.04659774717836787,0.21351007367741773,-1.3151960147191115,-2.4111278367038125,-0.21926419273441056,-2.2041757298568285,-3.332447586447685,-1.0759038732659723,885.3333333333334,-815.4739854901314,2586.1406521567983,17.746308643349536,13.812465213366885,21.680152073332188,19.666666666666668,12.436468902906984,26.89686443042635,2412.6666666666665,2058.375163745248,2766.958169588085,250.0,250.0,250.0,5.149422939257577,2.9041058218880513,7.394740056627103,17.603392173765613,15.709432448819852,19.497351898711372,12.0862616386613,10.592294416055367,13.580228861267233,,,,,,,0.3460220973444803,0.1938865965786285,0.4981575981103321,0.4929448798254172,0.3163385681987513,0.6695511914520831,high
high,cap_c,0.05,6,5.896245922983962,3.9502076732936926,7.842284172674231,-5.833212442220145,-7.398666870790409,-4.26775801364988,8.371648224861046,6.108623661540028,10.634672788182064,0.11391999861018881,-0.04511218694752728,0.2729521841679049,-0.005288200024953245,-0.3105190280181171,0.29994262796821064,-1.331039081889269,-2.302232327174563,-0.35984583660397496,-2.2197995965112267,-3.218573400623198,-1.2210257923992556,48.0,29.606413676131233,66.39358632386876,88.73154321674768,69.06232606683444,108.40076036666092,86.5,66.66872055434702,106.33127944565298,2345.8333333333335,2003.6397961833754,2688.0268704832915,1250.0,1250.0,1250.0,5.149422939257577,2.9041058218880513,7.394740056627103,17.603392173765613,15.709432448819852,19.497351898711372,12.0862616386613,10.592294416055367,13.580228861267233,,,,,,,0.3457334103307037,0.1959421799449995,0.4955246407164079,0.49288324286794566,0.3192289856736157,0.6665375000622756,high
high,cap_c,0.1,6,5.864846490095854,3.917372164760949,7.812320815430758,-5.890272579057965,-7.401715039224498,-4.378830118891432,8.299890342510501,5.996269568088062,10.60351111693294,0.09619797174228358,-0.04738610342063905,0.23978204690520621,0.05446135025497165,-0.30051738258021243,0.4094400830901558,-1.4191984539058835,-2.484862560587475,-0.35353434722429244,-2.2918672839291934,-3.3906933858246395,-1.1930411820337474,722.6666666666666,-1012.139346387076,2457.4726797204094,177.46308643349536,138.1246521336689,216.80152073332184,171.0,141.68334342653736,200.31665657346264,2261.3333333333335,1931.671760929113,2590.9949057375543,2500.0,2500.0,2500.0,5.149422939257577,2.9041058218880513,7.394740056627103,17.603392173765613,15.709432448819852,19.497351898711372,12.0862616386613,10.592294416055367,13.580228861267233,,,,,,,0.34390314410254486,0.19434167122975005,0.49346461697533966,0.49015430960172424,0.3165449116757655,0.663763707527683,high
high,cap_c,0.15,6,5.806860606671967,3.8401042799609733,7.773616933382961,-5.870613718648658,-7.4138935816060805,-4.327333855691236,8.235965324513664,5.902359624046521,10.569571024980807,0.1475886488982984,-0.06620617259122985,0.36138347038782664,-0.06925313665301172,-0.3235364502407255,0.1850301769347021,-1.576433677539644,-2.5626634880028085,-0.5902038670764794,-2.4448891163713866,-3.4473335175981026,-1.4424447151446707,744.0,-980.0246743734403,2468.0246743734406,266.19462965024303,207.18697820050332,325.20228109998277,254.33333333333334,199.90952954806744,308.75713711859925,2178.0,1874.1156192174901,2481.8843807825097,3750.0,3750.0,3750.0,5.149422939257577,2.9041058218880513,7.394740056627103,17.603392173765613,15.709432448819852,19.497351898711372,12.0862616386613,10.592294416055367,13.580228861267233,,,,,,,0.3403845417619061,0.19126255448793292,0.4895065290358792,0.48478455939180587,0.31170507185735674,0.657864046926255,high
high,cap_c,0.25,6,5.74058093394236,3.952574093863135,7.528587774021586,-5.869648213370641,-7.43850188108296,-4.300794545658322,8.184263081371405,6.16922979911528,10.19929636362753,0.2723178859719945,0.02680197602337764,0.5178337959206114,-0.017360287336519915,-0.22008939598070063,0.18536882130766077,-1.2638657737068433,-2.5598492054066484,0.032117657992961846,-2.137872373617768,-3.4714367546346816,-0.8043079926008543,184.0,-21.852090677177557,389.85209067717756,443.6577160837384,345.3116303341722,542.0038018333046,431.1666666666667,333.05612660654737,529.2772067267861,2001.1666666666667,1741.569788055216,2260.763545278118,6250.0,6250.0,6250.0,5.149422939257577,2.9041058218880513,7.394740056627103,17.603392173765613,15.709432448819852,19.497351898711372,12.0862616386613,10.592294416055367,13.580228861267233,,,,,,,0.33644279226536344,0.19541468194816017,0.47747090258256675,0.47987802688415476,0.31797899196835033,0.6417770617999592,high
high,cap_t,0.0,6,5.699731140248893,3.8333788065103844,7.566083473987402,-5.846974595952902,-7.345088426146799,-4.348860765759004,8.197856986595834,6.021150632632832,10.374563340558836,0.2021424928551734,-0.01203416663577897,0.4163191523461258,0.13596128307793812,-0.261139438154102,0.5330620043099783,-1.3593433390041747,-2.353046278582581,-0.36564039942576865,-2.2601000481613407,-3.2730567855738095,-1.2471433107488719,122.66666666666667,-78.17093250156286,323.5042658348962,0.0,0.0,0.0,0.0,0.0,0.0,2432.3333333333335,2074.956709937445,2789.709956729222,0.0,0.0,0.0,5.149422939257577,2.9041058218880513,7.394740056627103,17.603392173765613,15.709432448819852,19.497351898711372,12.0862616386613,10.592294416055367,13.580228861267233,,,,,,,0.33392959342679845,0.1906030207265886,0.4772561661270083,0.4758586633805149,0.3092996175718667,0.6424177091891632,high
high,cap_t,0.01,6,5.721309942701009,3.8334401574989814,7.609179727903036,-5.83970364677434,-7.3470118073246224,-4.3323954862240575,8.214524289135653,6.02981954041417,10.399229037857136,0.15632278008672895,-0.05663691035361254,0.3692824705270704,0.13673071503720174,-0.25741032829804755,0.530871758372451,-1.2378203045586416,-2.1752718355684095,-0.3003687735488738,-2.138859038719915,-3.094407245610295,-1.1833108318295347,2069.3333333333335,-260.5532035829324,4399.219870249599,17.746308643349536,13.812465213366885,21.680152073332188,19.666666666666668,12.436468902906984,26.89686443042635,2412.6666666666665,2058.375163745248,2766.958169588085,250.0,250.0,250.0,5.149422939257577,2.9041058218880513,7.394740056627103,17.603392173765613,15.709432448819852,19.497351898711372,12.0862616386613,10.592294416055367,13.580228861267233,,,,,,,0.3352417016180039,0.1906209653175748,0.47986243791843297,0.4777109551443488,0.3094497362792852,0.6459721740094124,high
high,cap_t,0.05,6,5.724976518508115,3.8686507884982393,7.581302248517991,-5.822601538760179,-7.334206385394143,-4.310996692126215,8.201640493102852,6.011704907760096,10.391576078445608,0.1481094446173295,-0.07602662246350561,0.3722455116981646,-0.052800088404853195,-0.4674173560935732,0.36181717928386686,-1.3384621583364569,-2.325301870011433,-0.35162244666148057,-2.2311826080848065,-3.2296098804509756,-1.2327553357186374,720.0,-1015.7348239251344,2455.734823925134,88.73154321674768,69.06232606683444,108.40076036666092,86.5,66.66872055434702,106.33127944565298,2345.8333333333335,2003.6397961833754,2688.0268704832915,1250.0,1250.0,1250.0,5.149422939257577,2.9041058218880513,7.394740056627103,17.603392173765613,15.709432448819852,19.497351898711372,12.0862616386613,10.592294416055367,13.580228861267233,,,,,,,0.33539273891472937,0.19232405029362667,0.4784614275358321,0.4782307335764657,0.3118213955457182,0.6446400716072133,high
high,cap_t,0.1,6,5.700537564038758,3.8581948744064825,7.542880253671033,-5.897370633065918,-7.372328735864697,-4.42241253026714,8.137330918993461,5.929823951708446,10.344837886278476,0.14851783761949677,-0.09787944183429159,0.39491511707328514,-0.06303580611403843,-0.3992030600507972,0.27313144782272036,-1.5370183801254094,-2.652971640746273,-0.42106511950454606,-2.4019892106050844,-3.527913534367989,-1.27606488684218,72.0,-24.0173395096476,168.0173395096476,177.46308643349536,138.1246521336689,216.80152073332184,171.0,141.68334342653736,200.31665657346264,2261.3333333333335,1931.671760929113,2590.9949057375543,2500.0,2500.0,2500.0,5.149422939257577,2.9041058218880513,7.394740056627103,17.603392173765613,15.709432448819852,19.497351898711372,12.0862616386613,10.592294416055367,13.580228861267233,,,,,,,0.3338951856111357,0.19193990908588307,0.47585046213638826,0.4761524614125187,0.3108839117903082,0.6414210110347291,high
high,cap_t,0.15,6,5.651196257310335,3.7703762510628374,7.532016263557834,-5.876865785011659,-7.387904163105249,-4.3658274069180685,8.087541445072882,5.820114216013351,10.354968674132412,0.17005715671870825,-0.049969429034001894,0.3900837424714184,-0.09676910817281344,-0.40282099116399084,0.209282774818364,-1.5663022884461852,-2.6148845111414962,-0.5177200657508743,-2.4423487240314867,-3.4921295655536584,-1.392567882509315,818.6666666666666,-876.8860290115553,2514.2193623448884,266.19462965024303,207.18697820050332,325.20228109998277,254.33333333333334,199.90952954806744,308.75713711859925,2178.0,1874.1156192174901,2481.8843807825097,3750.0,3750.0,3750.0,5.149422939257577,2.9041058218880513,7.394740056627103,17.603392173765613,15.709432448819852,19.497351898711372,12.0862616386613,10.592294416055367,13.580228861267233,,,,,,,0.3309809442359621,0.18821125433846617,0.47375063413345797,0.47151420055749566,0.3053653890618836,0.6376630120531077,high
high,cap_t,0.25,6,5.742778798464339,3.950619174245516,7.534938422683162,-5.890673970222653,-7.482846214254588,-4.298501726190718,8.198337811282412,6.163657165692882,10.233018456871942,0.13150356176338482,-0.03329524609232459,0.29630236961909423,0.000249821349255136,-0.21768573331584853,0.2181853760143588,-1.2183552806408788,-2.449000778265308,0.012290216983550595,-2.0888217591511835,-3.352214955040519,-0.8254285632618479,328.0,-78.01524318573627,734.0152431857363,443.6577160837384,345.3116303341722,542.0038018333046,431.1666666666667,333.05612660654737,529.2772067267861,2001.1666666666667,1741.569788055216,2260.763545278118,6250.0,6250.0,6250.0,5.149422939257577,2.9041058218880513,7.394740056627103,17.603392173765613,15.709432448819852,19.497351898711372,12.0862616386613,10.592294416055367,13.580228861267233,,,,,,,0.3365855347633137,0.19530083001446366,0.4778702395121638,0.4800563941855674,0.3178611479186091,0.6422516404525257,high
high,opc,,6,5.422330254467213,3.930054186014837,6.914606322919589,7.929847954753201,6.154526706008611,9.70516920349779,,,,0.10871309918406014,-0.04477697764214836,0.26220317601026866,0.10874474148947165,-0.04386420506843976,0.26135368804738307,,,,,,,,,,,,,,,,,,,,,,5.149422939257577,2.9041058218880513,7.394740056627103,17.603392173765613,15.709432448819852,19.497351898711372,12.0862616386613,10.592294416055367,13.580228861267233,-0.41128724336312644,-0.8865891090263941,0.06401462230014121,-1.3085496364564067,-1.807187395068701,-0.8099118778441123,0.31618373487845125,0.19926523845879252,0.43310223129811,0.452943082554786,0.3195608382880297,0.5863253268215423,high
high,dm_own,,6,5.066411310171088,3.6891456407605046,6.443676979581673,7.567719088250318,6.176057311881702,8.959380864618934,,,,0.4601206219271366,0.044985816824088365,0.8752554270301849,0.3840814220192219,0.03973570766859219,0.7284271363698516,,,,,,,,,,,,,,,,,,,,,,5.149422939257577,2.9041058218880513,7.394740056627103,17.603392173765613,15.709432448819852,19.497351898711372,12.0862616386613,10.592294416055367,13.580228861267233,1.1264883553906047,-0.164984381489667,2.4179610922708763,1.0296817916565657,-0.27599449379696295,2.3353580771100946,0.29096379673140255,0.20571485452408,0.3762127389387251,0.41546982284637934,0.3315471059175302,0.49939253977522846,high
