dataset,bias,seed,arm,rho,V,V_greedy,V_tempered,temper_scale,regret,regret_greedy,sel_estimate,sel_estimate_low,val_nll,val_auc,val_dr_greedy,val_dr_greedy_low,val_dr_tempered,val_dr_tempered_low,n_trials,n_finite_trials,lr,epochs,l2_pen,cf_pen,cause_tie,cause_bias_init,alpha,logit_scale,n_control,n_treatment,control_reward_sum,treatment_reward_sum,collection_reward_sum,opc_collection_reward_sum,exploration_cost_expected,exploration_cost_realised,treatment_items_covered,initial_reward,logger_greedy,V_logger,V_logger_greedy,ceiling,oracle_linear_value,oracle_linear_greedy,family,gain_greedy,gain,gain_tempered,representation_loss,frac_loss,own_oracle,frac_oracle,oracle_linear_gain,sel_error,sel_error_low,val_dr_greedy_error,val_dr_greedy_low_error,best_single_item,best_item_gain
anime,none,100,cap_c,0,0.05426568,0.29032362,0.29031007,512,-2.3780668,0.67931414,,,0.51648599,0.65224708,0.29326951,0.27892727,0.29371455,0.27937293,20,20,0.011058789,100,1e-05,0.1,one_way,base_rate,0.26821968,,25000,0,5899,0,5899,5899,0,0,0,0.23698078,0.29711784,0.23698078,0.29711784,0.29711784,0.29709725,0.29710405,cap,-0.67942287,-18.27151,5.3329292,5.5558952e-08,,linear,,-0.0013797289,,,0.29458958,-1.1396347,0.1844479,-11.266994
anime,none,100,cap_c,0.01,0.054932486,0.29027735,0.28812875,32,-2.4290557,0.6839002,,,0.51643768,0.65242363,0.29121307,0.2769308,0.2911768,0.27780634,20,20,0.011058789,100,1e-05,0.1,one_way,base_rate,0.27163696,,24750,250,5837,4,5841,5899,52.010916,58,245,0.23698078,0.29711784,0.23698078,0.29711784,0.29711784,0.29709725,0.29710405,cap,-0.68404969,-18.20483,5.1147968,5.5558952e-08,,linear,,-0.0013797289,,,0.093572316,-1.3346549,0.1844479,-11.266994
anime,none,100,cap_c,0.05,0.057047394,0.28988717,0.28795653,32,-2.5792866,0.72274359,,,0.51663445,0.65202451,0.28804888,0.27380469,0.29205555,0.27854651,20,20,0.011058789,100,1e-05,0.1,one_way,base_rate,0.2815533,,23750,1250,5604,27,5631,5899,260.05458,268,1173,0.23698078,0.29711784,0.23698078,0.29711784,0.29711784,0.29709725,0.29710405,cap,-0.72306747,-17.993339,5.0975749,5.5558952e-08,,linear,,-0.0013797289,,,-0.18382873,-1.6082481,0.1844479,-11.266994
anime,none,100,cap_c,0.1,0.057550858,0.28927222,0.28740313,32,-2.5589904,0.78396972,,,0.51667632,0.65198472,0.29277898,0.2783146,0.29333404,0.27956288,20,20,0.011058789,100,1e-05,0.1,one_way,base_rate,0.28265825,,22500,2500,5296,73,5369,5899,520.10916,530,2234,0.23698078,0.29711784,0.23698078,0.29711784,0.29711784,0.29709725,0.29710405,cap,-0.78456269,-17.942992,5.0422348,5.5558952e-08,,linear,,-0.0013797289,,,0.35067602,-1.0957616,0.1844479,-11.266994
anime,none,100,cap_c,0.15,0.052244183,0.29424632,0.29420828,256,-1.9525778,0.2861335,,,0.51648449,0.65276419,0.28324566,0.2688993,0.28543428,0.27117879,20,20,0.001582565,300,0,10,one_way,base_rate,0.2260164,,21250,3750,5014,105,5119,5899,780.16374,780,3184,0.23698078,0.29711784,0.23698078,0.29711784,0.29711784,0.29709725,0.29710405,cap,-0.2871524,-18.47366,5.7227494,5.5558952e-08,,linear,,-0.0013797289,,,-1.1000663,-2.534702,0.1844479,-11.266994
anime,none,100,cap_c,0.25,0.054383502,0.29407732,0.29180389,32,-2.0157341,0.30188252,,,0.51621275,0.65326935,0.28457799,0.27023423,0.28440878,0.27132355,20,20,0.001582565,300,0,10,one_way,base_rate,0.24120183,,18750,6250,4423,180,4603,5899,1300.2729,1296,4741,0.23698078,0.29711784,0.23698078,0.29711784,0.29711784,0.29709725,0.29710405,cap,-0.30405256,-18.259728,5.4823107,5.5558952e-08,,linear,,-0.0013797289,,,-0.94993283,-2.3843093,0.1844479,-11.266994
anime,none,100,cap_t,0,0.05426566,0.29032204,0.29031006,512,-2.3780647,0.67947167,,,0.51648597,0.65224712,0.29326951,0.27892727,0.29371426,0.27937263,20,20,0.011058789,100,1e-05,0.1,one_way,base_rate,0.26821968,,25000,0,5899,0,5899,5899,0,0,0,0.23698078,0.29711784,0.23698078,0.29711784,0.29711784,0.29709725,0.29710405,cap,-0.67958039,-18.271512,5.3329281,5.5558952e-08,,linear,,-0.0013797289,,,0.29474711,-1.1394772,0.1844479,-11.266994
anime,none,100,cap_t,0.01,0.054932443,0.29027735,0.28812877,32,-2.4290512,0.6839002,,,0.51643764,0.65242388,0.29121307,0.2769308,0.2911768,0.27780633,20,20,0.011058789,100,1e-05,0.1,one_way,base_rate,0.27163696,,24750,250,5837,4,5841,5899,52.010916,58,245,0.23698078,0.29711784,0.23698078,0.29711784,0.29711784,0.29709725,0.29710405,cap,-0.68404969,-18.204834,5.1147984,5.5558952e-08,,linear,,-0.0013797289,,,0.093572316,-1.3346549,0.1844479,-11.266994
anime,none,100,cap_t,0.05,0.057047419,0.28988717,0.28795657,32,-2.579289,0.72274354,,,0.51663448,0.65202414,0.28804888,0.27380469,0.29205528,0.27854623,20,20,0.011058789,100,1e-05,0.1,one_way,base_rate,0.2815533,,23750,1250,5604,27,5631,5899,260.05458,268,1173,0.23698078,0.29711784,0.23698078,0.29711784,0.29711784,0.29709725,0.29710405,cap,-0.72306747,-17.993336,5.0975786,5.5558952e-08,,linear,,-0.0013797289,,,-0.18382873,-1.6082481,0.1844479,-11.266994
anime,none,100,cap_t,0.1,0.057550816,0.28927222,0.28740314,32,-2.5589864,0.78396938,,,0.51667629,0.65198511,0.29277898,0.2783146,0.29333386,0.27956271,20,20,0.011058789,100,1e-05,0.1,one_way,base_rate,0.28265825,,22500,2500,5296,73,5369,5899,520.10916,530,2234,0.23698078,0.29711784,0.23698078,0.29711784,0.29711784,0.29709725,0.29710405,cap,-0.78456269,-17.942997,5.0422355,5.5558952e-08,,linear,,-0.0013797289,,,0.35067602,-1.0957616,0.1844479,-11.266994
anime,none,100,cap_t,0.15,0.05224429,0.29424632,0.29420826,256,-1.9525878,0.28613301,,,0.51648456,0.65276415,0.28324566,0.2688993,0.28543299,0.27117764,20,20,0.001582565,300,0,10,one_way,base_rate,0.2260164,,21250,3750,5014,105,5119,5899,780.16374,780,3184,0.23698078,0.29711784,0.23698078,0.29711784,0.29711784,0.29709725,0.29710405,cap,-0.2871519,-18.473649,5.7227473,5.5558952e-08,,linear,,-0.0013797289,,,-1.1000668,-2.5347025,0.1844479,-11.266994
anime,none,100,cap_t,0.25,0.054383518,0.29407709,0.29180376,32,-2.0157356,0.30190444,,,0.5162129,0.65326912,0.28457799,0.27023423,0.28440899,0.27132377,20,20,0.001582565,300,0,10,one_way,base_rate,0.24120183,,18750,6250,4423,180,4603,5899,1300.2729,1296,4741,0.23698078,0.29711784,0.23698078,0.29711784,0.29711784,0.29709725,0.29710405,cap,-0.30407524,-18.259726,5.4822978,5.5558952e-08,,linear,,-0.0013797289,,,-0.94991015,-2.3842866,0.1844479,-11.266994
anime,none,100,dm,,0.29046025,0.2907041,,,0.0046061913,0.044001998,0.29929966,0.29811535,,,,,,,20,,0.00065131976,25,,,,,,11.327128,,,,,,,,,,,,0.23698078,0.29711784,0.29711784,0.29709725,0.29710405,reference,-0.64137469,5.3479466,,5.5558952e-08,,linear,,-0.0013797289,0.88394092,0.76551011,,,0.1844479,-11.266994
anime,none,100,dm_own,,0.29038155,0.29096401,,,0,0.022895943,0.29868519,0.29749871,,,,,,,20,,0.00042218227,21,,,,,,7.665874,,,,,,,,,,,,0.23698078,0.29711784,0.29711784,0.29709725,0.29710405,reference,-0.61538305,5.3400769,,5.5558952e-08,,linear,,-0.0013797289,0.83036417,0.71171631,,,0.1844479,-11.266994
anime,none,100,native_avg,0,0.029111799,0.15774712,,,-0.0086148559,0,,,0.53842124,0.55517423,,,,,20,19,0.68508528,10,1e-06,0.1,one_way,,-0.054242406,,25000,0,5899,0,5899,5899,0,0,0,0.23698078,0.29711784,0.23698078,0.29711784,0.29711784,0.29709725,0.29710405,native,-13.937073,-20.786898,,5.5558952e-08,,ceiling,,-0.0013797289,,,,,0.1844479,-11.266994
anime,none,100,native_avg,0.01,0.029118382,0.15774712,,,-0.0088317835,0,,,0.53839939,0.55579643,,,,,20,19,0.68508528,10,1e-06,0.1,one_way,,-0.045977976,,24750,250,5837,4,5841,5899,52.010916,58,245,0.23698078,0.29711784,0.23698078,0.29711784,0.29711784,0.29709725,0.29710405,native,-13.937073,-20.78624,,5.5558952e-08,,ceiling,,-0.0013797289,,,,,0.1844479,-11.266994
anime,none,100,native_avg,0.05,0.029115882,0.15774712,,,-0.0084346205,0,,,0.53856006,0.55451271,,,,,20,19,0.68508528,10,1e-06,0.1,one_way,,-0.041956373,,23750,1250,5604,27,5631,5899,260.05458,268,1173,0.23698078,0.29711784,0.23698078,0.29711784,0.29711784,0.29709725,0.29710405,native,-13.937073,-20.78649,,5.5558952e-08,,ceiling,,-0.0013797289,,,,,0.1844479,-11.266994
anime,none,100,native_avg,0.1,0.02910414,0.15774712,,,-0.0077728079,0,,,0.53861891,0.55397417,,,,,20,19,0.68508528,10,1e-06,0.1,one_way,,-0.026048141,,22500,2500,5296,73,5369,5899,520.10916,530,2234,0.23698078,0.29711784,0.23698078,0.29711784,0.29711784,0.29709725,0.29710405,native,-13.937073,-20.787664,,5.5558952e-08,,ceiling,,-0.0013797289,,,,,0.1844479,-11.266994
anime,none,100,native_avg,0.15,0.029097423,0.15774712,,,-0.0074704306,0,,,0.53867808,0.55374819,,,,,20,19,0.68508528,10,1e-06,0.1,one_way,,-0.025432132,,21250,3750,5014,105,5119,5899,780.16374,780,3184,0.23698078,0.29711784,0.23698078,0.29711784,0.29711784,0.29709725,0.29710405,native,-13.937073,-20.788336,,5.5558952e-08,,ceiling,,-0.0013797289,,,,,0.1844479,-11.266994
anime,none,100,native_avg,0.25,0.02908183,0.1053895,,,-0.010750866,5.2455417,,,0.53891899,0.55298378,,,,,20,19,0.68508528,10,1e-06,0.1,one_way,,-0.015990462,,18750,6250,4423,180,4603,5899,1300.2729,1296,4741,0.23698078,0.29711784,0.23698078,0.29711784,0.29711784,0.29709725,0.29710405,native,-19.172834,-20.789895,,5.5558952e-08,,ceiling,,-0.0013797289,,,,,0.1844479,-11.266994
anime,none,100,native_prod_c,0,0.029254844,0.1053895,,,-0.031327317,5.2357618,,,0.53916277,0.55651095,,,,,20,20,0.049644208,300,1e-05,0.1,one_way,,-6.7732341e-05,,25000,0,5899,0,5899,5899,0,0,0,0.23698078,0.29711784,0.23698078,0.29711784,0.29711784,0.29709725,0.29710405,native,-19.172834,-20.772594,,5.5558952e-08,,ceiling,,-0.0013797289,,,,,0.1844479,-11.266994
anime,none,100,native_prod_c,0.01,0.029288131,0.1053895,,,-0.034583234,5.2357618,,,0.53911515,0.55738881,,,,,20,20,0.049644208,300,1e-05,0.1,one_way,,-0.00045366996,,24750,250,5837,4,5841,5899,52.010916,58,245,0.23698078,0.29711784,0.23698078,0.29711784,0.29711784,0.29709725,0.29710405,native,-19.172834,-20.769265,,5.5558952e-08,,ceiling,,-0.0013797289,,,,,0.1844479,-11.266994
anime,none,100,native_prod_c,0.05,0.029006485,0.15774712,,,-0.0061433905,0,,,0.53919045,0.5540535,,,,,20,20,0.0054510265,300,1e-06,0.1,one_way,,-7.965065e-05,,23750,1250,5604,27,5631,5899,260.05458,268,1173,0.23698078,0.29711784,0.23698078,0.29711784,0.29711784,0.29709725,0.29710405,native,-13.937073,-20.79743,,5.5558952e-08,,ceiling,,-0.0013797289,,,,,0.1844479,-11.266994
anime,none,100,native_prod_c,0.1,0.029022127,0.15774712,,,-0.0074303564,0,,,0.53972917,0.55530067,,,,,20,20,0.0054510265,300,1e-06,0.1,one_way,,-0.00018556246,,22500,2500,5296,73,5369,5899,520.10916,530,2234,0.23698078,0.29711784,0.23698078,0.29711784,0.29711784,0.29709725,0.29710405,native,-13.937073,-20.795865,,5.5558952e-08,,ceiling,,-0.0013797289,,,,,0.1844479,-11.266994
anime,none,100,native_prod_c,0.15,0.02903792,0.15774712,,,-0.0087355247,0,,,0.54078723,0.55657828,,,,,20,20,0.0054510265,300,1e-06,0.1,one_way,,-0.00018802554,,21250,3750,5014,105,5119,5899,780.16374,780,3184,0.23698078,0.29711784,0.23698078,0.29711784,0.29711784,0.29709725,0.29710405,native,-13.937073,-20.794286,,5.5558952e-08,,ceiling,,-0.0013797289,,,,,0.1844479,-11.266994
anime,none,100,native_prod_c,0.25,0.02893492,0.15774712,,,0.0019423215,2.6700786,,,0.54416267,0.50815802,,,,,20,20,0.016343664,3,1e-05,10,one_way,,6.9429248e-06,,18750,6250,4423,180,4603,5899,1300.2729,1296,4741,0.23698078,0.29711784,0.23698078,0.29711784,0.29711784,0.29709725,0.29710405,native,-13.937073,-20.804586,,5.5558952e-08,,ceiling,,-0.0013797289,,,,,0.1844479,-11.266994
anime,none,100,native_prod_t,0,0.028937118,0.028520252,,,4.949519e-08,0.094944904,,,0.54198857,0.52519151,,,,,20,20,0.36910691,3,0,100,one_way,,-0.0029646021,,25000,0,5899,0,5899,5899,0,0,0,0.23698078,0.29711784,0.23698078,0.29711784,0.29711784,0.29709725,0.29710405,native,-26.859759,-20.804366,,5.5558952e-08,,ceiling,,-0.0013797289,,,,,0.1844479,-11.266994
anime,none,100,native_prod_t,0.01,0.028937179,0.021221545,,,2.9727548e-06,3.8066752,,,0.54202037,0.52381599,,,,,20,20,0.36910691,3,0,100,one_way,,-0.00057715375,,24750,250,5837,4,5841,5899,52.010916,58,245,0.23698078,0.29711784,0.23698078,0.29711784,0.29711784,0.29709725,0.29710405,native,-27.58963,-20.80436,,5.5558952e-08,,ceiling,,-0.0013797289,,,,,0.1844479,-11.266994
anime,none,100,native_prod_t,0.05,0.028937149,0.042605634,,,2.9978656e-06,7.0169119,,,0.54206167,0.52218606,,,,,20,20,0.021385293,3,0.0001,1,one_way,,6.9015841e-06,,23750,1250,5604,27,5631,5899,260.05458,268,1173,0.23698078,0.29711784,0.23698078,0.29711784,0.29711784,0.29709725,0.29710405,native,-25.451221,-20.804363,,5.5558952e-08,,ceiling,,-0.0013797289,,,,,0.1844479,-11.266994
anime,none,100,native_prod_t,0.1,0.028937162,0.11277475,,,2.0370067e-05,0,,,0.54204046,0.52007352,,,,,20,20,0.016343664,3,1e-05,10,one_way,,1.0765825e-05,,22500,2500,5296,73,5369,5899,520.10916,530,2234,0.23698078,0.29711784,0.23698078,0.29711784,0.29711784,0.29709725,0.29710405,native,-18.434309,-20.804362,,5.5558952e-08,,ceiling,,-0.0013797289,,,,,0.1844479,-11.266994
anime,none,100,native_prod_t,0.15,0.028937159,0.11277475,,,2.2785772e-05,0,,,0.54229758,0.51551269,,,,,20,20,0.016343664,3,1e-05,10,one_way,,8.5320944e-06,,21250,3750,5014,105,5119,5899,780.16374,780,3184,0.23698078,0.29711784,0.23698078,0.29711784,0.29711784,0.29709725,0.29710405,native,-18.434309,-20.804362,,5.5558952e-08,,ceiling,,-0.0013797289,,,,,0.1844479,-11.266994
anime,none,100,native_prod_t,0.25,0.02893721,0.11277475,,,5.2349099e-05,0,,,0.54417081,0.5106245,,,,,20,20,0.016343664,3,1e-05,10,one_way,,6.9429248e-06,,18750,6250,4423,180,4603,5899,1300.2729,1296,4741,0.23698078,0.29711784,0.23698078,0.29711784,0.29711784,0.29709725,0.29710405,native,-18.434309,-20.804357,,5.5558952e-08,,ceiling,,-0.0013797289,,,,,0.1844479,-11.266994
anime,none,100,no_prop,,0.29322919,0.2933007,,,0,0.19566439,0.057368897,0.054194856,,,,,,,20,,0.00065131976,25,,,,,,23.270357,,,,,,,,,,,,0.23698078,0.29711784,0.29711784,0.29709725,0.29710405,reference,-0.38171403,5.6248408,,5.5558952e-08,,linear,,-0.0013797289,-23.586029,-23.903433,,,0.1844479,-11.266994
anime,none,100,opc,,0.28829656,0.28847601,,,0.20938597,0.56000278,0.28779262,0.27353945,,,,,,,20,,0.0010030654,17,,,,,,14.209438,,,,,,,,,,,,0.23698078,0.29711784,0.29711784,0.29709725,0.29710405,reference,-0.86418328,5.1315773,,5.5558952e-08,,linear,,-0.0013797289,-0.050393201,-1.4757107,,,0.1844479,-11.266994
anime,none,100,opc_raw,,0.2875833,0.28762241,,,0.22638684,0.68358004,0.28770822,0.27348549,,,,,,,20,,0.0015265386,9,,,,,,30.458298,,,,,,,,,,,,0.23698078,0.29711784,0.29711784,0.29709725,0.29710405,reference,-0.94954325,5.0602514,,5.5558952e-08,,linear,,-0.0013797289,0.012492724,-1.4097802,,,0.1844479,-11.266994
anime,none,100,tempered_logger,,0.29599719,0.29711784,,,0.11056323,0,0.28471971,0.27127411,,,,,,,20,,,-1,,,,,,7.2295116,,,,,,,,,,,,0.23698078,0.29711784,0.29711784,0.29709725,0.29710405,reference,0,5.9016405,,5.5558952e-08,,linear,,-0.0013797289,-1.1277481,-2.4723075,,,0.1844479,-11.266994
anime,none,100,warm_c,0,0.054417611,0.29489908,0.29308868,32,0,0,,,0.51556116,0.65494751,0.28166147,0.26748675,0.28379649,0.27069222,20,16,0.012426653,100,0.001,0.1,one_way,zero,0.45762426,,25000,0,5899,0,5899,5899,0,0,0,0.23698078,0.29711784,0.23698078,0.29711784,0.29711784,0.29709725,0.29710405,warm,-0.22187676,-18.256317,5.6107902,5.5558952e-08,,ceiling,,-0.0013797289,,,-1.3237608,-2.7412322,0.1844479,-11.266994
anime,none,100,warm_c,0.01,0.055124827,0.29525734,0.29349432,32,0,0,,,0.51547665,0.65501335,0.28173436,0.2674707,0.28384355,0.27069964,20,16,0.012426653,100,0.001,0.1,one_way,zero,0.46696234,,24750,250,5837,4,5841,5899,52.010916,58,245,0.23698078,0.29711784,0.23698078,0.29711784,0.29711784,0.29709725,0.29710405,warm,-0.18605064,-18.185595,5.6513539,5.5558952e-08,,ceiling,,-0.0013797289,,,-1.3522982,-2.7786635,0.1844479,-11.266994
anime,none,100,warm_c,0.05,0.05693719,0.29570042,0.29402336,32,0,0,,,0.51537586,0.65506165,0.28342453,0.26903983,0.28299716,0.26981482,20,16,0.012426653,100,0.001,0.1,one_way,zero,0.4905189,,23750,1250,5604,27,5631,5899,260.05458,268,1173,0.23698078,0.29711784,0.23698078,0.29711784,0.29711784,0.29709725,0.29710405,warm,-0.14174198,-18.004359,5.7042582,5.5558952e-08,,ceiling,,-0.0013797289,,,-1.2275895,-2.6660594,0.1844479,-11.266994
anime,none,100,warm_c,0.1,0.057372047,0.29577307,0.29411782,32,0,0,,,0.5153537,0.65506858,0.28274407,0.26837926,0.28176099,0.26865719,20,16,0.012426653,100,0.001,0.1,one_way,zero,0.49616653,,22500,2500,5296,73,5369,5899,520.10916,530,2234,0.23698078,0.29711784,0.23698078,0.29711784,0.29711784,0.29709725,0.29710405,warm,-0.13447765,-17.960873,5.7137037,5.5558952e-08,,ceiling,,-0.0013797289,,,-1.3028997,-2.7393803,0.1844479,-11.266994
anime,none,100,warm_c,0.15,0.058419294,0.29610284,0.29448792,32,-0.36712861,0.0038263828,,,0.51533052,0.6551325,0.28231267,0.2679735,0.28171313,0.2685837,20,16,0.012426653,100,0.001,0.1,one_way,zero,0.50951171,,21250,3750,5014,105,5119,5899,780.16374,780,3184,0.23698078,0.29711784,0.23698078,0.29711784,0.29711784,0.29709725,0.29710405,warm,-0.10150069,-17.856149,5.7507139,5.5558952e-08,,ceiling,,-0.0013797289,,,-1.3790169,-2.8129333,0.1844479,-11.266994
anime,none,100,warm_c,0.25,0.056721435,0.29650454,0.29459851,32,-2.0917948,0.03277621,,,0.51534537,0.6552553,0.28375818,0.26922747,0.28490368,0.2717332,20,17,0.073295025,10,0,10,one_way,zero,0.26597714,,18750,6250,4423,180,4603,5899,1300.2729,1296,4741,0.23698078,0.29711784,0.23698078,0.29711784,0.29711784,0.29709725,0.29710405,warm,-0.061330846,-18.025935,5.7617724,5.5558952e-08,,ceiling,,-0.0013797289,,,-1.2746351,-2.7277065,0.1844479,-11.266994
anime,none,100,warm_t,0,0.054356379,0.29711599,0.29711573,4096,-0.96887704,0.0001834537,,,0.51540642,0.65557577,0.2877365,0.27328238,0.28728229,0.27284685,20,16,0.012426653,100,0.001,0.1,one_way,zero,0.45762426,,25000,0,5899,0,5899,5899,0,0,0,0.23698078,0.29711784,0.23698078,0.29711784,0.29711784,0.29709725,0.29710405,warm,-0.00018522397,-18.26244,6.0134953,5.5558952e-08,,ceiling,,-0.0013797289,,,-0.93794898,-2.383361,0.1844479,-11.266994
anime,none,100,warm_t,0.01,0.055064599,0.29711527,0.29711518,4096,-0.92792246,0.00024511052,,,0.515315,0.65558501,0.28766485,0.27321116,0.2872104,0.27277689,20,16,0.012426653,100,0.001,0.1,one_way,zero,0.46696234,,24750,250,5837,4,5841,5899,52.010916,58,245,0.23698078,0.29711784,0.23698078,0.29711784,0.29711784,0.29709725,0.29710405,warm,-0.0002573993,-18.191618,6.0134393,5.5558952e-08,,ceiling,,-0.0013797289,,,-0.94504228,-2.3904107,0.1844479,-11.266994
anime,none,100,warm_t,0.05,0.05688251,0.29711408,0.29711393,4096,-0.79758163,0.00033118457,,,0.51517699,0.65556531,0.28729231,0.27282468,0.28683272,0.27239347,20,16,0.012426653,100,0.001,0.1,one_way,zero,0.4905189,,23750,1250,5604,27,5631,5899,260.05458,268,1173,0.23698078,0.29711784,0.23698078,0.29711784,0.29711784,0.29709725,0.29710405,warm,-0.00037672449,-18.009827,6.013315,5.5558952e-08,,ceiling,,-0.0013797289,,,-0.98217667,-2.4289397,0.1844479,-11.266994
anime,none,100,warm_t,0.1,0.05732482,0.29711116,0.29711107,4096,-2.5436009,0.00055763449,,,0.5151542,0.65555653,0.28613636,0.27170744,0.28595912,0.2715428,20,16,0.012426653,100,0.001,0.1,one_way,zero,0.49616653,,22500,2500,5296,73,5369,5899,520.10916,530,2234,0.23698078,0.29711784,0.23698078,0.29711784,0.29711784,0.29709725,0.29710405,warm,-0.00066862192,-17.965596,6.0130285,5.5558952e-08,,ceiling,,-0.0013797289,,,-1.0974794,-2.5403714,0.1844479,-11.266994
anime,none,100,warm_t,0.15,0.058377976,0.29710986,0.29710997,4096,-2.5365389,0.0007332507,,,0.51513629,0.65556269,0.2857837,0.27135594,0.2854771,0.27106514,20,16,0.012426653,100,0.001,0.1,one_way,zero,0.50951171,,21250,3750,5014,105,5119,5899,780.16374,780,3184,0.23698078,0.29711784,0.23698078,0.29711784,0.29711784,0.29709725,0.29710405,warm,-0.00079813875,-17.860281,6.0129183,5.5558952e-08,,ceiling,,-0.0013797289,,,-1.1326158,-2.5753927,0.1844479,-11.266994
anime,none,100,warm_t,0.25,0.058872995,0.2971095,0.29710907,2048,-2.3068959,0.00079792971,,,0.51515994,0.65550715,0.28501872,0.27060304,0.28520063,0.27080484,20,17,0.012426653,100,0.001,0.1,one_way,zero,0.51572859,,18750,6250,4423,180,4603,5899,1300.2729,1296,4741,0.23698078,0.29711784,0.23698078,0.29711784,0.29711784,0.29709725,0.29710405,warm,-0.00083478805,-17.810779,6.0128291,5.5558952e-08,,ceiling,,-0.0013797289,,,-1.2090776,-2.6506452,0.1844479,-11.266994
anime,none,101,cap_c,0,0.049569063,0.28950844,0.28950835,2048,-1.9894962,0.8414394,,,0.52160212,0.64237483,0.29907427,0.28474042,0.29914454,0.28482031,20,18,0.024786268,30,1e-07,0.01,one_way,base_rate,0.26216182,,25000,0,5796,0,5796,5796,0,0,0,0.23784024,0.29792488,0.23784024,0.29792488,0.29792488,0.29790277,0.29790897,cap,-0.84164388,-18.827117,5.166811,2.3456126e-08,,linear,,-0.0015913327,,,0.95658237,-0.47680262,0.18363729,-11.428759
anime,none,101,cap_c,0.01,0.050203536,0.28953678,0.28953146,512,-2.035634,0.83856528,,,0.52151822,0.64261037,0.29445642,0.28029408,0.29571724,0.28153653,20,18,0.024786268,30,1e-07,0.01,one_way,base_rate,0.26689678,,24750,250,5735,7,5742,5796,52.493188,54,248,0.23784024,0.29792488,0.23784024,0.29792488,0.29792488,0.29790277,0.29790897,cap,-0.83881003,-18.76367,5.1691219,2.3456126e-08,,linear,,-0.0015913327,,,0.49196403,-0.9242701,0.18363729,-11.428759
anime,none,101,cap_c,0.05,0.051977563,0.2896877,0.28958261,128,-2.1487028,0.82331774,,,0.52161655,0.64227564,0.28867914,0.2746007,0.29028741,0.27631739,20,18,0.024786268,30,1e-07,0.01,one_way,base_rate,0.27813354,,23750,1250,5507,33,5540,5796,262.46594,256,1180,0.23784024,0.29792488,0.23784024,0.29792488,0.29792488,0.29790277,0.29790897,cap,-0.82371856,-18.586267,5.1742368,2.3456126e-08,,linear,,-0.0015913327,,,-0.100856,-1.5086996,0.18363729,-11.428759
anime,none,101,cap_c,0.1,0.053420466,0.28969799,0.2896979,2048,-2.2135806,0.82187864,,,0.52166893,0.64219262,0.29304306,0.27870344,0.29344508,0.27909561,20,18,0.024786268,30,1e-07,0.01,one_way,base_rate,0.28559452,,22500,2500,5197,70,5267,5796,524.93188,529,2230,0.23784024,0.29792488,0.23784024,0.29792488,0.29792488,0.29790277,0.29790897,cap,-0.82268923,-18.441977,5.1857661,2.3456126e-08,,linear,,-0.0015913327,,,0.33450685,-1.0994552,0.18363729,-11.428759
anime,none,101,cap_c,0.15,0.046791474,0.29389591,0.29313774,64,-1.4704878,0.40145627,,,0.52178562,0.64389201,0.29175236,0.27725307,0.29438865,0.28038806,20,19,0.0019470466,300,0.0001,100,one_way,base_rate,0.20420815,,21250,3750,4911,111,5022,5796,787.39782,774,3162,0.23784024,0.29792488,0.23784024,0.29792488,0.29792488,0.29790277,0.29790897,cap,-0.40289758,-19.104876,5.5297505,2.3456126e-08,,linear,,-0.0015913327,,,-0.21435441,-1.6642835,0.18363729,-11.428759
anime,none,101,cap_c,0.25,0.050698673,0.29420918,0.29420382,4096,-1.6772701,0.36856028,,,0.52119222,0.643893,0.29690421,0.28235908,0.29711759,0.28257861,20,18,0.0019470466,300,0.0001,100,one_way,base_rate,0.23365135,,18750,6250,4326,185,4511,5796,1312.3297,1285,4697,0.23784024,0.29792488,0.23784024,0.29792488,0.29792488,0.29790277,0.29790897,cap,-0.37156969,-18.714156,5.6363582,2.3456126e-08,,linear,,-0.0015913327,,,0.26950296,-1.1850103,0.18363729,-11.428759
anime,none,101,cap_t,0,0.049568906,0.28950765,0.28950783,2048,-1.9894804,0.84151861,,,0.52160218,0.64237461,0.29907473,0.28474088,0.29914632,0.28482208,20,18,0.024786268,30,1e-07,0.01,one_way,base_rate,0.26216182,,25000,0,5796,0,5796,5796,0,0,0,0.23784024,0.29792488,0.23784024,0.29792488,0.29792488,0.29790277,0.29790897,cap,-0.84172309,-18.827133,5.1667588,2.3456126e-08,,linear,,-0.0015913327,,,0.95670772,-0.47667725,0.18363729,-11.428759
anime,none,101,cap_t,0.01,0.050203322,0.28953444,0.28953101,512,-2.0356127,0.83879984,,,0.52151827,0.64260966,0.29445762,0.28029528,0.29571837,0.28153771,20,18,0.024786268,30,1e-07,0.01,one_way,base_rate,0.26689678,,24750,250,5735,7,5742,5796,52.493188,54,248,0.23784024,0.29792488,0.23784024,0.29792488,0.29792488,0.29790277,0.29790897,cap,-0.83904459,-18.763691,5.1690775,2.3456126e-08,,linear,,-0.0015913327,,,0.49231894,-0.92391532,0.18363729,-11.428759
anime,none,101,cap_t,0.05,0.051977486,0.28968818,0.28958234,128,-2.1486952,0.82326904,,,0.52161661,0.64227599,0.28867914,0.2746007,0.29029152,0.27632123,20,18,0.024786268,30,1e-07,0.01,one_way,base_rate,0.27813354,,23750,1250,5507,33,5540,5796,262.46594,256,1180,0.23784024,0.29792488,0.23784024,0.29792488,0.29792488,0.29790277,0.29790897,cap,-0.82366985,-18.586275,5.17421,2.3456126e-08,,linear,,-0.0015913327,,,-0.1009047,-1.5087483,0.18363729,-11.428759
anime,none,101,cap_t,0.1,0.053420449,0.28969803,0.28969769,2048,-2.2135789,0.82187191,,,0.52166894,0.64219229,0.29304306,0.27870344,0.29341865,0.27907025,20,18,0.024786268,30,1e-07,0.01,one_way,base_rate,0.28559452,,22500,2500,5197,70,5267,5796,524.93188,529,2230,0.23784024,0.29792488,0.23784024,0.29792488,0.29792488,0.29790277,0.29790897,cap,-0.82268547,-18.441979,5.185745,2.3456126e-08,,linear,,-0.0015913327,,,0.33450309,-1.099459,0.18363729,-11.428759
anime,none,101,cap_t,0.15,0.046791004,0.29389245,0.29313664,64,-1.4704408,0.4018019,,,0.52178565,0.64389197,0.2919028,0.27740409,0.29438794,0.28038776,20,19,0.0019470466,300,0.0001,100,one_way,base_rate,0.20420815,,21250,3750,4911,111,5022,5796,787.39782,774,3162,0.23784024,0.29792488,0.23784024,0.29792488,0.29792488,0.29790277,0.29790897,cap,-0.40324322,-19.104923,5.5296399,2.3456126e-08,,linear,,-0.0015913327,,,-0.1989648,-1.6488354,0.18363729,-11.428759
anime,none,101,cap_t,0.25,0.05069933,0.29421009,0.29420536,4096,-1.6945253,0.36830102,,,0.52119188,0.64389459,0.29721691,0.28265863,0.29715186,0.28260822,20,18,0.0019470466,300,0.0001,100,one_way,base_rate,0.23365135,,18750,6250,4326,185,4511,5796,1312.3297,1285,4697,0.23784024,0.29792488,0.23784024,0.29792488,0.29792488,0.29790277,0.29790897,cap,-0.37147883,-18.714091,5.6365124,2.3456126e-08,,linear,,-0.0015913327,,,0.30068192,-1.1551462,0.18363729,-11.428759
anime,none,101,dm,,0.28951269,0.28955906,,,0.035483093,0.18814014,0.29955968,0.29832578,,,,,,,20,,0.0018834766,27,,,,,,29.203325,,,,,,,,,,,,0.23784024,0.29792488,0.29792488,0.29790277,0.29790897,reference,-0.83658168,5.1672453,,2.3456126e-08,,linear,,-0.0015913327,1.0046992,0.88130854,,,0.18363729,-11.428759
anime,none,101,dm_own,,0.28961915,0.28980524,,,0.016834633,0.27219714,0.29940423,0.29816955,,,,,,,20,,0.00095490948,23,,,,,,15.382156,,,,,,,,,,,,0.23784024,0.29792488,0.29792488,0.29790277,0.29790897,reference,-0.81196448,5.1778916,,2.3456126e-08,,linear,,-0.0015913327,0.97850807,0.85503992,,,0.18363729,-11.428759
anime,none,101,native_avg,0,0.027942821,0.15628551,,,-0.0067882472,2.7351772,,,0.54221083,0.55295232,,,,,20,19,0.08281329,300,0.001,0,one_way,,0.000719412,,25000,0,5796,0,5796,5796,0,0,0,0.23784024,0.29792488,0.23784024,0.29792488,0.29792488,0.29790277,0.29790897,native,-14.163937,-20.989742,,2.3456126e-08,,ceiling,,-0.0015913327,,,,,0.18363729,-11.428759
anime,none,101,native_avg,0.01,0.02794625,0.15628551,,,-0.0070263158,2.7351772,,,0.54216584,0.55301401,,,,,20,19,0.08281329,300,0.001,0,one_way,,0.00061042298,,24750,250,5735,7,5742,5796,52.493188,54,248,0.23784024,0.29792488,0.23784024,0.29792488,0.29792488,0.29790277,0.29790897,native,-14.163937,-20.989399,,2.3456126e-08,,ceiling,,-0.0015913327,,,,,0.18363729,-11.428759
anime,none,101,native_avg,0.05,0.027946325,0.15628551,,,-0.0067876064,2.7351772,,,0.54232036,0.55164758,,,,,20,19,0.08281329,300,0.001,0,one_way,,0.00046563052,,23750,1250,5507,33,5540,5796,262.46594,256,1180,0.23784024,0.29792488,0.23784024,0.29792488,0.29792488,0.29790277,0.29790897,native,-14.163937,-20.989391,,2.3456126e-08,,ceiling,,-0.0015913327,,,,,0.18363729,-11.428759
anime,none,101,native_avg,0.1,0.027944089,0.15628551,,,-0.0064184994,2.7351772,,,0.54248197,0.55042568,,,,,20,19,0.08281329,300,0.001,0,one_way,,0.0004594404,,22500,2500,5197,70,5267,5796,524.93188,529,2230,0.23784024,0.29792488,0.23784024,0.29792488,0.29792488,0.29790277,0.29790897,native,-14.163937,-20.989615,,2.3456126e-08,,ceiling,,-0.0015913327,,,,,0.18363729,-11.428759
anime,none,101,native_avg,0.15,0.02794335,0.18363729,,,-0.0062772261,0,,,0.54252558,0.55035066,,,,,20,19,0.08281329,300,0.001,0,one_way,,0.00041101695,,21250,3750,4911,111,5022,5796,787.39782,774,3162,0.23784024,0.29792488,0.23784024,0.29792488,0.29792488,0.29790277,0.29790897,native,-11.428759,-20.989689,,2.3456126e-08,,ceiling,,-0.0015913327,,,,,0.18363729,-11.428759
anime,none,101,native_avg,0.25,0.027938422,0.15628551,,,-0.0057572858,2.7351772,,,0.54259561,0.55009725,,,,,20,19,0.08281329,300,0.001,0,one_way,,0.00027425095,,18750,6250,4326,185,4511,5796,1312.3297,1285,4697,0.23784024,0.29792488,0.23784024,0.29792488,0.29792488,0.29790277,0.29790897,native,-14.163937,-20.990182,,2.3456126e-08,,ceiling,,-0.0015913327,,,,,0.18363729,-11.428759
anime,none,101,native_prod_c,0,0.027983344,0.15628551,,,-0.010261999,2.7351772,,,0.54198779,0.55299326,,,,,20,20,0.021237001,300,0.0001,100,one_way,,-0.00060925772,,25000,0,5796,0,5796,5796,0,0,0,0.23784024,0.29792488,0.23784024,0.29792488,0.29792488,0.29790277,0.29790897,native,-14.163937,-20.985689,,2.3456126e-08,,ceiling,,-0.0015913327,,,,,0.18363729,-11.428759
anime,none,101,native_prod_c,0.01,0.027996559,0.15628551,,,-0.011417258,2.7351772,,,0.5419289,0.55341215,,,,,20,20,0.021237001,300,0.0001,100,one_way,,0.00083339587,,24750,250,5735,7,5742,5796,52.493188,54,248,0.23784024,0.29792488,0.23784024,0.29792488,0.29792488,0.29790277,0.29790897,native,-14.163937,-20.984368,,2.3456126e-08,,ceiling,,-0.0015913327,,,,,0.18363729,-11.428759
anime,none,101,native_prod_c,0.05,0.028046767,0.14307494,,,-0.015873986,4.0562349,,,0.54230986,0.55414755,,,,,20,20,0.021237001,300,0.0001,100,one_way,,0.0019584119,,23750,1250,5507,33,5540,5796,262.46594,256,1180,0.23784024,0.29792488,0.23784024,0.29792488,0.29792488,0.29790277,0.29790897,native,-15.484994,-20.979347,,2.3456126e-08,,ceiling,,-0.0015913327,,,,,0.18363729,-11.428759
anime,none,101,native_prod_c,0.1,0.028104008,0.15628551,,,-0.020958816,2.7351772,,,0.54328814,0.55548995,,,,,20,20,0.021237001,300,0.0001,100,one_way,,-0.00072022981,,22500,2500,5197,70,5267,5796,524.93188,529,2230,0.23784024,0.29792488,0.23784024,0.29792488,0.29792488,0.29790277,0.29790897,native,-14.163937,-20.973623,,2.3456126e-08,,ceiling,,-0.0015913327,,,,,0.18363729,-11.428759
anime,none,101,native_prod_c,0.15,0.028158896,0.18363729,,,-0.025921052,0,,,0.54450688,0.55615817,,,,,20,20,0.021237001,300,0.0001,100,one_way,,0.0025978722,,21250,3750,4911,111,5022,5796,787.39782,774,3162,0.23784024,0.29792488,0.23784024,0.29792488,0.29792488,0.29790277,0.29790897,native,-11.428759,-20.968134,,2.3456126e-08,,ceiling,,-0.0015913327,,,,,0.18363729,-11.428759
anime,none,101,native_prod_c,0.25,0.027864879,0.096691783,,,0.0042988747,8.6945503,,,0.54552893,0.45473789,,,,,20,20,0.0028810595,10,0.001,10,one_way,,2.6319224e-06,,18750,6250,4326,185,4511,5796,1312.3297,1285,4697,0.23784024,0.29792488,0.23784024,0.29792488,0.29792488,0.29790277,0.29790897,native,-20.12331,-20.997536,,2.3456126e-08,,ceiling,,-0.0015913327,,,,,0.18363729,-11.428759
anime,none,101,native_prod_t,0,0.027867485,0.027915508,,,-1.81486e-08,0.081505394,,,0.54499746,0.51454141,,,,,20,20,0.83347576,1,1e-06,100,one_way,,-0.01657651,,25000,0,5796,0,5796,5796,0,0,0,0.23784024,0.29792488,0.23784024,0.29792488,0.29792488,0.29790277,0.29790897,native,-27.000937,-20.997275,,2.3456126e-08,,ceiling,,-0.0015913327,,,,,0.18363729,-11.428759
anime,none,101,native_prod_t,0.01,0.027867541,0.019931207,,,4.4046989e-06,0.75508487,,,0.54498412,0.51335129,,,,,20,20,0.83347576,1,1e-06,100,one_way,,-0.013191074,,24750,250,5735,7,5742,5796,52.493188,54,248,0.23784024,0.29792488,0.23784024,0.29792488,0.29792488,0.29790277,0.29790897,native,-27.799367,-20.99727,,2.3456126e-08,,ceiling,,-0.0015913327,,,,,0.18363729,-11.428759
anime,none,101,native_prod_t,0.05,0.02786795,0.027482055,,,0.0010244265,4.0337731,,,0.54503521,0.51212302,,,,,20,20,0.88224953,1,0.0001,100,one_way,,-0.008841468,,23750,1250,5507,33,5540,5796,262.46594,256,1180,0.23784024,0.29792488,0.23784024,0.29792488,0.29792488,0.29790277,0.29790897,native,-27.044283,-20.997229,,2.3456126e-08,,ceiling,,-0.0015913327,,,,,0.18363729,-11.428759
anime,none,101,native_prod_t,0.1,0.027868138,0.12560226,,,0,0,,,0.54594385,0.51391556,,,,,20,20,0.88224953,1,0.0001,100,one_way,,-0.0070193433,,22500,2500,5197,70,5267,5796,524.93188,529,2230,0.23784024,0.29792488,0.23784024,0.29792488,0.29792488,0.29790277,0.29790897,native,-17.232262,-20.99721,,2.3456126e-08,,ceiling,,-0.0015913327,,,,,0.18363729,-11.428759
anime,none,101,native_prod_t,0.15,0.027867526,0.12560226,,,0.00055806328,0,,,0.54709031,0.51592149,,,,,20,20,0.0028810595,10,0.001,10,one_way,,4.0578075e-06,,21250,3750,4911,111,5022,5796,787.39782,774,3162,0.23784024,0.29792488,0.23784024,0.29792488,0.29792488,0.29790277,0.29790897,native,-17.232262,-20.997271,,2.3456126e-08,,ceiling,,-0.0015913327,,,,,0.18363729,-11.428759
anime,none,101,native_prod_t,0.25,0.027867554,0.048478888,,,0.00015049498,0,,,0.54550757,0.51465255,,,,,20,20,0.0028810595,10,0.001,10,one_way,,2.6319224e-06,,18750,6250,4326,185,4511,5796,1312.3297,1285,4697,0.23784024,0.29792488,0.23784024,0.29792488,0.29792488,0.29790277,0.29790897,native,-24.944599,-20.997268,,2.3456126e-08,,ceiling,,-0.0015913327,,,,,0.18363729,-11.428759
anime,none,101,no_prop,,0.29481286,0.29556475,,,0,0.089552561,0.059329834,0.056234849,,,,,,,20,,0.00022118259,28,,,,,,7.6396542,,,,,,,,,,,,0.23784024,0.29792488,0.29792488,0.29790277,0.29790897,reference,-0.23601353,5.6972624,,2.3456126e-08,,linear,,-0.0015913327,-23.548303,-23.857801,,,0.18363729,-11.428759
anime,none,101,opc,,0.28774078,0.29433677,,,0.30503212,0.15185138,0.28902882,0.27709464,,,,,,,20,,0.00017665235,13,,,,,,2.7473977,,,,,,,,,,,,0.23784024,0.29792488,0.29792488,0.29790277,0.29790897,reference,-0.3588107,4.9900539,,2.3456126e-08,,linear,,-0.0015913327,0.12880465,-1.0646141,,,0.18363729,-11.428759
anime,none,101,opc_raw,,0.28570369,0.28590418,,,0.46074436,1.0216317,0.29037142,0.27618647,,,,,,,20,,0.0014775144,19,,,,,,11.358728,,,,,,,,,,,,0.23784024,0.29792488,0.29792488,0.29790277,0.29790897,reference,-1.2020697,4.786345,,2.3456126e-08,,linear,,-0.0015913327,0.46677302,-0.95172174,,,0.18363729,-11.428759
anime,none,101,tempered_logger,,0.29788561,0.29792488,,,0.0025768481,0,0.29806718,0.28317191,,,,,,,20,,,-1,,,,,,36.863118,,,,,,,,,,,,0.23784024,0.29792488,0.29792488,0.29790277,0.29790897,reference,0,6.0045375,,2.3456126e-08,,linear,,-0.0015913327,0.018157003,-1.4713699,,,0.18363729,-11.428759
anime,none,101,warm_c,0,0.056382148,0.29654083,0.29651614,256,0,0,,,0.52013358,0.64683988,0.30635291,0.29113451,0.30617353,0.29111346,20,19,0.14212818,10,0.001,0.01,symmetric,zero,0.53820884,,25000,0,5796,0,5796,5796,0,0,0,0.23784024,0.29792488,0.23784024,0.29792488,0.29792488,0.29790277,0.29790897,warm,-0.13840479,-18.145809,5.86759,2.3456126e-08,,ceiling,,-0.0015913327,,,0.98120743,-0.5406324,0.18363729,-11.428759
anime,none,101,warm_c,0.01,0.057084764,0.29660789,0.29660627,4096,0,0,,,0.52012751,0.64693501,0.30879825,0.29349371,0.30897471,0.29368796,20,19,0.14212818,10,0.001,0.01,symmetric,zero,0.54781199,,24750,250,5735,7,5742,5796,52.493188,54,248,0.23784024,0.29792488,0.23784024,0.29792488,0.29792488,0.29790277,0.29790897,warm,-0.13169882,-18.075547,5.876603,2.3456126e-08,,ceiling,,-0.0015913327,,,1.2190362,-0.31141876,0.18363729,-11.428759
anime,none,101,warm_c,0.05,0.058019799,0.29655688,0.29646178,128,-0.88776294,0.023366594,,,0.52020518,0.64684547,0.30492015,0.28958871,0.30521265,0.29013236,20,19,0.14212818,10,0.001,0.01,symmetric,zero,0.56053662,,23750,1250,5507,33,5540,5796,262.46594,256,1180,0.23784024,0.29792488,0.23784024,0.29792488,0.29792488,0.29790277,0.29790897,warm,-0.13680004,-17.982044,5.8621544,2.3456126e-08,,ceiling,,-0.0015913327,,,0.83632668,-0.69681713,0.18363729,-11.428759
anime,none,101,warm_c,0.1,0.058366564,0.29653959,0.29653965,4096,-0.71112708,0.061172055,,,0.52023858,0.6468251,0.30290006,0.28763794,0.30272812,0.28747295,20,19,0.14212818,10,0.001,0.01,symmetric,zero,0.5652343,,22500,2500,5197,70,5267,5796,524.93188,529,2230,0.23784024,0.29792488,0.23784024,0.29792488,0.29792488,0.29790277,0.29790897,warm,-0.13852914,-17.947367,5.8699413,2.3456126e-08,,ceiling,,-0.0015913327,,,0.63604694,-0.89016538,0.18363729,-11.428759
anime,none,101,warm_c,0.15,0.058513182,0.29659016,0.29659068,4096,-1.2775677,0.084548208,,,0.52023166,0.64686411,0.30180577,0.28654451,0.30140048,0.28616361,20,19,0.14212818,10,0.001,0.01,symmetric,zero,0.567258,,21250,3750,4911,111,5022,5796,787.39782,774,3162,0.23784024,0.29792488,0.23784024,0.29792488,0.29792488,0.29790277,0.29790897,warm,-0.13347227,-17.932706,5.8750447,2.3456126e-08,,ceiling,,-0.0015913327,,,0.52156118,-1.0045653,0.18363729,-11.428759
anime,none,101,warm_c,0.25,0.055667163,0.29762644,0.2975079,128,-1.96292,0.011961863,,,0.52011337,0.64703427,0.29935829,0.28431733,0.29908258,0.28427995,20,19,0.065644003,10,0,0.1,one_way,zero,0.26814416,,18750,6250,4326,185,4511,5796,1312.3297,1285,4697,0.23784024,0.29792488,0.23784024,0.29792488,0.29792488,0.29790277,0.29790897,warm,-0.029844208,-18.217307,5.9667661,2.3456126e-08,,ceiling,,-0.0015913327,,,0.17318528,-1.3309104,0.18363729,-11.428759
anime,none,101,warm_t,0,0.056365522,0.29788624,0.29777124,128,-1.1351779,0.003858963,,,0.52003606,0.64700183,0.29729735,0.28226756,0.29853302,0.28368016,20,19,0.14212818,10,0.001,0.01,symmetric,zero,0.53820884,,25000,0,5796,0,5796,5796,0,0,0,0.23784024,0.29792488,0.23784024,0.29792488,0.29792488,0.29790277,0.29790897,warm,-0.003863677,-18.147472,5.9930998,2.3456126e-08,,ceiling,,-0.0015913327,,,-0.058889315,-1.5618682,0.18363729,-11.428759
anime,none,101,warm_t,0.01,0.05707007,0.29788734,0.2977757,128,-1.0786757,0.0037456731,,,0.52005844,0.64699287,0.2981465,0.28309519,0.29868233,0.2838267,20,19,0.14212818,10,0.001,0.01,symmetric,zero,0.54781199,,24750,250,5735,7,5742,5796,52.493188,54,248,0.23784024,0.29792488,0.23784024,0.29792488,0.29792488,0.29790277,0.29790897,warm,-0.003754249,-18.077017,5.9935466,2.3456126e-08,,ceiling,,-0.0015913327,,,0.025916414,-1.4792152,0.18363729,-11.428759
anime,none,101,warm_t,0.05,0.058014587,0.29788843,0.29778094,128,-2.0066115,0.0036120409,,,0.52012344,0.6469407,0.29754294,0.28250173,0.29860872,0.28373576,20,19,0.14212818,10,0.001,0.01,symmetric,zero,0.56053662,,23750,1250,5507,33,5540,5796,262.46594,256,1180,0.23784024,0.29792488,0.23784024,0.29792488,0.29792488,0.29790277,0.29790897,warm,-0.00364496,-17.982565,5.9940702,2.3456126e-08,,ceiling,,-0.0015913327,,,-0.034549333,-1.5386707,0.18363729,-11.428759
anime,none,101,warm_t,0.1,0.058368697,0.29788345,0.29788385,4096,-1.7582616,0.004050698,,,0.52017011,0.646898,0.30041002,0.28523813,0.30025595,0.28511182,20,19,0.14212818,10,0.001,0.01,symmetric,zero,0.5652343,,22500,2500,5197,70,5267,5796,524.93188,529,2230,0.23784024,0.29792488,0.23784024,0.29792488,0.29792488,0.29790277,0.29790897,warm,-0.0041428788,-17.947154,6.0043611,2.3456126e-08,,ceiling,,-0.0015913327,,,0.25265653,-1.2645327,0.18363729,-11.428759
anime,none,101,warm_t,0.15,0.058520131,0.29788418,0.29788417,4096,-2.5521016,0.0040018029,,,0.52018676,0.64689838,0.30064745,0.28549461,0.30049205,0.28535344,20,19,0.14212818,10,0.001,0.01,symmetric,zero,0.567258,,21250,3750,4911,111,5022,5796,787.39782,774,3162,0.23784024,0.29792488,0.23784024,0.29792488,0.29792488,0.29790277,0.29790897,warm,-0.004070399,-17.932011,6.004393,2.3456126e-08,,ceiling,,-0.0015913327,,,0.27632696,-1.238957,0.18363729,-11.428759
anime,none,101,warm_t,0.25,0.055673103,0.29792035,0.29792028,4096,-1.9633629,0.00039271838,,,0.52011828,0.64693732,0.29872337,0.28365144,0.29860282,0.28354624,20,19,0.065644003,10,0,0.1,one_way,zero,0.26814416,,18750,6250,4326,185,4511,5796,1312.3297,1285,4697,0.23784024,0.29792488,0.23784024,0.29792488,0.29792488,0.29790277,0.29790897,warm,-0.00045335782,-18.216713,6.0080042,2.3456126e-08,,ceiling,,-0.0015913327,,,0.080302279,-1.4268909,0.18363729,-11.428759
kuairand,none,100,cap_c,0,0.047066588,0.28969067,0.28851129,32,-1.6232336,0.19494613,,,0.4387243,0.78872906,0.2894104,0.27751439,0.29009277,0.27833292,20,20,0.001582565,300,0,10,one_way,base_rate,0.48796922,,25000,0,5834,0,5834,5834,0,0,0,0.23295851,0.29237682,0.23295851,0.29237682,0.29237682,0.2923503,0.29235563,cap,-0.26861494,-18.589192,5.5552786,6.6956662e-09,,linear,,-0.0021188103,,,-0.028027031,-1.2176285,0.16717423,-12.520259
kuairand,none,100,cap_c,0.01,0.047112303,0.28979927,0.28861241,32,-1.6200636,0.18298594,,,0.43870298,0.78876714,0.28872648,0.27684029,0.28933182,0.27759493,20,20,0.001582565,300,0,10,one_way,base_rate,0.48845986,,24750,250,5769,7,5776,5834,51.48876,58,246,0.23295851,0.29237682,0.23295851,0.29237682,0.29237682,0.2923503,0.29235563,cap,-0.25775495,-18.58462,5.56539,6.6956662e-09,,linear,,-0.0021188103,,,-0.10727872,-1.2958979,0.16717423,-12.520259
kuairand,none,100,cap_c,0.05,0.047777252,0.28971022,0.28860172,32,-1.6533265,0.18816284,,,0.43856366,0.78883434,0.28952792,0.27752702,0.29010937,0.27838532,20,20,0.001582565,300,0,10,one_way,base_rate,0.50004512,,23750,1250,5559,34,5593,5834,257.4438,241,1152,0.23295851,0.29237682,0.23295851,0.29237682,0.29237682,0.2923503,0.29235563,cap,-0.26666029,-18.518126,5.5643209,6.6956662e-09,,linear,,-0.0021188103,,,-0.018230206,-1.21832,0.16717423,-12.520259
kuairand,none,100,cap_c,0.1,0.047997423,0.28972716,0.28973225,4096,-1.6381625,0.18210198,,,0.43866498,0.78861889,0.29221562,0.28025716,0.29242769,0.28046717,20,20,0.001582565,300,0,10,one_way,base_rate,0.50427294,,22500,2500,5263,80,5343,5834,514.8876,491,2140,0.23295851,0.29237682,0.23295851,0.29237682,0.29237682,0.2923503,0.29235563,cap,-0.26496626,-18.496108,5.6773742,6.6956662e-09,,linear,,-0.0021188103,,,0.24884589,-0.94699996,0.16717423,-12.520259
kuairand,none,100,cap_c,0.15,0.048626288,0.28984918,0.28959738,64,-1.6589628,0.16862757,,,0.43861825,0.7886271,0.29043878,0.27849411,0.29055241,0.27865683,20,20,0.001582565,300,0,10,one_way,base_rate,0.51199329,,21250,3750,4982,112,5094,5834,772.3314,740,2990,0.23295851,0.29237682,0.23295851,0.29237682,0.29237682,0.2923503,0.29235563,cap,-0.25276417,-18.433222,5.6638875,6.6956662e-09,,linear,,-0.0021188103,,,0.058960414,-1.135507,0.16717423,-12.520259
kuairand,none,100,cap_c,0.25,0.049556701,0.28983195,0.28983251,512,-1.6676835,0.17305066,,,0.43858395,0.78864214,0.29235292,0.28025678,0.29267421,0.28056748,20,20,0.001582565,300,0,10,one_way,base_rate,0.52960086,,18750,6250,4400,170,4570,5834,1287.219,1264,4285,0.23295851,0.29237682,0.23295851,0.29237682,0.29237682,0.2923503,0.29235563,cap,-0.25448735,-18.340181,5.6873999,6.6956662e-09,,linear,,-0.0021188103,,,0.25209677,-0.95751641,0.16717423,-12.520259
kuairand,none,100,cap_t,0,0.047066609,0.28969067,0.28851133,32,-1.6232358,0.19494613,,,0.43872432,0.78872965,0.2894104,0.27751439,0.29009289,0.27833304,20,20,0.001582565,300,0,10,one_way,base_rate,0.48796922,,25000,0,5834,0,5834,5834,0,0,0,0.23295851,0.29237682,0.23295851,0.29237682,0.29237682,0.2923503,0.29235563,cap,-0.26861494,-18.58919,5.5552818,6.6956662e-09,,linear,,-0.0021188103,,,-0.028027031,-1.2176285,0.16717423,-12.520259
kuairand,none,100,cap_t,0.01,0.047112428,0.28979927,0.28861246,32,-1.6200759,0.18298594,,,0.43870298,0.78876713,0.28872648,0.27684029,0.2893312,0.27759431,20,20,0.001582565,300,0,10,one_way,base_rate,0.48845986,,24750,250,5769,7,5776,5834,51.48876,58,246,0.23295851,0.29237682,0.23295851,0.29237682,0.29237682,0.2923503,0.29235563,cap,-0.25775495,-18.584608,5.5653947,6.6956662e-09,,linear,,-0.0021188103,,,-0.10727872,-1.2958979,0.16717423,-12.520259
kuairand,none,100,cap_t,0.05,0.047777256,0.28970931,0.28860172,32,-1.6533273,0.18838104,,,0.43856371,0.78883448,0.28952792,0.27752702,0.2901096,0.27838558,20,20,0.001582565,300,0,10,one_way,base_rate,0.50004512,,23750,1250,5559,34,5593,5834,257.4438,241,1152,0.23295851,0.29237682,0.23295851,0.29237682,0.29237682,0.2923503,0.29235563,cap,-0.26675118,-18.518125,5.5643213,6.6956662e-09,,linear,,-0.0021188103,,,-0.018139318,-1.2182291,0.16717423,-12.520259
kuairand,none,100,cap_t,0.1,0.047997438,0.28972871,0.28973231,4096,-1.638164,0.18194655,,,0.43866496,0.78861893,0.29221552,0.28025706,0.29243052,0.28046999,20,20,0.001582565,300,0,10,one_way,base_rate,0.50427294,,22500,2500,5263,80,5343,5834,514.8876,491,2140,0.23295851,0.29237682,0.23295851,0.29237682,0.29237682,0.2923503,0.29235563,cap,-0.26481083,-18.496107,5.6773806,6.6956662e-09,,linear,,-0.0021188103,,,0.24868027,-0.94716555,0.16717423,-12.520259
kuairand,none,100,cap_t,0.15,0.048626332,0.28984918,0.28959744,64,-1.6589669,0.16862757,,,0.43861826,0.78862724,0.29043878,0.27849411,0.29055175,0.27865619,20,20,0.001582565,300,0,10,one_way,base_rate,0.51199329,,21250,3750,4982,112,5094,5834,772.3314,740,2990,0.23295851,0.29237682,0.23295851,0.29237682,0.29237682,0.2923503,0.29235563,cap,-0.25276417,-18.433218,5.6638931,6.6956662e-09,,linear,,-0.0021188103,,,0.058960414,-1.135507,0.16717423,-12.520259
kuairand,none,100,cap_t,0.25,0.049556632,0.28983195,0.2898324,512,-1.6676773,0.17305066,,,0.43858394,0.788642,0.29235292,0.28025678,0.29267025,0.28056367,20,20,0.001582565,300,0,10,one_way,base_rate,0.52960086,,18750,6250,4400,170,4570,5834,1287.219,1264,4285,0.23295851,0.29237682,0.23295851,0.29237682,0.29237682,0.2923503,0.29235563,cap,-0.25448735,-18.340188,5.6873892,6.6956662e-09,,linear,,-0.0021188103,,,0.25209677,-0.95751641,0.16717423,-12.520259
kuairand,none,100,dm,,0.28732896,0.28751348,,,0.019210393,0.23727138,0.29377991,0.29128622,,,,,,,20,,0.00065131976,25,,,,,,9.7656174,,,,,,,,,,,,0.23295851,0.29237682,0.29237682,0.2923503,0.29235563,reference,-0.48633466,5.4370456,,6.6956662e-09,,linear,,-0.0021188103,0.64509462,0.3957252,,,0.16717423,-12.520259
kuairand,none,100,dm_own,,0.28746987,0.28803715,,,0.0078319161,0.19933763,0.29305646,0.29055837,,,,,,,20,,0.00042218227,21,,,,,,6.5390639,,,,,,,,,,,,0.23295851,0.29237682,0.29237682,0.2923503,0.29235563,reference,-0.43396713,5.4511362,,6.6956662e-09,,linear,,-0.0021188103,0.55865888,0.30885056,,,0.16717423,-12.520259
kuairand,none,100,native_avg,0,0.027247608,0.16717423,,,0,0,,,0.48869256,0.72206725,,,,,20,19,0.10580882,30,0.0001,0.1,one_way,,-0.0089973612,,25000,0,5834,0,5834,5834,0,0,0,0.23295851,0.29237682,0.23295851,0.29237682,0.29237682,0.2923503,0.29235563,native,-12.520259,-20.57109,,6.6956662e-09,,ceiling,,-0.0021188103,,,,,0.16717423,-12.520259
kuairand,none,100,native_avg,0.01,0.027249938,0.16717423,,,0,0,,,0.48866768,0.7220756,,,,,20,19,0.10580882,30,0.0001,0.1,one_way,,-0.0081920009,,24750,250,5769,7,5776,5834,51.48876,58,246,0.23295851,0.29237682,0.23295851,0.29237682,0.29237682,0.2923503,0.29235563,native,-12.520259,-20.570857,,6.6956662e-09,,ceiling,,-0.0021188103,,,,,0.16717423,-12.520259
kuairand,none,100,native_avg,0.05,0.027248525,0.16717423,,,0,0,,,0.48886052,0.72200564,,,,,20,19,0.10580882,30,0.0001,0.1,one_way,,-0.010693558,,23750,1250,5559,34,5593,5834,257.4438,241,1152,0.23295851,0.29237682,0.23295851,0.29237682,0.29237682,0.2923503,0.29235563,native,-12.520259,-20.570998,,6.6956662e-09,,ceiling,,-0.0021188103,,,,,0.16717423,-12.520259
kuairand,none,100,native_avg,0.1,0.027403295,0.16317345,,,-0.016262847,0.4000785,,,0.48504263,0.72258041,,,,,20,19,0.68508528,10,1e-06,0.1,one_way,,2.4901168,,22500,2500,5263,80,5343,5834,514.8876,491,2140,0.23295851,0.29237682,0.23295851,0.29237682,0.29237682,0.2923503,0.29235563,native,-12.920337,-20.555521,,6.6956662e-09,,ceiling,,-0.0021188103,,,,,0.16717423,-12.520259
kuairand,none,100,native_avg,0.15,0.027372357,0.16670345,,,-0.013849153,0.047078488,,,0.48429192,0.72414254,,,,,20,19,0.68508528,10,1e-06,0.1,one_way,,1.9405717,,21250,3750,4982,112,5094,5834,772.3314,740,2990,0.23295851,0.29237682,0.23295851,0.29237682,0.29237682,0.2923503,0.29235563,native,-12.567337,-20.558615,,6.6956662e-09,,ceiling,,-0.0021188103,,,,,0.16717423,-12.520259
kuairand,none,100,native_avg,0.25,0.027336933,0.16717423,,,-0.011730336,0,,,0.48543111,0.72226416,,,,,20,19,0.68508528,10,1e-06,0.1,one_way,,1.0354714,,18750,6250,4400,170,4570,5834,1287.219,1264,4285,0.23295851,0.29237682,0.23295851,0.29237682,0.29237682,0.2923503,0.29235563,native,-12.520259,-20.562157,,6.6956662e-09,,ceiling,,-0.0021188103,,,,,0.16717423,-12.520259
kuairand,none,100,native_prod_c,0,0.027813085,0.16717423,,,-0.074439249,0,,,0.47709716,0.73087217,,,,,20,20,0.09067147,300,1e-05,0.1,one_way,,0.0012268114,,25000,0,5834,0,5834,5834,0,0,0,0.23295851,0.29237682,0.23295851,0.29237682,0.29237682,0.2923503,0.29235563,native,-12.520259,-20.514542,,6.6956662e-09,,ceiling,,-0.0021188103,,,,,0.16717423,-12.520259
kuairand,none,100,native_prod_c,0.01,0.027832989,0.16717423,,,-0.076330981,0,,,0.47705385,0.73093743,,,,,20,20,0.09067147,300,1e-05,0.1,one_way,,0.0012031337,,24750,250,5769,7,5776,5834,51.48876,58,246,0.23295851,0.29237682,0.23295851,0.29237682,0.29237682,0.2923503,0.29235563,native,-12.520259,-20.512552,,6.6956662e-09,,ceiling,,-0.0021188103,,,,,0.16717423,-12.520259
kuairand,none,100,native_prod_c,0.05,0.02790599,0.16717423,,,-0.083334154,0,,,0.47702708,0.7312972,,,,,20,20,0.09067147,300,1e-05,0.1,one_way,,0.00022754085,,23750,1250,5559,34,5593,5834,257.4438,241,1152,0.23295851,0.29237682,0.23295851,0.29237682,0.29237682,0.2923503,0.29235563,native,-12.520259,-20.505252,,6.6956662e-09,,ceiling,,-0.0021188103,,,,,0.16717423,-12.520259
kuairand,none,100,native_prod_c,0.1,0.027973575,0.031365716,,,-0.089866921,13.580852,,,0.47740915,0.73065698,,,,,20,20,0.09067147,300,1e-05,0.1,one_way,,-0.00076078775,,22500,2500,5263,80,5343,5834,514.8876,491,2140,0.23295851,0.29237682,0.23295851,0.29237682,0.29237682,0.2923503,0.29235563,native,-26.101111,-20.498493,,6.6956662e-09,,ceiling,,-0.0021188103,,,,,0.16717423,-12.520259
kuairand,none,100,native_prod_c,0.15,0.028061391,0.16717423,,,-0.098433612,0,,,0.47770267,0.73130323,,,,,20,20,0.09067147,300,1e-05,0.1,one_way,,8.8699904e-05,,21250,3750,4982,112,5094,5834,772.3314,740,2990,0.23295851,0.29237682,0.23295851,0.29237682,0.29237682,0.2923503,0.29235563,native,-12.520259,-20.489712,,6.6956662e-09,,ceiling,,-0.0021188103,,,,,0.16717423,-12.520259
kuairand,none,100,native_prod_c,0.25,0.028217896,0.031365716,,,-0.11384261,13.580852,,,0.47983533,0.73021265,,,,,20,20,0.09067147,300,1e-05,0.1,one_way,,0.0072358786,,18750,6250,4400,170,4570,5834,1287.219,1264,4285,0.23295851,0.29237682,0.23295851,0.29237682,0.29237682,0.2923503,0.29235563,native,-26.101111,-20.474061,,6.6956662e-09,,ceiling,,-0.0021188103,,,,,0.16717423,-12.520259
kuairand,none,100,native_prod_t,0,0.027003467,0.026789333,,,3.718059e-08,0.097259072,,,0.53889806,0.61704778,,,,,20,20,0.20240551,1,0.0001,0.1,one_way,,-6.4630942e-05,,25000,0,5834,0,5834,5834,0,0,0,0.23295851,0.29237682,0.23295851,0.29237682,0.29237682,0.2923503,0.29235563,native,-26.558749,-20.595504,,6.6956662e-09,,ceiling,,-0.0021188103,,,,,0.16717423,-12.520259
kuairand,none,100,native_prod_t,0.01,0.02700347,0.021214999,,,1.5797394e-07,3.5000511,,,0.53894281,0.62795017,,,,,20,20,0.021385293,3,0.0001,1,one_way,,-2.2299906e-05,,24750,250,5769,7,5776,5834,51.48876,58,246,0.23295851,0.29237682,0.23295851,0.29237682,0.29237682,0.2923503,0.29235563,native,-27.116182,-20.595504,,6.6956662e-09,,ceiling,,-0.0021188103,,,,,0.16717423,-12.520259
kuairand,none,100,native_prod_t,0.05,0.027003466,0.029984618,,,4.5721555e-06,2.0635321,,,0.53902916,0.60747322,,,,,20,20,0.021385293,3,0.0001,1,one_way,,-1.7519325e-05,,23750,1250,5559,34,5593,5834,257.4438,241,1152,0.23295851,0.29237682,0.23295851,0.29237682,0.29237682,0.2923503,0.29235563,native,-26.23922,-20.595504,,6.6956662e-09,,ceiling,,-0.0021188103,,,,,0.16717423,-12.520259
kuairand,none,100,native_prod_t,0.1,0.027003477,0.018043779,,,3.5228254e-06,2.0378348,,,0.53895383,0.61610594,,,,,20,20,0.016343664,3,1e-05,10,one_way,,1.5360558e-05,,22500,2500,5263,80,5343,5834,514.8876,491,2140,0.23295851,0.29237682,0.23295851,0.29237682,0.29237682,0.2923503,0.29235563,native,-27.433304,-20.595503,,6.6956662e-09,,ceiling,,-0.0021188103,,,,,0.16717423,-12.520259
kuairand,none,100,native_prod_t,0.15,0.027003473,0.024741002,,,5.926211e-06,3.1474508,,,0.5392135,0.59801383,,,,,20,20,0.016343664,3,1e-05,10,one_way,,2.7935877e-05,,21250,3750,4982,112,5094,5834,772.3314,740,2990,0.23295851,0.29237682,0.23295851,0.29237682,0.29237682,0.2923503,0.29235563,native,-26.763582,-20.595503,,6.6956662e-09,,ceiling,,-0.0021188103,,,,,0.16717423,-12.520259
kuairand,none,100,native_prod_t,0.25,0.027003479,0.028440922,,,7.9168111e-06,0,,,0.54108167,0.57192012,,,,,20,20,0.016343664,3,1e-05,10,one_way,,2.1067062e-05,,18750,6250,4400,170,4570,5834,1287.219,1264,4285,0.23295851,0.29237682,0.23295851,0.29237682,0.29237682,0.2923503,0.29235563,native,-26.39359,-20.595503,,6.6956662e-09,,ceiling,,-0.0021188103,,,,,0.16717423,-12.520259
kuairand,none,100,no_prop,,0.29002245,0.29030835,,,0.0066458917,0.075002479,0.11652906,0.11214376,,,,,,,20,,0.0011535577,11,,,,,,8.5953293,,,,,,,,,,,,0.23295851,0.29237682,0.29237682,0.2923503,0.29235563,reference,-0.20684721,5.706394,,6.6956662e-09,,linear,,-0.0021188103,-17.349339,-17.787869,,,0.16717423,-12.520259
kuairand,none,100,opc,,0.28742184,0.28741436,,,0.0079076905,0.32419055,0.29122382,0.2792172,,,,,,,20,,0.00065131976,25,,,,,,30.04067,,,,,,,,,,,,0.23295851,0.29237682,0.29237682,0.2923503,0.29235563,reference,-0.49624587,5.4463333,,6.6956662e-09,,linear,,-0.0021188103,0.38019835,-0.82046361,,,0.16717423,-12.520259
kuairand,none,100,opc_raw,,0.28680253,0.28728538,,,0.070058778,0.2939736,0.28874752,0.27685141,,,,,,,20,,0.00041642592,15,,,,,,7.0016475,,,,,,,,,,,,0.23295851,0.29237682,0.29237682,0.2923503,0.29235563,reference,-0.50914416,5.3844021,,6.6956662e-09,,linear,,-0.0021188103,0.19449903,-0.99511235,,,0.16717423,-12.520259
kuairand,none,100,tempered_logger,,0.29229102,0.29237682,,,0.0077137391,0,0.29098949,0.27901482,,,,,,,20,,,-1,,,,,,19.30752,,,,,,,,,,,,0.23295851,0.29237682,0.29237682,0.2923503,0.29235563,reference,0,5.9332517,,6.6956662e-09,,linear,,-0.0021188103,-0.13015363,-1.3276209,,,0.16717423,-12.520259
kuairand,none,100,warm_c,0,0.049972395,0.29182032,0.29181765,1024,0,0,,,0.43710674,0.79012176,0.28913448,0.27704233,0.28946739,0.27739486,20,17,0.073295025,10,0,10,one_way,zero,0.54236889,,25000,0,5834,0,5834,5834,0,0,0,0.23295851,0.29237682,0.23295851,0.29237682,0.29237682,0.2923503,0.29235563,warm,-0.055650606,-18.298611,5.8859145,6.6956662e-09,,ceiling,,-0.0021188103,,,-0.26858349,-1.4777988,0.16717423,-12.520259
kuairand,none,100,warm_c,0.01,0.050082713,0.29185723,0.29185573,1024,0,0,,,0.43705274,0.790132,0.28822188,0.2761417,0.28859574,0.27649923,20,17,0.073295025,10,0,10,one_way,zero,0.5442453,,24750,250,5769,7,5776,5834,51.48876,58,246,0.23295851,0.29237682,0.23295851,0.29237682,0.29237682,0.2923503,0.29235563,warm,-0.051959328,-18.287579,5.8897223,6.6956662e-09,,ceiling,,-0.0021188103,,,-0.36353483,-1.5715529,0.16717423,-12.520259
kuairand,none,100,warm_c,0.05,0.050570892,0.2918934,0.291114,32,0,0,,,0.43706748,0.79014783,0.28817801,0.27616262,0.28874984,0.27704337,20,18,0.073295025,10,0,10,one_way,zero,0.55221152,,23750,1250,5559,34,5593,5834,257.4438,241,1152,0.23295851,0.29237682,0.23295851,0.29237682,0.29237682,0.2923503,0.29235563,warm,-0.04834212,-18.238762,5.8155489,6.6956662e-09,,ceiling,,-0.0021188103,,,-0.37153865,-1.5730777,0.16717423,-12.520259
kuairand,none,100,warm_c,0.1,0.052681146,0.29181191,0.29176843,128,-0.20278896,0.0025257974,,,0.4371174,0.78996239,0.29280568,0.28062751,0.29321188,0.28106382,20,18,0.012426653,100,0.001,0.1,one_way,zero,1.0782158,,22500,2500,5263,80,5343,5834,514.8876,491,2140,0.23295851,0.29237682,0.23295851,0.29237682,0.29237682,0.2923503,0.29235563,warm,-0.056490743,-18.027736,5.8809917,6.6956662e-09,,ceiling,,-0.0021188103,,,0.099376457,-1.1184404,0.16717423,-12.520259
kuairand,none,100,warm_c,0.15,0.04935935,0.2916816,0.29084124,32,0.16809558,0.021970966,,,0.43714406,0.79010893,0.28603646,0.27410452,0.2876204,0.27594751,20,18,0.0060192934,100,0.0001,0.1,one_way,zero,0.54808646,,21250,3750,4982,112,5094,5834,772.3314,740,2990,0.23295851,0.29237682,0.23295851,0.29237682,0.29237682,0.2923503,0.29235563,warm,-0.069522054,-18.359916,5.7882733,6.6956662e-09,,ceiling,,-0.0021188103,,,-0.56451367,-1.7577083,0.16717423,-12.520259
kuairand,none,100,warm_c,0.25,0.049765726,0.29184007,0.29102803,32,0.16421644,0.019425514,,,0.43701914,0.79017709,0.28521228,0.27336861,0.28801879,0.27636425,20,18,0.0060192934,100,0.0001,0.1,one_way,zero,0.55524784,,18750,6250,4400,170,4570,5834,1287.219,1264,4285,0.23295851,0.29237682,0.23295851,0.29237682,0.29237682,0.2923503,0.29235563,warm,-0.053675521,-18.319278,5.8069524,6.6956662e-09,,ceiling,,-0.0021188103,,,-0.6627788,-1.8471457,0.16717423,-12.520259
kuairand,none,100,warm_t,0,0.049861593,0.29237402,0.29216875,64,-1.6390199,0.00027994685,,,0.43699735,0.79019975,0.28968527,0.27765692,0.29120702,0.27928019,20,17,0.073295025,10,0,10,one_way,zero,0.54236889,,25000,0,5834,0,5834,5834,0,0,0,0.23295851,0.29237682,0.23295851,0.29237682,0.29237682,0.2923503,0.29235563,warm,-0.0002799552,-18.309692,5.9210245,6.6956662e-09,,ceiling,,-0.0021188103,,,-0.26887474,-1.4717103,0.16717423,-12.520259
kuairand,none,100,warm_t,0.01,0.049976328,0.29237332,0.29217021,64,-1.6370429,0.00035002903,,,0.43695999,0.79020102,0.28951825,0.27749341,0.29125518,0.27933228,20,17,0.073295025,10,0,10,one_way,zero,0.5442453,,24750,250,5769,7,5776,5834,51.48876,58,246,0.23295851,0.29237682,0.23295851,0.29237682,0.29237682,0.2923503,0.29235563,warm,-0.00035006564,-18.298218,5.9211702,6.6956662e-09,,ceiling,,-0.0021188103,,,-0.28550733,-1.4879912,0.16717423,-12.520259
kuairand,none,100,warm_t,0.05,0.050466786,0.29237271,0.29217579,64,-1.6208015,0.00040899808,,,0.4369115,0.79019174,0.28983506,0.27780609,0.29143825,0.27950881,20,18,0.073295025,10,0,10,one_way,zero,0.55221152,,23750,1250,5559,34,5593,5834,257.4438,241,1152,0.23295851,0.29237682,0.23295851,0.29237682,0.29237682,0.2923503,0.29235563,warm,-0.00041088142,-18.249172,5.9217282,6.6956662e-09,,ceiling,,-0.0021188103,,,-0.25376542,-1.4566622,0.16717423,-12.520259
kuairand,none,100,warm_t,0.1,0.050555438,0.29237244,0.29217652,64,-1.5701416,0.00043529743,,,0.43691424,0.79021713,0.29012678,0.2781062,0.29159832,0.27966803,20,18,0.073295025,10,0,10,one_way,zero,0.55363894,,22500,2500,5263,80,5343,5834,514.8876,491,2140,0.23295851,0.29237682,0.23295851,0.29237682,0.29237682,0.2923503,0.29235563,warm,-0.00043779699,-18.240307,5.9218012,6.6956662e-09,,ceiling,,-0.0021188103,,,-0.22456645,-1.4266245,0.16717423,-12.520259
kuairand,none,100,warm_t,0.15,0.050942121,0.29237228,0.29218092,64,-1.5448501,0.00045070947,,,0.43691671,0.79020095,0.29009808,0.27807577,0.29151234,0.27958418,20,18,0.073295025,10,0,10,one_way,zero,0.55986625,,21250,3750,4982,112,5094,5834,772.3314,740,2990,0.23295851,0.29237682,0.23295851,0.29237682,0.29237682,0.2923503,0.29235563,warm,-0.00045421223,-18.201639,5.9222416,6.6956662e-09,,ceiling,,-0.0021188103,,,-0.22741998,-1.4296507,0.16717423,-12.520259
kuairand,none,100,warm_t,0.25,0.051332445,0.29237234,0.29218526,64,-1.4792683,0.00044104217,,,0.43690554,0.7901876,0.29008425,0.27809763,0.29134727,0.27942316,20,18,0.073295025,10,0,10,one_way,zero,0.56608886,,18750,6250,4400,170,4570,5834,1287.219,1264,4285,0.23295851,0.29237682,0.23295851,0.29237682,0.29237682,0.2923503,0.29235563,warm,-0.00044820069,-18.162606,5.922675,6.6956662e-09,,ceiling,,-0.0021188103,,,-0.22880925,-1.4274712,0.16717423,-12.520259
kuairand,none,101,cap_c,0,0.049522861,0.30183031,0.30181953,512,-1.9010059,0.088674555,,,0.45331505,0.78617548,0.30225114,0.29033998,0.30271164,0.29081537,20,19,0.024786268,30,1e-07,0.01,one_way,base_rate,0.53432834,,25000,0,6066,0,6066,6066,0,0,0,0.24601329,0.30529663,0.24601329,0.30529663,0.30529663,0.30527222,0.30527797,cap,-0.34663176,-19.649043,5.580624,1.0641432e-09,,linear,,-0.0018657959,,,0.042082224,-1.1490336,0.17349333,-13.18033
kuairand,none,101,cap_c,0.01,0.049436245,0.30181808,0.30181898,256,-1.8847065,0.090095687,,,0.45329843,0.78623347,0.30164383,0.28969712,0.30219135,0.29028622,20,19,0.024786268,30,1e-07,0.01,one_way,base_rate,0.53030759,,24750,250,6001,12,6013,6066,55.035382,53,245,0.24601329,0.30529663,0.24601329,0.30529663,0.30529663,0.30527222,0.30527797,cap,-0.34785479,-19.657704,5.5805694,1.0641432e-09,,linear,,-0.0018657959,,,-0.017425503,-1.2120958,0.17349333,-13.18033
kuairand,none,101,cap_c,0.05,0.049929342,0.30189428,0.30189441,256,-1.8996042,0.075880793,,,0.45330318,0.78620928,0.30106689,0.28915821,0.30178931,0.28988272,20,19,0.024786268,30,1e-07,0.01,one_way,base_rate,0.53947055,,23750,1250,5755,39,5794,6066,275.17691,272,1145,0.24601329,0.30529663,0.24601329,0.30529663,0.30529663,0.30527222,0.30527797,cap,-0.34023465,-19.608395,5.5881123,1.0641432e-09,,linear,,-0.0018657959,,,-0.082739221,-1.273607,0.17349333,-13.18033
kuairand,none,101,cap_c,0.1,0.050559954,0.30168217,0.30167753,1024,-1.9193046,0.093516359,,,0.45337074,0.78614804,0.30266002,0.29068217,0.3028003,0.2908341,20,19,0.024786268,30,1e-07,0.01,one_way,base_rate,0.55219936,,22500,2500,5439,72,5511,6066,550.35382,555,2128,0.24601329,0.30529663,0.24601329,0.30529663,0.30529663,0.30527222,0.30527797,cap,-0.36144583,-19.545333,5.5664242,1.0641432e-09,,linear,,-0.0018657959,,,0.09778445,-1.1000005,0.17349333,-13.18033
kuairand,none,101,cap_c,0.15,0.050897295,0.30146674,0.30146473,1024,-1.9114143,0.11822431,,,0.45333576,0.78621454,0.30227375,0.29038291,0.30243337,0.29054982,20,19,0.024786268,30,1e-07,0.01,one_way,base_rate,0.5678612,,21250,3750,5138,103,5241,6066,825.53073,825,2969,0.24601329,0.30529663,0.24601329,0.30529663,0.30529663,0.30527222,0.30527797,cap,-0.38298871,-19.511599,5.5451442,1.0641432e-09,,linear,,-0.0018657959,,,0.080700335,-1.1083833,0.17349333,-13.18033
kuairand,none,101,cap_c,0.25,0.051868307,0.30140191,0.30140521,2048,-1.9195962,0.13021116,,,0.45357004,0.78604281,0.30265641,0.29069202,0.30265924,0.2907012,20,20,0.024786268,30,1e-07,0.01,one_way,base_rate,0.59392208,,18750,6250,4548,165,4713,6066,1375.8845,1353,4243,0.24601329,0.30529663,0.24601329,0.30529663,0.30529663,0.30527222,0.30527797,cap,-0.38947192,-19.414498,5.5391921,1.0641432e-09,,linear,,-0.0018657959,,,0.12544944,-1.0709888,0.17349333,-13.18033
kuairand,none,101,cap_t,0,0.049523295,0.30182978,0.30182032,512,-1.9010493,0.088727823,,,0.45331499,0.7861754,0.30224581,0.29033464,0.30271229,0.29081647,20,19,0.024786268,30,1e-07,0.01,one_way,base_rate,0.53432834,,25000,0,6066,0,6066,6066,0,0,0,0.24601329,0.30529663,0.24601329,0.30529663,0.30529663,0.30527222,0.30527797,cap,-0.34668503,-19.648999,5.580703,1.0641432e-09,,linear,,-0.0018657959,,,0.041602637,-1.1495141,0.17349333,-13.18033
kuairand,none,101,cap_t,0.01,0.049436552,0.30181663,0.30181996,256,-1.8847372,0.090241351,,,0.45329832,0.78623417,0.30163666,0.28968995,0.30218458,0.2902796,20,19,0.024786268,30,1e-07,0.01,one_way,base_rate,0.53030759,,24750,250,6001,12,6013,6066,55.035382,53,245,0.24601329,0.30529663,0.24601329,0.30529663,0.30529663,0.30527222,0.30527797,cap,-0.34800046,-19.657674,5.580667,1.0641432e-09,,linear,,-0.0018657959,,,-0.017996198,-1.2126681,0.17349333,-13.18033
kuairand,none,101,cap_t,0.05,0.049929557,0.30190025,0.30189505,256,-1.8996257,0.075284467,,,0.45330295,0.78621001,0.30100283,0.28909345,0.30179232,0.28988548,20,19,0.024786268,30,1e-07,0.01,one_way,base_rate,0.53947055,,23750,1250,5755,39,5794,6066,275.17691,272,1145,0.24601329,0.30529663,0.24601329,0.30529663,0.30529663,0.30527222,0.30527797,cap,-0.33963832,-19.608373,5.5881762,1.0641432e-09,,linear,,-0.0018657959,,,-0.08974212,-1.2806794,0.17349333,-13.18033
kuairand,none,101,cap_t,0.1,0.050560311,0.30168242,0.30167823,1024,-1.9193404,0.093492014,,,0.45337059,0.78614783,0.30266002,0.29068217,0.30277085,0.29080476,20,19,0.024786268,30,1e-07,0.01,one_way,base_rate,0.55219936,,22500,2500,5439,72,5511,6066,550.35382,555,2128,0.24601329,0.30529663,0.24601329,0.30529663,0.30529663,0.30527222,0.30527797,cap,-0.36142148,-19.545298,5.5664945,1.0641432e-09,,linear,,-0.0018657959,,,0.097760105,-1.1000248,0.17349333,-13.18033
kuairand,none,101,cap_t,0.15,0.050897603,0.30146669,0.30146557,1024,-1.911445,0.11823002,,,0.45333561,0.78621502,0.30227375,0.29038291,0.30242309,0.2905399,20,19,0.024786268,30,1e-07,0.01,one_way,base_rate,0.5678612,,21250,3750,5138,103,5241,6066,825.53073,825,2969,0.24601329,0.30529663,0.24601329,0.30529663,0.30529663,0.30527222,0.30527797,cap,-0.38299442,-19.511568,5.5452278,1.0641432e-09,,linear,,-0.0018657959,,,0.080706046,-1.1083776,0.17349333,-13.18033
kuairand,none,101,cap_t,0.25,0.051868844,0.30140585,0.30140716,2048,-1.9196501,0.12981685,,,0.45356998,0.78604316,0.30265641,0.29069202,0.30262545,0.29066595,20,20,0.024786268,30,1e-07,0.01,one_way,base_rate,0.59392208,,18750,6250,4548,165,4713,6066,1375.8845,1353,4243,0.24601329,0.30529663,0.24601329,0.30529663,0.30529663,0.30527222,0.30527797,cap,-0.38907761,-19.414444,5.5393869,1.0641432e-09,,linear,,-0.0018657959,,,0.12505514,-1.0713831,0.17349333,-13.18033
kuairand,none,101,dm,,0.29944469,0.29948726,,,0.034911734,0.1438715,0.30943537,0.30683665,,,,,,,20,,0.0018834766,27,,,,,,23.793238,,,,,,,,,,,,0.24601329,0.30529663,0.30529663,0.30527222,0.30527797,reference,-0.58093712,5.3431407,,1.0641432e-09,,linear,,-0.0018657959,0.99906729,0.73919582,,,0.17349333,-13.18033
kuairand,none,101,dm_own,,0.29961374,0.29971883,,,0.02317132,0.11846428,0.30925301,0.30665284,,,,,,,20,,0.00095490948,23,,,,,,11.888884,,,,,,,,,,,,0.24601329,0.30529663,0.30529663,0.30527222,0.30527797,reference,-0.55777993,5.3600449,,1.0641432e-09,,linear,,-0.0018657959,0.96392703,0.70391065,,,0.17349333,-13.18033
kuairand,none,101,native_avg,0,0.02615563,0.17349333,,,-0.016914024,0,,,0.50433722,0.72454358,,,,,20,19,0.08281329,300,0.001,0,one_way,,0.0028080367,,25000,0,6066,0,6066,6066,0,0,0,0.24601329,0.30529663,0.24601329,0.30529663,0.30529663,0.30527222,0.30527797,native,-13.180331,-21.985766,,1.0641432e-09,,ceiling,,-0.0018657959,,,,,0.17349333,-13.18033
kuairand,none,101,native_avg,0.01,0.026156267,0.17349333,,,-0.016923146,0,,,0.50434898,0.72453288,,,,,20,19,0.08281329,300,0.001,0,one_way,,0.0028646917,,24750,250,6001,12,6013,6066,55.035382,53,245,0.24601329,0.30529663,0.24601329,0.30529663,0.30529663,0.30527222,0.30527797,native,-13.180331,-21.985702,,1.0641432e-09,,ceiling,,-0.0018657959,,,,,0.17349333,-13.18033
kuairand,none,101,native_avg,0.05,0.02615285,0.17349333,,,-0.016367666,0,,,0.50460546,0.72463956,,,,,20,19,0.08281329,300,0.001,0,one_way,,0.0025507205,,23750,1250,5755,39,5794,6066,275.17691,272,1145,0.24601329,0.30529663,0.24601329,0.30529663,0.30529663,0.30527222,0.30527797,native,-13.180331,-21.986044,,1.0641432e-09,,ceiling,,-0.0018657959,,,,,0.17349333,-13.18033
kuairand,none,101,native_avg,0.1,0.026147243,0.17349333,,,-0.015899085,0,,,0.504989,0.72405716,,,,,20,19,0.08281329,300,0.001,0,one_way,,0.0023647659,,22500,2500,5439,72,5511,6066,550.35382,555,2128,0.24601329,0.30529663,0.24601329,0.30529663,0.30529663,0.30527222,0.30527797,native,-13.180331,-21.986604,,1.0641432e-09,,ceiling,,-0.0018657959,,,,,0.17349333,-13.18033
kuairand,none,101,native_avg,0.15,0.026138985,0.17349333,,,-0.015466708,0,,,0.50532462,0.72266035,,,,,20,19,0.08281329,300,0.001,0,one_way,,0.0021239454,,21250,3750,5138,103,5241,6066,825.53073,825,2969,0.24601329,0.30529663,0.24601329,0.30529663,0.30529663,0.30527222,0.30527797,native,-13.180331,-21.98743,,1.0641432e-09,,ceiling,,-0.0018657959,,,,,0.17349333,-13.18033
kuairand,none,101,native_avg,0.25,0.026125797,0.17349333,,,-0.014876708,0,,,0.50607025,0.72103644,,,,,20,19,0.08281329,300,0.001,0,one_way,,0.001904999,,18750,6250,4548,165,4713,6066,1375.8845,1353,4243,0.24601329,0.30529663,0.24601329,0.30529663,0.30529663,0.30527222,0.30527797,native,-13.180331,-21.988749,,1.0641432e-09,,ceiling,,-0.0018657959,,,,,0.17349333,-13.18033
kuairand,none,101,native_prod_c,0,0.026729167,0.17349333,,,-0.0680441,0,,,0.49349753,0.73053434,,,,,20,20,0.47985917,100,0.0001,10,one_way,,0.076599851,,25000,0,6066,0,6066,6066,0,0,0,0.24601329,0.30529663,0.24601329,0.30529663,0.30529663,0.30527222,0.30527797,native,-13.180331,-21.928412,,1.0641432e-09,,ceiling,,-0.0018657959,,,,,0.17349333,-13.18033
kuairand,none,101,native_prod_c,0.01,0.026743903,0.17349333,,,-0.06940415,0,,,0.49355271,0.7303583,,,,,20,20,0.47985917,100,0.0001,10,one_way,,-0.43407121,,24750,250,6001,12,6013,6066,55.035382,53,245,0.24601329,0.30529663,0.24601329,0.30529663,0.30529663,0.30527222,0.30527797,native,-13.180331,-21.926938,,1.0641432e-09,,ceiling,,-0.0018657959,,,,,0.17349333,-13.18033
kuairand,none,101,native_prod_c,0.05,0.026812735,0.17349333,,,-0.074877649,0,,,0.49361289,0.73060575,,,,,20,20,0.47985917,100,0.0001,10,one_way,,-3.1285968,,23750,1250,5755,39,5794,6066,275.17691,272,1145,0.24601329,0.30529663,0.24601329,0.30529663,0.30529663,0.30527222,0.30527797,native,-13.180331,-21.920055,,1.0641432e-09,,ceiling,,-0.0018657959,,,,,0.17349333,-13.18033
kuairand,none,101,native_prod_c,0.1,0.026900289,0.17349333,,,-0.082406948,0,,,0.49406937,0.73040941,,,,,20,20,0.47985917,100,0.0001,10,one_way,,0.53486919,,22500,2500,5439,72,5511,6066,550.35382,555,2128,0.24601329,0.30529663,0.24601329,0.30529663,0.30529663,0.30527222,0.30527797,native,-13.180331,-21.9113,,1.0641432e-09,,ceiling,,-0.0018657959,,,,,0.17349333,-13.18033
kuairand,none,101,native_prod_c,0.15,0.026984052,0.17349333,,,-0.089703176,0,,,0.49486253,0.73018876,,,,,20,20,0.47985917,100,0.0001,10,one_way,,-0.14091191,,21250,3750,5138,103,5241,6066,825.53073,825,2969,0.24601329,0.30529663,0.24601329,0.30529663,0.30529663,0.30527222,0.30527797,native,-13.180331,-21.902924,,1.0641432e-09,,ceiling,,-0.0018657959,,,,,0.17349333,-13.18033
kuairand,none,101,native_prod_c,0.25,0.027136571,0.17349333,,,-0.10302263,0,,,0.49717721,0.72971487,,,,,20,20,0.47985917,100,0.0001,10,one_way,,0.083527312,,18750,6250,4548,165,4713,6066,1375.8845,1353,4243,0.24601329,0.30529663,0.24601329,0.30529663,0.30529663,0.30527222,0.30527797,native,-13.180331,-21.887672,,1.0641432e-09,,ceiling,,-0.0018657959,,,,,0.17349333,-13.18033
kuairand,none,101,native_prod_t,0,0.02587176,0.02603793,,,-7.082858e-08,0.012493845,,,0.55739704,0.60985696,,,,,20,20,0.2038428,1,1e-06,100,one_way,,0.021830771,,25000,0,6066,0,6066,6066,0,0,0,0.24601329,0.30529663,0.24601329,0.30529663,0.30529663,0.30527222,0.30527797,native,-27.92587,-22.014153,,1.0641432e-09,,ceiling,,-0.0018657959,,,,,0.17349333,-13.18033
kuairand,none,101,native_prod_t,0.01,0.025871771,0.016994496,,,-1.0516112e-06,2.9890907,,,0.55754907,0.61305313,,,,,20,20,0.2038428,1,1e-06,100,one_way,,-0.0022488546,,24750,250,6001,12,6013,6066,55.035382,53,245,0.24601329,0.30529663,0.24601329,0.30529663,0.30529663,0.30527222,0.30527797,native,-28.830214,-22.014152,,1.0641432e-09,,ceiling,,-0.0018657959,,,,,0.17349333,-13.18033
kuairand,none,101,native_prod_t,0.05,0.025871777,0.021360763,,,3.9671656e-06,1.0077483,,,0.55853082,0.59152513,,,,,20,20,0.2038428,1,1e-06,100,one_way,,0.013278075,,23750,1250,5755,39,5794,6066,275.17691,272,1145,0.24601329,0.30529663,0.24601329,0.30529663,0.30529663,0.30527222,0.30527797,native,-28.393587,-22.014151,,1.0641432e-09,,ceiling,,-0.0018657959,,,,,0.17349333,-13.18033
kuairand,none,101,native_prod_t,0.1,0.025871769,0.022454276,,,8.1710327e-06,1.4820498,,,0.55941142,0.61020007,,,,,20,20,0.0028810595,10,0.001,10,one_way,,1.4118779e-06,,22500,2500,5439,72,5511,6066,550.35382,555,2128,0.24601329,0.30529663,0.24601329,0.30529663,0.30529663,0.30527222,0.30527797,native,-28.284235,-22.014152,,1.0641432e-09,,ceiling,,-0.0018657959,,,,,0.17349333,-13.18033
kuairand,none,101,native_prod_t,0.15,0.025871771,0.020915307,,,3.3817302e-05,0.79134244,,,0.55837964,0.60798769,,,,,20,20,0.0028810595,10,0.001,10,one_way,,1.583844e-06,,21250,3750,5138,103,5241,6066,825.53073,825,2969,0.24601329,0.30529663,0.24601329,0.30529663,0.30529663,0.30527222,0.30527797,native,-28.438132,-22.014152,,1.0641432e-09,,ceiling,,-0.0018657959,,,,,0.17349333,-13.18033
kuairand,none,101,native_prod_t,0.25,0.025871766,0.042244859,,,9.6337605e-05,0,,,0.55721125,0.55584417,,,,,20,20,0.0028810595,10,0.001,10,one_way,,1.6877509e-06,,18750,6250,4548,165,4713,6066,1375.8845,1353,4243,0.24601329,0.30529663,0.24601329,0.30529663,0.30529663,0.30527222,0.30527797,native,-26.305177,-22.014152,,1.0641432e-09,,ceiling,,-0.0018657959,,,,,0.17349333,-13.18033
kuairand,none,101,no_prop,,0.30330251,0.30347574,,,0.0059393868,0.079439574,0.12903196,0.12442675,,,,,,,20,,0.00095129154,30,,,,,,11.566558,,,,,,,,,,,,0.24601329,0.30529663,0.30529663,0.30527222,0.30527797,reference,-0.182089,5.7289221,,1.0641432e-09,,linear,,-0.0018657959,-17.427055,-17.887576,,,0.17349333,-13.18033
kuairand,none,101,opc,,0.29737328,0.29745242,,,0.35530579,0.52276943,0.30330521,0.29140631,,,,,,,20,,0.00095129154,30,,,,,,20.936037,,,,,,,,,,,,0.24601329,0.30529663,0.30529663,0.30527222,0.30527797,reference,-0.78442129,5.1359996,,1.0641432e-09,,linear,,-0.0018657959,0.59319252,-0.59669743,,,0.17349333,-13.18033
kuairand,none,101,opc_raw,,0.29712868,0.29715199,,,0.31093413,0.57364741,0.30010727,0.28843548,,,,,,,20,,0.0010717683,23,,,,,,34.691494,,,,,,,,,,,,0.24601329,0.30529663,0.30529663,0.30527222,0.30527797,reference,-0.8144641,5.1115397,,1.0641432e-09,,linear,,-0.0018657959,0.29785864,-0.86931997,,,0.17349333,-13.18033
kuairand,none,101,tempered_logger,,0.30526604,0.30529663,,,0.0022776764,0,0.30125919,0.28928517,,,,,,,20,,,-1,,,,,,31.556947,,,,,,,,,,,,0.24601329,0.30529663,0.30529663,0.30527222,0.30527797,reference,-5.5511151e-15,5.9252754,,1.0641432e-09,,linear,,-0.0018657959,-0.40068513,-1.598087,,,0.17349333,-13.18033
kuairand,none,101,warm_c,0,0.049465912,0.30351666,0.30351277,4096,0.51267995,0.076700451,,,0.45196515,0.78842452,0.30510976,0.29277302,0.3049165,0.29258684,20,19,0.065644003,10,0,0.1,one_way,zero,0.54122239,,25000,0,6066,0,6066,6066,0,0,0,0.24601329,0.30529663,0.24601329,0.30529663,0.30529663,0.30527222,0.30527797,warm,-0.17799739,-19.654738,5.7499486,1.0641432e-09,,ceiling,,-0.0018657959,,,0.15930986,-1.0743636,0.17349333,-13.18033
kuairand,none,101,warm_c,0.01,0.049429246,0.30356976,0.30357219,4096,0.498298,0.068143169,,,0.45195351,0.78843859,0.30476443,0.2924448,0.30451763,0.29220796,20,19,0.065644003,10,0,0.1,one_way,zero,0.54073048,,24750,250,6001,12,6013,6066,55.035382,53,245,0.24601329,0.30529663,0.24601329,0.30529663,0.30529663,0.30527222,0.30527797,warm,-0.17268714,-19.658404,5.7558902,1.0641432e-09,,ceiling,,-0.0018657959,,,0.11946691,-1.1124958,0.17349333,-13.18033
kuairand,none,101,warm_c,0.05,0.049716566,0.30368521,0.30368111,1024,0.47034728,0.060439707,,,0.45191965,0.78849293,0.30281276,0.29059233,0.30288166,0.29065883,20,20,0.065644003,10,0,0.1,one_way,zero,0.54534107,,23750,1250,5755,39,5794,6066,275.17691,272,1145,0.24601329,0.30529663,0.24601329,0.30529663,0.30529663,0.30527222,0.30527797,warm,-0.16114161,-19.629672,5.7667822,1.0641432e-09,,ceiling,,-0.0018657959,,,-0.087245706,-1.3092887,0.17349333,-13.18033
kuairand,none,101,warm_c,0.1,0.050098545,0.30388475,0.30387921,2048,0.44348854,0.051953108,,,0.45191943,0.78851152,0.30249144,0.29030642,0.30244365,0.29026085,20,20,0.065644003,10,0,0.1,one_way,zero,0.55144829,,22500,2500,5439,72,5511,6066,550.35382,555,2128,0.24601329,0.30529663,0.24601329,0.30529663,0.30529663,0.30527222,0.30527797,warm,-0.14118777,-19.591474,5.7865927,1.0641432e-09,,ceiling,,-0.0018657959,,,-0.13933145,-1.3578331,0.17349333,-13.18033
kuairand,none,101,warm_c,0.15,0.050285511,0.30410041,0.30410111,4096,0.42452669,0.029230383,,,0.45188616,0.78856416,0.30280401,0.29064262,0.30301541,0.29084995,20,20,0.065644003,10,0,0.1,one_way,zero,0.55462754,,21250,3750,5138,103,5241,6066,825.53073,825,2969,0.24601329,0.30529663,0.24601329,0.30529663,0.30529663,0.30527222,0.30527797,warm,-0.11962244,-19.572778,5.8087822,1.0641432e-09,,ceiling,,-0.0018657959,,,-0.12963971,-1.3457787,0.17349333,-13.18033
kuairand,none,101,warm_c,0.25,0.050933773,0.30432068,0.30431959,1024,0.37186993,0.0062825571,,,0.45191086,0.78859283,0.30321051,0.29097187,0.30333048,0.29111697,20,20,0.065644003,10,0,0.1,one_way,zero,0.56483179,,18750,6250,4548,165,4713,6066,1375.8845,1353,4243,0.24601329,0.30529663,0.24601329,0.30529663,0.30529663,0.30527222,0.30527797,warm,-0.097594982,-19.507951,5.8306306,1.0641432e-09,,ceiling,,-0.0018657959,,,-0.11101752,-1.3348811,0.17349333,-13.18033
kuairand,none,101,warm_t,0,0.054433642,0.30491507,0.30491551,4096,-2.2998128,0.038156321,,,0.45236927,0.78841916,0.30574016,0.29354212,0.30572787,0.29353387,20,19,0.14212818,10,0.001,0.01,symmetric,zero,1.2239133,,25000,0,6066,0,6066,6066,0,0,0,0.24601329,0.30529663,0.24601329,0.30529663,0.30529663,0.30527222,0.30527797,warm,-0.038156321,-19.157965,5.8902219,1.0641432e-09,,ceiling,,-0.0018657959,,,0.082509492,-1.1372953,0.17349333,-13.18033
kuairand,none,101,warm_t,0.01,0.05425688,0.30491525,0.30491438,4096,-2.049553,0.038136294,,,0.45233327,0.78840933,0.30523117,0.29307232,0.3053695,0.2932119,20,19,0.14212818,10,0.001,0.01,symmetric,zero,1.2188786,,24750,250,6001,12,6013,6066,55.035382,53,245,0.24601329,0.30529663,0.24601329,0.30529663,0.30529663,0.30527222,0.30527797,warm,-0.038137874,-19.175641,5.8901094,1.0641432e-09,,ceiling,,-0.0018657959,,,0.03159182,-1.1842937,0.17349333,-13.18033
kuairand,none,101,warm_t,0.05,0.049481973,0.30529427,0.30528142,256,-1.5671581,0.00022927936,,,0.4523001,0.78869801,0.30103322,0.28896075,0.30113947,0.28911787,20,20,0.065644003,10,0,0.1,one_way,zero,0.54534107,,23750,1250,5755,39,5794,6066,275.17691,272,1145,0.24601329,0.30529663,0.24601329,0.30529663,0.30529663,0.30527222,0.30527797,warm,-0.00023644466,-19.653131,5.9268136,1.0641432e-09,,ceiling,,-0.0018657959,,,-0.42610475,-1.6333514,0.17349333,-13.18033
kuairand,none,101,warm_t,0.1,0.049871702,0.30529364,0.30528137,256,-1.7038474,0.00028908411,,,0.45222604,0.78869227,0.30139047,0.28932772,0.30132583,0.28930793,20,20,0.065644003,10,0,0.1,one_way,zero,0.55144829,,22500,2500,5439,72,5511,6066,550.35382,555,2128,0.24601329,0.30529663,0.24601329,0.30529663,0.30529663,0.30527222,0.30527797,warm,-0.00029933614,-19.614159,5.9268078,1.0641432e-09,,ceiling,,-0.0018657959,,,-0.39031719,-1.5965922,0.17349333,-13.18033
kuairand,none,101,warm_t,0.15,0.050075665,0.30529377,0.30528149,256,-1.5051804,0.00027535865,,,0.45223871,0.78868967,0.30143127,0.28935999,0.30159691,0.28956332,20,20,0.065644003,10,0,0.1,one_way,zero,0.55462754,,21250,3750,5138,103,5241,6066,825.53073,825,2969,0.24601329,0.30529663,0.24601329,0.30529663,0.30529663,0.30527222,0.30527797,warm,-0.00028611934,-19.593762,5.9268198,1.0641432e-09,,ceiling,,-0.0018657959,,,-0.38625003,-1.5933783,0.17349333,-13.18033
kuairand,none,101,warm_t,0.25,0.050737627,0.30529305,0.30528154,256,-1.6174649,0.00034654936,,,0.4521293,0.78867168,0.30110365,0.28901788,0.3012026,0.28916829,20,20,0.065644003,10,0,0.1,one_way,zero,0.56483179,,18750,6250,4548,165,4713,6066,1375.8845,1353,4243,0.24601329,0.30529663,0.24601329,0.30529663,0.30529663,0.30527222,0.30527797,warm,-0.00035857931,-19.527566,5.9268252,1.0641432e-09,,ceiling,,-0.0018657959,,,-0.41893991,-1.6275163,0.17349333,-13.18033
ml,none,100,cap_c,0,0.057420769,0.29630148,0.29507106,32,-2.8710367,0.66773277,,,0.51389873,0.6756029,0.28334212,0.2698457,0.2843686,0.27205151,20,20,0.011058789,100,1e-05,0.1,one_way,base_rate,0.38259453,,25000,0,6020,0,6020,6020,0,0,0,0.2427668,0.30298334,0.2427668,0.30298334,0.30298334,0.30295183,0.30295403,cap,-0.66818607,-18.534603,5.2304262,4.089894e-08,,linear,,-0.0029309771,,,-1.2959358,-2.6455786,0.17069688,-13.228646
ml,none,100,cap_c,0.01,0.049198315,0.29988922,0.2998897,4096,-2.0301403,0.30892915,,,0.5138647,0.67868647,0.29129475,0.27752927,0.29124936,0.27751752,20,20,0.001582565,300,0,10,one_way,base_rate,0.28193521,,24750,250,5957,5,5962,6020,54.092646,58,242,0.2427668,0.30298334,0.2427668,0.30298334,0.30298334,0.30295183,0.30295403,cap,-0.30941191,-19.356848,5.7122905,4.089894e-08,,linear,,-0.0029309771,,,-0.85944771,-2.2359954,0.17069688,-13.228646
ml,none,100,cap_c,0.05,0.051323448,0.30009602,0.30009498,512,-2.1749023,0.28780036,,,0.51333331,0.678871,0.29354508,0.27982675,0.2937091,0.28007618,20,20,0.001582565,300,0,10,one_way,base_rate,0.29904908,,23750,1250,5740,31,5771,6020,270.46323,249,1045,0.2427668,0.30298334,0.2427668,0.30298334,0.30298334,0.30295183,0.30295403,cap,-0.28873272,-19.144335,5.7328178,4.089894e-08,,linear,,-0.0029309771,,,-0.65509378,-2.0269267,0.17069688,-13.228646
ml,none,100,cap_c,0.1,0.053313811,0.30073078,0.30072932,1024,-2.2903416,0.22346122,,,0.5127497,0.67943694,0.29246494,0.2787839,0.29250416,0.27884817,20,20,0.001582565,300,0,10,one_way,base_rate,0.31299183,,22500,2500,5432,67,5499,6020,540.92646,521,1800,0.2427668,0.30298334,0.2427668,0.30298334,0.30298334,0.30295183,0.30295403,cap,-0.22525607,-18.945299,5.7962525,4.089894e-08,,linear,,-0.0029309771,,,-0.8265841,-2.1946883,0.17069688,-13.228646
ml,none,100,cap_c,0.15,0.054961803,0.30047564,0.3004779,256,-2.3726921,0.24856307,,,0.5125528,0.6794637,0.29330902,0.2796523,0.29316974,0.27966588,20,20,0.001582565,300,0,10,one_way,base_rate,0.32471734,,21250,3750,5127,101,5228,6020,811.38969,792,2313,0.2427668,0.30298334,0.2427668,0.30298334,0.30298334,0.30295183,0.30295403,cap,-0.2507699,-18.7805,5.7711106,4.089894e-08,,linear,,-0.0029309771,,,-0.716662,-2.0823345,0.17069688,-13.228646
ml,none,100,cap_c,0.25,0.05778593,0.30048694,0.30047965,4096,-2.4860974,0.24441877,,,0.51245956,0.67929011,0.29158452,0.27791854,0.29160094,0.27794804,20,20,0.001582565,300,0,10,one_way,base_rate,0.3442592,,18750,6250,4518,165,4683,6020,1352.3161,1337,2966,0.2427668,0.30298334,0.2427668,0.30298334,0.30298334,0.30295183,0.30295403,cap,-0.2496398,-18.498087,5.7712851,4.089894e-08,,linear,,-0.0029309771,,,-0.89024238,-2.2568405,0.17069688,-13.228646
ml,none,100,cap_t,0,0.057420781,0.29630148,0.29507108,32,-2.8710382,0.66773277,,,0.51389871,0.67560282,0.28334212,0.2698457,0.28436852,0.27205142,20,20,0.011058789,100,1e-05,0.1,one_way,base_rate,0.38259453,,25000,0,6020,0,6020,6020,0,0,0,0.2427668,0.30298334,0.2427668,0.30298334,0.30298334,0.30295183,0.30295403,cap,-0.66818607,-18.534602,5.2304285,4.089894e-08,,linear,,-0.0029309771,,,-1.2959358,-2.6455786,0.17069688,-13.228646
ml,none,100,cap_t,0.01,0.049198423,0.29988922,0.29988963,4096,-2.0301512,0.30892915,,,0.51386477,0.67868616,0.29129475,0.27752927,0.29124561,0.27751342,20,20,0.001582565,300,0,10,one_way,base_rate,0.28193521,,24750,250,5957,5,5962,6020,54.092646,58,242,0.2427668,0.30298334,0.2427668,0.30298334,0.30298334,0.30295183,0.30295403,cap,-0.30941191,-19.356838,5.7122827,4.089894e-08,,linear,,-0.0029309771,,,-0.85944771,-2.2359954,0.17069688,-13.228646
ml,none,100,cap_t,0.05,0.051323471,0.30009602,0.30009475,512,-2.1749046,0.28780036,,,0.51333336,0.67887089,0.29354508,0.27982675,0.29370445,0.2800718,20,20,0.001582565,300,0,10,one_way,base_rate,0.29904908,,23750,1250,5740,31,5771,6020,270.46323,249,1045,0.2427668,0.30298334,0.2427668,0.30298334,0.30298334,0.30295183,0.30295403,cap,-0.28873272,-19.144333,5.732795,4.089894e-08,,linear,,-0.0029309771,,,-0.65509378,-2.0269267,0.17069688,-13.228646
ml,none,100,cap_t,0.1,0.053313903,0.30073208,0.3007292,1024,-2.2903507,0.22333182,,,0.51274959,0.67943679,0.29229081,0.27861426,0.29249915,0.27884343,20,20,0.001582565,300,0,10,one_way,base_rate,0.31299183,,22500,2500,5432,67,5499,6020,540.92646,521,1800,0.2427668,0.30298334,0.2427668,0.30298334,0.30298334,0.30295183,0.30295403,cap,-0.22512667,-18.94529,5.7962403,4.089894e-08,,linear,,-0.0029309771,,,-0.84412616,-2.2117815,0.17069688,-13.228646
ml,none,100,cap_t,0.15,0.054962008,0.30047564,0.3004779,256,-2.372712,0.24856307,,,0.51255294,0.67946269,0.29330902,0.2796523,0.29317123,0.27966728,20,20,0.001582565,300,0,10,one_way,base_rate,0.32471734,,21250,3750,5127,101,5228,6020,811.38969,792,2313,0.2427668,0.30298334,0.2427668,0.30298334,0.30298334,0.30295183,0.30295403,cap,-0.2507699,-18.780479,5.7711102,4.089894e-08,,linear,,-0.0029309771,,,-0.716662,-2.0823345,0.17069688,-13.228646
ml,none,100,cap_t,0.25,0.057785855,0.30048694,0.30047967,4096,-2.4860898,0.24441877,,,0.51245962,0.67928945,0.29158452,0.27791854,0.29160106,0.27794856,20,20,0.001582565,300,0,10,one_way,base_rate,0.3442592,,18750,6250,4518,165,4683,6020,1352.3161,1337,2966,0.2427668,0.30298334,0.2427668,0.30298334,0.30298334,0.30295183,0.30295403,cap,-0.2496398,-18.498094,5.7712875,4.089894e-08,,linear,,-0.0029309771,,,-0.89024238,-2.2568405,0.17069688,-13.228646
ml,none,100,dm,,0.297962,0.29806403,,,0.0061691624,0.089967774,0.30367628,0.30220401,,,,,,,20,,0.001475565,26,,,,,,10.51541,,,,,,,,,,,,0.2427668,0.30298334,0.30298334,0.30295183,0.30295403,reference,-0.49193083,5.5195201,,4.089894e-08,,linear,,-0.0029309771,0.57142782,0.42420135,,,0.17069688,-13.228646
ml,none,100,dm_own,,0.29801092,0.29835885,,,0,0.060910114,0.30332008,0.30184642,,,,,,,20,,0.00042218227,21,,,,,,7.1471176,,,,,,,,,,,,0.2427668,0.30298334,0.30298334,0.30295183,0.30295403,reference,-0.46244878,5.5244124,,4.089894e-08,,linear,,-0.0029309771,0.53091578,0.38354954,,,0.17069688,-13.228646
ml,none,100,native_avg,0,0.026844203,0.17069688,,,-0.017387064,0,,,0.53655219,0.60826053,,,,,20,19,0.68508528,10,1e-06,0.1,one_way,,-0.14824937,,25000,0,6020,0,6020,6020,0,0,0,0.2427668,0.30298334,0.2427668,0.30298334,0.30298334,0.30295183,0.30295403,native,-13.228646,-21.59226,,4.089894e-08,,ceiling,,-0.0029309771,,,,,0.17069688,-13.228646
ml,none,100,native_avg,0.01,0.026865002,0.17069688,,,-0.017948119,0,,,0.53653083,0.60855706,,,,,20,19,0.68508528,10,1e-06,0.1,one_way,,-0.15427414,,24750,250,5957,5,5962,6020,54.092646,58,242,0.2427668,0.30298334,0.2427668,0.30298334,0.30298334,0.30295183,0.30295403,native,-13.228646,-21.59018,,4.089894e-08,,ceiling,,-0.0029309771,,,,,0.17069688,-13.228646
ml,none,100,native_avg,0.05,0.026869436,0.17069688,,,-0.017323431,0,,,0.53662474,0.60844352,,,,,20,19,0.68508528,10,1e-06,0.1,one_way,,-0.01763902,,23750,1250,5740,31,5771,6020,270.46323,249,1045,0.2427668,0.30298334,0.2427668,0.30298334,0.30298334,0.30295183,0.30295403,native,-13.228646,-21.589736,,4.089894e-08,,ceiling,,-0.0029309771,,,,,0.17069688,-13.228646
ml,none,100,native_avg,0.1,0.026861515,0.17069688,,,-0.01691148,0,,,0.53668786,0.60793208,,,,,20,19,0.68508528,10,1e-06,0.1,one_way,,-0.0087212678,,22500,2500,5432,67,5499,6020,540.92646,521,1800,0.2427668,0.30298334,0.2427668,0.30298334,0.30298334,0.30295183,0.30295403,native,-13.228646,-21.590528,,4.089894e-08,,ceiling,,-0.0029309771,,,,,0.17069688,-13.228646
ml,none,100,native_avg,0.15,0.026845956,0.17069688,,,-0.016309381,0,,,0.53713486,0.6065449,,,,,20,19,0.68508528,10,1e-06,0.1,one_way,,-0.054246828,,21250,3750,5127,101,5228,6020,811.38969,792,2313,0.2427668,0.30298334,0.2427668,0.30298334,0.30298334,0.30295183,0.30295403,native,-13.228646,-21.592084,,4.089894e-08,,ceiling,,-0.0029309771,,,,,0.17069688,-13.228646
ml,none,100,native_avg,0.25,0.026832104,0.17069688,,,-0.016461509,0,,,0.53782119,0.60347426,,,,,20,19,0.68508528,10,1e-06,0.1,one_way,,-0.17013589,,18750,6250,4518,165,4683,6020,1352.3161,1337,2966,0.2427668,0.30298334,0.2427668,0.30298334,0.30298334,0.30295183,0.30295403,native,-13.228646,-21.593469,,4.089894e-08,,ceiling,,-0.0029309771,,,,,0.17069688,-13.228646
ml,none,100,native_prod_c,0,0.027088822,0.17069688,,,-0.066394368,0,,,0.53512614,0.61247245,,,,,20,20,0.82619078,30,0.0001,0,one_way,,0.0038357431,,25000,0,6020,0,6020,6020,0,0,0,0.2427668,0.30298334,0.2427668,0.30298334,0.30298334,0.30295183,0.30295403,native,-13.228646,-21.567798,,4.089894e-08,,ceiling,,-0.0029309771,,,,,0.17069688,-13.228646
ml,none,100,native_prod_c,0.01,0.02718294,0.17069688,,,-0.075532164,0,,,0.53494841,0.61304546,,,,,20,20,0.82619078,30,0.0001,0,one_way,,0.00031470024,,24750,250,5957,5,5962,6020,54.092646,58,242,0.2427668,0.30298334,0.2427668,0.30298334,0.30298334,0.30295183,0.30295403,native,-13.228646,-21.558386,,4.089894e-08,,ceiling,,-0.0029309771,,,,,0.17069688,-13.228646
ml,none,100,native_prod_c,0.05,0.02750733,0.17069688,,,-0.10705023,0,,,0.53497365,0.61359429,,,,,20,20,0.82619078,30,0.0001,0,one_way,,0.0064611146,,23750,1250,5740,31,5771,6020,270.46323,249,1045,0.2427668,0.30298334,0.2427668,0.30298334,0.30298334,0.30295183,0.30295403,native,-13.228646,-21.525947,,4.089894e-08,,ceiling,,-0.0029309771,,,,,0.17069688,-13.228646
ml,none,100,native_prod_c,0.1,0.027873467,0.17069688,,,-0.14263981,0,,,0.53526018,0.61431975,,,,,20,20,0.82619078,30,0.0001,0,one_way,,-0.011517877,,22500,2500,5432,67,5499,6020,540.92646,521,1800,0.2427668,0.30298334,0.2427668,0.30298334,0.30298334,0.30295183,0.30295403,native,-13.228646,-21.489333,,4.089894e-08,,ceiling,,-0.0029309771,,,,,0.17069688,-13.228646
ml,none,100,native_prod_c,0.15,0.028195738,0.17069688,,,-0.17396363,0,,,0.53672645,0.61248689,,,,,20,20,0.82619078,30,0.0001,0,one_way,,-0.014258839,,21250,3750,5127,101,5228,6020,811.38969,792,2313,0.2427668,0.30298334,0.2427668,0.30298334,0.30298334,0.30295183,0.30295403,native,-13.228646,-21.457106,,4.089894e-08,,ceiling,,-0.0029309771,,,,,0.17069688,-13.228646
ml,none,100,native_prod_c,0.25,0.028812268,0.17069688,,,-0.23433657,0,,,0.54036659,0.60944612,,,,,20,20,0.82619078,30,0.0001,0,one_way,,-0.013401964,,18750,6250,4518,165,4683,6020,1352.3161,1337,2966,0.2427668,0.30298334,0.2427668,0.30298334,0.30298334,0.30295183,0.30295403,native,-13.228646,-21.395453,,4.089894e-08,,ceiling,,-0.0029309771,,,,,0.17069688,-13.228646
ml,none,100,native_prod_t,0,0.026396214,0.027140348,,,7.001015e-08,0.093473943,,,0.54942098,0.57805495,,,,,20,20,0.0022439184,100,0,1,one_way,,-3.4412904e-05,,25000,0,6020,0,6020,6020,0,0,0,0.2427668,0.30298334,0.2427668,0.30298334,0.30298334,0.30295183,0.30295403,native,-27.5843,-21.637058,,4.089894e-08,,ceiling,,-0.0029309771,,,,,0.17069688,-13.228646
ml,none,100,native_prod_t,0.01,0.02639628,0.019047113,,,3.678466e-05,1.0447303,,,0.54947245,0.57943659,,,,,20,20,0.0022439184,100,0,1,one_way,,-2.9541836e-05,,24750,250,5957,5,5962,6020,54.092646,58,242,0.2427668,0.30298334,0.2427668,0.30298334,0.30298334,0.30295183,0.30295403,native,-28.393623,-21.637052,,4.089894e-08,,ceiling,,-0.0029309771,,,,,0.17069688,-13.228646
ml,none,100,native_prod_t,0.05,0.026396572,0.095372708,,,0,0,,,0.54947033,0.56208656,,,,,20,20,0.20240551,1,0.0001,0.1,one_way,,0.00042466816,,23750,1250,5740,31,5771,6020,270.46323,249,1045,0.2427668,0.30298334,0.2427668,0.30298334,0.30298334,0.30295183,0.30295403,native,-20.761063,-21.637023,,4.089894e-08,,ceiling,,-0.0029309771,,,,,0.17069688,-13.228646
ml,none,100,native_prod_t,0.1,0.026396359,0.093849075,,,4.2099677e-06,0,,,0.54956305,0.5696093,,,,,20,20,0.016343664,3,1e-05,10,one_way,,-1.1400262e-05,,22500,2500,5432,67,5499,6020,540.92646,521,1800,0.2427668,0.30298334,0.2427668,0.30298334,0.30298334,0.30295183,0.30295403,native,-20.913427,-21.637044,,4.089894e-08,,ceiling,,-0.0029309771,,,,,0.17069688,-13.228646
ml,none,100,native_prod_t,0.15,0.026396374,0.12205086,,,0.00014467972,0,,,0.5499644,0.56169877,,,,,20,20,0.016343664,3,1e-05,10,one_way,,-4.5315965e-06,,21250,3750,5127,101,5228,6020,811.38969,792,2313,0.2427668,0.30298334,0.2427668,0.30298334,0.30298334,0.30295183,0.30295403,native,-18.093249,-21.637042,,4.089894e-08,,ceiling,,-0.0029309771,,,,,0.17069688,-13.228646
ml,none,100,native_prod_t,0.25,0.026396472,0.12706614,,,0.00093404511,0,,,0.55228202,0.55562937,,,,,20,20,0.016343664,3,1e-05,10,one_way,,-1.8773313e-05,,18750,6250,4518,165,4683,6020,1352.3161,1337,2966,0.2427668,0.30298334,0.2427668,0.30298334,0.30298334,0.30295183,0.30295403,native,-17.59172,-21.637033,,4.089894e-08,,ceiling,,-0.0029309771,,,,,0.17069688,-13.228646
ml,none,100,no_prop,,0.29993985,0.29999052,,,0,0.16524451,0.083414957,0.079619493,,,,,,,20,,0.00065131976,25,,,,,,18.9652,,,,,,,,,,,,0.2427668,0.30298334,0.30298334,0.30295183,0.30295403,reference,-0.29928272,5.7173051,,4.089894e-08,,linear,,-0.0029309771,-21.652489,-22.032036,,,0.17069688,-13.228646
ml,none,100,opc,,0.29571692,0.29757369,,,0.0096213434,0.20399674,0.29623738,0.28387689,,,,,,,20,,0.00036895768,7,,,,,,4.6599312,,,,,,,,,,,,0.2427668,0.30298334,0.30298334,0.30295183,0.30295403,reference,-0.54096536,5.2950121,,4.089894e-08,,linear,,-0.0029309771,0.052045974,-1.1840026,,,0.17069688,-13.228646
ml,none,100,opc_raw,,0.2952123,0.29710168,,,0,0.21377312,0.29431909,0.28194247,,,,,,,20,,0.00036895768,7,,,,,,4.715096,,,,,,,,,,,,0.2427668,0.30298334,0.30298334,0.30295183,0.30295403,reference,-0.58816651,5.2445504,,4.089894e-08,,linear,,-0.0029309771,-0.089320961,-1.3269836,,,0.17069688,-13.228646
ml,none,100,tempered_logger,,0.30113287,0.30298334,,,0.18367864,0,0.29359466,0.28200556,,,,,,,20,,,-1,,,,,,5.2605788,,,,,,,,,,,,0.2427668,0.30298334,0.30298334,0.30295183,0.30295403,reference,-3.9564724e-08,5.8366072,,4.089894e-08,,linear,,-0.0029309771,-0.75382117,-1.9127306,,,0.17069688,-13.228646
ml,none,100,warm_c,0,0.059448829,0.30174225,0.30165965,128,0,0,,,0.51140097,0.68145185,0.3005032,0.2866367,0.3021192,0.2885088,20,18,0.012426653,100,0.001,0.1,one_way,zero,0.66378635,,25000,0,6020,0,6020,6020,0,0,0,0.2427668,0.30298334,0.2427668,0.30298334,0.30298334,0.30295183,0.30295403,warm,-0.12410975,-18.331797,5.8892855,4.089894e-08,,ceiling,,-0.0029309771,,,-0.12390467,-1.5105542,0.17069688,-13.228646
ml,none,100,warm_c,0.01,0.060149894,0.30174315,0.30174069,4096,0,0,,,0.51134951,0.68146258,0.30310904,0.28918825,0.30302355,0.28910992,20,18,0.012426653,100,0.001,0.1,one_way,zero,0.67417812,,24750,250,5957,5,5962,6020,54.092646,58,242,0.2427668,0.30298334,0.2427668,0.30298334,0.30298334,0.30295183,0.30295403,warm,-0.1240191,-18.26169,5.8973892,4.089894e-08,,ceiling,,-0.0029309771,,,0.13658865,-1.2554901,0.17069688,-13.228646
ml,none,100,warm_c,0.05,0.06166321,0.3020363,0.30203754,1024,0,0,,,0.5113117,0.68149609,0.30026286,0.28644865,0.30044252,0.28668322,20,18,0.012426653,100,0.001,0.1,one_way,zero,0.69638658,,23750,1250,5740,31,5771,6020,270.46323,249,1045,0.2427668,0.30298334,0.2427668,0.30298334,0.30298334,0.30295183,0.30295403,warm,-0.094704571,-18.110359,5.9270743,4.089894e-08,,ceiling,,-0.0029309771,,,-0.17734374,-1.5587651,0.17069688,-13.228646
ml,none,100,warm_c,0.1,0.062584607,0.30212278,0.30205343,128,0,0,,,0.51125637,0.68152839,0.29910185,0.28536826,0.29927218,0.28585775,20,18,0.012426653,100,0.001,0.1,one_way,zero,0.70977354,,22500,2500,5432,67,5499,6020,540.92646,521,1800,0.2427668,0.30298334,0.2427668,0.30298334,0.30298334,0.30295183,0.30295403,warm,-0.086056391,-18.018219,5.928663,4.089894e-08,,ceiling,,-0.0029309771,,,-0.30209265,-1.6754523,0.17069688,-13.228646
ml,none,100,warm_c,0.15,0.063203905,0.3021066,0.30210044,4096,0,0,,,0.51131785,0.6814321,0.29856522,0.28482694,0.2987141,0.28498521,20,18,0.012426653,100,0.001,0.1,one_way,zero,0.71873701,,21250,3750,5127,101,5228,6020,811.38969,792,2313,0.2427668,0.30298334,0.2427668,0.30298334,0.30298334,0.30295183,0.30295403,warm,-0.087674298,-17.956289,5.9333642,4.089894e-08,,ceiling,,-0.0029309771,,,-0.35413772,-1.7279661,0.17069688,-13.228646
ml,none,100,warm_c,0.25,0.061083161,0.30229946,0.30114634,32,0.32497314,0.0069869669,,,0.51127551,0.68159352,0.2963608,0.28272085,0.29667559,0.28450405,20,18,0.073295025,10,0,10,one_way,zero,0.3750011,,18750,6250,4518,165,4683,6020,1352.3161,1337,2966,0.2427668,0.30298334,0.2427668,0.30298334,0.30298334,0.30295183,0.30295403,warm,-0.068388367,-18.168364,5.8379538,4.089894e-08,,ceiling,,-0.0029309771,,,-0.5938658,-1.9578606,0.17069688,-13.228646
ml,none,100,warm_t,0,0.059358775,0.3029585,0.30159247,32,-1.0623601,0.0024207578,,,0.51139819,0.68151557,0.2940959,0.28055862,0.29383558,0.28198559,20,18,0.012426653,100,0.001,0.1,one_way,zero,0.66378635,,25000,0,6020,0,6020,6020,0,0,0,0.2427668,0.30298334,0.2427668,0.30298334,0.30298334,0.30295183,0.30295403,warm,-0.0024838701,-18.340802,5.8825668,4.089894e-08,,ceiling,,-0.0029309771,,,-0.88626072,-2.2399887,0.17069688,-13.228646
ml,none,100,warm_t,0.01,0.060060477,0.30295843,0.30163661,32,-1.029124,0.002403402,,,0.51132048,0.68154483,0.29419324,0.28065358,0.29384992,0.28197074,20,18,0.012426653,100,0.001,0.1,one_way,zero,0.67417812,,24750,250,5957,5,5962,6020,54.092646,58,242,0.2427668,0.30298334,0.2427668,0.30298334,0.30298334,0.30295183,0.30295403,warm,-0.0024915696,-18.270632,5.8869807,4.089894e-08,,ceiling,,-0.0029309771,,,-0.87651824,-2.2304849,0.17069688,-13.228646
ml,none,100,warm_t,0.05,0.061582873,0.30295333,0.30171627,32,-0.90868057,0.002748414,,,0.51123981,0.68157479,0.2945806,0.28102246,0.29388529,0.2819429,20,18,0.012426653,100,0.001,0.1,one_way,zero,0.69638658,,23750,1250,5740,31,5771,6020,270.46323,249,1045,0.2427668,0.30298334,0.2427668,0.30298334,0.30298334,0.30295183,0.30295403,warm,-0.0030017484,-18.118393,5.8949469,4.089894e-08,,ceiling,,-0.0029309771,,,-0.83727264,-2.1930866,0.17069688,-13.228646
ml,none,100,warm_t,0.1,0.062513685,0.30294502,0.30175341,32,-3.1124781,0.0036148897,,,0.5111706,0.681659,0.29423989,0.28072624,0.29385191,0.28188699,20,18,0.012426653,100,0.001,0.1,one_way,zero,0.70977354,,22500,2500,5432,67,5499,6020,540.92646,521,1800,0.2427668,0.30298334,0.2427668,0.30298334,0.30298334,0.30295183,0.30295403,warm,-0.0038322196,-18.025311,5.8986615,4.089894e-08,,ceiling,,-0.0029309771,,,-0.87051257,-2.2218777,0.17069688,-13.228646
ml,none,100,warm_t,0.15,0.063138328,0.30293723,0.3017795,32,-2.9834741,0.0044371117,,,0.51121097,0.68157978,0.29486836,0.28137507,0.29400623,0.28201742,20,18,0.012426653,100,0.001,0.1,one_way,zero,0.71873701,,21250,3750,5127,101,5228,6020,811.38969,792,2313,0.2427668,0.30298334,0.2427668,0.30298334,0.30298334,0.30295183,0.30295403,warm,-0.0046117181,-17.962847,5.90127,4.089894e-08,,ceiling,,-0.0029309771,,,-0.80688655,-2.1562152,0.17069688,-13.228646
ml,none,100,warm_t,0.25,0.061015775,0.30297032,0.30169611,32,-2.5750075,0.0011690205,,,0.51121722,0.68171978,0.29463132,0.28110211,0.29367706,0.28176764,20,18,0.073295025,10,0,10,one_way,zero,0.3750011,,18750,6250,4518,165,4683,6020,1352.3161,1337,2966,0.2427668,0.30298334,0.2427668,0.30298334,0.30298334,0.30295183,0.30295403,warm,-0.0013024318,-18.175102,5.8929314,4.089894e-08,,ceiling,,-0.0029309771,,,-0.83390013,-2.1868208,0.17069688,-13.228646
ml,none,101,cap_c,0,0.055708539,0.29580551,0.29583194,256,-2.5350098,0.50763623,,,0.51327329,0.67933426,0.29390702,0.28003808,0.29457733,0.28080471,20,19,0.024786268,30,1e-07,0.01,one_way,base_rate,0.35328341,,25000,0,5973,0,5973,5973,0,0,0,0.24152548,0.30089191,0.24152548,0.30089191,0.30089191,0.30085033,0.30085244,cap,-0.50863927,-18.581694,5.4306454,3.1474739e-08,,linear,,-0.003946608,,,-0.18984947,-1.5767434,0.16990364,-13.098827
ml,none,101,cap_c,0.01,0.056201568,0.29598221,0.29596945,1024,-2.5648837,0.48980552,,,0.51326105,0.67925384,0.29435399,0.28040848,0.29486156,0.28092935,20,19,0.024786268,30,1e-07,0.01,one_way,base_rate,0.35459155,,24750,250,5906,8,5914,5973,53.506659,59,243,0.24152548,0.30089191,0.24152548,0.30089191,0.30089191,0.30085033,0.30085244,cap,-0.49097001,-18.532392,5.4443968,3.1474739e-08,,linear,,-0.003946608,,,-0.16282164,-1.5573728,0.16990364,-13.098827
ml,none,101,cap_c,0.05,0.057890861,0.29573943,0.29573799,1024,-2.6585513,0.51380824,,,0.51333724,0.6790503,0.2935308,0.27950366,0.29359773,0.27958249,20,19,0.024786268,30,1e-07,0.01,one_way,base_rate,0.36739779,,23750,1250,5668,38,5706,5973,267.5333,267,1060,0.24152548,0.30089191,0.24152548,0.30089191,0.30089191,0.30085033,0.30085244,cap,-0.51524804,-18.363462,5.4212511,3.1474739e-08,,linear,,-0.003946608,,,-0.22086288,-1.6235763,0.16990364,-13.098827
ml,none,101,cap_c,0.1,0.059243712,0.29508248,0.29510561,4096,-2.7030153,0.57825262,,,0.51348326,0.67868813,0.29210368,0.27813274,0.29204181,0.27808333,20,19,0.024786268,30,1e-07,0.01,one_way,base_rate,0.37429208,,22500,2500,5354,76,5430,5973,535.06659,543,1786,0.24152548,0.30089191,0.24152548,0.30089191,0.30089191,0.30085033,0.30085244,cap,-0.58094223,-18.228177,5.3580128,3.1474739e-08,,linear,,-0.003946608,,,-0.29788066,-1.6949745,0.16990364,-13.098827
ml,none,101,cap_c,0.15,0.060669893,0.29528352,0.29528331,4096,-2.7545005,0.55638292,,,0.51371539,0.67809873,0.29177793,0.27785915,0.29168493,0.27776737,20,19,0.024786268,30,1e-07,0.01,one_way,base_rate,0.38278797,,21250,3750,5059,107,5166,5973,802.59989,807,2330,0.24152548,0.30089191,0.24152548,0.30089191,0.30089191,0.30085033,0.30085244,cap,-0.56083856,-18.085559,5.3757824,3.1474739e-08,,linear,,-0.003946608,,,-0.35055895,-1.7424369,0.16990364,-13.098827
ml,none,101,cap_c,0.25,0.062432761,0.29525097,0.29525645,4096,-2.7488579,0.55569542,,,0.5138834,0.67767321,0.29101732,0.27713544,0.29125959,0.27737272,20,19,0.024786268,30,1e-07,0.01,one_way,base_rate,0.39302421,,18750,6250,4467,181,4648,5973,1337.6665,1325,2903,0.24152548,0.30089191,0.24152548,0.30089191,0.30089191,0.30085033,0.30085244,cap,-0.56409368,-17.909272,5.3730969,3.1474739e-08,,linear,,-0.003946608,,,-0.42336507,-1.8115526,0.16990364,-13.098827
ml,none,101,cap_t,0,0.055707899,0.29580542,0.29583266,256,-2.5349458,0.50764531,,,0.51327299,0.67933592,0.29390743,0.28003849,0.29456875,0.28079574,20,19,0.024786268,30,1e-07,0.01,one_way,base_rate,0.35328341,,25000,0,5973,0,5973,5973,0,0,0,0.24152548,0.30089191,0.24152548,0.30089191,0.30089191,0.30085033,0.30085244,cap,-0.50864835,-18.581758,5.4307176,3.1474739e-08,,linear,,-0.003946608,,,-0.18979965,-1.5766936,0.16990364,-13.098827
ml,none,101,cap_t,0.01,0.056201098,0.29598221,0.29597058,1024,-2.5648366,0.48980552,,,0.51326081,0.67925319,0.29435399,0.28040848,0.29484013,0.28090885,20,19,0.024786268,30,1e-07,0.01,one_way,base_rate,0.35459155,,24750,250,5906,8,5914,5973,53.506659,59,243,0.24152548,0.30089191,0.24152548,0.30089191,0.30089191,0.30085033,0.30085244,cap,-0.49097001,-18.532439,5.4445096,3.1474739e-08,,linear,,-0.003946608,,,-0.16282164,-1.5573728,0.16990364,-13.098827
ml,none,101,cap_t,0.05,0.057890296,0.29573943,0.29573875,1024,-2.6584947,0.51380824,,,0.51333675,0.67905119,0.2935308,0.27950366,0.29357576,0.2795598,20,19,0.024786268,30,1e-07,0.01,one_way,base_rate,0.36739779,,23750,1250,5668,38,5706,5973,267.5333,267,1060,0.24152548,0.30089191,0.24152548,0.30089191,0.30089191,0.30085033,0.30085244,cap,-0.51524804,-18.363519,5.4213271,3.1474739e-08,,linear,,-0.003946608,,,-0.22086288,-1.6235763,0.16990364,-13.098827
ml,none,101,cap_t,0.1,0.059242991,0.29508454,0.29510372,4096,-2.702943,0.57804715,,,0.51348268,0.67868899,0.29245996,0.27848926,0.29208687,0.27812789,20,19,0.024786268,30,1e-07,0.01,one_way,base_rate,0.37429208,,22500,2500,5354,76,5430,5973,535.06659,543,1786,0.24152548,0.30089191,0.24152548,0.30089191,0.30089191,0.30085033,0.30085244,cap,-0.58073676,-18.228249,5.3578238,3.1474739e-08,,linear,,-0.003946608,,,-0.2624578,-1.6595278,0.16990364,-13.098827
ml,none,101,cap_t,0.15,0.06066935,0.29528491,0.29528318,4096,-2.7544462,0.55624372,,,0.51371491,0.67809975,0.29170629,0.27778671,0.2917079,0.2777902,20,19,0.024786268,30,1e-07,0.01,one_way,base_rate,0.38278797,,21250,3750,5059,107,5166,5973,802.59989,807,2330,0.24152548,0.30089191,0.24152548,0.30089191,0.30089191,0.30085033,0.30085244,cap,-0.56069936,-18.085613,5.37577,3.1474739e-08,,linear,,-0.003946608,,,-0.35786225,-1.7498202,0.16990364,-13.098827
ml,none,101,cap_t,0.25,0.062432961,0.29526029,0.29526065,4096,-2.7488778,0.55476325,,,0.51388298,0.67767299,0.29151976,0.27761764,0.29137102,0.27747774,20,19,0.024786268,30,1e-07,0.01,one_way,base_rate,0.39302421,,18750,6250,4467,181,4648,5973,1337.6665,1325,2903,0.24152548,0.30089191,0.24152548,0.30089191,0.30089191,0.30085033,0.30085244,cap,-0.5631615,-17.909252,5.373517,3.1474739e-08,,linear,,-0.003946608,,,-0.37405334,-1.7642648,0.16990364,-13.098827
ml,none,101,dm,,0.29668249,0.29673999,,,0.0039861052,0.031884059,0.30490944,0.3033991,,,,,,,20,,0.0011329572,25,,,,,,15.19268,,,,,,,,,,,,0.24152548,0.30089191,0.30089191,0.30085033,0.30085244,reference,-0.41519133,5.5157009,,3.1474739e-08,,linear,,-0.003946608,0.82269459,0.67166037,,,0.16990364,-13.098827
ml,none,101,dm_own,,0.29664462,0.29673656,,,0,0.025372583,0.3048951,0.30338453,,,,,,,20,,0.00095490948,23,,,,,,13.623287,,,,,,,,,,,,0.24152548,0.30089191,0.30089191,0.30085033,0.30085244,reference,-0.41553446,5.5119141,,3.1474739e-08,,linear,,-0.003946608,0.82504788,0.67399018,,,0.16990364,-13.098827
ml,none,101,native_avg,0,0.027781536,0.16990364,,,-0.022679281,0,,,0.54063749,0.60069329,,,,,20,19,0.08281329,300,0.001,0,one_way,,-0.0014686078,,25000,0,5973,0,5973,5973,0,0,0,0.24152548,0.30089191,0.24152548,0.30089191,0.30089191,0.30085033,0.30085244,native,-13.098827,-21.374395,,3.1474739e-08,,ceiling,,-0.003946608,,,,,0.16990364,-13.098827
ml,none,101,native_avg,0.01,0.027789981,0.16990364,,,-0.023223539,0,,,0.54061232,0.60118274,,,,,20,19,0.08281329,300,0.001,0,one_way,,-0.0012352316,,24750,250,5906,8,5914,5973,53.506659,59,243,0.24152548,0.30089191,0.24152548,0.30089191,0.30089191,0.30085033,0.30085244,native,-13.098827,-21.37355,,3.1474739e-08,,ceiling,,-0.003946608,,,,,0.16990364,-13.098827
ml,none,101,native_avg,0.05,0.027787241,0.16990364,,,-0.022331002,0,,,0.5407711,0.60132527,,,,,20,19,0.08281329,300,0.001,0,one_way,,-0.0021230571,,23750,1250,5668,38,5706,5973,267.5333,267,1060,0.24152548,0.30089191,0.24152548,0.30089191,0.30089191,0.30085033,0.30085244,native,-13.098827,-21.373824,,3.1474739e-08,,ceiling,,-0.003946608,,,,,0.16990364,-13.098827
ml,none,101,native_avg,0.1,0.027787346,0.16990364,,,-0.021972747,0,,,0.54095395,0.60041732,,,,,20,19,0.08281329,300,0.001,0,one_way,,-0.0016066821,,22500,2500,5354,76,5430,5973,535.06659,543,1786,0.24152548,0.30089191,0.24152548,0.30089191,0.30089191,0.30085033,0.30085244,native,-13.098827,-21.373814,,3.1474739e-08,,ceiling,,-0.003946608,,,,,0.16990364,-13.098827
ml,none,101,native_avg,0.15,0.027786767,0.16990364,,,-0.021684176,0,,,0.54123021,0.59888301,,,,,20,19,0.08281329,300,0.001,0,one_way,,-0.0014564296,,21250,3750,5059,107,5166,5973,802.59989,807,2330,0.24152548,0.30089191,0.24152548,0.30089191,0.30089191,0.30085033,0.30085244,native,-13.098827,-21.373872,,3.1474739e-08,,ceiling,,-0.003946608,,,,,0.16990364,-13.098827
ml,none,101,native_avg,0.25,0.027770709,0.16990364,,,-0.020297488,0,,,0.54168292,0.59542387,,,,,20,19,0.08281329,300,0.001,0,one_way,,-0.0030627728,,18750,6250,4467,181,4648,5973,1337.6665,1325,2903,0.24152548,0.30089191,0.24152548,0.30089191,0.30089191,0.30085033,0.30085244,native,-13.098827,-21.375477,,3.1474739e-08,,ceiling,,-0.003946608,,,,,0.16990364,-13.098827
ml,none,101,native_prod_c,0,0.028330629,0.16990364,,,-0.075020525,0,,,0.53705717,0.61157439,,,,,20,20,0.47985917,100,0.0001,10,one_way,,0.82957584,,25000,0,5973,0,5973,5973,0,0,0,0.24152548,0.30089191,0.24152548,0.30089191,0.30089191,0.30085033,0.30085244,native,-13.098827,-21.319485,,3.1474739e-08,,ceiling,,-0.003946608,,,,,0.16990364,-13.098827
ml,none,101,native_prod_c,0.01,0.028433328,0.16990364,,,-0.084827603,0,,,0.53698709,0.61203041,,,,,20,20,0.47985917,100,0.0001,10,one_way,,1.8746555,,24750,250,5906,8,5914,5973,53.506659,59,243,0.24152548,0.30089191,0.24152548,0.30089191,0.30089191,0.30085033,0.30085244,native,-13.098827,-21.309216,,3.1474739e-08,,ceiling,,-0.003946608,,,,,0.16990364,-13.098827
ml,none,101,native_prod_c,0.05,0.028815193,0.16990364,,,-0.12116927,0,,,0.53751295,0.61209728,,,,,20,20,0.47985917,100,0.0001,10,one_way,,0.20741335,,23750,1250,5668,38,5706,5973,267.5333,267,1060,0.24152548,0.30089191,0.24152548,0.30089191,0.30089191,0.30085033,0.30085244,native,-13.098827,-21.271029,,3.1474739e-08,,ceiling,,-0.003946608,,,,,0.16990364,-13.098827
ml,none,101,native_prod_c,0.1,0.029252312,0.16990364,,,-0.16271951,0,,,0.53863393,0.61105529,,,,,20,20,0.47985917,100,0.0001,10,one_way,,-0.77276218,,22500,2500,5354,76,5430,5973,535.06659,543,1786,0.24152548,0.30089191,0.24152548,0.30089191,0.30089191,0.30085033,0.30085244,native,-13.098827,-21.227317,,3.1474739e-08,,ceiling,,-0.003946608,,,,,0.16990364,-13.098827
ml,none,101,native_prod_c,0.15,0.029681594,0.16990364,,,-0.20333379,0,,,0.5408843,0.60845881,,,,,20,20,0.47985917,100,0.0001,10,one_way,,-0.83349609,,21250,3750,5059,107,5166,5973,802.59989,807,2330,0.24152548,0.30089191,0.24152548,0.30089191,0.30089191,0.30085033,0.30085244,native,-13.098827,-21.184389,,3.1474739e-08,,ceiling,,-0.003946608,,,,,0.16990364,-13.098827
ml,none,101,native_prod_c,0.25,0.030328292,0.064326351,,,-0.26495635,10.557729,,,0.54490501,0.6054757,,,,,20,20,0.47985917,100,0.0001,10,one_way,,0.096748002,,18750,6250,4467,181,4648,5973,1337.6665,1325,2903,0.24152548,0.30089191,0.24152548,0.30089191,0.30089191,0.30085033,0.30085244,native,-23.656555,-21.119719,,3.1474739e-08,,ceiling,,-0.003946608,,,,,0.16990364,-13.098827
ml,none,101,native_prod_t,0,0.027498845,0.028364352,,,2.464827e-08,0.026083107,,,0.55044069,0.57067741,,,,,20,20,0.88224953,1,0.0001,100,one_way,,-0.14649862,,25000,0,5973,0,5973,5973,0,0,0,0.24152548,0.30089191,0.24152548,0.30089191,0.30089191,0.30085033,0.30085244,native,-27.252755,-21.402664,,3.1474739e-08,,ceiling,,-0.003946608,,,,,0.16990364,-13.098827
ml,none,101,native_prod_t,0.01,0.027499275,0.09379793,,,0,0,,,0.55050779,0.57176785,,,,,20,20,0.88224953,1,0.0001,100,one_way,,0.091733418,,24750,250,5906,8,5914,5973,53.506659,59,243,0.24152548,0.30089191,0.24152548,0.30089191,0.30089191,0.30085033,0.30085244,native,-20.709398,-21.402621,,3.1474739e-08,,ceiling,,-0.003946608,,,,,0.16990364,-13.098827
ml,none,101,native_prod_t,0.05,0.027498938,0.03933449,,,6.0483916e-05,3.3924977,,,0.55074478,0.57286744,,,,,20,20,0.2038428,1,1e-06,100,one_way,,0.0025958656,,23750,1250,5668,38,5706,5973,267.5333,267,1060,0.24152548,0.30089191,0.24152548,0.30089191,0.30089191,0.30085033,0.30085244,native,-26.155742,-21.402654,,3.1474739e-08,,ceiling,,-0.003946608,,,,,0.16990364,-13.098827
ml,none,101,native_prod_t,0.1,0.027499255,0.053097017,,,0.00011768845,0,,,0.55176122,0.56750211,,,,,20,20,0.2038428,1,1e-06,100,one_way,,-0.0033174483,,22500,2500,5354,76,5430,5973,535.06659,543,1786,0.24152548,0.30089191,0.24152548,0.30089191,0.30089191,0.30085033,0.30085244,native,-24.779489,-21.402623,,3.1474739e-08,,ceiling,,-0.003946608,,,,,0.16990364,-13.098827
ml,none,101,native_prod_t,0.15,0.027498933,0.011888133,,,0.0014113745,4.1208884,,,0.55273318,0.56310061,,,,,20,20,0.0028810595,10,0.001,10,one_way,,-7.7369848e-05,,21250,3750,5059,107,5166,5973,802.59989,807,2330,0.24152548,0.30089191,0.24152548,0.30089191,0.30089191,0.30085033,0.30085244,native,-28.900377,-21.402655,,3.1474739e-08,,ceiling,,-0.003946608,,,,,0.16990364,-13.098827
ml,none,101,native_prod_t,0.25,0.027499039,0.011888133,,,0.0029534485,4.1208884,,,0.55119577,0.55663861,,,,,20,20,0.0028810595,10,0.001,10,one_way,,-7.7757184e-05,,18750,6250,4467,181,4648,5973,1337.6665,1325,2903,0.24152548,0.30089191,0.24152548,0.30089191,0.30089191,0.30085033,0.30085244,native,-28.900377,-21.402644,,3.1474739e-08,,ceiling,,-0.003946608,,,,,0.16990364,-13.098827
ml,none,101,no_prop,,0.29833965,0.29841811,,,0.025077532,0.12214079,0.085714638,0.081864179,,,,,,,20,,0.0010363912,28,,,,,,19.113144,,,,,,,,,,,,0.24152548,0.30089191,0.30089191,0.30085033,0.30085244,reference,-0.24738005,5.6814171,,3.1474739e-08,,linear,,-0.003946608,-21.262502,-21.647547,,,0.16990364,-13.098827
ml,none,101,opc,,0.29494176,0.29494386,,,0.088617721,0.32291215,0.29472864,0.28080242,,,,,,,20,,0.0010717683,23,,,,,,36.993752,,,,,,,,,,,,0.24152548,0.30089191,0.30089191,0.30085033,0.30085244,reference,-0.59480432,5.341628,,3.1474739e-08,,linear,,-0.003946608,-0.021312623,-1.4139339,,,0.16990364,-13.098827
ml,none,101,opc_raw,,0.2935246,0.29353142,,,0.17891321,0.48609498,0.29348576,0.27978328,,,,,,,20,,0.0014530375,13,,,,,,30.778496,,,,,,,,,,,,0.24152548,0.30089191,0.30089191,0.30085033,0.30085244,reference,-0.73604846,5.1999114,,3.1474739e-08,,linear,,-0.003946608,-0.0038836414,-1.3741317,,,0.16990364,-13.098827
ml,none,101,tempered_logger,,0.30083208,0.30089191,,,0.0048157989,0,0.29392418,0.28032718,,,,,,,20,,,-1,,,,,,27.589383,,,,,,,,,,,,0.24152548,0.30089191,0.30089191,0.30085033,0.30085244,reference,2.3811808e-08,5.9306602,,3.1474739e-08,,linear,,-0.003946608,-0.69079023,-2.0504907,,,0.16990364,-13.098827
ml,none,101,warm_c,0,0.063738305,0.29933299,0.29928266,128,0,0,,,0.51135922,0.68328343,0.29755466,0.2837455,0.29731485,0.28375875,20,20,0.14212818,10,0.001,0.01,symmetric,zero,0.7621609,,25000,0,5973,0,5973,5973,0,0,0,0.24152548,0.30089191,0.24152548,0.30089191,0.30089191,0.30085033,0.30085244,warm,-0.15589168,-17.778718,5.7757181,3.1474739e-08,,ceiling,,-0.003946608,,,-0.17783256,-1.5587487,0.16990364,-13.098827
ml,none,101,warm_c,0.01,0.064124116,0.29930989,0.29925992,128,0,0,,,0.51135104,0.6832912,0.29703438,0.2832269,0.29744118,0.28385858,20,20,0.14212818,10,0.001,0.01,symmetric,zero,0.76820016,,24750,250,5906,8,5914,5973,53.506659,59,243,0.24152548,0.30089191,0.24152548,0.30089191,0.30089191,0.30085033,0.30085244,warm,-0.15820209,-17.740137,5.7734433,3.1474739e-08,,ceiling,,-0.003946608,,,-0.22755075,-1.6082982,0.16990364,-13.098827
ml,none,101,warm_c,0.05,0.064896367,0.29927488,0.29929201,1024,0,0,,,0.51134324,0.68333057,0.29769197,0.2838487,0.29766789,0.28389074,20,20,0.14212818,10,0.001,0.01,symmetric,zero,0.78097123,,23750,1250,5668,38,5706,5973,267.5333,267,1060,0.24152548,0.30089191,0.24152548,0.30089191,0.30089191,0.30085033,0.30085244,warm,-0.16170275,-17.662912,5.7766529,3.1474739e-08,,ceiling,,-0.003946608,,,-0.15829072,-1.5426174,0.16990364,-13.098827
ml,none,101,warm_c,0.1,0.065342059,0.29899203,0.29898808,1024,-0.76278277,0.0071342778,,,0.51136751,0.68331815,0.29678271,0.28292788,0.29712039,0.28328682,20,20,0.14212818,10,0.001,0.01,symmetric,zero,0.78780407,,22500,2500,5354,76,5430,5973,535.06659,543,1786,0.24152548,0.30089191,0.24152548,0.30089191,0.30089191,0.30085033,0.30085244,warm,-0.1899876,-17.618342,5.7462594,3.1474739e-08,,ceiling,,-0.003946608,,,-0.22093163,-1.6064148,0.16990364,-13.098827
ml,none,101,warm_c,0.15,0.065565088,0.2990464,0.29902989,1024,-0.67852118,0.043322598,,,0.51146719,0.68310889,0.30025161,0.28627348,0.30082148,0.28684799,20,20,0.14212818,10,0.001,0.01,symmetric,zero,0.79120392,,21250,3750,5059,107,5166,5973,802.59989,807,2330,0.24152548,0.30089191,0.24152548,0.30089191,0.30089191,0.30085033,0.30085244,warm,-0.18455059,-17.596039,5.7504405,3.1474739e-08,,ceiling,,-0.003946608,,,0.12052088,-1.2772919,0.16990364,-13.098827
ml,none,101,warm_c,0.25,0.060861997,0.30007191,0.29981668,64,0,0,,,0.51154995,0.68328309,0.2947077,0.28095359,0.29425097,0.28106848,20,20,0.065644003,10,0,0.1,one_way,zero,0.36376202,,18750,6250,4467,181,4648,5973,1337.6665,1325,2903,0.24152548,0.30089191,0.24152548,0.30089191,0.30089191,0.30085033,0.30085244,warm,-0.081999828,-18.066349,5.8291194,3.1474739e-08,,ceiling,,-0.003946608,,,-0.5364204,-1.9118316,0.16990364,-13.098827
ml,none,101,warm_t,0,0.063622126,0.30058851,0.30058685,4096,-3.5634332,0.030339543,,,0.51127829,0.68359734,0.29734393,0.28335916,0.29745966,0.2834748,20,20,0.14212818,10,0.001,0.01,symmetric,zero,0.7621609,,25000,0,5973,0,5973,5973,0,0,0,0.24152548,0.30089191,0.24152548,0.30089191,0.30089191,0.30085033,0.30085244,warm,-0.030339523,-17.790336,5.9061371,3.1474739e-08,,ceiling,,-0.003946608,,,-0.32445818,-1.7229353,0.16990364,-13.098827
ml,none,101,warm_t,0.01,0.064019062,0.30060858,0.30060927,4096,-2.467333,0.02818905,,,0.51124813,0.68359644,0.29693636,0.28286938,0.2969951,0.28293588,20,20,0.14212818,10,0.001,0.01,symmetric,zero,0.76820016,,24750,250,5906,8,5914,5973,53.506659,59,243,0.24152548,0.30089191,0.24152548,0.30089191,0.30089191,0.30085033,0.30085244,warm,-0.028332779,-17.750642,5.9083788,3.1474739e-08,,ceiling,,-0.003946608,,,-0.36722221,-1.7739199,0.16990364,-13.098827
ml,none,101,warm_t,0.05,0.064835179,0.30058531,0.30052634,128,-2.2361882,0.030551644,,,0.51121821,0.68360005,0.29667472,0.28264691,0.2964462,0.28276227,20,20,0.14212818,10,0.001,0.01,symmetric,zero,0.78097123,,23750,1250,5668,38,5706,5973,267.5333,267,1060,0.24152548,0.30089191,0.24152548,0.30089191,0.30089191,0.30085033,0.30085244,warm,-0.030659206,-17.66903,5.9000854,3.1474739e-08,,ceiling,,-0.003946608,,,-0.39105899,-1.7938402,0.16990364,-13.098827
ml,none,101,warm_t,0.1,0.065288979,0.30059003,0.30058586,4096,-3.2220374,0.030068571,,,0.51122792,0.68358963,0.29718099,0.28320931,0.29715323,0.28319774,20,20,0.14212818,10,0.001,0.01,symmetric,zero,0.78780407,,22500,2500,5354,76,5430,5973,535.06659,543,1786,0.24152548,0.30089191,0.24152548,0.30089191,0.30089191,0.30085033,0.30085244,warm,-0.030187464,-17.62365,5.9060377,3.1474739e-08,,ceiling,,-0.003946608,,,-0.34090407,-1.7380722,0.16990364,-13.098827
ml,none,101,warm_t,0.15,0.065509299,0.3005659,0.30056729,4096,-3.0489904,0.032547561,,,0.51127595,0.68353808,0.29862516,0.28459914,0.29848579,0.28447707,20,20,0.14212818,10,0.001,0.01,symmetric,zero,0.79120392,,21250,3750,5059,107,5166,5973,802.59989,807,2330,0.24152548,0.30089191,0.24152548,0.30089191,0.30089191,0.30085033,0.30085244,warm,-0.032600234,-17.601618,5.9041806,3.1474739e-08,,ceiling,,-0.003946608,,,-0.19407454,-1.5966759,0.16990364,-13.098827
ml,none,101,warm_t,0.25,0.066269859,0.30061392,0.30060281,1024,-2.8140256,0.027753026,,,0.5113399,0.68341578,0.29806974,0.28406755,0.29820991,0.28423933,20,20,0.14212818,10,0.001,0.01,symmetric,zero,0.80257136,,18750,6250,4467,181,4648,5973,1337.6665,1325,2903,0.24152548,0.30089191,0.24152548,0.30089191,0.30089191,0.30085033,0.30085244,warm,-0.02779906,-17.525562,5.9077323,3.1474739e-08,,ceiling,,-0.003946608,,,-0.25441725,-1.6546362,0.16990364,-13.098827
anime,w-high.g-none.v-none,100,cap_c,0,0.05638794,0.26282555,0.26153582,32,0,0,,,0.42738975,0.66080078,0.24459847,0.23400604,0.24935412,0.23825547,20,20,0.011022421,100,1e-07,0,symmetric,base_rate,0.34133214,,25000,0,4335,0,4335,4335,0,0,0,0.17376569,0.21762282,0.17376569,0.21762282,0.29711784,0.29705554,0.2970615,cap,4.5202731,-11.737775,8.7770134,7.9495022,0.56862343,linear,0.56902672,7.9438679,,,-1.8227083,-2.8819517,0.1844479,-3.3174918
anime,w-high.g-none.v-none,100,cap_c,0.01,0.056975821,0.26313418,0.26184992,32,0,0,,,0.42754872,0.66064404,0.24453802,0.23391659,0.24784698,0.23684279,20,20,0.011022421,100,1e-07,0,symmetric,base_rate,0.34829107,,24750,250,4288,4,4292,4335,36.207142,43,245,0.17376569,0.21762282,0.17376569,0.21762282,0.29711784,0.29705554,0.2970615,cap,4.5511353,-11.678987,8.8084229,7.9495022,0.5725057,linear,0.57291175,7.9438679,,,-1.8596158,-2.9217582,0.1844479,-3.3174918
anime,w-high.g-none.v-none,100,cap_c,0.05,0.054925962,0.26395947,0.26395006,4096,0,0,,,0.42781414,0.65894344,0.25552045,0.24396555,0.25563669,0.24408573,20,20,0.011058789,100,1e-05,0.1,one_way,base_rate,0.32838812,,23750,1250,4113,27,4140,4335,181.03571,195,1173,0.17376569,0.21762282,0.17376569,0.21762282,0.29711784,0.29705554,0.2970615,cap,4.6336652,-11.883973,9.0184373,7.9495022,0.58288747,linear,0.58330089,7.9438679,,,-0.84390258,-1.9993925,0.1844479,-3.3174918
anime,w-high.g-none.v-none,100,cap_c,0.1,0.055063896,0.2635212,0.26345849,128,0,0,,,0.42780404,0.65884808,0.2525684,0.24110617,0.25379822,0.24218069,20,20,0.011058789,100,1e-05,0.1,one_way,base_rate,0.32918242,,22500,2500,3886,73,3959,4335,362.07142,376,2234,0.17376569,0.21762282,0.17376569,0.21762282,0.29711784,0.29705554,0.2970615,cap,4.5898377,-11.870179,8.9692802,7.9495022,0.57737424,linear,0.57778374,7.9438679,,,-1.0952803,-2.2415028,0.1844479,-3.3174918
anime,w-high.g-none.v-none,100,cap_c,0.15,0.055467025,0.26300121,0.26289757,128,0,0,,,0.42770846,0.65934115,0.24764458,0.23644839,0.24983633,0.23835799,20,20,0.011058789,100,1e-05,0.1,one_way,base_rate,0.33378735,,21250,3750,3676,105,3781,4335,543.10714,554,3184,0.17376569,0.21762282,0.17376569,0.21762282,0.29711784,0.29705554,0.2970615,cap,4.5378391,-11.829866,8.9131886,7.9495022,0.57083312,linear,0.57123798,7.9438679,,,-1.5356636,-2.6552825,0.1844479,-3.3174918
anime,w-high.g-none.v-none,100,cap_c,0.25,0.05628645,0.26220822,0.26089407,32,0,0,,,0.42778803,0.65965681,0.24425155,0.23333487,0.24973059,0.23819378,20,20,0.011058789,100,1e-05,0.1,one_way,base_rate,0.33775687,,18750,6250,3241,180,3421,4335,905.17856,914,4741,0.17376569,0.21762282,0.17376569,0.21762282,0.29711784,0.29705554,0.2970615,cap,4.4585397,-11.747924,8.7128381,7.9495022,0.56085772,linear,0.56125551,7.9438679,,,-1.7956666,-2.887335,0.1844479,-3.3174918
anime,w-high.g-none.v-none,100,cap_t,0,0.0526656,0.26216786,0.26215898,256,0,0,,,0.42766286,0.65876037,0.2541486,0.24261967,0.25552586,0.24396797,20,20,0.011058789,100,1e-05,0.1,one_way,base_rate,0.30799714,,25000,0,4335,0,4335,4335,0,0,0,0.17376569,0.21762282,0.17376569,0.21762282,0.29711784,0.29705554,0.2970615,cap,4.4545034,-12.110009,8.8393291,7.9495022,0.56034998,linear,0.56074741,7.9438679,,,-0.80192554,-1.9548186,0.1844479,-3.3174918
anime,w-high.g-none.v-none,100,cap_t,0.01,0.053338492,0.26280668,0.262792,2048,0,0,,,0.42766555,0.65890571,0.2547995,0.24330303,0.25525433,0.24374142,20,20,0.011058789,100,1e-05,0.1,one_way,base_rate,0.31529132,,24750,250,4288,4,4292,4335,36.207142,43,245,0.17376569,0.21762282,0.17376569,0.21762282,0.29711784,0.29705554,0.2970615,cap,4.5183861,-12.04272,8.9026315,7.9495022,0.56838604,linear,0.56878917,7.9438679,,,-0.80071793,-1.950365,0.1844479,-3.3174918
anime,w-high.g-none.v-none,100,cap_t,0.05,0.054925931,0.2639595,0.26395018,4096,0,0,,,0.42781416,0.65894359,0.25552045,0.24396555,0.25564402,0.24409265,20,20,0.011058789,100,1e-05,0.1,one_way,base_rate,0.32838812,,23750,1250,4113,27,4140,4335,181.03571,195,1173,0.17376569,0.21762282,0.17376569,0.21762282,0.29711784,0.29705554,0.2970615,cap,4.6336677,-11.883976,9.0184495,7.9495022,0.58288778,linear,0.5833012,7.9438679,,,-0.84390507,-1.999395,0.1844479,-3.3174918
anime,w-high.g-none.v-none,100,cap_t,0.1,0.055063847,0.2635212,0.26345856,128,0,0,,,0.42780402,0.65884765,0.2525684,0.24110617,0.25379789,0.24218037,20,20,0.011058789,100,1e-05,0.1,one_way,base_rate,0.32918242,,22500,2500,3886,73,3959,4335,362.07142,376,2234,0.17376569,0.21762282,0.17376569,0.21762282,0.29711784,0.29705554,0.2970615,cap,4.5898377,-11.870184,8.9692872,7.9495022,0.57737424,linear,0.57778374,7.9438679,,,-1.0952803,-2.2415028,0.1844479,-3.3174918
anime,w-high.g-none.v-none,100,cap_t,0.15,0.055466951,0.26300121,0.26289758,128,0,0,,,0.42770846,0.6593412,0.24764458,0.23644839,0.24983601,0.23835767,20,20,0.011058789,100,1e-05,0.1,one_way,base_rate,0.33378735,,21250,3750,3676,105,3781,4335,543.10714,554,3184,0.17376569,0.21762282,0.17376569,0.21762282,0.29711784,0.29705554,0.2970615,cap,4.5378391,-11.829874,8.9131896,7.9495022,0.57083312,linear,0.57123798,7.9438679,,,-1.5356636,-2.6552825,0.1844479,-3.3174918
anime,w-high.g-none.v-none,100,cap_t,0.25,0.05628644,0.26220822,0.26089406,32,0,0,,,0.42778803,0.65965698,0.24425155,0.23333487,0.249731,0.23819418,20,20,0.011058789,100,1e-05,0.1,one_way,base_rate,0.33775687,,18750,6250,3241,180,3421,4335,905.17856,914,4741,0.17376569,0.21762282,0.17376569,0.21762282,0.29711784,0.29705554,0.2970615,cap,4.4585397,-11.747925,8.7128368,7.9495022,0.56085772,linear,0.56125551,7.9438679,,,-1.7956666,-2.887335,0.1844479,-3.3174918
anime,w-high.g-none.v-none,100,dm,,0.2462754,0.24649015,,,0.03221201,0.079041756,0.2733953,0.27239145,,,,,,,20,,0.00065131976,25,,,,,,9.6432476,,,,,,,,,,,,0.17376569,0.21762282,0.29711784,0.29705554,0.2970615,reference,2.8867324,7.2509708,,7.9495022,0.36313373,linear,0.36339128,7.9438679,2.7119904,2.611605,,,0.1844479,-3.3174918
anime,w-high.g-none.v-none,100,dm_own,,0.24666923,0.24701962,,,0.0036243055,0.036798446,0.27221456,0.27120486,,,,,,,20,,0.00042218227,21,,,,,,6.5897613,,,,,,,,,,,,0.17376569,0.21762282,0.29711784,0.29705554,0.2970615,reference,2.9396797,7.290354,,7.9495022,0.36979419,linear,0.37005647,7.9438679,2.5545333,2.4535628,,,0.1844479,-3.3174918
anime,w-high.g-none.v-none,100,native_avg,0,0.029146209,0.15211807,,,-0.021329049,3.2329835,,,0.44492807,0.57363401,,,,,20,19,0.68508528,10,1e-06,0.1,one_way,,-0.02538711,,25000,0,4335,0,4335,4335,0,0,0,0.17376569,0.21762282,0.17376569,0.21762282,0.29711784,0.29705554,0.2970615,native,-6.5504753,-14.461948,,7.9495022,-0.82401075,ceiling,-0.82401075,7.9438679,,,,,0.1844479,-3.3174918
anime,w-high.g-none.v-none,100,native_avg,0.01,0.029152095,0.1844479,,,0,0,,,0.44486738,0.57458335,,,,,20,19,0.68508528,10,1e-06,0.1,one_way,,-0.021742648,,24750,250,4288,4,4292,4335,36.207142,43,245,0.17376569,0.21762282,0.17376569,0.21762282,0.29711784,0.29705554,0.2970615,native,-3.3174918,-14.461359,,7.9495022,-0.4173207,ceiling,-0.4173207,7.9438679,,,,,0.1844479,-3.3174918
anime,w-high.g-none.v-none,100,native_avg,0.05,0.029147724,0.1844479,,,0,0,,,0.44491655,0.57512486,,,,,20,19,0.68508528,10,1e-06,0.1,one_way,,-0.016443254,,23750,1250,4113,27,4140,4335,181.03571,195,1173,0.17376569,0.21762282,0.17376569,0.21762282,0.29711784,0.29705554,0.2970615,native,-3.3174918,-14.461796,,7.9495022,-0.4173207,ceiling,-0.4173207,7.9438679,,,,,0.1844479,-3.3174918
anime,w-high.g-none.v-none,100,native_avg,0.1,0.029140567,0.1844479,,,0,0,,,0.44485585,0.57436885,,,,,20,19,0.68508528,10,1e-06,0.1,one_way,,-0.013120896,,22500,2500,3886,73,3959,4335,362.07142,376,2234,0.17376569,0.21762282,0.17376569,0.21762282,0.29711784,0.29705554,0.2970615,native,-3.3174918,-14.462512,,7.9495022,-0.4173207,ceiling,-0.4173207,7.9438679,,,,,0.1844479,-3.3174918
anime,w-high.g-none.v-none,100,native_avg,0.15,0.02912563,0.1844479,,,0,0,,,0.44508103,0.57452424,,,,,20,19,0.68508528,10,1e-06,0.1,one_way,,-0.015139518,,21250,3750,3676,105,3781,4335,543.10714,554,3184,0.17376569,0.21762282,0.17376569,0.21762282,0.29711784,0.29705554,0.2970615,native,-3.3174918,-14.464006,,7.9495022,-0.4173207,ceiling,-0.4173207,7.9438679,,,,,0.1844479,-3.3174918
anime,w-high.g-none.v-none,100,native_avg,0.25,0.029109329,0.1844479,,,0,0,,,0.44513373,0.57428273,,,,,20,19,0.68508528,10,1e-06,0.1,one_way,,-0.012780156,,18750,6250,3241,180,3421,4335,905.17856,914,4741,0.17376569,0.21762282,0.17376569,0.21762282,0.29711784,0.29705554,0.2970615,native,-3.3174918,-14.465636,,7.9495022,-0.4173207,ceiling,-0.4173207,7.9438679,,,,,0.1844479,-3.3174918
anime,w-high.g-none.v-none,100,native_prod_c,0,0.029383845,0.1844479,,,0,0,,,0.44434957,0.57886975,,,,,20,20,0.82619078,30,0.0001,0,one_way,,0.0040517217,,25000,0,4335,0,4335,4335,0,0,0,0.17376569,0.21762282,0.17376569,0.21762282,0.29711784,0.29705554,0.2970615,native,-3.3174918,-14.438184,,7.9495022,-0.4173207,ceiling,-0.4173207,7.9438679,,,,,0.1844479,-3.3174918
anime,w-high.g-none.v-none,100,native_prod_c,0.01,0.029412202,0.1844479,,,0,0,,,0.4441853,0.58030485,,,,,20,20,0.82619078,30,0.0001,0,one_way,,0.0036587727,,24750,250,4288,4,4292,4335,36.207142,43,245,0.17376569,0.21762282,0.17376569,0.21762282,0.29711784,0.29705554,0.2970615,native,-3.3174918,-14.435349,,7.9495022,-0.4173207,ceiling,-0.4173207,7.9438679,,,,,0.1844479,-3.3174918
anime,w-high.g-none.v-none,100,native_prod_c,0.05,0.029499486,0.1844479,,,0,0,,,0.44391616,0.58252321,,,,,20,20,0.82619078,30,0.0001,0,one_way,,0.0048321616,,23750,1250,4113,27,4140,4335,181.03571,195,1173,0.17376569,0.21762282,0.17376569,0.21762282,0.29711784,0.29705554,0.2970615,native,-3.3174918,-14.42662,,7.9495022,-0.4173207,ceiling,-0.4173207,7.9438679,,,,,0.1844479,-3.3174918
anime,w-high.g-none.v-none,100,native_prod_c,0.1,0.029594444,0.1844479,,,0,0,,,0.44369652,0.5852543,,,,,20,20,0.82619078,30,0.0001,0,one_way,,0.0046623573,,22500,2500,3886,73,3959,4335,362.07142,376,2234,0.17376569,0.21762282,0.17376569,0.21762282,0.29711784,0.29705554,0.2970615,native,-3.3174918,-14.417124,,7.9495022,-0.4173207,ceiling,-0.4173207,7.9438679,,,,,0.1844479,-3.3174918
anime,w-high.g-none.v-none,100,native_prod_c,0.15,0.029672464,0.1844479,,,0,0,,,0.44407707,0.58575852,,,,,20,20,0.82619078,30,0.0001,0,one_way,,0.0040438841,,21250,3750,3676,105,3781,4335,543.10714,554,3184,0.17376569,0.21762282,0.17376569,0.21762282,0.29711784,0.29705554,0.2970615,native,-3.3174918,-14.409322,,7.9495022,-0.4173207,ceiling,-0.4173207,7.9438679,,,,,0.1844479,-3.3174918
anime,w-high.g-none.v-none,100,native_prod_c,0.25,0.029818949,0.1844479,,,0,0,,,0.44555417,0.58621006,,,,,20,20,0.82619078,30,0.0001,0,one_way,,0.0035407229,,18750,6250,3241,180,3421,4335,905.17856,914,4741,0.17376569,0.21762282,0.17376569,0.21762282,0.29711784,0.29705554,0.2970615,native,-3.3174918,-14.394674,,7.9495022,-0.4173207,ceiling,-0.4173207,7.9438679,,,,,0.1844479,-3.3174918
anime,w-high.g-none.v-none,100,native_prod_t,0,0.028937117,0.028706503,,,7.864689e-08,0.076610054,,,0.44932751,0.51902534,,,,,20,20,0.0054510265,300,1e-06,0.1,one_way,,-0.00015353058,,25000,0,4335,0,4335,4335,0,0,0,0.17376569,0.21762282,0.17376569,0.21762282,0.29711784,0.29705554,0.2970615,native,-18.891632,-14.482857,,7.9495022,-2.3764547,ceiling,-2.3764547,7.9438679,,,,,0.1844479,-3.3174918
anime,w-high.g-none.v-none,100,native_prod_t,0.01,0.028937186,0.059288297,,,0,0,,,0.44928744,0.51973372,,,,,20,20,0.0054510265,300,1e-06,0.1,one_way,,-0.00012451063,,24750,250,4288,4,4292,4335,36.207142,43,245,0.17376569,0.21762282,0.17376569,0.21762282,0.29711784,0.29705554,0.2970615,native,-15.833453,-14.48285,,7.9495022,-1.991754,ceiling,-1.991754,7.9438679,,,,,0.1844479,-3.3174918
anime,w-high.g-none.v-none,100,native_prod_t,0.05,0.028937587,0.11277475,,,-4.1308028e-05,0,,,0.44929717,0.51762831,,,,,20,20,0.36910691,3,0,100,one_way,,-0.002038965,,23750,1250,4113,27,4140,4335,181.03571,195,1173,0.17376569,0.21762282,0.17376569,0.21762282,0.29711784,0.29705554,0.2970615,native,-10.484807,-14.48281,,7.9495022,-1.3189262,ceiling,-1.3189262,7.9438679,,,,,0.1844479,-3.3174918
anime,w-high.g-none.v-none,100,native_prod_t,0.1,0.028937173,0.11277475,,,1.8048357e-05,0,,,0.44937105,0.5128727,,,,,20,20,0.021385293,3,0.0001,1,one_way,,-1.4270608e-05,,22500,2500,3886,73,3959,4335,362.07142,376,2234,0.17376569,0.21762282,0.17376569,0.21762282,0.29711784,0.29705554,0.2970615,native,-10.484807,-14.482851,,7.9495022,-1.3189262,ceiling,-1.3189262,7.9438679,,,,,0.1844479,-3.3174918
anime,w-high.g-none.v-none,100,native_prod_t,0.15,0.028937174,0.11277475,,,2.1848017e-05,0,,,0.44934611,0.51160019,,,,,20,20,0.021385293,3,0.0001,1,one_way,,-2.2761849e-05,,21250,3750,3676,105,3781,4335,543.10714,554,3184,0.17376569,0.21762282,0.17376569,0.21762282,0.29711784,0.29705554,0.2970615,native,-10.484807,-14.482851,,7.9495022,-1.3189262,ceiling,-1.3189262,7.9438679,,,,,0.1844479,-3.3174918
anime,w-high.g-none.v-none,100,native_prod_t,0.25,0.028937209,0.11277475,,,5.2212305e-05,0,,,0.44934311,0.50962467,,,,,20,20,0.016343664,3,1e-05,10,one_way,,-7.3877404e-06,,18750,6250,3241,180,3421,4335,905.17856,914,4741,0.17376569,0.21762282,0.17376569,0.21762282,0.29711784,0.29705554,0.2970615,native,-10.484807,-14.482848,,7.9495022,-1.3189262,ceiling,-1.3189262,7.9438679,,,,,0.1844479,-3.3174918
anime,w-high.g-none.v-none,100,no_prop,,0.22557078,0.22727919,,,0.11350132,0.11743635,0.039534997,0.037090421,,,,,,,20,,0.00036895768,7,,,,,,4.4125357,,,,,,,,,,,,0.17376569,0.21762282,0.29711784,0.29705554,0.2970615,reference,0.96563691,5.1805088,,7.9495022,0.12147137,linear,0.12155752,7.9438679,-18.603578,-18.848036,,,0.1844479,-3.3174918
anime,w-high.g-none.v-none,100,opc,,0.25130628,0.2513713,,,0.22601781,0.23355024,0.25722793,0.2453045,,,,,,,20,,0.001475565,26,,,,,,27.06538,,,,,,,,,,,,0.17376569,0.21762282,0.29711784,0.29705554,0.2970615,reference,3.3748479,7.7540595,,7.9495022,0.42453575,linear,0.42483685,7.9438679,0.59216448,-0.60017836,,,0.1844479,-3.3174918
anime,w-high.g-none.v-none,100,opc_raw,,0.25067495,0.25071828,,,0,0,0.24932419,0.23652634,,,,,,,20,,0.00060349116,20,,,,,,22.853039,,,,,,,,,,,,0.17376569,0.21762282,0.29711784,0.29705554,0.2970615,reference,3.3095457,7.6909258,,7.9495022,0.41632113,linear,0.41661641,7.9438679,-0.13507582,-1.4148602,,,0.1844479,-3.3174918
anime,w-high.g-none.v-none,100,tempered_logger,,0.21735538,0.21762282,,,0.027679537,8.7565284e-05,0.2115524,0.19841289,,,,,,,20,,,-1,,,,,,12.107408,,,,,,,,,,,,0.17376569,0.21762282,0.29711784,0.29705554,0.2970615,reference,0,4.3589697,,7.9495022,0,linear,0,7.9438679,-0.58029886,-1.8942492,,,0.1844479,-3.3174918
anime,w-high.g-none.v-none,100,warm_c,0,0.037943451,0.18838848,0.18842661,1024,1.0087321,4.5820708,,,0.4366005,0.62548346,0.20214999,0.19386913,0.20258504,0.19423653,20,16,0.39967167,10,1e-07,0,symmetric,zero,0.16560225,,25000,0,4335,0,4335,4335,0,0,0,0.17376569,0.21762282,0.17376569,0.21762282,0.29711784,0.29705554,0.2970615,warm,-2.9234341,-13.582224,1.466092,7.9495022,-0.36775058,ceiling,-0.36775058,7.9438679,,,1.3761504,0.54806472,0.1844479,-3.3174918
anime,w-high.g-none.v-none,100,warm_c,0.01,0.042116887,0.21887755,0.21888395,4096,0.66369478,1.6206669,,,0.43554884,0.62705354,0.22320615,0.21274556,0.22314228,0.21268208,20,17,0.39967167,10,1e-07,0,symmetric,zero,0.22476558,,24750,250,4288,4,4292,4335,36.207142,43,245,0.17376569,0.21762282,0.17376569,0.21762282,0.29711784,0.29705554,0.2970615,warm,0.12547241,-13.16488,4.5118266,7.9495022,0.015783681,ceiling,0.015783681,7.9438679,,,0.4328599,-0.61319874,0.1844479,-3.3174918
anime,w-high.g-none.v-none,100,warm_c,0.05,0.044713539,0.22692788,0.226926,256,0.50049526,0.88363324,,,0.43568529,0.62711645,0.2290661,0.21765675,0.22991002,0.21845141,20,18,0.39967167,10,1e-07,0,symmetric,zero,0.2594575,,23750,1250,4113,27,4140,4335,181.03571,195,1173,0.17376569,0.21762282,0.17376569,0.21762282,0.29711784,0.29705554,0.2970615,warm,0.93050529,-12.905215,5.3160313,7.9495022,0.11705202,ceiling,0.11705202,7.9438679,,,0.21382211,-0.92711254,0.1844479,-3.3174918
anime,w-high.g-none.v-none,100,warm_c,0.1,0.045651814,0.23445119,0.23444324,4096,0.36057976,0.26427002,,,0.43588743,0.62715881,0.23953088,0.22783389,0.23917019,0.2274821,20,17,0.39967167,10,1e-07,0,symmetric,zero,0.27005664,,22500,2500,3886,73,3959,4335,362.07142,376,2234,0.17376569,0.21762282,0.17376569,0.21762282,0.29711784,0.29705554,0.2970615,warm,1.682837,-12.811387,6.0677551,7.9495022,0.21169086,ceiling,0.21169086,7.9438679,,,0.50796875,-0.66173031,0.1844479,-3.3174918
anime,w-high.g-none.v-none,100,warm_c,0.15,0.046256935,0.23332599,0.23331687,1024,0.3223045,0.19787265,,,0.43609454,0.62719437,0.23541214,0.22348866,0.23552097,0.22358183,20,17,0.39967167,10,1e-07,0,symmetric,zero,0.27651003,,21250,3750,3676,105,3781,4335,543.10714,554,3184,0.17376569,0.21762282,0.17376569,0.21762282,0.29711784,0.29705554,0.2970615,warm,1.570317,-12.750875,5.9551178,7.9495022,0.19753652,ceiling,0.19753652,7.9438679,,,0.2086147,-0.98373282,0.1844479,-3.3174918
anime,w-high.g-none.v-none,100,warm_c,0.25,0.046783398,0.23554907,0.23554656,512,0.26518943,0.044185661,,,0.4363891,0.62676733,0.23829692,0.225905,0.23811428,0.22574753,20,17,0.39967167,10,1e-07,0,symmetric,zero,0.28280973,,18750,6250,3241,180,3421,4335,905.17856,914,4741,0.17376569,0.21762282,0.17376569,0.21762282,0.29711784,0.29705554,0.2970615,warm,1.7926247,-12.698229,6.1780874,7.9495022,0.2255015,ceiling,0.2255015,7.9438679,,,0.2747847,-0.96440672,0.1844479,-3.3174918
anime,w-high.g-none.v-none,100,warm_t,0,0.038759661,0.21766369,0.2173859,128,0.8807161,0.4387749,,,0.43911897,0.61052282,0.21087234,0.19725795,0.21154828,0.1984085,20,16,0.012426653,100,0.001,0.1,one_way,zero,0.32714581,,25000,0,4335,0,4335,4335,0,0,0,0.17376569,0.21762282,0.17376569,0.21762282,0.29711784,0.29705554,0.2970615,warm,0.004086769,-13.500603,4.3620215,7.9495022,0.00051409119,ceiling,0.00051409119,7.9438679,,,-0.67913489,-2.0405737,0.1844479,-3.3174918
anime,w-high.g-none.v-none,100,warm_t,0.01,0.039350503,0.21766139,0.21741282,128,0.89216638,0.46166214,,,0.43907065,0.61053841,0.21155834,0.19793787,0.21164721,0.19847305,20,17,0.012426653,100,0.001,0.1,one_way,zero,0.34314343,,24750,250,4288,4,4292,4335,36.207142,43,245,0.17376569,0.21762282,0.17376569,0.21762282,0.29711784,0.29705554,0.2970615,warm,0.0038562863,-13.441519,4.3647135,7.9495022,0.00048509784,ceiling,0.00048509784,7.9438679,,,-0.61030477,-1.9723521,0.1844479,-3.3174918
anime,w-high.g-none.v-none,100,warm_t,0.05,0.038596995,0.21764089,0.21736039,128,1.0636184,0.49384536,,,0.43893446,0.61045355,0.21100683,0.19735778,0.2115314,0.19839457,20,18,0.073295025,10,0,10,one_way,zero,0.1758147,,23750,1250,4113,27,4140,4335,181.03571,195,1173,0.17376569,0.21762282,0.17376569,0.21762282,0.29711784,0.29705554,0.2970615,warm,0.0018069791,-13.516869,4.3594701,7.9495022,0.0002273072,ceiling,0.0002273072,7.9438679,,,-0.66340585,-2.0283117,0.1844479,-3.3174918
anime,w-high.g-none.v-none,100,warm_t,0.1,0.039548108,0.21764295,0.21738956,128,0.9249621,0.49289175,,,0.43885299,0.61044074,0.21085849,0.19721834,0.21166487,0.19846099,20,17,0.073295025,10,0,10,one_way,zero,0.1898358,,22500,2500,3886,73,3959,4335,362.07142,376,2234,0.17376569,0.21762282,0.17376569,0.21762282,0.29711784,0.29705554,0.2970615,warm,0.0020125314,-13.421758,4.3623875,7.9495022,0.00025316445,ceiling,0.00025316445,7.9438679,,,-0.67844606,-2.0424605,0.1844479,-3.3174918
anime,w-high.g-none.v-none,100,warm_t,0.15,0.040596799,0.21766864,0.21744032,128,0.84490159,0.47547849,,,0.43894905,0.61044262,0.21125291,0.19762127,0.21170364,0.19845596,20,17,0.073295025,10,0,10,one_way,zero,0.20485054,,21250,3750,3676,105,3781,4335,543.10714,554,3184,0.17376569,0.21762282,0.17376569,0.21762282,0.29711784,0.29705554,0.2970615,warm,0.0045815709,-13.316889,4.367463,7.9495022,0.00057633432,ceiling,0.00057633432,7.9438679,,,-0.64157246,-2.0047369,0.1844479,-3.3174918
anime,w-high.g-none.v-none,100,warm_t,0.25,0.039424005,0.21791267,0.21679058,64,0.96124067,0.45533457,,,0.43894397,0.6103628,0.20768708,0.19415169,0.21044932,0.1979258,20,17,0.052891643,30,1e-06,1000,symmetric,zero,0.18800843,,18750,6250,3241,180,3421,4335,905.17856,914,4741,0.17376569,0.21762282,0.17376569,0.21762282,0.29711784,0.29705554,0.2970615,warm,0.028985043,-13.434168,4.3024892,7.9495022,0.0036461457,ceiling,0.0036461457,7.9438679,,,-1.0225596,-2.3760985,0.1844479,-3.3174918
anime,w-high.g-none.v-none,101,cap_c,0,0.053654892,0.24289126,0.23762293,16,-0.14080027,0.082430008,,,0.40859861,0.6646515,0.21658274,0.20646275,0.21804404,0.20742823,20,18,0.0045209994,300,1e-05,0,one_way,base_rate,0.37583151,,25000,0,3855,0,3855,3855,0,0,0,0.1587894,0.19943815,0.1587894,0.19943815,0.29792488,0.29656757,0.29657269,cap,4.3453109,-10.51345,7.8833531,9.8486726,0.44120777,linear,0.44734973,9.7134536,,,-2.630852,-3.642851,0.18363729,-1.5800869
anime,w-high.g-none.v-none,101,cap_c,0.01,0.053780706,0.24322941,0.23790144,16,-0.14438016,0.069943518,,,0.40869763,0.66442042,0.21385873,0.2039257,0.21836501,0.2077149,20,18,0.0045209994,300,1e-05,0,one_way,base_rate,0.37458789,,24750,250,3814,7,3821,3855,32.730478,34,248,0.1587894,0.19943815,0.1587894,0.19943815,0.29792488,0.29656757,0.29657269,cap,4.3791256,-10.500869,7.9112041,9.8486726,0.4446412,linear,0.45083096,9.7134536,,,-2.9370681,-3.9303716,0.18363729,-1.5800869
anime,w-high.g-none.v-none,101,cap_c,0.05,0.054349969,0.24252906,0.23752748,16,-0.14435558,0.078631475,,,0.40862848,0.66446181,0.21618478,0.20603378,0.21768682,0.20709977,20,18,0.0045209994,300,1e-05,0,one_way,base_rate,0.37815297,,23750,1250,3656,33,3689,3855,163.65239,166,1180,0.1587894,0.19943815,0.1587894,0.19943815,0.29792488,0.29656757,0.29657269,cap,4.3090909,-10.443943,7.8738079,9.8486726,0.43753012,linear,0.44362089,9.7134536,,,-2.6344288,-3.6495281,0.18363729,-1.5800869
anime,w-high.g-none.v-none,101,cap_c,0.1,0.054598322,0.24288827,0.23794665,16,-0.14309753,0.1175463,,,0.40838535,0.66484107,0.21360595,0.20348436,0.21791363,0.2071818,20,18,0.0045209994,300,1e-05,0,one_way,base_rate,0.38353825,,22500,2500,3454,70,3524,3855,327.30478,331,2230,0.1587894,0.19943815,0.1587894,0.19943815,0.29792488,0.29656757,0.29657269,cap,4.3450117,-10.419107,7.9157258,9.8486726,0.44117739,linear,0.44731893,9.7134536,,,-2.9282318,-3.9403911,0.18363729,-1.5800869
anime,w-high.g-none.v-none,101,cap_c,0.15,0.054523314,0.24218142,0.23722668,16,-0.14215851,0.079749418,,,0.4084978,0.66403276,0.21478126,0.20478205,0.21868502,0.20794523,20,18,0.01651989,100,0,0.01,symmetric,base_rate,0.38532123,,21250,3750,3268,111,3379,3855,490.95717,476,3162,0.1587894,0.19943815,0.1587894,0.19943815,0.29792488,0.29656757,0.29657269,cap,4.2743262,-10.426608,7.8437282,9.8486726,0.43400023,linear,0.44004186,9.7134536,,,-2.7400161,-3.7399372,0.18363729,-1.5800869
anime,w-high.g-none.v-none,101,cap_c,0.25,0.05552635,0.24250992,0.23746763,16,-0.11763252,0.12490925,,,0.40867239,0.66391384,0.20742339,0.19768935,0.21584918,0.20495327,20,18,0.01651989,100,0,0.01,symmetric,base_rate,0.39980724,,18750,6250,2871,185,3056,3855,818.26195,799,4697,0.1587894,0.19943815,0.1587894,0.19943815,0.29792488,0.29656757,0.29657269,cap,4.3071768,-10.326305,7.8678232,9.8486726,0.43733577,linear,0.44342383,9.7134536,,,-3.5086533,-4.4820574,0.18363729,-1.5800869
anime,w-high.g-none.v-none,101,cap_t,0,0.054465271,0.24292081,0.23786874,16,-0.22214741,0.078817505,,,0.40865481,0.66484952,0.21668789,0.20650466,0.21805279,0.20746555,20,18,0.01651989,100,0,0.01,symmetric,base_rate,0.3988837,,25000,0,3855,0,3855,3855,0,0,0,0.1587894,0.19943815,0.1587894,0.19943815,0.29792488,0.29656757,0.29657269,cap,4.3482652,-10.432413,7.9079347,9.8486726,0.44150774,linear,0.44765388,9.7134536,,,-2.6232919,-3.6416148,0.18363729,-1.5800869
anime,w-high.g-none.v-none,101,cap_t,0.01,0.054509019,0.24297624,0.23800521,16,-0.21737339,0.09581462,,,0.40878188,0.6644571,0.21485199,0.20487707,0.21812175,0.20753782,20,18,0.01651989,100,0,0.01,symmetric,base_rate,0.39583418,,24750,250,3814,7,3821,3855,32.730478,34,248,0.1587894,0.19943815,0.1587894,0.19943815,0.29792488,0.29656757,0.29657269,cap,4.3538085,-10.428038,7.9215814,9.8486726,0.44207059,linear,0.44822456,9.7134536,,,-2.8124247,-3.8099175,0.18363729,-1.5800869
anime,w-high.g-none.v-none,101,cap_t,0.05,0.054917867,0.24245807,0.23764253,16,-0.20120753,0.085367466,,,0.40869404,0.66445007,0.21535889,0.20520965,0.21790169,0.20735389,20,18,0.01651989,100,0,0.01,symmetric,base_rate,0.39677179,,23750,1250,3656,33,3689,3855,163.65239,166,1180,0.1587894,0.19943815,0.1587894,0.19943815,0.29792488,0.29656757,0.29657269,cap,4.301991,-10.387153,7.8853134,9.8486726,0.43680922,linear,0.44288996,9.7134536,,,-2.7099171,-3.7248414,0.18363729,-1.5800869
anime,w-high.g-none.v-none,101,cap_t,0.1,0.054932087,0.24336835,0.23833406,16,-0.17642947,0.068251769,,,0.40840356,0.66481359,0.21363076,0.20364652,0.21859205,0.20784746,20,18,0.01651989,100,0,0.01,symmetric,base_rate,0.39578384,,22500,2500,3454,70,3524,3855,327.30478,331,2230,0.1587894,0.19943815,0.1587894,0.19943815,0.29792488,0.29656757,0.29657269,cap,4.39302,-10.385731,7.9544665,9.8486726,0.44605198,linear,0.45226138,9.7134536,,,-2.9737596,-3.9721836,0.18363729,-1.5800869
anime,w-high.g-none.v-none,101,cap_t,0.15,0.054523264,0.24218251,0.23722557,16,-0.14233943,0.079686852,,,0.40849802,0.66403052,0.21477898,0.20477977,0.2186832,0.20794352,20,18,0.01651989,100,0,0.01,symmetric,base_rate,0.38532123,,21250,3750,3268,111,3379,3855,490.95717,476,3162,0.1587894,0.19943815,0.1587894,0.19943815,0.29792488,0.29656757,0.29657269,cap,4.274436,-10.426613,7.843617,9.8486726,0.43401138,linear,0.44005316,9.7134536,,,-2.7403537,-3.7402747,0.18363729,-1.5800869
anime,w-high.g-none.v-none,101,cap_t,0.25,0.055526187,0.24250964,0.23746724,16,-0.11760601,0.12378968,,,0.40867251,0.66391251,0.20742325,0.1976892,0.21584769,0.20495178,20,18,0.01651989,100,0,0.01,symmetric,base_rate,0.39980724,,18750,6250,2871,185,3056,3855,818.26195,799,4697,0.1587894,0.19943815,0.1587894,0.19943815,0.29792488,0.29656757,0.29657269,cap,4.3071485,-10.326321,7.8677841,9.8486726,0.43733289,linear,0.44342092,9.7134536,,,-3.5086394,-4.4820437,0.18363729,-1.5800869
anime,w-high.g-none.v-none,101,dm,,0.21487944,0.21490514,,,0.21508511,0.67155564,0.2308961,0.22996387,,,,,,,20,,0.0018834766,27,,,,,,24.411428,,,,,,,,,,,,0.1587894,0.19943815,0.29792488,0.29656757,0.29657269,reference,1.5466987,5.6090042,,9.8486726,0.15704641,linear,0.15923262,9.7134536,1.6016662,1.5084435,,,0.18363729,-1.5800869
anime,w-high.g-none.v-none,101,dm_own,,0.2162082,0.21638609,,,0.072820628,0.53040183,0.23049536,0.2295602,,,,,,,20,,0.00095490948,23,,,,,,12.88881,,,,,,,,,,,,0.1587894,0.19943815,0.29792488,0.29656757,0.29657269,reference,1.6947931,5.7418805,,9.8486726,0.1720834,linear,0.17447894,9.7134536,1.4287162,1.3352003,,,0.18363729,-1.5800869
anime,w-high.g-none.v-none,101,native_avg,0,0.027964379,0.15076441,,,-0.0090074732,0,,,0.42589145,0.58359728,,,,,20,19,0.08281329,300,0.001,0,one_way,,1.3931743e-05,,25000,0,3855,0,3855,3855,0,0,0,0.1587894,0.19943815,0.1587894,0.19943815,0.29792488,0.29656757,0.29657269,native,-4.8673742,-13.082502,,9.8486726,-0.49421626,ceiling,-0.49421626,9.7134536,,,,,0.18363729,-1.5800869
anime,w-high.g-none.v-none,101,native_avg,0.01,0.027966999,0.15076441,,,-0.009207076,0,,,0.42585191,0.58409005,,,,,20,19,0.08281329,300,0.001,0,one_way,,-1.7570244e-06,,24750,250,3814,7,3821,3855,32.730478,34,248,0.1587894,0.19943815,0.1587894,0.19943815,0.29792488,0.29656757,0.29657269,native,-4.8673742,-13.08224,,9.8486726,-0.49421626,ceiling,-0.49421626,9.7134536,,,,,0.18363729,-1.5800869
anime,w-high.g-none.v-none,101,native_avg,0.05,0.027967455,0.15076441,,,-0.0090886664,0,,,0.42594479,0.58377419,,,,,20,19,0.08281329,300,0.001,0,one_way,,8.4231964e-05,,23750,1250,3656,33,3689,3855,163.65239,166,1180,0.1587894,0.19943815,0.1587894,0.19943815,0.29792488,0.29656757,0.29657269,native,-4.8673742,-13.082194,,9.8486726,-0.49421626,ceiling,-0.49421626,9.7134536,,,,,0.18363729,-1.5800869
anime,w-high.g-none.v-none,101,native_avg,0.1,0.028474382,0.050589156,,,-0.059712216,10.017526,,,0.42584617,0.58326953,,,,,20,19,0.11459725,300,0,0.1,one_way,,3.6393206,,22500,2500,3454,70,3524,3855,327.30478,331,2230,0.1587894,0.19943815,0.1587894,0.19943815,0.29792488,0.29656757,0.29657269,native,-14.8849,-13.031501,,9.8486726,-1.511361,ceiling,-1.511361,9.7134536,,,,,0.18363729,-1.5800869
anime,w-high.g-none.v-none,101,native_avg,0.15,0.028447295,0.049011853,,,-0.056976322,10.175256,,,0.42546415,0.58384069,,,,,20,19,0.11459725,300,0,0.1,one_way,,2.6691704,,21250,3750,3268,111,3379,3855,490.95717,476,3162,0.1587894,0.19943815,0.1587894,0.19943815,0.29792488,0.29656757,0.29657269,native,-15.04263,-13.03421,,9.8486726,-1.5273764,ceiling,-1.5273764,9.7134536,,,,,0.18363729,-1.5800869
anime,w-high.g-none.v-none,101,native_avg,0.25,0.028410268,0.14033229,,,-0.053289843,1.0432123,,,0.42588987,0.58028185,,,,,20,19,0.11459725,300,0,0.1,one_way,,1.3895532,,18750,6250,2871,185,3056,3855,818.26195,799,4697,0.1587894,0.19943815,0.1587894,0.19943815,0.29792488,0.29656757,0.29657269,native,-5.9105865,-13.037913,,9.8486726,-0.60014042,ceiling,-0.60014042,9.7134536,,,,,0.18363729,-1.5800869
anime,w-high.g-none.v-none,101,native_prod_c,0,0.028334191,0.049011853,,,-0.045560461,10.175256,,,0.42456615,0.5854547,,,,,20,20,0.47985917,100,0.0001,10,one_way,,-0.10593179,,25000,0,3855,0,3855,3855,0,0,0,0.1587894,0.19943815,0.1587894,0.19943815,0.29792488,0.29656757,0.29657269,native,-15.04263,-13.045521,,9.8486726,-1.5273764,ceiling,-1.5273764,9.7134536,,,,,0.18363729,-1.5800869
anime,w-high.g-none.v-none,101,native_prod_c,0.01,0.028365131,0.049011853,,,-0.048576207,10.175256,,,0.42449768,0.58587784,,,,,20,20,0.47985917,100,0.0001,10,one_way,,-0.13170151,,24750,250,3814,7,3821,3855,32.730478,34,248,0.1587894,0.19943815,0.1587894,0.19943815,0.29792488,0.29656757,0.29657269,native,-15.04263,-13.042427,,9.8486726,-1.5273764,ceiling,-1.5273764,9.7134536,,,,,0.18363729,-1.5800869
anime,w-high.g-none.v-none,101,native_prod_c,0.05,0.028480974,0.049011853,,,-0.059833572,10.175256,,,0.42450331,0.58751076,,,,,20,20,0.47985917,100,0.0001,10,one_way,,-0.098452821,,23750,1250,3656,33,3689,3855,163.65239,166,1180,0.1587894,0.19943815,0.1587894,0.19943815,0.29792488,0.29656757,0.29657269,native,-15.04263,-13.030842,,9.8486726,-1.5273764,ceiling,-1.5273764,9.7134536,,,,,0.18363729,-1.5800869
anime,w-high.g-none.v-none,101,native_prod_c,0.1,0.028598734,0.049011853,,,-0.071319381,10.175256,,,0.42476291,0.58948551,,,,,20,20,0.47985917,100,0.0001,10,one_way,,-0.002014125,,22500,2500,3454,70,3524,3855,327.30478,331,2230,0.1587894,0.19943815,0.1587894,0.19943815,0.29792488,0.29656757,0.29657269,native,-15.04263,-13.019066,,9.8486726,-1.5273764,ceiling,-1.5273764,9.7134536,,,,,0.18363729,-1.5800869
anime,w-high.g-none.v-none,101,native_prod_c,0.15,0.028694776,0.049011853,,,-0.080667249,10.175256,,,0.42515621,0.59026994,,,,,20,20,0.47985917,100,0.0001,10,one_way,,-0.0042512934,,21250,3750,3268,111,3379,3855,490.95717,476,3162,0.1587894,0.19943815,0.1587894,0.19943815,0.29792488,0.29656757,0.29657269,native,-15.04263,-13.009462,,9.8486726,-1.5273764,ceiling,-1.5273764,9.7134536,,,,,0.18363729,-1.5800869
anime,w-high.g-none.v-none,101,native_prod_c,0.25,0.028864382,0.14033229,,,-0.09719451,1.0432123,,,0.42717209,0.58897268,,,,,20,20,0.47985917,100,0.0001,10,one_way,,-0.061609134,,18750,6250,2871,185,3056,3855,818.26195,799,4697,0.1587894,0.19943815,0.1587894,0.19943815,0.29792488,0.29656757,0.29657269,native,-5.9105865,-12.992501,,9.8486726,-0.60014042,ceiling,-0.60014042,9.7134536,,,,,0.18363729,-1.5800869
anime,w-high.g-none.v-none,101,native_prod_t,0,0.027867485,0.027603502,,,1.389661e-08,0.13808524,,,0.43052531,0.51776392,,,,,20,20,0.00139426,100,1e-05,0.1,one_way,,2.9266565e-05,,25000,0,3855,0,3855,3855,0,0,0,0.1587894,0.19943815,0.1587894,0.19943815,0.29792488,0.29656757,0.29657269,native,-17.183465,-13.092191,,9.8486726,-1.7447494,ceiling,-1.7447494,9.7134536,,,,,0.18363729,-1.5800869
anime,w-high.g-none.v-none,101,native_prod_t,0.01,0.027867495,0.019931207,,,5.344446e-06,0.75508487,,,0.43051664,0.51869657,,,,,20,20,0.00139426,100,1e-05,0.1,one_way,,2.711976e-05,,24750,250,3814,7,3821,3855,32.730478,34,248,0.1587894,0.19943815,0.1587894,0.19943815,0.29792488,0.29656757,0.29657269,native,-17.950695,-13.09219,,9.8486726,-1.8226512,ceiling,-1.8226512,9.7134536,,,,,0.18363729,-1.5800869
anime,w-high.g-none.v-none,101,native_prod_t,0.05,0.02786754,0.014424383,,,0.00014042464,4.7884354,,,0.43061381,0.51915025,,,,,20,20,0.00139426,100,1e-05,0.1,one_way,,2.2406393e-05,,23750,1250,3656,33,3689,3855,163.65239,166,1180,0.1587894,0.19943815,0.1587894,0.19943815,0.29792488,0.29656757,0.29657269,native,-18.501377,-13.092186,,9.8486726,-1.8785656,ceiling,-1.8785656,9.7134536,,,,,0.18363729,-1.5800869
anime,w-high.g-none.v-none,101,native_prod_t,0.1,0.027867628,0.12560226,,,4.7405323e-05,0,,,0.4310325,0.52278206,,,,,20,20,0.00139426,100,1e-05,0.1,one_way,,2.0684074e-05,,22500,2500,3454,70,3524,3855,327.30478,331,2230,0.1587894,0.19943815,0.1587894,0.19943815,0.29792488,0.29656757,0.29657269,native,-7.3835898,-13.092177,,9.8486726,-0.74970406,ceiling,-0.74970406,9.7134536,,,,,0.18363729,-1.5800869
anime,w-high.g-none.v-none,101,native_prod_t,0.15,0.027867673,0.12560226,,,0.00051276611,0,,,0.43169172,0.51990287,,,,,20,20,0.00139426,100,1e-05,0.1,one_way,,2.3209239e-05,,21250,3750,3268,111,3379,3855,490.95717,476,3162,0.1587894,0.19943815,0.1587894,0.19943815,0.29792488,0.29656757,0.29657269,native,-7.3835898,-13.092172,,9.8486726,-0.74970406,ceiling,-0.74970406,9.7134536,,,,,0.18363729,-1.5800869
anime,w-high.g-none.v-none,101,native_prod_t,0.25,0.027867813,0.048478888,,,0.00012358655,0,,,0.43420567,0.51516934,,,,,20,20,0.00139426,100,1e-05,0.1,one_way,,1.9391746e-05,,18750,6250,2871,185,3056,3855,818.26195,799,4697,0.1587894,0.19943815,0.1587894,0.19943815,0.29792488,0.29656757,0.29657269,native,-15.095927,-13.092158,,9.8486726,-1.5327879,ceiling,-1.5327879,9.7134536,,,,,0.18363729,-1.5800869
anime,w-high.g-none.v-none,101,no_prop,,0.20835533,0.20891503,,,0.29849705,0.25201554,0.028450523,0.026334843,,,,,,,20,,0.00022118259,28,,,,,,6.8729472,,,,,,,,,,,,0.1587894,0.19943815,0.29792488,0.29656757,0.29657269,reference,0.94768709,4.9565931,,9.8486726,0.096224854,linear,0.097564381,9.7134536,-17.99048,-18.202048,,,0.18363729,-1.5800869
anime,w-high.g-none.v-none,101,opc,,0.2276124,0.22762988,,,0.36717477,0.37096642,0.2234675,0.21108974,,,,,,,20,,0.0013656545,18,,,,,,33.552124,,,,,,,,,,,,0.1587894,0.19943815,0.29792488,0.29656757,0.29657269,reference,2.8191725,6.8823004,,9.8486726,0.28624898,linear,0.2902338,9.7134536,-0.4144901,-1.6522663,,,0.18363729,-1.5800869
anime,w-high.g-none.v-none,101,opc_raw,,0.22101488,0.22102879,,,0.50715072,0.72890876,0.20954539,0.19712131,,,,,,,20,,0.0010717683,23,,,,,,37.542835,,,,,,,,,,,,0.1587894,0.19943815,0.29792488,0.29656757,0.29657269,reference,2.1590631,6.2225486,,9.8486726,0.21922376,linear,0.22227553,9.7134536,-1.1469494,-2.3893571,,,0.18363729,-1.5800869
anime,w-high.g-none.v-none,101,tempered_logger,,0.199064,0.19943815,,,0.033314643,0,0.19196922,0.17901252,,,,,,,20,,,-1,,,,,,13.12829,,,,,,,,,,,,0.1587894,0.19943815,0.29792488,0.29656757,0.29657269,reference,0,4.0274605,,9.8486726,0,linear,0,9.7134536,-0.70947857,-2.0051482,,,0.18363729,-1.5800869
anime,w-high.g-none.v-none,101,warm_c,0,0.040423807,0.2034008,0.20319428,64,0,0,,,0.41566107,0.6344264,0.19172376,0.17897411,0.19453625,0.18196866,20,20,0.14212818,10,0.001,0.01,symmetric,zero,0.37980017,,25000,0,3855,0,3855,3855,0,0,0,0.1587894,0.19943815,0.1587894,0.19943815,0.29792488,0.29656757,0.29657269,warm,0.39626409,-11.836559,4.4404882,9.8486726,0.040235279,ceiling,0.040235279,9.7134536,,,-1.1677035,-2.442669,0.18363729,-1.5800869
anime,w-high.g-none.v-none,101,warm_c,0.01,0.040718327,0.20376621,0.20206461,32,0,0,,,0.41565031,0.63442112,0.19188103,0.17906767,0.19478059,0.18274409,20,20,0.14212818,10,0.001,0.01,symmetric,zero,0.38687524,,24750,250,3814,7,3821,3855,32.730478,34,248,0.1587894,0.19943815,0.1587894,0.19943815,0.29792488,0.29656757,0.29657269,warm,0.43280557,-11.807107,4.3275215,9.8486726,0.043945574,ceiling,0.043945574,9.7134536,,,-1.1885181,-2.4698545,0.18363729,-1.5800869
anime,w-high.g-none.v-none,101,warm_c,0.05,0.038073212,0.18677037,0.18665023,32,0.3457773,1.6930651,,,0.41568073,0.6350388,0.18397289,0.17380234,0.18537872,0.1749964,20,19,0.056006037,100,1e-05,1000,one_way,zero,0.16360129,,23750,1250,3656,33,3689,3855,163.65239,166,1180,0.1587894,0.19943815,0.1587894,0.19943815,0.29792488,0.29656757,0.29657269,warm,-1.2667784,-12.071618,2.7860838,9.8486726,-0.12862427,ceiling,-0.12862427,9.7134536,,,-0.27974813,-1.2968029,0.18363729,-1.5800869
anime,w-high.g-none.v-none,101,warm_c,0.1,0.039413769,0.19050257,0.19049303,64,0.29237501,1.386165,,,0.4155711,0.63541902,0.18729281,0.17684793,0.18992852,0.17921815,20,19,0.056006037,100,1e-05,1000,one_way,zero,0.18080692,,22500,2500,3454,70,3524,3855,327.30478,331,2230,0.1587894,0.19943815,0.1587894,0.19943815,0.29792488,0.29656757,0.29657269,warm,-0.89355867,-11.937563,3.1703636,9.8486726,-0.090728842,ceiling,-0.090728842,9.7134536,,,-0.32097622,-1.3654638,0.18363729,-1.5800869
anime,w-high.g-none.v-none,101,warm_c,0.15,0.040218883,0.19247389,0.19250218,512,0.22571341,1.231597,,,0.41559944,0.63549913,0.19067576,0.17989365,0.1908783,0.18009142,20,20,0.056006037,100,1e-05,1000,one_way,zero,0.19093546,,21250,3750,3268,111,3379,3855,490.95717,476,3162,0.1587894,0.19943815,0.1587894,0.19943815,0.29792488,0.29656757,0.29657269,warm,-0.69642655,-11.857051,3.3712786,9.8486726,-0.070712732,ceiling,-0.070712732,9.7134536,,,-0.1798129,-1.2580242,0.18363729,-1.5800869
anime,w-high.g-none.v-none,101,warm_c,0.25,0.041675487,0.19755868,0.19702955,32,0.15786145,0.73598937,,,0.4158089,0.63516505,0.19095688,0.17961679,0.19322886,0.18182126,20,19,0.056006037,100,1e-05,1000,one_way,zero,0.20889083,,18750,6250,2871,185,3056,3855,818.26195,799,4697,0.1587894,0.19943815,0.1587894,0.19943815,0.29792488,0.29656757,0.29657269,warm,-0.18794781,-11.711391,3.8240156,9.8486726,-0.019083568,ceiling,-0.019083568,9.7134536,,,-0.66018015,-1.7941885,0.18363729,-1.5800869
anime,w-high.g-none.v-none,101,warm_t,0,0.040383428,0.20040635,0.1995873,64,0,0,,,0.41652012,0.63078309,0.18931753,0.17607493,0.19168828,0.17914197,20,20,0.14212818,10,0.001,0.01,symmetric,zero,0.37980017,,25000,0,3855,0,3855,3855,0,0,0,0.1587894,0.19943815,0.1587894,0.19943815,0.29792488,0.29656757,0.29657269,warm,0.096819955,-11.840597,4.0797902,9.8486726,0.0098307619,ceiling,0.0098307619,9.7134536,,,-1.1088825,-2.4331426,0.18363729,-1.5800869
anime,w-high.g-none.v-none,101,warm_t,0.01,0.040678125,0.20047451,0.19968178,64,0,0,,,0.41650444,0.63080722,0.18923531,0.17598921,0.19181919,0.17924295,20,20,0.14212818,10,0.001,0.01,symmetric,zero,0.38687524,,24750,250,3814,7,3821,3855,32.730478,34,248,0.1587894,0.19943815,0.1587894,0.19943815,0.29792488,0.29656757,0.29657269,warm,0.10363565,-11.811127,4.0892385,9.8486726,0.010522804,ceiling,0.010522804,9.7134536,,,-1.1239205,-2.4485306,0.18363729,-1.5800869
anime,w-high.g-none.v-none,101,warm_t,0.05,0.04149323,0.20064154,0.19988461,64,0,0,,,0.41649373,0.63086839,0.18847467,0.1752209,0.19201843,0.17939809,20,19,0.14212818,10,0.001,0.01,symmetric,zero,0.40619311,,23750,1250,3656,33,3689,3855,163.65239,166,1180,0.1587894,0.19943815,0.1587894,0.19943815,0.29792488,0.29656757,0.29657269,warm,0.12033847,-11.729617,4.1095218,9.8486726,0.01221875,ceiling,0.01221875,9.7134536,,,-1.216687,-2.5420637,0.18363729,-1.5800869
anime,w-high.g-none.v-none,101,warm_t,0.1,0.039910025,0.19953592,0.19922196,128,0.23958771,0.13677434,,,0.41649673,0.63044367,0.18977469,0.17652814,0.19203874,0.17904334,20,19,0.065644003,10,0,0.1,one_way,zero,0.18682234,,22500,2500,3454,70,3524,3855,327.30478,331,2230,0.1587894,0.19943815,0.1587894,0.19943815,0.29792488,0.29656757,0.29657269,warm,0.009776227,-11.887937,4.0432568,9.8486726,0.00099264412,ceiling,0.00099264412,9.7134536,,,-0.97612239,-2.3007781,0.18363729,-1.5800869
anime,w-high.g-none.v-none,101,warm_t,0.15,0.040535563,0.19951549,0.19922384,128,0.19125857,0.14782981,,,0.41647934,0.63044736,0.18932009,0.17606164,0.19191793,0.17889664,20,20,0.065644003,10,0,0.1,one_way,zero,0.19451097,,21250,3750,3268,111,3379,3855,490.95717,476,3162,0.1587894,0.19943815,0.1587894,0.19943815,0.29792488,0.29656757,0.29657269,warm,0.0077338261,-11.825383,4.0434441,9.8486726,0.00078526583,ceiling,0.00078526583,9.7134536,,,-1.0195405,-2.3453858,0.18363729,-1.5800869
anime,w-high.g-none.v-none,101,warm_t,0.25,0.041765233,0.19953459,0.19928248,128,0.14693976,0.1433348,,,0.41656995,0.63042682,0.18976148,0.17647894,0.19219677,0.17915237,20,19,0.065644003,10,0,0.1,one_way,zero,0.2092772,,18750,6250,2871,185,3056,3855,818.26195,799,4697,0.1587894,0.19943815,0.1587894,0.19943815,0.29792488,0.29656757,0.29657269,warm,0.0096431837,-11.702416,4.0493084,9.8486726,0.00097913537,ceiling,0.00097913537,9.7134536,,,-0.97731085,-2.3055642,0.18363729,-1.5800869
kuairand,w-high.g-none.v-none,100,cap_c,0,0.04828263,0.27443174,0.27442955,256,0.022644496,0.032470442,,,0.39748949,0.78569335,0.25889173,0.24809274,0.26029894,0.24939125,20,20,0.011058789,100,1e-05,0.1,one_way,base_rate,0.65427637,,25000,0,4778,0,4778,4778,0,0,0,0.19277394,0.24068187,0.19277394,0.24068187,0.29237682,0.2921055,0.29211155,cap,3.3749872,-14.449131,8.1655611,5.1694951,0.65286592,linear,0.6562334,5.1429677,,,-1.5540012,-2.6339006,0.16717423,-7.3507636
kuairand,w-high.g-none.v-none,100,cap_c,0.01,0.048370695,0.27423371,0.27421115,128,0.010054618,0.049828065,,,0.39754695,0.78562397,0.25958052,0.24876757,0.2609466,0.250044,20,20,0.011058789,100,1e-05,0.1,one_way,base_rate,0.65702134,,24750,250,4728,7,4735,4778,41.442617,43,246,0.19277394,0.24068187,0.19277394,0.24068187,0.29237682,0.2921055,0.29211155,cap,3.3551844,-14.440324,8.1437211,5.1694951,0.64903523,linear,0.65238295,5.1429677,,,-1.4653197,-2.5466141,0.16717423,-7.3507636
kuairand,w-high.g-none.v-none,100,cap_c,0.05,0.049000946,0.27459144,0.2707152,16,0,0,,,0.39731975,0.78600141,0.25812022,0.24738007,0.25985205,0.248687,20,20,0.011058789,100,1e-05,0.1,one_way,base_rate,0.66720814,,23750,1250,4558,34,4592,4778,207.21309,186,1152,0.19277394,0.24068187,0.19277394,0.24068187,0.29237682,0.2921055,0.29211155,cap,3.3909568,-14.377299,7.794126,5.1694951,0.65595513,linear,0.65933854,5.1429677,,,-1.6471221,-2.7211366,0.16717423,-7.3507636
kuairand,w-high.g-none.v-none,100,cap_c,0.1,0.048585345,0.27452548,0.27368424,32,0,0,,,0.39751356,0.78562324,0.25718592,0.24642878,0.26112607,0.25007797,20,20,0.011058789,100,1e-05,0.1,one_way,base_rate,0.66594094,,22500,2500,4330,80,4410,4778,414.42617,368,2140,0.19277394,0.24068187,0.19277394,0.24068187,0.29237682,0.2921055,0.29211155,cap,3.3843614,-14.418859,8.0910306,5.1694951,0.6546793,linear,0.65805613,5.1429677,,,-1.7339566,-2.8096707,0.16717423,-7.3507636
kuairand,w-high.g-none.v-none,100,cap_c,0.15,0.049036925,0.27469025,0.27389202,32,0,0,,,0.39751287,0.78570061,0.25636698,0.24575646,0.26061919,0.24965616,20,20,0.011058789,100,1e-05,0.1,one_way,base_rate,0.66998518,,21250,3750,4097,112,4209,4778,621.63926,569,2990,0.19277394,0.24068187,0.19277394,0.24068187,0.29237682,0.2921055,0.29211155,cap,3.4008376,-14.373701,8.1118088,5.1694951,0.65786649,linear,0.66125976,5.1429677,,,-1.8323264,-2.8933783,0.16717423,-7.3507636
kuairand,w-high.g-none.v-none,100,cap_c,0.25,0.049777023,0.27341953,0.2726144,32,0,0,,,0.39780872,0.7854589,0.25723899,0.2463855,0.25874323,0.24769824,20,20,0.011058789,100,1e-05,0.1,one_way,base_rate,0.68803227,,18750,6250,3633,170,3803,4778,1036.0654,975,4285,0.19277394,0.24068187,0.19277394,0.24068187,0.29237682,0.2921055,0.29211155,cap,3.2737658,-14.299691,7.9840468,5.1694951,0.6332854,linear,0.63655188,5.1429677,,,-1.6180535,-2.7034024,0.16717423,-7.3507636
kuairand,w-high.g-none.v-none,100,cap_t,0,0.048282653,0.27443174,0.2744295,256,0,0,,,0.3974895,0.78569328,0.25889173,0.24809274,0.26029894,0.24939126,20,20,0.011058789,100,1e-05,0.1,one_way,base_rate,0.65427637,,25000,0,4778,0,4778,4778,0,0,0,0.19277394,0.24068187,0.19277394,0.24068187,0.29237682,0.2921055,0.29211155,cap,3.3749872,-14.449128,8.1655568,5.1694951,0.65286592,linear,0.6562334,5.1429677,,,-1.5540012,-2.6339006,0.16717423,-7.3507636
kuairand,w-high.g-none.v-none,100,cap_t,0.01,0.048370718,0.27423383,0.27421118,128,0,0,,,0.397547,0.78562416,0.25958052,0.24876757,0.26094639,0.25004374,20,20,0.011058789,100,1e-05,0.1,one_way,base_rate,0.65702134,,24750,250,4728,7,4735,4778,41.442617,43,246,0.19277394,0.24068187,0.19277394,0.24068187,0.29237682,0.2921055,0.29211155,cap,3.3551961,-14.440322,8.1437239,5.1694951,0.64903749,linear,0.65238522,5.1429677,,,-1.4653314,-2.5466258,0.16717423,-7.3507636
kuairand,w-high.g-none.v-none,100,cap_t,0.05,0.049000888,0.27459144,0.27071515,16,0,0,,,0.39731972,0.78600167,0.25812022,0.24738007,0.25985217,0.24868713,20,20,0.011058789,100,1e-05,0.1,one_way,base_rate,0.66720814,,23750,1250,4558,34,4592,4778,207.21309,186,1152,0.19277394,0.24068187,0.19277394,0.24068187,0.29237682,0.2921055,0.29211155,cap,3.3909568,-14.377305,7.7941216,5.1694951,0.65595513,linear,0.65933854,5.1429677,,,-1.6471221,-2.7211366,0.16717423,-7.3507636
kuairand,w-high.g-none.v-none,100,cap_t,0.1,0.04858532,0.27452548,0.27368424,32,0,0,,,0.39751356,0.78562283,0.25718592,0.24642878,0.26112616,0.25007805,20,20,0.011058789,100,1e-05,0.1,one_way,base_rate,0.66594094,,22500,2500,4330,80,4410,4778,414.42617,368,2140,0.19277394,0.24068187,0.19277394,0.24068187,0.29237682,0.2921055,0.29211155,cap,3.3843614,-14.418862,8.0910301,5.1694951,0.6546793,linear,0.65805613,5.1429677,,,-1.7339566,-2.8096707,0.16717423,-7.3507636
kuairand,w-high.g-none.v-none,100,cap_t,0.15,0.049036966,0.27469025,0.27389199,32,0,0,,,0.39751286,0.78570061,0.25636698,0.24575646,0.26061895,0.24965594,20,20,0.011058789,100,1e-05,0.1,one_way,base_rate,0.66998518,,21250,3750,4097,112,4209,4778,621.63926,569,2990,0.19277394,0.24068187,0.19277394,0.24068187,0.29237682,0.2921055,0.29211155,cap,3.4008376,-14.373697,8.1118058,5.1694951,0.65786649,linear,0.66125976,5.1429677,,,-1.8323264,-2.8933783,0.16717423,-7.3507636
kuairand,w-high.g-none.v-none,100,cap_t,0.25,0.049777015,0.27341922,0.27261446,32,0,0,,,0.39780875,0.78545881,0.25723987,0.24638638,0.25874355,0.24769858,20,20,0.011058789,100,1e-05,0.1,one_way,base_rate,0.68803227,,18750,6250,3633,170,3803,4778,1036.0654,975,4285,0.19277394,0.24068187,0.19277394,0.24068187,0.29237682,0.2921055,0.29211155,cap,3.2737345,-14.299692,7.9840526,5.1694951,0.63327934,linear,0.63654579,5.1429677,,,-1.6179345,-2.7032832,0.16717423,-7.3507636
kuairand,w-high.g-none.v-none,100,dm,,0.25142173,0.25159938,,,0.80383569,1.2162794,0.26547727,0.26320822,,,,,,,20,,0.00065131976,25,,,,,,9.5147781,,,,,,,,,,,,0.19277394,0.24068187,0.29237682,0.2921055,0.29211155,reference,1.0917512,5.8647795,,5.1694951,0.21119107,linear,0.21228039,5.1429677,1.4055538,1.1786493,,,0.16717423,-7.3507636
kuairand,w-high.g-none.v-none,100,dm_own,,0.25264313,0.25301343,,,0.69606035,1.0770869,0.26405632,0.26177745,,,,,,,20,,0.00042218227,21,,,,,,6.4015713,,,,,,,,,,,,0.19277394,0.24068187,0.29237682,0.2921055,0.29211155,reference,1.2331556,5.9869195,,5.1694951,0.23854468,linear,0.23977509,5.1429677,1.1413193,0.91343166,,,0.16717423,-7.3507636
kuairand,w-high.g-none.v-none,100,native_avg,0,0.027252212,0.16717423,,,0,0,,,0.44456455,0.71034908,,,,,20,19,0.10580882,30,0.0001,0.1,one_way,,-0.025526805,,25000,0,4778,0,4778,4778,0,0,0,0.19277394,0.24068187,0.19277394,0.24068187,0.29237682,0.2921055,0.29211155,native,-7.3507636,-16.552173,,5.1694951,-1.42195,ceiling,-1.42195,5.1429677,,,,,0.16717423,-7.3507636
kuairand,w-high.g-none.v-none,100,native_avg,0.01,0.027253379,0.16717423,,,0,0,,,0.44461524,0.70989951,,,,,20,19,0.10580882,30,0.0001,0.1,one_way,,-0.023417767,,24750,250,4728,7,4735,4778,41.442617,43,246,0.19277394,0.24068187,0.19277394,0.24068187,0.29237682,0.2921055,0.29211155,native,-7.3507636,-16.552056,,5.1694951,-1.42195,ceiling,-1.42195,5.1429677,,,,,0.16717423,-7.3507636
kuairand,w-high.g-none.v-none,100,native_avg,0.05,0.027468112,0.16164524,,,-0.021707323,0.55289969,,,0.44312958,0.70990667,,,,,20,19,0.68508528,10,1e-06,0.1,one_way,,3.2801449,,23750,1250,4558,34,4592,4778,207.21309,186,1152,0.19277394,0.24068187,0.19277394,0.24068187,0.29237682,0.2921055,0.29211155,native,-7.9036633,-16.530583,,5.1694951,-1.5289043,ceiling,-1.5289043,5.1429677,,,,,0.16717423,-7.3507636
kuairand,w-high.g-none.v-none,100,native_avg,0.1,0.027388275,0.16677073,,,-0.01462996,0.040350437,,,0.43983916,0.7114393,,,,,20,19,0.68508528,10,1e-06,0.1,one_way,,2.4503441,,22500,2500,4330,80,4410,4778,414.42617,368,2140,0.19277394,0.24068187,0.19277394,0.24068187,0.29237682,0.2921055,0.29211155,native,-7.391114,-16.538566,,5.1694951,-1.4297555,ceiling,-1.4297555,5.1429677,,,,,0.16717423,-7.3507636
kuairand,w-high.g-none.v-none,100,native_avg,0.15,0.027365215,0.16706947,,,-0.013058161,0.010476565,,,0.43994284,0.71116119,,,,,20,19,0.68508528,10,1e-06,0.1,one_way,,2.1083267,,21250,3750,4097,112,4209,4778,621.63926,569,2990,0.19277394,0.24068187,0.19277394,0.24068187,0.29237682,0.2921055,0.29211155,native,-7.3612402,-16.540872,,5.1694951,-1.4239766,ceiling,-1.4239766,5.1429677,,,,,0.16717423,-7.3507636
kuairand,w-high.g-none.v-none,100,native_avg,0.25,0.027327354,0.16717423,,,-0.010652122,0,,,0.44186143,0.70861311,,,,,20,19,0.68508528,10,1e-06,0.1,one_way,,0.88309067,,18750,6250,3633,170,3803,4778,1036.0654,975,4285,0.19277394,0.24068187,0.19277394,0.24068187,0.29237682,0.2921055,0.29211155,native,-7.3507636,-16.544658,,5.1694951,-1.42195,ceiling,-1.42195,5.1429677,,,,,0.16717423,-7.3507636
kuairand,w-high.g-none.v-none,100,native_prod_c,0,0.027725095,0.16717423,,,-0.066353249,0,,,0.43533143,0.71834245,,,,,20,20,0.09067147,300,1e-05,0.1,one_way,,-0.014094849,,25000,0,4778,0,4778,4778,0,0,0,0.19277394,0.24068187,0.19277394,0.24068187,0.29237682,0.2921055,0.29211155,native,-7.3507636,-16.504884,,5.1694951,-1.42195,ceiling,-1.42195,5.1429677,,,,,0.16717423,-7.3507636
kuairand,w-high.g-none.v-none,100,native_prod_c,0.01,0.027739394,0.16717423,,,-0.067751085,0,,,0.43542432,0.71794351,,,,,20,20,0.09067147,300,1e-05,0.1,one_way,,-0.014621687,,24750,250,4728,7,4735,4778,41.442617,43,246,0.19277394,0.24068187,0.19277394,0.24068187,0.29237682,0.2921055,0.29211155,native,-7.3507636,-16.503454,,5.1694951,-1.42195,ceiling,-1.42195,5.1429677,,,,,0.16717423,-7.3507636
kuairand,w-high.g-none.v-none,100,native_prod_c,0.05,0.02779715,0.16717423,,,-0.073425147,0,,,0.43537072,0.7181631,,,,,20,20,0.09067147,300,1e-05,0.1,one_way,,-0.014632558,,23750,1250,4558,34,4592,4778,207.21309,186,1152,0.19277394,0.24068187,0.19277394,0.24068187,0.29237682,0.2921055,0.29211155,native,-7.3507636,-16.497679,,5.1694951,-1.42195,ceiling,-1.42195,5.1429677,,,,,0.16717423,-7.3507636
kuairand,w-high.g-none.v-none,100,native_prod_c,0.1,0.027843173,0.16717423,,,-0.077988007,0,,,0.43575344,0.71724596,,,,,20,20,0.09067147,300,1e-05,0.1,one_way,,-0.013731714,,22500,2500,4330,80,4410,4778,414.42617,368,2140,0.19277394,0.24068187,0.19277394,0.24068187,0.29237682,0.2921055,0.29211155,native,-7.3507636,-16.493076,,5.1694951,-1.42195,ceiling,-1.42195,5.1429677,,,,,0.16717423,-7.3507636
kuairand,w-high.g-none.v-none,100,native_prod_c,0.15,0.027899311,0.16717423,,,-0.08354272,0,,,0.43623266,0.71708604,,,,,20,20,0.09067147,300,1e-05,0.1,one_way,,-0.01086925,,21250,3750,4097,112,4209,4778,621.63926,569,2990,0.19277394,0.24068187,0.19277394,0.24068187,0.29237682,0.2921055,0.29211155,native,-7.3507636,-16.487463,,5.1694951,-1.42195,ceiling,-1.42195,5.1429677,,,,,0.16717423,-7.3507636
kuairand,w-high.g-none.v-none,100,native_prod_c,0.25,0.02798768,0.16717423,,,-0.09235262,0,,,0.43775925,0.7157429,,,,,20,20,0.09067147,300,1e-05,0.1,one_way,,-0.0089627309,,18750,6250,3633,170,3803,4778,1036.0654,975,4285,0.19277394,0.24068187,0.19277394,0.24068187,0.29237682,0.2921055,0.29211155,native,-7.3507636,-16.478626,,5.1694951,-1.42195,ceiling,-1.42195,5.1429677,,,,,0.16717423,-7.3507636
kuairand,w-high.g-none.v-none,100,native_prod_t,0,0.027003467,0.026789333,,,5.243862e-08,0.097259072,,,0.4841081,0.60603934,,,,,20,20,0.20240551,1,0.0001,0.1,one_way,,-3.2223397e-05,,25000,0,4778,0,4778,4778,0,0,0,0.19277394,0.24068187,0.19277394,0.24068187,0.29237682,0.2921055,0.29211155,native,-21.389254,-16.577047,,5.1694951,-4.1375905,ceiling,-4.1375905,5.1429677,,,,,0.16717423,-7.3507636
kuairand,w-high.g-none.v-none,100,native_prod_t,0.01,0.027003468,0.021214999,,,4.5410146e-07,3.5000511,,,0.48415908,0.6179061,,,,,20,20,0.021385293,3,0.0001,1,one_way,,-2.5073241e-05,,24750,250,4728,7,4735,4778,41.442617,43,246,0.19277394,0.24068187,0.19277394,0.24068187,0.29237682,0.2921055,0.29211155,native,-21.946687,-16.577047,,5.1694951,-4.2454218,ceiling,-4.2454218,5.1429677,,,,,0.16717423,-7.3507636
kuairand,w-high.g-none.v-none,100,native_prod_t,0.05,0.027003468,0.029984618,,,5.2964206e-06,2.3912816,,,0.48402545,0.60538763,,,,,20,20,0.021385293,3,0.0001,1,one_way,,-2.4404904e-05,,23750,1250,4558,34,4592,4778,207.21309,186,1152,0.19277394,0.24068187,0.19277394,0.24068187,0.29237682,0.2921055,0.29211155,native,-21.069725,-16.577047,,5.1694951,-4.0757801,ceiling,-4.0757801,5.1429677,,,,,0.16717423,-7.3507636
kuairand,w-high.g-none.v-none,100,native_prod_t,0.1,0.027003479,0.018043779,,,3.3941731e-06,1.9795562,,,0.48408492,0.61269832,,,,,20,20,0.021385293,3,0.0001,1,one_way,,-2.6401107e-05,,22500,2500,4330,80,4410,4778,414.42617,368,2140,0.19277394,0.24068187,0.19277394,0.24068187,0.29237682,0.2921055,0.29211155,native,-22.263809,-16.577046,,5.1694951,-4.3067667,ceiling,-4.3067667,5.1429677,,,,,0.16717423,-7.3507636
kuairand,w-high.g-none.v-none,100,native_prod_t,0.15,0.027003475,0.024624533,,,6.3009465e-06,3.1590977,,,0.4840727,0.59633911,,,,,20,20,0.016343664,3,1e-05,10,one_way,,-7.161148e-06,,21250,3750,4097,112,4209,4778,621.63926,569,2990,0.19277394,0.24068187,0.19277394,0.24068187,0.29237682,0.2921055,0.29211155,native,-21.605734,-16.577046,,5.1694951,-4.1794669,ceiling,-4.1794669,5.1429677,,,,,0.16717423,-7.3507636
kuairand,w-high.g-none.v-none,100,native_prod_t,0.25,0.027003483,0.028440922,,,7.7358732e-06,0,,,0.48429567,0.56773036,,,,,20,20,0.016343664,3,1e-05,10,one_way,,2.6248081e-06,,18750,6250,3633,170,3803,4778,1036.0654,975,4285,0.19277394,0.24068187,0.19277394,0.24068187,0.29237682,0.2921055,0.29211155,native,-21.224095,-16.577045,,5.1694951,-4.1056418,ceiling,-4.1056418,5.1429677,,,,,0.16717423,-7.3507636
kuairand,w-high.g-none.v-none,100,no_prop,,0.24529369,0.24561585,,,0.034111628,0.13745178,0.092528224,0.088570784,,,,,,,20,,0.0011535577,11,,,,,,8.093236,,,,,,,,,,,,0.19277394,0.24068187,0.29237682,0.2921055,0.29211155,reference,0.49339805,5.2519752,,5.1694951,0.095444147,linear,0.095936447,5.1429677,-15.276547,-15.672291,,,0.16717423,-7.3507636
kuairand,w-high.g-none.v-none,100,opc,,0.26400848,0.26572305,,,0.25798546,0.13509794,0.25915074,0.24735412,,,,,,,20,,0.00036895768,7,,,,,,3.8737533,,,,,,,,,,,,0.19277394,0.24068187,0.29237682,0.2921055,0.29211155,reference,2.5041183,7.1234547,,5.1694951,0.48440288,linear,0.48690142,5.1429677,-0.48577409,-1.6654364,,,0.16717423,-7.3507636
kuairand,w-high.g-none.v-none,100,opc_raw,,0.25860368,0.26066249,,,0.61223965,0.40721199,0.25847787,0.24664887,,,,,,,20,,0.00029872196,9,,,,,,3.8713088,,,,,,,,,,,,0.19277394,0.24068187,0.29237682,0.2921055,0.29211155,reference,1.9980616,6.5829744,,5.1694951,0.38651002,linear,0.38850363,5.1429677,-0.012581402,-1.1954815,,,0.16717423,-7.3507636
kuairand,w-high.g-none.v-none,100,tempered_logger,,0.24005414,0.24068187,,,0.061572671,0,0.24057294,0.22956323,,,,,,,20,,,-1,,,,,,7.2295116,,,,,,,,,,,,0.19277394,0.24068187,0.29237682,0.2921055,0.29211155,reference,0,4.7280202,,5.1694951,0,linear,0,5.1429677,0.051880496,-1.0490907,,,0.16717423,-7.3507636
kuairand,w-high.g-none.v-none,100,warm_c,0,0.04238824,0.24732912,0.24643202,32,1.3166333,0.51803229,,,0.40735137,0.77179523,0.24489099,0.2333014,0.24848115,0.23673859,20,18,0.012426653,100,0.001,0.1,one_way,zero,1.0838468,,25000,0,4778,0,4778,4778,0,0,0,0.19277394,0.24068187,0.19277394,0.24068187,0.29237682,0.2921055,0.29211155,warm,0.66472447,-15.03857,5.3658084,5.1694951,0.12858596,ceiling,0.12858596,5.1429677,,,-0.24381226,-1.4027715,0.16717423,-7.3507636
kuairand,w-high.g-none.v-none,100,warm_c,0.01,0.042354204,0.24721029,0.24633592,32,1.3083814,0.52721419,,,0.40736885,0.77176095,0.24387019,0.23229728,0.24792153,0.23620138,20,18,0.012426653,100,0.001,0.1,one_way,zero,1.0821015,,24750,250,4728,7,4735,4778,41.442617,43,246,0.19277394,0.24068187,0.19277394,0.24068187,0.29237682,0.2921055,0.29211155,warm,0.65284189,-15.041973,5.3561987,5.1694951,0.12628736,ceiling,0.12628736,5.1429677,,,-0.33400968,-1.4913012,0.16717423,-7.3507636
kuairand,w-high.g-none.v-none,100,warm_c,0.05,0.042528415,0.24726155,0.2463904,32,1.2825252,0.46314491,,,0.40736737,0.77179404,0.2440893,0.23258448,0.24853455,0.23682474,20,18,0.012426653,100,0.001,0.1,one_way,zero,1.0914311,,23750,1250,4558,34,4592,4778,207.21309,186,1152,0.19277394,0.24068187,0.19277394,0.24068187,0.29237682,0.2921055,0.29211155,warm,0.65796768,-15.024552,5.3616464,5.1694951,0.12727891,ceiling,0.12727891,5.1429677,,,-0.31722505,-1.4677071,0.16717423,-7.3507636
kuairand,w-high.g-none.v-none,100,warm_c,0.1,0.042433263,0.24731869,0.24637392,32,1.1677537,0.41928882,,,0.4073379,0.77184079,0.24550528,0.23397008,0.24853113,0.23684612,20,18,0.012426653,100,0.001,0.1,one_way,zero,1.0872319,,22500,2500,4330,80,4410,4778,414.42617,368,2140,0.19277394,0.24068187,0.19277394,0.24068187,0.29237682,0.2921055,0.29211155,warm,0.66368194,-15.034067,5.3599982,5.1694951,0.12838429,ceiling,0.12838429,5.1429677,,,-0.18134119,-1.3348613,0.16717423,-7.3507636
kuairand,w-high.g-none.v-none,100,warm_c,0.15,0.042453716,0.24712554,0.24625521,32,1.1038719,0.52218352,,,0.40743577,0.7717268,0.24358774,0.23225796,0.24797831,0.23636436,20,18,0.012426653,100,0.001,0.1,one_way,zero,1.0882846,,21250,3750,4097,112,4209,4778,621.63926,569,2990,0.19277394,0.24068187,0.19277394,0.24068187,0.29237682,0.2921055,0.29211155,warm,0.64436659,-15.032022,5.348127,5.1694951,0.12464788,ceiling,0.12464788,5.1429677,,,-0.35378009,-1.4867577,0.16717423,-7.3507636
kuairand,w-high.g-none.v-none,100,warm_c,0.25,0.042558143,0.24716981,0.24614423,32,1.0044596,0.51175477,,,0.40767524,0.77143929,0.24296203,0.2315274,0.24772331,0.23613226,20,18,0.012426653,100,0.001,0.1,one_way,zero,1.0937905,,18750,6250,3633,170,3803,4778,1036.0654,975,4285,0.19277394,0.24068187,0.19277394,0.24068187,0.29237682,0.2921055,0.29211155,warm,0.64879377,-15.021579,5.3370297,5.1694951,0.12550428,ceiling,0.12550428,5.1429677,,,-0.42077786,-1.5642407,0.16717423,-7.3507636
kuairand,w-high.g-none.v-none,100,warm_t,0,0.042278242,0.24093448,0.2406111,64,2.3079676,1.3512952,,,0.40941699,0.76916706,0.23807053,0.22717938,0.24075186,0.22974357,20,18,0.012426653,100,0.001,0.1,one_way,zero,1.0838468,,25000,0,4778,0,4778,4778,0,0,0,0.19277394,0.24068187,0.19277394,0.24068187,0.29237682,0.2921055,0.29211155,warm,0.025261383,-15.04957,4.7837162,5.1694951,0.0048866248,ceiling,0.0048866248,5.1429677,,,-0.28639556,-1.3755105,0.16717423,-7.3507636
kuairand,w-high.g-none.v-none,100,warm_t,0.01,0.042243582,0.24091433,0.24061763,64,2.274233,1.3614694,,,0.40941529,0.76917014,0.23819224,0.22729098,0.24074709,0.22973951,20,18,0.012426653,100,0.001,0.1,one_way,zero,1.0821015,,24750,250,4728,7,4735,4778,41.442617,43,246,0.19277394,0.24068187,0.19277394,0.24068187,0.29237682,0.2921055,0.29211155,warm,0.023245958,-15.053036,4.7843688,5.1694951,0.0044967559,ceiling,0.0044967559,5.1429677,,,-0.2722088,-1.3623355,0.16717423,-7.3507636
kuairand,w-high.g-none.v-none,100,warm_t,0.05,0.042427805,0.24087755,0.24062779,64,2.2090936,1.3778796,,,0.40942405,0.76918193,0.23834792,0.22745977,0.2409175,0.22991572,20,18,0.012426653,100,0.001,0.1,one_way,zero,1.0914311,,23750,1250,4558,34,4592,4778,207.21309,186,1152,0.19277394,0.24068187,0.19277394,0.24068187,0.29237682,0.2921055,0.29211155,warm,0.019567507,-15.034613,4.7853854,5.1694951,0.0037851873,ceiling,0.0037851873,5.1429677,,,-0.25296219,-1.341778,0.16717423,-7.3507636
kuairand,w-high.g-none.v-none,100,warm_t,0.1,0.042344647,0.24091016,0.24066165,64,1.9891792,1.3825208,,,0.40940611,0.76918309,0.23796988,0.22709814,0.24107637,0.23007382,20,18,0.012426653,100,0.001,0.1,one_way,zero,1.0872319,,22500,2500,4330,80,4410,4778,414.42617,368,2140,0.19277394,0.24068187,0.19277394,0.24068187,0.29237682,0.2921055,0.29211155,warm,0.022828622,-15.042929,4.7887711,5.1694951,0.0044160255,ceiling,0.0044160255,5.1429677,,,-0.29402768,-1.3812016,0.16717423,-7.3507636
kuairand,w-high.g-none.v-none,100,warm_t,0.15,0.042363555,0.24088531,0.2406489,64,1.8462425,1.375259,,,0.40945222,0.76911517,0.23846535,0.22759684,0.24113792,0.23012998,20,18,0.012426653,100,0.001,0.1,one_way,zero,1.0882846,,21250,3750,4097,112,4209,4778,621.63926,569,2990,0.19277394,0.24068187,0.19277394,0.24068187,0.29237682,0.2921055,0.29211155,warm,0.020344323,-15.041038,4.7874958,5.1694951,0.0039354566,ceiling,0.0039354566,5.1429677,,,-0.24199592,-1.3288475,0.16717423,-7.3507636
kuairand,w-high.g-none.v-none,100,warm_t,0.25,0.042469579,0.24087941,0.240646,64,1.5819552,1.3309733,,,0.40954738,0.76902748,0.23912286,0.22823696,0.24148077,0.23046117,20,18,0.012426653,100,0.001,0.1,one_way,zero,1.0937905,,18750,6250,3633,170,3803,4778,1036.0654,975,4285,0.19277394,0.24068187,0.19277394,0.24068187,0.29237682,0.2921055,0.29211155,warm,0.019754276,-15.030436,4.7872068,5.1694951,0.0038213164,ceiling,0.0038213164,5.1429677,,,-0.17565557,-1.2642453,0.16717423,-7.3507636
kuairand,w-high.g-none.v-none,101,cap_c,0,0.049900968,0.28721317,0.28705627,64,0,0,,,0.40898213,0.79816287,0.26707152,0.25651837,0.26718819,0.25649401,20,19,0.014005304,100,1e-07,1,symmetric,base_rate,0.65562636,,25000,0,5153,0,5153,5153,0,0,0,0.20919334,0.25904046,0.20919334,0.25904046,0.30529663,0.30499164,0.30499781,cap,2.8172708,-15.929238,7.7862922,4.6256173,0.60905834,linear,0.61301858,4.5957347,,,-2.0141649,-3.0694794,0.17349333,-8.5547132
kuairand,w-high.g-none.v-none,101,cap_c,0.01,0.049789312,0.2868165,0.28669327,64,0,0,,,0.40889809,0.79823934,0.26475974,0.25437183,0.26611549,0.25558351,20,19,0.014005304,100,1e-07,1,symmetric,base_rate,0.65623987,,24750,250,5098,12,5110,5153,45.830396,43,245,0.20919334,0.25904046,0.20919334,0.25904046,0.30529663,0.30499164,0.30499781,cap,2.7776043,-15.940403,7.7499924,4.6256173,0.60048294,linear,0.60438743,4.5957347,,,-2.2056757,-3.2444674,0.17349333,-8.5547132
kuairand,w-high.g-none.v-none,101,cap_c,0.05,0.049914497,0.28663018,0.2866269,4096,0,0,,,0.40905529,0.79812206,0.26664296,0.25604347,0.26658705,0.25598834,20,19,0.014005304,100,1e-07,1,symmetric,base_rate,0.66375959,,23750,1250,4898,39,4937,5153,229.15198,216,1145,0.20919334,0.25904046,0.20919334,0.25904046,0.30529663,0.30499164,0.30499781,cap,2.758972,-15.927885,7.7433554,4.6256173,0.59645488,linear,0.60033317,4.5957347,,,-1.9987218,-3.0586713,0.17349333,-8.5547132
kuairand,w-high.g-none.v-none,101,cap_c,0.1,0.050248611,0.28649044,0.28648623,2048,0,0,,,0.40916906,0.79796287,0.26752871,0.25688065,0.26752192,0.25687349,20,19,0.014005304,100,1e-07,1,symmetric,base_rate,0.66811579,,22500,2500,4626,72,4698,5153,458.30396,455,2128,0.20919334,0.25904046,0.20919334,0.25904046,0.30529663,0.30499164,0.30499781,cap,2.7449984,-15.894473,7.7292887,4.6256173,0.59343396,linear,0.59729261,4.5957347,,,-1.8961735,-2.9609796,0.17349333,-8.5547132
kuairand,w-high.g-none.v-none,101,cap_c,0.15,0.047048218,0.28464301,0.28463439,4096,0.35280882,0.091642482,,,0.40930464,0.79738982,0.27921999,0.26777561,0.27924836,0.26780485,20,19,0.006394188,100,1e-05,0.01,symmetric,base_rate,0.59311402,,21250,3750,4379,103,4482,5153,687.45594,671,2969,0.20919334,0.25904046,0.20919334,0.25904046,0.30529663,0.30499164,0.30499781,cap,2.5602554,-16.214513,7.5441047,4.6256173,0.55349486,linear,0.55709382,4.5957347,,,-0.54230228,-1.6867403,0.17349333,-8.5547132
kuairand,w-high.g-none.v-none,101,cap_c,0.25,0.04758066,0.28514692,0.28512566,1024,0.33752782,0.042243356,,,0.40934291,0.79741496,0.27717955,0.26564611,0.27747226,0.26591075,20,19,0.006394188,100,1e-05,0.01,symmetric,base_rate,0.60218084,,18750,6250,3874,165,4039,5153,1145.7599,1114,4243,0.20919334,0.25904046,0.20919334,0.25904046,0.30529663,0.30499164,0.30499781,cap,2.6106459,-16.161268,7.5932321,4.6256173,0.56438865,linear,0.56805844,4.5957347,,,-0.79673669,-1.9500811,0.17349333,-8.5547132
kuairand,w-high.g-none.v-none,101,cap_t,0,0.049902195,0.28722649,0.28705696,64,0,0,,,0.40898253,0.79816289,0.26706601,0.25651283,0.26719135,0.25649711,20,19,0.014005304,100,1e-07,1,symmetric,base_rate,0.65562636,,25000,0,5153,0,5153,5153,0,0,0,0.20919334,0.25904046,0.20919334,0.25904046,0.30529663,0.30499164,0.30499781,cap,2.8186034,-15.929115,7.7863617,4.6256173,0.60934644,linear,0.61330856,4.5957347,,,-2.0160479,-3.0713666,0.17349333,-8.5547132
kuairand,w-high.g-none.v-none,101,cap_t,0.01,0.049788881,0.28681625,0.28669357,64,0,0,,,0.40889807,0.79823924,0.26475907,0.25437115,0.266119,0.25558682,20,19,0.014005304,100,1e-07,1,symmetric,base_rate,0.65623987,,24750,250,5098,12,5110,5153,45.830396,43,245,0.20919334,0.25904046,0.20919334,0.25904046,0.30529663,0.30499164,0.30499781,cap,2.7775795,-15.940446,7.7500228,4.6256173,0.60047759,linear,0.60438204,4.5957347,,,-2.2057185,-3.2445104,0.17349333,-8.5547132
kuairand,w-high.g-none.v-none,101,cap_t,0.05,0.049914457,0.28663165,0.28662921,4096,0,0,,,0.40905565,0.79812114,0.26663649,0.25603699,0.26659822,0.25599857,20,19,0.014005304,100,1e-07,1,symmetric,base_rate,0.66375959,,23750,1250,4898,39,4937,5153,229.15198,216,1145,0.20919334,0.25904046,0.20919334,0.25904046,0.30529663,0.30499164,0.30499781,cap,2.7591192,-15.927889,7.7435862,4.6256173,0.5964867,linear,0.60036519,4.5957347,,,-1.9995159,-3.0594656,0.17349333,-8.5547132
kuairand,w-high.g-none.v-none,101,cap_t,0.1,0.05024834,0.28648482,0.28648647,2048,0,0,,,0.40916914,0.79796215,0.26752605,0.25687799,0.26752597,0.25687713,20,19,0.014005304,100,1e-07,1,symmetric,base_rate,0.66811579,,22500,2500,4626,72,4698,5153,458.30396,455,2128,0.20919334,0.25904046,0.20919334,0.25904046,0.30529663,0.30499164,0.30499781,cap,2.744436,-15.8945,7.729313,4.6256173,0.59331238,linear,0.59717024,4.5957347,,,-1.8958771,-2.960683,0.17349333,-8.5547132
kuairand,w-high.g-none.v-none,101,cap_t,0.15,0.047048137,0.28464301,0.28463419,4096,0.352771,0.091616923,,,0.40930471,0.79738982,0.27921999,0.26777561,0.2792424,0.26779956,20,19,0.006394188,100,1e-05,0.01,symmetric,base_rate,0.59311402,,21250,3750,4379,103,4482,5153,687.45594,671,2969,0.20919334,0.25904046,0.20919334,0.25904046,0.30529663,0.30499164,0.30499781,cap,2.5602554,-16.214521,7.5440845,4.6256173,0.55349486,linear,0.55709382,4.5957347,,,-0.54230228,-1.6867403,0.17349333,-8.5547132
kuairand,w-high.g-none.v-none,101,cap_t,0.25,0.047580692,0.28514692,0.28512546,1024,0.33756578,0.042501423,,,0.40934291,0.7974148,0.27717955,0.26564611,0.2774699,0.26590832,20,19,0.006394188,100,1e-05,0.01,symmetric,base_rate,0.60218084,,18750,6250,3874,165,4039,5153,1145.7599,1114,4243,0.20919334,0.25904046,0.20919334,0.25904046,0.30529663,0.30499164,0.30499781,cap,2.6106459,-16.161265,7.5932112,4.6256173,0.56438865,linear,0.56805844,4.5957347,,,-0.79673669,-1.9500811,0.17349333,-8.5547132
kuairand,w-high.g-none.v-none,101,dm,,0.26371055,0.26381797,,,0.3173114,0.46769192,0.28179252,0.2792606,,,,,,,20,,0.0018834766,27,,,,,,22.3881,,,,,,,,,,,,0.20919334,0.25904046,0.30529663,0.30499164,0.30499781,reference,0.47775088,5.4517207,,4.6256173,0.1032837,linear,0.10395528,4.5957347,1.808197,1.5550047,,,0.17349333,-8.5547132
kuairand,w-high.g-none.v-none,101,dm_own,,0.26413789,0.26417534,,,0.2532969,0.44667965,0.28146896,0.27893418,,,,,,,20,,0.00095490948,23,,,,,,11.41715,,,,,,,,,,,,0.20919334,0.25904046,0.30529663,0.30499164,0.30499781,reference,0.51348821,5.494455,,4.6256173,0.11100966,linear,0.11173147,4.5957347,1.7331063,1.4796287,,,0.17349333,-8.5547132
kuairand,w-high.g-none.v-none,101,native_avg,0,0.026177232,0.17349333,,,-0.017419398,0,,,0.45631835,0.73487608,,,,,20,17,0.08281329,300,0.001,0,one_way,,0.00097682711,,25000,0,5153,0,5153,5153,0,0,0,0.20919334,0.25904046,0.20919334,0.25904046,0.30529663,0.30499164,0.30499781,native,-8.5547132,-18.301611,,4.6256173,-1.8494209,ceiling,-1.8494209,4.5957347,,,,,0.17349333,-8.5547132
kuairand,w-high.g-none.v-none,101,native_avg,0.01,0.026177008,0.17349333,,,-0.017374574,0,,,0.45635403,0.73463838,,,,,20,18,0.08281329,300,0.001,0,one_way,,0.0008945319,,24750,250,5098,12,5110,5153,45.830396,43,245,0.20919334,0.25904046,0.20919334,0.25904046,0.30529663,0.30499164,0.30499781,native,-8.5547132,-18.301634,,4.6256173,-1.8494209,ceiling,-1.8494209,4.5957347,,,,,0.17349333,-8.5547132
kuairand,w-high.g-none.v-none,101,native_avg,0.05,0.026177815,0.17349333,,,0.0058558826,0.015077302,,,0.4565597,0.73391709,,,,,20,19,0.08281329,300,0.001,0,one_way,,0.0008007611,,23750,1250,4898,39,4937,5153,229.15198,216,1145,0.20919334,0.25904046,0.20919334,0.25904046,0.30529663,0.30499164,0.30499781,native,-8.5547132,-18.301553,,4.6256173,-1.8494209,ceiling,-1.8494209,4.5957347,,,,,0.17349333,-8.5547132
kuairand,w-high.g-none.v-none,101,native_avg,0.1,0.027082365,0.17349333,,,-0.095945165,0.027035482,,,0.4507313,0.73517308,,,,,20,19,0.22993831,300,1e-05,10,one_way,,0.017009852,,22500,2500,4626,72,4698,5153,458.30396,455,2128,0.20919334,0.25904046,0.20919334,0.25904046,0.30529663,0.30499164,0.30499781,native,-8.5547132,-18.211098,,4.6256173,-1.8494209,ceiling,-1.8494209,4.5957347,,,,,0.17349333,-8.5547132
kuairand,w-high.g-none.v-none,101,native_avg,0.15,0.026164499,0.17349333,,,-0.0057828343,0.024794501,,,0.45714511,0.73228303,,,,,20,19,0.08281329,300,0.001,0,one_way,,0.0009864032,,21250,3750,4379,103,4482,5153,687.45594,671,2969,0.20919334,0.25904046,0.20919334,0.25904046,0.30529663,0.30499164,0.30499781,native,-8.5547132,-18.302885,,4.6256173,-1.8494209,ceiling,-1.8494209,4.5957347,,,,,0.17349333,-8.5547132
kuairand,w-high.g-none.v-none,101,native_avg,0.25,0.026152044,0.17349333,,,-0.016412476,0,,,0.45755183,0.73128696,,,,,20,19,0.08281329,300,0.001,0,one_way,,0.00064704986,,18750,6250,3874,165,4039,5153,1145.7599,1114,4243,0.20919334,0.25904046,0.20919334,0.25904046,0.30529663,0.30499164,0.30499781,native,-8.5547132,-18.30413,,4.6256173,-1.8494209,ceiling,-1.8494209,4.5957347,,,,,0.17349333,-8.5547132
kuairand,w-high.g-none.v-none,101,native_prod_c,0,0.026700163,0.17349333,,,-0.059319239,0,,,0.44756753,0.7394774,,,,,20,20,0.47985917,100,0.0001,10,one_way,,-0.31072709,,25000,0,5153,0,5153,5153,0,0,0,0.20919334,0.25904046,0.20919334,0.25904046,0.30529663,0.30499164,0.30499781,native,-8.5547132,-18.249318,,4.6256173,-1.8494209,ceiling,-1.8494209,4.5957347,,,,,0.17349333,-8.5547132
kuairand,w-high.g-none.v-none,101,native_prod_c,0.01,0.026705587,0.17349333,,,-0.059844513,0,,,0.44759747,0.73955085,,,,,20,20,0.47985917,100,0.0001,10,one_way,,-1.3214905,,24750,250,5098,12,5110,5153,45.830396,43,245,0.20919334,0.25904046,0.20919334,0.25904046,0.30529663,0.30499164,0.30499781,native,-8.5547132,-18.248776,,4.6256173,-1.8494209,ceiling,-1.8494209,4.5957347,,,,,0.17349333,-8.5547132
kuairand,w-high.g-none.v-none,101,native_prod_c,0.05,0.026761788,0.17349333,,,-0.063976211,0,,,0.4480107,0.73868648,,,,,20,20,0.47985917,100,0.0001,10,one_way,,1.0700691,,23750,1250,4898,39,4937,5153,229.15198,216,1145,0.20919334,0.25904046,0.20919334,0.25904046,0.30529663,0.30499164,0.30499781,native,-8.5547132,-18.243156,,4.6256173,-1.8494209,ceiling,-1.8494209,4.5957347,,,,,0.17349333,-8.5547132
kuairand,w-high.g-none.v-none,101,native_prod_c,0.1,0.026826797,0.17349333,,,-0.069580139,0,,,0.44848232,0.73812409,,,,,20,20,0.47985917,100,0.0001,10,one_way,,-1.1018744,,22500,2500,4626,72,4698,5153,458.30396,455,2128,0.20919334,0.25904046,0.20919334,0.25904046,0.30529663,0.30499164,0.30499781,native,-8.5547132,-18.236655,,4.6256173,-1.8494209,ceiling,-1.8494209,4.5957347,,,,,0.17349333,-8.5547132
kuairand,w-high.g-none.v-none,101,native_prod_c,0.15,0.026888963,0.17349333,,,-0.074821309,0,,,0.44907718,0.73755271,,,,,20,20,0.47985917,100,0.0001,10,one_way,,1.1952006,,21250,3750,4379,103,4482,5153,687.45594,671,2969,0.20919334,0.25904046,0.20919334,0.25904046,0.30529663,0.30499164,0.30499781,native,-8.5547132,-18.230438,,4.6256173,-1.8494209,ceiling,-1.8494209,4.5957347,,,,,0.17349333,-8.5547132
kuairand,w-high.g-none.v-none,101,native_prod_c,0.25,0.027004455,0.17349333,,,-0.086482359,0,,,0.45051095,0.73744429,,,,,20,20,0.47985917,100,0.0001,10,one_way,,0.13234045,,18750,6250,3874,165,4039,5153,1145.7599,1114,4243,0.20919334,0.25904046,0.20919334,0.25904046,0.30529663,0.30499164,0.30499781,native,-8.5547132,-18.218889,,4.6256173,-1.8494209,ceiling,-1.8494209,4.5957347,,,,,0.17349333,-8.5547132
kuairand,w-high.g-none.v-none,101,native_prod_t,0,0.02587176,0.026023084,,,-3.3984798e-09,0.025506584,,,0.51105252,0.60960744,,,,,20,20,0.2038428,1,1e-06,100,one_way,,0.00065230008,,25000,0,5153,0,5153,5153,0,0,0,0.20919334,0.25904046,0.20919334,0.25904046,0.30529663,0.30499164,0.30499781,native,-23.301737,-18.332158,,4.6256173,-5.0375411,ceiling,-5.0375411,4.5957347,,,,,0.17349333,-8.5547132
kuairand,w-high.g-none.v-none,101,native_prod_t,0.01,0.02587177,0.016994496,,,-9.3303141e-07,2.9890907,,,0.51120779,0.60971067,,,,,20,20,0.2038428,1,1e-06,100,one_way,,-0.0038522382,,24750,250,5098,12,5110,5153,45.830396,43,245,0.20919334,0.25904046,0.20919334,0.25904046,0.30529663,0.30499164,0.30499781,native,-24.204596,-18.332157,,4.6256173,-5.2327278,ceiling,-5.2327278,4.5957347,,,,,0.17349333,-8.5547132
kuairand,w-high.g-none.v-none,101,native_prod_t,0.05,0.025871776,0.022213938,,,3.7820615e-06,1.156455,,,0.51233371,0.58110238,,,,,20,20,0.2038428,1,1e-06,100,one_way,,-0.0034642213,,23750,1250,4898,39,4937,5153,229.15198,216,1145,0.20919334,0.25904046,0.20919334,0.25904046,0.30529663,0.30499164,0.30499781,native,-23.682652,-18.332157,,4.6256173,-5.1198901,ceiling,-5.1198901,4.5957347,,,,,0.17349333,-8.5547132
kuairand,w-high.g-none.v-none,101,native_prod_t,0.1,0.025871787,0.022454276,,,5.5141179e-06,1.536183,,,0.51394815,0.59947212,,,,,20,20,0.00139426,100,1e-05,0.1,one_way,,3.3000306e-05,,22500,2500,4626,72,4698,5153,458.30396,455,2128,0.20919334,0.25904046,0.20919334,0.25904046,0.30529663,0.30499164,0.30499781,native,-23.658618,-18.332156,,4.6256173,-5.1146942,ceiling,-5.1146942,4.5957347,,,,,0.17349333,-8.5547132
kuairand,w-high.g-none.v-none,101,native_prod_t,0.15,0.025871769,0.023025495,,,2.1273234e-05,0.58032362,,,0.51481657,0.59617994,,,,,20,20,0.0028810595,10,0.001,10,one_way,,-4.5762717e-06,,21250,3750,4379,103,4482,5153,687.45594,671,2969,0.20919334,0.25904046,0.20919334,0.25904046,0.30529663,0.30499164,0.30499781,native,-23.601496,-18.332158,,4.6256173,-5.1023452,ceiling,-5.1023452,4.5957347,,,,,0.17349333,-8.5547132
kuairand,w-high.g-none.v-none,101,native_prod_t,0.25,0.025871767,0.042244859,,,9.5776789e-05,0,,,0.51258587,0.55795885,,,,,20,20,0.0028810595,10,0.001,10,one_way,,-6.2310318e-07,,18750,6250,3874,165,4039,5153,1145.7599,1114,4243,0.20919334,0.25904046,0.20919334,0.25904046,0.30529663,0.30499164,0.30499781,native,-21.67956,-18.332158,,4.6256173,-4.6868468,ceiling,-4.6868468,4.5957347,,,,,0.17349333,-8.5547132
kuairand,w-high.g-none.v-none,101,no_prop,,0.26575189,0.26580937,,,0.085062063,0.15805144,0.11637668,0.11196461,,,,,,,20,,0.00095129154,30,,,,,,10.353945,,,,,,,,,,,,0.20919334,0.25904046,0.30529663,0.30499164,0.30499781,reference,0.67689077,5.6558542,,4.6256173,0.14633523,linear,0.14728674,4.5957347,-14.937521,-15.378728,,,0.17349333,-8.5547132
kuairand,w-high.g-none.v-none,101,opc,,0.27579992,0.27579557,,,0.21094101,0.20829042,0.27929237,0.2676213,,,,,,,20,,0.00086303929,15,,,,,,24.214188,,,,,,,,,,,,0.20919334,0.25904046,0.30529663,0.30499164,0.30499781,reference,1.6755115,6.6606572,,4.6256173,0.36222441,linear,0.36457968,4.5957347,0.34924582,-0.81786142,,,0.17349333,-8.5547132
kuairand,w-high.g-none.v-none,101,opc_raw,,0.2749759,0.27499285,,,0.068470983,0.10425077,0.27689475,0.26539056,,,,,,,20,,0.0010363912,28,,,,,,25.300592,,,,,,,,,,,,0.20919334,0.25904046,0.30529663,0.30499164,0.30499781,reference,1.5952395,6.5782557,,4.6256173,0.34487062,linear,0.34711305,4.5957347,0.19188469,-0.95853374,,,0.17349333,-8.5547132
kuairand,w-high.g-none.v-none,101,tempered_logger,,0.25872608,0.25904046,,,0.032195721,0,0.25579336,0.24499524,,,,,,,20,,,-1,,,,,,8.9673637,,,,,,,,,,,,0.20919334,0.25904046,0.30529663,0.30499164,0.30499781,reference,-1.110223e-14,4.9532735,,4.6256173,-2.4001619e-15,linear,-2.4157683e-15,4.5957347,-0.29327165,-1.373084,,,0.17349333,-8.5547132
kuairand,w-high.g-none.v-none,101,warm_c,0,0.044914694,0.26664823,0.26664706,4096,0,0,,,0.41950459,0.78523119,0.26960096,0.25798824,0.26938117,0.25778588,20,20,0.14212818,10,0.001,0.01,symmetric,zero,1.3060663,,25000,0,5153,0,5153,5153,0,0,0,0.20919334,0.25904046,0.20919334,0.25904046,0.30529663,0.30499164,0.30499781,warm,0.76077699,-16.427865,5.7453712,4.6256173,0.16447037,ceiling,0.16447037,4.5957347,,,0.29527295,-0.865999,0.17349333,-8.5547132
kuairand,w-high.g-none.v-none,101,warm_c,0.01,0.044814397,0.26640386,0.26639877,4096,0,0,,,0.41949572,0.78519929,0.27057142,0.2588993,0.2705957,0.25892478,20,20,0.14212818,10,0.001,0.01,symmetric,zero,1.3016912,,24750,250,5098,12,5110,5153,45.830396,43,245,0.20919334,0.25904046,0.20919334,0.25904046,0.30529663,0.30499164,0.30499781,warm,0.73633995,-16.437895,5.7205424,4.6256173,0.15918739,ceiling,0.15918739,4.5957347,,,0.41675636,-0.75045577,0.17349333,-8.5547132
kuairand,w-high.g-none.v-none,101,warm_c,0.05,0.044895932,0.26614877,0.26572274,32,0,0,,,0.41963741,0.78509065,0.26795703,0.25638089,0.2681495,0.25667206,20,20,0.14212818,10,0.001,0.01,symmetric,zero,1.3045869,,23750,1250,4898,39,4937,5153,229.15198,216,1145,0.20919334,0.25904046,0.20919334,0.25904046,0.30529663,0.30499164,0.30499781,warm,0.71083112,-16.429741,5.6529393,4.6256173,0.1536727,ceiling,0.1536727,4.5957347,,,0.18082597,-0.9767876,0.17349333,-8.5547132
kuairand,w-high.g-none.v-none,101,warm_c,0.1,0.044987399,0.26605994,0.26560367,32,0,0,,,0.41981753,0.78497359,0.26701594,0.255494,0.26743037,0.25598929,20,20,0.14212818,10,0.001,0.01,symmetric,zero,1.3088526,,22500,2500,4626,72,4698,5153,458.30396,455,2128,0.20919334,0.25904046,0.20919334,0.25904046,0.30529663,0.30499164,0.30499781,warm,0.70194837,-16.420595,5.6410323,4.6256173,0.15175237,ceiling,0.15175237,4.5957347,,,0.095599984,-1.056594,0.17349333,-8.5547132
kuairand,w-high.g-none.v-none,101,warm_c,0.15,0.044994739,0.26586004,0.26585363,256,0,0,,,0.41999938,0.78479805,0.26705554,0.25555539,0.26767832,0.25616555,20,20,0.14212818,10,0.001,0.01,symmetric,zero,1.3095691,,21250,3750,4379,103,4482,5153,687.45594,671,2969,0.20919334,0.25904046,0.20919334,0.25904046,0.30529663,0.30499164,0.30499781,warm,0.68195828,-16.419861,5.6660282,4.6256173,0.14743076,ceiling,0.14743076,4.5957347,,,0.11954998,-1.0304649,0.17349333,-8.5547132
kuairand,w-high.g-none.v-none,101,warm_c,0.25,0.045116016,0.26583837,0.26585032,1024,0,0,,,0.42050203,0.78443377,0.26994426,0.25834656,0.27015632,0.25855247,20,20,0.14212818,10,0.001,0.01,symmetric,zero,1.3150741,,18750,6250,3874,165,4039,5153,1145.7599,1114,4243,0.20919334,0.25904046,0.20919334,0.25904046,0.30529663,0.30499164,0.30499781,warm,0.67979102,-16.407733,5.6656973,4.6256173,0.14696223,ceiling,0.14696223,4.5957347,,,0.41058889,-0.74918113,0.17349333,-8.5547132
kuairand,w-high.g-none.v-none,101,warm_t,0,0.04456225,0.26674456,0.26595115,32,0,0,,,0.422154,0.78224487,0.26423971,0.25289526,0.26459044,0.25347268,20,20,0.14212818,10,0.001,0.01,symmetric,zero,1.3060663,,25000,0,5153,0,5153,5153,0,0,0,0.20919334,0.25904046,0.20919334,0.25904046,0.30529663,0.30499164,0.30499781,warm,0.77041046,-16.463109,5.6757808,4.6256173,0.166553,ceiling,0.166553,4.5957347,,,-0.25048547,-1.3849302,0.17349333,-8.5547132
kuairand,w-high.g-none.v-none,101,warm_t,0.01,0.044469717,0.266802,0.26595996,32,0,0,,,0.42211347,0.78224497,0.26462891,0.25330548,0.26472679,0.25361942,20,20,0.14212818,10,0.001,0.01,symmetric,zero,1.3016912,,24750,250,5098,12,5110,5153,45.830396,43,245,0.20919334,0.25904046,0.20919334,0.25904046,0.30529663,0.30499164,0.30499781,warm,0.77615442,-16.472363,5.6766611,4.6256173,0.16779478,ceiling,0.16779478,4.5957347,,,-0.2173094,-1.3496523,0.17349333,-8.5547132
kuairand,w-high.g-none.v-none,101,warm_t,0.05,0.044540629,0.2669383,0.26611649,32,0,0,,,0.42207312,0.7822787,0.26450077,0.25323494,0.26475152,0.25364572,20,20,0.14212818,10,0.001,0.01,symmetric,zero,1.3045869,,23750,1250,4898,39,4937,5153,229.15198,216,1145,0.20919334,0.25904046,0.20919334,0.25904046,0.30529663,0.30499164,0.30499781,warm,0.78978468,-16.465271,5.6923141,4.6256173,0.17074147,ceiling,0.17074147,4.5957347,,,-0.24375382,-1.3703362,0.17349333,-8.5547132
kuairand,w-high.g-none.v-none,101,warm_t,0.1,0.044645512,0.26707764,0.26681771,64,0,0,,,0.42210094,0.78229894,0.2635595,0.25236294,0.26522797,0.2540567,20,20,0.14212818,10,0.001,0.01,symmetric,zero,1.3088526,,22500,2500,4626,72,4698,5153,458.30396,455,2128,0.20919334,0.25904046,0.20919334,0.25904046,0.30529663,0.30499164,0.30499781,warm,0.80371814,-16.454783,5.7624369,4.6256173,0.1737537,ceiling,0.1737537,4.5957347,,,-0.35181434,-1.4714703,0.17349333,-8.5547132
kuairand,w-high.g-none.v-none,101,warm_t,0.15,0.044661867,0.26688488,0.26616552,32,0,0,,,0.42227898,0.7821102,0.26359311,0.2524368,0.2650789,0.25398238,20,20,0.14212818,10,0.001,0.01,symmetric,zero,1.3095691,,21250,3750,4379,103,4482,5153,687.45594,671,2969,0.20919334,0.25904046,0.20919334,0.25904046,0.30529663,0.30499164,0.30499781,warm,0.78444227,-16.453148,5.697218,4.6256173,0.16958651,ceiling,0.16958651,4.5957347,,,-0.32917754,-1.4448081,0.17349333,-8.5547132
kuairand,w-high.g-none.v-none,101,warm_t,0.25,0.044795525,0.26693495,0.26693297,4096,0,0,,,0.42259578,0.78187276,0.26449421,0.25327274,0.26495948,0.253702,20,20,0.14212818,10,0.001,0.01,symmetric,zero,1.3150741,,18750,6250,3874,165,4039,5153,1145.7599,1114,4243,0.20919334,0.25904046,0.20919334,0.25904046,0.30529663,0.30499164,0.30499781,warm,0.78944961,-16.439782,5.7739627,4.6256173,0.17066903,ceiling,0.17066903,4.5957347,,,-0.24407401,-1.366221,0.17349333,-8.5547132
ml,w-high.g-none.v-none,100,cap_c,0,0.05529942,0.27435368,0.27303953,32,0,0,,,0.42932728,0.69484487,0.25259507,0.24094801,0.25562909,0.24371905,20,20,0.011058789,100,1e-05,0.1,one_way,base_rate,0.40835714,,25000,0,4340,0,4340,4340,0,0,0,0.17679525,0.22031196,0.17679526,0.22031196,0.30298334,0.30247399,0.30247513,cap,5.4041721,-12.149584,9.6244268,8.2671384,0.6536932,linear,0.65773656,8.216317,,,-2.1758613,-3.3405671,0.17069688,-4.9615077
ml,w-high.g-none.v-none,100,cap_c,0.01,0.056039645,0.27431872,0.27317277,32,0,0,,,0.42934966,0.69476691,0.25084077,0.23930504,0.25533602,0.24340823,20,20,0.011058789,100,1e-05,0.1,one_way,base_rate,0.41409677,,24750,250,4293,5,4298,4340,37.59976,42,242,0.17679525,0.22031196,0.17679526,0.22031196,0.30298334,0.30247399,0.30247513,cap,5.4006756,-12.075562,9.6377503,8.2671384,0.65327026,linear,0.65731101,8.216317,,,-2.3477951,-3.5013679,0.17069688,-4.9615077
ml,w-high.g-none.v-none,100,cap_c,0.05,0.057495699,0.27553961,0.27432649,32,0,0,,,0.42922289,0.69516595,0.25104954,0.23950788,0.25574738,0.24389627,20,20,0.011058789,100,1e-05,0.1,one_way,base_rate,0.42318052,,23750,1250,4139,31,4170,4340,187.9988,170,1045,0.17679525,0.22031196,0.17679526,0.22031196,0.30298334,0.30247399,0.30247513,cap,5.5227647,-11.929956,9.7531223,8.2671384,0.66803825,linear,0.67217035,8.216317,,,-2.4490063,-3.6031725,0.17069688,-4.9615077
ml,w-high.g-none.v-none,100,cap_c,0.1,0.0582356,0.27472657,0.27017969,16,0,0,,,0.42942189,0.69473418,0.2521346,0.2406619,0.25349027,0.24162285,20,20,0.011058789,100,1e-05,0.1,one_way,base_rate,0.42216837,,22500,2500,3910,67,3977,4340,375.9976,363,1800,0.17679525,0.22031196,0.17679526,0.22031196,0.30298334,0.30247399,0.30247513,cap,5.4414611,-11.855966,9.3384426,8.2671384,0.65820371,linear,0.66227498,8.216317,,,-2.2591975,-3.4064667,0.17069688,-4.9615077
ml,w-high.g-none.v-none,100,cap_c,0.15,0.05927336,0.27542587,0.27434401,32,0,0,,,0.42930905,0.69516046,0.25487517,0.24334483,0.25569171,0.24400418,20,20,0.011058789,100,1e-05,0.1,one_way,base_rate,0.42604613,,21250,3750,3699,101,3800,4340,563.9964,540,2313,0.17679525,0.22031196,0.17679526,0.22031196,0.30298334,0.30247399,0.30247513,cap,5.5113914,-11.75219,9.7548743,8.2671384,0.66666253,linear,0.67078612,8.216317,,,-2.0550705,-3.208104,0.17069688,-4.9615077
ml,w-high.g-none.v-none,100,cap_c,0.25,0.060204303,0.2752127,0.27522392,4096,0,0,,,0.4296268,0.69487487,0.25836482,0.24677655,0.25841656,0.24682621,20,20,0.011058789,100,1e-05,0.1,one_way,base_rate,0.43888041,,18750,6250,3273,165,3438,4340,939.994,902,2966,0.17679525,0.22031196,0.17679526,0.22031196,0.30298334,0.30247399,0.30247513,cap,5.4900745,-11.659096,9.8428656,8.2671384,0.66408403,linear,0.66819167,8.216317,,,-1.6847885,-2.8436156,0.17069688,-4.9615077
ml,w-high.g-none.v-none,100,cap_t,0,0.055299423,0.27435368,0.2730395,32,0,0,,,0.42932729,0.69484457,0.25259507,0.24094801,0.25562939,0.24371934,20,20,0.011058789,100,1e-05,0.1,one_way,base_rate,0.40835714,,25000,0,4340,0,4340,4340,0,0,0,0.17679525,0.22031196,0.17679526,0.22031196,0.30298334,0.30247399,0.30247513,cap,5.4041721,-12.149584,9.6244241,8.2671384,0.6536932,linear,0.65773656,8.216317,,,-2.1758613,-3.3405671,0.17069688,-4.9615077
ml,w-high.g-none.v-none,100,cap_t,0.01,0.056039671,0.27431872,0.2731728,32,0,0,,,0.42934965,0.6947668,0.25084077,0.23930504,0.25533614,0.24340834,20,20,0.011058789,100,1e-05,0.1,one_way,base_rate,0.41409677,,24750,250,4293,5,4298,4340,37.59976,42,242,0.17679525,0.22031196,0.17679526,0.22031196,0.30298334,0.30247399,0.30247513,cap,5.4006756,-12.075559,9.6377538,8.2671384,0.65327026,linear,0.65731101,8.216317,,,-2.3477951,-3.5013679,0.17069688,-4.9615077
ml,w-high.g-none.v-none,100,cap_t,0.05,0.057495768,0.27553961,0.27432648,32,0,0,,,0.42922287,0.69516571,0.25104954,0.23950788,0.25574741,0.24389632,20,20,0.011058789,100,1e-05,0.1,one_way,base_rate,0.42318052,,23750,1250,4139,31,4170,4340,187.9988,170,1045,0.17679525,0.22031196,0.17679526,0.22031196,0.30298334,0.30247399,0.30247513,cap,5.5227647,-11.92995,9.7531214,8.2671384,0.66803825,linear,0.67217035,8.216317,,,-2.4490063,-3.6031725,0.17069688,-4.9615077
ml,w-high.g-none.v-none,100,cap_t,0.1,0.058235608,0.27472657,0.27017979,16,0,0,,,0.42942186,0.69473433,0.2521346,0.2406619,0.25349054,0.24162311,20,20,0.011058789,100,1e-05,0.1,one_way,base_rate,0.42216837,,22500,2500,3910,67,3977,4340,375.9976,363,1800,0.17679525,0.22031196,0.17679526,0.22031196,0.30298334,0.30247399,0.30247513,cap,5.4414611,-11.855966,9.3384523,8.2671384,0.65820371,linear,0.66227498,8.216317,,,-2.2591975,-3.4064667,0.17069688,-4.9615077
ml,w-high.g-none.v-none,100,cap_t,0.15,0.059273352,0.27542587,0.27434405,32,0,0,,,0.42930899,0.69515986,0.25487517,0.24334483,0.25569203,0.24400447,20,20,0.011058789,100,1e-05,0.1,one_way,base_rate,0.42604613,,21250,3750,3699,101,3800,4340,563.9964,540,2313,0.17679525,0.22031196,0.17679526,0.22031196,0.30298334,0.30247399,0.30247513,cap,5.5113914,-11.752191,9.7548787,8.2671384,0.66666253,linear,0.67078612,8.216317,,,-2.0550705,-3.208104,0.17069688,-4.9615077
ml,w-high.g-none.v-none,100,cap_t,0.25,0.060204273,0.2752127,0.27522358,4096,0,0,,,0.4296268,0.69487489,0.25836482,0.24677655,0.25842085,0.24683067,20,20,0.011058789,100,1e-05,0.1,one_way,base_rate,0.43888041,,18750,6250,3273,165,3438,4340,939.994,902,2966,0.17679525,0.22031196,0.17679526,0.22031196,0.30298334,0.30247399,0.30247513,cap,5.4900745,-11.659099,9.8428321,8.2671384,0.66408403,linear,0.66819167,8.216317,,,-1.6847885,-2.8436156,0.17069688,-4.9615077
ml,w-high.g-none.v-none,100,dm,,0.25756748,0.2576132,,,0.027623274,0.21549387,0.26582459,0.26466492,,,,,,,20,,0.00065131976,25,,,,,,9.5156136,,,,,,,,,,,,0.17679526,0.22031196,0.30298334,0.30247399,0.30247513,reference,3.7301237,8.0772214,,8.2671384,0.4511989,linear,0.45398975,8.216317,0.82571094,0.70974451,,,0.17069688,-4.9615077
ml,w-high.g-none.v-none,100,dm_own,,0.25780376,0.25837775,,,0.030028437,0.14734628,0.26496908,0.26380638,,,,,,,20,,0.00042218227,21,,,,,,6.3645444,,,,,,,,,,,,0.17679526,0.22031196,0.30298334,0.30247399,0.30247513,reference,3.8065791,8.1008494,,8.2671384,0.46044701,linear,0.46329506,8.216317,0.71653237,0.60026215,,,0.17069688,-4.9615077
ml,w-high.g-none.v-none,100,native_avg,0,0.026948922,0.17069688,,,-0.025681592,0,,,0.45203818,0.61702324,,,,,20,19,0.68508528,10,1e-06,0.1,one_way,,-0.019365638,,25000,0,4340,0,4340,4340,0,0,0,0.17679525,0.22031196,0.17679526,0.22031196,0.30298334,0.30247399,0.30247513,native,-4.9615078,-14.984634,,8.2671384,-0.60014815,ceiling,-0.60014815,8.216317,,,,,0.17069688,-4.9615077
ml,w-high.g-none.v-none,100,native_avg,0.01,0.026964984,0.17069688,,,-0.0262931,0,,,0.45200391,0.61694873,,,,,20,19,0.68508528,10,1e-06,0.1,one_way,,-0.062941894,,24750,250,4293,5,4298,4340,37.59976,42,242,0.17679525,0.22031196,0.17679526,0.22031196,0.30298334,0.30247399,0.30247513,native,-4.9615078,-14.983028,,8.2671384,-0.60014815,ceiling,-0.60014815,8.216317,,,,,0.17069688,-4.9615077
ml,w-high.g-none.v-none,100,native_avg,0.05,0.026960729,0.17069688,,,-0.025709872,0,,,0.45208883,0.6166336,,,,,20,19,0.68508528,10,1e-06,0.1,one_way,,-0.013495283,,23750,1250,4139,31,4170,4340,187.9988,170,1045,0.17679525,0.22031196,0.17679526,0.22031196,0.30298334,0.30247399,0.30247513,native,-4.9615078,-14.983453,,8.2671384,-0.60014815,ceiling,-0.60014815,8.216317,,,,,0.17069688,-4.9615077
ml,w-high.g-none.v-none,100,native_avg,0.1,0.026953737,0.17069688,,,-0.025316241,0,,,0.45215014,0.61563145,,,,,20,19,0.68508528,10,1e-06,0.1,one_way,,-0.076724738,,22500,2500,3910,67,3977,4340,375.9976,363,1800,0.17679525,0.22031196,0.17679526,0.22031196,0.30298334,0.30247399,0.30247513,native,-4.9615078,-14.984153,,8.2671384,-0.60014815,ceiling,-0.60014815,8.216317,,,,,0.17069688,-4.9615077
ml,w-high.g-none.v-none,100,native_avg,0.15,0.026935861,0.17069688,,,-0.02444909,0,,,0.45241973,0.61415447,,,,,20,19,0.68508528,10,1e-06,0.1,one_way,,-0.098833144,,21250,3750,3699,101,3800,4340,563.9964,540,2313,0.17679525,0.22031196,0.17679526,0.22031196,0.30298334,0.30247399,0.30247513,native,-4.9615078,-14.98594,,8.2671384,-0.60014815,ceiling,-0.60014815,8.216317,,,,,0.17069688,-4.9615077
ml,w-high.g-none.v-none,100,native_avg,0.25,0.026901869,0.17069688,,,-0.022797961,0,,,0.45275448,0.61304758,,,,,20,19,0.68508528,10,1e-06,0.1,one_way,,-0.092279382,,18750,6250,3273,165,3438,4340,939.994,902,2966,0.17679525,0.22031196,0.17679526,0.22031196,0.30298334,0.30247399,0.30247513,native,-4.9615078,-14.989339,,8.2671384,-0.60014815,ceiling,-0.60014815,8.216317,,,,,0.17069688,-4.9615077
ml,w-high.g-none.v-none,100,native_prod_c,0,0.02741701,0.093575979,,,-0.099144758,7.7120903,,,0.45054466,0.62151441,,,,,20,20,0.82619078,30,0.0001,0,one_way,,0.0068688034,,25000,0,4340,0,4340,4340,0,0,0,0.17679525,0.22031196,0.17679526,0.22031196,0.30298334,0.30247399,0.30247513,native,-12.673598,-14.937825,,8.2671384,-1.5330091,ceiling,-1.5330091,8.216317,,,,,0.17069688,-4.9615077
ml,w-high.g-none.v-none,100,native_prod_c,0.01,0.027477682,0.093575979,,,-0.10507376,7.7120903,,,0.45049252,0.62188598,,,,,20,20,0.82619078,30,0.0001,0,one_way,,0.004771126,,24750,250,4293,5,4298,4340,37.59976,42,242,0.17679525,0.22031196,0.17679526,0.22031196,0.30298334,0.30247399,0.30247513,native,-12.673598,-14.931758,,8.2671384,-1.5330091,ceiling,-1.5330091,8.216317,,,,,0.17069688,-4.9615077
ml,w-high.g-none.v-none,100,native_prod_c,0.05,0.02765785,0.093575979,,,-0.12276776,7.7120903,,,0.45073893,0.62231621,,,,,20,20,0.82619078,30,0.0001,0,one_way,,0.0064541441,,23750,1250,4139,31,4170,4340,187.9988,170,1045,0.17679525,0.22031196,0.17679526,0.22031196,0.30298334,0.30247399,0.30247513,native,-12.673598,-14.913741,,8.2671384,-1.5330091,ceiling,-1.5330091,8.216317,,,,,0.17069688,-4.9615077
ml,w-high.g-none.v-none,100,native_prod_c,0.1,0.027871642,0.093575979,,,-0.14372269,7.7120903,,,0.4511894,0.62247795,,,,,20,20,0.82619078,30,0.0001,0,one_way,,0.0032346915,,22500,2500,3910,67,3977,4340,375.9976,363,1800,0.17679525,0.22031196,0.17679526,0.22031196,0.30298334,0.30247399,0.30247513,native,-12.673598,-14.892362,,8.2671384,-1.5330091,ceiling,-1.5330091,8.216317,,,,,0.17069688,-4.9615077
ml,w-high.g-none.v-none,100,native_prod_c,0.15,0.028053365,0.17069688,,,-0.16155862,0,,,0.45202376,0.62182304,,,,,20,20,0.82619078,30,0.0001,0,one_way,,0.0029539494,,21250,3750,3699,101,3800,4340,563.9964,540,2313,0.17679525,0.22031196,0.17679526,0.22031196,0.30298334,0.30247399,0.30247513,native,-4.9615078,-14.87419,,8.2671384,-0.60014815,ceiling,-0.60014815,8.216317,,,,,0.17069688,-4.9615077
ml,w-high.g-none.v-none,100,native_prod_c,0.25,0.028360236,0.17069688,,,-0.19179017,0,,,0.45412996,0.62174595,,,,,20,20,0.82619078,30,0.0001,0,one_way,,-0.0047212499,,18750,6250,3273,165,3438,4340,939.994,902,2966,0.17679525,0.22031196,0.17679526,0.22031196,0.30298334,0.30247399,0.30247513,native,-4.9615078,-14.843503,,8.2671384,-0.60014815,ceiling,-0.60014815,8.216317,,,,,0.17069688,-4.9615077
ml,w-high.g-none.v-none,100,native_prod_t,0,0.026396215,0.027098722,,,-1.477771e-08,0.097636468,,,0.46499639,0.57770234,,,,,20,20,0.019063287,10,0.001,10,one_way,,-0.00015389378,,25000,0,4340,0,4340,4340,0,0,0,0.17679525,0.22031196,0.17679526,0.22031196,0.30298334,0.30247399,0.30247513,native,-19.321324,-15.039905,,8.2671384,-2.3371235,ceiling,-2.3371235,8.216317,,,,,0.17069688,-4.9615077
ml,w-high.g-none.v-none,100,native_prod_t,0.01,0.026396262,0.019047113,,,0.00029444008,2.2548652,,,0.4650568,0.57856992,,,,,20,20,0.019063287,10,0.001,10,one_way,,-0.00011077235,,24750,250,4293,5,4298,4340,37.59976,42,242,0.17679525,0.22031196,0.17679526,0.22031196,0.30298334,0.30247399,0.30247513,native,-20.126485,-15.0399,,8.2671384,-2.4345165,ceiling,-2.4345165,8.216317,,,,,0.17069688,-4.9615077
ml,w-high.g-none.v-none,100,native_prod_t,0.05,0.026396319,0.033042154,,,2.6366756e-05,6.5559197,,,0.46501344,0.57035417,,,,,20,20,0.021385293,3,0.0001,1,one_way,,2.4198185e-05,,23750,1250,4139,31,4170,4340,187.9988,170,1045,0.17679525,0.22031196,0.17679526,0.22031196,0.30298334,0.30247399,0.30247513,native,-18.726981,-15.039894,,8.2671384,-2.2652313,ceiling,-2.2652313,8.216317,,,,,0.17069688,-4.9615077
ml,w-high.g-none.v-none,100,native_prod_t,0.1,0.026396398,0.093849075,,,0.00010990618,0,,,0.46512007,0.568341,,,,,20,20,0.021385293,3,0.0001,1,one_way,,2.8749619e-05,,22500,2500,3910,67,3977,4340,375.9976,363,1800,0.17679525,0.22031196,0.17679526,0.22031196,0.30298334,0.30247399,0.30247513,native,-12.646288,-15.039887,,8.2671384,-1.5297057,ceiling,-1.5297057,8.216317,,,,,0.17069688,-4.9615077
ml,w-high.g-none.v-none,100,native_prod_t,0.15,0.026396373,0.12205086,,,0.000145014,0,,,0.46507709,0.56023713,,,,,20,20,0.016343664,3,1e-05,10,one_way,,6.3459622e-05,,21250,3750,3699,101,3800,4340,563.9964,540,2313,0.17679525,0.22031196,0.17679526,0.22031196,0.30298334,0.30247399,0.30247513,native,-9.8261104,-15.039889,,8.2671384,-1.1885746,ceiling,-1.1885746,8.216317,,,,,0.17069688,-4.9615077
ml,w-high.g-none.v-none,100,native_prod_t,0.25,0.026396473,0.12706614,,,0.00094327989,0,,,0.46520135,0.55583289,,,,,20,20,0.016343664,3,1e-05,10,one_way,,6.3750354e-05,,18750,6250,3273,165,3438,4340,939.994,902,2966,0.17679525,0.22031196,0.17679526,0.22031196,0.30298334,0.30247399,0.30247513,native,-9.3245822,-15.039879,,8.2671384,-1.1279093,ceiling,-1.1279093,8.216317,,,,,0.17069688,-4.9615077
ml,w-high.g-none.v-none,100,no_prop,,0.22997244,0.23178526,,,0.34597615,0.24680764,0.058062755,0.055022941,,,,,,,20,,0.00029872196,9,,,,,,3.945997,,,,,,,,,,,,0.17679526,0.22031196,0.30298334,0.30247399,0.30247513,reference,1.1473303,5.3177174,,8.2671384,0.13878203,linear,0.13964046,8.216317,-17.190968,-17.49495,,,0.17069688,-4.9615077
ml,w-high.g-none.v-none,100,opc,,0.26307166,0.26344198,,,0.033971888,0,0.26106024,0.24893467,,,,,,,20,,0.0010030654,17,,,,,,8.4923391,,,,,,,,,,,,0.17679526,0.22031196,0.30298334,0.30247399,0.30247513,reference,4.3130016,8.6276398,,8.2671384,0.52170429,linear,0.52493125,8.216317,-0.20114228,-1.4136987,,,0.17069688,-4.9615077
ml,w-high.g-none.v-none,100,opc_raw,,0.26029674,0.26048765,,,0.085188736,0.067535812,0.26344457,0.25084495,,,,,,,20,,0.00060349116,20,,,,,,23.217146,,,,,,,,,,,,0.17679526,0.22031196,0.30298334,0.30247399,0.30247513,reference,4.0175693,8.3501481,,8.2671384,0.48596855,linear,0.48897447,8.216317,0.31478285,-0.94517941,,,0.17069688,-4.9615077
ml,w-high.g-none.v-none,100,tempered_logger,,0.2192754,0.22031196,,,0.087874867,0,0.21780662,0.20673418,,,,,,,20,,,-1,,,,,,5.2605788,,,,,,,,,,,,0.17679526,0.22031196,0.30298334,0.30247399,0.30247513,reference,-5.7668878e-08,4.2480135,,8.2671384,-6.9756759e-09,linear,-7.0188234e-09,8.216317,-0.14687756,-1.2541214,,,0.17069688,-4.9615077
ml,w-high.g-none.v-none,100,warm_c,0,0.050184385,0.24717456,0.24715885,512,0,0,,,0.4364061,0.67548268,0.25144302,0.2390064,0.25182471,0.2393995,20,18,0.39967167,10,1e-07,0,symmetric,zero,0.39687118,,25000,0,4340,0,4340,4340,0,0,0,0.17679525,0.22031196,0.17679526,0.22031196,0.30298334,0.30247399,0.30247513,warm,2.6862599,-12.661088,7.0363592,8.2671384,0.32493226,ceiling,0.32493226,8.216317,,,0.42684642,-0.81681578,0.17069688,-4.9615077
ml,w-high.g-none.v-none,100,warm_c,0.01,0.050818567,0.24719335,0.2472045,128,0,0,,,0.43641659,0.67568165,0.24935417,0.23708571,0.25126088,0.23885189,20,18,0.39967167,10,1e-07,0,symmetric,zero,0.40483609,,24750,250,4293,5,4298,4340,37.59976,42,242,0.17679525,0.22031196,0.17679526,0.22031196,0.30298334,0.30247399,0.30247513,warm,2.688139,-12.59767,7.040924,8.2671384,0.32515955,ceiling,0.32515955,8.216317,,,0.21608196,-1.0107644,0.17069688,-4.9615077
ml,w-high.g-none.v-none,100,warm_c,0.05,0.052292037,0.24706506,0.24703175,4096,0,0,,,0.43658646,0.67576236,0.25210224,0.23968871,0.25187868,0.23947017,20,18,0.39967167,10,1e-07,0,symmetric,zero,0.42415336,,23750,1250,4139,31,4170,4340,187.9988,170,1045,0.17679525,0.22031196,0.17679526,0.22031196,0.30298334,0.30247399,0.30247513,warm,2.6753097,-12.450323,7.023649,8.2671384,0.32360771,ceiling,0.32360771,8.216317,,,0.50371835,-0.73763498,0.17069688,-4.9615077
ml,w-high.g-none.v-none,100,warm_c,0.1,0.052023389,0.24872101,0.24871709,4096,0,0,,,0.43669574,0.67588956,0.25168673,0.23915426,0.25145879,0.23894402,20,18,0.39967167,10,1e-07,0,symmetric,zero,0.41854382,,22500,2500,3910,67,3977,4340,375.9976,363,1800,0.17679525,0.22031196,0.17679526,0.22031196,0.30298334,0.30247399,0.30247513,warm,2.8409054,-12.477187,7.1921831,8.2671384,0.34363831,ceiling,0.34363831,8.216317,,,0.29657128,-0.95667506,0.17069688,-4.9615077
ml,w-high.g-none.v-none,100,warm_c,0.15,0.052270204,0.24935974,0.24945023,64,0,0,,,0.43690507,0.67555695,0.24782272,0.23540879,0.24865565,0.23631465,20,18,0.39967167,10,1e-07,0,symmetric,zero,0.42051461,,21250,3750,3699,101,3800,4340,563.9964,540,2313,0.17679525,0.22031196,0.17679526,0.22031196,0.30298334,0.30247399,0.30247513,warm,2.904778,-12.452506,7.2654965,8.2671384,0.35136439,ceiling,0.35136439,8.216317,,,-0.15370187,-1.3950947,0.17069688,-4.9615077
ml,w-high.g-none.v-none,100,warm_c,0.25,0.053457813,0.24873313,0.24885256,64,0,0,,,0.43739449,0.67533322,0.2449197,0.23236717,0.24781431,0.23521945,20,18,0.39967167,10,1e-07,0,symmetric,zero,0.43615556,,18750,6250,3273,165,3438,4340,939.994,902,2966,0.17679525,0.22031196,0.17679526,0.22031196,0.30298334,0.30247399,0.30247513,warm,2.8421173,-12.333745,7.2057297,8.2671384,0.34378489,ceiling,0.34378489,8.216317,,,-0.38134343,-1.6365961,0.17069688,-4.9615077
ml,w-high.g-none.v-none,100,warm_t,0,0.051636944,0.23073739,0.23073781,4096,0,0,,,0.44233938,0.66331113,0.23287938,0.21978875,0.23280871,0.21972682,20,18,0.055857864,100,1e-05,0.01,symmetric,zero,0.43077722,,25000,0,4340,0,4340,4340,0,0,0,0.17679525,0.22031196,0.17679526,0.22031196,0.30298334,0.30247399,0.30247513,warm,1.0425434,-12.515832,5.3942543,8.2671384,0.12610692,ceiling,0.12610692,8.216317,,,0.21419903,-1.0948644,0.17069688,-4.9615077
ml,w-high.g-none.v-none,100,warm_t,0.01,0.052070142,0.23116524,0.23103789,512,0,0,,,0.44243088,0.66362446,0.23376144,0.22064702,0.23440798,0.22132133,20,18,0.055857864,100,1e-05,0.01,symmetric,zero,0.43631661,,24750,250,4293,5,4298,4340,37.59976,42,242,0.17679525,0.22031196,0.17679526,0.22031196,0.30298334,0.30247399,0.30247513,warm,1.0853281,-12.472512,5.4242624,8.2671384,0.13128219,ceiling,0.13128219,8.216317,,,0.25962042,-1.0518222,0.17069688,-4.9615077
ml,w-high.g-none.v-none,100,warm_t,0.05,0.042895709,0.22002984,0.21927269,32,1.0009501,1.2678851,,,0.4424531,0.65709337,0.2173319,0.20492411,0.2182332,0.20748241,20,18,0.012426653,100,0.001,0.1,one_way,zero,0.55250549,,23750,1250,4139,31,4170,4340,187.9988,170,1045,0.17679525,0.22031196,0.17679526,0.22031196,0.30298334,0.30247399,0.30247513,warm,-0.028211606,-13.389955,4.2477427,8.2671384,-0.0034124995,ceiling,-0.0034124995,8.216317,,,-0.26979476,-1.5105738,0.17069688,-4.9615077
ml,w-high.g-none.v-none,100,warm_t,0.1,0.043654108,0.2202908,0.21950184,32,0.94822883,1.3042252,,,0.44249371,0.65716649,0.21609672,0.20372644,0.21805906,0.2072328,20,18,0.012426653,100,0.001,0.1,one_way,zero,0.57268149,,22500,2500,3910,67,3977,4340,375.9976,363,1800,0.17679525,0.22031196,0.17679526,0.22031196,0.30298334,0.30247399,0.30247513,warm,-0.0021161621,-13.314115,4.270658,8.2671384,-0.00025597275,ceiling,-0.00025597275,8.216317,,,-0.41940798,-1.6564359,0.17069688,-4.9615077
ml,w-high.g-none.v-none,100,warm_t,0.15,0.044305181,0.22024073,0.21952368,32,0.90514515,1.3173366,,,0.44261501,0.65705553,0.21567327,0.20333205,0.21784668,0.20696531,20,18,0.012426653,100,0.001,0.1,one_way,zero,0.58980411,,21250,3750,3699,101,3800,4340,563.9964,540,2313,0.17679525,0.22031196,0.17679526,0.22031196,0.30298334,0.30247399,0.30247513,warm,-0.0071232856,-13.249008,4.2728414,8.2671384,-0.00086163861,ceiling,-0.00086163861,8.216317,,,-0.45674567,-1.6908674,0.17069688,-4.9615077
ml,w-high.g-none.v-none,100,warm_t,0.25,0.04360674,0.220226,0.21914202,32,1.0259105,1.322423,,,0.44282634,0.65629753,0.21726805,0.20487949,0.21772486,0.20691769,20,18,0.0060192934,100,0.0001,0.1,one_way,zero,0.32086536,,18750,6250,3273,165,3438,4340,939.994,902,2966,0.17679525,0.22031196,0.17679526,0.22031196,0.30298334,0.30247399,0.30247513,warm,-0.0085955519,-13.318852,4.234676,8.2671384,-0.0010397252,ceiling,-0.0010397252,8.216317,,,-0.29579586,-1.5346516,0.17069688,-4.9615077
ml,w-high.g-none.v-none,101,cap_c,0,0.06155876,0.2723041,0.27231934,128,0.224865,0.024916766,,,0.43370361,0.69870292,0.24521835,0.23426394,0.24671289,0.23570543,20,19,0.014005304,100,1e-07,1,symmetric,base_rate,0.48968714,,25000,0,4363,0,4363,4363,0,0,0,0.17933441,0.22334879,0.17933442,0.22334879,0.30089191,0.30047866,0.3004784,cap,4.895531,-11.777566,9.2984921,7.7543112,0.63133021,linear,0.6347149,7.7129605,,,-2.7085749,-3.804016,0.16990364,-5.3445155
ml,w-high.g-none.v-none,101,cap_c,0.01,0.06184725,0.27209757,0.27190215,64,0.22571062,0.030463464,,,0.43376491,0.69862958,0.24604481,0.23508643,0.2463375,0.23537424,20,18,0.014005304,100,1e-07,1,symmetric,base_rate,0.49010238,,24750,250,4316,8,4324,4363,37.958891,39,243,0.17933441,0.22334879,0.17933442,0.22334879,0.30089191,0.30047866,0.3004784,cap,4.874878,-11.748717,9.2567728,7.7543112,0.62866679,linear,0.6320372,7.7129605,,,-2.6052769,-3.701114,0.16990364,-5.3445155
ml,w-high.g-none.v-none,101,cap_c,0.05,0.06276462,0.27180984,0.27121417,32,0,0,,,0.43420881,0.69764479,0.24033685,0.22958781,0.24424092,0.23329609,20,19,0.014005304,100,1e-07,1,symmetric,base_rate,0.49934411,,23750,1250,4155,38,4193,4363,189.79446,170,1060,0.17933441,0.22334879,0.17933442,0.22334879,0.30089191,0.30047866,0.3004784,cap,4.8461044,-11.65698,9.1879747,7.7543112,0.62495614,linear,0.62830665,7.7129605,,,-3.147299,-4.2222034,0.16990364,-5.3445155
ml,w-high.g-none.v-none,101,cap_c,0.1,0.063003343,0.27131823,0.26770706,16,0,0,,,0.4340871,0.69823334,0.23827795,0.22749185,0.24110921,0.230073,20,19,0.014005304,100,1e-07,1,symmetric,base_rate,0.49807915,,22500,2500,3906,76,3982,4363,379.58891,381,1786,0.17933441,0.22334879,0.17933442,0.22334879,0.30089191,0.30047866,0.3004784,cap,4.7969432,-11.633108,8.8372638,7.7543112,0.61861629,linear,0.62193281,7.7129605,,,-3.3040277,-4.382638,0.16990364,-5.3445155
ml,w-high.g-none.v-none,101,cap_c,0.15,0.054607913,0.26479838,0.2647709,512,0.8976117,0.65991466,,,0.43446688,0.69550379,0.25050449,0.23889525,0.25041848,0.23878353,20,19,0.006394188,100,1e-05,0.01,symmetric,base_rate,0.37783444,,21250,3750,3703,107,3810,4363,569.38337,553,2330,0.17933441,0.22334879,0.17933442,0.22334879,0.30089191,0.30047866,0.3004784,cap,4.1449585,-12.472651,8.543648,7.7543112,0.534536,linear,0.53740175,7.7129605,,,-1.4293885,-2.5903134,0.16990364,-5.3445155
ml,w-high.g-none.v-none,101,cap_c,0.25,0.055889504,0.26457667,0.26385275,32,0.77354572,0.63498992,,,0.43470642,0.69494559,0.24603002,0.2345427,0.24970216,0.23804986,20,19,0.006394188,100,1e-05,0.01,symmetric,base_rate,0.38482699,,18750,6250,3265,181,3446,4363,948.97228,917,2903,0.17933441,0.22334879,0.17933442,0.22334879,0.30089191,0.30047866,0.3004784,cap,4.1227879,-12.344492,8.4518333,7.7543112,0.53167686,linear,0.53452729,7.7129605,,,-1.8546655,-3.0033973,0.16990364,-5.3445155
ml,w-high.g-none.v-none,101,cap_t,0,0.061558435,0.27230126,0.27231871,128,0.2248453,0.02511404,,,0.43370336,0.69870067,0.24522196,0.23426755,0.24672061,0.23571264,20,19,0.014005304,100,1e-07,1,symmetric,base_rate,0.48968714,,25000,0,4363,0,4363,4363,0,0,0,0.17933441,0.22334879,0.17933442,0.22334879,0.30089191,0.30047866,0.3004784,cap,4.8952463,-11.777598,9.2984291,7.7543112,0.6312935,linear,0.63467799,7.7129605,,,-2.70793,-3.8033705,0.16990364,-5.3445155
ml,w-high.g-none.v-none,101,cap_t,0.01,0.061847134,0.27210219,0.27190219,64,0.22569415,0.029769139,,,0.43376607,0.69862915,0.24610401,0.23514632,0.24633746,0.23537362,20,18,0.014005304,100,1e-07,1,symmetric,base_rate,0.49010238,,24750,250,4316,8,4324,4363,37.958891,39,243,0.17933441,0.22334879,0.17933442,0.22334879,0.30089191,0.30047866,0.3004784,cap,4.8753395,-11.748729,9.2567772,7.7543112,0.62872631,linear,0.63209704,7.7129605,,,-2.5998182,-3.6955871,0.16990364,-5.3445155
ml,w-high.g-none.v-none,101,cap_t,0.05,0.06276509,0.27184392,0.27121372,32,0,0,,,0.43420779,0.69764836,0.24158185,0.23073875,0.2442479,0.23330292,20,19,0.014005304,100,1e-07,1,symmetric,base_rate,0.49934411,,23750,1250,4155,38,4193,4363,189.79446,170,1060,0.17933441,0.22334879,0.17933442,0.22334879,0.30089191,0.30047866,0.3004784,cap,4.8495127,-11.656933,9.1879298,7.7543112,0.62539567,linear,0.62874854,7.7129605,,,-3.0262069,-4.1105171,0.16990364,-5.3445155
ml,w-high.g-none.v-none,101,cap_t,0.1,0.063003517,0.27129195,0.2677053,16,0,0,,,0.4340882,0.6982314,0.23824393,0.22745779,0.2411041,0.23006813,20,19,0.014005304,100,1e-07,1,symmetric,base_rate,0.49807915,,22500,2500,3906,76,3982,4363,379.58891,381,1786,0.17933441,0.22334879,0.17933442,0.22334879,0.30089191,0.30047866,0.3004784,cap,4.7943154,-11.63309,8.8370885,7.7543112,0.61827741,linear,0.62159211,7.7129605,,,-3.3048021,-4.3834158,0.16990364,-5.3445155
ml,w-high.g-none.v-none,101,cap_t,0.15,0.054607793,0.26479838,0.26477028,512,0.89773158,0.6604686,,,0.43446698,0.69550283,0.25050449,0.23889525,0.2504161,0.23878127,20,19,0.006394188,100,1e-05,0.01,symmetric,base_rate,0.37783444,,21250,3750,3703,107,3810,4363,569.38337,553,2330,0.17933441,0.22334879,0.17933442,0.22334879,0.30089191,0.30047866,0.3004784,cap,4.1449585,-12.472663,8.543586,7.7543112,0.534536,linear,0.53740175,7.7129605,,,-1.4293885,-2.5903134,0.16990364,-5.3445155
ml,w-high.g-none.v-none,101,cap_t,0.25,0.055889374,0.26457667,0.26385183,32,0.77346315,0.63132005,,,0.43470657,0.69494557,0.24603002,0.2345427,0.24970235,0.23805011,20,19,0.006394188,100,1e-05,0.01,symmetric,base_rate,0.38482699,,18750,6250,3265,181,3446,4363,948.97228,917,2903,0.17933441,0.22334879,0.17933442,0.22334879,0.30089191,0.30047866,0.3004784,cap,4.1227879,-12.344505,8.4517413,7.7543112,0.53167686,linear,0.53452729,7.7129605,,,-1.8546655,-3.0033973,0.16990364,-5.3445155
ml,w-high.g-none.v-none,101,dm,,0.24623765,0.24616794,,,0.14662896,0.19525117,0.26203772,0.2608466,,,,,,,20,,0.0018834766,27,,,,,,28.95647,,,,,,,,,,,,0.17933442,0.22334879,0.30089191,0.30047866,0.3004784,reference,2.2819148,6.6903228,,7.7543112,0.29427691,linear,0.29585459,7.7129605,1.5800077,1.4608952,,,0.16990364,-5.3445155
ml,w-high.g-none.v-none,101,dm_own,,0.24698183,0.2471626,,,0.098278113,0.11352107,0.26165062,0.26045861,,,,,,,20,,0.00095490948,23,,,,,,14.028128,,,,,,,,,,,,0.17933442,0.22334879,0.30089191,0.30047866,0.3004784,reference,2.3813802,6.7647413,,7.7543112,0.30710402,linear,0.30875047,7.7129605,1.466879,1.3476775,,,0.16990364,-5.3445155
ml,w-high.g-none.v-none,101,native_avg,0,0.027853608,0.16990364,,,-0.029489644,0,,,0.45855661,0.62780989,,,,,20,19,0.08281329,300,0.001,0,one_way,,0.0023084758,,25000,0,4363,0,4363,4363,0,0,0,0.17933441,0.22334879,0.17933442,0.22334879,0.30089191,0.30047866,0.3004784,native,-5.3445156,-15.148081,,7.7543112,-0.6892315,ceiling,-0.6892315,7.7129605,,,,,0.16990364,-5.3445155
ml,w-high.g-none.v-none,101,native_avg,0.01,0.02785957,0.16990364,,,-0.029898427,0,,,0.4586127,0.62762972,,,,,20,19,0.08281329,300,0.001,0,one_way,,0.0022004414,,24750,250,4316,8,4324,4363,37.958891,39,243,0.17933441,0.22334879,0.17933442,0.22334879,0.30089191,0.30047866,0.3004784,native,-5.3445156,-15.147485,,7.7543112,-0.6892315,ceiling,-0.6892315,7.7129605,,,,,0.16990364,-5.3445155
ml,w-high.g-none.v-none,101,native_avg,0.05,0.02785253,0.16990364,,,-0.028822458,0,,,0.45873385,0.62655829,,,,,20,19,0.08281329,300,0.001,0,one_way,,0.0014362109,,23750,1250,4155,38,4193,4363,189.79446,170,1060,0.17933441,0.22334879,0.17933442,0.22334879,0.30089191,0.30047866,0.3004784,native,-5.3445156,-15.148189,,7.7543112,-0.6892315,ceiling,-0.6892315,7.7129605,,,,,0.16990364,-5.3445155
ml,w-high.g-none.v-none,101,native_avg,0.1,0.027848611,0.16990364,,,-0.028365745,0,,,0.4589514,0.62577074,,,,,20,19,0.08281329,300,0.001,0,one_way,,0.001901365,,22500,2500,3906,76,3982,4363,379.58891,381,1786,0.17933441,0.22334879,0.17933442,0.22334879,0.30089191,0.30047866,0.3004784,native,-5.3445156,-15.148581,,7.7543112,-0.6892315,ceiling,-0.6892315,7.7129605,,,,,0.16990364,-5.3445155
ml,w-high.g-none.v-none,101,native_avg,0.15,0.027835742,0.16990364,,,-0.027067004,0,,,0.45922921,0.62391462,,,,,20,19,0.08281329,300,0.001,0,one_way,,0.00070338621,,21250,3750,3703,107,3810,4363,569.38337,553,2330,0.17933441,0.22334879,0.17933442,0.22334879,0.30089191,0.30047866,0.3004784,native,-5.3445156,-15.149868,,7.7543112,-0.6892315,ceiling,-0.6892315,7.7129605,,,,,0.16990364,-5.3445155
ml,w-high.g-none.v-none,101,native_avg,0.25,0.027816491,0.16990364,,,-0.025496079,0,,,0.45962916,0.62233907,,,,,20,19,0.08281329,300,0.001,0,one_way,,-0.00033647608,,18750,6250,3265,181,3446,4363,948.97228,917,2903,0.17933441,0.22334879,0.17933442,0.22334879,0.30089191,0.30047866,0.3004784,native,-5.3445156,-15.151793,,7.7543112,-0.6892315,ceiling,-0.6892315,7.7129605,,,,,0.16990364,-5.3445155
ml,w-high.g-none.v-none,101,native_prod_c,0,0.028749553,0.044926185,,,-0.11617495,12.497745,,,0.453936,0.63291829,,,,,20,20,0.47985917,100,0.0001,10,one_way,,0.99062586,,25000,0,4363,0,4363,4363,0,0,0,0.17933441,0.22334879,0.17933442,0.22334879,0.30089191,0.30047866,0.3004784,native,-17.842261,-15.058487,,7.7543112,-2.3009472,ceiling,-2.3009472,7.7129605,,,,,0.16990364,-5.3445155
ml,w-high.g-none.v-none,101,native_prod_c,0.01,0.028820631,0.044926185,,,-0.12299887,12.497745,,,0.45399055,0.63285902,,,,,20,20,0.47985917,100,0.0001,10,one_way,,-0.30696803,,24750,250,4316,8,4324,4363,37.958891,39,243,0.17933441,0.22334879,0.17933442,0.22334879,0.30089191,0.30047866,0.3004784,native,-17.842261,-15.051379,,7.7543112,-2.3009472,ceiling,-2.3009472,7.7129605,,,,,0.16990364,-5.3445155
ml,w-high.g-none.v-none,101,native_prod_c,0.05,0.029038168,0.070327122,,,-0.1437731,9.9576517,,,0.45415783,0.63327671,,,,,20,20,0.47985917,100,0.0001,10,one_way,,0.02049114,,23750,1250,4155,38,4193,4363,189.79446,170,1060,0.17933441,0.22334879,0.17933442,0.22334879,0.30089191,0.30047866,0.3004784,native,-15.302167,-15.029625,,7.7543112,-1.9733754,ceiling,-1.9733754,7.7129605,,,,,0.16990364,-5.3445155
ml,w-high.g-none.v-none,101,native_prod_c,0.1,0.029327197,0.12564141,,,-0.17177945,4.4262232,,,0.4549186,0.63300962,,,,,20,20,0.47985917,100,0.0001,10,one_way,,-0.054459322,,22500,2500,3906,76,3982,4363,379.58891,381,1786,0.17933441,0.22334879,0.17933442,0.22334879,0.30089191,0.30047866,0.3004784,native,-9.7707388,-15.000722,,7.7543112,-1.2600395,ceiling,-1.2600395,7.7129605,,,,,0.16990364,-5.3445155
ml,w-high.g-none.v-none,101,native_prod_c,0.15,0.029561606,0.070327122,,,-0.1940013,9.9576517,,,0.45597274,0.63200389,,,,,20,20,0.47985917,100,0.0001,10,one_way,,-0.86370474,,21250,3750,3703,107,3810,4363,569.38337,553,2330,0.17933441,0.22334879,0.17933442,0.22334879,0.30089191,0.30047866,0.3004784,native,-15.302167,-14.977281,,7.7543112,-1.9733754,ceiling,-1.9733754,7.7129605,,,,,0.16990364,-5.3445155
ml,w-high.g-none.v-none,101,native_prod_c,0.25,0.029953299,0.070327122,,,-0.23157882,9.9576517,,,0.45829402,0.6301811,,,,,20,20,0.47985917,100,0.0001,10,one_way,,0.18582299,,18750,6250,3265,181,3446,4363,948.97228,917,2903,0.17933441,0.22334879,0.17933442,0.22334879,0.30089191,0.30047866,0.3004784,native,-15.302167,-14.938112,,7.7543112,-1.9733754,ceiling,-1.9733754,7.7129605,,,,,0.16990364,-5.3445155
ml,w-high.g-none.v-none,101,native_prod_t,0,0.027498845,0.027934533,,,2.5304327e-07,0.11735088,,,0.47018462,0.59138404,,,,,20,20,0.00139426,100,1e-05,0.1,one_way,,3.5483663e-05,,25000,0,4363,0,4363,4363,0,0,0,0.17933441,0.22334879,0.17933442,0.22334879,0.30089191,0.30047866,0.3004784,native,-19.541426,-15.183557,,7.7543112,-2.5200725,ceiling,-2.5200725,7.7129605,,,,,0.16990364,-5.3445155
ml,w-high.g-none.v-none,101,native_prod_t,0.01,0.02749894,0.09379793,,,3.3247415e-05,0,,,0.47025159,0.59091989,,,,,20,20,0.00139426,100,1e-05,0.1,one_way,,4.0846931e-05,,24750,250,4316,8,4324,4363,37.958891,39,243,0.17933441,0.22334879,0.17933442,0.22334879,0.30089191,0.30047866,0.3004784,native,-12.955086,-15.183548,,7.7543112,-1.6706947,ceiling,-1.6706947,7.7129605,,,,,0.16990364,-5.3445155
ml,w-high.g-none.v-none,101,native_prod_t,0.05,0.027499048,0.011888133,,,5.8284792e-05,5.5712673,,,0.47060064,0.59121758,,,,,20,20,0.00139426,100,1e-05,0.1,one_way,,8.4374744e-07,,23750,1250,4155,38,4193,4363,189.79446,170,1060,0.17933441,0.22334879,0.17933442,0.22334879,0.30089191,0.30047866,0.3004784,native,-21.146066,-15.183537,,7.7543112,-2.7270077,ceiling,-2.7270077,7.7129605,,,,,0.16990364,-5.3445155
ml,w-high.g-none.v-none,101,native_prod_t,0.1,0.027499173,0.053097017,,,0.00013505431,0,,,0.47155836,0.58412126,,,,,20,20,0.00139426,100,1e-05,0.1,one_way,,-5.9674654e-05,,22500,2500,3906,76,3982,4363,379.58891,381,1786,0.17933441,0.22334879,0.17933442,0.22334879,0.30089191,0.30047866,0.3004784,native,-17.025178,-15.183525,,7.7543112,-2.1955758,ceiling,-2.1955758,7.7129605,,,,,0.16990364,-5.3445155
ml,w-high.g-none.v-none,101,native_prod_t,0.15,0.027499317,0.011888133,,,0.0020562174,4.1208884,,,0.47276936,0.57761546,,,,,20,20,0.00139426,100,1e-05,0.1,one_way,,-5.1896779e-05,,21250,3750,3703,107,3810,4363,569.38337,553,2330,0.17933441,0.22334879,0.17933442,0.22334879,0.30089191,0.30047866,0.3004784,native,-21.146066,-15.18351,,7.7543112,-2.7270077,ceiling,-2.7270077,7.7129605,,,,,0.16990364,-5.3445155
ml,w-high.g-none.v-none,101,native_prod_t,0.25,0.02749904,0.011888133,,,0.0029896101,4.1208884,,,0.47519676,0.55570655,,,,,20,20,0.0028810595,10,0.001,10,one_way,,-1.5014774e-05,,18750,6250,3265,181,3446,4363,948.97228,917,2903,0.17933441,0.22334879,0.17933442,0.22334879,0.30089191,0.30047866,0.3004784,native,-21.146066,-15.183538,,7.7543112,-2.7270077,ceiling,-2.7270077,7.7129605,,,,,0.16990364,-5.3445155
ml,w-high.g-none.v-none,101,no_prop,,0.23127739,0.23158305,,,0.18418157,0.16375657,0.060219239,0.057045068,,,,,,,20,,0.00022118259,28,,,,,,6.440238,,,,,,,,,,,,0.17933442,0.22334879,0.30089191,0.30047866,0.3004784,reference,0.82342552,5.1942973,,7.7543112,0.10618938,linear,0.10675869,7.7129605,-17.105815,-17.423232,,,0.16990364,-5.3445155
ml,w-high.g-none.v-none,101,opc,,0.25831078,0.25843583,,,0.14589244,0.13928688,0.25638014,0.24391354,,,,,,,20,,0.00095129154,30,,,,,,20.065264,,,,,,,,,,,,0.17933442,0.22334879,0.30089191,0.30047866,0.3004784,reference,3.5087032,7.8976365,,7.7543112,0.45248419,linear,0.45491005,7.7129605,-0.19306437,-1.439724,,,0.16990364,-5.3445155
ml,w-high.g-none.v-none,101,opc_raw,,0.25493262,0.25492314,,,0.14874109,0.26415433,0.25352964,0.24094404,,,,,,,20,,0.0011329572,25,,,,,,54.290188,,,,,,,,,,,,0.17933442,0.22334879,0.30089191,0.30047866,0.3004784,reference,3.1574348,7.5598196,,7.7543112,0.40718443,linear,0.40936742,7.7129605,-0.14029777,-1.3988571,,,0.16990364,-5.3445155
ml,w-high.g-none.v-none,101,tempered_logger,,0.22338677,0.22334879,,,0.00063671943,0,0.22626445,0.21395629,,,,,,,20,,,-1,,,,,,26.720249,,,,,,,,,,,,0.17933442,0.22334879,0.30089191,0.30047866,0.3004784,reference,-1.265153e-08,4.4052351,,7.7543112,-1.6315479e-09,linear,-1.6402949e-09,7.7129605,0.28776763,-0.94304796,,,0.16990364,-5.3445155
ml,w-high.g-none.v-none,101,warm_c,0,0.053862293,0.23505464,0.23513928,2048,-0.97144148,0.26379124,,,0.44317469,0.67552508,0.22902144,0.21651393,0.22943711,0.21692962,20,20,0.62129887,10,1e-07,0.01,one_way,zero,0.42820981,,25000,0,4363,0,4363,4363,0,0,0,0.17933441,0.22334879,0.17933442,0.22334879,0.30089191,0.30047866,0.3004784,warm,1.1705846,-12.547213,5.580486,7.7543112,0.1509592,ceiling,0.1509592,7.7129605,,,-0.60332044,-1.8540712,0.16990364,-5.3445155
ml,w-high.g-none.v-none,101,warm_c,0.01,0.044413458,0.23759862,0.23761929,4096,0,0,,,0.44339845,0.67191337,0.23896879,0.22620508,0.23891592,0.22614753,20,20,0.14212818,10,0.001,0.01,symmetric,zero,0.58704984,,24750,250,4316,8,4324,4363,37.958891,39,243,0.17933441,0.22334879,0.17933442,0.22334879,0.30089191,0.30047866,0.3004784,warm,1.4249829,-13.492096,5.8284867,7.7543112,0.18376654,ceiling,0.18376654,7.7129605,,,0.13701662,-1.1393545,0.16990364,-5.3445155
ml,w-high.g-none.v-none,101,warm_c,0.05,0.045148118,0.23748979,0.23744318,256,0,0,,,0.44328813,0.67198361,0.23857254,0.22577499,0.23901299,0.22622819,20,20,0.14212818,10,0.001,0.01,symmetric,zero,0.60811406,,23750,1250,4155,38,4193,4363,189.79446,170,1060,0.17933441,0.22334879,0.17933442,0.22334879,0.30089191,0.30047866,0.3004784,warm,1.4141,-13.41863,5.8108762,7.7543112,0.18236307,ceiling,0.18236307,7.7129605,,,0.10827473,-1.1714808,0.16990364,-5.3445155
ml,w-high.g-none.v-none,101,warm_c,0.1,0.04589113,0.23690337,0.23684749,256,0,0,,,0.44338114,0.67201523,0.23405211,0.22125417,0.23402849,0.22128164,20,20,0.14212818,10,0.001,0.01,symmetric,zero,0.62881017,,22500,2500,3906,76,3982,4363,379.58891,381,1786,0.17933441,0.22334879,0.17933442,0.22334879,0.30089191,0.30047866,0.3004784,warm,1.3554577,-13.344329,5.7513076,7.7543112,0.17480053,ceiling,0.17480053,7.7129605,,,-0.28512567,-1.5649198,0.16990364,-5.3445155
ml,w-high.g-none.v-none,101,warm_c,0.15,0.046592632,0.23695762,0.23693239,512,0,0,,,0.44353406,0.67177289,0.23290723,0.22018962,0.2332997,0.22059728,20,20,0.14212818,10,0.001,0.01,symmetric,zero,0.64839917,,21250,3750,3703,107,3810,4363,569.38337,553,2330,0.17933441,0.22334879,0.17933442,0.22334879,0.30089191,0.30047866,0.3004784,warm,1.3608823,-13.274179,5.7597971,7.7543112,0.17550008,ceiling,0.17550008,7.7129605,,,-0.40503825,-1.6768,0.16990364,-5.3445155
ml,w-high.g-none.v-none,101,warm_c,0.25,0.047550827,0.23593498,0.23424932,32,0,0,,,0.44393887,0.67131655,0.22889359,0.21616374,0.23015679,0.21808881,20,20,0.14212818,10,0.001,0.01,symmetric,zero,0.67462522,,18750,6250,3265,181,3446,4363,948.97228,917,2903,0.17933441,0.22334879,0.17933442,0.22334879,0.30089191,0.30047866,0.3004784,warm,1.2586185,-13.178359,5.4914899,7.7543112,0.1623121,ceiling,0.1623121,7.7129605,,,-0.70413873,-1.977124,0.16990364,-5.3445155
ml,w-high.g-none.v-none,101,warm_t,0,0.043984917,0.22987743,0.22952766,64,0,0,,,0.4441668,0.67015627,0.23161116,0.21877936,0.2315301,0.21940985,20,20,0.14212818,10,0.001,0.01,symmetric,zero,0.57945335,,25000,0,4363,0,4363,4363,0,0,0,0.17933441,0.22334879,0.17933442,0.22334879,0.30089191,0.30047866,0.3004784,warm,0.65286309,-13.53495,5.0193242,7.7543112,0.084193563,ceiling,0.084193563,7.7129605,,,0.17337337,-1.1098067,0.16990364,-5.3445155
ml,w-high.g-none.v-none,101,warm_t,0.01,0.044255767,0.23012151,0.23021844,256,0,0,,,0.44410986,0.67018236,0.23248731,0.21964094,0.23230544,0.21965597,20,20,0.14212818,10,0.001,0.01,symmetric,zero,0.58704984,,24750,250,4316,8,4324,4363,37.958891,39,243,0.17933441,0.22334879,0.17933442,0.22334879,0.30089191,0.30047866,0.3004784,warm,0.67727195,-13.507865,5.0884016,7.7543112,0.087341342,ceiling,0.087341342,7.7129605,,,0.23657953,-1.048057,0.16990364,-5.3445155
ml,w-high.g-none.v-none,101,warm_t,0.05,0.045005718,0.23063207,0.23064517,2048,0,0,,,0.44388751,0.67036826,0.23493989,0.22201684,0.23487735,0.22198999,20,20,0.14212818,10,0.001,0.01,symmetric,zero,0.60811406,,23750,1250,4155,38,4193,4363,189.79446,170,1060,0.17933441,0.22334879,0.17933442,0.22334879,0.30089191,0.30047866,0.3004784,warm,0.72832805,-13.43287,5.1310754,7.7543112,0.093925564,ceiling,0.093925564,7.7129605,,,0.43078109,-0.86152365,0.16990364,-5.3445155
ml,w-high.g-none.v-none,101,warm_t,0.1,0.045756637,0.2309289,0.23085663,128,0,0,,,0.44389702,0.67040344,0.23312174,0.22027434,0.23311985,0.22058338,20,20,0.14212818,10,0.001,0.01,symmetric,zero,0.62881017,,22500,2500,3906,76,3982,4363,379.58891,381,1786,0.17933441,0.22334879,0.17933442,0.22334879,0.30089191,0.30047866,0.3004784,warm,0.75801071,-13.357778,5.1522209,7.7543112,0.097753455,ceiling,0.097753455,7.7129605,,,0.21928384,-1.065456,0.16990364,-5.3445155
ml,w-high.g-none.v-none,101,warm_t,0.15,0.04646548,0.2306236,0.23079263,128,0,0,,,0.44395279,0.67040301,0.2330223,0.22019644,0.23347564,0.22088228,20,20,0.14212818,10,0.001,0.01,symmetric,zero,0.64839917,,21250,3750,3703,107,3810,4363,569.38337,553,2330,0.17933441,0.22334879,0.17933442,0.22334879,0.30089191,0.30047866,0.3004784,warm,0.72748046,-13.286894,5.1458214,7.7543112,0.093816258,ceiling,0.093816258,7.7129605,,,0.23986983,-1.0427163,0.16990364,-5.3445155
ml,w-high.g-none.v-none,101,warm_t,0.25,0.047445267,0.23088545,0.2308035,256,0,0,,,0.44419366,0.67025181,0.23298532,0.22016339,0.23329009,0.22059083,20,20,0.14212818,10,0.001,0.01,symmetric,zero,0.67462522,,18750,6250,3265,181,3446,4363,948.97228,917,2903,0.17933441,0.22334879,0.17933442,0.22334879,0.30089191,0.30047866,0.3004784,warm,0.75366515,-13.188915,5.1469078,7.7543112,0.097193049,ceiling,0.097193049,7.7129605,,,0.20998771,-1.0722059,0.16990364,-5.3445155
anime,w-none.g-high.v-none,100,cap_c,0,0.049210884,0.24606565,0.24607256,4096,-0.76078372,0.13199406,,,0.45369033,0.64916086,0.25667785,0.24366539,0.25634214,0.24334483,20,20,0.011058789,100,1e-05,0.1,one_way,base_rate,0.28736192,,25000,0,4670,0,4670,4670,0,0,0,0.18681187,0.23454601,0.18681187,0.23454601,0.29711784,0.26820753,0.2682047,cap,1.1519637,-13.760099,5.9260683,6.2571832,0.1841026,linear,0.3422485,3.3658692,,,1.0612205,-0.24002594,0.1844479,-5.0098108
anime,w-none.g-high.v-none,100,cap_c,0.01,0.049821727,0.24605124,0.24605129,4096,-0.76787583,0.14751048,,,0.4536602,0.64921723,0.25709387,0.24408994,0.25714082,0.24413334,20,20,0.011058789,100,1e-05,0.1,one_way,base_rate,0.29301775,,24750,250,4621,4,4625,4670,39.468689,45,245,0.18681187,0.23454601,0.18681187,0.23454601,0.29711784,0.26820753,0.2682047,cap,1.1505229,-13.699015,5.9239418,6.2571832,0.18387234,linear,0.34182045,3.3658692,,,1.1042625,-0.19613006,0.1844479,-5.0098108
anime,w-none.g-high.v-none,100,cap_c,0.05,0.051478018,0.2460439,0.24601331,512,-0.75137004,0.17386522,,,0.4537849,0.64895536,0.25740638,0.24450493,0.25756985,0.24467928,20,20,0.011058789,100,1e-05,0.1,one_way,base_rate,0.30402634,,23750,1250,4440,27,4467,4670,197.34345,203,1173,0.18681187,0.23454601,0.18681187,0.23454601,0.29711784,0.26820753,0.2682047,cap,1.1497888,-13.533386,5.9201438,6.2571832,0.18375501,linear,0.34160233,3.3658692,,,1.136248,-0.15389739,0.1844479,-5.0098108
anime,w-none.g-high.v-none,100,cap_c,0.1,0.051805746,0.24561393,0.24554346,128,-0.65738295,0.2528628,,,0.45400943,0.64843545,0.25064885,0.23809715,0.25190723,0.23933831,20,20,0.011058789,100,1e-05,0.1,one_way,base_rate,0.30980879,,22500,2500,4199,73,4272,4670,394.68689,398,2234,0.18681187,0.23454601,0.18681187,0.23454601,0.29711784,0.26820753,0.2682047,cap,1.1067915,-13.500613,5.8731581,6.2571832,0.17688334,linear,0.32882783,3.3658692,,,0.50349239,-0.75167797,0.1844479,-5.0098108
anime,w-none.g-high.v-none,100,cap_c,0.15,0.052850344,0.24593248,0.24583833,128,-0.62383026,0.21161095,,,0.4539281,0.64912991,0.249267,0.23670551,0.25244287,0.23979761,20,20,0.011058789,100,1e-05,0.1,one_way,base_rate,0.31762001,,21250,3750,3984,105,4089,4670,592.03034,581,3184,0.18681187,0.23454601,0.18681187,0.23454601,0.29711784,0.26820753,0.2682047,cap,1.1386467,-13.396153,5.9026453,6.2571832,0.18197433,linear,0.33829202,3.3658692,,,0.3334524,-0.92269709,0.1844479,-5.0098108
anime,w-none.g-high.v-none,100,cap_c,0.25,0.048282541,0.24757807,0.24757065,4096,-0.31841757,0.013399916,,,0.45383468,0.64909746,0.25282343,0.23931032,0.25281128,0.23928897,20,20,0.001582565,300,0,10,one_way,base_rate,0.24758129,,18750,6250,3509,180,3689,4670,986.71723,981,4741,0.18681187,0.23454601,0.18681187,0.23454601,0.29711784,0.26820753,0.2682047,cap,1.3032058,-13.852933,6.0758774,6.2571832,0.20827356,linear,0.38718254,3.3658692,,,0.52453637,-0.82677522,0.1844479,-5.0098108
anime,w-none.g-high.v-none,100,cap_t,0,0.049210885,0.2460655,0.2460725,4096,-0.76078981,0.13201265,,,0.45369033,0.64916072,0.25667785,0.24366539,0.25634459,0.24334755,20,20,0.011058789,100,1e-05,0.1,one_way,base_rate,0.28736192,,25000,0,4670,0,4670,4670,0,0,0,0.18681187,0.23454601,0.18681187,0.23454601,0.29711784,0.26820753,0.2682047,cap,1.1519489,-13.760099,5.9260624,6.2571832,0.18410024,linear,0.34224411,3.3658692,,,1.0612353,-0.24001118,0.1844479,-5.0098108
anime,w-none.g-high.v-none,100,cap_t,0.01,0.049821751,0.24605005,0.2460515,4096,-0.76787098,0.14762972,,,0.45366021,0.64921734,0.25709862,0.2440947,0.25713328,0.24412561,20,20,0.011058789,100,1e-05,0.1,one_way,base_rate,0.29301775,,24750,250,4621,4,4625,4670,39.468689,45,245,0.18681187,0.23454601,0.18681187,0.23454601,0.29711784,0.26820753,0.2682047,cap,1.1504037,-13.699012,5.9239629,6.2571832,0.18385329,linear,0.34178503,3.3658692,,,1.1048573,-0.19553514,0.1844479,-5.0098108
anime,w-none.g-high.v-none,100,cap_t,0.05,0.051477988,0.2460439,0.24601325,512,0.33257114,0.21573732,,,0.45378489,0.64895536,0.25740638,0.24450493,0.25757003,0.24467942,20,20,0.011058789,100,1e-05,0.1,one_way,base_rate,0.30402634,,23750,1250,4440,27,4467,4670,197.34345,203,1173,0.18681187,0.23454601,0.18681187,0.23454601,0.29711784,0.26820753,0.2682047,cap,1.1497888,-13.533389,5.9201375,6.2571832,0.18375501,linear,0.34160233,3.3658692,,,1.136248,-0.15389739,0.1844479,-5.0098108
anime,w-none.g-high.v-none,100,cap_t,0.1,0.051805721,0.24561393,0.24554342,128,-0.6573766,0.25247756,,,0.4540094,0.64843534,0.25064885,0.23809715,0.25190756,0.2393386,20,20,0.011058789,100,1e-05,0.1,one_way,base_rate,0.30980879,,22500,2500,4199,73,4272,4670,394.68689,398,2234,0.18681187,0.23454601,0.18681187,0.23454601,0.29711784,0.26820753,0.2682047,cap,1.1067915,-13.500615,5.8731543,6.2571832,0.17688334,linear,0.32882783,3.3658692,,,0.50349239,-0.75167797,0.1844479,-5.0098108
anime,w-none.g-high.v-none,100,cap_t,0.15,0.052850339,0.24593326,0.24583826,128,-0.62381912,0.21141894,,,0.4539281,0.64912958,0.249267,0.23670551,0.2524431,0.23979785,20,20,0.011058789,100,1e-05,0.1,one_way,base_rate,0.31762001,,21250,3750,3984,105,4089,4670,592.03034,581,3184,0.18681187,0.23454601,0.18681187,0.23454601,0.29711784,0.26820753,0.2682047,cap,1.138725,-13.396153,5.902639,6.2571832,0.18198684,linear,0.33831529,3.3658692,,,0.33337408,-0.9227754,0.1844479,-5.0098108
anime,w-none.g-high.v-none,100,cap_t,0.25,0.048282399,0.24757791,0.24757032,4096,-0.31840328,0.01341644,,,0.4538346,0.6490974,0.25282343,0.23931032,0.25280592,0.23928412,20,20,0.001582565,300,0,10,one_way,base_rate,0.24758129,,18750,6250,3509,180,3689,4670,986.71723,981,4741,0.18681187,0.23454601,0.18681187,0.23454601,0.29711784,0.26820753,0.2682047,cap,1.3031893,-13.852947,6.0758446,6.2571832,0.20827092,linear,0.38717763,3.3658692,,,0.52455289,-0.8267587,0.1844479,-5.0098108
anime,w-none.g-high.v-none,100,dm,,0.24182079,0.24203632,,,0.016705859,0.22381819,0.25959554,0.25863163,,,,,,,20,,0.00065131976,25,,,,,,10.418488,,,,,,,,,,,,0.18681187,0.23454601,0.29711784,0.26820753,0.2682047,reference,0.74903099,5.5008915,,6.2571832,0.11970738,linear,0.22253717,3.3658692,1.7774754,1.6810836,,,0.1844479,-5.0098108
anime,w-none.g-high.v-none,100,dm_own,,0.24207808,0.24255249,,,0,0.18444697,0.25870109,0.25773407,,,,,,,20,,0.00042218227,21,,,,,,6.9870057,,,,,,,,,,,,0.18681187,0.23454601,0.29711784,0.26820753,0.2682047,reference,0.80064811,5.526621,,6.2571832,0.12795664,linear,0.23787262,3.3658692,1.6623002,1.565599,,,0.1844479,-5.0098108
anime,w-none.g-high.v-none,100,native_avg,0,0.029164221,0.12042453,,,-0.011522211,6.4023379,,,0.46952231,0.57049209,,,,,20,19,0.68508528,10,1e-06,0.1,one_way,,-0.0012028039,,25000,0,4670,0,4670,4670,0,0,0,0.18681187,0.23454601,0.18681187,0.23454601,0.29711784,0.26820753,0.2682047,native,-11.412149,-15.764765,,6.2571832,-1.8238476,ceiling,-1.8238476,3.3658692,,,,,0.1844479,-5.0098108
anime,w-none.g-high.v-none,100,native_avg,0.01,0.02916791,0.1844479,,,-0.011639277,0,,,0.46944469,0.57111599,,,,,20,19,0.68508528,10,1e-06,0.1,one_way,,0.0037676769,,24750,250,4621,4,4625,4670,39.468688,45,245,0.18681187,0.23454601,0.18681187,0.23454601,0.29711784,0.26820753,0.2682047,native,-5.0098108,-15.764396,,6.2571832,-0.80064954,ceiling,-0.80064954,3.3658692,,,,,0.1844479,-5.0098108
anime,w-none.g-high.v-none,100,native_avg,0.05,0.029167221,0.15774712,,,-0.011367196,2.6700786,,,0.46950018,0.57127589,,,,,20,19,0.68508528,10,1e-06,0.1,one_way,,0.0062621525,,23750,1250,4440,27,4467,4670,197.34344,203,1173,0.18681187,0.23454601,0.18681187,0.23454601,0.29711784,0.26820753,0.2682047,native,-7.6798894,-15.764465,,6.2571832,-1.2273717,ceiling,-1.2273717,3.3658692,,,,,0.1844479,-5.0098108
anime,w-none.g-high.v-none,100,native_avg,0.1,0.029153361,0.15774712,,,-0.010638183,2.6700786,,,0.4697562,0.56791425,,,,,20,19,0.68508528,10,1e-06,0.1,one_way,,0.011127954,,22500,2500,4199,73,4272,4670,394.68688,398,2234,0.18681187,0.23454601,0.18681187,0.23454601,0.29711784,0.26820753,0.2682047,native,-7.6798894,-15.765851,,6.2571832,-1.2273717,ceiling,-1.2273717,3.3658692,,,,,0.1844479,-5.0098108
anime,w-none.g-high.v-none,100,native_avg,0.15,0.029142399,0.15774712,,,-0.010070902,2.6700786,,,0.46976719,0.56792788,,,,,20,19,0.68508528,10,1e-06,0.1,one_way,,0.0080333101,,21250,3750,3984,105,4089,4670,592.03032,581,3184,0.18681187,0.23454601,0.18681187,0.23454601,0.29711784,0.26820753,0.2682047,native,-7.6798894,-15.766947,,6.2571832,-1.2273717,ceiling,-1.2273717,3.3658692,,,,,0.1844479,-5.0098108
anime,w-none.g-high.v-none,100,native_avg,0.25,0.029124316,0.15774712,,,-0.009291622,2.6700786,,,0.46993627,0.56346942,,,,,20,19,0.68508528,10,1e-06,0.1,one_way,,0.011700829,,18750,6250,3509,180,3689,4670,986.71719,981,4741,0.18681187,0.23454601,0.18681187,0.23454601,0.29711784,0.26820753,0.2682047,native,-7.6798894,-15.768756,,6.2571832,-1.2273717,ceiling,-1.2273717,3.3658692,,,,,0.1844479,-5.0098108
anime,w-none.g-high.v-none,100,native_prod_c,0,0.029413339,0.12042453,,,-0.047058034,6.4023379,,,0.46954614,0.57453003,,,,,20,20,0.82619078,30,0.0001,0,one_way,,0.0039633065,,25000,0,4670,0,4670,4670,0,0,0,0.18681187,0.23454601,0.18681187,0.23454601,0.29711784,0.26820753,0.2682047,native,-11.412149,-15.739853,,6.2571832,-1.8238476,ceiling,-1.8238476,3.3658692,,,,,0.1844479,-5.0098108
anime,w-none.g-high.v-none,100,native_prod_c,0.01,0.029440279,0.07516608,,,-0.049705486,10.928182,,,0.46938564,0.57558762,,,,,20,20,0.82619078,30,0.0001,0,one_way,,0.0042444384,,24750,250,4621,4,4625,4670,39.468688,45,245,0.18681187,0.23454601,0.18681187,0.23454601,0.29711784,0.26820753,0.2682047,native,-15.937993,-15.737159,,6.2571832,-2.5471515,ceiling,-2.5471515,3.3658692,,,,,0.1844479,-5.0098108
anime,w-none.g-high.v-none,100,native_prod_c,0.05,0.029547072,0.07516608,,,-0.060194839,10.928182,,,0.46945073,0.57757699,,,,,20,20,0.82619078,30,0.0001,0,one_way,,0.0039922772,,23750,1250,4440,27,4467,4670,197.34344,203,1173,0.18681187,0.23454601,0.18681187,0.23454601,0.29711784,0.26820753,0.2682047,native,-15.937993,-15.72648,,6.2571832,-2.5471515,ceiling,-2.5471515,3.3658692,,,,,0.1844479,-5.0098108
anime,w-none.g-high.v-none,100,native_prod_c,0.1,0.029645582,0.07516608,,,-0.069885267,10.928182,,,0.47010648,0.5769107,,,,,20,20,0.82619078,30,0.0001,0,one_way,,0.0035364514,,22500,2500,4199,73,4272,4670,394.68688,398,2234,0.18681187,0.23454601,0.18681187,0.23454601,0.29711784,0.26820753,0.2682047,native,-15.937993,-15.716629,,6.2571832,-2.5471515,ceiling,-2.5471515,3.3658692,,,,,0.1844479,-5.0098108
anime,w-none.g-high.v-none,100,native_prod_c,0.15,0.029744561,0.07516608,,,-0.079613324,10.928182,,,0.47051594,0.57846716,,,,,20,20,0.82619078,30,0.0001,0,one_way,,0.0035120179,,21250,3750,3984,105,4089,4670,592.03032,581,3184,0.18681187,0.23454601,0.18681187,0.23454601,0.29711784,0.26820753,0.2682047,native,-15.937993,-15.706731,,6.2571832,-2.5471515,ceiling,-2.5471515,3.3658692,,,,,0.1844479,-5.0098108
anime,w-none.g-high.v-none,100,native_prod_c,0.25,0.029908077,0.07516608,,,-0.095725884,10.928182,,,0.47275273,0.57768936,,,,,20,20,0.82619078,30,0.0001,0,one_way,,0.0023292545,,18750,6250,3509,180,3689,4670,986.71719,981,4741,0.18681187,0.23454601,0.18681187,0.23454601,0.29711784,0.26820753,0.2682047,native,-15.937993,-15.69038,,6.2571832,-2.5471515,ceiling,-2.5471515,3.3658692,,,,,0.1844479,-5.0098108
anime,w-none.g-high.v-none,100,native_prod_t,0,0.028937117,0.02890092,,,1.0882221e-07,0.056743167,,,0.47415802,0.5246161,,,,,20,20,0.08316729,10,0.001,0.1,one_way,,0.00021791337,,25000,0,4670,0,4670,4670,0,0,0,0.18681187,0.23454601,0.18681187,0.23454601,0.29711784,0.26820753,0.2682047,native,-20.564509,-15.787476,,6.2571832,-3.2865442,ceiling,-3.2865442,3.3658692,,,,,0.1844479,-5.0098108
anime,w-none.g-high.v-none,100,native_prod_t,0.01,0.028937168,0.021221545,,,2.1691134e-06,3.8066752,,,0.47414388,0.52304793,,,,,20,20,0.36910691,3,0,100,one_way,,-0.0059884731,,24750,250,4621,4,4625,4670,39.468688,45,245,0.18681187,0.23454601,0.18681187,0.23454601,0.29711784,0.26820753,0.2682047,native,-21.332447,-15.787471,,6.2571832,-3.4092732,ceiling,-3.4092732,3.3658692,,,,,0.1844479,-5.0098108
anime,w-none.g-high.v-none,100,native_prod_t,0.05,0.028937206,0.042605634,,,-3.0620062e-06,7.0169119,,,0.47422469,0.52501705,,,,,20,20,0.019063287,10,0.001,10,one_way,,3.9994418e-05,,23750,1250,4440,27,4467,4670,197.34344,203,1173,0.18681187,0.23454601,0.18681187,0.23454601,0.29711784,0.26820753,0.2682047,native,-19.194038,-15.787467,,6.2571832,-3.0675206,ceiling,-3.0675206,3.3658692,,,,,0.1844479,-5.0098108
anime,w-none.g-high.v-none,100,native_prod_t,0.1,0.028937173,0.11277475,,,1.8250862e-05,0,,,0.47419335,0.52468264,,,,,20,20,0.021385293,3,0.0001,1,one_way,,-4.7559629e-06,,22500,2500,4199,73,4272,4670,394.68688,398,2234,0.18681187,0.23454601,0.18681187,0.23454601,0.29711784,0.26820753,0.2682047,native,-12.177126,-15.78747,,6.2571832,-1.9461035,ceiling,-1.9461035,3.3658692,,,,,0.1844479,-5.0098108
anime,w-none.g-high.v-none,100,native_prod_t,0.15,0.028937158,0.11277475,,,2.3366458e-05,0,,,0.47434879,0.52128992,,,,,20,20,0.016343664,3,1e-05,10,one_way,,1.6161501e-05,,21250,3750,3984,105,4089,4670,592.03032,581,3184,0.18681187,0.23454601,0.18681187,0.23454601,0.29711784,0.26820753,0.2682047,native,-12.177126,-15.787472,,6.2571832,-1.9461035,ceiling,-1.9461035,3.3658692,,,,,0.1844479,-5.0098108
anime,w-none.g-high.v-none,100,native_prod_t,0.25,0.028937206,0.11277475,,,5.249833e-05,0,,,0.4742897,0.50748397,,,,,20,20,0.016343664,3,1e-05,10,one_way,,1.0283383e-05,,18750,6250,3509,180,3689,4670,986.71719,981,4741,0.18681187,0.23454601,0.18681187,0.23454601,0.29711784,0.26820753,0.2682047,native,-12.177126,-15.787467,,6.2571832,-1.9461035,ceiling,-1.9461035,3.3658692,,,,,0.1844479,-5.0098108
anime,w-none.g-high.v-none,100,no_prop,,0.23737811,0.23937493,,,0.003286309,0.086948784,0.042648718,0.040127442,,,,,,,20,,0.00036895768,7,,,,,,4.2071409,,,,,,,,,,,,0.18681187,0.23454601,0.29711784,0.26820753,0.2682047,reference,0.48289194,5.0566236,,6.2571832,0.077174013,linear,0.14346723,3.3658692,-19.472939,-19.725067,,,0.1844479,-5.0098108
anime,w-none.g-high.v-none,100,opc,,0.24534833,0.24548643,,,0.11668856,0.21116305,0.25918838,0.24575144,,,,,,,20,,0.0011535577,11,,,,,,15.122681,,,,,,,,,,,,0.18681187,0.23454601,0.29711784,0.26820753,0.2682047,reference,1.0940417,5.8536454,,6.2571832,0.17484571,linear,0.32503986,3.3658692,1.3840055,0.04031067,,,0.1844479,-5.0098108
anime,w-none.g-high.v-none,100,opc_raw,,0.24548595,0.24564932,,,0,0.1235243,0.25076497,0.23759792,,,,,,,20,,0.00059599627,19,,,,,,11.513532,,,,,,,,,,,,0.18681187,0.23454601,0.29711784,0.26820753,0.2682047,reference,1.1103312,5.8674079,,6.2571832,0.17744905,linear,0.32987949,3.3658692,0.52790128,-0.78880305,,,0.1844479,-5.0098108
anime,w-none.g-high.v-none,100,tempered_logger,,0.23451508,0.23454601,,,0.0070359428,0,0.23566028,0.22166997,,,,,,,20,,,-1,,,,,,19.30752,,,,,,,,,,,,0.18681187,0.23454601,0.29711784,0.26820753,0.2682047,reference,0,4.7703206,,6.2571832,0,linear,0,3.3658692,0.11452051,-1.2845105,,,0.1844479,-5.0098108
anime,w-none.g-high.v-none,100,warm_c,0,0.04872062,0.23967282,0.23937213,64,-0.46394656,0.068577288,,,0.45598699,0.63867836,0.23157974,0.21885619,0.23531091,0.22269427,20,18,0.39967167,10,1e-07,0,symmetric,zero,0.29840478,,25000,0,4670,0,4670,4670,0,0,0,0.18681187,0.23454601,0.18681187,0.23454601,0.29711784,0.26820753,0.2682047,warm,0.51268078,-13.809125,5.2560256,6.2571832,0.081934756,ceiling,0.081934756,3.3658692,,,-0.80930773,-2.0816634,0.1844479,-5.0098108
anime,w-none.g-high.v-none,100,warm_c,0.01,0.052134771,0.2416118,0.24161244,2048,0,0,,,0.45621737,0.63982097,0.23666392,0.22315823,0.23688774,0.22335835,20,16,0.39967167,10,1e-07,0,symmetric,zero,0.33401939,,24750,250,4621,4,4625,4670,39.468689,45,245,0.18681187,0.23454601,0.18681187,0.23454601,0.29711784,0.26820753,0.2682047,warm,0.70657908,-13.46771,5.4800564,6.2571832,0.11292287,ceiling,0.11292287,3.3658692,,,-0.49478809,-1.845357,0.1844479,-5.0098108
anime,w-none.g-high.v-none,100,warm_c,0.05,0.046136208,0.24002945,0.2400229,4096,0.77924466,0.10321803,,,0.45635716,0.6380431,0.24398442,0.22975839,0.24392417,0.22969969,20,17,0.012426653,100,0.001,0.1,one_way,zero,0.48885593,,23750,1250,4440,27,4467,4670,197.34345,203,1173,0.18681187,0.23454601,0.18681187,0.23454601,0.29711784,0.26820753,0.2682047,warm,0.54834344,-14.067567,5.3211027,6.2571832,0.087634232,ceiling,0.087634232,3.3658692,,,0.39549686,-1.0271055,0.1844479,-5.0098108
anime,w-none.g-high.v-none,100,warm_c,0.1,0.046853641,0.23948416,0.23946842,4096,0.66163285,0.030383597,,,0.45636567,0.63790025,0.24765212,0.23323648,0.24744324,0.23302948,20,17,0.012426653,100,0.001,0.1,one_way,zero,0.50463837,,22500,2500,4199,73,4272,4670,394.68689,398,2234,0.18681187,0.23454601,0.18681187,0.23454601,0.29711784,0.26820753,0.2682047,warm,0.49381522,-13.995823,5.2656544,6.2571832,0.078919732,ceiling,0.078919732,3.3658692,,,0.81679524,-0.62476877,0.1844479,-5.0098108
anime,w-none.g-high.v-none,100,warm_c,0.15,0.047521512,0.23927184,0.23927848,4096,0.54514548,0.094949672,,,0.45637716,0.63795363,0.24590673,0.23146383,0.24558619,0.23116371,20,16,0.012426653,100,0.001,0.1,one_way,zero,0.51909429,,21250,3750,3984,105,4089,4670,592.03034,581,3184,0.18681187,0.23454601,0.18681187,0.23454601,0.29711784,0.26820753,0.2682047,warm,0.47258313,-13.929036,5.2466605,6.2571832,0.075526497,ceiling,0.075526497,3.3658692,,,0.66348811,-0.780801,0.1844479,-5.0098108
anime,w-none.g-high.v-none,100,warm_c,0.25,0.048183797,0.23854222,0.23855536,512,-0.63758268,0.11640043,,,0.45643049,0.63770636,0.24696888,0.23243505,0.24737515,0.2328881,20,16,0.012426653,100,0.001,0.1,one_way,zero,0.53337902,,18750,6250,3509,180,3689,4670,986.71723,981,4741,0.18681187,0.23454601,0.18681187,0.23454601,0.29711784,0.26820753,0.2682047,warm,0.39962055,-13.862808,5.1743489,6.2571832,0.063865887,ceiling,0.063865887,3.3658692,,,0.8426664,-0.61071657,0.1844479,-5.0098108
anime,w-none.g-high.v-none,100,warm_t,0,0.048744409,0.23462098,0.23454003,128,0.95752847,0.16197523,,,0.45670259,0.63648287,0.23504117,0.22082147,0.23597403,0.22195185,20,18,0.39967167,10,1e-07,0,symmetric,zero,0.29840478,,25000,0,4670,0,4670,4670,0,0,0,0.18681187,0.23454601,0.18681187,0.23454601,0.29711784,0.26820753,0.2682047,warm,0.0074969653,-13.806747,4.7728156,6.2571832,0.0011981374,ceiling,0.0011981374,3.3658692,,,0.042018908,-1.3799515,0.1844479,-5.0098108
anime,w-none.g-high.v-none,100,warm_t,0.01,0.04455372,0.23459645,0.2345058,128,1.4080862,0.16528893,,,0.45679905,0.63639578,0.23435365,0.22018805,0.23583874,0.2218943,20,16,0.012426653,100,0.001,0.1,one_way,zero,0.45546496,,24750,250,4621,4,4625,4670,39.468689,45,245,0.18681187,0.23454601,0.18681187,0.23454601,0.29711784,0.26820753,0.2682047,warm,0.0050435107,-14.225815,4.7693931,6.2571832,0.00080603533,ceiling,0.00080603533,3.3658692,,,-0.024280289,-1.4408395,0.1844479,-5.0098108
anime,w-none.g-high.v-none,100,warm_t,0.05,0.046051393,0.23461372,0.2345329,128,1.3106383,0.17944588,,,0.45665273,0.63640678,0.23381034,0.21961708,0.23585764,0.22187531,20,17,0.012426653,100,0.001,0.1,one_way,zero,0.48885593,,23750,1250,4440,27,4467,4670,197.34345,203,1173,0.18681187,0.23454601,0.18681187,0.23454601,0.29711784,0.26820753,0.2682047,warm,0.0067703181,-14.076048,4.7721024,6.2571832,0.0010820073,ceiling,0.0010820073,3.3658692,,,-0.080337129,-1.4996637,0.1844479,-5.0098108
anime,w-none.g-high.v-none,100,warm_t,0.1,0.04677564,0.23465029,0.23455682,128,1.1390931,0.19036297,,,0.45662109,0.63645082,0.23460196,0.22038342,0.23578443,0.22180653,20,17,0.012426653,100,0.001,0.1,one_way,zero,0.50463837,,22500,2500,4199,73,4272,4670,394.68689,398,2234,0.18681187,0.23454601,0.18681187,0.23454601,0.29711784,0.26820753,0.2682047,warm,0.010427513,-14.003623,4.7744944,6.2571832,0.0016664868,ceiling,0.0016664868,3.3658692,,,-0.0048325207,-1.4266872,0.1844479,-5.0098108
anime,w-none.g-high.v-none,100,warm_t,0.15,0.047447255,0.23462779,0.23455363,128,1.0147955,0.18586782,,,0.45664742,0.63643498,0.23574356,0.22152421,0.23625122,0.22225057,20,16,0.012426653,100,0.001,0.1,one_way,zero,0.51909429,,21250,3750,3984,105,4089,4670,592.03034,581,3184,0.18681187,0.23454601,0.18681187,0.23454601,0.29711784,0.26820753,0.2682047,warm,0.0081779166,-13.936462,4.7741761,6.2571832,0.0013069645,ceiling,0.0013069645,3.3658692,,,0.11157673,-1.3103587,0.1844479,-5.0098108
anime,w-none.g-high.v-none,100,warm_t,0.25,0.046741774,0.23454724,0.23450942,128,0.91812238,0.17675814,,,0.45666404,0.63627479,0.2355188,0.22128716,0.23600206,0.2220243,20,16,0.073295025,10,0,10,one_way,zero,0.2745609,,18750,6250,3509,180,3689,4670,986.71723,981,4741,0.18681187,0.23454601,0.18681187,0.23454601,0.29711784,0.26820753,0.2682047,warm,0.00012320046,-14.00701,4.7697549,6.2571832,1.9689444e-05,ceiling,1.9689444e-05,3.3658692,,,0.097155264,-1.326008,0.1844479,-5.0098108
anime,w-none.g-high.v-none,101,cap_c,0,0.050556885,0.23622119,0.2350583,32,-0.83473222,0.64168299,,,0.44959924,0.63765869,0.22729855,0.21533959,0.23066849,0.21867634,20,20,0.014005304,100,1e-07,1,symmetric,base_rate,0.35275686,,25000,0,4375,0,4375,4375,0,0,0,0.17991698,0.22372447,0.17991697,0.22372447,0.29792488,0.26743277,0.26743567,cap,1.2496717,-12.936008,5.5141328,7.4200411,0.16841843,linear,0.28589277,4.3711204,,,-0.8922638,-2.0881594,0.18363729,-4.0087184
anime,w-none.g-high.v-none,101,cap_c,0.01,0.042583753,0.24260375,0.24259635,4096,0,0,,,0.44963521,0.6349381,0.23411211,0.22145544,0.23413002,0.22147643,20,20,0.006394188,100,1e-05,0.01,symmetric,base_rate,0.22840485,,24750,250,4330,7,4337,4375,38.012373,38,248,0.17991698,0.22372447,0.17991697,0.22372447,0.29792488,0.26743277,0.26743567,cap,1.8879275,-13.733322,6.2679378,7.4200411,0.25443626,linear,0.43190929,4.3711204,,,-0.84916304,-2.114831,0.18363729,-4.0087184
anime,w-none.g-high.v-none,101,cap_c,0.05,0.043918035,0.24316595,0.24315227,1024,0,0,,,0.44937861,0.63577398,0.23609729,0.22352606,0.23727754,0.22464778,20,20,0.006394188,100,1e-05,0.01,symmetric,base_rate,0.24206701,,23750,1250,4150,33,4183,4375,190.06186,192,1180,0.17991698,0.22372447,0.17991697,0.22372447,0.29792488,0.26743277,0.26743567,cap,1.9441479,-13.599893,6.3235301,7.4200411,0.26201309,linear,0.44477107,4.3711204,,,-0.70686574,-1.9639889,0.18363729,-4.0087184
anime,w-none.g-high.v-none,101,cap_c,0.1,0.045313552,0.24315793,0.2431772,256,-0.26701306,0.00013230806,,,0.44908131,0.63677377,0.23520853,0.22247682,0.23624639,0.22348186,20,20,0.006394188,100,1e-05,0.01,symmetric,base_rate,0.25675595,,22500,2500,3914,70,3984,4375,380.12373,391,2230,0.17991698,0.22372447,0.17991697,0.22372447,0.29792488,0.26743277,0.26743567,cap,1.9433455,-13.460342,6.3260228,7.4200411,0.26190495,linear,0.4445875,4.3711204,,,-0.79494002,-2.0681104,0.18363729,-4.0087184
anime,w-none.g-high.v-none,101,cap_c,0.15,0.046061928,0.24324598,0.24139886,32,-0.23226655,0.03230986,,,0.44890945,0.63745704,0.23243468,0.21969403,0.23274988,0.22047025,20,20,0.006394188,100,1e-05,0.01,symmetric,base_rate,0.26350775,,21250,3750,3684,111,3795,4375,570.18559,580,3162,0.17991698,0.22372447,0.17991697,0.22372447,0.29792488,0.26743277,0.26743567,cap,1.9521509,-13.385504,6.1481892,7.4200411,0.26309165,linear,0.44660194,4.3711204,,,-1.0811297,-2.3551954,0.18363729,-4.0087184
anime,w-none.g-high.v-none,101,cap_c,0.25,0.047729313,0.24299487,0.24256446,64,-0.16832977,0.078968921,,,0.44909646,0.63675707,0.23486782,0.22225299,0.23674136,0.22414312,20,20,0.006394188,100,1e-05,0.01,symmetric,base_rate,0.2815972,,18750,6250,3242,185,3427,4375,950.30932,948,4697,0.17991698,0.22372447,0.17991697,0.22372447,0.29792488,0.26743277,0.26743567,cap,1.9270397,-13.218765,6.2647488,7.4200411,0.25970742,linear,0.44085715,4.3711204,,,-0.8127049,-2.0741878,0.18363729,-4.0087184
anime,w-none.g-high.v-none,101,cap_t,0,0.050557194,0.23622936,0.23505762,32,-0.83476419,0.64086619,,,0.44959916,0.6376606,0.22729574,0.21533678,0.23067129,0.21867902,20,20,0.014005304,100,1e-07,1,symmetric,base_rate,0.35275686,,25000,0,4375,0,4375,4375,0,0,0,0.17991698,0.22372447,0.17991697,0.22372447,0.29792488,0.26743277,0.26743567,cap,1.2504885,-12.935977,5.514065,7.4200411,0.16852851,linear,0.28607963,4.3711204,,,-0.89336134,-2.0892574,0.18363729,-4.0087184
anime,w-none.g-high.v-none,101,cap_t,0.01,0.042583769,0.2426042,0.24259635,4096,0,0,,,0.44963521,0.63493846,0.23411211,0.22145544,0.23412696,0.22147368,20,20,0.006394188,100,1e-05,0.01,symmetric,base_rate,0.22840485,,24750,250,4330,7,4337,4375,38.012373,38,248,0.17991698,0.22372447,0.17991697,0.22372447,0.29792488,0.26743277,0.26743567,cap,1.8879734,-13.73332,6.2679379,7.4200411,0.25444244,linear,0.43191978,4.3711204,,,-0.84920892,-2.1148768,0.18363729,-4.0087184
anime,w-none.g-high.v-none,101,cap_t,0.05,0.043918007,0.24316655,0.24315222,1024,0,0,,,0.44937864,0.6357739,0.23609729,0.22352606,0.23727378,0.22464409,20,20,0.006394188,100,1e-05,0.01,symmetric,base_rate,0.24206701,,23750,1250,4150,33,4183,4375,190.06186,192,1180,0.17991698,0.22372447,0.17991697,0.22372447,0.29792488,0.26743277,0.26743567,cap,1.944208,-13.599896,6.3235253,7.4200411,0.26202119,linear,0.44478482,4.3711204,,,-0.70692582,-1.964049,0.18363729,-4.0087184
anime,w-none.g-high.v-none,101,cap_t,0.1,0.045313559,0.24315794,0.2431772,256,-0.26702528,0.00039708555,,,0.4490813,0.63677344,0.23520853,0.22247682,0.23624679,0.22348224,20,20,0.006394188,100,1e-05,0.01,symmetric,base_rate,0.25675595,,22500,2500,3914,70,3984,4375,380.12373,391,2230,0.17991698,0.22372447,0.17991697,0.22372447,0.29792488,0.26743277,0.26743567,cap,1.9433469,-13.460341,6.3260229,7.4200411,0.26190514,linear,0.44458783,4.3711204,,,-0.79494143,-2.0681118,0.18363729,-4.0087184
anime,w-none.g-high.v-none,101,cap_t,0.15,0.046061927,0.24325012,0.24139884,32,-0.23227515,0.031806638,,,0.44890947,0.63745697,0.23243432,0.21969366,0.23275,0.22047035,20,20,0.006394188,100,1e-05,0.01,symmetric,base_rate,0.26350775,,21250,3750,3684,111,3795,4375,570.18559,580,3162,0.17991698,0.22372447,0.17991697,0.22372447,0.29792488,0.26743277,0.26743567,cap,1.9525645,-13.385504,6.1481875,7.4200411,0.2631474,linear,0.44669658,4.3711204,,,-1.0815798,-2.3556455,0.18363729,-4.0087184
anime,w-none.g-high.v-none,101,cap_t,0.25,0.047729315,0.24299642,0.24256447,64,-0.16829617,0.078629812,,,0.44909645,0.63675715,0.23486782,0.22225299,0.23674123,0.22414301,20,20,0.006394188,100,1e-05,0.01,symmetric,base_rate,0.2815972,,18750,6250,3242,185,3427,4375,950.30932,948,4697,0.17991698,0.22372447,0.17991697,0.22372447,0.29792488,0.26743277,0.26743567,cap,1.9271949,-13.218765,6.2647501,7.4200411,0.25972833,linear,0.44089266,4.3711204,,,-0.81286012,-2.074343,0.18363729,-4.0087184
anime,w-none.g-high.v-none,101,dm,,0.23414443,0.23416297,,,0.059524593,0.45094171,0.25103965,0.25016363,,,,,,,20,,0.0018834766,27,,,,,,23.543488,,,,,,,,,,,,0.17991697,0.22372447,0.29792488,0.26743277,0.26743567,reference,1.0438501,5.4227459,,7.4200411,0.14067983,linear,0.23880608,4.3711204,1.6895227,1.60192,,,0.18363729,-4.0087184
anime,w-none.g-high.v-none,101,dm_own,,0.23439486,0.23448711,,,0.030363523,0.3693788,0.25055614,0.24967776,,,,,,,20,,0.00095490948,23,,,,,,12.395092,,,,,,,,,,,,0.17991697,0.22372447,0.29792488,0.26743277,0.26743567,reference,1.0762642,5.4477892,,7.4200411,0.14504828,linear,0.24622159,4.3711204,1.6161281,1.52829,,,0.18363729,-4.0087184
anime,w-none.g-high.v-none,101,native_avg,0,0.027976868,0.15628551,,,-0.0099670722,0,,,0.46292934,0.56623085,,,,,20,19,0.08281329,300,0.001,0,one_way,,0.00025542025,,25000,0,4375,0,4375,4375,0,0,0,0.17991697,0.22372447,0.17991697,0.22372447,0.29792488,0.26743277,0.26743567,native,-6.7438956,-15.19401,,7.4200411,-0.90887577,ceiling,-0.90887577,4.3711204,,,,,0.18363729,-4.0087184
anime,w-none.g-high.v-none,101,native_avg,0.01,0.027979059,0.15628551,,,-0.010127751,0,,,0.46291138,0.56548286,,,,,20,19,0.08281329,300,0.001,0,one_way,,0.00021775576,,24750,250,4330,7,4337,4375,38.012371,38,248,0.17991697,0.22372447,0.17991697,0.22372447,0.29792488,0.26743277,0.26743567,native,-6.7438956,-15.193791,,7.4200411,-0.90887577,ceiling,-0.90887577,4.3711204,,,,,0.18363729,-4.0087184
anime,w-none.g-high.v-none,101,native_avg,0.05,0.027978624,0.15628551,,,-0.0099366579,0,,,0.46293687,0.56515852,,,,,20,19,0.08281329,300,0.001,0,one_way,,0.00025050889,,23750,1250,4150,33,4183,4375,190.06185,192,1180,0.17991697,0.22372447,0.17991697,0.22372447,0.29792488,0.26743277,0.26743567,native,-6.7438956,-15.193834,,7.4200411,-0.90887577,ceiling,-0.90887577,4.3711204,,,,,0.18363729,-4.0087184
anime,w-none.g-high.v-none,101,native_avg,0.1,0.027973463,0.15628551,,,-0.0093876126,0,,,0.46304769,0.56420425,,,,,20,19,0.08281329,300,0.001,0,one_way,,0.00028534298,,22500,2500,3914,70,3984,4375,380.12371,391,2230,0.17991697,0.22372447,0.17991697,0.22372447,0.29792488,0.26743277,0.26743567,native,-6.7438956,-15.194351,,7.4200411,-0.90887577,ceiling,-0.90887577,4.3711204,,,,,0.18363729,-4.0087184
anime,w-none.g-high.v-none,101,native_avg,0.15,0.027968616,0.15628551,,,-0.0088931579,0,,,0.46316206,0.56300686,,,,,20,19,0.08281329,300,0.001,0,one_way,,0.00019642316,,21250,3750,3684,111,3795,4375,570.18556,580,3162,0.17991697,0.22372447,0.17991697,0.22372447,0.29792488,0.26743277,0.26743567,native,-6.7438956,-15.194835,,7.4200411,-0.90887577,ceiling,-0.90887577,4.3711204,,,,,0.18363729,-4.0087184
anime,w-none.g-high.v-none,101,native_avg,0.25,0.027960603,0.15414169,,,-0.0080985346,0.21438204,,,0.46347629,0.55908954,,,,,20,19,0.08281329,300,0.001,0,one_way,,0.00011913278,,18750,6250,3242,185,3427,4375,950.30927,948,4697,0.17991697,0.22372447,0.17991697,0.22372447,0.29792488,0.26743277,0.26743567,native,-6.9582776,-15.195636,,7.4200411,-0.93776807,ceiling,-0.93776807,4.3711204,,,,,0.18363729,-4.0087184
anime,w-none.g-high.v-none,101,native_prod_c,0,0.028093158,0.15414169,,,-0.020915187,0.21438204,,,0.46233689,0.56632554,,,,,20,20,0.080953418,100,1e-05,100,one_way,,-0.010048244,,25000,0,4375,0,4375,4375,0,0,0,0.17991697,0.22372447,0.17991697,0.22372447,0.29792488,0.26743277,0.26743567,native,-6.9582776,-15.182381,,7.4200411,-0.93776807,ceiling,-0.93776807,4.3711204,,,,,0.18363729,-4.0087184
anime,w-none.g-high.v-none,101,native_prod_c,0.01,0.028104092,0.15414169,,,-0.021933429,0.21438204,,,0.46230564,0.56605058,,,,,20,20,0.080953418,100,1e-05,100,one_way,,-0.0061240708,,24750,250,4330,7,4337,4375,38.012371,38,248,0.17991697,0.22372447,0.17991697,0.22372447,0.29792488,0.26743277,0.26743567,native,-6.9582776,-15.181288,,7.4200411,-0.93776807,ceiling,-0.93776807,4.3711204,,,,,0.18363729,-4.0087184
anime,w-none.g-high.v-none,101,native_prod_c,0.05,0.02814737,0.15628551,,,-0.025953259,0,,,0.46240795,0.56712088,,,,,20,20,0.080953418,100,1e-05,100,one_way,,-0.0086237323,,23750,1250,4150,33,4183,4375,190.06185,192,1180,0.17991697,0.22372447,0.17991697,0.22372447,0.29792488,0.26743277,0.26743567,native,-6.7438956,-15.17696,,7.4200411,-0.90887577,ceiling,-0.90887577,4.3711204,,,,,0.18363729,-4.0087184
anime,w-none.g-high.v-none,101,native_prod_c,0.1,0.028189196,0.15628551,,,-0.029872608,0,,,0.4629208,0.56838228,,,,,20,20,0.080953418,100,1e-05,100,one_way,,-0.0097327894,,22500,2500,3914,70,3984,4375,380.12371,391,2230,0.17991697,0.22372447,0.17991697,0.22372447,0.29792488,0.26743277,0.26743567,native,-6.7438956,-15.172777,,7.4200411,-0.90887577,ceiling,-0.90887577,4.3711204,,,,,0.18363729,-4.0087184
anime,w-none.g-high.v-none,101,native_prod_c,0.15,0.028226113,0.15628551,,,-0.033298942,0,,,0.46378808,0.56939598,,,,,20,20,0.080953418,100,1e-05,100,one_way,,0.002738494,,21250,3750,3684,111,3795,4375,570.18556,580,3162,0.17991697,0.22372447,0.17991697,0.22372447,0.29792488,0.26743277,0.26743567,native,-6.7438956,-15.169085,,7.4200411,-0.90887577,ceiling,-0.90887577,4.3711204,,,,,0.18363729,-4.0087184
anime,w-none.g-high.v-none,101,native_prod_c,0.25,0.02829404,0.15414169,,,-0.039747735,0.21438204,,,0.46703583,0.5675897,,,,,20,20,0.080953418,100,1e-05,100,one_way,,-0.0003194412,,18750,6250,3242,185,3427,4375,950.30927,948,4697,0.17991697,0.22372447,0.17991697,0.22372447,0.29792488,0.26743277,0.26743567,native,-6.9582776,-15.162293,,7.4200411,-0.93776807,ceiling,-0.93776807,4.3711204,,,,,0.18363729,-4.0087184
anime,w-none.g-high.v-none,101,native_prod_t,0,0.027867485,0.027640052,,,-2.95854e-09,0.11066985,,,0.4665029,0.5157129,,,,,20,20,0.00139426,100,1e-05,0.1,one_way,,-6.3629736e-06,,25000,0,4375,0,4375,4375,0,0,0,0.17991697,0.22372447,0.17991697,0.22372447,0.29792488,0.26743277,0.26743567,native,-19.608442,-15.204948,,7.4200411,-2.6426325,ceiling,-2.6426325,4.3711204,,,,,0.18363729,-4.0087184
anime,w-none.g-high.v-none,101,native_prod_t,0.01,0.027867498,0.019931207,,,0.00014619037,3.9734272,,,0.4665182,0.51582681,,,,,20,20,0.00139426,100,1e-05,0.1,one_way,,-8.6823484e-06,,24750,250,4330,7,4337,4375,38.012371,38,248,0.17991697,0.22372447,0.17991697,0.22372447,0.29792488,0.26743277,0.26743567,native,-20.379326,-15.204947,,7.4200411,-2.7465247,ceiling,-2.7465247,4.3711204,,,,,0.18363729,-4.0087184
anime,w-none.g-high.v-none,101,native_prod_t,0.05,0.027867544,0.014424383,,,0.00014539821,4.7884354,,,0.46674335,0.51238336,,,,,20,20,0.00139426,100,1e-05,0.1,one_way,,-6.1351566e-06,,23750,1250,4150,33,4183,4375,190.06185,192,1180,0.17991697,0.22372447,0.17991697,0.22372447,0.29792488,0.26743277,0.26743567,native,-20.930009,-15.204942,,7.4200411,-2.8207403,ceiling,-2.8207403,4.3711204,,,,,0.18363729,-4.0087184
anime,w-none.g-high.v-none,101,native_prod_t,0.1,0.02786763,0.12560226,,,4.8196009e-05,0,,,0.46743245,0.51069041,,,,,20,20,0.00139426,100,1e-05,0.1,one_way,,4.4295754e-07,,22500,2500,3914,70,3984,4375,380.12371,391,2230,0.17991697,0.22372447,0.17991697,0.22372447,0.29792488,0.26743277,0.26743567,native,-9.8122214,-15.204934,,7.4200411,-1.3223945,ceiling,-1.3223945,4.3711204,,,,,0.18363729,-4.0087184
anime,w-none.g-high.v-none,101,native_prod_t,0.15,0.027867674,0.12560226,,,0.00052153455,0,,,0.46852823,0.50872768,,,,,20,20,0.00139426,100,1e-05,0.1,one_way,,1.5762237e-06,,21250,3750,3684,111,3795,4375,570.18556,580,3162,0.17991697,0.22372447,0.17991697,0.22372447,0.29792488,0.26743277,0.26743567,native,-9.8122214,-15.204929,,7.4200411,-1.3223945,ceiling,-1.3223945,4.3711204,,,,,0.18363729,-4.0087184
anime,w-none.g-high.v-none,101,native_prod_t,0.25,0.027867554,0.048478888,,,0.00014937713,0,,,0.47195323,0.50596373,,,,,20,20,0.0028810595,10,0.001,10,one_way,,-4.8736484e-07,,18750,6250,3242,185,3427,4375,950.30927,948,4697,0.17991697,0.22372447,0.17991697,0.22372447,0.29792488,0.26743277,0.26743567,native,-17.524558,-15.204941,,7.4200411,-2.3617872,ceiling,-2.3617872,4.3711204,,,,,0.18363729,-4.0087184
anime,w-none.g-high.v-none,101,no_prop,,0.2275674,0.22808355,,,0.087274726,0.2610056,0.043939158,0.041255309,,,,,,,20,,0.00022118259,28,,,,,,7.0741549,,,,,,,,,,,,0.17991697,0.22372447,0.29792488,0.26743277,0.26743567,reference,0.43590827,4.765043,,7.4200411,0.058747419,linear,0.099724607,4.3711204,-18.362824,-18.631209,,,0.18363729,-4.0087184
anime,w-none.g-high.v-none,101,opc,,0.24001049,0.24072774,,,0.1233771,0.17650868,0.23455024,0.22189338,,,,,,,20,,0.00013633497,25,,,,,,5.5142536,,,,,,,,,,,,0.17991697,0.22372447,0.29792488,0.26743277,0.26743567,reference,1.7003265,6.0093523,,7.4200411,0.22915324,linear,0.38899099,4.3711204,-0.54602534,-1.8117114,,,0.18363729,-4.0087184
anime,w-none.g-high.v-none,101,opc_raw,,0.23852594,0.23941117,,,0.066260682,0.043767451,0.23341143,0.2205163,,,,,,,20,,0.00013633497,25,,,,,,5.547689,,,,,,,,,,,,0.17991697,0.22372447,0.29792488,0.26743277,0.26743567,reference,1.5686701,5.860897,,7.4200411,0.21140989,linear,0.3588714,4.3711204,-0.51145062,-1.8009634,,,0.18363729,-4.0087184
anime,w-none.g-high.v-none,101,tempered_logger,,0.22345797,0.22372447,,,0.024627738,0,0.21827066,0.20487952,,,,,,,20,,,-1,,,,,,13.640155,,,,,,,,,,,,0.17991697,0.22372447,0.29792488,0.26743277,0.26743567,reference,0,4.3541001,,7.4200411,0,linear,0,4.3711204,-0.51873099,-1.8578447,,,0.18363729,-4.0087184
anime,w-none.g-high.v-none,101,warm_c,0,0.042793114,0.23330482,0.23327935,256,0,0,,,0.45172259,0.62601673,0.22162194,0.20819014,0.2222583,0.20891877,20,19,0.14212818,10,0.001,0.01,symmetric,zero,0.49719799,,25000,0,4375,0,4375,4375,0,0,0,0.17991698,0.22372447,0.17991697,0.22372447,0.29792488,0.26743277,0.26743567,warm,0.95803471,-13.712385,5.3362377,7.4200411,0.12911447,ceiling,0.12911447,4.3711204,,,-1.1682876,-2.5114676,0.18363729,-4.0087184
anime,w-none.g-high.v-none,101,warm_c,0.01,0.043205531,0.23319059,0.2331616,256,0,0,,,0.45170967,0.62605894,0.22116584,0.20776369,0.22239089,0.20902965,20,19,0.14212818,10,0.001,0.01,symmetric,zero,0.50803924,,24750,250,4330,7,4337,4375,38.012373,38,248,0.17991698,0.22372447,0.17991697,0.22372447,0.29792488,0.26743277,0.26743567,warm,0.94661193,-13.671144,5.324463,7.4200411,0.12757503,ceiling,0.12757503,4.3711204,,,-1.2024752,-2.5426902,0.18363729,-4.0087184
anime,w-none.g-high.v-none,101,warm_c,0.05,0.044241186,0.2327774,0.23278265,4096,0,0,,,0.45175219,0.62608891,0.2258056,0.21213882,0.22556528,0.21189925,20,20,0.14212818,10,0.001,0.01,symmetric,zero,0.53490365,,23750,1250,4150,33,4183,4375,190.06186,192,1180,0.17991698,0.22372447,0.17991697,0.22372447,0.29792488,0.26743277,0.26743567,warm,0.90529247,-13.567578,5.286568,7.4200411,0.1220064,ceiling,0.1220064,4.3711204,,,-0.69717952,-2.063858,0.18363729,-4.0087184
anime,w-none.g-high.v-none,101,warm_c,0.1,0.045117715,0.23150089,0.23144169,128,0,0,,,0.45183464,0.62610274,0.21830783,0.20493631,0.22062132,0.20730816,20,20,0.14212818,10,0.001,0.01,symmetric,zero,0.55739075,,22500,2500,3914,70,3984,4375,380.12373,391,2230,0.17991698,0.22372447,0.17991697,0.22372447,0.29792488,0.26743277,0.26743567,warm,0.77764202,-13.479925,5.1524719,7.4200411,0.10480293,ceiling,0.10480293,4.3711204,,,-1.3193064,-2.656458,0.18363729,-4.0087184
anime,w-none.g-high.v-none,101,warm_c,0.15,0.042391322,0.23105176,0.23087812,64,0,0,,,0.45187225,0.62649524,0.21850401,0.20775424,0.21996953,0.20917001,20,20,0.056006037,100,1e-05,1000,one_way,zero,0.24796106,,21250,3750,3684,111,3795,4375,570.18559,580,3162,0.17991698,0.22372447,0.17991697,0.22372447,0.29792488,0.26743277,0.26743567,warm,0.73272898,-13.752565,5.0961148,7.4200411,0.098749989,ceiling,0.098749989,4.3711204,,,-1.2547747,-2.3297524,0.18363729,-4.0087184
anime,w-none.g-high.v-none,101,warm_c,0.25,0.043810951,0.22827722,0.22818609,128,0.0023483498,0.45063069,,,0.45214175,0.62474115,0.22088919,0.20713407,0.22128016,0.20782842,20,19,0.065644003,10,0,0.1,one_way,zero,0.2664347,,18750,6250,3242,185,3427,4375,950.30932,948,4697,0.17991698,0.22372447,0.17991697,0.22372447,0.29792488,0.26743277,0.26743567,warm,0.45527527,-13.610602,4.8269124,7.4200411,0.061357513,ceiling,0.061357513,4.3711204,,,-0.73880369,-2.1143149,0.18363729,-4.0087184
anime,w-none.g-high.v-none,101,warm_t,0,0.042719685,0.22448148,0.22447847,4096,0,0,,,0.45229691,0.62395612,0.22054132,0.2065951,0.22019736,0.20626827,20,19,0.14212818,10,0.001,0.01,symmetric,zero,0.49719799,,25000,0,4375,0,4375,4375,0,0,0,0.17991698,0.22372447,0.17991697,0.22372447,0.29792488,0.26743277,0.26743567,warm,0.075700677,-13.719728,4.4561506,7.4200411,0.010202191,ceiling,0.010202191,4.3711204,,,-0.39401571,-1.7886377,0.18363729,-4.0087184
anime,w-none.g-high.v-none,101,warm_t,0.01,0.043131712,0.22457149,0.22457312,256,0,0,,,0.45228179,0.62396924,0.21954939,0.20564041,0.22004053,0.20625101,20,19,0.14212818,10,0.001,0.01,symmetric,zero,0.50803924,,24750,250,4330,7,4337,4375,38.012373,38,248,0.17991698,0.22372447,0.17991697,0.22372447,0.29792488,0.26743277,0.26743567,warm,0.084701543,-13.678526,4.4656155,7.4200411,0.011415239,ceiling,0.011415239,4.3711204,,,-0.50221002,-1.8931079,0.18363729,-4.0087184
anime,w-none.g-high.v-none,101,warm_t,0.05,0.044168209,0.22487423,0.22481112,256,0,0,,,0.45229884,0.62400562,0.21862198,0.20475234,0.22016445,0.20637658,20,20,0.14212818,10,0.001,0.01,symmetric,zero,0.53490365,,23750,1250,4150,33,4183,4375,190.06186,192,1180,0.17991698,0.22372447,0.17991697,0.22372447,0.29792488,0.26743277,0.26743567,warm,0.11497621,-13.574876,4.489415,7.4200411,0.01549536,ceiling,0.01549536,4.3711204,,,-0.62522509,-2.0121894,0.18363729,-4.0087184
anime,w-none.g-high.v-none,101,warm_t,0.1,0.045052553,0.22493686,0.2249157,256,0,0,,,0.45236525,0.62404726,0.21893918,0.20508167,0.2197897,0.20602968,20,20,0.14212818,10,0.001,0.01,symmetric,zero,0.55739075,,22500,2500,3914,70,3984,4375,380.12373,391,2230,0.17991698,0.22372447,0.17991697,0.22372447,0.29792488,0.26743277,0.26743567,warm,0.12123881,-13.486441,4.499873,7.4200411,0.016339371,ceiling,0.016339371,4.3711204,,,-0.59976832,-1.9855192,0.18363729,-4.0087184
anime,w-none.g-high.v-none,101,warm_t,0.15,0.042256265,0.22374215,0.22354579,128,0.3079296,0.12180205,,,0.45235333,0.62359287,0.21846694,0.204609,0.21818902,0.20471707,20,20,0.065644003,10,0,0.1,one_way,zero,0.24601556,,21250,3750,3684,111,3795,4375,570.18559,580,3162,0.17991698,0.22372447,0.17991697,0.22372447,0.29792488,0.26743277,0.26743567,warm,0.0017678848,-13.76607,4.3628818,7.4200411,0.00023825808,ceiling,0.00023825808,4.3711204,,,-0.52752045,-1.9133153,0.18363729,-4.0087184
anime,w-none.g-high.v-none,101,warm_t,0.25,0.043787191,0.22372787,0.22373498,2048,0.23916907,0.14090751,,,0.45245186,0.62360141,0.21853674,0.204706,0.21851091,0.20469328,20,19,0.065644003,10,0,0.1,one_way,zero,0.2664347,,18750,6250,3242,185,3427,4375,950.30932,948,4697,0.17991698,0.22372447,0.17991697,0.22372447,0.29792488,0.26743277,0.26743567,warm,0.00034001285,-13.612978,4.3818014,7.4200411,4.582358e-05,ceiling,4.582358e-05,4.3711204,,,-0.51911257,-1.9021873,0.18363729,-4.0087184
kuairand,w-none.g-high.v-none,100,cap_c,0,0.047561145,0.26241195,0.26230673,64,-0.53586311,0.055680054,,,0.41013522,0.78206609,0.25386765,0.24256049,0.25437295,0.24306527,20,20,0.011058789,100,1e-05,0.1,one_way,base_rate,0.61913896,,25000,0,5078,0,5078,5078,0,0,0,0.202847,0.25534186,0.202847,0.25534186,0.29237682,0.28120634,0.28120851,cap,0.70700851,-15.528586,5.9459727,3.7034957,0.19090302,linear,0.27332822,2.5866649,,,-0.85442959,-1.9851456,0.16717423,-8.816763
kuairand,w-none.g-high.v-none,100,cap_c,0.01,0.047574864,0.26251314,0.26243434,128,-0.53007566,0.043281915,,,0.41018848,0.78196372,0.2542877,0.24306169,0.2552807,0.2440182,20,20,0.011058789,100,1e-05,0.1,one_way,base_rate,0.61773056,,24750,250,5024,7,5031,5078,43.960884,47,246,0.202847,0.25534186,0.202847,0.25534186,0.29237682,0.28120634,0.28120851,cap,0.71712772,-15.527214,5.9587338,3.7034957,0.19363536,linear,0.27724028,2.5866649,,,-0.82254444,-1.9451454,0.16717423,-8.816763
kuairand,w-none.g-high.v-none,100,cap_c,0.05,0.048303378,0.26264822,0.26261959,4096,-0.53446778,0.028631308,,,0.41027414,0.78176958,0.25379103,0.24259405,0.25371191,0.24251625,20,20,0.011058789,100,1e-05,0.1,one_way,base_rate,0.62618595,,23750,1250,4846,34,4880,5078,219.80442,198,1152,0.202847,0.25534186,0.202847,0.25534186,0.29237682,0.28120634,0.28120851,cap,0.73063519,-15.454363,5.9772588,3.7034957,0.19728258,linear,0.28246225,2.5866649,,,-0.88571843,-2.0054171,0.16717423,-8.816763
kuairand,w-none.g-high.v-none,100,cap_c,0.1,0.04783647,0.26251353,0.26246185,64,-0.47519454,0.064820514,,,0.41037163,0.78173202,0.25395013,0.24277437,0.25522017,0.244055,20,20,0.011058789,100,1e-05,0.1,one_way,base_rate,0.6171217,,22500,2500,4583,80,4663,5078,439.60884,415,2140,0.202847,0.25534186,0.202847,0.25534186,0.29237682,0.28120634,0.28120851,cap,0.71716619,-15.501053,5.9614845,3.7034957,0.19364575,linear,0.27725516,2.5866649,,,-0.85633945,-1.9739155,0.16717423,-8.816763
kuairand,w-none.g-high.v-none,100,cap_c,0.15,0.048228153,0.26301988,0.26295891,512,-0.46111856,0.028360764,,,0.41013965,0.78202806,0.25735717,0.24596235,0.25762609,0.24621307,20,20,0.011058789,100,1e-05,0.1,one_way,base_rate,0.62293273,,21250,3750,4335,112,4447,5078,659.41326,631,2990,0.202847,0.25534186,0.202847,0.25534186,0.29237682,0.28120634,0.28120851,cap,0.76780141,-15.461885,6.0111911,3.7034957,0.20731802,linear,0.29683064,2.5866649,,,-0.56627076,-1.7057525,0.16717423,-8.816763
kuairand,w-none.g-high.v-none,100,cap_c,0.25,0.048607863,0.26224926,0.26224981,512,-0.42271255,0.077593839,,,0.4109871,0.78069244,0.25500099,0.24360888,0.25521508,0.24380358,20,20,0.011058789,100,1e-05,0.1,one_way,base_rate,0.64110518,,18750,6250,3836,170,4006,5078,1099.0221,1072,4285,0.202847,0.25534186,0.202847,0.25534186,0.29237682,0.28120634,0.28120851,cap,0.69073982,-15.423914,5.9402812,3.7034957,0.18651023,linear,0.26703877,2.5866649,,,-0.72482747,-1.8640382,0.16717423,-8.816763
kuairand,w-none.g-high.v-none,100,cap_t,0,0.047561175,0.26241192,0.26230674,64,-0.53586639,0.055893308,,,0.41013523,0.78206595,0.25386765,0.24256049,0.25437295,0.24306527,20,20,0.011058789,100,1e-05,0.1,one_way,base_rate,0.61913896,,25000,0,5078,0,5078,5078,0,0,0,0.202847,0.25534186,0.202847,0.25534186,0.29237682,0.28120634,0.28120851,cap,0.70700546,-15.528583,5.945974,3.7034957,0.1909022,linear,0.27332704,2.5866649,,,-0.85442654,-1.9851426,0.16717423,-8.816763
kuairand,w-none.g-high.v-none,100,cap_t,0.01,0.047574889,0.26251314,0.26243434,128,-0.53007815,0.043232599,,,0.41018849,0.78196367,0.2542877,0.24306169,0.25528136,0.24401882,20,20,0.011058789,100,1e-05,0.1,one_way,base_rate,0.61773056,,24750,250,5024,7,5031,5078,43.960884,47,246,0.202847,0.25534186,0.202847,0.25534186,0.29237682,0.28120634,0.28120851,cap,0.71712772,-15.527211,5.9587339,3.7034957,0.19363536,linear,0.27724028,2.5866649,,,-0.82254444,-1.9451454,0.16717423,-8.816763
kuairand,w-none.g-high.v-none,100,cap_t,0.05,0.048303375,0.26264822,0.2626196,4096,-0.53446796,0.028631308,,,0.41027414,0.78176966,0.25379103,0.24259405,0.2537159,0.24252029,20,20,0.011058789,100,1e-05,0.1,one_way,base_rate,0.62618595,,23750,1250,4846,34,4880,5078,219.80442,198,1152,0.202847,0.25534186,0.202847,0.25534186,0.29237682,0.28120634,0.28120851,cap,0.73063519,-15.454363,5.9772601,3.7034957,0.19728258,linear,0.28246225,2.5866649,,,-0.88571843,-2.0054171,0.16717423,-8.816763
kuairand,w-none.g-high.v-none,100,cap_t,0.1,0.047836465,0.26251353,0.26246183,64,-0.078126858,0.073460701,,,0.41037163,0.78173204,0.25395013,0.24277437,0.25522009,0.24405491,20,20,0.011058789,100,1e-05,0.1,one_way,base_rate,0.6171217,,22500,2500,4583,80,4663,5078,439.60884,415,2140,0.202847,0.25534186,0.202847,0.25534186,0.29237682,0.28120634,0.28120851,cap,0.71716619,-15.501054,5.9614824,3.7034957,0.19364575,linear,0.27725516,2.5866649,,,-0.85633945,-1.9739155,0.16717423,-8.816763
kuairand,w-none.g-high.v-none,100,cap_t,0.15,0.048228145,0.26301988,0.26295896,512,-0.46111643,0.028360764,,,0.41013961,0.78202813,0.25735717,0.24596235,0.25762478,0.24621177,20,20,0.011058789,100,1e-05,0.1,one_way,base_rate,0.62293273,,21250,3750,4335,112,4447,5078,659.41326,631,2990,0.202847,0.25534186,0.202847,0.25534186,0.29237682,0.28120634,0.28120851,cap,0.76780141,-15.461886,6.0111954,3.7034957,0.20731802,linear,0.29683064,2.5866649,,,-0.56627076,-1.7057525,0.16717423,-8.816763
kuairand,w-none.g-high.v-none,100,cap_t,0.25,0.048607866,0.26224926,0.26224982,512,-0.4227122,0.077593839,,,0.41098712,0.7806922,0.25500099,0.24360888,0.25521424,0.24380278,20,20,0.011058789,100,1e-05,0.1,one_way,base_rate,0.64110518,,18750,6250,3836,170,4006,5078,1099.0221,1072,4285,0.202847,0.25534186,0.202847,0.25534186,0.29237682,0.28120634,0.28120851,cap,0.69073982,-15.423914,5.9402819,3.7034957,0.18651023,linear,0.26703877,2.5866649,,,-0.72482747,-1.8640382,0.16717423,-8.816763
kuairand,w-none.g-high.v-none,100,dm,,0.25818578,0.25841407,,,0.1708007,0.39638917,0.26948109,0.26720595,,,,,,,20,,0.00065131976,25,,,,,,8.5493555,,,,,,,,,,,,0.202847,0.25534186,0.29237682,0.28120634,0.28120851,reference,0.30722064,5.533878,,3.7034957,0.082954231,linear,0.11877095,2.5866649,1.129531,0.90201657,,,0.16717423,-8.816763
kuairand,w-none.g-high.v-none,100,dm_own,,0.25862075,0.25897128,,,0.12608289,0.34926366,0.26869762,0.26641741,,,,,,,20,,0.00042218227,21,,,,,,5.8660297,,,,,,,,,,,,0.202847,0.25534186,0.29237682,0.28120634,0.28120851,reference,0.36294152,5.5773751,,3.7034957,0.097999715,linear,0.14031254,2.5866649,1.0076865,0.77966547,,,0.16717423,-8.816763
kuairand,w-none.g-high.v-none,100,native_avg,0,0.027290023,0.16717423,,,0,0,,,0.44850824,0.71993564,,,,,20,19,0.10580882,30,0.0001,0.1,one_way,,-0.010880974,,25000,0,5078,0,5078,5078,0,0,0,0.20284698,0.25534186,0.202847,0.25534186,0.29237682,0.28120634,0.28120851,native,-8.816763,-17.555698,,3.7034957,-2.3806597,ceiling,-2.3806597,2.5866649,,,,,0.16717423,-8.816763
kuairand,w-none.g-high.v-none,100,native_avg,0.01,0.027554422,0.15609416,,,-0.026149765,1.1080071,,,0.44831606,0.72226916,,,,,20,19,0.68508528,10,1e-06,0.1,one_way,,3.2407801,,24750,250,5024,7,5031,5078,43.960878,47,246,0.20284698,0.25534186,0.202847,0.25534186,0.29237682,0.28120634,0.28120851,native,-9.9247701,-17.529258,,3.7034957,-2.6798384,ceiling,-2.6798384,2.5866649,,,,,0.16717423,-8.816763
kuairand,w-none.g-high.v-none,100,native_avg,0.05,0.027482857,0.15907533,,,-0.019409474,0.80989066,,,0.44495176,0.72597348,,,,,20,19,0.68508528,10,1e-06,0.1,one_way,,2.6767972,,23750,1250,4846,34,4880,5078,219.80439,198,1152,0.20284698,0.25534186,0.202847,0.25534186,0.29237682,0.28120634,0.28120851,native,-9.6266537,-17.536415,,3.7034957,-2.5993425,ceiling,-2.5993425,2.5866649,,,,,0.16717423,-8.816763
kuairand,w-none.g-high.v-none,100,native_avg,0.1,0.027437089,0.16671661,,,-0.015689735,0.045762828,,,0.44400577,0.72578105,,,,,20,19,0.68508528,10,1e-06,0.1,one_way,,1.8028961,,22500,2500,4583,80,4663,5078,439.60878,415,2140,0.20284698,0.25534186,0.202847,0.25534186,0.29237682,0.28120634,0.28120851,native,-8.8625258,-17.540991,,3.7034957,-2.3930164,ceiling,-2.3930164,2.5866649,,,,,0.16717423,-8.816763
kuairand,w-none.g-high.v-none,100,native_avg,0.15,0.027421863,0.16710768,,,-0.014935449,0.0066556397,,,0.44443017,0.72590946,,,,,20,19,0.68508528,10,1e-06,0.1,one_way,,1.4142625,,21250,3750,4335,112,4447,5078,659.41318,631,2990,0.20284698,0.25534186,0.202847,0.25534186,0.29237682,0.28120634,0.28120851,native,-8.8234186,-17.542514,,3.7034957,-2.3824568,ceiling,-2.3824568,2.5866649,,,,,0.16717423,-8.816763
kuairand,w-none.g-high.v-none,100,native_avg,0.25,0.027389061,0.16717423,,,-0.013347912,0,,,0.44581377,0.72371173,,,,,20,19,0.68508528,10,1e-06,0.1,one_way,,0.61330557,,18750,6250,3836,170,4006,5078,1099.022,1072,4285,0.20284698,0.25534186,0.202847,0.25534186,0.29237682,0.28120634,0.28120851,native,-8.816763,-17.545794,,3.7034957,-2.3806597,ceiling,-2.3806597,2.5866649,,,,,0.16717423,-8.816763
kuairand,w-none.g-high.v-none,100,native_prod_c,0,0.027911002,0.16717423,,,-0.083986126,0,,,0.43887017,0.73118777,,,,,20,20,0.09067147,300,1e-05,0.1,one_way,,0.0055459002,,25000,0,5078,0,5078,5078,0,0,0,0.20284698,0.25534186,0.202847,0.25534186,0.29237682,0.28120634,0.28120851,native,-8.816763,-17.4936,,3.7034957,-2.3806597,ceiling,-2.3806597,2.5866649,,,,,0.16717423,-8.816763
kuairand,w-none.g-high.v-none,100,native_prod_c,0.01,0.027930318,0.16717423,,,-0.085856056,0,,,0.43872733,0.73159852,,,,,20,20,0.09067147,300,1e-05,0.1,one_way,,0.00578658,,24750,250,5024,7,5031,5078,43.960878,47,246,0.20284698,0.25534186,0.202847,0.25534186,0.29237682,0.28120634,0.28120851,native,-8.816763,-17.491668,,3.7034957,-2.3806597,ceiling,-2.3806597,2.5866649,,,,,0.16717423,-8.816763
kuairand,w-none.g-high.v-none,100,native_prod_c,0.05,0.027985309,0.16717423,,,-0.091278323,0,,,0.43852549,0.73205641,,,,,20,20,0.09067147,300,1e-05,0.1,one_way,,0.0078437394,,23750,1250,4846,34,4880,5078,219.80439,198,1152,0.20284698,0.25534186,0.202847,0.25534186,0.29237682,0.28120634,0.28120851,native,-8.816763,-17.486169,,3.7034957,-2.3806597,ceiling,-2.3806597,2.5866649,,,,,0.16717423,-8.816763
kuairand,w-none.g-high.v-none,100,native_prod_c,0.1,0.028041223,0.16717423,,,-0.096791557,0,,,0.43887039,0.73201569,,,,,20,20,0.09067147,300,1e-05,0.1,one_way,,0.010986297,,22500,2500,4583,80,4663,5078,439.60878,415,2140,0.20284698,0.25534186,0.202847,0.25534186,0.29237682,0.28120634,0.28120851,native,-8.816763,-17.480578,,3.7034957,-2.3806597,ceiling,-2.3806597,2.5866649,,,,,0.16717423,-8.816763
kuairand,w-none.g-high.v-none,100,native_prod_c,0.15,0.028120719,0.16717423,,,-0.10473664,0,,,0.43893729,0.73313642,,,,,20,20,0.09067147,300,1e-05,0.1,one_way,,0.010705153,,21250,3750,4335,112,4447,5078,659.41318,631,2990,0.20284698,0.25534186,0.202847,0.25534186,0.29237682,0.28120634,0.28120851,native,-8.816763,-17.472628,,3.7034957,-2.3806597,ceiling,-2.3806597,2.5866649,,,,,0.16717423,-8.816763
kuairand,w-none.g-high.v-none,100,native_prod_c,0.25,0.028228296,0.16717423,,,-0.11550025,0,,,0.44047911,0.73251822,,,,,20,20,0.09067147,300,1e-05,0.1,one_way,,0.014341654,,18750,6250,3836,170,4006,5078,1099.022,1072,4285,0.20284698,0.25534186,0.202847,0.25534186,0.29237682,0.28120634,0.28120851,native,-8.816763,-17.461871,,3.7034957,-2.3806597,ceiling,-2.3806597,2.5866649,,,,,0.16717423,-8.816763
kuairand,w-none.g-high.v-none,100,native_prod_t,0,0.027003466,0.026789333,,,1.3892177e-07,0.097259072,,,0.49693445,0.61473382,,,,,20,20,0.20240551,1,0.0001,0.1,one_way,,-4.0422943e-05,,25000,0,5078,0,5078,5078,0,0,0,0.20284698,0.25534186,0.202847,0.25534186,0.29237682,0.28120634,0.28120851,native,-22.855253,-17.584354,,3.7034957,-6.1712649,ceiling,-6.1712649,2.5866649,,,,,0.16717423,-8.816763
kuairand,w-none.g-high.v-none,100,native_prod_t,0.01,0.02700347,0.023307981,,,7.821574e-08,3.290753,,,0.49691446,0.61411696,,,,,20,20,0.20240551,1,0.0001,0.1,one_way,,-4.2323183e-05,,24750,250,5024,7,5031,5078,43.960878,47,246,0.20284698,0.25534186,0.202847,0.25534186,0.29237682,0.28120634,0.28120851,native,-23.203388,-17.584353,,3.7034957,-6.2652667,ceiling,-6.2652667,2.5866649,,,,,0.16717423,-8.816763
kuairand,w-none.g-high.v-none,100,native_prod_t,0.05,0.027003468,0.029984618,,,4.9225818e-06,1.4952076,,,0.49697297,0.60641139,,,,,20,20,0.021385293,3,0.0001,1,one_way,,-4.3766926e-05,,23750,1250,4846,34,4880,5078,219.80439,198,1152,0.20284698,0.25534186,0.202847,0.25534186,0.29237682,0.28120634,0.28120851,native,-22.535725,-17.584354,,3.7034957,-6.0849874,ceiling,-6.0849874,2.5866649,,,,,0.16717423,-8.816763
kuairand,w-none.g-high.v-none,100,native_prod_t,0.1,0.02700348,0.018043779,,,3.0204478e-06,2.02924,,,0.49705956,0.61285203,,,,,20,20,0.021385293,3,0.0001,1,one_way,,-4.084329e-05,,22500,2500,4583,80,4663,5078,439.60878,415,2140,0.20284698,0.25534186,0.202847,0.25534186,0.29237682,0.28120634,0.28120851,native,-23.729809,-17.584352,,3.7034957,-6.4074081,ceiling,-6.4074081,2.5866649,,,,,0.16717423,-8.816763
kuairand,w-none.g-high.v-none,100,native_prod_t,0.15,0.027003475,0.024786061,,,6.0246111e-06,3.1429449,,,0.49698066,0.59722203,,,,,20,20,0.016343664,3,1e-05,10,one_way,,2.9929306e-05,,21250,3750,4335,112,4447,5078,659.41318,631,2990,0.20284698,0.25534186,0.202847,0.25534186,0.29237682,0.28120634,0.28120851,native,-23.05558,-17.584353,,3.7034957,-6.2253563,ceiling,-6.2253563,2.5866649,,,,,0.16717423,-8.816763
kuairand,w-none.g-high.v-none,100,native_prod_t,0.25,0.027003482,0.028440922,,,7.8186884e-06,0,,,0.49744984,0.57356257,,,,,20,20,0.016343664,3,1e-05,10,one_way,,1.930058e-05,,18750,6250,3836,170,4006,5078,1099.022,1072,4285,0.20284698,0.25534186,0.202847,0.25534186,0.29237682,0.28120634,0.28120851,native,-22.690094,-17.584352,,3.7034957,-6.1266695,ceiling,-6.1266695,2.5866649,,,,,0.16717423,-8.816763
kuairand,w-none.g-high.v-none,100,no_prop,,0.25774235,0.2577683,,,0.041229527,0.34524552,0.096831515,0.092757788,,,,,,,20,,0.001475565,26,,,,,,15.380507,,,,,,,,,,,,0.202847,0.25534186,0.29237682,0.28120634,0.28120851,reference,0.24264354,5.4895352,,3.7034957,0.065517435,linear,0.093805555,2.5866649,-16.091084,-16.498457,,,0.16717423,-8.816763
kuairand,w-none.g-high.v-none,100,opc,,0.26095701,0.26160465,,,0,0.13146779,0.25927186,0.24783405,,,,,,,20,,0.00059599627,19,,,,,,5.0057597,,,,,,,,,,,,0.202847,0.25534186,0.29237682,0.28120634,0.28120851,reference,0.62627839,5.8110004,,3.7034957,0.16910466,linear,0.2421181,2.5866649,-0.16851471,-1.3122961,,,0.16717423,-8.816763
kuairand,w-none.g-high.v-none,100,opc_raw,,0.25853704,0.25963475,,,0.03736427,0.23654258,0.25335702,0.24210303,,,,,,,20,,0.00036300835,18,,,,,,4.2324405,,,,,,,,,,,,0.202847,0.25534186,0.29237682,0.28120634,0.28120851,reference,0.42928824,5.5690034,,3.7034957,0.11591433,linear,0.16596206,2.5866649,-0.51800141,-1.643401,,,0.16717423,-8.816763
kuairand,w-none.g-high.v-none,100,tempered_logger,,0.25510323,0.25534186,,,0.024781737,0,0.250085,0.23880155,,,,,,,20,,,-1,,,,,,10.410349,,,,,,,,,,,,0.202847,0.25534186,0.29237682,0.28120634,0.28120851,reference,0,5.2256222,,3.7034957,0,linear,0,2.5866649,-0.5018229,-1.6301679,,,0.16717423,-8.816763
kuairand,w-none.g-high.v-none,100,warm_c,0,0.046767401,0.26070797,0.26070541,256,0,0,,,0.41406734,0.77609647,0.25366346,0.24201539,0.25463787,0.24298391,20,18,0.012426653,100,0.001,0.1,one_way,zero,1.2523743,,25000,0,5078,0,5078,5078,0,0,0,0.202847,0.25534186,0.202847,0.25534186,0.29237682,0.28120634,0.28120851,warm,0.536611,-15.60796,5.7858409,3.7034957,0.14489311,ceiling,0.14489311,2.5866649,,,-0.70445099,-1.8692582,0.16717423,-8.816763
kuairand,w-none.g-high.v-none,100,warm_c,0.01,0.046709817,0.2606706,0.26067383,4096,0,0,,,0.41406598,0.77609713,0.25588127,0.24422544,0.25627306,0.24459821,20,18,0.012426653,100,0.001,0.1,one_way,zero,1.2496101,,24750,250,5024,7,5031,5078,43.960884,47,246,0.202847,0.25534186,0.202847,0.25534186,0.29237682,0.28120634,0.28120851,warm,0.53287368,-15.613719,5.7826826,3.7034957,0.14388397,ceiling,0.14388397,2.5866649,,,-0.47893285,-1.6445166,0.16717423,-8.816763
kuairand,w-none.g-high.v-none,100,warm_c,0.05,0.047062506,0.2605052,0.26051038,2048,0,0,,,0.41421595,0.7760088,0.25569507,0.24393622,0.25564733,0.24389539,20,18,0.012426653,100,0.001,0.1,one_way,zero,1.2664651,,23750,1250,4846,34,4880,5078,219.80442,198,1152,0.202847,0.25534186,0.202847,0.25534186,0.29237682,0.28120634,0.28120851,warm,0.5163332,-15.57845,5.7663374,3.7034957,0.13941779,ceiling,0.13941779,2.5866649,,,-0.48101237,-1.6568977,0.16717423,-8.816763
kuairand,w-none.g-high.v-none,100,warm_c,0.1,0.046778143,0.2604281,0.26042825,4096,0,0,,,0.41424034,0.77597848,0.25524148,0.24349028,0.25529268,0.24354742,20,18,0.012426653,100,0.001,0.1,one_way,zero,1.2540922,,22500,2500,4583,80,4663,5078,439.60884,415,2140,0.202847,0.25534186,0.202847,0.25534186,0.29237682,0.28120634,0.28120851,warm,0.50862324,-15.606886,5.7581247,3.7034957,0.13733599,ceiling,0.13733599,2.5866649,,,-0.51866159,-1.693782,0.16717423,-8.816763
kuairand,w-none.g-high.v-none,100,warm_c,0.15,0.046779267,0.2604008,0.26039669,4096,0,0,,,0.41429585,0.77593192,0.25560389,0.2438555,0.25551778,0.24377816,20,18,0.012426653,100,0.001,0.1,one_way,zero,1.2546377,,21250,3750,4335,112,4447,5078,659.41326,631,2990,0.202847,0.25534186,0.202847,0.25534186,0.29237682,0.28120634,0.28120851,warm,0.5058932,-15.606774,5.7549686,3.7034957,0.13659883,ceiling,0.13659883,2.5866649,,,-0.47969065,-1.65453,0.16717423,-8.816763
kuairand,w-none.g-high.v-none,100,warm_c,0.25,0.046766077,0.26050351,0.26050435,4096,0,0,,,0.41455191,0.77569088,0.25636268,0.24461558,0.25607699,0.24433954,20,18,0.012426653,100,0.001,0.1,one_way,zero,1.2551024,,18750,6250,3836,170,4006,5078,1099.0221,1072,4285,0.202847,0.25534186,0.202847,0.25534186,0.29237682,0.28120634,0.28120851,warm,0.51616422,-15.608093,5.7657348,3.7034957,0.13937217,ceiling,0.13937217,2.5866649,,,-0.41408298,-1.5887928,0.16717423,-8.816763
kuairand,w-none.g-high.v-none,100,warm_t,0,0.046358747,0.25542174,0.25541221,256,2.6073247,0.07973391,,,0.41685507,0.77340886,0.25061393,0.23903411,0.25093454,0.23938958,20,18,0.012426653,100,0.001,0.1,one_way,zero,1.2523743,,25000,0,5078,0,5078,5078,0,0,0,0.202847,0.25534186,0.202847,0.25534186,0.29237682,0.28120634,0.28120851,warm,0.0079871531,-15.648826,5.2565207,3.7034957,0.0021566525,ceiling,0.0021566525,2.5866649,,,-0.48078089,-1.6387628,0.16717423,-8.816763
kuairand,w-none.g-high.v-none,100,warm_t,0.01,0.046298591,0.25541206,0.25540708,256,2.5396204,0.10124603,,,0.41689992,0.77340262,0.25062373,0.23904755,0.25090095,0.23935943,20,18,0.012426653,100,0.001,0.1,one_way,zero,1.2496101,,24750,250,5024,7,5031,5078,43.960884,47,246,0.202847,0.25534186,0.202847,0.25534186,0.29237682,0.28120634,0.28120851,warm,0.0070195612,-15.654841,5.2560074,3.7034957,0.001895388,ceiling,0.001895388,2.5866649,,,-0.47883261,-1.6364507,0.16717423,-8.816763
kuairand,w-none.g-high.v-none,100,warm_t,0.05,0.046664317,0.25540571,0.25539963,512,2.4974392,0.094394744,,,0.41676517,0.77335926,0.25056481,0.23898539,0.25088844,0.23931899,20,18,0.012426653,100,0.001,0.1,one_way,zero,1.2664651,,23750,1250,4846,34,4880,5078,219.80442,198,1152,0.202847,0.25534186,0.202847,0.25534186,0.29237682,0.28120634,0.28120851,warm,0.0063844025,-15.618269,5.2552629,3.7034957,0.0017238855,ceiling,0.0017238855,2.5866649,,,-0.48408989,-1.6420318,0.16717423,-8.816763
kuairand,w-none.g-high.v-none,100,warm_t,0.1,0.046394821,0.25538372,0.25535697,256,2.2202015,0.14025959,,,0.41684685,0.77335603,0.25005604,0.23849214,0.25054494,0.23902002,20,18,0.012426653,100,0.001,0.1,one_way,zero,1.2540922,,22500,2500,4583,80,4663,5078,439.60884,415,2140,0.202847,0.25534186,0.202847,0.25534186,0.29237682,0.28120634,0.28120851,warm,0.0041859405,-15.645218,5.2509968,3.7034957,0.0011302674,ceiling,0.0011302674,2.5866649,,,-0.53276886,-1.6891584,0.16717423,-8.816763
kuairand,w-none.g-high.v-none,100,warm_t,0.15,0.046405644,0.25533322,0.25532627,512,2.0272057,0.18312147,,,0.4168188,0.77334008,0.25030408,0.23872979,0.25090224,0.23932269,20,18,0.012426653,100,0.001,0.1,one_way,zero,1.2546377,,21250,3750,4335,112,4447,5078,659.41326,631,2990,0.202847,0.25534186,0.202847,0.25534186,0.29237682,0.28120634,0.28120851,warm,-0.00086490783,-15.644136,5.247927,3.7034957,-0.00023353823,ceiling,-0.00023353823,2.5866649,,,-0.50291368,-1.6603427,0.16717423,-8.816763
kuairand,w-none.g-high.v-none,100,warm_t,0.25,0.046412933,0.25531961,0.255313,4096,1.6851974,0.23452801,,,0.41691247,0.77320641,0.25186666,0.24025011,0.25189418,0.24028107,20,18,0.012426653,100,0.001,0.1,one_way,zero,1.2551024,,18750,6250,3836,170,4006,5078,1099.0221,1072,4285,0.202847,0.25534186,0.202847,0.25534186,0.29237682,0.28120634,0.28120851,warm,-0.0022256391,-15.643407,5.2465992,3.7034957,-0.0006009563,ceiling,-0.0006009563,2.5866649,,,-0.34529437,-1.5069503,0.16717423,-8.816763
kuairand,w-none.g-high.v-none,101,cap_c,0,0.044100803,0.27341465,0.2733788,512,0,0,,,0.41721251,0.78619154,0.26735921,0.256263,0.26769319,0.25657502,20,19,0.006394188,100,1e-05,0.01,symmetric,base_rate,0.50139338,,25000,0,5175,0,5175,5175,0,0,0,0.21049685,0.26460698,0.21049685,0.26460698,0.30529663,0.29315721,0.29322094,cap,0.88076747,-16.639605,6.288195,4.0689653,0.21645981,linear,0.30781034,2.8613966,,,-0.60554416,-1.7151652,0.17349333,-9.1113651
kuairand,w-none.g-high.v-none,101,cap_c,0.01,0.044077584,0.27345141,0.27344905,4096,0,0,,,0.41722962,0.78616407,0.26856857,0.25739469,0.26832616,0.25716917,20,19,0.006394188,100,1e-05,0.01,symmetric,base_rate,0.50047934,,24750,250,5118,12,5130,5175,46.156273,45,245,0.21049685,0.26460698,0.21049685,0.26460698,0.30529663,0.29315721,0.29322094,cap,0.88444353,-16.641927,6.2952201,4.0689653,0.21736325,linear,0.30909505,2.8613966,,,-0.48828416,-1.6056723,0.17349333,-9.1113651
kuairand,w-none.g-high.v-none,101,cap_c,0.05,0.044359725,0.27316665,0.27307612,64,0,0,,,0.41731629,0.78599895,0.26814854,0.25703655,0.26885489,0.25770535,20,19,0.006394188,100,1e-05,0.01,symmetric,base_rate,0.50763446,,23750,1250,4918,39,4957,5175,230.78136,218,1145,0.21049685,0.26460698,0.21049685,0.26460698,0.30529663,0.29315721,0.29322094,cap,0.85596692,-16.613713,6.2579265,4.0689653,0.21036476,linear,0.29914306,2.8613966,,,-0.50181085,-1.6130095,0.17349333,-9.1113651
kuairand,w-none.g-high.v-none,101,cap_c,0.1,0.04472948,0.27304167,0.27303516,4096,0,0,,,0.41721945,0.78609551,0.27089943,0.25964708,0.27076313,0.25950924,20,20,0.006394188,100,1e-05,0.01,symmetric,base_rate,0.51589447,,22500,2500,4656,72,4728,5175,461.56273,447,2128,0.21049685,0.26460698,0.21049685,0.26460698,0.30529663,0.29315721,0.29322094,cap,0.84346913,-16.576737,6.2538312,4.0689653,0.20729327,linear,0.29477533,2.8613966,,,-0.21422413,-1.3394586,0.17349333,-9.1113651
kuairand,w-none.g-high.v-none,101,cap_c,0.15,0.044922472,0.27308357,0.27306719,2048,0,0,,,0.4173169,0.78598244,0.27000283,0.25882709,0.27030277,0.25910893,20,20,0.006394188,100,1e-05,0.01,symmetric,base_rate,0.52222604,,21250,3750,4404,103,4507,5175,692.34409,668,2969,0.21049685,0.26460698,0.21049685,0.26460698,0.30529663,0.29315721,0.29322094,cap,0.84765919,-16.557438,6.2570342,4.0689653,0.20832303,linear,0.29623967,2.8613966,,,-0.30807386,-1.4256476,0.17349333,-9.1113651
kuairand,w-none.g-high.v-none,101,cap_c,0.25,0.045557159,0.27261267,0.27262732,4096,0,0,,,0.41764732,0.78549733,0.27060873,0.25929972,0.27021578,0.25890059,20,20,0.006394188,100,1e-05,0.01,symmetric,base_rate,0.54264277,,18750,6250,3893,165,4058,5175,1153.9068,1117,4243,0.21049685,0.26460698,0.21049685,0.26460698,0.30529663,0.29315721,0.29322094,cap,0.80056913,-16.493969,6.2130469,4.0689653,0.19675005,linear,0.27978265,2.8613966,,,-0.20039367,-1.3312949,0.17349333,-9.1113651
kuairand,w-none.g-high.v-none,101,cap_t,0,0.044100815,0.27341465,0.27337879,512,0,0,,,0.4172125,0.7861917,0.26735921,0.256263,0.26769182,0.25657366,20,19,0.006394188,100,1e-05,0.01,symmetric,base_rate,0.50139338,,25000,0,5175,0,5175,5175,0,0,0,0.21049685,0.26460698,0.21049685,0.26460698,0.30529663,0.29315721,0.29322094,cap,0.88076747,-16.639604,6.2881937,4.0689653,0.21645981,linear,0.30781034,2.8613966,,,-0.60554416,-1.7151652,0.17349333,-9.1113651
kuairand,w-none.g-high.v-none,101,cap_t,0.01,0.044077609,0.27345141,0.27344923,4096,0,0,,,0.41722961,0.78616391,0.26856857,0.25739469,0.26833162,0.25717456,20,19,0.006394188,100,1e-05,0.01,symmetric,base_rate,0.50047934,,24750,250,5118,12,5130,5175,46.156273,45,245,0.21049685,0.26460698,0.21049685,0.26460698,0.30529663,0.29315721,0.29322094,cap,0.88444353,-16.641924,6.2952376,4.0689653,0.21736325,linear,0.30909505,2.8613966,,,-0.48828416,-1.6056723,0.17349333,-9.1113651
kuairand,w-none.g-high.v-none,101,cap_t,0.05,0.044359733,0.27316743,0.27307607,64,0,0,,,0.41731629,0.78599908,0.26814854,0.25703655,0.26885507,0.25770553,20,19,0.006394188,100,1e-05,0.01,symmetric,base_rate,0.50763446,,23750,1250,4918,39,4957,5175,230.78136,218,1145,0.21049685,0.26460698,0.21049685,0.26460698,0.30529663,0.29315721,0.29322094,cap,0.85604501,-16.613712,6.257922,4.0689653,0.21038395,linear,0.29917035,2.8613966,,,-0.50188893,-1.6130876,0.17349333,-9.1113651
kuairand,w-none.g-high.v-none,101,cap_t,0.1,0.044729469,0.27304167,0.27303482,4096,0,0,,,0.41721944,0.78609539,0.27089943,0.25964708,0.27074933,0.25949569,20,20,0.006394188,100,1e-05,0.01,symmetric,base_rate,0.51589447,,22500,2500,4656,72,4728,5175,461.56273,447,2128,0.21049685,0.26460698,0.21049685,0.26460698,0.30529663,0.29315721,0.29322094,cap,0.84346913,-16.576738,6.2537965,4.0689653,0.20729327,linear,0.29477533,2.8613966,,,-0.21422413,-1.3394586,0.17349333,-9.1113651
kuairand,w-none.g-high.v-none,101,cap_t,0.15,0.044922494,0.27308357,0.27306718,2048,0,0,,,0.41731691,0.78598202,0.27000283,0.25882709,0.27030021,0.25910666,20,20,0.006394188,100,1e-05,0.01,symmetric,base_rate,0.52222604,,21250,3750,4404,103,4507,5175,692.34409,668,2969,0.21049685,0.26460698,0.21049685,0.26460698,0.30529663,0.29315721,0.29322094,cap,0.84765919,-16.557436,6.2570324,4.0689653,0.20832303,linear,0.29623967,2.8613966,,,-0.30807386,-1.4256476,0.17349333,-9.1113651
kuairand,w-none.g-high.v-none,101,cap_t,0.25,0.045557189,0.27262764,0.27262748,4096,0,0,,,0.4176473,0.78549752,0.27060936,0.25930035,0.27021408,0.25889899,20,20,0.006394188,100,1e-05,0.01,symmetric,base_rate,0.54264277,,18750,6250,3893,165,4058,5175,1153.9068,1117,4243,0.21049685,0.26460698,0.21049685,0.26460698,0.30529663,0.29315721,0.29322094,cap,0.80206619,-16.493966,6.2130626,4.0689653,0.19711797,linear,0.28030584,2.8613966,,,-0.20182749,-1.3327288,0.17349333,-9.1113651
kuairand,w-none.g-high.v-none,101,dm,,0.26798614,0.26801073,,,0.29689356,0.62098142,0.27754372,0.2750675,,,,,,,20,,0.0018834766,27,,,,,,22.319391,,,,,,,,,,,,0.21049685,0.26460698,0.30529663,0.29315721,0.29322094,reference,0.34037499,5.748929,,4.0689653,0.083651484,linear,0.11895415,2.8613966,0.95575821,0.708136,,,0.17349333,-9.1113651
kuairand,w-none.g-high.v-none,101,dm_own,,0.26858366,0.26873187,,,0.23407805,0.5548735,0.27722013,0.27474093,,,,,,,20,,0.00095490948,23,,,,,,11.093707,,,,,,,,,,,,0.21049685,0.26460698,0.30529663,0.29315721,0.29322094,reference,0.41248972,5.8086811,,4.0689653,0.1013746,linear,0.14415678,2.8613966,0.86364683,0.61572698,,,0.17349333,-9.1113651
kuairand,w-none.g-high.v-none,101,native_avg,0,0.02619361,0.17349333,,,-0.019289293,0,,,0.45571815,0.73285449,,,,,20,19,0.08281329,300,0.001,0,one_way,,0.0016149771,,25000,0,5175,0,5175,5175,0,0,0,0.21049685,0.26460698,0.21049685,0.26460698,0.30529663,0.29315721,0.29322094,native,-9.1113652,-18.430324,,4.0689653,-2.2392339,ceiling,-2.2392339,2.8613966,,,,,0.17349333,-9.1113651
kuairand,w-none.g-high.v-none,101,native_avg,0.01,0.026193288,0.17349333,,,-0.019215063,0,,,0.45575244,0.73282407,,,,,20,19,0.08281329,300,0.001,0,one_way,,0.0015974391,,24750,250,5118,12,5130,5175,46.156273,45,245,0.21049685,0.26460698,0.21049685,0.26460698,0.30529663,0.29315721,0.29322094,native,-9.1113652,-18.430356,,4.0689653,-2.2392339,ceiling,-2.2392339,2.8613966,,,,,0.17349333,-9.1113651
kuairand,w-none.g-high.v-none,101,native_avg,0.05,0.026189082,0.17349333,,,-0.018731048,0,,,0.45588859,0.73202065,,,,,20,19,0.08281329,300,0.001,0,one_way,,0.0015335353,,23750,1250,4918,39,4957,5175,230.78136,218,1145,0.21049685,0.26460698,0.21049685,0.26460698,0.30529663,0.29315721,0.29322094,native,-9.1113652,-18.430777,,4.0689653,-2.2392339,ceiling,-2.2392339,2.8613966,,,,,0.17349333,-9.1113651
kuairand,w-none.g-high.v-none,101,native_avg,0.1,0.026181124,0.17349333,,,-0.018216871,0,,,0.45626942,0.7310307,,,,,20,19,0.08281329,300,0.001,0,one_way,,0.0013404875,,22500,2500,4656,72,4728,5175,461.56273,447,2128,0.21049685,0.26460698,0.21049685,0.26460698,0.30529663,0.29315721,0.29322094,native,-9.1113652,-18.431573,,4.0689653,-2.2392339,ceiling,-2.2392339,2.8613966,,,,,0.17349333,-9.1113651
kuairand,w-none.g-high.v-none,101,native_avg,0.15,0.026171986,0.17349333,,,-0.017811896,0,,,0.45661489,0.73047045,,,,,20,19,0.08281329,300,0.001,0,one_way,,0.0011971076,,21250,3750,4404,103,4507,5175,692.34409,668,2969,0.21049685,0.26460698,0.21049685,0.26460698,0.30529663,0.29315721,0.29322094,native,-9.1113652,-18.432487,,4.0689653,-2.2392339,ceiling,-2.2392339,2.8613966,,,,,0.17349333,-9.1113651
kuairand,w-none.g-high.v-none,101,native_avg,0.25,0.026157938,0.17349333,,,-0.017233868,0,,,0.45729196,0.72769302,,,,,20,19,0.08281329,300,0.001,0,one_way,,0.0011532542,,18750,6250,3893,165,4058,5175,1153.9068,1117,4243,0.21049685,0.26460698,0.21049685,0.26460698,0.30529663,0.29315721,0.29322094,native,-9.1113652,-18.433891,,4.0689653,-2.2392339,ceiling,-2.2392339,2.8613966,,,,,0.17349333,-9.1113651
kuairand,w-none.g-high.v-none,101,native_prod_c,0,0.026805262,0.17349333,,,-0.072756098,0,,,0.44733936,0.73713246,,,,,20,20,0.47985917,100,0.0001,10,one_way,,0.98826945,,25000,0,5175,0,5175,5175,0,0,0,0.21049685,0.26460698,0.21049685,0.26460698,0.30529663,0.29315721,0.29322094,native,-9.1113652,-18.369159,,4.0689653,-2.2392339,ceiling,-2.2392339,2.8613966,,,,,0.17349333,-9.1113651
kuairand,w-none.g-high.v-none,101,native_prod_c,0.01,0.026812729,0.17349333,,,-0.073352078,0,,,0.44745804,0.73690945,,,,,20,20,0.47985917,100,0.0001,10,one_way,,0.03834321,,24750,250,5118,12,5130,5175,46.156273,45,245,0.21049685,0.26460698,0.21049685,0.26460698,0.30529663,0.29315721,0.29322094,native,-9.1113652,-18.368412,,4.0689653,-2.2392339,ceiling,-2.2392339,2.8613966,,,,,0.17349333,-9.1113651
kuairand,w-none.g-high.v-none,101,native_prod_c,0.05,0.026860089,0.17349333,,,-0.077060478,0,,,0.44762586,0.73660056,,,,,20,20,0.47985917,100,0.0001,10,one_way,,2.1328635,,23750,1250,4918,39,4957,5175,230.78136,218,1145,0.21049685,0.26460698,0.21049685,0.26460698,0.30529663,0.29315721,0.29322094,native,-9.1113652,-18.363676,,4.0689653,-2.2392339,ceiling,-2.2392339,2.8613966,,,,,0.17349333,-9.1113651
kuairand,w-none.g-high.v-none,101,native_prod_c,0.1,0.026928799,0.17349333,,,-0.083066354,0,,,0.44817681,0.73632901,,,,,20,20,0.47985917,100,0.0001,10,one_way,,-0.15838064,,22500,2500,4656,72,4728,5175,461.56273,447,2128,0.21049685,0.26460698,0.21049685,0.26460698,0.30529663,0.29315721,0.29322094,native,-9.1113652,-18.356805,,4.0689653,-2.2392339,ceiling,-2.2392339,2.8613966,,,,,0.17349333,-9.1113651
kuairand,w-none.g-high.v-none,101,native_prod_c,0.15,0.026993334,0.17349333,,,-0.088906361,0,,,0.44873964,0.73618895,,,,,20,20,0.47985917,100,0.0001,10,one_way,,0.066649295,,21250,3750,4404,103,4507,5175,692.34409,668,2969,0.21049685,0.26460698,0.21049685,0.26460698,0.30529663,0.29315721,0.29322094,native,-9.1113652,-18.350352,,4.0689653,-2.2392339,ceiling,-2.2392339,2.8613966,,,,,0.17349333,-9.1113651
kuairand,w-none.g-high.v-none,101,native_prod_c,0.25,0.027112492,0.17349333,,,-0.098879059,0,,,0.45083649,0.73564317,,,,,20,20,0.47985917,100,0.0001,10,one_way,,0.39019781,,18750,6250,3893,165,4058,5175,1153.9068,1117,4243,0.21049685,0.26460698,0.21049685,0.26460698,0.30529663,0.29315721,0.29322094,native,-9.1113652,-18.338436,,4.0689653,-2.2392339,ceiling,-2.2392339,2.8613966,,,,,0.17349333,-9.1113651
kuairand,w-none.g-high.v-none,101,native_prod_t,0,0.02587176,0.025497849,,,6.986763e-08,0.14827502,,,0.51142337,0.61072561,,,,,20,20,0.2038428,1,1e-06,100,one_way,,-0.008858487,,25000,0,5175,0,5175,5175,0,0,0,0.21049685,0.26460698,0.21049685,0.26460698,0.30529663,0.29315721,0.29322094,native,-23.910913,-18.462509,,4.0689653,-5.876411,ceiling,-5.876411,2.8613966,,,,,0.17349333,-9.1113651
kuairand,w-none.g-high.v-none,101,native_prod_t,0.01,0.02587177,0.016994496,,,-9.4566152e-07,2.9890907,,,0.51156953,0.61030691,,,,,20,20,0.2038428,1,1e-06,100,one_way,,-0.0048202444,,24750,250,5118,12,5130,5175,46.156273,45,245,0.21049685,0.26460698,0.21049685,0.26460698,0.30529663,0.29315721,0.29322094,native,-24.761248,-18.462508,,4.0689653,-6.0853918,ceiling,-6.0853918,2.8613966,,,,,0.17349333,-9.1113651
kuairand,w-none.g-high.v-none,101,native_prod_t,0.05,0.025871776,0.021911428,,,0.00014246475,1.2436625,,,0.51234442,0.59641764,,,,,20,20,0.2038428,1,1e-06,100,one_way,,-0.0071199909,,23750,1250,4918,39,4957,5175,230.78136,218,1145,0.21049685,0.26460698,0.21049685,0.26460698,0.30529663,0.29315721,0.29322094,native,-24.269555,-18.462508,,4.0689653,-5.9645519,ceiling,-5.9645519,2.8613966,,,,,0.17349333,-9.1113651
kuairand,w-none.g-high.v-none,101,native_prod_t,0.1,0.025871777,0.021035994,,,7.0883499e-06,2.1208865,,,0.51412265,0.5983644,,,,,20,20,0.2038428,1,1e-06,100,one_way,,-0.0045622243,,22500,2500,4656,72,4728,5175,461.56273,447,2128,0.21049685,0.26460698,0.21049685,0.26460698,0.30529663,0.29315721,0.29322094,native,-24.357098,-18.462507,,4.0689653,-5.9860668,ceiling,-5.9860668,2.8613966,,,,,0.17349333,-9.1113651
kuairand,w-none.g-high.v-none,101,native_prod_t,0.15,0.025871771,0.020915307,,,2.5601285e-05,0.79134244,,,0.51557185,0.60926075,,,,,20,20,0.0028810595,10,0.001,10,one_way,,1.9934221e-06,,21250,3750,4404,103,4507,5175,692.34409,668,2969,0.21049685,0.26460698,0.21049685,0.26460698,0.30529663,0.29315721,0.29322094,native,-24.369167,-18.462508,,4.0689653,-5.9890328,ceiling,-5.9890328,2.8613966,,,,,0.17349333,-9.1113651
kuairand,w-none.g-high.v-none,101,native_prod_t,0.25,0.025871768,0.042244859,,,9.5938531e-05,0,,,0.51334259,0.55566876,,,,,20,20,0.0028810595,10,0.001,10,one_way,,5.6792969e-06,,18750,6250,3893,165,4058,5175,1153.9068,1117,4243,0.21049685,0.26460698,0.21049685,0.26460698,0.30529663,0.29315721,0.29322094,native,-22.236212,-18.462508,,4.0689653,-5.4648319,ceiling,-5.4648319,2.8613966,,,,,0.17349333,-9.1113651
kuairand,w-none.g-high.v-none,101,no_prop,,0.26869058,0.26883655,,,0.061568345,0.22042894,0.10801256,0.10373563,,,,,,,20,,0.00086303929,15,,,,,,15.031945,,,,,,,,,,,,0.21049685,0.26460698,0.30529663,0.29315721,0.29322094,reference,0.42295734,5.8193732,,4.0689653,0.10394715,linear,0.147815,2.8613966,-16.067802,-16.495495,,,0.17349333,-9.1113651
kuairand,w-none.g-high.v-none,101,opc,,0.27256505,0.27258405,,,0.18543989,0.21953106,0.27358812,0.26174822,,,,,,,20,,0.0011329572,25,,,,,,40.387665,,,,,,,,,,,,0.21049685,0.26460698,0.30529663,0.29315721,0.29322094,reference,0.79770688,6.2068204,,4.0689653,0.19604661,linear,0.27878235,2.8613966,0.10230661,-1.0816837,,,0.17349333,-9.1113651
kuairand,w-none.g-high.v-none,101,opc_raw,,0.27114921,0.2711511,,,0.21358621,0.30895458,0.26998508,0.257995,,,,,,,20,,0.0013656545,18,,,,,,35.472519,,,,,,,,,,,,0.21049685,0.26460698,0.30529663,0.29315721,0.29322094,reference,0.65441186,6.0652357,,4.0689653,0.16083004,linear,0.22870365,2.8613966,-0.11641288,-1.315421,,,0.17349333,-9.1113651
kuairand,w-none.g-high.v-none,101,tempered_logger,,0.2642599,0.26460698,,,0.038404296,0,0.2610665,0.24971575,,,,,,,20,,,-1,,,,,,8.9673637,,,,,,,,,,,,0.21049685,0.26460698,0.30529663,0.29315721,0.29322094,reference,-1.110223e-14,5.376305,,4.0689653,-2.7285143e-15,linear,-3.880004e-15,2.8613966,-0.3193405,-1.4544155,,,0.17349333,-9.1113651
kuairand,w-none.g-high.v-none,101,warm_c,0,0.047697106,0.26969305,0.2696963,4096,0,0,,,0.42101683,0.78229048,0.2656951,0.2538854,0.26593775,0.25410559,20,20,0.14212818,10,0.001,0.01,symmetric,zero,1.4069812,,25000,0,5175,0,5175,5175,0,0,0,0.21049685,0.26460698,0.21049685,0.26460698,0.30529663,0.29315721,0.29322094,warm,0.50860769,-16.279975,5.9199446,4.0689653,0.12499681,ceiling,0.12499681,2.8613966,,,-0.39979531,-1.5807658,0.17349333,-9.1113651
kuairand,w-none.g-high.v-none,101,warm_c,0.01,0.047576913,0.26961493,0.26961039,4096,0,0,,,0.42104571,0.78220453,0.26476684,0.25300387,0.26474512,0.25298184,20,20,0.14212818,10,0.001,0.01,symmetric,zero,1.4017744,,24750,250,5118,12,5130,5175,46.156273,45,245,0.21049685,0.26460698,0.21049685,0.26460698,0.30529663,0.29315721,0.29322094,warm,0.50079547,-16.291994,5.9113541,4.0689653,0.12307686,ceiling,0.12307686,2.8613966,,,-0.48480961,-1.661106,0.17349333,-9.1113651
kuairand,w-none.g-high.v-none,101,warm_c,0.05,0.047515758,0.2698103,0.26980716,4096,0,0,,,0.42106351,0.78218084,0.26434848,0.2525945,0.26446065,0.25271063,20,20,0.14212818,10,0.001,0.01,symmetric,zero,1.3989799,,23750,1250,4918,39,4957,5175,230.78136,218,1145,0.21049685,0.26460698,0.21049685,0.26460698,0.30529663,0.29315721,0.29322094,warm,0.52033243,-16.298109,5.9310307,4.0689653,0.12787831,ceiling,0.12787831,2.8613966,,,-0.5461822,-1.7215798,0.17349333,-9.1113651
kuairand,w-none.g-high.v-none,101,warm_c,0.1,0.047505806,0.26966319,0.26968107,1024,0,0,,,0.42119119,0.78206693,0.26316086,0.25149463,0.26309076,0.25143274,20,20,0.14212818,10,0.001,0.01,symmetric,zero,1.3991292,,22500,2500,4656,72,4728,5175,461.56273,447,2128,0.21049685,0.26460698,0.21049685,0.26460698,0.30529663,0.29315721,0.29322094,warm,0.50562111,-16.299105,5.9184215,4.0689653,0.12426282,ceiling,0.12426282,2.8613966,,,-0.65023326,-1.8168563,0.17349333,-9.1113651
kuairand,w-none.g-high.v-none,101,warm_c,0.15,0.047367803,0.26968294,0.26965238,256,0,0,,,0.42123505,0.78196021,0.26369031,0.25194546,0.2636787,0.25196244,20,19,0.14212818,10,0.001,0.01,symmetric,zero,1.393701,,21250,3750,4404,103,4507,5175,692.34409,668,2969,0.21049685,0.26460698,0.21049685,0.26460698,0.30529663,0.29315721,0.29322094,warm,0.50759654,-16.312905,5.9155528,4.0689653,0.12474831,ceiling,0.12474831,2.8613966,,,-0.59926343,-1.7737485,0.17349333,-9.1113651
kuairand,w-none.g-high.v-none,101,warm_c,0.25,0.047251931,0.26896935,0.26897622,512,0,0,,,0.42124052,0.78188438,0.26470115,0.25290762,0.26503366,0.25323332,20,20,0.14212818,10,0.001,0.01,symmetric,zero,1.3886921,,18750,6250,3893,165,4058,5175,1153.9068,1117,4243,0.21049685,0.26460698,0.21049685,0.26460698,0.30529663,0.29315721,0.29322094,warm,0.4362377,-16.324492,5.8479371,4.0689653,0.10721097,ceiling,0.10721097,2.8613966,,,-0.42682077,-1.6061739,0.17349333,-9.1113651
kuairand,w-none.g-high.v-none,101,warm_t,0,0.047088086,0.26598293,0.26535364,32,0,0,,,0.42504483,0.77877748,0.25863477,0.24698123,0.25864545,0.24734393,20,20,0.14212818,10,0.001,0.01,symmetric,zero,1.4069812,,25000,0,5175,0,5175,5175,0,0,0,0.21049685,0.26460698,0.21049685,0.26460698,0.30529663,0.29315721,0.29322094,warm,0.13759558,-16.340877,5.4856793,4.0689653,0.033815864,ceiling,0.033815864,2.8613966,,,-0.73481654,-1.9001701,0.17349333,-9.1113651
kuairand,w-none.g-high.v-none,101,warm_t,0.01,0.046978049,0.26605629,0.26538475,32,0,0,,,0.42505864,0.77872436,0.25855168,0.2469556,0.25882694,0.24752235,20,20,0.14212818,10,0.001,0.01,symmetric,zero,1.4017744,,24750,250,5118,12,5130,5175,46.156273,45,245,0.21049685,0.26460698,0.21049685,0.26460698,0.30529663,0.29315721,0.29322094,warm,0.14493169,-16.35188,5.4887898,4.0689653,0.035618805,ceiling,0.035618805,2.8613966,,,-0.75046121,-1.9100694,0.17349333,-9.1113651
kuairand,w-none.g-high.v-none,101,warm_t,0.05,0.046929544,0.26638061,0.26638565,2048,0,0,,,0.42484463,0.77886122,0.26016105,0.24848721,0.26011193,0.2484402,20,20,0.14212818,10,0.001,0.01,symmetric,zero,1.3989799,,23750,1250,4918,39,4957,5175,230.78136,218,1145,0.21049685,0.26460698,0.21049685,0.26460698,0.30529663,0.29315721,0.29322094,warm,0.1773635,-16.356731,5.5888803,4.0689653,0.043589336,ceiling,0.043589336,2.8613966,,,-0.62195669,-1.7893402,0.17349333,-9.1113651
kuairand,w-none.g-high.v-none,101,warm_t,0.1,0.046945647,0.26673244,0.26589005,32,0,0,,,0.42467041,0.77894315,0.25931567,0.2476175,0.25942901,0.24811733,20,20,0.14212818,10,0.001,0.01,symmetric,zero,1.3991292,,22500,2500,4656,72,4728,5175,461.56273,447,2128,0.21049685,0.26460698,0.21049685,0.26460698,0.30529663,0.29315721,0.29322094,warm,0.21254631,-16.35512,5.5393202,4.0689653,0.052235959,ceiling,0.052235959,2.8613966,,,-0.74167697,-1.9114936,0.17349333,-9.1113651
kuairand,w-none.g-high.v-none,101,warm_t,0.15,0.04683384,0.26668592,0.26596784,32,0,0,,,0.42452286,0.77899587,0.25941315,0.2477428,0.2597391,0.24842393,20,19,0.14212818,10,0.001,0.01,symmetric,zero,1.393701,,21250,3750,4404,103,4507,5175,692.34409,668,2969,0.21049685,0.26460698,0.21049685,0.26460698,0.30529663,0.29315721,0.29322094,warm,0.20789474,-16.366301,5.5470991,4.0689653,0.051092777,ceiling,0.051092777,2.8613966,,,-0.72727786,-1.8943124,0.17349333,-9.1113651
kuairand,w-none.g-high.v-none,101,warm_t,0.25,0.04674163,0.2667015,0.26674182,512,0,0,,,0.4242515,0.779175,0.2610801,0.24939467,0.26122206,0.24954408,20,20,0.14212818,10,0.001,0.01,symmetric,zero,1.3886921,,18750,6250,3893,165,4058,5175,1153.9068,1117,4243,0.21049685,0.26460698,0.21049685,0.26460698,0.30529663,0.29315721,0.29322094,warm,0.20945228,-16.375522,5.6244968,4.0689653,0.051475563,ceiling,0.051475563,2.8613966,,,-0.56213961,-1.730683,0.17349333,-9.1113651
ml,w-none.g-high.v-none,100,cap_c,0,0.048867067,0.25096215,0.25036364,32,-1.0494054,0.58758977,,,0.44626442,0.67275406,0.25261294,0.23921727,0.25820088,0.24508592,20,20,0.011058789,100,1e-05,0.1,one_way,base_rate,0.37885934,,25000,0,4695,0,4695,4695,0,0,0,0.1879817,0.23455814,0.1879817,0.23455814,0.30298334,0.2886596,0.28874519,cap,1.6404015,-13.911463,6.2381944,6.8425205,0.23973645,linear,0.30272942,5.4187054,,,0.16507852,-1.1744883,0.17069688,-6.3861256
ml,w-none.g-high.v-none,100,cap_c,0.01,0.049474524,0.25076402,0.24995273,32,-1.0818376,0.63824118,,,0.44635676,0.6724598,0.2535648,0.24014663,0.25494459,0.24191565,20,20,0.011058789,100,1e-05,0.1,one_way,base_rate,0.3860856,,24750,250,4639,5,4644,4695,40.396371,51,242,0.1879817,0.23455814,0.1879817,0.23455814,0.30298334,0.2886596,0.28874519,cap,1.6205877,-13.850717,6.1971029,6.8425205,0.23684075,linear,0.29907285,5.4187054,,,0.28007804,-1.0617385,0.17069688,-6.3861256
ml,w-none.g-high.v-none,100,cap_c,0.05,0.050965828,0.25009677,0.25016403,512,-1.039611,0.67513022,,,0.44599605,0.67365818,0.25499426,0.24166725,0.25587192,0.24248767,20,20,0.011058789,100,1e-05,0.1,one_way,base_rate,0.40095159,,23750,1250,4465,31,4496,4695,201.98185,199,1045,0.1879817,0.23455814,0.1879817,0.23455814,0.30298334,0.2886596,0.28874519,cap,1.5538631,-13.701587,6.2182327,6.8425205,0.22708929,linear,0.2867591,5.4187054,,,0.48974884,-0.84295221,0.17069688,-6.3861256
ml,w-none.g-high.v-none,100,cap_c,0.1,0.05215844,0.24934203,0.24941102,256,-0.90487452,0.81959564,,,0.44572001,0.67440736,0.2576146,0.24430116,0.25921342,0.24584407,20,20,0.011058789,100,1e-05,0.1,one_way,base_rate,0.41086209,,22500,2500,4231,67,4298,4695,403.96371,397,1800,0.1879817,0.23455814,0.1879817,0.23455814,0.30298334,0.2886596,0.28874519,cap,1.4783891,-13.582326,6.1429319,6.8425205,0.21605914,linear,0.27283068,5.4187054,,,0.82725685,-0.5040866,0.17069688,-6.3861256
ml,w-none.g-high.v-none,100,cap_c,0.15,0.052898767,0.25040334,0.25021993,128,-0.80344475,0.72315956,,,0.44570209,0.67428872,0.25931406,0.24583036,0.25937948,0.24595966,20,20,0.011058789,100,1e-05,0.1,one_way,base_rate,0.41080651,,21250,3750,3992,101,4093,4695,605.94556,602,2313,0.1879817,0.23455814,0.1879817,0.23455814,0.30298334,0.2886596,0.28874519,cap,1.58452,-13.508293,6.2238233,6.8425205,0.23156964,linear,0.29241671,5.4187054,,,0.89107224,-0.45729801,0.17069688,-6.3861256
ml,w-none.g-high.v-none,100,cap_c,0.25,0.054185569,0.25059336,0.25049842,512,-0.59018698,0.68428335,,,0.44620957,0.67257899,0.25981584,0.24608417,0.26018703,0.24649475,20,20,0.011058789,100,1e-05,0.1,one_way,base_rate,0.42154235,,18750,6250,3533,165,3698,4695,1009.9093,997,2966,0.1879817,0.23455814,0.1879817,0.23455814,0.30298334,0.2886596,0.28874519,cap,1.6035222,-13.379613,6.2516723,6.8425205,0.23434671,linear,0.29592348,5.4187054,,,0.92224805,-0.45091904,0.17069688,-6.3861256
ml,w-none.g-high.v-none,100,cap_t,0,0.048867076,0.25096215,0.25036365,32,-1.049254,0.58613073,,,0.44626442,0.6727541,0.25261294,0.23921727,0.25820091,0.24508596,20,20,0.011058789,100,1e-05,0.1,one_way,base_rate,0.37885934,,25000,0,4695,0,4695,4695,0,0,0,0.1879817,0.23455814,0.1879817,0.23455814,0.30298334,0.2886596,0.28874519,cap,1.6404015,-13.911462,6.2381955,6.8425205,0.23973645,linear,0.30272942,5.4187054,,,0.16507852,-1.1744883,0.17069688,-6.3861256
ml,w-none.g-high.v-none,100,cap_t,0.01,0.0494745,0.25076402,0.24995274,32,-1.0817803,0.63824118,,,0.44635673,0.67245974,0.2535648,0.24014663,0.25494471,0.24191576,20,20,0.011058789,100,1e-05,0.1,one_way,base_rate,0.3860856,,24750,250,4639,5,4644,4695,40.396371,51,242,0.1879817,0.23455814,0.1879817,0.23455814,0.30298334,0.2886596,0.28874519,cap,1.6205877,-13.85072,6.1971039,6.8425205,0.23684075,linear,0.29907285,5.4187054,,,0.28007804,-1.0617385,0.17069688,-6.3861256
ml,w-none.g-high.v-none,100,cap_t,0.05,0.050965825,0.25009677,0.25016398,512,-1.0395707,0.67496717,,,0.44599605,0.67365858,0.25499426,0.24166725,0.25587174,0.24248751,20,20,0.011058789,100,1e-05,0.1,one_way,base_rate,0.40095159,,23750,1250,4465,31,4496,4695,201.98185,199,1045,0.1879817,0.23455814,0.1879817,0.23455814,0.30298334,0.2886596,0.28874519,cap,1.5538631,-13.701587,6.2182284,6.8425205,0.22708929,linear,0.2867591,5.4187054,,,0.48974884,-0.84295221,0.17069688,-6.3861256
ml,w-none.g-high.v-none,100,cap_t,0.1,0.052158447,0.24934203,0.24941106,256,-0.90487493,0.82413229,,,0.44572,0.67440713,0.2576146,0.24430116,0.25921416,0.24584482,20,20,0.011058789,100,1e-05,0.1,one_way,base_rate,0.41086209,,22500,2500,4231,67,4298,4695,403.96371,397,1800,0.1879817,0.23455814,0.1879817,0.23455814,0.30298334,0.2886596,0.28874519,cap,1.4783891,-13.582325,6.1429365,6.8425205,0.21605914,linear,0.27283068,5.4187054,,,0.82725685,-0.5040866,0.17069688,-6.3861256
ml,w-none.g-high.v-none,100,cap_t,0.15,0.052898808,0.25040334,0.25022004,128,-0.80350784,0.72921272,,,0.44570208,0.6742885,0.25931406,0.24583036,0.25937909,0.24595929,20,20,0.011058789,100,1e-05,0.1,one_way,base_rate,0.41080651,,21250,3750,3992,101,4093,4695,605.94556,602,2313,0.1879817,0.23455814,0.1879817,0.23455814,0.30298334,0.2886596,0.28874519,cap,1.58452,-13.508289,6.2238338,6.8425205,0.23156964,linear,0.29241671,5.4187054,,,0.89107224,-0.45729801,0.17069688,-6.3861256
ml,w-none.g-high.v-none,100,cap_t,0.25,0.054185569,0.25059336,0.25049849,512,-0.59023266,0.68428335,,,0.44620957,0.67257901,0.25981584,0.24608417,0.26018685,0.24649456,20,20,0.011058789,100,1e-05,0.1,one_way,base_rate,0.42154235,,18750,6250,3533,165,3698,4695,1009.9093,997,2966,0.1879817,0.23455814,0.1879817,0.23455814,0.30298334,0.2886596,0.28874519,cap,1.6035222,-13.379613,6.2516792,6.8425205,0.23434671,linear,0.29592348,5.4187054,,,0.92224805,-0.45091904,0.17069688,-6.3861256
ml,w-none.g-high.v-none,100,dm,,0.24406986,0.24414216,,,0.027769021,0.31782475,0.25299919,0.25183887,,,,,,,20,,0.00065131976,25,,,,,,9.5713406,,,,,,,,,,,,0.1879817,0.23455814,0.30298334,0.2886596,0.28874519,reference,0.95840197,5.6088166,,6.8425205,0.14006563,linear,0.17686918,5.4187054,0.89293222,0.77690057,,,0.17069688,-6.3861256
ml,w-none.g-high.v-none,100,dm_own,,0.24416691,0.24449227,,,0.023123642,0.36601179,0.25241089,0.25124773,,,,,,,20,,0.00042218227,21,,,,,,6.4928179,,,,,,,,,,,,0.1879817,0.23455814,0.30298334,0.2886596,0.28874519,reference,0.99341324,5.6185207,,6.8425205,0.14518236,linear,0.18333036,5.4187054,0.82439833,0.70808198,,,0.17069688,-6.3861256
ml,w-none.g-high.v-none,100,native_avg,0,0.026999288,0.17069688,,,-0.026140978,0,,,0.46286851,0.61289979,,,,,20,19,0.68508528,10,1e-06,0.1,one_way,,-0.24710183,,25000,0,4695,0,4695,4695,0,0,0,0.1879817,0.23455814,0.1879817,0.23455814,0.30298334,0.2886596,0.28874519,native,-6.3861257,-16.098241,,6.8425205,-0.93330019,ceiling,-0.93330019,5.4187054,,,,,0.17069688,-6.3861256
ml,w-none.g-high.v-none,100,native_avg,0.01,0.027008485,0.17069688,,,-0.026312948,0,,,0.46291286,0.61279867,,,,,20,19,0.68508528,10,1e-06,0.1,one_way,,-0.25670964,,24750,250,4639,5,4644,4695,40.396371,51,242,0.1879817,0.23455814,0.1879817,0.23455814,0.30298334,0.2886596,0.28874519,native,-6.3861257,-16.097321,,6.8425205,-0.93330019,ceiling,-0.93330019,5.4187054,,,,,0.17069688,-6.3861256
ml,w-none.g-high.v-none,100,native_avg,0.05,0.026999107,0.17069688,,,-0.02523666,0,,,0.46311287,0.61272942,,,,,20,19,0.68508528,10,1e-06,0.1,one_way,,-0.2023823,,23750,1250,4465,31,4496,4695,201.98185,199,1045,0.1879817,0.23455814,0.1879817,0.23455814,0.30298334,0.2886596,0.28874519,native,-6.3861257,-16.098259,,6.8425205,-0.93330019,ceiling,-0.93330019,5.4187054,,,,,0.17069688,-6.3861256
ml,w-none.g-high.v-none,100,native_avg,0.1,0.026982394,0.17069688,,,-0.024561046,0,,,0.46311204,0.61256418,,,,,20,19,0.68508528,10,1e-06,0.1,one_way,,-0.17736651,,22500,2500,4231,67,4298,4695,403.96371,397,1800,0.1879817,0.23455814,0.1879817,0.23455814,0.30298334,0.2886596,0.28874519,native,-6.3861257,-16.09993,,6.8425205,-0.93330019,ceiling,-0.93330019,5.4187054,,,,,0.17069688,-6.3861256
ml,w-none.g-high.v-none,100,native_avg,0.15,0.026954271,0.17069688,,,-0.023460479,0,,,0.46355242,0.61038483,,,,,20,19,0.68508528,10,1e-06,0.1,one_way,,-0.16198196,,21250,3750,3992,101,4093,4695,605.94556,602,2313,0.1879817,0.23455814,0.1879817,0.23455814,0.30298334,0.2886596,0.28874519,native,-6.3861257,-16.102743,,6.8425205,-0.93330019,ceiling,-0.93330019,5.4187054,,,,,0.17069688,-6.3861256
ml,w-none.g-high.v-none,100,native_avg,0.25,0.026909352,0.17069688,,,-0.022309622,0,,,0.46414099,0.60720897,,,,,20,19,0.68508528,10,1e-06,0.1,one_way,,-0.14202999,,18750,6250,3533,165,3698,4695,1009.9093,997,2966,0.1879817,0.23455814,0.1879817,0.23455814,0.30298334,0.2886596,0.28874519,native,-6.3861257,-16.107235,,6.8425205,-0.93330019,ceiling,-0.93330019,5.4187054,,,,,0.17069688,-6.3861256
ml,w-none.g-high.v-none,100,native_prod_c,0,0.027356096,0.093575979,,,-0.093882318,7.7120903,,,0.46163079,0.61706308,,,,,20,20,0.82619078,30,0.0001,0,one_way,,-0.012148826,,25000,0,4695,0,4695,4695,0,0,0,0.1879817,0.23455814,0.1879817,0.23455814,0.30298334,0.2886596,0.28874519,native,-14.098216,-16.06256,,6.8425205,-2.0603835,ceiling,-2.0603835,5.4187054,,,,,0.17069688,-6.3861256
ml,w-none.g-high.v-none,100,native_prod_c,0.01,0.027408865,0.093575979,,,-0.099044973,7.7120903,,,0.4615247,0.617348,,,,,20,20,0.82619078,30,0.0001,0,one_way,,-0.0084764715,,24750,250,4639,5,4644,4695,40.396371,51,242,0.1879817,0.23455814,0.1879817,0.23455814,0.30298334,0.2886596,0.28874519,native,-14.098216,-16.057283,,6.8425205,-2.0603835,ceiling,-2.0603835,5.4187054,,,,,0.17069688,-6.3861256
ml,w-none.g-high.v-none,100,native_prod_c,0.05,0.027628197,0.17069688,,,-0.12052503,0,,,0.46127206,0.61896733,,,,,20,20,0.82619078,30,0.0001,0,one_way,,-0.0040099183,,23750,1250,4465,31,4496,4695,201.98185,199,1045,0.1879817,0.23455814,0.1879817,0.23455814,0.30298334,0.2886596,0.28874519,native,-6.3861257,-16.03535,,6.8425205,-0.93330019,ceiling,-0.93330019,5.4187054,,,,,0.17069688,-6.3861256
ml,w-none.g-high.v-none,100,native_prod_c,0.1,0.02788676,0.17069688,,,-0.14586951,0,,,0.46097962,0.6207898,,,,,20,20,0.82619078,30,0.0001,0,one_way,,-0.013964369,,22500,2500,4231,67,4298,4695,403.96371,397,1800,0.1879817,0.23455814,0.1879817,0.23455814,0.30298334,0.2886596,0.28874519,native,-6.3861257,-16.009494,,6.8425205,-0.93330019,ceiling,-0.93330019,5.4187054,,,,,0.17069688,-6.3861256
ml,w-none.g-high.v-none,100,native_prod_c,0.15,0.02809671,0.17069688,,,-0.16646097,0,,,0.46156433,0.61990362,,,,,20,20,0.82619078,30,0.0001,0,one_way,,-0.012079041,,21250,3750,3992,101,4093,4695,605.94556,602,2313,0.1879817,0.23455814,0.1879817,0.23455814,0.30298334,0.2886596,0.28874519,native,-6.3861257,-15.988499,,6.8425205,-0.93330019,ceiling,-0.93330019,5.4187054,,,,,0.17069688,-6.3861256
ml,w-none.g-high.v-none,100,native_prod_c,0.25,0.028510224,0.17069688,,,-0.20721865,0,,,0.46322443,0.61956816,,,,,20,20,0.82619078,30,0.0001,0,one_way,,-0.010962225,,18750,6250,3533,165,3698,4695,1009.9093,997,2966,0.1879817,0.23455814,0.1879817,0.23455814,0.30298334,0.2886596,0.28874519,native,-6.3861257,-15.947147,,6.8425205,-0.93330019,ceiling,-0.93330019,5.4187054,,,,,0.17069688,-6.3861256
ml,w-none.g-high.v-none,100,native_prod_t,0,0.026396214,0.026308393,,,5.0564899e-09,0.17666942,,,0.47399157,0.56299095,,,,,20,20,0.82619078,30,0.0001,0,one_way,,-0.012148826,,25000,0,4695,0,4695,4695,0,0,0,0.1879817,0.23455814,0.1879817,0.23455814,0.30298334,0.2886596,0.28874519,native,-20.824975,-16.158548,,6.8425205,-3.0434654,ceiling,-3.0434654,5.4187054,,,,,0.17069688,-6.3861256
ml,w-none.g-high.v-none,100,native_prod_t,0.01,0.026396595,0.019047113,,,0.00046482446,1.0449595,,,0.47413057,0.57438289,,,,,20,20,0.0054510265,300,1e-06,0.1,one_way,,0.00045349641,,24750,250,4639,5,4644,4695,40.396371,51,242,0.1879817,0.23455814,0.1879817,0.23455814,0.30298334,0.2886596,0.28874519,native,-21.551103,-16.15851,,6.8425205,-3.1495854,ceiling,-3.1495854,5.4187054,,,,,0.17069688,-6.3861256
ml,w-none.g-high.v-none,100,native_prod_t,0.05,0.026398002,0.084386343,,,-0.00014216108,1.416213,,,0.47445882,0.57261858,,,,,20,20,0.36910691,3,0,100,one_way,,-0.03778518,,23750,1250,4465,31,4496,4695,201.98185,199,1045,0.1879817,0.23455814,0.1879817,0.23455814,0.30298334,0.2886596,0.28874519,native,-15.01718,-16.15837,,6.8425205,-2.1946854,ceiling,-2.1946854,5.4187054,,,,,0.17069688,-6.3861256
ml,w-none.g-high.v-none,100,native_prod_t,0.1,0.026396399,0.093849075,,,0,0,,,0.47475702,0.57550026,,,,,20,20,0.021385293,3,0.0001,1,one_way,,-5.1592859e-05,,22500,2500,4231,67,4298,4695,403.96371,397,1800,0.1879817,0.23455814,0.1879817,0.23455814,0.30298334,0.2886596,0.28874519,native,-14.070906,-16.15853,,6.8425205,-2.0563923,ceiling,-2.0563923,5.4187054,,,,,0.17069688,-6.3861256
ml,w-none.g-high.v-none,100,native_prod_t,0.15,0.026396374,0.12205086,,,0.00014491478,0,,,0.47492107,0.56695326,,,,,20,20,0.016343664,3,1e-05,10,one_way,,5.1323728e-05,,21250,3750,3992,101,4093,4695,605.94556,602,2313,0.1879817,0.23455814,0.1879817,0.23455814,0.30298334,0.2886596,0.28874519,native,-11.250728,-16.158532,,6.8425205,-1.6442374,ceiling,-1.6442374,5.4187054,,,,,0.17069688,-6.3861256
ml,w-none.g-high.v-none,100,native_prod_t,0.25,0.026396472,0.12706614,,,0.00093981134,0,,,0.47487193,0.55928461,,,,,20,20,0.016343664,3,1e-05,10,one_way,,5.0840208e-05,,18750,6250,3533,165,3698,4695,1009.9093,997,2966,0.1879817,0.23455814,0.1879817,0.23455814,0.30298334,0.2886596,0.28874519,native,-10.7492,-16.158523,,6.8425205,-1.5709416,ceiling,-1.5709416,5.4187054,,,,,0.17069688,-6.3861256
ml,w-none.g-high.v-none,100,no_prop,,0.23755417,0.23872073,,,0.28139496,0.20688589,0.057107951,0.054125711,,,,,,,20,,0.00036895768,7,,,,,,4.1338267,,,,,,,,,,,,0.1879817,0.23455814,0.30298334,0.2886596,0.28874519,reference,0.41625871,4.9572474,,6.8425205,0.060834121,linear,0.076818849,5.4187054,-18.044622,-18.342846,,,0.17069688,-6.3861256
ml,w-none.g-high.v-none,100,opc,,0.25367039,0.25409026,,,0.036417718,0.097085331,0.25892207,0.24550519,,,,,,,20,,0.0010030654,17,,,,,,11.144938,,,,,,,,,,,,0.1879817,0.23455814,0.30298334,0.2886596,0.28874519,reference,1.9532125,6.5688692,,6.8425205,0.28545219,linear,0.3604574,5.4187054,0.52516793,-0.81652053,,,0.17069688,-6.3861256
ml,w-none.g-high.v-none,100,opc_raw,,0.25106096,0.25103903,,,0.20292044,0.36147368,0.25526732,0.24179454,,,,,,,20,,0.001475565,26,,,,,,36.083767,,,,,,,,,,,,0.1879817,0.23455814,0.30298334,0.2886596,0.28874519,reference,1.6480891,6.3079258,,6.8425205,0.24085994,linear,0.30414812,5.4187054,0.42063653,-0.92664191,,,0.17069688,-6.3861256
ml,w-none.g-high.v-none,100,tempered_logger,,0.23268452,0.23455814,,,0.1696871,0,0.22446087,0.21324402,,,,,,,20,,,-1,,,,,,5.2605788,,,,,,,,,,,,0.1879817,0.23455814,0.30298334,0.2886596,0.28874519,reference,2.0679181e-09,4.4702824,,6.8425205,3.0221584e-10,linear,3.8162585e-10,5.4187054,-0.82236522,-1.9440506,,,0.17069688,-6.3861256
ml,w-none.g-high.v-none,100,warm_c,0,0.054609989,0.24572558,0.24573383,4096,0.36593352,0.10706803,,,0.45013614,0.66127188,0.24704826,0.23407486,0.24679454,0.23382836,20,18,0.39967167,10,1e-07,0,symmetric,zero,0.44608229,,25000,0,4695,0,4695,4695,0,0,0,0.1879817,0.23455814,0.1879817,0.23455814,0.30298334,0.2886596,0.28874519,warm,1.1167441,-13.337171,5.7752131,6.8425205,0.16320655,ceiling,0.16320655,5.4187054,,,0.13226754,-1.1650721,0.17069688,-6.3861256
ml,w-none.g-high.v-none,100,warm_c,0.01,0.05509837,0.24540698,0.24543326,2048,0.37344147,0.051203523,,,0.45036549,0.66107711,0.24727656,0.23428608,0.24737439,0.23438093,20,18,0.39967167,10,1e-07,0,symmetric,zero,0.45098412,,24750,250,4639,5,4644,4695,40.396371,51,242,0.1879817,0.23455814,0.1879817,0.23455814,0.30298334,0.2886596,0.28874519,warm,1.0848845,-13.288333,5.7451561,6.8425205,0.15855042,ceiling,0.15855042,5.4187054,,,0.18695794,-1.11209,0.17069688,-6.3861256
ml,w-none.g-high.v-none,100,warm_c,0.05,0.055879075,0.24551656,0.24552916,1024,0.33153415,0.050393727,,,0.45054561,0.66117992,0.24497887,0.23197667,0.24530478,0.23231557,20,18,0.39967167,10,1e-07,0,symmetric,zero,0.45915744,,23750,1250,4465,31,4496,4695,201.98185,199,1045,0.1879817,0.23455814,0.1879817,0.23455814,0.30298334,0.2886596,0.28874519,warm,1.0958426,-13.210262,5.7547463,6.8425205,0.16015189,ceiling,0.16015189,5.4187054,,,-0.053769902,-1.353989,0.17069688,-6.3861256
ml,w-none.g-high.v-none,100,warm_c,0.1,0.056298592,0.24742055,0.24741946,4096,0.30941929,0.0048276482,,,0.45046299,0.66162643,0.24653721,0.23345693,0.24639116,0.23332239,20,18,0.39967167,10,1e-07,0,symmetric,zero,0.4630065,,22500,2500,4231,67,4298,4695,403.96371,397,1800,0.1879817,0.23455814,0.1879817,0.23455814,0.30298334,0.2886596,0.28874519,warm,1.2862409,-13.168311,5.9437757,6.8425205,0.18797765,ceiling,0.18797765,5.4187054,,,-0.088333606,-1.3963616,0.17069688,-6.3861256
ml,w-none.g-high.v-none,100,warm_c,0.15,0.056346394,0.24785638,0.24770978,128,0,0,,,0.45072236,0.66093504,0.24340148,0.23042776,0.24373037,0.23084064,20,18,0.39967167,10,1e-07,0,symmetric,zero,0.46191323,,21250,3750,3992,101,4093,4695,605.94556,602,2313,0.1879817,0.23455814,0.1879817,0.23455814,0.30298334,0.2886596,0.28874519,warm,1.3298241,-13.16353,5.9728085,6.8425205,0.19434711,ceiling,0.19434711,5.4187054,,,-0.44549016,-1.742862,0.17069688,-6.3861256
ml,w-none.g-high.v-none,100,warm_c,0.25,0.056627026,0.24722139,0.24643479,32,0,0,,,0.45118976,0.66004837,0.2401141,0.22723423,0.24150261,0.22882301,20,18,0.39967167,10,1e-07,0,symmetric,zero,0.46486184,,18750,6250,3533,165,3698,4695,1009.9093,997,2966,0.1879817,0.23455814,0.1879817,0.23455814,0.30298334,0.2886596,0.28874519,warm,1.2663255,-13.135467,5.8453089,6.8425205,0.18506711,ceiling,0.18506711,5.4187054,,,-0.71072889,-1.9987167,0.17069688,-6.3861256
ml,w-none.g-high.v-none,100,warm_t,0,0.044160112,0.23474107,0.23467316,512,1.3164006,0.63371412,,,0.45289953,0.65119524,0.22661748,0.21370717,0.22665451,0.21384264,20,18,0.012426653,100,0.001,0.1,one_way,zero,0.57612032,,25000,0,4695,0,4695,4695,0,0,0,0.1879817,0.23455814,0.1879817,0.23455814,0.30298334,0.2886596,0.28874519,warm,0.018293372,-14.382159,4.6691463,6.8425205,0.0026734845,ceiling,0.0026734845,5.4187054,,,-0.81235906,-2.1033906,0.17069688,-6.3861256
ml,w-none.g-high.v-none,100,warm_t,0.01,0.044662162,0.23485998,0.23471692,1024,1.3229055,0.64704785,,,0.45283649,0.65123545,0.22617915,0.21328692,0.22661883,0.21375673,20,18,0.012426653,100,0.001,0.1,one_way,zero,0.58882445,,24750,250,4639,5,4644,4695,40.396371,51,242,0.1879817,0.23455814,0.1879817,0.23455814,0.30298334,0.2886596,0.28874519,warm,0.030184557,-14.331954,4.6735223,6.8425205,0.0044113214,ceiling,0.0044113214,5.4187054,,,-0.86808339,-2.157306,0.17069688,-6.3861256
ml,w-none.g-high.v-none,100,warm_t,0.05,0.045723708,0.23439812,0.23289355,32,1.2581494,0.69646933,,,0.45275482,0.65137563,0.22535515,0.21249982,0.22486003,0.21376408,20,18,0.012426653,100,0.001,0.1,one_way,zero,0.61521262,,23750,1250,4465,31,4496,4695,201.98185,199,1045,0.1879817,0.23455814,0.1879817,0.23455814,0.30298334,0.2886596,0.28874519,warm,-0.016001913,-14.225799,4.4911856,6.8425205,-0.0023385992,ceiling,-0.0023385992,5.4187054,,,-0.90429728,-2.1898299,0.17069688,-6.3861256
ml,w-none.g-high.v-none,100,warm_t,0.1,0.046738253,0.23446134,0.2331295,32,1.1833482,0.80056604,,,0.45274071,0.65145736,0.22574253,0.21285608,0.22550461,0.2143015,20,18,0.012426653,100,0.001,0.1,one_way,zero,0.63994277,,22500,2500,4231,67,4298,4695,403.96371,397,1800,0.1879817,0.23455814,0.1879817,0.23455814,0.30298334,0.2886596,0.28874519,warm,-0.0096798874,-14.124345,4.5147798,6.8425205,-0.0014146669,ceiling,-0.0014146669,5.4187054,,,-0.87188123,-2.1605257,0.17069688,-6.3861256
ml,w-none.g-high.v-none,100,warm_t,0.15,0.047388173,0.23434609,0.23305848,32,1.0970399,0.70355749,,,0.45284187,0.65125406,0.22542119,0.21260911,0.22604392,0.21478649,20,18,0.012426653,100,0.001,0.1,one_way,zero,0.6555903,,21250,3750,3992,101,4093,4695,605.94556,602,2313,0.1879817,0.23455814,0.1879817,0.23455814,0.30298334,0.2886596,0.28874519,warm,-0.021204811,-14.059353,4.5076783,6.8425205,-0.0030989766,ceiling,-0.0030989766,5.4187054,,,-0.89249047,-2.1736984,0.17069688,-6.3861256
ml,w-none.g-high.v-none,100,warm_t,0.25,0.048635826,0.23432503,0.2331827,32,0.94907535,0.67573364,,,0.45307349,0.65108499,0.22693856,0.21402456,0.22632168,0.21496877,20,18,0.012426653,100,0.001,0.1,one_way,zero,0.68517482,,18750,6250,3533,165,3698,4695,1009.9093,997,2966,0.1879817,0.23455814,0.1879817,0.23455814,0.30298334,0.2886596,0.28874519,warm,-0.023311038,-13.934587,4.5201006,6.8425205,-0.0034067911,ceiling,-0.0034067911,5.4187054,,,-0.73864661,-2.0300467,0.17069688,-6.3861256
ml,w-none.g-high.v-none,101,cap_c,0,0.047596527,0.2475006,0.24619292,32,-0.060427541,0.091231332,,,0.45367584,0.67282695,0.24512009,0.23261256,0.24748085,0.23533396,20,20,0.024786268,30,1e-07,0.01,one_way,base_rate,0.34190795,,25000,0,4588,0,4588,4588,0,0,0,0.18730188,0.2306126,0.18730189,0.2306126,0.30089191,0.28384526,0.28383943,cap,1.6888007,-13.970536,5.8891032,7.0279311,0.24029842,linear,0.31728368,5.3226837,,,-0.23805101,-1.4888042,0.16990364,-6.0708957
ml,w-none.g-high.v-none,101,cap_c,0.01,0.047917727,0.24754539,0.24640389,32,-0.059041886,0.11176049,,,0.45364497,0.67296881,0.23999724,0.22764591,0.24615322,0.23403423,20,20,0.024786268,30,1e-07,0.01,one_way,base_rate,0.34284323,,24750,250,4540,8,4548,4588,39.950758,40,243,0.18730188,0.2306126,0.18730189,0.2306126,0.30089191,0.28384526,0.28383943,cap,1.6932794,-13.938416,5.9102001,7.0279311,0.24093569,linear,0.31812512,5.3226837,,,-0.75481517,-1.9899484,0.16990364,-6.0708957
ml,w-none.g-high.v-none,101,cap_c,0.05,0.048277532,0.248669,0.24731241,32,0,0,,,0.45366993,0.67311484,0.24485953,0.23236611,0.24773462,0.2355721,20,20,0.006394188,100,1e-05,0.01,symmetric,base_rate,0.33704162,,23750,1250,4361,38,4399,4588,199.75379,189,1060,0.18730188,0.2306126,0.18730189,0.2306126,0.30089191,0.28384526,0.28383943,cap,1.8056407,-13.902435,6.001052,7.0279311,0.25692351,linear,0.33923502,5.3226837,,,-0.38094685,-1.6302892,0.16990364,-6.0708957
ml,w-none.g-high.v-none,101,cap_c,0.1,0.049389284,0.24847804,0.24760541,32,-0.43218764,0.0046014077,,,0.45351295,0.67361303,0.25068208,0.2379183,0.25116068,0.23884191,20,20,0.006394188,100,1e-05,0.01,symmetric,base_rate,0.34893733,,22500,2500,4101,76,4177,4588,399.50758,411,1786,0.18730188,0.2306126,0.18730189,0.2306126,0.30089191,0.28384526,0.28383943,cap,1.7865447,-13.79126,6.0303528,7.0279311,0.25420635,linear,0.33564735,5.3226837,,,0.22040386,-1.0559741,0.16990364,-6.0708957
ml,w-none.g-high.v-none,101,cap_c,0.15,0.050379497,0.24801122,0.24791434,64,0,0,,,0.45361518,0.67342012,0.24624589,0.23360142,0.25082877,0.23829159,20,20,0.006394188,100,1e-05,0.01,symmetric,base_rate,0.36029899,,21250,3750,3876,107,3983,4588,599.26137,605,2330,0.18730188,0.2306126,0.18730189,0.2306126,0.30089191,0.28384526,0.28383943,cap,1.7398622,-13.692239,6.0612454,7.0279311,0.24756393,linear,0.32687687,5.3226837,,,-0.17653325,-1.4409802,0.16990364,-6.0708957
ml,w-none.g-high.v-none,101,cap_c,0.25,0.051707285,0.24753678,0.24753071,2048,0,0,,,0.45395748,0.6725852,0.25204599,0.23912658,0.25221136,0.23928412,20,20,0.006394188,100,1e-05,0.01,symmetric,base_rate,0.37412351,,18750,6250,3407,181,3588,4588,998.76894,1000,2903,0.18730188,0.2306126,0.18730189,0.2306126,0.30089191,0.28384526,0.28383943,cap,1.6924182,-13.55946,6.0228829,7.0279311,0.24081315,linear,0.31796332,5.3226837,,,0.45092147,-0.84101933,0.16990364,-6.0708957
ml,w-none.g-high.v-none,101,cap_t,0,0.047595931,0.24750044,0.24619248,32,1.1790535,0.25432377,,,0.45367607,0.67282689,0.24512009,0.23261256,0.24748147,0.23533452,20,20,0.024786268,30,1e-07,0.01,one_way,base_rate,0.34190795,,25000,0,4588,0,4588,4588,0,0,0,0.18730188,0.2306126,0.18730189,0.2306126,0.30089191,0.28384526,0.28383943,cap,1.6887841,-13.970595,5.8890595,7.0279311,0.24029605,linear,0.31728057,5.3226837,,,-0.23803441,-1.4887876,0.16990364,-6.0708957
ml,w-none.g-high.v-none,101,cap_t,0.01,0.047917255,0.24754276,0.24640348,32,1.3307271,0.14551231,,,0.4536452,0.67296894,0.23999724,0.22764591,0.24615642,0.23403727,20,20,0.024786268,30,1e-07,0.01,one_way,base_rate,0.34284323,,24750,250,4540,8,4548,4588,39.950758,40,243,0.18730188,0.2306126,0.18730189,0.2306126,0.30089191,0.28384526,0.28383943,cap,1.6930162,-13.938463,5.9101593,7.0279311,0.24089824,linear,0.31807568,5.3226837,,,-0.75455199,-1.9896853,0.16990364,-6.0708957
ml,w-none.g-high.v-none,101,cap_t,0.05,0.048277489,0.248669,0.24731229,32,0,0,,,0.45366995,0.67311507,0.24485953,0.23236611,0.24773444,0.23557193,20,20,0.006394188,100,1e-05,0.01,symmetric,base_rate,0.33704162,,23750,1250,4361,38,4399,4588,199.75379,189,1060,0.18730188,0.2306126,0.18730189,0.2306126,0.30089191,0.28384526,0.28383943,cap,1.8056407,-13.90244,6.0010401,7.0279311,0.25692351,linear,0.33923502,5.3226837,,,-0.38094685,-1.6302892,0.16990364,-6.0708957
ml,w-none.g-high.v-none,101,cap_t,0.1,0.049389249,0.24848204,0.24760534,32,-0.43212877,0.0042013949,,,0.45351295,0.67361259,0.25068136,0.23791758,0.25116095,0.23884217,20,20,0.006394188,100,1e-05,0.01,symmetric,base_rate,0.34893733,,22500,2500,4101,76,4177,4588,399.50758,411,1786,0.18730188,0.2306126,0.18730189,0.2306126,0.30089191,0.28384526,0.28383943,cap,1.7869447,-13.791264,6.0303453,7.0279311,0.25426327,linear,0.33572251,5.3226837,,,0.219932,-1.056446,0.16990364,-6.0708957
ml,w-none.g-high.v-none,101,cap_t,0.15,0.050379406,0.24801122,0.24791409,64,0,0,,,0.45361526,0.67341993,0.24624589,0.23360142,0.25082842,0.23829123,20,20,0.006394188,100,1e-05,0.01,symmetric,base_rate,0.36029899,,21250,3750,3876,107,3983,4588,599.26137,605,2330,0.18730188,0.2306126,0.18730189,0.2306126,0.30089191,0.28384526,0.28383943,cap,1.7398622,-13.692248,6.0612207,7.0279311,0.24756393,linear,0.32687687,5.3226837,,,-0.17653325,-1.4409802,0.16990364,-6.0708957
ml,w-none.g-high.v-none,101,cap_t,0.25,0.051707235,0.24753678,0.24753047,4096,0,0,,,0.45395747,0.67258501,0.25204599,0.23912658,0.25221932,0.23929365,20,20,0.006394188,100,1e-05,0.01,symmetric,base_rate,0.37412351,,18750,6250,3407,181,3588,4588,998.76894,1000,2903,0.18730188,0.2306126,0.18730189,0.2306126,0.30089191,0.28384526,0.28383943,cap,1.6924182,-13.559465,6.0228582,7.0279311,0.24081315,linear,0.31796332,5.3226837,,,0.45092147,-0.84101933,0.16990364,-6.0708957
ml,w-none.g-high.v-none,101,dm,,0.24302743,0.24301125,,,0.056569191,0.23256345,0.25390226,0.25268051,,,,,,,20,,0.0018834766,27,,,,,,23.242245,,,,,,,,,,,,0.18730189,0.2306126,0.30089191,0.28384526,0.28383943,reference,1.239865,5.572555,,7.0279311,0.17641963,linear,0.23293982,5.3226837,1.0874822,0.96530734,,,0.16990364,-6.0708957
ml,w-none.g-high.v-none,101,dm_own,,0.24283213,0.24292181,,,0.075067611,0.24363897,0.25376046,0.25253636,,,,,,,20,,0.00095490948,23,,,,,,12.201432,,,,,,,,,,,,0.18730189,0.2306126,0.30089191,0.28384526,0.28383943,reference,1.2309216,5.5530245,,7.0279311,0.17514709,linear,0.23125959,5.3226837,1.0928327,0.97042292,,,0.16990364,-6.0708957
ml,w-none.g-high.v-none,101,native_avg,0,0.027845412,0.16990364,,,-0.029303207,0,,,0.47282692,0.60809006,,,,,20,19,0.08281329,300,0.001,0,one_way,,0.0011395091,,25000,0,4588,0,4588,4588,0,0,0,0.18730188,0.2306126,0.18730189,0.2306126,0.30089191,0.28384526,0.28383943,native,-6.0708957,-15.945647,,7.0279311,-0.86382403,ceiling,-0.86382403,5.3226837,,,,,0.16990364,-6.0708957
ml,w-none.g-high.v-none,101,native_avg,0.01,0.029115639,0.083024542,,,-0.15616795,8.6879096,,,0.47110875,0.61641283,,,,,20,19,0.11459725,300,0,0.1,one_way,,0.69643646,,24750,250,4540,8,4548,4588,39.950758,40,243,0.18730188,0.2306126,0.18730189,0.2306126,0.30089191,0.28384526,0.28383943,native,-14.758805,-15.818625,,7.0279311,-2.1000214,ceiling,-2.1000214,5.3226837,,,,,0.16990364,-6.0708957
ml,w-none.g-high.v-none,101,native_avg,0.05,0.027839737,0.16990364,,,-0.028364233,0,,,0.47310936,0.60680051,,,,,20,19,0.08281329,300,0.001,0,one_way,,0.0013055834,,23750,1250,4361,38,4399,4588,199.75379,189,1060,0.18730188,0.2306126,0.18730189,0.2306126,0.30089191,0.28384526,0.28383943,native,-6.0708957,-15.946215,,7.0279311,-0.86382403,ceiling,-0.86382403,5.3226837,,,,,0.16990364,-6.0708957
ml,w-none.g-high.v-none,101,native_avg,0.1,0.027832933,0.16990364,,,-0.027609443,0,,,0.47323682,0.60733163,,,,,20,19,0.08281329,300,0.001,0,one_way,,0.0025024076,,22500,2500,4101,76,4177,4588,399.50758,411,1786,0.18730188,0.2306126,0.18730189,0.2306126,0.30089191,0.28384526,0.28383943,native,-6.0708957,-15.946895,,7.0279311,-0.86382403,ceiling,-0.86382403,5.3226837,,,,,0.16990364,-6.0708957
ml,w-none.g-high.v-none,101,native_avg,0.15,0.027823978,0.16990364,,,-0.026629657,0,,,0.47342198,0.60581609,,,,,20,19,0.08281329,300,0.001,0,one_way,,0.0028953191,,21250,3750,3876,107,3983,4588,599.26137,605,2330,0.18730188,0.2306126,0.18730189,0.2306126,0.30089191,0.28384526,0.28383943,native,-6.0708957,-15.947791,,7.0279311,-0.86382403,ceiling,-0.86382403,5.3226837,,,,,0.16990364,-6.0708957
ml,w-none.g-high.v-none,101,native_avg,0.25,0.027801865,0.16990364,,,-0.0247317,0,,,0.47385017,0.60336016,,,,,20,19,0.08281329,300,0.001,0,one_way,,0.0021310588,,18750,6250,3407,181,3588,4588,998.76894,1000,2903,0.18730188,0.2306126,0.18730189,0.2306126,0.30089191,0.28384526,0.28383943,native,-6.0708957,-15.950002,,7.0279311,-0.86382403,ceiling,-0.86382403,5.3226837,,,,,0.16990364,-6.0708957
ml,w-none.g-high.v-none,101,native_prod_c,0,0.028745562,0.083024542,,,-0.11684352,8.6879096,,,0.46937891,0.61733612,,,,,20,20,0.47985917,100,0.0001,10,one_way,,0.11703642,,25000,0,4588,0,4588,4588,0,0,0,0.18730188,0.2306126,0.18730189,0.2306126,0.30089191,0.28384526,0.28383943,native,-14.758805,-15.855632,,7.0279311,-2.1000214,ceiling,-2.1000214,5.3226837,,,,,0.16990364,-6.0708957
ml,w-none.g-high.v-none,101,native_prod_c,0.01,0.028814351,0.083024542,,,-0.12350268,8.6879096,,,0.46951296,0.61702205,,,,,20,20,0.47985917,100,0.0001,10,one_way,,-0.16558935,,24750,250,4540,8,4548,4588,39.950758,40,243,0.18730188,0.2306126,0.18730189,0.2306126,0.30089191,0.28384526,0.28383943,native,-14.758805,-15.848753,,7.0279311,-2.1000214,ceiling,-2.1000214,5.3226837,,,,,0.16990364,-6.0708957
ml,w-none.g-high.v-none,101,native_prod_c,0.05,0.029047912,0.083024542,,,-0.14617631,8.6879096,,,0.46994654,0.61717443,,,,,20,20,0.47985917,100,0.0001,10,one_way,,0.26471183,,23750,1250,4361,38,4399,4588,199.75379,189,1060,0.18730188,0.2306126,0.18730189,0.2306126,0.30089191,0.28384526,0.28383943,native,-14.758805,-15.825397,,7.0279311,-2.1000214,ceiling,-2.1000214,5.3226837,,,,,0.16990364,-6.0708957
ml,w-none.g-high.v-none,101,native_prod_c,0.1,0.029334866,0.1541287,,,-0.17405952,1.5774941,,,0.47021244,0.61933554,,,,,20,20,0.47985917,100,0.0001,10,one_way,,-0.12364319,,22500,2500,4101,76,4177,4588,399.50758,411,1786,0.18730188,0.2306126,0.18730189,0.2306126,0.30089191,0.28384526,0.28383943,native,-7.6483898,-15.796702,,7.0279311,-1.0882847,ceiling,-1.0882847,5.3226837,,,,,0.16990364,-6.0708957
ml,w-none.g-high.v-none,101,native_prod_c,0.15,0.029607734,0.070327122,,,-0.20014116,9.9576517,,,0.47160933,0.61813165,,,,,20,20,0.47985917,100,0.0001,10,one_way,,0.0052436586,,21250,3750,3876,107,3983,4588,599.26137,605,2330,0.18730188,0.2306126,0.18730189,0.2306126,0.30089191,0.28384526,0.28383943,native,-16.028547,-15.769415,,7.0279311,-2.2806922,ceiling,-2.2806922,5.3226837,,,,,0.16990364,-6.0708957
ml,w-none.g-high.v-none,101,native_prod_c,0.25,0.030021588,0.070327122,,,-0.24028004,9.9576517,,,0.47460256,0.61637422,,,,,20,20,0.47985917,100,0.0001,10,one_way,,-0.049567595,,18750,6250,3407,181,3588,4588,998.76894,1000,2903,0.18730188,0.2306126,0.18730189,0.2306126,0.30089191,0.28384526,0.28383943,native,-16.028547,-15.72803,,7.0279311,-2.2806922,ceiling,-2.2806922,5.3226837,,,,,0.16990364,-6.0708957
ml,w-none.g-high.v-none,101,native_prod_t,0,0.027498846,0.027473868,,,-4.23625e-08,0.10519745,,,0.48297708,0.58693888,,,,,20,20,0.00139426,100,1e-05,0.1,one_way,,-1.605028e-05,,25000,0,4588,0,4588,4588,0,0,0,0.18730188,0.2306126,0.18730189,0.2306126,0.30089191,0.28384526,0.28383943,native,-20.313873,-15.980304,,7.0279311,-2.8904485,ceiling,-2.8904485,5.3226837,,,,,0.16990364,-6.0708957
ml,w-none.g-high.v-none,101,native_prod_t,0.01,0.02749894,0.09379793,,,3.2972473e-05,0,,,0.48302898,0.58570073,,,,,20,20,0.00139426,100,1e-05,0.1,one_way,,-1.8371586e-05,,24750,250,4540,8,4548,4588,39.950758,40,243,0.18730188,0.2306126,0.18730189,0.2306126,0.30089191,0.28384526,0.28383943,native,-13.681467,-15.980295,,7.0279311,-1.9467275,ceiling,-1.9467275,5.3226837,,,,,0.16990364,-6.0708957
ml,w-none.g-high.v-none,101,native_prod_t,0.05,0.027499048,0.011888133,,,5.8053958e-05,5.7748603,,,0.48337259,0.58474273,,,,,20,20,0.00139426,100,1e-05,0.1,one_way,,-8.6423415e-06,,23750,1250,4361,38,4399,4588,199.75379,189,1060,0.18730188,0.2306126,0.18730189,0.2306126,0.30089191,0.28384526,0.28383943,native,-21.872446,-15.980284,,7.0279311,-3.112217,ceiling,-3.112217,5.3226837,,,,,0.16990364,-6.0708957
ml,w-none.g-high.v-none,101,native_prod_t,0.1,0.027499171,0.053097017,,,0.00013305996,0,,,0.48435192,0.57709308,,,,,20,20,0.00139426,100,1e-05,0.1,one_way,,-4.7822032e-05,,22500,2500,4101,76,4177,4588,399.50758,411,1786,0.18730188,0.2306126,0.18730189,0.2306126,0.30089191,0.28384526,0.28383943,native,-17.751558,-15.980271,,7.0279311,-2.5258583,ceiling,-2.5258583,5.3226837,,,,,0.16990364,-6.0708957
ml,w-none.g-high.v-none,101,native_prod_t,0.15,0.027499316,0.011888133,,,0.0014026371,4.1208884,,,0.48570029,0.56985355,,,,,20,20,0.00139426,100,1e-05,0.1,one_way,,-6.9747424e-05,,21250,3750,3876,107,3983,4588,599.26137,605,2330,0.18730188,0.2306126,0.18730189,0.2306126,0.30089191,0.28384526,0.28383943,native,-21.872446,-15.980257,,7.0279311,-3.112217,ceiling,-3.112217,5.3226837,,,,,0.16990364,-6.0708957
ml,w-none.g-high.v-none,101,native_prod_t,0.25,0.027499039,0.011888133,,,0.0029806497,4.1208884,,,0.48677791,0.55206183,,,,,20,20,0.0028810595,10,0.001,10,one_way,,-2.4884382e-06,,18750,6250,3407,181,3588,4588,998.76894,1000,2903,0.18730188,0.2306126,0.18730189,0.2306126,0.30089191,0.28384526,0.28383943,native,-21.872446,-15.980285,,7.0279311,-3.112217,ceiling,-3.112217,5.3226837,,,,,0.16990364,-6.0708957
ml,w-none.g-high.v-none,101,no_prop,,0.23466764,0.23608362,,,0.082679891,0.09646145,0.066985257,0.06368331,,,,,,,20,,0.00013633497,25,,,,,,4.5309405,,,,,,,,,,,,0.18730189,0.2306126,0.30089191,0.28384526,0.28383943,reference,0.54710214,4.7365759,,7.0279311,0.077846828,linear,0.1027869,5.3226837,-16.768239,-17.098433,,,0.16990364,-6.0708957
ml,w-none.g-high.v-none,101,opc,,0.24761382,0.24827002,,,0.024783464,0,0.24655801,0.23422116,,,,,,,20,,0.0014775144,19,,,,,,6.084898,,,,,,,,,,,,0.18730189,0.2306126,0.30089191,0.28384526,0.28383943,reference,1.7657428,6.0311934,,7.0279311,0.25124646,linear,0.33173919,5.3226837,-0.10558084,-1.3392658,,,0.16990364,-6.0708957
ml,w-none.g-high.v-none,101,opc_raw,,0.24399642,0.24411534,,,0.088845133,0.077230766,0.24544846,0.23289578,,,,,,,20,,0.00086303929,15,,,,,,28.031042,,,,,,,,,,,,0.18730189,0.2306126,0.30089191,0.28384526,0.28383943,reference,1.3502744,5.669453,,7.0279311,0.19212972,linear,0.25368301,5.3226837,0.14520396,-1.1100631,,,0.16990364,-6.0708957
ml,w-none.g-high.v-none,101,tempered_logger,,0.22739304,0.2306126,,,0.33249432,0,0.22393721,0.21410483,,,,,,,20,,,-1,,,,,,3.3312925,,,,,,,,,,,,0.18730189,0.2306126,0.30089191,0.28384526,0.28383943,reference,2.798228e-08,4.009115,,7.0279311,3.9815815e-09,linear,5.2571751e-09,5.3226837,-0.34558222,-1.3288206,,,0.16990364,-6.0708957
ml,w-none.g-high.v-none,101,warm_c,0,0.048357766,0.23751764,0.23749978,128,-0.69472744,0.0070668872,,,0.45635884,0.66598471,0.24109923,0.22822691,0.24093711,0.228341,20,20,0.14212818,10,0.001,0.01,symmetric,zero,0.72077423,,25000,0,4588,0,4588,4588,0,0,0,0.18730188,0.2306126,0.18730189,0.2306126,0.30089191,0.28384526,0.28383943,warm,0.69050408,-13.894412,5.0197894,7.0279311,0.098251402,ceiling,0.098251402,5.3226837,,,0.35815963,-0.92907306,0.16990364,-6.0708957
ml,w-none.g-high.v-none,101,warm_c,0.01,0.048675041,0.23753583,0.23750222,128,-0.6632776,0.028746241,,,0.45636731,0.66594178,0.24033466,0.22753272,0.24037385,0.22775891,20,20,0.14212818,10,0.001,0.01,symmetric,zero,0.72952974,,24750,250,4540,8,4548,4588,39.950758,40,243,0.18730188,0.2306126,0.18730189,0.2306126,0.30089191,0.28384526,0.28383943,warm,0.69232313,-13.862684,5.0200332,7.0279311,0.098510233,ceiling,0.098510233,5.3226837,,,0.27988317,-1.0003111,0.16990364,-6.0708957
ml,w-none.g-high.v-none,101,warm_c,0.05,0.049307056,0.23672211,0.23657853,64,0,0,,,0.45640116,0.66584055,0.23791053,0.22508212,0.23804714,0.22564572,20,20,0.14212818,10,0.001,0.01,symmetric,zero,0.74751174,,23750,1250,4361,38,4399,4588,199.75379,189,1060,0.18730188,0.2306126,0.18730189,0.2306126,0.30089191,0.28384526,0.28383943,warm,0.61095122,-13.799483,4.9276648,7.0279311,0.086931874,ceiling,0.086931874,5.3226837,,,0.11884257,-1.1639984,0.16990364,-6.0708957
ml,w-none.g-high.v-none,101,warm_c,0.1,0.049938071,0.23602646,0.23549433,32,0,0,,,0.45645528,0.66591102,0.23576756,0.22298175,0.23549956,0.22381939,20,20,0.14212818,10,0.001,0.01,symmetric,zero,0.76500034,,22500,2500,4101,76,4177,4588,399.50758,411,1786,0.18730188,0.2306126,0.18730189,0.2306126,0.30089191,0.28384526,0.28383943,warm,0.54138681,-13.736381,4.8192446,7.0279311,0.077033598,ceiling,0.077033598,5.3226837,,,-0.025890218,-1.3044717,0.16990364,-6.0708957
ml,w-none.g-high.v-none,101,warm_c,0.15,0.050498799,0.23537068,0.23469925,32,0,0,,,0.45652052,0.66594217,0.23416822,0.22140104,0.23453452,0.22279778,20,20,0.14212818,10,0.001,0.01,symmetric,zero,0.78027505,,21250,3750,3876,107,3983,4588,599.26137,605,2330,0.18730188,0.2306126,0.18730189,0.2306126,0.30089191,0.28384526,0.28383943,warm,0.47580877,-13.680309,4.7397361,7.0279311,0.067702538,ceiling,0.067702538,5.3226837,,,-0.12024681,-1.3969647,0.16990364,-6.0708957
ml,w-none.g-high.v-none,101,warm_c,0.25,0.051094114,0.2348467,0.23443637,32,-2.1350389,0.074626011,,,0.45678362,0.66539492,0.23007637,0.21735763,0.23155901,0.2198611,20,20,0.14212818,10,0.001,0.01,symmetric,zero,0.79673642,,18750,6250,3407,181,3588,4588,998.76894,1000,2903,0.18730188,0.2306126,0.18730189,0.2306126,0.30089191,0.28384526,0.28383943,warm,0.42341049,-13.620777,4.7134484,7.0279311,0.060246819,ceiling,0.060246819,5.3226837,,,-0.47703281,-1.7489073,0.16990364,-6.0708957
ml,w-none.g-high.v-none,101,warm_t,0,0.048112286,0.23238596,0.23231967,4096,0,0,,,0.45757978,0.6632895,0.23185005,0.21934789,0.23132734,0.21886425,20,20,0.14212818,10,0.001,0.01,symmetric,zero,0.72077423,,25000,0,4588,0,4588,4588,0,0,0,0.18730188,0.2306126,0.18730189,0.2306126,0.30089191,0.28384526,0.28383943,warm,0.17733638,-13.91896,4.5017783,7.0279311,0.025233085,ceiling,0.025233085,5.3226837,,,-0.053591422,-1.3038074,0.16990364,-6.0708957
ml,w-none.g-high.v-none,101,warm_t,0.01,0.048434806,0.23238756,0.23240775,4096,0,0,,,0.45752277,0.66336875,0.23180217,0.2193126,0.23195598,0.21947096,20,20,0.14212818,10,0.001,0.01,symmetric,zero,0.72952974,,24750,250,4540,8,4548,4588,39.950758,40,243,0.18730188,0.2306126,0.18730189,0.2306126,0.30089191,0.28384526,0.28383943,warm,0.17749633,-13.886708,4.5105864,7.0279311,0.025255844,ceiling,0.025255844,5.3226837,,,-0.058538832,-1.3074958,0.16990364,-6.0708957
ml,w-none.g-high.v-none,101,warm_t,0.05,0.049093731,0.23252797,0.23253072,4096,0,0,,,0.45741102,0.66348899,0.23266448,0.22016031,0.23264568,0.22014862,20,20,0.14212818,10,0.001,0.01,symmetric,zero,0.74751174,,23750,1250,4361,38,4399,4588,199.75379,189,1060,0.18730188,0.2306126,0.18730189,0.2306126,0.30089191,0.28384526,0.28383943,warm,0.19153747,-13.820815,4.5228833,7.0279311,0.027253749,ceiling,0.027253749,5.3226837,,,0.013650838,-1.2367656,0.16990364,-6.0708957
ml,w-none.g-high.v-none,101,warm_t,0.1,0.049740989,0.23253508,0.23249179,4096,0,0,,,0.4574096,0.6636414,0.23194202,0.21943587,0.23186465,0.21936784,20,20,0.14212818,10,0.001,0.01,symmetric,zero,0.76500034,,22500,2500,4101,76,4177,4588,399.50758,411,1786,0.18730188,0.2306126,0.18730189,0.2306126,0.30089191,0.28384526,0.28383943,warm,0.19224848,-13.75609,4.5189909,7.0279311,0.027354918,ceiling,0.027354918,5.3226837,,,-0.059305773,-1.3099207,0.16990364,-6.0708957
ml,w-none.g-high.v-none,101,warm_t,0.15,0.050308734,0.23251561,0.23252127,1024,0,0,,,0.45744743,0.66368582,0.23216084,0.21967175,0.23217116,0.21969013,20,20,0.14212818,10,0.001,0.01,symmetric,zero,0.78027505,,21250,3750,3876,107,3983,4588,599.26137,605,2330,0.18730188,0.2306126,0.18730189,0.2306126,0.30089191,0.28384526,0.28383943,warm,0.19030094,-13.699315,4.5219384,7.0279311,0.027077804,ceiling,0.027077804,5.3226837,,,-0.035476403,-1.2843853,0.16990364,-6.0708957
ml,w-none.g-high.v-none,101,warm_t,0.25,0.05093594,0.23293047,0.23291818,2048,0,0,,,0.45751327,0.66351658,0.23052381,0.21807702,0.23056397,0.21813024,20,20,0.14212818,10,0.001,0.01,symmetric,zero,0.79673642,,18750,6250,3407,181,3588,4588,998.76894,1000,2903,0.18730188,0.2306126,0.18730189,0.2306126,0.30089191,0.28384526,0.28383943,warm,0.23178755,-13.636594,4.5616295,7.0279311,0.032980908,ceiling,0.032980908,5.3226837,,,-0.24066578,-1.4853448,0.16990364,-6.0708957
anime,w-none.g-none.v-high,100,cap_c,0,0.040290417,0.23386419,0.23387845,4096,-0.26318977,0.0042593182,,,0.45517547,0.62809974,0.23268461,0.21936272,0.2327684,0.21945023,20,20,0.001582565,300,0,10,one_way,base_rate,0.165181,,25000,0,4611,0,4611,4611,0,0,0,0.18473591,0.22952611,0.18473591,0.22952611,0.29711784,0.25012224,0.25013157,cap,0.43380839,-14.44455,4.9142537,6.7591735,0.064180685,linear,0.21053076,2.0605463,,,-0.11795875,-1.4501475,0.1844479,-4.5078204
anime,w-none.g-none.v-high,100,cap_c,0.01,0.040722391,0.23409178,0.23406777,512,0,0,,,0.45501903,0.62829721,0.22948487,0.21626945,0.22983691,0.21661959,20,20,0.001582565,300,0,10,one_way,base_rate,0.16984408,,24750,250,4565,4,4569,4611,38.949699,42,245,0.18473591,0.22952611,0.18473591,0.22952611,0.29711784,0.25012224,0.25013157,cap,0.45656661,-14.401352,4.9331854,6.7591735,0.067547697,linear,0.22157551,2.0605463,,,-0.46069024,-1.7822324,0.1844479,-4.5078204
anime,w-none.g-none.v-high,100,cap_c,0.05,0.042196263,0.23443031,0.23443893,2048,0,0,,,0.4547968,0.62810503,0.23023777,0.21699863,0.2306315,0.21737985,20,20,0.001582565,300,0,10,one_way,base_rate,0.18411043,,23750,1250,4383,27,4410,4611,194.7485,201,1173,0.18473591,0.22952611,0.18473591,0.22952611,0.29711784,0.25012224,0.25013157,cap,0.49042031,-14.253965,4.9703019,6.7591735,0.072556254,linear,0.23800499,2.0605463,,,-0.41925395,-1.7431687,0.1844479,-4.5078204
anime,w-none.g-none.v-high,100,cap_c,0.1,0.04320452,0.23377901,0.23376941,4096,-0.55171828,0.0099981268,,,0.45473773,0.627967,0.23014738,0.21699987,0.23000434,0.21686891,20,20,0.001582565,300,0,10,one_way,base_rate,0.19475931,,22500,2500,4144,73,4217,4611,389.49699,394,2234,0.18473591,0.22952611,0.18473591,0.22952611,0.29711784,0.25012224,0.25013157,cap,0.42528968,-14.15314,4.903349,6.7591735,0.062920367,linear,0.20639656,2.0605463,,,-0.36316225,-1.6779135,0.1844479,-4.5078204
anime,w-none.g-none.v-high,100,cap_c,0.15,0.043658069,0.23443768,0.23442331,4096,-0.011195209,0.082422775,,,0.45462772,0.62842075,0.22830663,0.21501707,0.22871166,0.21539893,20,20,0.013905975,30,0.0001,1,one_way,base_rate,0.20249774,,21250,3750,3932,105,4037,4611,584.24549,574,3184,0.18473591,0.22952611,0.18473591,0.22952611,0.29711784,0.25012224,0.25013157,cap,0.49115682,-14.107785,4.9687397,6.7591735,0.072665219,linear,0.23836242,2.0605463,,,-0.61310498,-1.942061,0.1844479,-4.5078204
anime,w-none.g-none.v-high,100,cap_c,0.25,0.045319115,0.2348063,0.2348024,4096,-0.43809061,0.032585175,,,0.45475475,0.62813555,0.23505874,0.22163593,0.23491387,0.2214914,20,20,0.013905975,30,0.0001,1,one_way,base_rate,0.21569054,,18750,6250,3457,180,3637,4611,973.74248,974,4741,0.18473591,0.22952611,0.18473591,0.22952611,0.29711784,0.25012224,0.25013157,cap,0.5280194,-13.94168,5.006648,6.7591735,0.07811893,linear,0.25625214,2.0605463,,,0.025243716,-1.3170371,0.1844479,-4.5078204
anime,w-none.g-none.v-high,100,cap_t,0,0.040290472,0.23386761,0.23387887,4096,-0.26319562,0.0039088347,,,0.45517559,0.6280999,0.23268298,0.21936109,0.23278078,0.21946204,20,20,0.001582565,300,0,10,one_way,base_rate,0.165181,,25000,0,4611,0,4611,4611,0,0,0,0.18473591,0.22952611,0.18473591,0.22952611,0.29711784,0.25012224,0.25013157,cap,0.4341503,-14.444544,4.9142951,6.7591735,0.06423127,linear,0.21069669,2.0605463,,,-0.11846279,-1.4506517,0.1844479,-4.5078204
anime,w-none.g-none.v-high,100,cap_t,0.01,0.040722375,0.2340929,0.23406763,512,0,0,,,0.45501896,0.62829759,0.22948487,0.21626945,0.22983694,0.21661955,20,20,0.001582565,300,0,10,one_way,base_rate,0.16984408,,24750,250,4565,4,4569,4611,38.949699,42,245,0.18473591,0.22952611,0.18473591,0.22952611,0.29711784,0.25012224,0.25013157,cap,0.45667918,-14.401354,4.9331711,6.7591735,0.067564352,linear,0.22163014,2.0605463,,,-0.46080281,-1.782345,0.1844479,-4.5078204
anime,w-none.g-none.v-high,100,cap_t,0.05,0.042196326,0.23443031,0.23443894,2048,0,0,,,0.45479685,0.62810493,0.23023777,0.21699863,0.23063259,0.21738085,20,20,0.001582565,300,0,10,one_way,base_rate,0.18411043,,23750,1250,4383,27,4410,4611,194.7485,201,1173,0.18473591,0.22952611,0.18473591,0.22952611,0.29711784,0.25012224,0.25013157,cap,0.49042031,-14.253959,4.9703021,6.7591735,0.072556254,linear,0.23800499,2.0605463,,,-0.41925395,-1.7431687,0.1844479,-4.5078204
anime,w-none.g-none.v-high,100,cap_t,0.1,0.043204498,0.23377853,0.23376922,4096,-0.55166806,0.010701974,,,0.45473768,0.62796764,0.23014738,0.21699987,0.23001221,0.21687648,20,20,0.001582565,300,0,10,one_way,base_rate,0.19475931,,22500,2500,4144,73,4217,4611,389.49699,394,2234,0.18473591,0.22952611,0.18473591,0.22952611,0.29711784,0.25012224,0.25013157,cap,0.425242,-14.153142,4.9033308,6.7591735,0.062913313,linear,0.20637342,2.0605463,,,-0.36311457,-1.6778659,0.1844479,-4.5078204
anime,w-none.g-none.v-high,100,cap_t,0.15,0.04365836,0.23443105,0.23442083,4096,-0.011252662,0.083257401,,,0.45462746,0.62842267,0.22833652,0.21504709,0.22869147,0.21538037,20,20,0.013905975,30,0.0001,1,one_way,base_rate,0.20249774,,21250,3750,3932,105,4037,4611,584.24549,574,3184,0.18473591,0.22952611,0.18473591,0.22952611,0.29711784,0.25012224,0.25013157,cap,0.49049456,-14.107755,4.968492,6.7591735,0.072567238,linear,0.23804102,2.0605463,,,-0.60945332,-1.9383968,0.1844479,-4.5078204
anime,w-none.g-none.v-high,100,cap_t,0.25,0.04531887,0.23480529,0.23480241,4096,-0.43842483,0.033640063,,,0.45475441,0.62813517,0.23505874,0.22163593,0.23493326,0.22151061,20,20,0.013905975,30,0.0001,1,one_way,base_rate,0.21569054,,18750,6250,3457,180,3637,4611,973.74248,974,4741,0.18473591,0.22952611,0.18473591,0.22952611,0.29711784,0.25012224,0.25013157,cap,0.5279178,-13.941705,5.0066495,6.7591735,0.078103899,linear,0.25620283,2.0605463,,,0.025345312,-1.3169355,0.1844479,-4.5078204
anime,w-none.g-none.v-high,100,dm,,0.22959535,0.22978074,,,0.058627292,0.39334667,0.24745303,0.24657487,,,,,,,20,,0.00065131976,25,,,,,,8.911027,,,,,,,,,,,,0.18473591,0.22952611,0.29711784,0.25012224,0.25013157,reference,0.025462699,4.4859439,,6.7591735,0.003767132,linear,0.012357256,2.0605463,1.785768,1.6979518,,,0.1844479,-4.5078204
anime,w-none.g-none.v-high,100,dm_own,,0.230064,0.23044009,,,0.02483735,0.34799623,0.24666651,0.24578507,,,,,,,20,,0.00042218227,21,,,,,,6.1205864,,,,,,,,,,,,0.18473591,0.22952611,0.29711784,0.25012224,0.25013157,reference,0.091398287,4.5328082,,6.7591735,0.01352211,linear,0.044356337,2.0605463,1.6602509,1.5721073,,,0.1844479,-4.5078204
anime,w-none.g-none.v-high,100,native_avg,0,0.029126399,0.15774712,,,-0.0096743015,0,,,0.46549587,0.56219254,,,,,20,19,0.68508528,10,1e-06,0.1,one_way,,-0.0011949791,,25000,0,4611,0,4611,4611,0,0,0,0.18473591,0.22952611,0.18473591,0.22952611,0.29711784,0.25012224,0.25013157,native,-7.1778991,-15.560952,,6.7591735,-1.0619492,ceiling,-1.0619492,2.0605463,,,,,0.1844479,-4.5078204
anime,w-none.g-none.v-high,100,native_avg,0.01,0.029130276,0.15774712,,,-0.0098245468,0,,,0.46545622,0.56273891,,,,,20,19,0.68508528,10,1e-06,0.1,one_way,,0.0039053413,,24750,250,4565,4,4569,4611,38.949699,42,245,0.18473591,0.22952611,0.18473591,0.22952611,0.29711784,0.25012224,0.25013157,native,-7.1778991,-15.560564,,6.7591735,-1.0619492,ceiling,-1.0619492,2.0605463,,,,,0.1844479,-4.5078204
anime,w-none.g-none.v-high,100,native_avg,0.05,0.029127537,0.15774712,,,-0.0094363765,0,,,0.46554597,0.56181365,,,,,20,19,0.68508528,10,1e-06,0.1,one_way,,0.0029199549,,23750,1250,4383,27,4410,4611,194.7485,201,1173,0.18473591,0.22952611,0.18473591,0.22952611,0.29711784,0.25012224,0.25013157,native,-7.1778991,-15.560838,,6.7591735,-1.0619492,ceiling,-1.0619492,2.0605463,,,,,0.1844479,-4.5078204
anime,w-none.g-none.v-high,100,native_avg,0.1,0.029117979,0.15774712,,,-0.0089258855,0,,,0.46566254,0.56028364,,,,,20,19,0.68508528,10,1e-06,0.1,one_way,,0.0054536732,,22500,2500,4144,73,4217,4611,389.49699,394,2234,0.18473591,0.22952611,0.18473591,0.22952611,0.29711784,0.25012224,0.25013157,native,-7.1778991,-15.561794,,6.7591735,-1.0619492,ceiling,-1.0619492,2.0605463,,,,,0.1844479,-4.5078204
anime,w-none.g-none.v-high,100,native_avg,0.15,0.029112334,0.15774712,,,-0.0086819114,0,,,0.46593413,0.55815855,,,,,20,19,0.68508528,10,1e-06,0.1,one_way,,0.0019309567,,21250,3750,3932,105,4037,4611,584.24549,574,3184,0.18473591,0.22952611,0.18473591,0.22952611,0.29711784,0.25012224,0.25013157,native,-7.1778991,-15.562358,,6.7591735,-1.0619492,ceiling,-1.0619492,2.0605463,,,,,0.1844479,-4.5078204
anime,w-none.g-none.v-high,100,native_avg,0.25,0.029098507,0.15774712,,,-0.0080876046,0,,,0.46594554,0.55555261,,,,,20,19,0.68508528,10,1e-06,0.1,one_way,,0.0054699271,,18750,6250,3457,180,3637,4611,973.74248,974,4741,0.18473591,0.22952611,0.18473591,0.22952611,0.29711784,0.25012224,0.25013157,native,-7.1778991,-15.563741,,6.7591735,-1.0619492,ceiling,-1.0619492,2.0605463,,,,,0.1844479,-4.5078204
anime,w-none.g-none.v-high,100,native_prod_c,0,0.029297748,0.15774712,,,-0.035770307,0,,,0.46564242,0.56490131,,,,,20,20,0.049644208,300,1e-05,0.1,one_way,,0.0030987037,,25000,0,4611,0,4611,4611,0,0,0,0.18473591,0.22952611,0.18473591,0.22952611,0.29711784,0.25012224,0.25013157,native,-7.1778991,-15.543817,,6.7591735,-1.0619492,ceiling,-1.0619492,2.0605463,,,,,0.1844479,-4.5078204
anime,w-none.g-none.v-high,100,native_prod_c,0.01,0.02932004,0.15774712,,,-0.037958556,0,,,0.46555494,0.56543929,,,,,20,20,0.049644208,300,1e-05,0.1,one_way,,0.0028207663,,24750,250,4565,4,4569,4611,38.949699,42,245,0.18473591,0.22952611,0.18473591,0.22952611,0.29711784,0.25012224,0.25013157,native,-7.1778991,-15.541587,,6.7591735,-1.0619492,ceiling,-1.0619492,2.0605463,,,,,0.1844479,-4.5078204
anime,w-none.g-none.v-high,100,native_prod_c,0.05,0.029400179,0.15774712,,,-0.045794702,0,,,0.46552749,0.56683917,,,,,20,20,0.049644208,300,1e-05,0.1,one_way,,0.003792251,,23750,1250,4383,27,4410,4611,194.7485,201,1173,0.18473591,0.22952611,0.18473591,0.22952611,0.29711784,0.25012224,0.25013157,native,-7.1778991,-15.533574,,6.7591735,-1.0619492,ceiling,-1.0619492,2.0605463,,,,,0.1844479,-4.5078204
anime,w-none.g-none.v-high,100,native_prod_c,0.1,0.029478781,0.15774712,,,-0.053482969,0,,,0.46586797,0.56775176,,,,,20,20,0.049644208,300,1e-05,0.1,one_way,,0.003358752,,22500,2500,4144,73,4217,4611,389.49699,394,2234,0.18473591,0.22952611,0.18473591,0.22952611,0.29711784,0.25012224,0.25013157,native,-7.1778991,-15.525713,,6.7591735,-1.0619492,ceiling,-1.0619492,2.0605463,,,,,0.1844479,-4.5078204
anime,w-none.g-none.v-high,100,native_prod_c,0.15,0.029566986,0.1035294,,,-0.062122758,5.4217717,,,0.46660889,0.56774521,,,,,20,20,0.049644208,300,1e-05,0.1,one_way,,0.0034813408,,21250,3750,3932,105,4037,4611,584.24549,574,3184,0.18473591,0.22952611,0.18473591,0.22952611,0.29711784,0.25012224,0.25013157,native,-12.599671,-15.516893,,6.7591735,-1.8640845,ceiling,-1.8640845,2.0605463,,,,,0.1844479,-4.5078204
anime,w-none.g-none.v-high,100,native_prod_c,0.25,0.029819704,0.15774712,,,-0.087146237,0,,,0.46871408,0.56873414,,,,,20,20,0.82619078,30,0.0001,0,one_way,,-0.00329369,,18750,6250,3457,180,3637,4611,973.74248,974,4741,0.18473591,0.22952611,0.18473591,0.22952611,0.29711784,0.25012224,0.25013157,native,-7.1778991,-15.491621,,6.7591735,-1.0619492,ceiling,-1.0619492,2.0605463,,,,,0.1844479,-4.5078204
anime,w-none.g-none.v-high,100,native_prod_t,0,0.028937117,0.028706503,,,6.431877e-08,0.064689283,,,0.46957282,0.5188116,,,,,20,20,0.0054510265,300,1e-06,0.1,one_way,,-0.000151396,,25000,0,4611,0,4611,4611,0,0,0,0.18473591,0.22952611,0.18473591,0.22952611,0.29711784,0.25012224,0.25013157,native,-20.081961,-15.57988,,6.7591735,-2.9710675,ceiling,-2.9710675,2.0605463,,,,,0.1844479,-4.5078204
anime,w-none.g-none.v-high,100,native_prod_t,0.01,0.028937191,0.059288297,,,0,0,,,0.46959472,0.51931286,,,,,20,20,0.0054510265,300,1e-06,0.1,one_way,,-0.00015242292,,24750,250,4565,4,4569,4611,38.949699,42,245,0.18473591,0.22952611,0.18473591,0.22952611,0.29711784,0.25012224,0.25013157,native,-17.023781,-15.579872,,6.7591735,-2.5186188,ceiling,-2.5186188,2.0605463,,,,,0.1844479,-4.5078204
anime,w-none.g-none.v-high,100,native_prod_t,0.05,0.028937599,0.11277475,,,-4.2682626e-05,0,,,0.46964109,0.518412,,,,,20,20,0.36910691,3,0,100,one_way,,-0.0035218224,,23750,1250,4383,27,4410,4611,194.7485,201,1173,0.18473591,0.22952611,0.18473591,0.22952611,0.29711784,0.25012224,0.25013157,native,-11.675136,-15.579832,,6.7591735,-1.7273023,ceiling,-1.7273023,2.0605463,,,,,0.1844479,-4.5078204
anime,w-none.g-none.v-high,100,native_prod_t,0.1,0.028937171,0.11277475,,,1.8257978e-05,0,,,0.4696428,0.52233724,,,,,20,20,0.021385293,3,0.0001,1,one_way,,-1.968361e-05,,22500,2500,4144,73,4217,4611,389.49699,394,2234,0.18473591,0.22952611,0.18473591,0.22952611,0.29711784,0.25012224,0.25013157,native,-11.675136,-15.579874,,6.7591735,-1.7273023,ceiling,-1.7273023,2.0605463,,,,,0.1844479,-4.5078204
anime,w-none.g-none.v-high,100,native_prod_t,0.15,0.028937173,0.11277475,,,2.1713113e-05,0,,,0.4698007,0.52052881,,,,,20,20,0.021385293,3,0.0001,1,one_way,,-2.0504107e-05,,21250,3750,3932,105,4037,4611,584.24549,574,3184,0.18473591,0.22952611,0.18473591,0.22952611,0.29711784,0.25012224,0.25013157,native,-11.675136,-15.579874,,6.7591735,-1.7273023,ceiling,-1.7273023,2.0605463,,,,,0.1844479,-4.5078204
anime,w-none.g-none.v-high,100,native_prod_t,0.25,0.028937209,0.11277475,,,5.2215123e-05,0,,,0.46970043,0.51733624,,,,,20,20,0.016343664,3,1e-05,10,one_way,,-1.2717119e-06,,18750,6250,3457,180,3637,4611,973.74248,974,4741,0.18473591,0.22952611,0.18473591,0.22952611,0.29711784,0.25012224,0.25013157,native,-11.675136,-15.579871,,6.7591735,-1.7273023,ceiling,-1.7273023,2.0605463,,,,,0.1844479,-4.5078204
anime,w-none.g-none.v-high,100,no_prop,,0.23067959,0.23197749,,,0,0.17975153,0.048513707,0.045736591,,,,,,,20,,0.00036895768,7,,,,,,4.119349,,,,,,,,,,,,0.18473591,0.22952611,0.29711784,0.25012224,0.25013157,reference,0.24513809,4.5943671,,6.7591735,0.036267466,linear,0.11896752,2.0605463,-18.216588,-18.494299,,,0.1844479,-4.5078204
anime,w-none.g-none.v-high,100,opc,,0.2336241,0.23363754,,,0.025175983,0.22952253,0.2276634,0.21494649,,,,,,,20,,0.001475565,26,,,,,,35.855103,,,,,,,,,,,,0.18473591,0.22952611,0.29711784,0.25012224,0.25013157,reference,0.41114261,4.8888189,,6.7591735,0.06082735,linear,0.19953087,2.0605463,-0.59607063,-1.8677617,,,0.1844479,-4.5078204
anime,w-none.g-none.v-high,100,opc_raw,,0.23217097,0.23235678,,,0.12875185,0.29811427,0.2335225,0.22043245,,,,,,,20,,0.00059599627,19,,,,,,11.325959,,,,,,,,,,,,0.18473591,0.22952611,0.29711784,0.25012224,0.25013157,reference,0.28306696,4.7435057,,6.7591735,0.041878931,linear,0.13737471,2.0605463,0.13515326,-1.1738527,,,0.1844479,-4.5078204
anime,w-none.g-none.v-high,100,tempered_logger,,0.2295136,0.22952611,,,7.1270108e-05,0,0.21968381,0.20620604,,,,,,,20,,,-1,,,,,,58.955191,,,,,,,,,,,,0.18473591,0.22952611,0.29711784,0.25012224,0.25013157,reference,0,4.4777686,,6.7591735,0,linear,0,2.0605463,-0.98297894,-2.3307562,,,0.1844479,-4.5078204
anime,w-none.g-none.v-high,100,warm_c,0,0.043052603,0.23606771,0.23606834,4096,1.0436051,0.074216473,,,0.45395405,0.63070908,0.22997741,0.21638001,0.23045582,0.21684685,20,17,0.012426653,100,0.001,0.1,one_way,zero,0.40728757,,25000,0,4611,0,4611,4611,0,0,0,0.18473591,0.22952611,0.18473591,0.22952611,0.29711784,0.25012224,0.25013157,warm,0.65415998,-14.168331,5.1332426,6.7591735,0.09678106,ceiling,0.09678106,2.0605463,,,-0.60902992,-1.9687702,0.1844479,-4.5078204
anime,w-none.g-none.v-high,100,warm_c,0.01,0.043497206,0.23572972,0.23572193,4096,1.0255366,0.090494989,,,0.45393507,0.63068352,0.23049745,0.21694039,0.23042706,0.2168749,20,18,0.012426653,100,0.001,0.1,one_way,zero,0.41737631,,24750,250,4565,4,4569,4611,38.949699,42,245,0.18473591,0.22952611,0.18473591,0.22952611,0.29711784,0.25012224,0.25013157,warm,0.62036137,-14.123871,5.098601,6.7591735,0.091780655,ceiling,0.091780655,2.0605463,,,-0.52322776,-1.8789337,0.1844479,-4.5078204
anime,w-none.g-none.v-high,100,warm_c,0.05,0.044727609,0.23527992,0.235266,4096,0.95009788,0.089576329,,,0.45396319,0.63060543,0.22957532,0.21612201,0.22946951,0.21602585,20,17,0.012426653,100,0.001,0.1,one_way,zero,0.44471768,,23750,1250,4383,27,4410,4611,194.7485,201,1173,0.18473591,0.22952611,0.18473591,0.22952611,0.29711784,0.25012224,0.25013157,warm,0.57538135,-14.000831,5.0530087,6.7591735,0.085125992,ceiling,0.085125992,2.0605463,,,-0.57046022,-1.9157913,0.1844479,-4.5078204
anime,w-none.g-none.v-high,100,warm_c,0.1,0.043189098,0.23451078,0.23452312,4096,1.032336,0.1897571,,,0.45395515,0.63033842,0.22699001,0.2134145,0.2270105,0.21344207,20,17,0.073295025,10,0,10,one_way,zero,0.2239005,,22500,2500,4144,73,4217,4611,389.49699,394,2234,0.18473591,0.22952611,0.18473591,0.22952611,0.29711784,0.25012224,0.25013157,warm,0.49846726,-14.154682,4.97872,6.7591735,0.073746776,ceiling,0.073746776,2.0605463,,,-0.7520773,-2.1096279,0.1844479,-4.5078204
anime,w-none.g-none.v-high,100,warm_c,0.15,0.044360405,0.23411998,0.2338016,64,-0.35438563,0.25511755,,,0.45402125,0.63011996,0.22468168,0.21110996,0.2245743,0.21148599,20,17,0.073295025,10,0,10,one_way,zero,0.23819545,,21250,3750,3932,105,4037,4611,584.24549,574,3184,0.18473591,0.22952611,0.18473591,0.22952611,0.29711784,0.25012224,0.25013157,warm,0.45938693,-14.037551,4.9065683,6.7591735,0.067964956,ceiling,0.067964956,2.0605463,,,-0.9438301,-2.3010014,0.1844479,-4.5078204
anime,w-none.g-none.v-high,100,warm_c,0.25,0.042480136,0.2366074,0.23658886,512,0,0,,,0.45405453,0.63054648,0.22914466,0.21616441,0.22912073,0.2161843,20,17,0.052891643,30,1e-06,1000,symmetric,zero,0.21393941,,18750,6250,3457,180,3637,4611,973.74248,974,4741,0.18473591,0.22952611,0.18473591,0.22952611,0.29711784,0.25012224,0.25013157,warm,0.70812923,-14.225578,5.185295,6.7591735,0.10476565,ceiling,0.10476565,2.0605463,,,-0.74627405,-2.0442993,0.1844479,-4.5078204
anime,w-none.g-none.v-high,100,warm_t,0,0.042994657,0.22957006,0.22956335,4096,1.0206882,0.077073173,,,0.45438504,0.62911324,0.22051806,0.20693185,0.22047397,0.20690602,20,17,0.012426653,100,0.001,0.1,one_way,zero,0.40728757,,25000,0,4611,0,4611,4611,0,0,0,0.18473591,0.22952611,0.18473591,0.22952611,0.29711784,0.25012224,0.25013157,warm,0.0043948071,-14.174126,4.4827437,6.7591735,0.00065019888,ceiling,0.00065019888,2.0605463,,,-0.90519975,-2.2638204,0.1844479,-4.5078204
anime,w-none.g-none.v-high,100,warm_t,0.01,0.043439567,0.22956698,0.22955983,4096,1.0027612,0.076595369,,,0.45435285,0.6291151,0.22098068,0.20737364,0.22086687,0.20727987,20,18,0.012426653,100,0.001,0.1,one_way,zero,0.41737631,,24750,250,4565,4,4569,4611,38.949699,42,245,0.18473591,0.22952611,0.18473591,0.22952611,0.29711784,0.25012224,0.25013157,warm,0.0040875523,-14.129635,4.4823912,6.7591735,0.00060474143,ceiling,0.00060474143,2.0605463,,,-0.85863079,-2.2193348,0.1844479,-4.5078204
anime,w-none.g-none.v-high,100,warm_t,0.05,0.044669682,0.22957726,0.22957385,4096,0.92863083,0.086666215,,,0.45434915,0.6291262,0.22134299,0.2077139,0.22114755,0.20754265,20,17,0.012426653,100,0.001,0.1,one_way,zero,0.44471768,,23750,1250,4383,27,4410,4611,194.7485,201,1173,0.18473591,0.22952611,0.18473591,0.22952611,0.29711784,0.25012224,0.25013157,warm,0.0051153486,-14.006623,4.4837939,6.7591735,0.0007568009,ceiling,0.0007568009,2.0605463,,,-0.82342735,-2.1863362,0.1844479,-4.5078204
anime,w-none.g-none.v-high,100,warm_t,0.1,0.04315584,0.2295377,0.22953086,4096,1.010894,0.09272456,,,0.45434844,0.62903439,0.22131481,0.20767203,0.22114851,0.20752361,20,17,0.073295025,10,0,10,one_way,zero,0.2239005,,22500,2500,4144,73,4217,4611,389.49699,394,2234,0.18473591,0.22952611,0.18473591,0.22952611,0.29711784,0.25012224,0.25013157,warm,0.0011588465,-14.158007,4.4794942,6.7591735,0.00017144796,ceiling,0.00017144796,2.0605463,,,-0.82228849,-2.1865668,0.1844479,-4.5078204
anime,w-none.g-none.v-high,100,warm_t,0.15,0.044327085,0.22954154,0.22954688,4096,0.91571471,0.10145063,,,0.45433747,0.62902798,0.22160603,0.20795496,0.22122839,0.20759723,20,17,0.073295025,10,0,10,one_way,zero,0.23819545,,21250,3750,3932,105,4037,4611,584.24549,574,3184,0.18473591,0.22952611,0.18473591,0.22952611,0.29711784,0.25012224,0.25013157,warm,0.0015434961,-14.040883,4.481096,6.7591735,0.00022835575,ceiling,0.00022835575,2.0605463,,,-0.79355142,-2.1586584,0.1844479,-4.5078204
anime,w-none.g-none.v-high,100,warm_t,0.25,0.044600468,0.22954002,0.22954329,4096,0.80815043,0.098169524,,,0.45439073,0.62900727,0.2208591,0.20718077,0.22092637,0.20725914,20,17,0.0060192934,100,0.0001,0.1,one_way,zero,0.24867475,,18750,6250,3457,180,3637,4611,973.74248,974,4741,0.18473591,0.22952611,0.18473591,0.22952611,0.29711784,0.25012224,0.25013157,warm,0.0013909825,-14.013545,4.4807376,6.7591735,0.00020579181,ceiling,0.00020579181,2.0605463,,,-0.86809202,-2.2359246,0.1844479,-4.5078204
anime,w-none.g-none.v-high,101,cap_c,0,0.039953756,0.22333871,0.2215741,32,-0.31884397,0.31532464,,,0.44688868,0.63350202,0.22212364,0.20892473,0.22263427,0.21035507,20,20,0.024786268,30,1e-07,0.01,one_way,base_rate,0.20614249,,25000,0,4348,0,4348,4348,0,0,0,0.17750269,0.22230961,0.17750269,0.22230961,0.29792488,0.24581102,0.24582524,cap,0.10291029,-13.754893,4.407141,7.561527,0.013609723,linear,0.043762511,2.3515627,,,-0.12150699,-1.4413986,0.18363729,-3.8672325
anime,w-none.g-none.v-high,101,cap_c,0.01,0.040206359,0.22349146,0.22350292,4096,-0.30671092,0.32962311,,,0.44685657,0.63346877,0.22408495,0.21084713,0.22420193,0.21096601,20,19,0.024786268,30,1e-07,0.01,one_way,base_rate,0.20798628,,24750,250,4299,7,4306,4348,37.408801,42,248,0.17750269,0.22230961,0.17750269,0.22230961,0.29792488,0.24581102,0.24582524,cap,0.11818479,-13.729633,4.6000233,7.561527,0.015629752,linear,0.050257979,2.3515627,,,0.059349076,-1.2644331,0.18363729,-3.8672325
anime,w-none.g-none.v-high,101,cap_c,0.05,0.041338493,0.22359922,0.22319749,64,-0.28948072,0.32603673,,,0.44684927,0.63326202,0.22136017,0.20822924,0.22510183,0.21218287,20,19,0.024786268,30,1e-07,0.01,one_way,base_rate,0.2190595,,23750,1250,4133,33,4166,4348,187.04401,182,1180,0.17750269,0.22230961,0.17750269,0.22230961,0.29792488,0.24581102,0.24582524,cap,0.12896047,-13.61642,4.5694796,7.561527,0.017054819,linear,0.054840329,2.3515627,,,-0.22390499,-1.5369976,0.18363729,-3.8672325
anime,w-none.g-none.v-high,101,cap_c,0.1,0.039783786,0.2271089,0.22710152,4096,0,0,,,0.44679399,0.63479602,0.22766324,0.21436419,0.22752674,0.21423429,20,20,0.0019470466,300,0.0001,100,one_way,base_rate,0.18245508,,22500,2500,3899,70,3969,4348,374.08801,379,2230,0.17750269,0.22230961,0.17750269,0.22230961,0.29792488,0.24581102,0.24582524,cap,0.47992888,-13.77189,4.9598826,7.561527,0.063469836,linear,0.20408934,2.3515627,,,0.055434033,-1.2744707,0.18363729,-3.8672325
anime,w-none.g-none.v-high,101,cap_c,0.15,0.040628498,0.2274107,0.22740553,4096,0,0,,,0.44669932,0.63451369,0.22957866,0.21626238,0.22961429,0.21630237,20,20,0.0019470466,300,0.0001,100,one_way,base_rate,0.19084612,,21250,3750,3676,111,3787,4348,561.13202,561,3162,0.17750269,0.22230961,0.17750269,0.22230961,0.29792488,0.24581102,0.24582524,cap,0.51010929,-13.687419,4.9902842,7.561527,0.067461148,linear,0.21692353,2.3515627,,,0.21679518,-1.1148328,0.18363729,-3.8672325
anime,w-none.g-none.v-high,101,cap_c,0.25,0.042666384,0.22698569,0.22693853,128,0,0,,,0.44685418,0.63377049,0.22995919,0.21640982,0.23139119,0.21793281,20,20,0.0019470466,300,0.0001,100,one_way,base_rate,0.21081659,,18750,6250,3246,185,3431,4348,935.22003,917,4697,0.17750269,0.22230961,0.17750269,0.22230961,0.29792488,0.24581102,0.24582524,cap,0.46760747,-13.483631,4.9435842,7.561527,0.061840349,linear,0.19884967,2.3515627,,,0.29735058,-1.0575865,0.18363729,-3.8672325
anime,w-none.g-none.v-high,101,cap_t,0,0.039953703,0.2233385,0.22157394,32,-0.31885787,0.31530193,,,0.44688871,0.63350235,0.22212364,0.20892473,0.22263403,0.21035486,20,20,0.024786268,30,1e-07,0.01,one_way,base_rate,0.20614249,,25000,0,4348,0,4348,4348,0,0,0,0.17750269,0.22230961,0.17750269,0.22230961,0.29792488,0.24581102,0.24582524,cap,0.1028893,-13.754899,4.4071247,7.561527,0.013606947,linear,0.043753585,2.3515627,,,-0.121486,-1.4413776,0.18363729,-3.8672325
anime,w-none.g-none.v-high,101,cap_t,0.01,0.040206322,0.22349258,0.22350306,4096,-0.30673899,0.32903263,,,0.44685659,0.63346863,0.22414538,0.21090803,0.2242009,0.21096494,20,19,0.024786268,30,1e-07,0.01,one_way,base_rate,0.20798628,,24750,250,4299,7,4306,4348,37.408801,42,248,0.17750269,0.22230961,0.17750269,0.22230961,0.29792488,0.24581102,0.24582524,cap,0.11829638,-13.729637,4.6000367,7.561527,0.015644509,linear,0.050305432,2.3515627,,,0.065280221,-1.2584545,0.18363729,-3.8672325
anime,w-none.g-none.v-high,101,cap_t,0.05,0.041338413,0.22359859,0.22319734,64,-0.28943392,0.32602472,,,0.44684926,0.6332621,0.22136017,0.20822924,0.22510175,0.21218277,20,19,0.024786268,30,1e-07,0.01,one_way,base_rate,0.2190595,,23750,1250,4133,33,4166,4348,187.04401,182,1180,0.17750269,0.22230961,0.17750269,0.22230961,0.29792488,0.24581102,0.24582524,cap,0.12889809,-13.616428,4.5694651,7.561527,0.017046569,linear,0.054813801,2.3515627,,,-0.2238426,-1.5369352,0.18363729,-3.8672325
anime,w-none.g-none.v-high,101,cap_t,0.1,0.039783536,0.22710496,0.22709907,4096,0,0,,,0.44679388,0.63479551,0.22753084,0.21423461,0.22750945,0.21421701,20,20,0.0019470466,300,0.0001,100,one_way,base_rate,0.18245508,,22500,2500,3899,70,3969,4348,374.08801,379,2230,0.17750269,0.22230961,0.17750269,0.22230961,0.29792488,0.24581102,0.24582524,cap,0.47953505,-13.771915,4.9596382,7.561527,0.063417753,linear,0.20392186,2.3515627,,,0.042587994,-1.2870349,0.18363729,-3.8672325
anime,w-none.g-none.v-high,101,cap_t,0.15,0.040627886,0.22740845,0.22740518,4096,0,0,,,0.44669968,0.63451032,0.22978932,0.2164487,0.22963184,0.21631733,20,20,0.0019470466,300,0.0001,100,one_way,base_rate,0.19084612,,21250,3750,3676,111,3787,4348,561.13202,561,3162,0.17750269,0.22230961,0.17750269,0.22230961,0.29792488,0.24581102,0.24582524,cap,0.50988386,-13.68748,4.9902488,7.561527,0.067431335,linear,0.21682767,2.3515627,,,0.23808673,-1.0959753,0.18363729,-3.8672325
anime,w-none.g-none.v-high,101,cap_t,0.25,0.042666831,0.22698966,0.2269399,128,0,0,,,0.44685386,0.63377097,0.22995928,0.21640991,0.23140393,0.21794505,20,20,0.0019470466,300,0.0001,100,one_way,base_rate,0.21081659,,18750,6250,3246,185,3431,4348,935.22003,917,4697,0.17750269,0.22230961,0.17750269,0.22230961,0.29792488,0.24581102,0.24582524,cap,0.46800503,-13.483586,4.9437206,7.561527,0.061892927,linear,0.19901874,2.3515627,,,0.29696162,-1.0579757,0.18363729,-3.8672325
anime,w-none.g-none.v-high,101,dm,,0.21861851,0.21860749,,,0.24326665,0.91346009,0.23520334,0.23440028,,,,,,,20,,0.0018834766,27,,,,,,24.545023,,,,,,,,,,,,0.17750269,0.22230961,0.29792488,0.24581102,0.24582524,reference,-0.37021245,4.111582,,7.561527,-0.048960012,linear,-0.15743253,2.3515627,1.6584831,1.5781768,,,0.18363729,-3.8672325
anime,w-none.g-none.v-high,101,dm_own,,0.21915912,0.21924982,,,0.18225982,0.85270351,0.23497178,0.23416729,,,,,,,20,,0.00095490948,23,,,,,,12.276248,,,,,,,,,,,,0.17750269,0.22230961,0.29792488,0.24581102,0.24582524,reference,-0.30597937,4.1656428,,7.561527,-0.040465288,linear,-0.13011746,2.3515627,1.5812659,1.5008171,,,0.18363729,-3.8672325
anime,w-none.g-none.v-high,101,native_avg,0,0.027958243,0.15628551,,,-0.0095242447,2.7351772,,,0.45942504,0.56749761,,,,,20,19,0.08281329,300,0.001,0,one_way,,0.00030262041,,25000,0,4348,0,4348,4348,0,0,0,0.17750269,0.22230961,0.17750269,0.22230961,0.29792488,0.24581102,0.24582524,native,-6.6024097,-14.954445,,7.561527,-0.87315826,ceiling,-0.87315826,2.3515627,,,,,0.18363729,-3.8672325
anime,w-none.g-none.v-high,101,native_avg,0.01,0.027960661,0.15628551,,,-0.0097594117,2.7351772,,,0.4594485,0.5668572,,,,,20,19,0.08281329,300,0.001,0,one_way,,0.00024688593,,24750,250,4299,7,4306,4348,37.408801,42,248,0.17750269,0.22230961,0.17750269,0.22230961,0.29792488,0.24581102,0.24582524,native,-6.6024097,-14.954203,,7.561527,-0.87315826,ceiling,-0.87315826,2.3515627,,,,,0.18363729,-3.8672325
anime,w-none.g-none.v-high,101,native_avg,0.05,0.027960539,0.15628551,,,-0.0097192063,2.7351772,,,0.45950157,0.56671732,,,,,20,19,0.08281329,300,0.001,0,one_way,,0.00015013071,,23750,1250,4133,33,4166,4348,187.04401,182,1180,0.17750269,0.22230961,0.17750269,0.22230961,0.29792488,0.24581102,0.24582524,native,-6.6024097,-14.954215,,7.561527,-0.87315826,ceiling,-0.87315826,2.3515627,,,,,0.18363729,-3.8672325
anime,w-none.g-none.v-high,101,native_avg,0.1,0.027957135,0.15628551,,,-0.0093500149,2.7351772,,,0.45952957,0.56716709,,,,,20,19,0.08281329,300,0.001,0,one_way,,8.6401902e-05,,22500,2500,3899,70,3969,4348,374.08801,379,2230,0.17750269,0.22230961,0.17750269,0.22230961,0.29792488,0.24581102,0.24582524,native,-6.6024097,-14.954556,,7.561527,-0.87315826,ceiling,-0.87315826,2.3515627,,,,,0.18363729,-3.8672325
anime,w-none.g-none.v-high,101,native_avg,0.15,0.027953902,0.15628551,,,-0.008999129,2.7351772,,,0.45958142,0.56402723,,,,,20,19,0.08281329,300,0.001,0,one_way,,5.1050163e-05,,21250,3750,3676,111,3787,4348,561.13202,561,3162,0.17750269,0.22230961,0.17750269,0.22230961,0.29792488,0.24581102,0.24582524,native,-6.6024097,-14.954879,,7.561527,-0.87315826,ceiling,-0.87315826,2.3515627,,,,,0.18363729,-3.8672325
anime,w-none.g-none.v-high,101,native_avg,0.25,0.027949582,0.15628551,,,-0.0085136515,2.7351772,,,0.45976105,0.56085233,,,,,20,19,0.08281329,300,0.001,0,one_way,,2.5993428e-05,,18750,6250,3246,185,3431,4348,935.22003,917,4697,0.17750269,0.22230961,0.17750269,0.22230961,0.29792488,0.24581102,0.24582524,native,-6.6024097,-14.955311,,7.561527,-0.87315826,ceiling,-0.87315826,2.3515627,,,,,0.18363729,-3.8672325
anime,w-none.g-none.v-high,101,native_prod_c,0,0.028052173,0.18363729,,,-0.018892107,0,,,0.45872016,0.56742195,,,,,20,20,0.080953418,100,1e-05,100,one_way,,-0.0020399636,,25000,0,4348,0,4348,4348,0,0,0,0.17750269,0.22230961,0.17750269,0.22230961,0.29792488,0.24581102,0.24582524,native,-3.8672325,-14.945052,,7.561527,-0.5114354,ceiling,-0.5114354,2.3515627,,,,,0.18363729,-3.8672325
anime,w-none.g-none.v-high,101,native_prod_c,0.01,0.028063525,0.18363729,,,-0.020021627,0,,,0.45877035,0.56705518,,,,,20,20,0.080953418,100,1e-05,100,one_way,,-0.0034057258,,24750,250,4299,7,4306,4348,37.408801,42,248,0.17750269,0.22230961,0.17750269,0.22230961,0.29792488,0.24581102,0.24582524,native,-3.8672325,-14.943917,,7.561527,-0.5114354,ceiling,-0.5114354,2.3515627,,,,,0.18363729,-3.8672325
anime,w-none.g-none.v-high,101,native_prod_c,0.05,0.028103422,0.18363729,,,-0.023986278,0,,,0.4588437,0.56885225,,,,,20,20,0.080953418,100,1e-05,100,one_way,,-0.0076031382,,23750,1250,4133,33,4166,4348,187.04401,182,1180,0.17750269,0.22230961,0.17750269,0.22230961,0.29792488,0.24581102,0.24582524,native,-3.8672325,-14.939927,,7.561527,-0.5114354,ceiling,-0.5114354,2.3515627,,,,,0.18363729,-3.8672325
anime,w-none.g-none.v-high,101,native_prod_c,0.1,0.028144262,0.18363729,,,-0.028042354,0,,,0.459137,0.5714579,,,,,20,20,0.080953418,100,1e-05,100,one_way,,-0.0027021964,,22500,2500,3899,70,3969,4348,374.08801,379,2230,0.17750269,0.22230961,0.17750269,0.22230961,0.29792488,0.24581102,0.24582524,native,-3.8672325,-14.935843,,7.561527,-0.5114354,ceiling,-0.5114354,2.3515627,,,,,0.18363729,-3.8672325
anime,w-none.g-none.v-high,101,native_prod_c,0.15,0.028182264,0.18363729,,,-0.031815418,0,,,0.45986214,0.57183544,,,,,20,20,0.080953418,100,1e-05,100,one_way,,0.0020692919,,21250,3750,3676,111,3787,4348,561.13202,561,3162,0.17750269,0.22230961,0.17750269,0.22230961,0.29792488,0.24581102,0.24582524,native,-3.8672325,-14.932043,,7.561527,-0.5114354,ceiling,-0.5114354,2.3515627,,,,,0.18363729,-3.8672325
anime,w-none.g-none.v-high,101,native_prod_c,0.25,0.028252962,0.15628551,,,-0.038830255,2.7351772,,,0.46267892,0.57181601,,,,,20,20,0.080953418,100,1e-05,100,one_way,,0.0035915407,,18750,6250,3246,185,3431,4348,935.22003,917,4697,0.17750269,0.22230961,0.17750269,0.22230961,0.29792488,0.24581102,0.24582524,native,-6.6024097,-14.924973,,7.561527,-0.87315826,ceiling,-0.87315826,2.3515627,,,,,0.18363729,-3.8672325
anime,w-none.g-none.v-high,101,native_prod_t,0,0.027867485,0.027640052,,,8.0748901e-09,0.13418198,,,0.46287042,0.50990088,,,,,20,20,0.00139426,100,1e-05,0.1,one_way,,-1.0137247e-05,,25000,0,4348,0,4348,4348,0,0,0,0.17750269,0.22230961,0.17750269,0.22230961,0.29792488,0.24581102,0.24582524,native,-19.466956,-14.963521,,7.561527,-2.5744742,ceiling,-2.5744742,2.3515627,,,,,0.18363729,-3.8672325
anime,w-none.g-none.v-high,101,native_prod_t,0.01,0.0278675,0.019931207,,,1.9948514e-05,0.75508487,,,0.46287435,0.50921762,,,,,20,20,0.00139426,100,1e-05,0.1,one_way,,-1.2708416e-05,,24750,250,4299,7,4306,4348,37.408801,42,248,0.17750269,0.22230961,0.17750269,0.22230961,0.29792488,0.24581102,0.24582524,native,-20.237841,-14.963519,,7.561527,-2.6764224,ceiling,-2.6764224,2.3515627,,,,,0.18363729,-3.8672325
anime,w-none.g-none.v-high,101,native_prod_t,0.05,0.02786754,0.014424383,,,0.00014567475,4.7884354,,,0.46302783,0.51127683,,,,,20,20,0.00139426,100,1e-05,0.1,one_way,,-1.5564303e-05,,23750,1250,4133,33,4166,4348,187.04401,182,1180,0.17750269,0.22230961,0.17750269,0.22230961,0.29792488,0.24581102,0.24582524,native,-20.788523,-14.963515,,7.561527,-2.7492493,ceiling,-2.7492493,2.3515627,,,,,0.18363729,-3.8672325
anime,w-none.g-none.v-high,101,native_prod_t,0.1,0.027867629,0.12560226,,,4.8208694e-05,0,,,0.46361936,0.50980294,,,,,20,20,0.00139426,100,1e-05,0.1,one_way,,-1.3295584e-05,,22500,2500,3899,70,3969,4348,374.08801,379,2230,0.17750269,0.22230961,0.17750269,0.22230961,0.29792488,0.24581102,0.24582524,native,-9.6707355,-14.963506,,7.561527,-1.2789395,ceiling,-1.2789395,2.3515627,,,,,0.18363729,-3.8672325
anime,w-none.g-none.v-high,101,native_prod_t,0.15,0.027867676,0.12560226,,,0.00052097743,0,,,0.46457914,0.51026891,,,,,20,20,0.00139426,100,1e-05,0.1,one_way,,-1.3629629e-05,,21250,3750,3676,111,3787,4348,561.13202,561,3162,0.17750269,0.22230961,0.17750269,0.22230961,0.29792488,0.24581102,0.24582524,native,-9.6707355,-14.963501,,7.561527,-1.2789395,ceiling,-1.2789395,2.3515627,,,,,0.18363729,-3.8672325
anime,w-none.g-none.v-high,101,native_prod_t,0.25,0.027867814,0.048478888,,,0.00012334192,0,,,0.46770463,0.50964183,,,,,20,20,0.00139426,100,1e-05,0.1,one_way,,-1.6274966e-05,,18750,6250,3246,185,3431,4348,935.22003,917,4697,0.17750269,0.22230961,0.17750269,0.22230961,0.29792488,0.24581102,0.24582524,native,-17.383072,-14.963488,,7.561527,-2.2988839,ceiling,-2.2988839,2.3515627,,,,,0.18363729,-3.8672325
anime,w-none.g-none.v-high,101,no_prop,,0.22209366,0.22256053,,,0.013326216,0.47733429,0.048386894,0.045538217,,,,,,,20,,0.00022118259,28,,,,,,6.4578905,,,,,,,,,,,,0.17750269,0.22230961,0.29792488,0.24581102,0.24582524,reference,0.025091371,4.4590972,,7.561527,0.0033182941,linear,0.010670084,2.3515627,-17.370677,-17.655545,,,0.18363729,-3.8672325
anime,w-none.g-none.v-high,101,opc,,0.22422079,0.22423149,,,0.07468035,0.33716039,0.22306024,0.21026179,,,,,,,20,,0.00086303929,15,,,,,,35.672028,,,,,,,,,,,,0.17750269,0.22230961,0.29792488,0.24581102,0.24582524,reference,0.19218788,4.67181,,7.561527,0.025416543,linear,0.081727729,2.3515627,-0.11605555,-1.3958996,,,0.18363729,-3.8672325
anime,w-none.g-none.v-high,101,opc_raw,,0.22302778,0.22331052,,,0.060272725,0.35897377,0.22448975,0.21126916,,,,,,,20,,0.00022118259,28,,,,,,8.8879271,,,,,,,,,,,,0.17750269,0.22230961,0.29792488,0.24581102,0.24582524,reference,0.10009127,4.5525089,,7.561527,0.013236913,linear,0.042563727,2.3515627,0.14619686,-1.1758623,,,0.18363729,-3.8672325
anime,w-none.g-none.v-high,101,tempered_logger,,0.21937921,0.22230961,,,0.28719881,0,0.21410865,0.20331086,,,,,,,20,,,-1,,,,,,3.1670399,,,,,,,,,,,,0.17750269,0.22230961,0.29792488,0.24581102,0.24582524,reference,-1.110223e-14,4.1876518,,7.561527,-1.4682524e-15,linear,-4.7212138e-15,2.3515627,-0.52705621,-1.6068345,,,0.18363729,-3.8672325
anime,w-none.g-none.v-high,101,warm_c,0,0.041068145,0.22750729,0.22036675,16,-0.34059684,0.027538468,,,0.44656891,0.6352771,0.21400465,0.20094661,0.21425806,0.20417529,20,20,0.14212818,10,0.001,0.01,symmetric,zero,0.43671101,,25000,0,4348,0,4348,4348,0,0,0,0.17750269,0.22230961,0.17750269,0.22230961,0.29792488,0.24581102,0.24582524,warm,0.51976802,-13.643455,4.2864062,7.561527,0.0687385,ceiling,0.0687385,2.3515627,,,-1.3502646,-2.6560685,0.18363729,-3.8672325
anime,w-none.g-none.v-high,101,warm_c,0.01,0.041336342,0.22718693,0.22036823,16,-0.39700791,0.019932543,,,0.44656355,0.63519267,0.21441283,0.20127597,0.21446846,0.20438578,20,20,0.14212818,10,0.001,0.01,symmetric,zero,0.44369301,,24750,250,4299,7,4306,4348,37.408801,42,248,0.17750269,0.22230961,0.17750269,0.22230961,0.29792488,0.24581102,0.24582524,warm,0.48773211,-13.616635,4.2865536,7.561527,0.064501801,ceiling,0.064501801,2.3515627,,,-1.27741,-2.5910966,0.18363729,-3.8672325
anime,w-none.g-none.v-high,101,warm_c,0.05,0.042282414,0.22675432,0.22058239,16,-0.3258791,0.22893576,,,0.44656838,0.63507705,0.21182749,0.19871103,0.21490176,0.2047509,20,20,0.14212818,10,0.001,0.01,symmetric,zero,0.46800658,,23750,1250,4133,33,4166,4348,187.04401,182,1180,0.17750269,0.22230961,0.17750269,0.22230961,0.29792488,0.24581102,0.24582524,warm,0.44447077,-13.522028,4.3079697,7.561527,0.058780558,ceiling,0.058780558,2.3515627,,,-1.4926834,-2.8043291,0.18363729,-3.8672325
anime,w-none.g-none.v-high,101,warm_c,0.1,0.042936319,0.22647305,0.22069771,16,-0.27011987,0.34200309,,,0.4466005,0.63507942,0.21256449,0.19948431,0.21529986,0.20508372,20,20,0.14212818,10,0.001,0.01,symmetric,zero,0.48453125,,22500,2500,3899,70,3969,4348,374.08801,379,2230,0.17750269,0.22230961,0.17750269,0.22230961,0.29792488,0.24581102,0.24582524,warm,0.41634336,-13.456637,4.3195017,7.561527,0.055060752,ceiling,0.055060752,2.3515627,,,-1.3908557,-2.6988732,0.18363729,-3.8672325
anime,w-none.g-none.v-high,101,warm_c,0.15,0.043069031,0.22640084,0.22066328,16,-0.21501009,0.47712899,,,0.44660707,0.63513461,0.21259774,0.19956034,0.21615244,0.20595673,20,19,0.14212818,10,0.001,0.01,symmetric,zero,0.48789725,,21250,3750,3676,111,3787,4348,561.13202,561,3162,0.17750269,0.22230961,0.17750269,0.22230961,0.29792488,0.24581102,0.24582524,warm,0.40912287,-13.443366,4.3160589,7.561527,0.054105853,ceiling,0.054105853,2.3515627,,,-1.3803102,-2.6840496,0.18363729,-3.8672325
anime,w-none.g-none.v-high,101,warm_c,0.25,0.042569864,0.22513701,0.21909561,16,0.0019479397,0.64171782,,,0.44671337,0.63463739,0.21576983,0.20255602,0.21528697,0.20539365,20,19,0.065644003,10,0,0.1,one_way,zero,0.24145448,,18750,6250,3246,185,3431,4348,935.22003,917,4697,0.17750269,0.22230961,0.17750269,0.22230961,0.29792488,0.24581102,0.24582524,warm,0.28273967,-13.493283,4.1592916,7.561527,0.037391874,ceiling,0.037391874,2.3515627,,,-0.93671782,-2.2580993,0.18363729,-3.8672325
anime,w-none.g-none.v-high,101,warm_t,0,0.041025428,0.22229493,0.22082823,32,-0.36150796,0.0015976642,,,0.44691436,0.6339885,0.21111046,0.19798368,0.21393993,0.20228682,20,20,0.14212818,10,0.001,0.01,symmetric,zero,0.43671101,,25000,0,4348,0,4348,4348,0,0,0,0.17750269,0.22230961,0.17750269,0.22230961,0.29792488,0.24581102,0.24582524,warm,-0.0014684218,-13.647726,4.332554,7.561527,-0.00019419647,ceiling,-0.00019419647,2.3515627,,,-1.1184463,-2.4311252,0.18363729,-3.8672325
anime,w-none.g-none.v-high,101,warm_t,0.01,0.041293289,0.22231137,0.21502422,16,-0.39014424,0.0041825055,,,0.44688676,0.63399094,0.21107544,0.19795064,0.21137324,0.20229221,20,20,0.14212818,10,0.001,0.01,symmetric,zero,0.44369301,,24750,250,4299,7,4306,4348,37.408801,42,248,0.17750269,0.22230961,0.17750269,0.22230961,0.29792488,0.24581102,0.24582524,warm,0.00017546111,-13.62094,3.7521525,7.561527,2.3204454e-05,ceiling,2.3204454e-05,2.3515627,,,-1.123593,-2.436073,0.18363729,-3.8672325
anime,w-none.g-none.v-high,101,warm_t,0.05,0.042240272,0.22234317,0.2159721,16,0,0,,,0.4468489,0.63397524,0.21156537,0.19842595,0.21218118,0.20281697,20,20,0.14212818,10,0.001,0.01,symmetric,zero,0.46800658,,23750,1250,4133,33,4166,4348,187.04401,182,1180,0.17750269,0.22230961,0.17750269,0.22230961,0.29792488,0.24581102,0.24582524,warm,0.0033560206,-13.526242,3.8469409,7.561527,0.00044382843,ceiling,0.00044382843,2.3515627,,,-1.0777798,-2.3917223,0.18363729,-3.8672325
anime,w-none.g-none.v-high,101,warm_t,0.1,0.042897641,0.22239053,0.21657726,16,0,0,,,0.4468934,0.63400459,0.21238769,0.19919989,0.21279126,0.20324237,20,20,0.14212818,10,0.001,0.01,symmetric,zero,0.48453125,,22500,2500,3899,70,3969,4348,374.08801,379,2230,0.17750269,0.22230961,0.17750269,0.22230961,0.29792488,0.24581102,0.24582524,warm,0.0080922601,-13.460505,3.9074569,7.561527,0.0010701886,ceiling,0.0010701886,2.3515627,,,-1.0002842,-2.3190648,0.18363729,-3.8672325
anime,w-none.g-none.v-high,101,warm_t,0.15,0.041071059,0.22228321,0.22085805,32,0.1961431,0.015068622,,,0.44690706,0.63395424,0.21059617,0.19743104,0.21398459,0.202322,20,19,0.065644003,10,0,0.1,one_way,zero,0.22215933,,21250,3750,3676,111,3787,4348,561.13202,561,3162,0.17750269,0.22230961,0.17750269,0.22230961,0.29792488,0.24581102,0.24582524,warm,-0.0026404388,-13.643163,4.3355359,7.561527,-0.00034919386,ceiling,-0.00034919386,2.3515627,,,-1.1687033,-2.4852165,0.18363729,-3.8672325
anime,w-none.g-none.v-high,101,warm_t,0.25,0.042553599,0.22223957,0.21620495,16,0.14767848,0.032699623,,,0.44689,0.63392446,0.20986244,0.19673563,0.21214607,0.20268198,20,19,0.065644003,10,0,0.1,one_way,zero,0.24145448,,18750,6250,3246,185,3431,4348,935.22003,917,4697,0.17750269,0.22230961,0.17750269,0.22230961,0.29792488,0.24581102,0.24582524,warm,-0.0070041033,-13.494909,3.8702255,7.561527,-0.00092628159,ceiling,-0.00092628159,2.3515627,,,-1.237713,-2.5503943,0.18363729,-3.8672325
kuairand,w-none.g-none.v-high,100,cap_c,0,0.044597747,0.25193396,0.25190783,64,0.0093773451,0.091130009,,,0.39759459,0.77454856,0.23588752,0.22455232,0.23676328,0.22537403,20,20,0.011058789,100,1e-05,0.1,one_way,base_rate,0.51306671,,25000,0,4744,0,4744,4744,0,0,0,0.18848489,0.23497068,0.1884849,0.23497068,0.29237682,0.26973442,0.27005769,cap,1.696328,-14.388715,6.3422932,5.7406141,0.29549591,linear,0.48346323,3.5087012,,,-1.6046443,-2.7381645,0.16717423,-6.7796446
kuairand,w-none.g-none.v-high,100,cap_c,0.01,0.044680325,0.25200482,0.25146255,32,0.0019365518,0.067979765,,,0.39765568,0.77447079,0.23546716,0.22423058,0.23697436,0.22565574,20,20,0.011058789,100,1e-05,0.1,one_way,base_rate,0.51628608,,24750,250,4697,7,4704,4744,40.370356,40,246,0.18848489,0.23497068,0.1884849,0.23497068,0.29237682,0.26973442,0.27005769,cap,1.7034142,-14.380457,6.2977646,5.7406141,0.29673031,linear,0.48548284,3.5087012,,,-1.6537663,-2.7774244,0.16717423,-6.7796446
kuairand,w-none.g-none.v-high,100,cap_c,0.05,0.045171937,0.2522396,0.25224535,4096,-0.0095241086,0.021436816,,,0.39771149,0.77441196,0.24052467,0.22904225,0.24038047,0.22890824,20,20,0.011058789,100,1e-05,0.1,one_way,base_rate,0.51918459,,23750,1250,4523,34,4557,4744,201.85178,187,1152,0.18848489,0.23497068,0.1884849,0.23497068,0.29237682,0.26973442,0.27005769,cap,1.7268917,-14.331296,6.3760452,5.7406141,0.30082003,linear,0.49217407,3.5087012,,,-1.1714929,-2.3197344,0.16717423,-6.7796446
kuairand,w-none.g-none.v-high,100,cap_c,0.1,0.044950837,0.25173348,0.25171004,128,-0.0014723557,0.0085299492,,,0.39782997,0.77418663,0.2369444,0.22570526,0.23783135,0.22657845,20,20,0.011058789,100,1e-05,0.1,one_way,base_rate,0.51694679,,22500,2500,4285,80,4365,4744,403.70356,379,2140,0.18848489,0.23497068,0.1884849,0.23497068,0.29237682,0.26973442,0.27005769,cap,1.67628,-14.353406,6.3225144,5.7406141,0.2920036,linear,0.47774943,3.5087012,,,-1.4789078,-2.6028218,0.16717423,-6.7796446
kuairand,w-none.g-none.v-high,100,cap_c,0.15,0.042309876,0.25019083,0.25019526,4096,0.29294527,0.19300116,,,0.3978415,0.77514711,0.24387659,0.23229759,0.24385186,0.2322739,20,20,0.001582565,300,0,10,one_way,base_rate,0.47302401,,21250,3750,4061,112,4173,4744,605.55534,571,2990,0.18848489,0.23497068,0.1884849,0.23497068,0.29237682,0.26973442,0.27005769,cap,1.5220151,-14.617502,6.1710365,5.7406141,0.26513106,linear,0.43378306,3.5087012,,,-0.63142402,-1.7893246,0.16717423,-6.7796446
kuairand,w-none.g-none.v-high,100,cap_c,0.25,0.042998154,0.24943171,0.24942573,256,0.030628153,0.10074958,,,0.39767863,0.77489638,0.23948252,0.22813311,0.24066888,0.22924877,20,20,0.001582565,300,0,10,one_way,base_rate,0.49461311,,18750,6250,3582,170,3752,4744,1009.2589,992,4285,0.18848489,0.23497068,0.1884849,0.23497068,0.29237682,0.26973442,0.27005769,cap,1.4461026,-14.548675,6.0940835,5.7406141,0.2519073,linear,0.41214754,3.5087012,,,-0.99491849,-2.1298601,0.16717423,-6.7796446
kuairand,w-none.g-none.v-high,100,cap_t,0,0.044597761,0.25193396,0.25190784,64,0,0,,,0.39759459,0.77454881,0.23588752,0.22455232,0.23676303,0.22537379,20,20,0.011058789,100,1e-05,0.1,one_way,base_rate,0.51306671,,25000,0,4744,0,4744,4744,0,0,0,0.18848489,0.23497068,0.1884849,0.23497068,0.29237682,0.26973442,0.27005769,cap,1.696328,-14.388714,6.3422942,5.7406141,0.29549591,linear,0.48346323,3.5087012,,,-1.6046443,-2.7381645,0.16717423,-6.7796446
kuairand,w-none.g-none.v-high,100,cap_t,0.01,0.044680341,0.25200482,0.25146256,32,0,0,,,0.39765569,0.77447085,0.23546716,0.22423058,0.23697451,0.22565588,20,20,0.011058789,100,1e-05,0.1,one_way,base_rate,0.51628608,,24750,250,4697,7,4704,4744,40.370356,40,246,0.18848489,0.23497068,0.1884849,0.23497068,0.29237682,0.26973442,0.27005769,cap,1.7034142,-14.380456,6.297766,5.7406141,0.29673031,linear,0.48548284,3.5087012,,,-1.6537663,-2.7774244,0.16717423,-6.7796446
kuairand,w-none.g-none.v-high,100,cap_t,0.05,0.045171928,0.25224037,0.25224544,4096,0,0,,,0.39771147,0.77441184,0.24065656,0.22917552,0.24038076,0.22890837,20,20,0.011058789,100,1e-05,0.1,one_way,base_rate,0.51918459,,23750,1250,4523,34,4557,4744,201.85178,187,1152,0.18848489,0.23497068,0.1884849,0.23497068,0.29237682,0.26973442,0.27005769,cap,1.7269686,-14.331297,6.3760536,5.7406141,0.30083342,linear,0.49219596,3.5087012,,,-1.1583805,-2.3064841,0.16717423,-6.7796446
kuairand,w-none.g-none.v-high,100,cap_t,0.1,0.044950829,0.25173348,0.25171004,128,0,0,,,0.39782996,0.77418665,0.2369444,0.22570526,0.23783103,0.22657812,20,20,0.011058789,100,1e-05,0.1,one_way,base_rate,0.51694679,,22500,2500,4285,80,4365,4744,403.70356,379,2140,0.18848489,0.23497068,0.1884849,0.23497068,0.29237682,0.26973442,0.27005769,cap,1.67628,-14.353407,6.3225143,5.7406141,0.2920036,linear,0.47774943,3.5087012,,,-1.4789078,-2.6028218,0.16717423,-6.7796446
kuairand,w-none.g-none.v-high,100,cap_t,0.15,0.042309923,0.25019083,0.25019482,4096,0.29294104,0.19300116,,,0.3978415,0.77514704,0.24387659,0.23229759,0.24384907,0.23227097,20,20,0.001582565,300,0,10,one_way,base_rate,0.47302401,,21250,3750,4061,112,4173,4744,605.55534,571,2990,0.18848489,0.23497068,0.1884849,0.23497068,0.29237682,0.26973442,0.27005769,cap,1.5220151,-14.617498,6.1709925,5.7406141,0.26513106,linear,0.43378306,3.5087012,,,-0.63142402,-1.7893246,0.16717423,-6.7796446
kuairand,w-none.g-none.v-high,100,cap_t,0.25,0.042998132,0.24943171,0.24942562,256,0.030569968,0.10100181,,,0.39767865,0.77489604,0.23948252,0.22813311,0.24066775,0.22924773,20,20,0.001582565,300,0,10,one_way,base_rate,0.49461311,,18750,6250,3582,170,3752,4744,1009.2589,992,4285,0.18848489,0.23497068,0.1884849,0.23497068,0.29237682,0.26973442,0.27005769,cap,1.4461026,-14.548677,6.0940717,5.7406141,0.2519073,linear,0.41214754,3.5087012,,,-0.99491849,-2.1298601,0.16717423,-6.7796446
kuairand,w-none.g-none.v-high,100,dm,,0.24413046,0.24429767,,,0.46192705,0.652877,0.25866458,0.25649767,,,,,,,20,,0.00065131976,25,,,,,,8.7510977,,,,,,,,,,,,0.1884849,0.23497068,0.29237682,0.26973442,0.27005769,reference,0.93269867,5.5645563,,5.7406141,0.16247367,linear,0.26582448,3.5087012,1.4534115,1.2367205,,,0.16717423,-6.7796446
kuairand,w-none.g-none.v-high,100,dm_own,,0.24605551,0.24650945,,,0.26609596,0.4347519,0.25756004,0.25538485,,,,,,,20,,0.00042218227,21,,,,,,5.9887033,,,,,,,,,,,,0.1884849,0.23497068,0.29237682,0.26973442,0.27005769,reference,1.1538768,5.7570614,,5.7406141,0.20100232,linear,0.32886151,3.5087012,1.1504531,0.93293337,,,0.16717423,-6.7796446
kuairand,w-none.g-none.v-high,100,native_avg,0,0.02741677,0.16717423,,,-0.013812015,0,,,0.43026533,0.71456064,,,,,20,19,0.68508528,10,1e-06,0.1,one_way,,0.0063674375,,25000,0,4744,0,4744,4744,0,0,0,0.18848489,0.23497068,0.1884849,0.23497068,0.29237682,0.26973442,0.27005769,native,-6.7796446,-16.106813,,5.7406141,-1.1809964,ceiling,-1.1809964,3.5087012,,,,,0.16717423,-6.7796446
kuairand,w-none.g-none.v-high,100,native_avg,0.01,0.027418887,0.16717423,,,-0.013771469,0,,,0.43037596,0.71426616,,,,,20,19,0.68508528,10,1e-06,0.1,one_way,,0.022735206,,24750,250,4697,7,4704,4744,40.370356,40,246,0.18848489,0.23497068,0.1884849,0.23497068,0.29237682,0.26973442,0.27005769,native,-6.7796446,-16.106601,,5.7406141,-1.1809964,ceiling,-1.1809964,3.5087012,,,,,0.16717423,-6.7796446
kuairand,w-none.g-none.v-high,100,native_avg,0.05,0.027415222,0.16717423,,,-0.013360017,0,,,0.43059772,0.71479847,,,,,20,19,0.68508528,10,1e-06,0.1,one_way,,-0.037454043,,23750,1250,4523,34,4557,4744,201.85178,187,1152,0.18848489,0.23497068,0.1884849,0.23497068,0.29237682,0.26973442,0.27005769,native,-6.7796446,-16.106968,,5.7406141,-1.1809964,ceiling,-1.1809964,3.5087012,,,,,0.16717423,-6.7796446
kuairand,w-none.g-none.v-high,100,native_avg,0.1,0.027406742,0.16717423,,,-0.012975405,0,,,0.43093965,0.71260451,,,,,20,19,0.68508528,10,1e-06,0.1,one_way,,-0.056565523,,22500,2500,4285,80,4365,4744,403.70356,379,2140,0.18848489,0.23497068,0.1884849,0.23497068,0.29237682,0.26973442,0.27005769,native,-6.7796446,-16.107816,,5.7406141,-1.1809964,ceiling,-1.1809964,3.5087012,,,,,0.16717423,-6.7796446
kuairand,w-none.g-none.v-high,100,native_avg,0.15,0.027394309,0.16717423,,,-0.012381928,0,,,0.43131049,0.71229919,,,,,20,19,0.68508528,10,1e-06,0.1,one_way,,0.025354918,,21250,3750,4061,112,4173,4744,605.55534,571,2990,0.18848489,0.23497068,0.1884849,0.23497068,0.29237682,0.26973442,0.27005769,native,-6.7796446,-16.109059,,5.7406141,-1.1809964,ceiling,-1.1809964,3.5087012,,,,,0.16717423,-6.7796446
kuairand,w-none.g-none.v-high,100,native_avg,0.25,0.027373539,0.16717423,,,-0.011599144,0,,,0.43185624,0.7086541,,,,,20,19,0.68508528,10,1e-06,0.1,one_way,,0.0179659,,18750,6250,3582,170,3752,4744,1009.2589,992,4285,0.18848489,0.23497068,0.1884849,0.23497068,0.29237682,0.26973442,0.27005769,native,-6.7796446,-16.111136,,5.7406141,-1.1809964,ceiling,-1.1809964,3.5087012,,,,,0.16717423,-6.7796446
kuairand,w-none.g-none.v-high,100,native_prod_c,0,0.027826209,0.16717423,,,-0.075735325,0,,,0.4245483,0.72202325,,,,,20,20,0.09067147,300,1e-05,0.1,one_way,,-0.0070947385,,25000,0,4744,0,4744,4744,0,0,0,0.18848489,0.23497068,0.1884849,0.23497068,0.29237682,0.26973442,0.27005769,native,-6.7796446,-16.065869,,5.7406141,-1.1809964,ceiling,-1.1809964,3.5087012,,,,,0.16717423,-6.7796446
kuairand,w-none.g-none.v-high,100,native_prod_c,0.01,0.027841265,0.16717423,,,-0.077206404,0,,,0.42467116,0.72148342,,,,,20,20,0.09067147,300,1e-05,0.1,one_way,,-0.0074086785,,24750,250,4697,7,4704,4744,40.370356,40,246,0.18848489,0.23497068,0.1884849,0.23497068,0.29237682,0.26973442,0.27005769,native,-6.7796446,-16.064363,,5.7406141,-1.1809964,ceiling,-1.1809964,3.5087012,,,,,0.16717423,-6.7796446
kuairand,w-none.g-none.v-high,100,native_prod_c,0.05,0.027907542,0.16717423,,,-0.083725343,0,,,0.42463506,0.72238168,,,,,20,20,0.09067147,300,1e-05,0.1,one_way,,-0.0089466004,,23750,1250,4523,34,4557,4744,201.85178,187,1152,0.18848489,0.23497068,0.1884849,0.23497068,0.29237682,0.26973442,0.27005769,native,-6.7796446,-16.057736,,5.7406141,-1.1809964,ceiling,-1.1809964,3.5087012,,,,,0.16717423,-6.7796446
kuairand,w-none.g-none.v-high,100,native_prod_c,0.1,0.027967577,0.16717423,,,-0.089759412,0,,,0.42499415,0.72231365,,,,,20,20,0.09067147,300,1e-05,0.1,one_way,,-0.0084520541,,22500,2500,4285,80,4365,4744,403.70356,379,2140,0.18848489,0.23497068,0.1884849,0.23497068,0.29237682,0.26973442,0.27005769,native,-6.7796446,-16.051732,,5.7406141,-1.1809964,ceiling,-1.1809964,3.5087012,,,,,0.16717423,-6.7796446
kuairand,w-none.g-none.v-high,100,native_prod_c,0.15,0.028026714,0.16717423,,,-0.095665691,0,,,0.42537754,0.72209361,,,,,20,20,0.09067147,300,1e-05,0.1,one_way,,-0.0053299386,,21250,3750,4061,112,4173,4744,605.55534,571,2990,0.18848489,0.23497068,0.1884849,0.23497068,0.29237682,0.26973442,0.27005769,native,-6.7796446,-16.045819,,5.7406141,-1.1809964,ceiling,-1.1809964,3.5087012,,,,,0.16717423,-6.7796446
kuairand,w-none.g-none.v-high,100,native_prod_c,0.25,0.028156016,0.16717423,,,-0.10881126,0,,,0.42697139,0.71967969,,,,,20,20,0.09067147,300,1e-05,0.1,one_way,,-0.0043729902,,18750,6250,3582,170,3752,4744,1009.2589,992,4285,0.18848489,0.23497068,0.1884849,0.23497068,0.29237682,0.26973442,0.27005769,native,-6.7796446,-16.032888,,5.7406141,-1.1809964,ceiling,-1.1809964,3.5087012,,,,,0.16717423,-6.7796446
kuairand,w-none.g-none.v-high,100,native_prod_t,0,0.027003468,0.026789333,,,0,0.097259072,,,0.47696215,0.60977622,,,,,20,20,0.20240551,1,0.0001,0.1,one_way,,-6.5880067e-06,,25000,0,4744,0,4744,4744,0,0,0,0.18848489,0.23497068,0.1884849,0.23497068,0.29237682,0.26973442,0.27005769,native,-20.818135,-16.148143,,5.7406141,-3.6264648,ceiling,-3.6264648,3.5087012,,,,,0.16717423,-6.7796446
kuairand,w-none.g-none.v-high,100,native_prod_t,0.01,0.027003474,0.023307981,,,-1.5541268e-07,3.290753,,,0.47698796,0.60958138,,,,,20,20,0.20240551,1,0.0001,0.1,one_way,,-6.6878192e-07,,24750,250,4697,7,4704,4744,40.370356,40,246,0.18848489,0.23497068,0.1884849,0.23497068,0.29237682,0.26973442,0.27005769,native,-21.16627,-16.148143,,5.7406141,-3.687109,ceiling,-3.687109,3.5087012,,,,,0.16717423,-6.7796446
kuairand,w-none.g-none.v-high,100,native_prod_t,0.05,0.027003468,0.029984618,,,1.0625907e-05,0.32466573,,,0.47708131,0.60299329,,,,,20,20,0.021385293,3,0.0001,1,one_way,,-8.3813866e-06,,23750,1250,4523,34,4557,4744,201.85178,187,1152,0.18848489,0.23497068,0.1884849,0.23497068,0.29237682,0.26973442,0.27005769,native,-20.498606,-16.148143,,5.7406141,-3.5708037,ceiling,-3.5708037,3.5087012,,,,,0.16717423,-6.7796446
kuairand,w-none.g-none.v-high,100,native_prod_t,0.1,0.027003478,0.018043779,,,3.320451e-06,1.9767405,,,0.47701747,0.61178593,,,,,20,20,0.021385293,3,0.0001,1,one_way,,-8.7276858e-06,,22500,2500,4285,80,4365,4744,403.70356,379,2140,0.18848489,0.23497068,0.1884849,0.23497068,0.29237682,0.26973442,0.27005769,native,-21.69269,-16.148142,,5.7406141,-3.77881,ceiling,-3.77881,3.5087012,,,,,0.16717423,-6.7796446
kuairand,w-none.g-none.v-high,100,native_prod_t,0.15,0.027003475,0.024846149,,,6.1377049e-06,3.1369361,,,0.47717634,0.59458504,,,,,20,20,0.016343664,3,1e-05,10,one_way,,3.3515269e-05,,21250,3750,4061,112,4173,4744,605.55534,571,2990,0.18848489,0.23497068,0.1884849,0.23497068,0.29237682,0.26973442,0.27005769,native,-21.012453,-16.148142,,5.7406141,-3.6603145,ceiling,-3.6603145,3.5087012,,,,,0.16717423,-6.7796446
kuairand,w-none.g-none.v-high,100,native_prod_t,0.25,0.027003482,0.028440922,,,7.8361935e-06,0,,,0.47714349,0.5718696,,,,,20,20,0.016343664,3,1e-05,10,one_way,,2.5524661e-05,,18750,6250,3582,170,3752,4744,1009.2589,992,4285,0.18848489,0.23497068,0.1884849,0.23497068,0.29237682,0.26973442,0.27005769,native,-20.652976,-16.148142,,5.7406141,-3.5976945,ceiling,-3.5976945,3.5087012,,,,,0.16717423,-6.7796446
kuairand,w-none.g-none.v-high,100,no_prop,,0.24025808,0.24045347,,,0.06300468,0.39040289,0.08530502,0.081465234,,,,,,,20,,0.0015265386,9,,,,,,10.921869,,,,,,,,,,,,0.1884849,0.23497068,0.29237682,0.26973442,0.27005769,reference,0.54827913,5.1773178,,5.7406141,0.095508793,linear,0.1562627,3.5087012,-15.495306,-15.879284,,,0.16717423,-6.7796446
kuairand,w-none.g-none.v-high,100,opc,,0.24846871,0.24947724,,,0.093035008,0.032297733,0.24126728,0.22996274,,,,,,,20,,0.00036895768,7,,,,,,4.5193386,,,,,,,,,,,,0.1884849,0.23497068,0.29237682,0.26973442,0.27005769,reference,1.4506562,5.9983812,,5.7406141,0.25270053,linear,0.41344535,3.5087012,-0.72014326,-1.8505974,,,0.16717423,-6.7796446
kuairand,w-none.g-none.v-high,100,opc_raw,,0.24569714,0.24831922,,,0.21856436,0.061891901,0.23866923,0.22760416,,,,,,,20,,0.00012998351,17,,,,,,2.9606543,,,,,,,,,,,,0.1884849,0.23497068,0.29237682,0.26973442,0.27005769,reference,1.3348539,5.7212242,,5.7406141,0.23252806,linear,0.38044103,3.5087012,-0.70279097,-1.8092977,,,0.16717423,-6.7796446
kuairand,w-none.g-none.v-high,100,tempered_logger,,0.23462733,0.23497068,,,0.035712935,0,0.22960152,0.21839373,,,,,,,20,,,-1,,,,,,7.2295116,,,,,,,,,,,,0.1884849,0.23497068,0.29237682,0.26973442,0.27005769,reference,0,4.6142431,,5.7406141,0,linear,0,3.5087012,-0.50258128,-1.6233603,,,0.16717423,-6.7796446
kuairand,w-none.g-none.v-high,100,warm_c,0,0.044953105,0.24758288,0.24757249,4096,0.90705426,0.24349942,,,0.39743307,0.7751011,0.23830544,0.22678932,0.23841028,0.22689515,20,18,0.012426653,100,0.001,0.1,one_way,zero,1.139375,,25000,0,4744,0,4744,4744,0,0,0,0.18848489,0.23497068,0.1884849,0.23497068,0.29237682,0.26973442,0.27005769,warm,1.2612204,-14.353179,5.9087586,5.7406141,0.21970131,ceiling,0.21970131,3.5087012,,,-0.92774497,-2.0793564,0.16717423,-6.7796446
kuairand,w-none.g-none.v-high,100,warm_c,0.01,0.044965907,0.24750678,0.2475202,1024,0.89260193,0.24017547,,,0.39745522,0.77508129,0.23771132,0.22622058,0.23768081,0.2261829,20,18,0.012426653,100,0.001,0.1,one_way,zero,1.1399678,,24750,250,4697,7,4704,4744,40.370356,40,246,0.18848489,0.23497068,0.1884849,0.23497068,0.29237682,0.26973442,0.27005769,warm,1.2536104,-14.351899,5.9035298,5.7406141,0.21837566,ceiling,0.21837566,3.5087012,,,-0.9795463,-2.1286203,0.16717423,-6.7796446
kuairand,w-none.g-none.v-high,100,warm_c,0.05,0.045191767,0.24729644,0.24730442,1024,0.87351204,0.26421515,,,0.39750197,0.77506653,0.23813225,0.22658494,0.23838654,0.22682561,20,17,0.012426653,100,0.001,0.1,one_way,zero,1.1505291,,23750,1250,4523,34,4557,4744,201.85178,187,1152,0.18848489,0.23497068,0.1884849,0.23497068,0.29237682,0.26973442,0.27005769,warm,1.2325758,-14.329313,5.8819521,5.7406141,0.21471149,ceiling,0.21471149,3.5087012,,,-0.91641926,-2.0711499,0.16717423,-6.7796446
kuairand,w-none.g-none.v-high,100,warm_c,0.1,0.045023126,0.24717587,0.24717643,1024,0.78585433,0.23827152,,,0.39751882,0.77510053,0.23940276,0.2277836,0.23998259,0.22834826,20,17,0.012426653,100,0.001,0.1,one_way,zero,1.1431254,,22500,2500,4285,80,4365,4744,403.70356,379,2140,0.18848489,0.23497068,0.1884849,0.23497068,0.29237682,0.26973442,0.27005769,warm,1.2205193,-14.346177,5.8691531,5.7406141,0.21261128,ceiling,0.21261128,3.5087012,,,-0.77731104,-1.9392276,0.16717423,-6.7796446
kuairand,w-none.g-none.v-high,100,warm_c,0.15,0.04508475,0.24703422,0.24704713,4096,0.74403366,0.27077334,,,0.39760684,0.77505254,0.23950597,0.22796051,0.23928677,0.2277425,20,18,0.012426653,100,0.001,0.1,one_way,zero,1.14625,,21250,3750,4061,112,4173,4744,605.55534,571,2990,0.18848489,0.23497068,0.1884849,0.23497068,0.29237682,0.26973442,0.27005769,warm,1.2063543,-14.340015,5.8562232,5.7406141,0.21014377,ceiling,0.21014377,3.5087012,,,-0.75282561,-1.9073715,0.16717423,-6.7796446
kuairand,w-none.g-none.v-high,100,warm_c,0.25,0.045172292,0.24675215,0.24670052,64,0.68597088,0.21563292,,,0.39761534,0.7749599,0.23798962,0.226419,0.23819716,0.22668195,20,18,0.012426653,100,0.001,0.1,one_way,zero,1.1512628,,18750,6250,3582,170,3752,4744,1009.2589,992,4285,0.18848489,0.23497068,0.1884849,0.23497068,0.29237682,0.26973442,0.27005769,warm,1.1781473,-14.331261,5.8215621,5.7406141,0.20523019,ceiling,0.20523019,3.5087012,,,-0.8762535,-2.0333157,0.16717423,-6.7796446
kuairand,w-none.g-none.v-high,100,warm_t,0,0.044553717,0.23510085,0.23464065,32,1.5531738,0.61716207,,,0.40053895,0.77276256,0.2288628,0.21729556,0.22975095,0.2185991,20,18,0.012426653,100,0.001,0.1,one_way,zero,1.139375,,25000,0,4744,0,4744,4744,0,0,0,0.18848489,0.23497068,0.1884849,0.23497068,0.29237682,0.26973442,0.27005769,warm,0.013016622,-14.393118,4.6155755,5.7406141,0.0022674616,ceiling,0.0022674616,3.5087012,,,-0.62380431,-1.7805283,0.16717423,-6.7796446
kuairand,w-none.g-none.v-high,100,warm_t,0.01,0.044565943,0.23510185,0.23464034,32,1.5223005,0.62792045,,,0.4005351,0.77276676,0.22859652,0.21702722,0.22969668,0.21854902,20,18,0.012426653,100,0.001,0.1,one_way,zero,1.1399678,,24750,250,4697,7,4704,4744,40.370356,40,246,0.18848489,0.23497068,0.1884849,0.23497068,0.29237682,0.26973442,0.27005769,warm,0.013117249,-14.391896,4.6155442,5.7406141,0.0022849906,ceiling,0.0022849906,3.5087012,,,-0.65053372,-1.8074636,0.16717423,-6.7796446
kuairand,w-none.g-none.v-high,100,warm_t,0.05,0.044788804,0.23508232,0.23464799,32,1.4725697,0.66675429,,,0.40036389,0.77277629,0.22880679,0.21723873,0.22980574,0.2186489,20,17,0.012426653,100,0.001,0.1,one_way,zero,1.1505291,,23750,1250,4523,34,4557,4744,201.85178,187,1152,0.18848489,0.23497068,0.1884849,0.23497068,0.29237682,0.26973442,0.27005769,warm,0.011164388,-14.36961,4.6163087,5.7406141,0.0019448073,ceiling,0.0019448073,3.5087012,,,-0.62755298,-1.7843591,0.16717423,-6.7796446
kuairand,w-none.g-none.v-high,100,warm_t,0.1,0.04463187,0.23512367,0.23463778,32,1.3081203,0.6891571,,,0.40042229,0.77279947,0.22904513,0.21747967,0.22995837,0.21880804,20,17,0.012426653,100,0.001,0.1,one_way,zero,1.1431254,,22500,2500,4285,80,4365,4744,403.70356,379,2140,0.18848489,0.23497068,0.1884849,0.23497068,0.29237682,0.26973442,0.27005769,warm,0.015298635,-14.385303,4.6152884,5.7406141,0.0026649823,ceiling,0.0026649823,3.5087012,,,-0.60785405,-1.7643995,0.16717423,-6.7796446
kuairand,w-none.g-none.v-high,100,warm_t,0.15,0.044696263,0.23510219,0.23463762,32,1.2117171,0.70560442,,,0.40036771,0.77278326,0.22899902,0.21742569,0.23004268,0.21888279,20,18,0.012426653,100,0.001,0.1,one_way,zero,1.14625,,21250,3750,4061,112,4173,4744,605.55534,571,2990,0.18848489,0.23497068,0.1884849,0.23497068,0.29237682,0.26973442,0.27005769,warm,0.013150976,-14.378864,4.6152721,5.7406141,0.0022908657,ceiling,0.0022908657,3.5087012,,,-0.61031658,-1.7676501,0.16717423,-6.7796446
kuairand,w-none.g-none.v-high,100,warm_t,0.25,0.044800844,0.23513263,0.23458375,32,1.0245252,0.70337771,,,0.40037429,0.77271963,0.22921884,0.21767787,0.23002471,0.21888491,20,18,0.012426653,100,0.001,0.1,one_way,zero,1.1512628,,18750,6250,3582,170,3752,4744,1009.2589,992,4285,0.18848489,0.23497068,0.1884849,0.23497068,0.29237682,0.26973442,0.27005769,warm,0.016194528,-14.368406,4.6098851,5.7406141,0.0028210446,ceiling,0.0028210446,3.5087012,,,-0.59137859,-1.7454759,0.16717423,-6.7796446
kuairand,w-none.g-none.v-high,101,cap_c,0,0.042598914,0.2661294,0.26612381,4096,-0.070982891,0.058881177,,,0.41184834,0.77969719,0.25800527,0.24628912,0.25839403,0.24664687,20,20,0.024786268,30,1e-07,0.01,one_way,base_rate,0.49995935,,25000,0,4931,0,4931,4931,0,0,0,0.20188315,0.25524763,0.20188314,0.25524763,0.30529663,0.28205068,0.28233343,cap,1.0881768,-15.928422,6.4240676,5.0048996,0.2174223,linear,0.40175185,2.7085794,,,-0.81241291,-1.9840283,0.17349333,-8.1754309
kuairand,w-none.g-none.v-high,101,cap_c,0.01,0.042507529,0.26579382,0.26581703,256,-0.068111508,0.061479204,,,0.41189446,0.77962846,0.25677732,0.24519625,0.25732455,0.2456947,20,20,0.024786268,30,1e-07,0.01,one_way,base_rate,0.49638155,,24750,250,4879,12,4891,4931,44.002848,40,245,0.20188315,0.25524763,0.20188314,0.25524763,0.30529663,0.28205068,0.28233343,cap,1.0546181,-15.937561,6.3933891,5.0048996,0.21071714,linear,0.38936209,2.7085794,,,-0.90164952,-2.0597568,0.17349333,-8.1754309
kuairand,w-none.g-none.v-high,101,cap_c,0.05,0.042815043,0.26584188,0.26584117,4096,-0.073226943,0.079907352,,,0.41195153,0.77961087,0.25703795,0.2454017,0.25703114,0.24539549,20,20,0.024786268,30,1e-07,0.01,one_way,base_rate,0.50258422,,23750,1250,4688,39,4727,4931,220.01424,204,1145,0.20188315,0.25524763,0.20188314,0.25524763,0.30529663,0.28205068,0.28233343,cap,1.0594249,-15.906809,6.3958035,5.0048996,0.21167754,linear,0.39113672,2.7085794,,,-0.88039335,-2.0440181,0.17349333,-8.1754309
kuairand,w-none.g-none.v-high,101,cap_c,0.1,0.043217381,0.26495959,0.26441315,32,-0.080328325,0.078339261,,,0.41203112,0.7794469,0.25262094,0.24133076,0.25396806,0.24270937,20,20,0.024786268,30,1e-07,0.01,one_way,base_rate,0.51279986,,22500,2500,4423,72,4495,4931,440.02848,436,2128,0.20188315,0.25524763,0.20188314,0.25524763,0.30529663,0.28205068,0.28233343,cap,0.97119526,-15.866576,6.2530019,5.0048996,0.1940489,linear,0.3585626,2.7085794,,,-1.2338651,-2.3628827,0.17349333,-8.1754309
kuairand,w-none.g-none.v-high,101,cap_c,0.15,0.042756812,0.26506927,0.26506086,4096,-0.19210495,0.0096042224,,,0.41220154,0.77925028,0.25680486,0.24543782,0.25666839,0.24530604,20,20,0.006394188,100,1e-05,0.01,symmetric,base_rate,0.49004343,,21250,3750,4198,103,4301,4931,660.04272,630,2969,0.20188315,0.25524763,0.20188314,0.25524763,0.30529663,0.28205068,0.28233343,cap,0.98216387,-15.912632,6.3177725,5.0048996,0.19624047,linear,0.36261218,2.7085794,,,-0.82644092,-1.9631449,0.17349333,-8.1754309
kuairand,w-none.g-none.v-high,101,cap_c,0.25,0.042103538,0.26472416,0.26468123,128,0,0,,,0.41202552,0.77964277,0.26217649,0.25065196,0.26331726,0.25178276,20,20,0.0019470466,300,0.0001,100,one_way,base_rate,0.47219136,,18750,6250,3709,165,3874,4931,1100.0712,1057,4243,0.20188315,0.25524763,0.20188314,0.25524763,0.30529663,0.28205068,0.28233343,cap,0.9476523,-15.97796,6.2798099,5.0048996,0.18934492,linear,0.3498706,2.7085794,,,-0.25476668,-1.4072201,0.17349333,-8.1754309
kuairand,w-none.g-none.v-high,101,cap_t,0,0.042599217,0.26612374,0.26612365,4096,-0.071013121,0.059447227,,,0.41184834,0.77969762,0.25800527,0.24628912,0.25839949,0.24665198,20,20,0.024786268,30,1e-07,0.01,one_way,base_rate,0.49995935,,25000,0,4931,0,4931,4931,0,0,0,0.20188315,0.25524763,0.20188314,0.25524763,0.30529663,0.28205068,0.28233343,cap,1.0876107,-15.928392,6.4240512,5.0048996,0.2173092,linear,0.40154287,2.7085794,,,-0.81184686,-1.9834622,0.17349333,-8.1754309
kuairand,w-none.g-none.v-high,101,cap_t,0.01,0.042507792,0.26579086,0.2658168,256,-0.068138043,0.061774874,,,0.41189446,0.77962835,0.25677732,0.24519625,0.25733036,0.24570048,20,20,0.024786268,30,1e-07,0.01,one_way,base_rate,0.49638155,,24750,250,4879,12,4891,4931,44.002848,40,245,0.20188315,0.25524763,0.20188314,0.25524763,0.30529663,0.28205068,0.28233343,cap,1.0543224,-15.937534,6.3933661,5.0048996,0.21065806,linear,0.38925293,2.7085794,,,-0.90135385,-2.0594612,0.17349333,-8.1754309
kuairand,w-none.g-none.v-high,101,cap_t,0.05,0.042815262,0.26584188,0.26583964,4096,-0.073248095,0.080006907,,,0.41195159,0.77961093,0.25703795,0.2454017,0.25704879,0.24541398,20,20,0.024786268,30,1e-07,0.01,one_way,base_rate,0.50258422,,23750,1250,4688,39,4727,4931,220.01424,204,1145,0.20188315,0.25524763,0.20188314,0.25524763,0.30529663,0.28205068,0.28233343,cap,1.0594249,-15.906787,6.3956501,5.0048996,0.21167754,linear,0.39113672,2.7085794,,,-0.88039335,-2.0440181,0.17349333,-8.1754309
kuairand,w-none.g-none.v-high,101,cap_t,0.1,0.043217582,0.26495874,0.26441305,32,-0.0803512,0.078424078,,,0.4120311,0.77944667,0.25262252,0.24133235,0.25396705,0.24270843,20,20,0.024786268,30,1e-07,0.01,one_way,base_rate,0.51279986,,22500,2500,4423,72,4495,4931,440.02848,436,2128,0.20188315,0.25524763,0.20188314,0.25524763,0.30529663,0.28205068,0.28233343,cap,0.97111045,-15.866555,6.2529918,5.0048996,0.19403195,linear,0.35853129,2.7085794,,,-1.233622,-2.3626391,0.17349333,-8.1754309
kuairand,w-none.g-none.v-high,101,cap_t,0.15,0.042756817,0.26506927,0.26506067,4096,-0.19207231,0.0093958105,,,0.41220152,0.77925031,0.25680486,0.24543782,0.25666666,0.24530481,20,20,0.006394188,100,1e-05,0.01,symmetric,base_rate,0.49004343,,21250,3750,4198,103,4301,4931,660.04272,630,2969,0.20188315,0.25524763,0.20188314,0.25524763,0.30529663,0.28205068,0.28233343,cap,0.98216387,-15.912632,6.3177531,5.0048996,0.19624047,linear,0.36261218,2.7085794,,,-0.82644092,-1.9631449,0.17349333,-8.1754309
kuairand,w-none.g-none.v-high,101,cap_t,0.25,0.042103706,0.26472804,0.26468101,128,0,0,,,0.41202611,0.77964347,0.2620937,0.25057042,0.26331857,0.25178415,20,20,0.0019470466,300,0.0001,100,one_way,base_rate,0.47219136,,18750,6250,3709,165,3874,4931,1100.0712,1057,4243,0.20188315,0.25524763,0.20188314,0.25524763,0.30529663,0.28205068,0.28233343,cap,0.94804064,-15.977943,6.2797875,5.0048996,0.18942251,linear,0.35001398,2.7085794,,,-0.26343439,-1.4157619,0.17349333,-8.1754309
kuairand,w-none.g-none.v-high,101,dm,,0.25945396,0.25951127,,,0.43401375,0.79008412,0.26741138,0.26511619,,,,,,,20,,0.0018834766,27,,,,,,23.580929,,,,,,,,,,,,0.20188314,0.25524763,0.30529663,0.28205068,0.28233343,reference,0.42636358,5.7570826,,5.0048996,0.085189237,linear,0.15741225,2.7085794,0.79574193,0.56622282,,,0.17349333,-8.1754309
kuairand,w-none.g-none.v-high,101,dm_own,,0.25965433,0.25972504,,,0.42009481,0.76623431,0.26730731,0.26501131,,,,,,,20,,0.00095490948,23,,,,,,11.653107,,,,,,,,,,,,0.20188314,0.25524763,0.30529663,0.28205068,0.28233343,reference,0.44774038,5.7771191,,5.0048996,0.089460411,linear,0.16530451,2.7085794,0.76529845,0.5356985,,,0.17349333,-8.1754309
kuairand,w-none.g-none.v-high,101,native_avg,0,0.026172358,0.17349333,,,-0.017757312,0,,,0.4484672,0.72450579,,,,,20,19,0.08281329,300,0.001,0,one_way,,0.0010357739,,25000,0,4931,0,4931,4931,0,0,0,0.20188315,0.25524763,0.20188314,0.25524763,0.30529663,0.28205068,0.28233343,native,-8.1754309,-17.571078,,5.0048996,-1.6334855,ceiling,-1.6334855,2.7085794,,,,,0.17349333,-8.1754309
kuairand,w-none.g-none.v-high,101,native_avg,0.01,0.026171668,0.17349333,,,-0.01767459,0,,,0.44853187,0.72476144,,,,,20,19,0.08281329,300,0.001,0,one_way,,0.001111372,,24750,250,4879,12,4891,4931,44.002848,40,245,0.20188315,0.25524763,0.20188314,0.25524763,0.30529663,0.28205068,0.28233343,native,-8.1754309,-17.571147,,5.0048996,-1.6334855,ceiling,-1.6334855,2.7085794,,,,,0.17349333,-8.1754309
kuairand,w-none.g-none.v-high,101,native_avg,0.05,0.026168165,0.17349333,,,-0.017318277,0,,,0.44872551,0.72462518,,,,,20,19,0.08281329,300,0.001,0,one_way,,0.0009014039,,23750,1250,4688,39,4727,4931,220.01424,204,1145,0.20188315,0.25524763,0.20188314,0.25524763,0.30529663,0.28205068,0.28233343,native,-8.1754309,-17.571497,,5.0048996,-1.6334855,ceiling,-1.6334855,2.7085794,,,,,0.17349333,-8.1754309
kuairand,w-none.g-none.v-high,101,native_avg,0.1,0.026161593,0.17349333,,,-0.016907231,0,,,0.44914937,0.72370212,,,,,20,19,0.08281329,300,0.001,0,one_way,,0.00087409245,,22500,2500,4423,72,4495,4931,440.02848,436,2128,0.20188315,0.25524763,0.20188314,0.25524763,0.30529663,0.28205068,0.28233343,native,-8.1754309,-17.572154,,5.0048996,-1.6334855,ceiling,-1.6334855,2.7085794,,,,,0.17349333,-8.1754309
kuairand,w-none.g-none.v-high,101,native_avg,0.15,0.026154275,0.17349333,,,-0.016657921,0,,,0.44942843,0.7237579,,,,,20,19,0.08281329,300,0.001,0,one_way,,0.00054090761,,21250,3750,4198,103,4301,4931,660.04272,630,2969,0.20188315,0.25524763,0.20188314,0.25524763,0.30529663,0.28205068,0.28233343,native,-8.1754309,-17.572886,,5.0048996,-1.6334855,ceiling,-1.6334855,2.7085794,,,,,0.17349333,-8.1754309
kuairand,w-none.g-none.v-high,101,native_avg,0.25,0.026142239,0.17349333,,,-0.016384256,0,,,0.45008701,0.72263586,,,,,20,19,0.08281329,300,0.001,0,one_way,,0.00057997304,,18750,6250,3709,165,3874,4931,1100.0712,1057,4243,0.20188315,0.25524763,0.20188314,0.25524763,0.30529663,0.28205068,0.28233343,native,-8.1754309,-17.57409,,5.0048996,-1.6334855,ceiling,-1.6334855,2.7085794,,,,,0.17349333,-8.1754309
kuairand,w-none.g-none.v-high,101,native_prod_c,0,0.026728116,0.17349333,,,-0.065512042,0,,,0.43906854,0.73003962,,,,,20,20,0.47985917,100,0.0001,10,one_way,,0.84280652,,25000,0,4931,0,4931,4931,0,0,0,0.20188315,0.25524763,0.20188314,0.25524763,0.30529663,0.28205068,0.28233343,native,-8.1754309,-17.515502,,5.0048996,-1.6334855,ceiling,-1.6334855,2.7085794,,,,,0.17349333,-8.1754309
kuairand,w-none.g-none.v-high,101,native_prod_c,0.01,0.026732963,0.17349333,,,-0.065929018,0,,,0.43914925,0.73001359,,,,,20,20,0.47985917,100,0.0001,10,one_way,,-0.022177506,,24750,250,4879,12,4891,4931,44.002848,40,245,0.20188315,0.25524763,0.20188314,0.25524763,0.30529663,0.28205068,0.28233343,native,-8.1754309,-17.515017,,5.0048996,-1.6334855,ceiling,-1.6334855,2.7085794,,,,,0.17349333,-8.1754309
kuairand,w-none.g-none.v-high,101,native_prod_c,0.05,0.026783832,0.17349333,,,-0.070222019,0,,,0.43926409,0.72992034,,,,,20,20,0.47985917,100,0.0001,10,one_way,,-0.072504878,,23750,1250,4688,39,4727,4931,220.01424,204,1145,0.20188315,0.25524763,0.20188314,0.25524763,0.30529663,0.28205068,0.28233343,native,-8.1754309,-17.50993,,5.0048996,-1.6334855,ceiling,-1.6334855,2.7085794,,,,,0.17349333,-8.1754309
kuairand,w-none.g-none.v-high,101,native_prod_c,0.1,0.026844383,0.17349333,,,-0.075733662,0,,,0.44002976,0.72928139,,,,,20,20,0.47985917,100,0.0001,10,one_way,,-0.068911858,,22500,2500,4423,72,4495,4931,440.02848,436,2128,0.20188315,0.25524763,0.20188314,0.25524763,0.30529663,0.28205068,0.28233343,native,-8.1754309,-17.503875,,5.0048996,-1.6334855,ceiling,-1.6334855,2.7085794,,,,,0.17349333,-8.1754309
kuairand,w-none.g-none.v-high,101,native_prod_c,0.15,0.02691237,0.17349333,,,-0.082240171,0,,,0.44033591,0.72931399,,,,,20,20,0.47985917,100,0.0001,10,one_way,,1.6765968,,21250,3750,4198,103,4301,4931,660.04272,630,2969,0.20188315,0.25524763,0.20188314,0.25524763,0.30529663,0.28205068,0.28233343,native,-8.1754309,-17.497077,,5.0048996,-1.6334855,ceiling,-1.6334855,2.7085794,,,,,0.17349333,-8.1754309
kuairand,w-none.g-none.v-high,101,native_prod_c,0.25,0.027027898,0.17349333,,,-0.093780093,0,,,0.44197146,0.7287501,,,,,20,20,0.47985917,100,0.0001,10,one_way,,0.062617198,,18750,6250,3709,165,3874,4931,1100.0712,1057,4243,0.20188315,0.25524763,0.20188314,0.25524763,0.30529663,0.28205068,0.28233343,native,-8.1754309,-17.485524,,5.0048996,-1.6334855,ceiling,-1.6334855,2.7085794,,,,,0.17349333,-8.1754309
kuairand,w-none.g-none.v-high,101,native_prod_t,0,0.02587176,0.025495455,,,-5.2256002e-09,0.077128777,,,0.49820754,0.60858476,,,,,20,20,0.2038428,1,1e-06,100,one_way,,-0.0027770512,,25000,0,4931,0,4931,4931,0,0,0,0.20188315,0.25524763,0.20188314,0.25524763,0.30529663,0.28205068,0.28233343,native,-22.975218,-17.601138,,5.0048996,-4.5905452,ceiling,-4.5905452,2.7085794,,,,,0.17349333,-8.1754309
kuairand,w-none.g-none.v-high,101,native_prod_t,0.01,0.02587177,0.016994496,,,-9.3230655e-07,2.9890907,,,0.49836415,0.6087477,,,,,20,20,0.2038428,1,1e-06,100,one_way,,-0.00057113683,,24750,250,4879,12,4891,4931,44.002848,40,245,0.20188315,0.25524763,0.20188314,0.25524763,0.30529663,0.28205068,0.28233343,native,-23.825314,-17.601137,,5.0048996,-4.760398,ceiling,-4.760398,2.7085794,,,,,0.17349333,-8.1754309
kuairand,w-none.g-none.v-high,101,native_prod_t,0.05,0.025871776,0.018549351,,,3.9484264e-06,0.93897958,,,0.49908246,0.60366228,,,,,20,20,0.00139426,100,1e-05,0.1,one_way,,-4.7619495e-05,,23750,1250,4688,39,4727,4931,220.01424,204,1145,0.20188315,0.25524763,0.20188314,0.25524763,0.30529663,0.28205068,0.28233343,native,-23.669828,-17.601136,,5.0048996,-4.7293313,ceiling,-4.7293313,2.7085794,,,,,0.17349333,-8.1754309
kuairand,w-none.g-none.v-high,101,native_prod_t,0.1,0.025871785,0.022454276,,,6.2487704e-06,1.8635915,,,0.50037652,0.60484976,,,,,20,20,0.00139426,100,1e-05,0.1,one_way,,-2.1165277e-05,,22500,2500,4423,72,4495,4931,440.02848,436,2128,0.20188315,0.25524763,0.20188314,0.25524763,0.30529663,0.28205068,0.28233343,native,-23.279336,-17.601135,,5.0048996,-4.6513092,ceiling,-4.6513092,2.7085794,,,,,0.17349333,-8.1754309
kuairand,w-none.g-none.v-high,101,native_prod_t,0.15,0.025871785,0.020915307,,,2.2683395e-05,0.79134244,,,0.50181529,0.60373428,,,,,20,20,0.00139426,100,1e-05,0.1,one_way,,-2.5442179e-05,,21250,3750,4198,103,4301,4931,660.04272,630,2969,0.20188315,0.25524763,0.20188314,0.25524763,0.30529663,0.28205068,0.28233343,native,-23.433233,-17.601135,,5.0048996,-4.6820585,ceiling,-4.6820585,2.7085794,,,,,0.17349333,-8.1754309
kuairand,w-none.g-none.v-high,101,native_prod_t,0.25,0.025871765,0.042244859,,,9.6176804e-05,0,,,0.50092064,0.56105682,,,,,20,20,0.0028810595,10,0.001,10,one_way,,-1.2082185e-06,,18750,6250,3709,165,3874,4931,1100.0712,1057,4243,0.20188315,0.25524763,0.20188314,0.25524763,0.30529663,0.28205068,0.28233343,native,-21.300278,-17.601137,,5.0048996,-4.2558851,ceiling,-4.2558851,2.7085794,,,,,0.17349333,-8.1754309
kuairand,w-none.g-none.v-high,101,no_prop,,0.26027716,0.26034645,,,0.070716261,0.28901511,0.099176891,0.095057876,,,,,,,20,,0.0010717683,23,,,,,,15.770796,,,,,,,,,,,,0.20188314,0.25524763,0.30529663,0.28205068,0.28233343,reference,0.5098813,5.8394021,,5.0048996,0.10187643,linear,0.18824676,2.7085794,-16.110027,-16.521928,,,0.17349333,-8.1754309
kuairand,w-none.g-none.v-high,101,opc,,0.2635573,0.26358113,,,0.16506709,0.20292833,0.25832433,0.24684774,,,,,,,20,,0.0010363912,28,,,,,,22.660917,,,,,,,,,,,,0.20188314,0.25524763,0.30529663,0.28205068,0.28233343,reference,0.83334986,6.167416,,5.0048996,0.16650681,linear,0.30767046,2.7085794,-0.52329709,-1.6709556,,,0.17349333,-8.1754309
kuairand,w-none.g-none.v-high,101,opc_raw,,0.26212087,0.2621335,,,0.13445139,0.19173222,0.25702235,0.24587078,,,,,,,20,,0.0013656545,18,,,,,,32.704552,,,,,,,,,,,,0.20188314,0.25524763,0.30529663,0.28205068,0.28233343,reference,0.68858665,6.0237739,,5.0048996,0.13758251,linear,0.25422429,2.7085794,-0.50985238,-1.6250092,,,0.17349333,-8.1754309
kuairand,w-none.g-none.v-high,101,tempered_logger,,0.25518479,0.25524763,,,0,0,0.25464833,0.24318884,,,,,,,20,,,-1,,,,,,62.266676,,,,,,,,,,,,0.20188314,0.25524763,0.30529663,0.28205068,0.28233343,reference,0,5.3301651,,5.0048996,0,linear,0,2.7085794,-0.053645901,-1.1995942,,,0.17349333,-8.1754309
kuairand,w-none.g-none.v-high,101,warm_c,0,0.045717674,0.2649761,0.26496778,4096,0,0,,,0.41124537,0.7804692,0.25745999,0.24588458,0.25744218,0.2458671,20,20,0.14212818,10,0.001,0.01,symmetric,zero,1.2885754,,25000,0,4931,0,4931,4931,0,0,0,0.20188315,0.25524763,0.20188314,0.25524763,0.30529663,0.28205068,0.28233343,warm,0.97284613,-15.616546,6.3084648,5.0048996,0.19437875,ceiling,0.19437875,2.7085794,,,-0.75161084,-1.909152,0.17349333,-8.1754309
kuairand,w-none.g-none.v-high,101,warm_c,0.01,0.045562162,0.26487526,0.26486931,4096,0,0,,,0.41124327,0.78042284,0.25923055,0.24760209,0.25923979,0.24761088,20,20,0.14212818,10,0.001,0.01,symmetric,zero,1.2816571,,24750,250,4879,12,4891,4931,44.002848,40,245,0.20188315,0.25524763,0.20188314,0.25524763,0.30529663,0.28205068,0.28233343,warm,0.9627621,-15.632097,6.2986171,5.0048996,0.19236392,ceiling,0.19236392,2.7085794,,,-0.56447104,-1.7273165,0.17349333,-8.1754309
kuairand,w-none.g-none.v-high,101,warm_c,0.05,0.045513797,0.26478477,0.26482269,256,0,0,,,0.41121967,0.78041273,0.25745426,0.24591498,0.2582196,0.24663586,20,20,0.14212818,10,0.001,0.01,symmetric,zero,1.2798368,,23750,1250,4688,39,4727,4931,220.01424,204,1145,0.20188315,0.25524763,0.20188314,0.25524763,0.30529663,0.28205068,0.28233343,warm,0.95371383,-15.636934,6.2939555,5.0048996,0.19055603,ceiling,0.19055603,2.7085794,,,-0.7330517,-1.8869792,0.17349333,-8.1754309
kuairand,w-none.g-none.v-high,101,warm_c,0.1,0.045526038,0.264377,0.26391954,32,0,0,,,0.41138166,0.78023796,0.25558042,0.24407562,0.25690985,0.24552534,20,20,0.14212818,10,0.001,0.01,symmetric,zero,1.2808372,,22500,2500,4423,72,4495,4931,440.02848,436,2128,0.20188315,0.25524763,0.20188314,0.25524763,0.30529663,0.28205068,0.28233343,warm,0.91293675,-15.63571,6.2036402,5.0048996,0.1824086,ceiling,0.1824086,2.7085794,,,-0.87965864,-2.0301386,0.17349333,-8.1754309
kuairand,w-none.g-none.v-high,101,warm_c,0.15,0.045589065,0.26406806,0.2640725,128,0,0,,,0.41145916,0.78013252,0.25689432,0.24530581,0.25800854,0.2464114,20,20,0.14212818,10,0.001,0.01,symmetric,zero,1.2843788,,21250,3750,4198,103,4301,4931,660.04272,630,2969,0.20188315,0.25524763,0.20188314,0.25524763,0.30529663,0.28205068,0.28233343,warm,0.88204251,-15.629407,6.2189363,5.0048996,0.1762358,ceiling,0.1762358,2.7085794,,,-0.71737436,-1.8762249,0.17349333,-8.1754309
kuairand,w-none.g-none.v-high,101,warm_c,0.25,0.045834115,0.26371307,0.2631784,32,0,0,,,0.41160741,0.78002426,0.25888453,0.2472537,0.25870165,0.24725926,20,20,0.14212818,10,0.001,0.01,symmetric,zero,1.2958055,,18750,6250,3709,165,3874,4931,1100.0712,1057,4243,0.20188315,0.25524763,0.20188314,0.25524763,0.30529663,0.28205068,0.28233343,warm,0.84654345,-15.604902,6.1295261,5.0048996,0.16914294,ceiling,0.16914294,2.7085794,,,-0.48285384,-1.6459374,0.17349333,-8.1754309
kuairand,w-none.g-none.v-high,101,warm_t,0,0.04529884,0.25734073,0.25725332,64,0,0,,,0.41339689,0.77855563,0.25153285,0.24009641,0.25288075,0.24155082,20,20,0.14212818,10,0.001,0.01,symmetric,zero,1.2885754,,25000,0,4931,0,4931,4931,0,0,0,0.20188315,0.25524763,0.20188314,0.25524763,0.30529663,0.28205068,0.28233343,warm,0.20930992,-15.65843,5.5370183,5.0048996,0.041821002,ceiling,0.041821002,2.7085794,,,-0.58078881,-1.7244325,0.17349333,-8.1754309
kuairand,w-none.g-none.v-high,101,warm_t,0.01,0.045150704,0.25743777,0.25743646,2048,0,0,,,0.41340152,0.77853672,0.25305233,0.24153527,0.25309849,0.24158271,20,20,0.14212818,10,0.001,0.01,symmetric,zero,1.2816571,,24750,250,4879,12,4891,4931,44.002848,40,245,0.20188315,0.25524763,0.20188314,0.25524763,0.30529663,0.28205068,0.28233343,warm,0.21901344,-15.673243,5.5553323,5.0048996,0.043759807,ceiling,0.043759807,2.7085794,,,-0.43854388,-1.5902497,0.17349333,-8.1754309
kuairand,w-none.g-none.v-high,101,warm_t,0.05,0.045117856,0.2576509,0.25763057,1024,0,0,,,0.41323421,0.77862192,0.25295335,0.24151207,0.25287068,0.24142633,20,20,0.14212818,10,0.001,0.01,symmetric,zero,1.2798368,,23750,1250,4688,39,4727,4931,220.01424,204,1145,0.20188315,0.25524763,0.20188314,0.25524763,0.30529663,0.28205068,0.28233343,warm,0.24032675,-15.676528,5.5747437,5.0048996,0.048018296,ceiling,0.048018296,2.7085794,,,-0.46975475,-1.6138836,0.17349333,-8.1754309
kuairand,w-none.g-none.v-high,101,warm_t,0.1,0.045145946,0.25765602,0.25765751,4096,0,0,,,0.41327462,0.77857505,0.25477695,0.24320716,0.25472969,0.24316455,20,20,0.14212818,10,0.001,0.01,symmetric,zero,1.2808372,,22500,2500,4423,72,4495,4931,440.02848,436,2128,0.20188315,0.25524763,0.20188314,0.25524763,0.30529663,0.28205068,0.28233343,warm,0.24083856,-15.673719,5.5774375,5.0048996,0.048120557,ceiling,0.048120557,2.7085794,,,-0.2879069,-1.4448857,0.17349333,-8.1754309
kuairand,w-none.g-none.v-high,101,warm_t,0.15,0.045222753,0.25762088,0.25762551,4096,0,0,,,0.41318133,0.77852008,0.25431005,0.2428082,0.25422189,0.24272868,20,20,0.14212818,10,0.001,0.01,symmetric,zero,1.2843788,,21250,3750,4198,103,4301,4931,660.04272,630,2969,0.20188315,0.25524763,0.20188314,0.25524763,0.30529663,0.28205068,0.28233343,warm,0.23732465,-15.666038,5.5742373,5.0048996,0.047418463,ceiling,0.047418463,2.7085794,,,-0.33108325,-1.4812677,0.17349333,-8.1754309
kuairand,w-none.g-none.v-high,101,warm_t,0.25,0.045479102,0.25788504,0.25757065,64,0,0,,,0.41301348,0.77856685,0.25349099,0.24197411,0.25413272,0.24278377,20,20,0.14212818,10,0.001,0.01,symmetric,zero,1.2958055,,18750,6250,3709,165,3874,4931,1100.0712,1057,4243,0.20188315,0.25524763,0.20188314,0.25524763,0.30529663,0.28205068,0.28233343,warm,0.26374004,-15.640403,5.5687514,5.0048996,0.05269637,ceiling,0.05269637,2.7085794,,,-0.43940454,-1.5910921,0.17349333,-8.1754309
ml,w-none.g-none.v-high,100,cap_c,0,0.0453797,0.23213219,0.23217229,4096,-0.79142095,0.14939056,,,0.43330804,0.66553814,0.22710523,0.21439614,0.22711691,0.21441178,20,20,0.011058789,100,1e-05,0.1,one_way,base_rate,0.30673948,,25000,0,4338,0,4338,4338,0,0,0,0.17420731,0.21727592,0.17420731,0.21727592,0.30298334,0.27040229,0.27061044,cap,1.4856271,-12.882761,5.7964984,8.5707428,0.17333703,linear,0.27854888,5.3334522,,,-0.50269597,-1.7736043,0.17069688,-4.6579033
ml,w-none.g-none.v-high,100,cap_c,0.01,0.045995893,0.23126208,0.23127395,128,-0.51674588,0.022912752,,,0.43327818,0.66545054,0.22648525,0.21380368,0.22630222,0.21378253,20,20,0.011058789,100,1e-05,0.1,one_way,base_rate,0.31302306,,24750,250,4286,5,4291,4338,36.952773,47,242,0.17420731,0.21727592,0.17420731,0.21727592,0.30298334,0.27040229,0.27061044,cap,1.3986165,-12.821142,5.7066643,8.5707428,0.16318498,linear,0.26223475,5.3334522,,,-0.47768265,-1.74584,0.17069688,-4.6579033
ml,w-none.g-none.v-high,100,cap_c,0.05,0.047326913,0.23103317,0.23106751,256,-0.50379821,0.069599699,,,0.4333421,0.66565583,0.23106543,0.2183193,0.23164363,0.21892312,20,20,0.011058789,100,1e-05,0.1,one_way,base_rate,0.32433325,,23750,1250,4127,31,4158,4338,184.76387,180,1045,0.17420731,0.21727592,0.17420731,0.21727592,0.30298334,0.27040229,0.27061044,cap,1.3757257,-12.688039,5.6860206,8.5707428,0.16051417,linear,0.25794282,5.3334522,,,0.0032253031,-1.2713873,0.17069688,-4.6579033
ml,w-none.g-none.v-high,100,cap_c,0.1,0.048170655,0.23158396,0.2311233,64,0,0,,,0.43323237,0.66612685,0.22920839,0.2163768,0.22961296,0.21685303,20,20,0.011058789,100,1e-05,0.1,one_way,base_rate,0.33089668,,22500,2500,3904,67,3971,4338,369.52773,367,1800,0.17420731,0.21727592,0.17420731,0.21727592,0.30298334,0.27040229,0.27061044,cap,1.4308047,-12.603665,5.6915989,8.5707428,0.16694057,linear,0.2682699,5.3334522,,,-0.23755767,-1.5207166,0.17069688,-4.6579033
ml,w-none.g-none.v-high,100,cap_c,0.15,0.044438205,0.23145533,0.23143379,512,-0.30104699,0.015063591,,,0.43318389,0.66623464,0.22443214,0.21161064,0.22495191,0.212112,20,20,0.001582565,300,0,10,one_way,base_rate,0.27434722,,21250,3750,3695,101,3796,4338,554.2916,542,2313,0.17420731,0.21727592,0.17420731,0.21727592,0.30298334,0.27040229,0.27061044,cap,1.4179419,-12.97691,5.7226478,8.5707428,0.16543979,linear,0.26585818,5.3334522,,,-0.70231951,-1.9844693,0.17069688,-4.6579033
ml,w-none.g-none.v-high,100,cap_c,0.25,0.046013284,0.23195394,0.23085822,32,0.026455152,0.2242132,,,0.43289677,0.66658574,0.22119362,0.20845999,0.22214314,0.20999382,20,20,0.001582565,300,0,10,one_way,base_rate,0.29399261,,18750,6250,3264,165,3429,4338,923.81934,909,2966,0.17420731,0.21727592,0.17420731,0.21727592,0.30298334,0.27040229,0.27061044,cap,1.4678026,-12.819402,5.6650916,8.5707428,0.17125734,linear,0.27520685,5.3334522,,,-1.0760326,-2.3493955,0.17069688,-4.6579033
ml,w-none.g-none.v-high,100,cap_t,0,0.045379702,0.23213219,0.23217199,4096,-0.79147696,0.14791661,,,0.43330803,0.6655382,0.22710523,0.21439614,0.22711445,0.21440906,20,20,0.011058789,100,1e-05,0.1,one_way,base_rate,0.30673948,,25000,0,4338,0,4338,4338,0,0,0,0.17420731,0.21727592,0.17420731,0.21727592,0.30298334,0.27040229,0.27061044,cap,1.4856271,-12.882761,5.7964683,8.5707428,0.17333703,linear,0.27854888,5.3334522,,,-0.50269597,-1.7736043,0.17069688,-4.6579033
ml,w-none.g-none.v-high,100,cap_t,0.01,0.045995912,0.23126208,0.23127399,128,-0.5167403,0.024548282,,,0.43327819,0.66545068,0.22648525,0.21380368,0.22630234,0.21378263,20,20,0.011058789,100,1e-05,0.1,one_way,base_rate,0.31302306,,24750,250,4286,5,4291,4338,36.952773,47,242,0.17420731,0.21727592,0.17420731,0.21727592,0.30298334,0.27040229,0.27061044,cap,1.3986165,-12.82114,5.7066683,8.5707428,0.16318498,linear,0.26223475,5.3334522,,,-0.47768265,-1.74584,0.17069688,-4.6579033
ml,w-none.g-none.v-high,100,cap_t,0.05,0.047326916,0.23103317,0.23106756,256,-0.50379552,0.069599699,,,0.43334211,0.66565594,0.23106543,0.2183193,0.23164405,0.21892356,20,20,0.011058789,100,1e-05,0.1,one_way,base_rate,0.32433325,,23750,1250,4127,31,4158,4338,184.76387,180,1045,0.17420731,0.21727592,0.17420731,0.21727592,0.30298334,0.27040229,0.27061044,cap,1.3757257,-12.688039,5.6860248,8.5707428,0.16051417,linear,0.25794282,5.3334522,,,0.0032253031,-1.2713873,0.17069688,-4.6579033
ml,w-none.g-none.v-high,100,cap_t,0.1,0.048170673,0.23158396,0.23112333,64,0,0,,,0.43323237,0.66612712,0.22920839,0.2163768,0.22961311,0.21685319,20,20,0.011058789,100,1e-05,0.1,one_way,base_rate,0.33089668,,22500,2500,3904,67,3971,4338,369.52773,367,1800,0.17420731,0.21727592,0.17420731,0.21727592,0.30298334,0.27040229,0.27061044,cap,1.4308047,-12.603664,5.6916017,8.5707428,0.16694057,linear,0.2682699,5.3334522,,,-0.23755767,-1.5207166,0.17069688,-4.6579033
ml,w-none.g-none.v-high,100,cap_t,0.15,0.044438231,0.23145533,0.2314338,512,-0.30104948,0.015063591,,,0.4331839,0.66623488,0.22443214,0.21161064,0.22495215,0.21211219,20,20,0.001582565,300,0,10,one_way,base_rate,0.27434722,,21250,3750,3695,101,3796,4338,554.2916,542,2313,0.17420731,0.21727592,0.17420731,0.21727592,0.30298334,0.27040229,0.27061044,cap,1.4179419,-12.976908,5.722649,8.5707428,0.16543979,linear,0.26585818,5.3334522,,,-0.70231951,-1.9844693,0.17069688,-4.6579033
ml,w-none.g-none.v-high,100,cap_t,0.25,0.046013281,0.23195394,0.23085821,32,0.026434704,0.22571803,,,0.43289674,0.66658584,0.22119362,0.20845999,0.22214311,0.20999381,20,20,0.001582565,300,0,10,one_way,base_rate,0.29399261,,18750,6250,3264,165,3429,4338,923.81934,909,2966,0.17420731,0.21727592,0.17420731,0.21727592,0.30298334,0.27040229,0.27061044,cap,1.4678026,-12.819403,5.6650905,8.5707428,0.17125734,linear,0.27520685,5.3334522,,,-1.0760326,-2.3493955,0.17069688,-4.6579033
ml,w-none.g-none.v-high,100,dm,,0.22803378,0.22792752,,,0.071622132,0.25656357,0.23784958,0.23686448,,,,,,,20,,0.00065131976,25,,,,,,8.7258396,,,,,,,,,,,,0.17420731,0.21727592,0.30298334,0.27040229,0.27061044,reference,1.0651601,5.382647,,8.5707428,0.12427862,linear,0.19971307,5.3334522,0.98157998,0.8830698,,,0.17069688,-4.6579033
ml,w-none.g-none.v-high,100,dm_own,,0.22842264,0.22854766,,,0.036371063,0.20997037,0.23744431,0.23645724,,,,,,,20,,0.00042218227,21,,,,,,5.9262929,,,,,,,,,,,,0.17420731,0.21727592,0.30298334,0.27040229,0.27061044,reference,1.1271747,5.4215332,,8.5707428,0.13151424,linear,0.21134055,5.3334522,0.90216707,0.80346024,,,0.17069688,-4.6579033
ml,w-none.g-none.v-high,100,native_avg,0,0.027112469,0.17069688,,,-0.03339474,0,,,0.44712413,0.61115021,,,,,20,19,0.68508528,10,1e-06,0.1,one_way,,-0.11912742,,25000,0,4338,0,4338,4338,0,0,0,0.17420731,0.21727591,0.17420731,0.21727592,0.30298334,0.27040229,0.27061044,native,-4.6579034,-14.709484,,8.5707428,-0.54346554,ceiling,-0.54346554,5.3334522,,,,,0.17069688,-4.6579033
ml,w-none.g-none.v-high,100,native_avg,0.01,0.027128537,0.17069688,,,-0.034003377,0,,,0.44701582,0.61130887,,,,,20,19,0.68508528,10,1e-06,0.1,one_way,,-0.11341688,,24750,250,4286,5,4291,4338,36.952773,47,242,0.17420731,0.21727591,0.17420731,0.21727592,0.30298334,0.27040229,0.27061044,native,-4.6579034,-14.707877,,8.5707428,-0.54346554,ceiling,-0.54346554,5.3334522,,,,,0.17069688,-4.6579033
ml,w-none.g-none.v-high,100,native_avg,0.05,0.027126082,0.17069688,,,-0.074038579,0,,,0.44702459,0.61231487,,,,,20,19,0.68508528,10,1e-06,0.1,one_way,,-0.12684011,,23750,1250,4127,31,4158,4338,184.76387,180,1045,0.17420731,0.21727591,0.17420731,0.21727592,0.30298334,0.27040229,0.27061044,native,-4.6579034,-14.708123,,8.5707428,-0.54346554,ceiling,-0.54346554,5.3334522,,,,,0.17069688,-4.6579033
ml,w-none.g-none.v-high,100,native_avg,0.1,0.027110873,0.17069688,,,-0.072398962,0,,,0.4472204,0.61026239,,,,,20,19,0.68508528,10,1e-06,0.1,one_way,,-0.12994793,,22500,2500,3904,67,3971,4338,369.52773,367,1800,0.17420731,0.21727591,0.17420731,0.21727592,0.30298334,0.27040229,0.27061044,native,-4.6579034,-14.709644,,8.5707428,-0.54346554,ceiling,-0.54346554,5.3334522,,,,,0.17069688,-4.6579033
ml,w-none.g-none.v-high,100,native_avg,0.15,0.027077468,0.17069688,,,-0.068968574,0,,,0.4476735,0.60760646,,,,,20,19,0.68508528,10,1e-06,0.1,one_way,,-0.13018818,,21250,3750,3695,101,3796,4338,554.2916,542,2313,0.17420731,0.21727591,0.17420731,0.21727592,0.30298334,0.27040229,0.27061044,native,-4.6579034,-14.712984,,8.5707428,-0.54346554,ceiling,-0.54346554,5.3334522,,,,,0.17069688,-4.6579033
ml,w-none.g-none.v-high,100,native_avg,0.25,0.026998545,0.17069688,,,-0.028599196,0,,,0.44837049,0.60556975,,,,,20,19,0.68508528,10,1e-06,0.1,one_way,,-0.074397832,,18750,6250,3264,165,3429,4338,923.81934,909,2966,0.17420731,0.21727591,0.17420731,0.21727592,0.30298334,0.27040229,0.27061044,native,-4.6579034,-14.720876,,8.5707428,-0.54346554,ceiling,-0.54346554,5.3334522,,,,,0.17069688,-4.6579033
ml,w-none.g-none.v-high,100,native_prod_c,0,0.027560726,0.17069688,,,0,0,,,0.44517186,0.61656592,,,,,20,20,0.82619078,30,0.0001,0,one_way,,-0.01400614,,25000,0,4338,0,4338,4338,0,0,0,0.17420731,0.21727591,0.17420731,0.21727592,0.30298334,0.27040229,0.27061044,native,-4.6579034,-14.664658,,8.5707428,-0.54346554,ceiling,-0.54346554,5.3334522,,,,,0.17069688,-4.6579033
ml,w-none.g-none.v-high,100,native_prod_c,0.01,0.027626863,0.17069688,,,0,0,,,0.4449089,0.61749256,,,,,20,20,0.82619078,30,0.0001,0,one_way,,-0.018808886,,24750,250,4286,5,4291,4338,36.952773,47,242,0.17420731,0.21727591,0.17420731,0.21727592,0.30298334,0.27040229,0.27061044,native,-4.6579034,-14.658045,,8.5707428,-0.54346554,ceiling,-0.54346554,5.3334522,,,,,0.17069688,-4.6579033
ml,w-none.g-none.v-high,100,native_prod_c,0.05,0.027837239,0.17069688,,,0,0,,,0.44458445,0.61966474,,,,,20,20,0.82619078,30,0.0001,0,one_way,,-0.015307313,,23750,1250,4127,31,4158,4338,184.76387,180,1045,0.17420731,0.21727591,0.17420731,0.21727592,0.30298334,0.27040229,0.27061044,native,-4.6579034,-14.637007,,8.5707428,-0.54346554,ceiling,-0.54346554,5.3334522,,,,,0.17069688,-4.6579033
ml,w-none.g-none.v-high,100,native_prod_c,0.1,0.028080613,0.17069688,,,0,0,,,0.44491143,0.61904439,,,,,20,20,0.82619078,30,0.0001,0,one_way,,-0.01898724,,22500,2500,3904,67,3971,4338,369.52773,367,1800,0.17420731,0.21727591,0.17420731,0.21727592,0.30298334,0.27040229,0.27061044,native,-4.6579034,-14.612669,,8.5707428,-0.54346554,ceiling,-0.54346554,5.3334522,,,,,0.17069688,-4.6579033
ml,w-none.g-none.v-high,100,native_prod_c,0.15,0.02827683,0.17069688,,,0,0,,,0.44575836,0.61786963,,,,,20,20,0.82619078,30,0.0001,0,one_way,,-0.016286215,,21250,3750,3695,101,3796,4338,554.2916,542,2313,0.17420731,0.21727591,0.17420731,0.21727592,0.30298334,0.27040229,0.27061044,native,-4.6579034,-14.593048,,8.5707428,-0.54346554,ceiling,-0.54346554,5.3334522,,,,,0.17069688,-4.6579033
ml,w-none.g-none.v-high,100,native_prod_c,0.25,0.028589779,0.17069688,,,0,0,,,0.44760311,0.61771088,,,,,20,20,0.82619078,30,0.0001,0,one_way,,-0.016142895,,18750,6250,3264,165,3429,4338,923.81934,909,2966,0.17420731,0.21727591,0.17420731,0.21727592,0.30298334,0.27040229,0.27061044,native,-4.6579034,-14.561753,,8.5707428,-0.54346554,ceiling,-0.54346554,5.3334522,,,,,0.17069688,-4.6579033
ml,w-none.g-none.v-high,100,native_prod_t,0,0.026396215,0.025781952,,,4.534723e-08,0.21962548,,,0.45682036,0.57348308,,,,,20,20,0.0054510265,300,1e-06,0.1,one_way,,0.00037494893,,25000,0,4338,0,4338,4338,0,0,0,0.17420731,0.21727591,0.17420731,0.21727592,0.30298334,0.27040229,0.27061044,native,-19.149396,-14.781109,,8.5707428,-2.234275,ceiling,-2.234275,5.3334522,,,,,0.17069688,-4.6579033
ml,w-none.g-none.v-high,100,native_prod_t,0.01,0.026396581,0.019047113,,,-2.648455e-05,0,,,0.45694661,0.57401103,,,,,20,20,0.0054510265,300,1e-06,0.1,one_way,,0.00049920846,,24750,250,4286,5,4291,4338,36.952773,47,242,0.17420731,0.21727591,0.17420731,0.21727592,0.30298334,0.27040229,0.27061044,native,-19.82288,-14.781073,,8.5707428,-2.3128544,ceiling,-2.3128544,5.3334522,,,,,0.17069688,-4.6579033
ml,w-none.g-none.v-high,100,native_prod_t,0.05,0.026398023,0.088230612,,,-0.00014399798,0.71456368,,,0.45730882,0.57195025,,,,,20,20,0.36910691,3,0,100,one_way,,0.023435336,,23750,1250,4127,31,4158,4338,184.76387,180,1045,0.17420731,0.21727591,0.17420731,0.21727592,0.30298334,0.27040229,0.27061044,native,-12.90453,-14.780929,,8.5707428,-1.505649,ceiling,-1.505649,5.3334522,,,,,0.17069688,-4.6579033
ml,w-none.g-none.v-high,100,native_prod_t,0.1,0.026396398,0.093849075,,,0,0,,,0.45736321,0.56882356,,,,,20,20,0.021385293,3,0.0001,1,one_way,,-0.00011210259,,22500,2500,3904,67,3971,4338,369.52773,367,1800,0.17420731,0.21727591,0.17420731,0.21727592,0.30298334,0.27040229,0.27061044,native,-12.342684,-14.781091,,8.5707428,-1.440095,ceiling,-1.440095,5.3334522,,,,,0.17069688,-4.6579033
ml,w-none.g-none.v-high,100,native_prod_t,0.15,0.026396422,0.12205086,,,0,0,,,0.45754309,0.56252174,,,,,20,20,0.021385293,3,0.0001,1,one_way,,-7.7481047e-05,,21250,3750,3695,101,3796,4338,554.2916,542,2313,0.17420731,0.21727591,0.17420731,0.21727592,0.30298334,0.27040229,0.27061044,native,-9.522506,-14.781089,,8.5707428,-1.1110479,ceiling,-1.1110479,5.3334522,,,,,0.17069688,-4.6579033
ml,w-none.g-none.v-high,100,native_prod_t,0.25,0.026396473,0.12706614,,,0.00094184952,0,,,0.45739465,0.55446119,,,,,20,20,0.016343664,3,1e-05,10,one_way,,-2.0890557e-05,,18750,6250,3264,165,3429,4338,923.81934,909,2966,0.17420731,0.21727591,0.17420731,0.21727592,0.30298334,0.27040229,0.27061044,native,-9.0209778,-14.781084,,8.5707428,-1.0525316,ceiling,-1.0525316,5.3334522,,,,,0.17069688,-4.6579033
ml,w-none.g-none.v-high,100,no_prop,,0.22156412,0.2228397,,,0.11000373,0.051286555,0.052777313,0.049893482,,,,,,,20,,0.00029872196,9,,,,,,3.9582751,,,,,,,,,,,,0.17420731,0.21727592,0.30298334,0.27040229,0.27061044,reference,0.55637825,4.7356816,,8.5707428,0.064915989,linear,0.1043186,5.3334522,-16.878681,-17.167064,,,0.17069688,-4.6579033
ml,w-none.g-none.v-high,100,opc,,0.23242757,0.23253809,,,0.10814047,0.13456128,0.23698257,0.22377593,,,,,,,20,,0.0010030654,17,,,,,,13.530193,,,,,,,,,,,,0.17420731,0.21727592,0.30298334,0.27040229,0.27061044,reference,1.5262172,5.8220261,,8.5707428,0.17807293,linear,0.28615935,5.3334522,0.45549999,-0.86516357,,,0.17069688,-4.6579033
ml,w-none.g-none.v-high,100,opc_raw,,0.23201257,0.23219338,,,0.16555788,0.14252501,0.22807048,0.21508744,,,,,,,20,,0.0011535577,11,,,,,,20.595072,,,,,,,,,,,,0.17420731,0.21727592,0.30298334,0.27040229,0.27061044,reference,1.4917463,5.7805263,,8.5707428,0.174051,linear,0.2796962,5.3334522,-0.39420891,-1.6925133,,,0.17069688,-4.6579033
ml,w-none.g-none.v-high,100,tempered_logger,,0.21688453,0.21727592,,,0.015322616,0,0.21161263,0.1997998,,,,,,,20,,,-1,,,,,,10.410349,,,,,,,,,,,,0.17420731,0.21727592,0.30298334,0.27040229,0.27061044,reference,-4.6934068e-08,4.2677225,,8.5707428,-5.4760794e-09,linear,-8.7999415e-09,5.3334522,-0.52719067,-1.7084738,,,0.17069688,-4.6579033
ml,w-none.g-none.v-high,100,warm_c,0,0.049962625,0.23849324,0.23744099,32,0.46672717,0.018525114,,,0.43218943,0.66961136,0.2287432,0.2157458,0.23149045,0.21864592,20,18,0.39967167,10,1e-07,0,symmetric,zero,0.39500067,,25000,0,4338,0,4338,4338,0,0,0,0.17420731,0.21727592,0.17420731,0.21727592,0.30298334,0.27040229,0.27061044,warm,2.1217328,-12.424468,6.3233681,8.5707428,0.24755531,ceiling,0.24755531,5.3334522,,,-0.97500392,-2.2747444,0.17069688,-4.6579033
ml,w-none.g-none.v-high,100,warm_c,0.01,0.050567575,0.23767519,0.23715836,32,0.45195951,0.051183331,,,0.4321413,0.66981651,0.23045245,0.21738423,0.23115076,0.21827308,20,18,0.39967167,10,1e-07,0,symmetric,zero,0.40277445,,24750,250,4286,5,4291,4338,36.952773,47,242,0.17420731,0.21727592,0.17420731,0.21727592,0.30298334,0.27040229,0.27061044,warm,2.0399271,-12.363973,6.2951048,8.5707428,0.23801054,ceiling,0.23801054,5.3334522,,,-0.72227323,-2.0290956,0.17069688,-4.6579033
ml,w-none.g-none.v-high,100,warm_c,0.05,0.052127614,0.23672691,0.2361708,32,0.39283884,0.019838265,,,0.43230049,0.6697489,0.2319352,0.2186168,0.23276086,0.21979086,20,18,0.39967167,10,1e-07,0,symmetric,zero,0.42306754,,23750,1250,4127,31,4158,4338,184.76387,180,1045,0.17420731,0.21727592,0.17420731,0.21727592,0.30298334,0.27040229,0.27061044,warm,1.9450996,-12.207969,6.1963487,8.5707428,0.22694644,ceiling,0.22694644,5.3334522,,,-0.47917099,-1.8110107,0.17069688,-4.6579033
ml,w-none.g-none.v-high,100,warm_c,0.1,0.052057559,0.23706226,0.23679307,64,0.37682962,0.021451721,,,0.43246808,0.66965641,0.23394993,0.22069304,0.23476355,0.22156503,20,18,0.39967167,10,1e-07,0,symmetric,zero,0.42151794,,22500,2500,3904,67,3971,4338,369.52773,367,1800,0.17420731,0.21727592,0.17420731,0.21727592,0.30298334,0.27040229,0.27061044,warm,1.9786347,-12.214975,6.2585764,8.5707428,0.23085919,ceiling,0.23085919,5.3334522,,,-0.31123334,-1.6369219,0.17069688,-4.6579033
ml,w-none.g-none.v-high,100,warm_c,0.15,0.052686184,0.23744928,0.23689382,32,0.30760569,0.058468523,,,0.43256456,0.6689581,0.23136666,0.21810281,0.23296534,0.21995297,20,18,0.39967167,10,1e-07,0,symmetric,zero,0.43016243,,21250,3750,3695,101,3796,4338,554.2916,542,2313,0.17420731,0.21727592,0.17420731,0.21727592,0.30298334,0.27040229,0.27061044,warm,2.0173364,-12.152112,6.2686511,8.5707428,0.23537474,ceiling,0.23537474,5.3334522,,,-0.60826187,-1.9346474,0.17069688,-4.6579033
ml,w-none.g-none.v-high,100,warm_c,0.25,0.052849178,0.23697317,0.23703111,512,0,0,,,0.43282023,0.66782518,0.23468293,0.22119398,0.23496756,0.22149825,20,18,0.39967167,10,1e-07,0,symmetric,zero,0.43356639,,18750,6250,3264,165,3429,4338,923.81934,909,2966,0.17420731,0.21727592,0.17420731,0.21727592,0.30298334,0.27040229,0.27061044,warm,1.9697257,-12.135813,6.2823805,8.5707428,0.22981973,ceiling,0.22981973,5.3334522,,,-0.22902438,-1.5779193,0.17069688,-4.6579033
ml,w-none.g-none.v-high,100,warm_t,0,0.053587605,0.22344236,0.22285877,32,0,0,,,0.43402543,0.66545615,0.21889999,0.20605303,0.2191699,0.20723192,20,18,0.055857864,100,1e-05,0.01,symmetric,zero,0.45992523,,25000,0,4338,0,4338,4338,0,0,0,0.17420731,0.21727592,0.17420731,0.21727592,0.30298334,0.27040229,0.27061044,warm,0.61664431,-12.06197,4.8651463,8.5707428,0.071947592,ceiling,0.071947592,5.3334522,,,-0.45423679,-1.7389331,0.17069688,-4.6579033
ml,w-none.g-none.v-high,100,warm_t,0.01,0.054030153,0.22369561,0.22300113,32,0,0,,,0.43404581,0.66569492,0.21887465,0.20598564,0.21919152,0.20723547,20,18,0.055857864,100,1e-05,0.01,symmetric,zero,0.46551773,,24750,250,4286,5,4291,4338,36.952773,47,242,0.17420731,0.21727592,0.17420731,0.21727592,0.30298334,0.27040229,0.27061044,warm,0.64196943,-12.017716,4.8793822,8.5707428,0.074902427,ceiling,0.074902427,5.3334522,,,-0.48209556,-1.7709969,0.17069688,-4.6579033
ml,w-none.g-none.v-high,100,warm_t,0.05,0.044909869,0.21787597,0.21732694,64,1.0114225,0.58412707,,,0.4343852,0.661971,0.21205846,0.19938455,0.21240732,0.2005413,20,18,0.012426653,100,0.001,0.1,one_way,zero,0.61116374,,23750,1250,4127,31,4158,4338,184.76387,180,1045,0.17420731,0.21727592,0.17420731,0.21727592,0.30298334,0.27040229,0.27061044,warm,0.060005831,-12.929744,4.3119634,8.5707428,0.0070012405,ceiling,0.0070012405,5.3334522,,,-0.58175166,-1.8491428,0.17069688,-4.6579033
ml,w-none.g-none.v-high,100,warm_t,0.1,0.045644992,0.21761427,0.21735394,64,0.91977383,0.592675,,,0.43433258,0.66192408,0.21316011,0.20048566,0.212826,0.20090238,20,18,0.012426653,100,0.001,0.1,one_way,zero,0.63029099,,22500,2500,3904,67,3971,4338,369.52773,367,1800,0.17420731,0.21727592,0.17420731,0.21727592,0.30298334,0.27040229,0.27061044,warm,0.033835877,-12.856232,4.3146635,8.5707428,0.0039478349,ceiling,0.0039478349,5.3334522,,,-0.44541659,-1.712861,0.17069688,-4.6579033
ml,w-none.g-none.v-high,100,warm_t,0.15,0.046252455,0.21738722,0.21729357,64,0.85861604,0.58017227,,,0.43434743,0.66180939,0.21243118,0.19980847,0.21306513,0.20112822,20,18,0.012426653,100,0.001,0.1,one_way,zero,0.64597052,,21250,3750,3695,101,3796,4338,554.2916,542,2313,0.17420731,0.21727592,0.17420731,0.21727592,0.30298334,0.27040229,0.27061044,warm,0.011130003,-12.795485,4.3086261,8.5707428,0.0012986042,ceiling,0.0012986042,5.3334522,,,-0.49560326,-1.7578746,0.17069688,-4.6579033
ml,w-none.g-none.v-high,100,warm_t,0.25,0.047031812,0.2178872,0.21788457,4096,0.723408,0.56355336,,,0.43440382,0.66172253,0.21587416,0.20313994,0.21607432,0.20333976,20,18,0.012426653,100,0.001,0.1,one_way,zero,0.66593522,,18750,6250,3264,165,3429,4338,923.81934,909,2966,0.17420731,0.21727592,0.17420731,0.21727592,0.30298334,0.27040229,0.27061044,warm,0.061128749,-12.71755,4.3677264,8.5707428,0.007132258,ceiling,0.007132258,5.3334522,,,-0.20130417,-1.4747264,0.17069688,-4.6579033
ml,w-none.g-none.v-high,101,cap_c,0,0.044681318,0.23472951,0.23358406,32,0,0,,,0.44622427,0.66089063,0.23319836,0.22067435,0.23352961,0.22161931,20,20,0.006394188,100,1e-05,0.01,symmetric,base_rate,0.26650053,,25000,0,4399,0,4399,4399,0,0,0,0.17877475,0.22076354,0.17877476,0.22076354,0.30089191,0.26875936,0.26900188,cap,1.3965968,-13.409344,5.4809305,8.0128369,0.17429492,linear,0.28952009,4.8238338,,,-0.15311455,-1.4055159,0.16990364,-5.0859898
ml,w-none.g-none.v-high,101,cap_c,0.01,0.044928145,0.23462434,0.23375991,32,-0.38070667,0.19594945,,,0.44623992,0.6608394,0.23250522,0.22002165,0.23336543,0.22143851,20,20,0.006394188,100,1e-05,0.01,symmetric,base_rate,0.26833105,,24750,250,4351,8,4359,4399,37.818975,40,243,0.17877475,0.22076354,0.17877476,0.22076354,0.30089191,0.26875936,0.26900188,cap,1.3860805,-13.384661,5.4985153,8.0128369,0.17298249,linear,0.28734002,4.8238338,,,-0.21191205,-1.4602688,0.16990364,-5.0859898
ml,w-none.g-none.v-high,101,cap_c,0.05,0.045833104,0.23414294,0.23344811,32,-0.33542445,0.17198067,,,0.44625336,0.66080624,0.2334112,0.22103066,0.23395427,0.22203905,20,20,0.006394188,100,1e-05,0.01,symmetric,base_rate,0.27999139,,23750,1250,4182,38,4220,4399,189.09488,179,1060,0.17877475,0.22076354,0.17877476,0.22076354,0.30089191,0.26875936,0.26900188,cap,1.3379407,-13.294165,5.4673353,8.0128369,0.16697465,linear,0.27736044,4.8238338,,,-0.073174323,-1.3112288,0.16990364,-5.0859898
ml,w-none.g-none.v-high,101,cap_c,0.1,0.046645141,0.23420866,0.23339385,32,-0.30275293,0.27672711,,,0.44640158,0.66036907,0.23280867,0.22030367,0.23463884,0.22252856,20,20,0.006394188,100,1e-05,0.01,symmetric,base_rate,0.28997982,,22500,2500,3941,76,4017,4399,378.18975,382,1786,0.17877475,0.22076354,0.17877476,0.22076354,0.30089191,0.26875936,0.26900188,cap,1.3445126,-13.212962,5.4619091,8.0128369,0.16779483,linear,0.27872284,4.8238338,,,-0.13999947,-1.3904998,0.16990364,-5.0859898
ml,w-none.g-none.v-high,101,cap_c,0.15,0.04505954,0.23647795,0.23650166,256,0,0,,,0.44646207,0.66021037,0.23431565,0.22174559,0.2343044,0.22175514,20,20,0.0019470466,300,0.0001,100,one_way,base_rate,0.25823575,,21250,3750,3740,107,3847,4399,567.28463,552,2330,0.17877475,0.22076354,0.17877476,0.22076354,0.30089191,0.26875936,0.26900188,cap,1.5714415,-13.371522,5.7726902,8.0128369,0.1961155,linear,0.3257661,4.8238338,,,-0.21623056,-1.4732363,0.16990364,-5.0859898
ml,w-none.g-none.v-high,101,cap_c,0.25,0.047343568,0.23620791,0.23520791,32,0,0,,,0.44664238,0.65998583,0.22956742,0.21716111,0.23194224,0.21984465,20,20,0.0019470466,300,0.0001,100,one_way,base_rate,0.28270701,,18750,6250,3286,181,3467,4399,945.47438,932,2903,0.17877475,0.22076354,0.17877476,0.22076354,0.30089191,0.26875936,0.26900188,cap,1.544437,-13.143119,5.6433155,8.0128369,0.19274535,linear,0.32016796,4.8238338,,,-0.66404851,-1.9046798,0.16990364,-5.0859898
ml,w-none.g-none.v-high,101,cap_t,0,0.044681312,0.23472951,0.23358404,32,0,0,,,0.44622427,0.66089069,0.23319836,0.22067435,0.23352958,0.22161928,20,20,0.006394188,100,1e-05,0.01,symmetric,base_rate,0.26650053,,25000,0,4399,0,4399,4399,0,0,0,0.17877475,0.22076354,0.17877476,0.22076354,0.30089191,0.26875936,0.26900188,cap,1.3965968,-13.409345,5.4809282,8.0128369,0.17429492,linear,0.28952009,4.8238338,,,-0.15311455,-1.4055159,0.16990364,-5.0859898
ml,w-none.g-none.v-high,101,cap_t,0.01,0.044928149,0.23462434,0.23375987,32,-0.38060701,0.19594945,,,0.44623993,0.66083931,0.23250522,0.22002165,0.23336539,0.22143847,20,20,0.006394188,100,1e-05,0.01,symmetric,base_rate,0.26833105,,24750,250,4351,8,4359,4399,37.818975,40,243,0.17877475,0.22076354,0.17877476,0.22076354,0.30089191,0.26875936,0.26900188,cap,1.3860805,-13.384661,5.4985115,8.0128369,0.17298249,linear,0.28734002,4.8238338,,,-0.21191205,-1.4602688,0.16990364,-5.0859898
ml,w-none.g-none.v-high,101,cap_t,0.05,0.04583308,0.23414294,0.23344809,32,-0.33536027,0.17198067,,,0.44625336,0.66080638,0.2334112,0.22103066,0.23395441,0.2220392,20,20,0.006394188,100,1e-05,0.01,symmetric,base_rate,0.27999139,,23750,1250,4182,38,4220,4399,189.09488,179,1060,0.17877475,0.22076354,0.17877476,0.22076354,0.30089191,0.26875936,0.26900188,cap,1.3379407,-13.294168,5.4673328,8.0128369,0.16697465,linear,0.27736044,4.8238338,,,-0.073174323,-1.3112288,0.16990364,-5.0859898
ml,w-none.g-none.v-high,101,cap_t,0.1,0.046645139,0.23420866,0.23339384,32,-0.30278976,0.27672711,,,0.44640159,0.6603689,0.23280867,0.22030367,0.23463875,0.22252849,20,20,0.006394188,100,1e-05,0.01,symmetric,base_rate,0.28997982,,22500,2500,3941,76,4017,4399,378.18975,382,1786,0.17877475,0.22076354,0.17877476,0.22076354,0.30089191,0.26875936,0.26900188,cap,1.3445126,-13.212962,5.461908,8.0128369,0.16779483,linear,0.27872284,4.8238338,,,-0.13999947,-1.3904998,0.16990364,-5.0859898
ml,w-none.g-none.v-high,101,cap_t,0.15,0.045059235,0.23648038,0.23650118,256,0,0,,,0.44646207,0.66021111,0.23431565,0.22174559,0.23429996,0.22175087,20,20,0.0019470466,300,0.0001,100,one_way,base_rate,0.25823575,,21250,3750,3740,107,3847,4399,567.28463,552,2330,0.17877475,0.22076354,0.17877476,0.22076354,0.30089191,0.26875936,0.26900188,cap,1.5716842,-13.371552,5.7726424,8.0128369,0.19614579,linear,0.32581641,4.8238338,,,-0.21647322,-1.4734789,0.16990364,-5.0859898
ml,w-none.g-none.v-high,101,cap_t,0.25,0.047344268,0.2361935,0.23520993,32,0,0,,,0.44664256,0.65998416,0.22957468,0.21716892,0.23194186,0.21984428,20,20,0.0019470466,300,0.0001,100,one_way,base_rate,0.28270701,,18750,6250,3286,181,3467,4399,945.47438,932,2903,0.17877475,0.22076354,0.17877476,0.22076354,0.30089191,0.26875936,0.26900188,cap,1.5429966,-13.143049,5.6435171,8.0128369,0.19256558,linear,0.31986934,4.8238338,,,-0.66188189,-1.9024584,0.16990364,-5.0859898
ml,w-none.g-none.v-high,101,dm,,0.23399836,0.23397378,,,0.038614353,0.40537083,0.24593428,0.24488785,,,,,,,20,,0.0018834766,27,,,,,,19.971445,,,,,,,,,,,,0.17877476,0.22076354,0.30089191,0.26875936,0.26900188,reference,1.3210245,5.5223601,,8.0128369,0.16486352,linear,0.27385365,4.8238338,1.193592,1.088949,,,0.16990364,-5.0859898
ml,w-none.g-none.v-high,101,dm_own,,0.23407475,0.23424649,,,0.035007785,0.39576564,0.24581508,0.24476846,,,,,,,20,,0.00095490948,23,,,,,,11.047588,,,,,,,,,,,,0.17877476,0.22076354,0.30089191,0.26875936,0.26900188,reference,1.3482953,5.5299997,,8.0128369,0.16826691,linear,0.279507,4.8238338,1.1740329,1.069371,,,0.16990364,-5.0859898
ml,w-none.g-none.v-high,101,native_avg,0,0.0279072,0.16990364,,,-0.035149909,0,,,0.4603044,0.60923287,,,,,20,19,0.08281329,300,0.001,0,one_way,,-0.0021142084,,25000,0,4399,0,4399,4399,0,0,0,0.17877476,0.22076354,0.17877476,0.22076354,0.30089191,0.26875936,0.26900188,native,-5.0859899,-15.086756,,8.0128369,-0.63473023,ceiling,-0.63473023,4.8238338,,,,,0.16990364,-5.0859898
ml,w-none.g-none.v-high,101,native_avg,0.01,0.027913714,0.16990364,,,-0.035669845,0,,,0.46029651,0.60946968,,,,,20,19,0.08281329,300,0.001,0,one_way,,-0.0017383518,,24750,250,4351,8,4359,4399,37.818978,40,243,0.17877476,0.22076354,0.17877476,0.22076354,0.30089191,0.26875936,0.26900188,native,-5.0859899,-15.086104,,8.0128369,-0.63473023,ceiling,-0.63473023,4.8238338,,,,,0.16990364,-5.0859898
ml,w-none.g-none.v-high,101,native_avg,0.05,0.027909836,0.16990364,,,-0.034968159,0,,,0.4604361,0.60925406,,,,,20,19,0.08281329,300,0.001,0,one_way,,-0.002451584,,23750,1250,4182,38,4220,4399,189.09489,179,1060,0.17877476,0.22076354,0.17877476,0.22076354,0.30089191,0.26875936,0.26900188,native,-5.0859899,-15.086492,,8.0128369,-0.63473023,ceiling,-0.63473023,4.8238338,,,,,0.16990364,-5.0859898
ml,w-none.g-none.v-high,101,native_avg,0.1,0.027893062,0.16990364,,,-0.033430907,0,,,0.46077454,0.60900802,,,,,20,19,0.08281329,300,0.001,0,one_way,,-0.0013354581,,22500,2500,3941,76,4017,4399,378.18978,382,1786,0.17877476,0.22076354,0.17877476,0.22076354,0.30089191,0.26875936,0.26900188,native,-5.0859899,-15.08817,,8.0128369,-0.63473023,ceiling,-0.63473023,4.8238338,,,,,0.16990364,-5.0859898
ml,w-none.g-none.v-high,101,native_avg,0.15,0.02788365,0.16990364,,,-0.032438364,0,,,0.4608628,0.60843615,,,,,20,19,0.08281329,300,0.001,0,one_way,,-0.0012738565,,21250,3750,3740,107,3847,4399,567.28467,552,2330,0.17877476,0.22076354,0.17877476,0.22076354,0.30089191,0.26875936,0.26900188,native,-5.0859899,-15.089111,,8.0128369,-0.63473023,ceiling,-0.63473023,4.8238338,,,,,0.16990364,-5.0859898
ml,w-none.g-none.v-high,101,native_avg,0.25,0.029163824,0.065601142,,,-0.1607308,10.43025,,,0.46028272,0.61181731,,,,,20,19,0.11459725,300,0,0.1,one_way,,-0.58397734,,18750,6250,3286,181,3467,4399,945.47445,932,2903,0.17877476,0.22076354,0.17877476,0.22076354,0.30089191,0.26875936,0.26900188,native,-15.516239,-14.961093,,8.0128369,-1.9364227,ceiling,-1.9364227,4.8238338,,,,,0.16990364,-5.0859898
ml,w-none.g-none.v-high,101,native_prod_c,0,0.028890677,0.065601142,,,-0.13090873,10.43025,,,0.45769242,0.61538585,,,,,20,20,0.47985917,100,0.0001,10,one_way,,-0.059269682,,25000,0,4399,0,4399,4399,0,0,0,0.17877476,0.22076354,0.17877476,0.22076354,0.30089191,0.26875936,0.26900188,native,-15.516239,-14.988408,,8.0128369,-1.9364227,ceiling,-1.9364227,4.8238338,,,,,0.16990364,-5.0859898
ml,w-none.g-none.v-high,101,native_prod_c,0.01,0.028967286,0.065601142,,,-0.13842861,10.43025,,,0.45769569,0.61553025,,,,,20,20,0.47985917,100,0.0001,10,one_way,,-0.10585974,,24750,250,4351,8,4359,4399,37.818978,40,243,0.17877476,0.22076354,0.17877476,0.22076354,0.30089191,0.26875936,0.26900188,native,-15.516239,-14.980747,,8.0128369,-1.9364227,ceiling,-1.9364227,4.8238338,,,,,0.16990364,-5.0859898
ml,w-none.g-none.v-high,101,native_prod_c,0.05,0.029228268,0.065601142,,,-0.16365497,10.43025,,,0.45785067,0.61660797,,,,,20,20,0.47985917,100,0.0001,10,one_way,,-0.40941432,,23750,1250,4182,38,4220,4399,189.09489,179,1060,0.17877476,0.22076354,0.17877476,0.22076354,0.30089191,0.26875936,0.26900188,native,-15.516239,-14.954649,,8.0128369,-1.9364227,ceiling,-1.9364227,4.8238338,,,,,0.16990364,-5.0859898
ml,w-none.g-none.v-high,101,native_prod_c,0.1,0.029490458,0.065601142,,,-0.1892907,10.43025,,,0.45856358,0.61656194,,,,,20,20,0.47985917,100,0.0001,10,one_way,,-0.17516834,,22500,2500,3941,76,4017,4399,378.18978,382,1786,0.17877476,0.22076354,0.17877476,0.22076354,0.30089191,0.26875936,0.26900188,native,-15.516239,-14.92843,,8.0128369,-1.9364227,ceiling,-1.9364227,4.8238338,,,,,0.16990364,-5.0859898
ml,w-none.g-none.v-high,101,native_prod_c,0.15,0.029770651,0.065601142,,,-0.21635932,10.43025,,,0.45928176,0.61688604,,,,,20,20,0.47985917,100,0.0001,10,one_way,,0.031176211,,21250,3750,3740,107,3847,4399,567.28467,552,2330,0.17877476,0.22076354,0.17877476,0.22076354,0.30089191,0.26875936,0.26900188,native,-15.516239,-14.900411,,8.0128369,-1.9364227,ceiling,-1.9364227,4.8238338,,,,,0.16990364,-5.0859898
ml,w-none.g-none.v-high,101,native_prod_c,0.25,0.030227202,0.16990364,,,-0.26097722,0,,,0.46160739,0.61621011,,,,,20,20,0.47985917,100,0.0001,10,one_way,,0.34113264,,18750,6250,3286,181,3467,4399,945.47445,932,2903,0.17877476,0.22076354,0.17877476,0.22076354,0.30089191,0.26875936,0.26900188,native,-5.0859899,-14.854755,,8.0128369,-0.63473023,ceiling,-0.63473023,4.8238338,,,,,0.16990364,-5.0859898
ml,w-none.g-none.v-high,101,native_prod_t,0,0.027498846,0.02735616,,,1.958659e-08,0.11053636,,,0.47007924,0.5788573,,,,,20,20,0.022156431,30,1e-05,1,one_way,,-0.00086263119,,25000,0,4399,0,4399,4399,0,0,0,0.17877476,0.22076354,0.17877476,0.22076354,0.30089191,0.26875936,0.26900188,native,-19.340738,-15.127591,,8.0128369,-2.4137191,ceiling,-2.4137191,4.8238338,,,,,0.16990364,-5.0859898
ml,w-none.g-none.v-high,101,native_prod_t,0.01,0.02749894,0.09379793,,,3.3116451e-05,0,,,0.4701534,0.58018469,,,,,20,20,0.00139426,100,1e-05,0.1,one_way,,-0.00011301827,,24750,250,4351,8,4359,4399,37.818978,40,243,0.17877476,0.22076354,0.17877476,0.22076354,0.30089191,0.26875936,0.26900188,native,-12.696561,-15.127582,,8.0128369,-1.5845275,ceiling,-1.5845275,4.8238338,,,,,0.16990364,-5.0859898
ml,w-none.g-none.v-high,101,native_prod_t,0.05,0.027499048,0.011888133,,,5.8615795e-05,4.9681333,,,0.47041247,0.57964215,,,,,20,20,0.00139426,100,1e-05,0.1,one_way,,-0.00010910036,,23750,1250,4182,38,4220,4399,189.09489,179,1060,0.17877476,0.22076354,0.17877476,0.22076354,0.30089191,0.26875936,0.26900188,native,-20.88754,-15.127571,,8.0128369,-2.6067597,ceiling,-2.6067597,4.8238338,,,,,0.16990364,-5.0859898
ml,w-none.g-none.v-high,101,native_prod_t,0.1,0.027499173,0.053097017,,,0.00013529525,0,,,0.47119014,0.57331784,,,,,20,20,0.00139426,100,1e-05,0.1,one_way,,-8.434421e-05,,22500,2500,3941,76,4017,4399,378.18978,382,1786,0.17877476,0.22076354,0.17877476,0.22076354,0.30089191,0.26875936,0.26900188,native,-16.766652,-15.127558,,8.0128369,-2.0924739,ceiling,-2.0924739,4.8238338,,,,,0.16990364,-5.0859898
ml,w-none.g-none.v-high,101,native_prod_t,0.15,0.027499317,0.011888133,,,0.0020425029,4.1208884,,,0.47223195,0.56808746,,,,,20,20,0.00139426,100,1e-05,0.1,one_way,,-5.2565578e-05,,21250,3750,3740,107,3847,4399,567.28467,552,2330,0.17877476,0.22076354,0.17877476,0.22076354,0.30089191,0.26875936,0.26900188,native,-20.88754,-15.127544,,8.0128369,-2.6067597,ceiling,-2.6067597,4.8238338,,,,,0.16990364,-5.0859898
ml,w-none.g-none.v-high,101,native_prod_t,0.25,0.02749904,0.011888133,,,0.0029774122,4.1208884,,,0.47525482,0.55187842,,,,,20,20,0.0028810595,10,0.001,10,one_way,,-2.9982064e-05,,18750,6250,3286,181,3467,4399,945.47445,932,2903,0.17877476,0.22076354,0.17877476,0.22076354,0.30089191,0.26875936,0.26900188,native,-20.88754,-15.127572,,8.0128369,-2.6067597,ceiling,-2.6067597,4.8238338,,,,,0.16990364,-5.0859898
ml,w-none.g-none.v-high,101,no_prop,,0.2257487,0.22624985,,,0.0961009,0.32991267,0.060718555,0.057520869,,,,,,,20,,0.00022118259,28,,,,,,6.2593884,,,,,,,,,,,,0.17877476,0.22076354,0.30089191,0.26875936,0.26900188,reference,0.54863092,4.6973939,,8.0128369,0.068468998,linear,0.11373338,4.8238338,-16.503014,-16.822783,,,0.16990364,-5.0859898
ml,w-none.g-none.v-high,101,opc,,0.23441308,0.2345206,,,0.19859517,0.24369455,0.23963886,0.2269041,,,,,,,20,,0.00095129154,30,,,,,,20.37896,,,,,,,,,,,,0.17877476,0.22076354,0.30089191,0.26875936,0.26900188,reference,1.3757067,5.5638326,,8.0128369,0.17168785,linear,0.28518949,4.8238338,0.52257818,-0.75089847,,,0.16990364,-5.0859898
ml,w-none.g-none.v-high,101,opc_raw,,0.23328465,0.23423911,,,0.099900884,0.18174284,0.23884383,0.22661131,,,,,,,20,,0.00088258175,15,,,,,,4.1696572,,,,,,,,,,,,0.17877476,0.22076354,0.30089191,0.26875936,0.26900188,reference,1.3475575,5.4509895,,8.0128369,0.16817483,linear,0.27935404,4.8238338,0.55591762,-0.66733399,,,0.16990364,-5.0859898
ml,w-none.g-none.v-high,101,tempered_logger,,0.22054323,0.22076354,,,0.017970466,0,0.22471128,0.2129085,,,,,,,20,,,-1,,,,,,8.9673637,,,,,,,,,,,,0.17877476,0.22076354,0.30089191,0.26875936,0.26900188,reference,3.7153058e-08,4.1768475,,8.0128369,4.6366922e-09,linear,7.7019773e-09,4.8238338,0.41680515,-0.76347355,,,0.16990364,-5.0859898
ml,w-none.g-none.v-high,101,warm_c,0,0.046494048,0.23417178,0.23407032,64,0.87008324,0.2066759,,,0.44546937,0.66297322,0.24099687,0.22793636,0.24100398,0.22830709,20,20,0.14212818,10,0.001,0.01,symmetric,zero,0.6600607,,25000,0,4399,0,4399,4399,0,0,0,0.17877475,0.22076354,0.17877476,0.22076354,0.30089191,0.26875936,0.26900188,warm,1.3408246,-13.228071,5.5295561,8.0128369,0.16733457,ceiling,0.16733457,4.8238338,,,0.68250834,-0.62354214,0.16990364,-5.0859898
ml,w-none.g-none.v-high,101,warm_c,0.01,0.04672482,0.23374203,0.23375101,4096,0.97020292,0.22956378,,,0.44546625,0.66299011,0.24228565,0.22918071,0.24232331,0.22922166,20,20,0.14212818,10,0.001,0.01,symmetric,zero,0.66655755,,24750,250,4351,8,4359,4399,37.818975,40,243,0.17877475,0.22076354,0.17877476,0.22076354,0.30089191,0.26875936,0.26900188,warm,1.2978497,-13.204994,5.497625,8.0128369,0.16197131,ceiling,0.16197131,4.8238338,,,0.85436131,-0.45613211,0.16990364,-5.0859898
ml,w-none.g-none.v-high,101,warm_c,0.05,0.04735761,0.2335895,0.23367838,512,1.0465501,0.15774366,,,0.44547324,0.66292892,0.24082785,0.22767811,0.24115947,0.22804119,20,20,0.14212818,10,0.001,0.01,symmetric,zero,0.68449455,,23750,1250,4182,38,4220,4399,189.09488,179,1060,0.17877475,0.22076354,0.17877476,0.22076354,0.30089191,0.26875936,0.26900188,warm,1.2825966,-13.141715,5.4903622,8.0128369,0.16006773,ceiling,0.16006773,4.8238338,,,0.72383452,-0.59113933,0.16990364,-5.0859898
ml,w-none.g-none.v-high,101,warm_c,0.1,0.047732633,0.23267446,0.23267771,2048,-1.8849631,0.26789738,,,0.44564143,0.66257854,0.24019213,0.22703611,0.24037075,0.22721861,20,20,0.14212818,10,0.001,0.01,symmetric,zero,0.69550043,,22500,2500,3941,76,4017,4399,378.18975,382,1786,0.17877475,0.22076354,0.17877476,0.22076354,0.30089191,0.26875936,0.26900188,warm,1.1910926,-13.104212,5.3902952,8.0128369,0.14864805,ceiling,0.14864805,4.8238338,,,0.75176658,-0.56383498,0.16990364,-5.0859898
ml,w-none.g-none.v-high,101,warm_c,0.15,0.048570852,0.23293443,0.23293193,4096,-0.58306775,0.23077106,,,0.44575853,0.66239387,0.24491491,0.23148601,0.24477302,0.231351,20,20,0.14212818,10,0.001,0.01,symmetric,zero,0.71869713,,21250,3750,3740,107,3847,4399,567.28463,552,2330,0.17877475,0.22076354,0.17877476,0.22076354,0.30089191,0.26875936,0.26900188,warm,1.2170891,-13.020391,5.4157172,8.0128369,0.15189241,ceiling,0.15189241,4.8238338,,,1.1980479,-0.14484204,0.16990364,-5.0859898
ml,w-none.g-none.v-high,101,warm_c,0.25,0.04930504,0.2323894,0.23239535,4096,-0.46684374,0.27883129,,,0.44603173,0.66180264,0.240778,0.22741417,0.24072163,0.22736277,20,20,0.14212818,10,0.001,0.01,symmetric,zero,0.73900861,,18750,6250,3286,181,3467,4399,945.47438,932,2903,0.17877475,0.22076354,0.17877476,0.22076354,0.30089191,0.26875936,0.26900188,warm,1.1625864,-12.946972,5.3620588,8.0128369,0.14509048,ceiling,0.14509048,4.8238338,,,0.83885975,-0.49752308,0.16990364,-5.0859898
ml,w-none.g-none.v-high,101,warm_t,0,0.046161507,0.22276982,0.22250236,64,0,0,,,0.44725478,0.65872802,0.22748378,0.21479855,0.22725745,0.21527827,20,20,0.14212818,10,0.001,0.01,symmetric,zero,0.6600607,,25000,0,4399,0,4399,4399,0,0,0,0.17877475,0.22076354,0.17877476,0.22076354,0.30089191,0.26875936,0.26900188,warm,0.20062846,-13.261325,4.3727606,8.0128369,0.02503838,ceiling,0.02503838,4.8238338,,,0.47139569,-0.79712754,0.16990364,-5.0859898
ml,w-none.g-none.v-high,101,warm_t,0.01,0.046395801,0.22302834,0.2226664,64,0,0,,,0.44720344,0.65881977,0.22802938,0.21528371,0.22750966,0.21552185,20,20,0.14212818,10,0.001,0.01,symmetric,zero,0.66655755,,24750,250,4351,8,4359,4399,37.818975,40,243,0.17877475,0.22076354,0.17877476,0.22076354,0.30089191,0.26875936,0.26900188,warm,0.22648012,-13.237896,4.3891638,8.0128369,0.028264661,ceiling,0.028264661,4.8238338,,,0.50010421,-0.77446253,0.16990364,-5.0859898
ml,w-none.g-none.v-high,101,warm_t,0.05,0.047039815,0.2229998,0.22293098,64,0,0,,,0.44706093,0.65900166,0.22638651,0.21376624,0.22782534,0.21578714,20,20,0.14212818,10,0.001,0.01,symmetric,zero,0.68449455,,23750,1250,4182,38,4220,4399,189.09488,179,1060,0.17877475,0.22076354,0.17877476,0.22076354,0.30089191,0.26875936,0.26900188,warm,0.22362608,-13.173494,4.4156221,8.0128369,0.027908478,ceiling,0.027908478,4.8238338,,,0.33867163,-0.92335625,0.16990364,-5.0859898
ml,w-none.g-none.v-high,101,warm_t,0.1,0.047438424,0.22319291,0.22307526,64,0,0,,,0.44708309,0.65904143,0.22762917,0.21492006,0.22840135,0.21631315,20,20,0.14212818,10,0.001,0.01,symmetric,zero,0.69550043,,22500,2500,3941,76,4017,4399,378.18975,382,1786,0.17877475,0.22076354,0.17877476,0.22076354,0.30089191,0.26875936,0.26900188,warm,0.24293711,-13.133633,4.4300508,8.0128369,0.030318489,ceiling,0.030318489,4.8238338,,,0.44362643,-0.82728499,0.16990364,-5.0859898
ml,w-none.g-none.v-high,101,warm_t,0.15,0.048283482,0.22332538,0.22319845,64,0,0,,,0.44710866,0.65902278,0.22814838,0.21539686,0.22875655,0.21662824,20,20,0.14212818,10,0.001,0.01,symmetric,zero,0.71869713,,21250,3750,3740,107,3847,4399,567.28463,552,2330,0.17877475,0.22076354,0.17877476,0.22076354,0.30089191,0.26875936,0.26900188,warm,0.25618402,-13.049128,4.4423694,8.0128369,0.0319717,ceiling,0.0319717,4.8238338,,,0.4823002,-0.79285197,0.16990364,-5.0859898
ml,w-none.g-none.v-high,101,warm_t,0.25,0.04904201,0.22353922,0.22355558,4096,0,0,,,0.44722498,0.65891298,0.2302352,0.21741251,0.23033746,0.21752094,20,20,0.14212818,10,0.001,0.01,symmetric,zero,0.73900861,,18750,6250,3286,181,3467,4399,945.47438,932,2903,0.17877475,0.22076354,0.17877476,0.22076354,0.30089191,0.26875936,0.26900188,warm,0.27756801,-12.973275,4.4780818,8.0128369,0.034640416,ceiling,0.034640416,4.8238338,,,0.66959872,-0.6126712,0.16990364,-5.0859898
anime,high,100,cap_c,0,0.039298183,0.15914567,0.15915581,1024,0,0,,,0.28653027,0.64406788,0.15697715,0.1493342,0.15711646,0.14946014,20,20,0.011022421,100,1e-07,0,symmetric,base_rate,0.1903532,,25000,0,2254,0,2254,2254,0,0,0,0.088935631,0.11406767,0.088935631,0.11406767,0.29711784,0.22403805,0.22405414,cap,4.5077996,-4.9637447,7.0220184,18.305017,0.24626033,linear,0.40985036,10.998647,,,-0.2168512,-0.98114705,0.1844479,7.0380234
anime,high,100,cap_c,0.01,0.03954739,0.15887339,0.15885742,1024,0,0,,,0.28654429,0.64393108,0.15420675,0.1467275,0.15493554,0.14736044,20,20,0.011022421,100,1e-07,0,symmetric,base_rate,0.19377561,,24750,250,2223,4,2227,2254,14.999628,27,245,0.088935631,0.11406767,0.088935631,0.11406767,0.29711784,0.22403805,0.22405414,cap,4.4805721,-4.9388241,6.9921789,18.305017,0.2447729,linear,0.40737483,10.998647,,,-0.46666393,-1.214589,0.1844479,7.0380234
anime,high,100,cap_c,0.05,0.039741591,0.15997371,0.15983914,64,0,0,,,0.28651958,0.64413267,0.15159805,0.14408243,0.15320712,0.1452868,20,20,0.011022421,100,1e-07,0,symmetric,base_rate,0.1988489,,23750,1250,2133,27,2160,2254,74.998141,94,1173,0.088935631,0.11406767,0.088935631,0.11406767,0.29711784,0.22403805,0.22405414,cap,4.5906043,-4.919404,7.0903512,18.305017,0.25078393,linear,0.41737898,10.998647,,,-0.83756644,-1.5891282,0.1844479,7.0380234
anime,high,100,cap_c,0.1,0.03974223,0.15996367,0.15995327,4096,0,0,,,0.286647,0.64323216,0.15534016,0.1474629,0.155187,0.14730618,20,20,0.011022421,100,1e-07,0,symmetric,base_rate,0.20254418,,22500,2500,2022,73,2095,2254,149.99628,159,2234,0.088935631,0.11406767,0.088935631,0.11406767,0.29711784,0.22403805,0.22405414,cap,4.5895995,-4.91934,7.1017643,18.305017,0.25072904,linear,0.41728763,10.998647,,,-0.46235089,-1.2500769,0.1844479,7.0380234
anime,high,100,cap_c,0.15,0.039873456,0.15915568,0.15916915,128,0,0,,,0.28661828,0.64332472,0.14816565,0.14054593,0.14961338,0.14174786,20,20,0.011022421,100,1e-07,0,symmetric,base_rate,0.20818561,,21250,3750,1916,105,2021,2254,224.99442,233,3184,0.088935631,0.11406767,0.088935631,0.11406767,0.29711784,0.22403805,0.22405414,cap,4.5088007,-4.9062175,7.0233515,18.305017,0.24631502,linear,0.40994138,10.998647,,,-1.0990029,-1.8609749,0.1844479,7.0380234
anime,high,100,cap_c,0.25,0.03919164,0.15670264,0.15669583,256,0.13124468,0.36783139,,,0.28683805,0.64033154,0.15036561,0.14203611,0.15073982,0.14222544,20,20,0.0040295735,300,1e-06,100,one_way,base_rate,0.19444354,,18750,6250,1693,180,1873,2254,374.9907,381,4741,0.088935631,0.11406767,0.088935631,0.11406767,0.29711784,0.22403805,0.22405414,cap,4.2634965,-4.9743991,6.7760195,18.305017,0.23291409,linear,0.38763826,10.998647,,,-0.63370273,-1.4666523,0.1844479,7.0380234
anime,high,100,cap_t,0,0.037617753,0.15525754,0.15529928,512,0.45330529,0.14535978,,,0.2868733,0.64004062,0.15057085,0.14230231,0.15058969,0.14231531,20,20,0.011058789,100,1e-05,0.1,one_way,base_rate,0.18381988,,25000,0,2254,0,2254,2254,0,0,0,0.088935631,0.11406767,0.088935631,0.11406767,0.29711784,0.22403805,0.22405414,cap,4.1189865,-5.1317877,6.6363648,18.305017,0.22501954,linear,0.37449937,10.998647,,,-0.46866884,-1.2955229,0.1844479,7.0380234
anime,high,100,cap_t,0.01,0.0379007,0.15519851,0.15519772,4096,0.45148624,0.08545789,,,0.28684169,0.64007598,0.14954045,0.14127153,0.14938787,0.14113232,20,20,0.011058789,100,1e-05,0.1,one_way,base_rate,0.18738319,,24750,250,2223,4,2227,2254,14.999628,27,245,0.088935631,0.11406767,0.088935631,0.11406767,0.29711784,0.22403805,0.22405414,cap,4.1130839,-5.103493,6.6262087,18.305017,0.22469708,linear,0.3739627,10.998647,,,-0.56580592,-1.3926977,0.1844479,7.0380234
anime,high,100,cap_t,0.05,0.038236037,0.15619125,0.15591974,64,-0.084966906,0.0454193,,,0.28674459,0.64066135,0.14817193,0.13994173,0.14903565,0.14033406,20,20,0.011058789,100,1e-05,0.1,one_way,base_rate,0.19161116,,23750,1250,2133,27,2160,2254,74.998141,94,1173,0.088935631,0.11406767,0.088935631,0.11406767,0.29711784,0.22403805,0.22405414,cap,4.2123581,-5.0699594,6.6984113,18.305017,0.23012041,linear,0.38298874,10.998647,,,-0.80193258,-1.6249518,0.1844479,7.0380234
anime,high,100,cap_t,0.1,0.038305873,0.1568155,0.15688143,256,-0.057344968,0.097755363,,,0.28681005,0.64014117,0.15052653,0.14220976,0.15060847,0.14220945,20,20,0.011058789,100,1e-05,0.1,one_way,base_rate,0.19219682,,22500,2500,2022,73,2095,2254,149.99628,159,2234,0.088935631,0.11406767,0.088935631,0.11406767,0.29711784,0.22403805,0.22405414,cap,4.2747834,-5.0629758,6.79458,18.305017,0.23353069,linear,0.38866447,10.998647,,,-0.62889782,-1.4605745,0.1844479,7.0380234
anime,high,100,cap_t,0.15,0.038605466,0.15590972,0.15579102,128,-0.045056018,0.081075486,,,0.28675354,0.64039078,0.14729303,0.13881965,0.14836326,0.13969414,20,20,0.011058789,100,1e-05,0.1,one_way,base_rate,0.19646026,,21250,3750,1916,105,2021,2254,224.99442,233,3184,0.088935631,0.11406767,0.088935631,0.11406767,0.29711784,0.22403805,0.22405414,cap,4.1842045,-5.0330164,6.6855386,18.305017,0.22858238,linear,0.380429,10.998647,,,-0.86166885,-1.709007,0.1844479,7.0380234
anime,high,100,cap_t,0.25,0.039192045,0.15669906,0.15668287,512,0,0,,,0.2868382,0.64032939,0.15036577,0.14203623,0.15063745,0.14224038,20,20,0.0040295735,300,1e-06,100,one_way,base_rate,0.19444354,,18750,6250,1693,180,1873,2254,374.9907,381,4741,0.088935631,0.11406767,0.088935631,0.11406767,0.29711784,0.22403805,0.22405414,cap,4.2631392,-4.9743586,6.774724,18.305017,0.23289457,linear,0.38760577,10.998647,,,-0.63332976,-1.4662828,0.1844479,7.0380234
anime,high,100,dm,,0.15309216,0.15316407,,,0.80929681,0.9807076,0.18060048,0.18010813,,,,,,,20,,0.00065131976,25,,,,,,5.5569515,,,,,,,,,,,,0.088935631,0.11406767,0.29711784,0.22403805,0.22405414,reference,3.9096399,6.4156527,,18.305017,0.21358297,linear,0.35546552,10.998647,2.7508322,2.7015969,,,0.1844479,7.0380234
anime,high,100,dm_own,,0.15369948,0.15383121,,,0.69204282,0.92203213,0.17875773,0.17824544,,,,,,,20,,0.00042218227,21,,,,,,4.3647957,,,,,,,,,,,,0.088935631,0.11406767,0.29711784,0.22403805,0.22405414,reference,3.9763539,6.4763845,,18.305017,0.21722754,linear,0.36153117,10.998647,2.5058251,2.4545966,,,0.1844479,7.0380234
anime,high,100,native_avg,0,0.02910881,0.11448936,,,-0.017393327,4.1042352,,,0.29448689,0.55767486,,,,,20,19,0.68508528,10,1e-06,0.1,one_way,,0.00096462196,,25000,0,2254,0,2254,2254,0,0,0,0.088935631,0.11406767,0.088935631,0.11406767,0.29711784,0.22403805,0.22405414,native,0.042168431,-5.9826821,,18.305017,0.0023036542,ceiling,0.0023036542,10.998647,,,,,0.1844479,7.0380234
anime,high,100,native_avg,0.01,0.029110121,0.11448936,,,-0.017517396,4.1042352,,,0.29442822,0.55854211,,,,,20,19,0.68508528,10,1e-06,0.1,one_way,,0.0018513186,,24750,250,2223,4,2227,2254,14.999628,27,245,0.088935631,0.11406767,0.088935631,0.11406767,0.29711784,0.22403805,0.22405414,native,0.042168431,-5.9825509,,18.305017,0.0023036542,ceiling,0.0023036542,10.998647,,,,,0.1844479,7.0380234
anime,high,100,native_avg,0.05,0.029103875,0.11448936,,,-0.017085599,4.1042352,,,0.29449246,0.55604297,,,,,20,19,0.68508528,10,1e-06,0.1,one_way,,0.00042892981,,23750,1250,2133,27,2160,2254,74.998141,94,1173,0.088935631,0.11406767,0.088935631,0.11406767,0.29711784,0.22403805,0.22405414,native,0.042168431,-5.9831756,,18.305017,0.0023036542,ceiling,0.0023036542,10.998647,,,,,0.1844479,7.0380234
anime,high,100,native_avg,0.1,0.02909427,0.11448936,,,-0.01609993,4.1042352,,,0.29453223,0.5573243,,,,,20,19,0.68508528,10,1e-06,0.1,one_way,,-8.7165012e-05,,22500,2500,2022,73,2095,2254,149.99628,159,2234,0.088935631,0.11406767,0.088935631,0.11406767,0.29711784,0.22403805,0.22405414,native,0.042168431,-5.984136,,18.305017,0.0023036542,ceiling,0.0023036542,10.998647,,,,,0.1844479,7.0380234
anime,high,100,native_avg,0.15,0.02908523,0.11448936,,,-0.014983601,4.1042352,,,0.29465554,0.55512084,,,,,20,19,0.68508528,10,1e-06,0.1,one_way,,-0.00069632533,,21250,3750,1916,105,2021,2254,224.99442,233,3184,0.088935631,0.11406767,0.088935631,0.11406767,0.29711784,0.22403805,0.22405414,native,0.042168431,-5.98504,,18.305017,0.0023036542,ceiling,0.0023036542,10.998647,,,,,0.1844479,7.0380234
anime,high,100,native_avg,0.25,0.029070102,0.11448936,,,-0.013446251,4.1042352,,,0.29475863,0.5523999,,,,,20,19,0.68508528,10,1e-06,0.1,one_way,,0.00077248609,,18750,6250,1693,180,1873,2254,374.9907,381,4741,0.088935631,0.11406767,0.088935631,0.11406767,0.29711784,0.22403805,0.22405414,native,0.042168431,-5.9865528,,18.305017,0.0023036542,ceiling,0.0023036542,10.998647,,,,,0.1844479,7.0380234
anime,high,100,native_prod_c,0,0.029426503,0.15553171,,,0,0,,,0.29382497,0.56246455,,,,,20,20,0.82619078,30,0.0001,0,one_way,,-0.00050492381,,25000,0,2254,0,2254,2254,0,0,0,0.088935631,0.11406767,0.088935631,0.11406767,0.29711784,0.22403805,0.22405414,native,4.1464037,-5.9509127,,18.305017,0.22651733,ceiling,0.22651733,10.998647,,,,,0.1844479,7.0380234
anime,high,100,native_prod_c,0.01,0.029434115,0.15553171,,,0,0,,,0.29370649,0.56354406,,,,,20,20,0.82619078,30,0.0001,0,one_way,,-0.00050816959,,24750,250,2223,4,2227,2254,14.999628,27,245,0.088935631,0.11406767,0.088935631,0.11406767,0.29711784,0.22403805,0.22405414,native,4.1464037,-5.9501515,,18.305017,0.22651733,ceiling,0.22651733,10.998647,,,,,0.1844479,7.0380234
anime,high,100,native_prod_c,0.05,0.029444237,0.15553171,,,0,0,,,0.29370221,0.56126277,,,,,20,20,0.82619078,30,0.0001,0,one_way,,-0.00063795393,,23750,1250,2133,27,2160,2254,74.998141,94,1173,0.088935631,0.11406767,0.088935631,0.11406767,0.29711784,0.22403805,0.22405414,native,4.1464037,-5.9491393,,18.305017,0.22651733,ceiling,0.22651733,10.998647,,,,,0.1844479,7.0380234
anime,high,100,native_prod_c,0.1,0.029449522,0.15553171,,,0,0,,,0.29372679,0.56597432,,,,,20,20,0.82619078,30,0.0001,0,one_way,,-0.00073570252,,22500,2500,2022,73,2095,2254,149.99628,159,2234,0.088935631,0.11406767,0.088935631,0.11406767,0.29711784,0.22403805,0.22405414,native,4.1464037,-5.9486109,,18.305017,0.22651733,ceiling,0.22651733,10.998647,,,,,0.1844479,7.0380234
anime,high,100,native_prod_c,0.15,0.029456395,0.15553171,,,0,0,,,0.29399322,0.56491416,,,,,20,20,0.82619078,30,0.0001,0,one_way,,-0.00045819173,,21250,3750,1916,105,2021,2254,224.99442,233,3184,0.088935631,0.11406767,0.088935631,0.11406767,0.29711784,0.22403805,0.22405414,native,4.1464037,-5.9479235,,18.305017,0.22651733,ceiling,0.22651733,10.998647,,,,,0.1844479,7.0380234
anime,high,100,native_prod_c,0.25,0.029463665,0.15553171,,,0,0,,,0.29450781,0.56288915,,,,,20,20,0.82619078,30,0.0001,0,one_way,,0.00027063783,,18750,6250,1693,180,1873,2254,374.9907,381,4741,0.088935631,0.11406767,0.088935631,0.11406767,0.29711784,0.22403805,0.22405414,native,4.1464037,-5.9471966,,18.305017,0.22651733,ceiling,0.22651733,10.998647,,,,,0.1844479,7.0380234
anime,high,100,native_prod_t,0,0.028937116,0.028706883,,,1.8785565e-07,0.071928925,,,0.29627536,0.50977002,,,,,20,20,0.0054510265,300,1e-06,0.1,one_way,,-0.00022148099,,25000,0,2254,0,2254,2254,0,0,0,0.088935631,0.11406767,0.088935631,0.11406767,0.29711784,0.22403805,0.22405414,native,-8.5360788,-5.9998514,,18.305017,-0.46632454,ceiling,-0.46632454,10.998647,,,,,0.1844479,7.0380234
anime,high,100,native_prod_t,0.01,0.02893716,0.059288297,,,0,0,,,0.29624929,0.50920191,,,,,20,20,0.0054510265,300,1e-06,0.1,one_way,,-0.00026630954,,24750,250,2223,4,2227,2254,14.999628,27,245,0.088935631,0.11406767,0.088935631,0.11406767,0.29711784,0.22403805,0.22405414,native,-5.4779374,-5.9998471,,18.305017,-0.29925879,ceiling,-0.29925879,10.998647,,,,,0.1844479,7.0380234
anime,high,100,native_prod_t,0.05,0.028937222,0.024228583,,,-5.4735804e-06,8.8546169,,,0.29624477,0.51393293,,,,,20,20,0.11044509,3,0.0001,0,one_way,,-5.0010825e-05,,23750,1250,2133,27,2160,2254,74.998141,94,1173,0.088935631,0.11406767,0.088935631,0.11406767,0.29711784,0.22403805,0.22405414,native,-8.9839087,-5.9998409,,18.305017,-0.49078941,ceiling,-0.49078941,10.998647,,,,,0.1844479,7.0380234
anime,high,100,native_prod_t,0.1,0.028937264,0.11277475,,,7.9069997e-06,0,,,0.29627056,0.50934834,,,,,20,20,0.019063287,10,0.001,10,one_way,,6.929251e-06,,22500,2500,2022,73,2095,2254,149.99628,159,2234,0.088935631,0.11406767,0.088935631,0.11406767,0.29711784,0.22403805,0.22405414,native,-0.12929185,-5.9998367,,18.305017,-0.007063192,ceiling,-0.007063192,10.998647,,,,,0.1844479,7.0380234
anime,high,100,native_prod_t,0.15,0.028937299,0.11277475,,,9.6562382e-06,0,,,0.29639701,0.50931419,,,,,20,20,0.019063287,10,0.001,10,one_way,,4.505674e-06,,21250,3750,1916,105,2021,2254,224.99442,233,3184,0.088935631,0.11406767,0.088935631,0.11406767,0.29711784,0.22403805,0.22405414,native,-0.12929185,-5.9998331,,18.305017,-0.007063192,ceiling,-0.007063192,10.998647,,,,,0.1844479,7.0380234
anime,high,100,native_prod_t,0.25,0.028938195,0.056264737,,,-4.7143952e-05,5.6510016,,,0.2963093,0.50860726,,,,,20,20,0.62023116,1,1e-05,100,one_way,,-0.00028260719,,18750,6250,1693,180,1873,2254,374.9907,381,4741,0.088935631,0.11406767,0.088935631,0.11406767,0.29711784,0.22403805,0.22405414,native,-5.7802934,-5.9997436,,18.305017,-0.31577645,ceiling,-0.31577645,10.998647,,,,,0.1844479,7.0380234
anime,high,100,no_prop,,0.12539713,0.12618114,,,0.24773207,0.17749505,0.01540169,0.013834195,,,,,,,20,,0.00036895768,7,,,,,,4.1640649,,,,,,,,,,,,0.088935631,0.11406767,0.29711784,0.22403805,0.22405414,reference,1.2113469,3.6461496,,18.305017,0.066175675,linear,0.11013599,10.998647,-10.999544,-11.156293,,,0.1844479,7.0380234
anime,high,100,opc,,0.1610027,0.16103987,,,0,0,0.15971665,0.15146242,,,,,,,20,,0.001475565,26,,,,,,24.857311,,,,,,,,,,,,0.088935631,0.11406767,0.29711784,0.22403805,0.22405414,reference,4.6972202,7.2067068,,18.305017,0.25660834,linear,0.42707253,10.998647,-0.12860477,-0.95402752,,,0.1844479,7.0380234
anime,high,100,opc_raw,,0.14999226,0.14996219,,,0.10689505,0.11417007,0.1450552,0.13647446,,,,,,,20,,0.001475565,26,,,,,,29.838369,,,,,,,,,,,,0.088935631,0.11406767,0.29711784,0.22403805,0.22405414,reference,3.5894524,6.1056632,,18.305017,0.19609117,linear,0.32635398,10.998647,-0.49370577,-1.3517802,,,0.1844479,7.0380234
anime,high,100,tempered_logger,,0.11408001,0.11406767,,,0.00072269235,0,0.1237382,0.11247429,,,,,,,20,,,-1,,,,,,58.955191,,,,,,,,,,,,0.088935631,0.11406767,0.29711784,0.22403805,0.22405414,reference,0,2.5144383,,18.305017,0,linear,0,10.998647,0.96581855,-0.16057197,,,0.1844479,7.0380234
anime,high,100,warm_c,0,0.034535925,0.14410559,0.14412367,512,0,0,,,0.28928481,0.62040945,0.13716628,0.12795262,0.1383096,0.1290089,20,18,0.055857864,100,1e-05,0.01,symmetric,zero,0.21934196,,25000,0,2254,0,2254,2254,0,0,0,0.088935631,0.11406767,0.088935631,0.11406767,0.29711784,0.22403805,0.22405414,warm,3.0037922,-5.4399706,5.5188036,18.305017,0.16409666,ceiling,0.16409666,10.998647,,,-0.69393128,-1.6152969,0.1844479,7.0380234
anime,high,100,warm_c,0.01,0.034743995,0.1433377,0.14334531,512,0,0,,,0.28929974,0.6204055,0.13842578,0.12888111,0.13898905,0.12940937,20,18,0.055857864,100,1e-05,0.01,symmetric,zero,0.22646342,,24750,250,2223,4,2227,2254,14.999628,27,245,0.088935631,0.11406767,0.088935631,0.11406767,0.29711784,0.22403805,0.22405414,warm,2.9270028,-5.4191636,5.4409684,18.305017,0.15990167,ceiling,0.15990167,10.998647,,,-0.49119176,-1.4456589,0.1844479,7.0380234
anime,high,100,warm_c,0.05,0.033909936,0.13811833,0.13813571,1024,0.10703743,0.39951801,,,0.28938693,0.61902348,0.13875169,0.12848662,0.13887407,0.12859753,20,18,0.39967167,10,1e-07,0,symmetric,zero,0.19463331,,23750,1250,2133,27,2160,2254,74.998141,94,1173,0.088935631,0.11406767,0.088935631,0.11406767,0.29711784,0.22403805,0.22405414,warm,2.4050656,-5.5025695,4.920008,18.305017,0.13138833,ceiling,0.13138833,10.998647,,,0.063336138,-0.96317026,0.1844479,7.0380234
anime,high,100,warm_c,0.1,0.034103285,0.13815783,0.13811857,512,0.087984473,0.46399543,,,0.28938712,0.61874869,0.13798904,0.12772856,0.13964577,0.1292562,20,18,0.39967167,10,1e-07,0,symmetric,zero,0.20143451,,22500,2500,2022,73,2095,2254,149.99628,159,2234,0.088935631,0.11406767,0.088935631,0.11406767,0.29711784,0.22403805,0.22405414,warm,2.4090157,-5.4832346,4.9182936,18.305017,0.13160412,ceiling,0.13160412,10.998647,,,-0.016878486,-1.0429263,0.1844479,7.0380234
anime,high,100,warm_c,0.15,0.034445909,0.13605294,0.13604713,2048,0.067681907,0.55226235,,,0.28952094,0.61797436,0.13698937,0.1266453,0.13721436,0.12683837,20,18,0.39967167,10,1e-07,0,symmetric,zero,0.21327089,,21250,3750,1916,105,2021,2254,224.99442,233,3184,0.088935631,0.11406767,0.088935631,0.11406767,0.29711784,0.22403805,0.22405414,warm,2.1985269,-5.4489722,4.7111497,18.305017,0.12010515,ceiling,0.12010515,10.998647,,,0.093642774,-0.94076387,0.1844479,7.0380234
anime,high,100,warm_c,0.25,0.034971841,0.13220991,0.13222657,1024,0.97202361,0.9191481,,,0.28976015,0.61709692,0.13291225,0.12254932,0.13342254,0.12303234,20,18,0.39967167,10,1e-07,0,symmetric,zero,0.23112287,,18750,6250,1693,180,1873,2254,374.9907,381,4741,0.088935631,0.11406767,0.088935631,0.11406767,0.29711784,0.22403805,0.22405414,warm,1.8142237,-5.3963789,4.3290939,18.305017,0.099110736,ceiling,0.099110736,10.998647,,,0.070233925,-0.96605883,0.1844479,7.0380234
anime,high,100,warm_t,0,0.034349627,0.11503878,0.11503353,1024,0,0,,,0.29017878,0.61246186,0.12400475,0.11272028,0.124177,0.11288644,20,18,0.055857864,100,1e-05,0.01,symmetric,zero,0.21934196,,25000,0,2254,0,2254,2254,0,0,0,0.088935631,0.11406767,0.088935631,0.11406767,0.29711784,0.22403805,0.22405414,warm,0.097110923,-5.4586004,2.6097897,18.305017,0.0053051533,ceiling,0.0053051533,10.998647,,,0.8965973,-0.23185021,0.1844479,7.0380234
anime,high,100,warm_t,0.01,0.033343686,0.11407168,0.11410066,512,0.12117112,0.10256466,,,0.29018846,0.61214313,0.12339627,0.11220202,0.12379849,0.11253607,20,18,0.39967167,10,1e-07,0,symmetric,zero,0.17874222,,24750,250,2223,4,2227,2254,14.999628,27,245,0.088935631,0.11406767,0.088935631,0.11406767,0.29711784,0.22403805,0.22405414,warm,0.00040062063,-5.5591945,2.5165029,18.305017,2.1885837e-05,ceiling,2.1885837e-05,10.998647,,,0.93245949,-0.18696547,0.1844479,7.0380234
anime,high,100,warm_t,0.05,0.033797016,0.11413087,0.11414411,1024,0.10018569,0.1068876,,,0.29014299,0.61220041,0.12481079,0.11354637,0.12490594,0.11362347,20,18,0.39967167,10,1e-07,0,symmetric,zero,0.19463331,,23750,1250,2133,27,2160,2254,74.998141,94,1173,0.088935631,0.11406767,0.088935631,0.11406767,0.29711784,0.22403805,0.22405414,warm,0.0063196733,-5.5138615,2.5208484,18.305017,0.00034524268,ceiling,0.00034524268,10.998647,,,1.0679926,-0.058449875,0.1844479,7.0380234
anime,high,100,warm_t,0.1,0.033995517,0.11421523,0.11422331,512,0.08188385,0.11226682,,,0.2901411,0.61228206,0.12473351,0.11344079,0.12495245,0.11363746,20,18,0.39967167,10,1e-07,0,symmetric,zero,0.20143451,,22500,2500,2022,73,2095,2254,149.99628,159,2234,0.088935631,0.11406767,0.088935631,0.11406767,0.29711784,0.22403805,0.22405414,warm,0.014755962,-5.4940114,2.5287682,18.305017,0.0008061157,ceiling,0.0008061157,10.998647,,,1.0518281,-0.077443729,0.1844479,7.0380234
anime,high,100,warm_t,0.15,0.0335444,0.11404374,0.11406246,1024,0.1419914,0.12528325,,,0.29014984,0.61221832,0.12444179,0.11320186,0.12412306,0.11286453,20,18,0.012426653,100,0.001,0.1,one_way,zero,0.34085727,,21250,3750,1916,105,2021,2254,224.99442,233,3184,0.088935631,0.11406767,0.088935631,0.11406767,0.29711784,0.22403805,0.22405414,warm,-0.0023928007,-5.539123,2.5126832,18.305017,-0.0001307183,ceiling,-0.0001307183,10.998647,,,1.0398047,-0.084188185,0.1844479,7.0380234
anime,high,100,warm_t,0.25,0.034006617,0.11406258,0.11406583,4096,0.12867184,0.12690233,,,0.29016171,0.61220759,0.1246844,0.11345412,0.12440345,0.1131706,20,18,0.012426653,100,0.001,0.1,one_way,zero,0.370343,,18750,6250,1693,180,1873,2254,374.9907,381,4741,0.088935631,0.11406767,0.088935631,0.11406767,0.29711784,0.22403805,0.22405414,warm,-0.0005088213,-5.4929014,2.5130196,18.305017,-2.7796821e-05,ceiling,-2.7796821e-05,10.998647,,,1.0621816,-0.060846593,0.1844479,7.0380234
anime,high,101,cap_c,0,0.038519096,0.15549367,0.15495788,32,0.052115685,0.08810878,,,0.29151386,0.64228307,0.14861299,0.1396396,0.14977598,0.14012111,20,20,0.014005304,100,1e-07,1,symmetric,base_rate,0.19034457,,25000,0,2261,0,2261,2261,0,0,0,0.09150191,0.11535344,0.091501917,0.11535344,0.29792488,0.22307653,0.22309315,cap,4.0140239,-5.2982821,6.3455967,18.257145,0.21986044,linear,0.37256677,10.773972,,,-0.68806801,-1.5854079,0.18363729,6.828385
anime,high,101,cap_c,0.01,0.03862055,0.15588213,0.15586519,4096,0.054260081,0.03605136,,,0.29153964,0.6420824,0.14969303,0.14068979,0.14953242,0.14052706,20,20,0.014005304,100,1e-07,1,symmetric,base_rate,0.19135468,,24750,250,2243,7,2250,2261,15.908606,11,248,0.09150191,0.11535344,0.091501917,0.11535344,0.29792488,0.22307653,0.22309315,cap,4.0528695,-5.2881366,6.4363275,18.257145,0.22198814,linear,0.37617228,10.773972,,,-0.61891013,-1.519234,0.18363729,6.828385
anime,high,101,cap_c,0.05,0.038834565,0.15593587,0.1549717,32,0.054605993,0.013249322,,,0.29162726,0.64177952,0.14971308,0.14079604,0.15097024,0.14128385,20,20,0.014005304,100,1e-07,1,symmetric,base_rate,0.1995547,,23750,1250,2157,33,2190,2261,79.543032,71,1180,0.09150191,0.11535344,0.091501917,0.11535344,0.29792488,0.22307653,0.22309315,cap,4.0582433,-5.2667351,6.3469784,18.257145,0.22228248,linear,0.37667105,10.773972,,,-0.62227906,-1.513983,0.18363729,6.828385
anime,high,101,cap_c,0.1,0.038916554,0.15503604,0.15096348,16,0.064614306,0.03323392,,,0.29164962,0.64165568,0.14695982,0.13794181,0.14914019,0.13916528,20,20,0.014005304,100,1e-07,1,symmetric,base_rate,0.20270325,,22500,2500,2032,70,2102,2261,159.08606,159,2230,0.09150191,0.11535344,0.091501917,0.11535344,0.29792488,0.22307653,0.22309315,cap,3.9682604,-5.2585363,5.946156,18.257145,0.21735384,linear,0.36831917,10.773972,,,-0.80762187,-1.7094233,0.18363729,6.828385
anime,high,101,cap_c,0.15,0.038771668,0.15367356,0.14925217,16,-0.24037677,0.10704619,,,0.29179259,0.6408164,0.14467384,0.13565441,0.14690423,0.13701482,20,20,0.014005304,100,1e-07,1,symmetric,base_rate,0.20104618,,21250,3750,1929,111,2040,2261,238.6291,221,3162,0.09150191,0.11535344,0.091501917,0.11535344,0.29792488,0.22307653,0.22309315,cap,3.832012,-5.2730249,5.7750249,18.257145,0.20989109,linear,0.3556731,10.773972,,,-0.89997195,-1.8019151,0.18363729,6.828385
anime,high,101,cap_c,0.25,0.038034727,0.15720484,0.15627621,32,0,0,,,0.29151136,0.64267425,0.15145002,0.14404298,0.15246308,0.14429719,20,20,0.0217334,300,1e-06,100,symmetric,base_rate,0.12617433,,18750,6250,1689,185,1874,2261,397.71516,387,4697,0.09150191,0.11535344,0.091501917,0.11535344,0.29792488,0.22307653,0.22309315,cap,4.1851407,-5.3467189,6.4774295,18.257145,0.22923304,linear,0.38844919,10.773972,,,-0.57548267,-1.3161862,0.18363729,6.828385
anime,high,101,cap_t,0,0.038518908,0.1554956,0.15495704,32,0.079222244,0.045292519,,,0.29151385,0.64228337,0.14861299,0.1396396,0.14977412,0.1401194,20,20,0.014005304,100,1e-07,1,symmetric,base_rate,0.19034457,,25000,0,2261,0,2261,2261,0,0,0,0.09150191,0.11535344,0.091501917,0.11535344,0.29792488,0.22307653,0.22309315,cap,4.0142167,-5.2983008,6.3455119,18.257145,0.219871,linear,0.37258466,10.773972,,,-0.68826083,-1.5856007,0.18363729,6.828385
anime,high,101,cap_t,0.01,0.038620433,0.15588019,0.15586657,4096,0.078098103,0.010233345,,,0.29153965,0.64208193,0.14969164,0.14068841,0.14953944,0.14053446,20,20,0.014005304,100,1e-07,1,symmetric,base_rate,0.19135468,,24750,250,2243,7,2250,2261,15.908606,11,248,0.09150191,0.11535344,0.091501917,0.11535344,0.29792488,0.22307653,0.22309315,cap,4.0526754,-5.2881483,6.4364655,18.257145,0.22197751,linear,0.37615426,10.773972,,,-0.61885469,-1.5191784,0.18363729,6.828385
anime,high,101,cap_t,0.05,0.038834217,0.15593706,0.15497097,32,0.071651449,0.0095510571,,,0.29162734,0.64177888,0.14970667,0.14078963,0.15097024,0.14128384,20,20,0.014005304,100,1e-07,1,symmetric,base_rate,0.1995547,,23750,1250,2157,33,2190,2261,79.543032,71,1180,0.09150191,0.11535344,0.091501917,0.11535344,0.29792488,0.22307653,0.22309315,cap,4.058362,-5.26677,6.3469054,18.257145,0.22228898,linear,0.37668207,10.773972,,,-0.62303834,-1.5147426,0.18363729,6.828385
anime,high,101,cap_t,0.1,0.038916316,0.15503744,0.15096325,16,0.064636686,0.033167622,,,0.29164947,0.64165644,0.1469642,0.13794618,0.14913964,0.13916477,20,20,0.014005304,100,1e-07,1,symmetric,base_rate,0.20270325,,22500,2500,2032,70,2102,2261,159.08606,159,2230,0.09150191,0.11535344,0.091501917,0.11535344,0.29792488,0.22307653,0.22309315,cap,3.9684002,-5.2585601,5.946133,18.257145,0.21736149,linear,0.36833215,10.773972,,,-0.80732408,-1.7091256,0.18363729,6.828385
anime,high,101,cap_t,0.15,0.03877168,0.15367184,0.1492517,16,-0.24019188,0.11323705,,,0.29179262,0.64081575,0.14467595,0.13565652,0.14690362,0.13701432,20,20,0.014005304,100,1e-07,1,symmetric,base_rate,0.20104618,,21250,3750,1929,111,2040,2261,238.6291,221,3162,0.09150191,0.11535344,0.091501917,0.11535344,0.29792488,0.22307653,0.22309315,cap,3.8318401,-5.2730237,5.7749782,18.257145,0.20988167,linear,0.35565715,10.773972,,,-0.8995885,-1.8015316,0.18363729,6.828385
anime,high,101,cap_t,0.25,0.038031662,0.15719106,0.15627268,32,0,0,,,0.29150901,0.64267515,0.15085076,0.1434855,0.15243106,0.14427146,20,20,0.0217334,300,1e-06,100,symmetric,base_rate,0.12617433,,18750,6250,1689,185,1874,2261,397.71516,387,4697,0.09150191,0.11535344,0.091501917,0.11535344,0.29792488,0.22307653,0.22309315,cap,4.1837628,-5.3470255,6.4770759,18.257145,0.22915756,linear,0.3883213,10.773972,,,-0.63403015,-1.3705563,0.18363729,6.828385
anime,high,101,dm,,0.14491593,0.14499592,,,0.62438856,0.7563173,0.17159301,0.17115599,,,,,,,20,,0.0018834766,27,,,,,,14.408074,,,,,,,,,,,,0.091501917,0.11535344,0.29792488,0.22307653,0.22309315,reference,2.9642488,5.3414016,,18.257145,0.16236103,linear,0.27513055,10.773972,2.6677078,2.6240052,,,0.18363729,6.828385
anime,high,101,dm_own,,0.14600914,0.14604385,,,0.55722125,0.66822624,0.1707271,0.17028269,,,,,,,20,,0.00095490948,23,,,,,,7.2180252,,,,,,,,,,,,0.091501917,0.11535344,0.29792488,0.22307653,0.22309315,reference,3.0690414,5.4507223,,18.257145,0.16810084,linear,0.28485701,10.773972,2.4717965,2.4273547,,,0.18363729,6.828385
anime,high,101,native_avg,0,0.028820278,0.12837941,,,-0.094644771,0.21584092,,,0.29685385,0.59401542,,,,,20,19,0.11459725,300,0,0.1,one_way,,0.30922741,,25000,0,2261,0,2261,2261,0,0,0,0.09150191,0.11535344,0.091501917,0.11535344,0.29792488,0.22307653,0.22309315,native,1.3025975,-6.2681639,,18.257145,0.071347274,ceiling,0.071347274,10.773972,,,,,0.18363729,6.828385
anime,high,101,native_avg,0.01,0.028824101,0.12837941,,,-0.095008372,0.21584092,,,0.29695768,0.5921858,,,,,20,19,0.11459725,300,0,0.1,one_way,,0.29045546,,24750,250,2243,7,2250,2261,15.908606,11,248,0.09150191,0.11535344,0.091501917,0.11535344,0.29792488,0.22307653,0.22309315,native,1.3025975,-6.2677815,,18.257145,0.071347274,ceiling,0.071347274,10.773972,,,,,0.18363729,6.828385
anime,high,101,native_avg,0.05,0.028798377,0.12837941,,,-0.092299503,0.21584092,,,0.296987,0.59221239,,,,,20,19,0.11459725,300,0,0.1,one_way,,0.27448362,,23750,1250,2157,33,2190,2261,79.543032,71,1180,0.09150191,0.11535344,0.091501917,0.11535344,0.29792488,0.22307653,0.22309315,native,1.3025975,-6.2703539,,18.257145,0.071347274,ceiling,0.071347274,10.773972,,,,,0.18363729,6.828385
anime,high,101,native_avg,0.1,0.028740666,0.12837941,,,-0.07927082,0.21584092,,,0.2972563,0.59015306,,,,,20,19,0.11459725,300,0,0.1,one_way,,0.24144445,,22500,2500,2032,70,2102,2261,159.08606,159,2230,0.09150191,0.11535344,0.091501917,0.11535344,0.29792488,0.22307653,0.22309315,native,1.3025975,-6.276125,,18.257145,0.071347274,ceiling,0.071347274,10.773972,,,,,0.18363729,6.828385
anime,high,101,native_avg,0.15,0.028699652,0.07441668,,,-0.082569744,4.2598419,,,0.29736182,0.58751678,,,,,20,19,0.11459725,300,0,0.1,one_way,,0.21669109,,21250,3750,1929,111,2040,2261,238.6291,221,3162,0.09150191,0.11535344,0.091501917,0.11535344,0.29792488,0.22307653,0.22309315,native,-4.0936756,-6.2802264,,18.257145,-0.22422321,ceiling,-0.22422321,10.773972,,,,,0.18363729,6.828385
anime,high,101,native_avg,0.25,0.028616838,0.07441668,,,-0.074330102,5.612114,,,0.29784651,0.58096812,,,,,20,19,0.11459725,300,0,0.1,one_way,,0.15328927,,18750,6250,1689,185,1874,2261,397.71516,387,4697,0.09150191,0.11535344,0.091501917,0.11535344,0.29792488,0.22307653,0.22309315,native,-4.0936756,-6.2885079,,18.257145,-0.22422321,ceiling,-0.22422321,10.773972,,,,,0.18363729,6.828385
anime,high,101,native_prod_c,0,0.028567365,0.12837941,,,-0.068821804,0.21584092,,,0.29657905,0.59417219,,,,,20,20,0.47985917,100,0.0001,10,one_way,,0.022218658,,25000,0,2261,0,2261,2261,0,0,0,0.09150191,0.11535344,0.091501917,0.11535344,0.29792488,0.22307653,0.22309315,native,1.3025975,-6.2934551,,18.257145,0.071347274,ceiling,0.071347274,10.773972,,,,,0.18363729,6.828385
anime,high,101,native_prod_c,0.01,0.028580345,0.12837941,,,-0.070094672,0.21584092,,,0.29664126,0.59279504,,,,,20,20,0.47985917,100,0.0001,10,one_way,,0.020251259,,24750,250,2243,7,2250,2261,15.908606,11,248,0.09150191,0.11535344,0.091501917,0.11535344,0.29792488,0.22307653,0.22309315,native,1.3025975,-6.2921572,,18.257145,0.071347274,ceiling,0.071347274,10.773972,,,,,0.18363729,6.828385
anime,high,101,native_prod_c,0.05,0.028612114,0.12837941,,,-0.062622,0.21584092,,,0.29660418,0.59327683,,,,,20,20,0.47985917,100,0.0001,10,one_way,,0.0053916904,,23750,1250,2157,33,2190,2261,79.543032,71,1180,0.09150191,0.11535344,0.091501917,0.11535344,0.29792488,0.22307653,0.22309315,native,1.3025975,-6.2889803,,18.257145,0.071347274,ceiling,0.071347274,10.773972,,,,,0.18363729,6.828385
anime,high,101,native_prod_c,0.1,0.028623328,0.12837941,,,-0.075954696,2.7906103,,,0.29690151,0.59288781,,,,,20,20,0.47985917,100,0.0001,10,one_way,,0.039735787,,22500,2500,2032,70,2102,2261,159.08606,159,2230,0.09150191,0.11535344,0.091501917,0.11535344,0.29792488,0.22307653,0.22309315,native,1.3025975,-6.2878588,,18.257145,0.071347274,ceiling,0.071347274,10.773972,,,,,0.18363729,6.828385
anime,high,101,native_prod_c,0.15,0.028639625,0.07441668,,,-0.0040870726,5.612114,,,0.29707154,0.59082498,,,,,20,20,0.47985917,100,0.0001,10,one_way,,0.027822552,,21250,3750,1929,111,2040,2261,238.6291,221,3162,0.09150191,0.11535344,0.091501917,0.11535344,0.29792488,0.22307653,0.22309315,native,-4.0936756,-6.2862291,,18.257145,-0.22422321,ceiling,-0.22422321,10.773972,,,,,0.18363729,6.828385
anime,high,101,native_prod_c,0.25,0.02865784,0.13053782,,,-0.067202705,0,,,0.29801544,0.58795759,,,,,20,20,0.47985917,100,0.0001,10,one_way,,0.015951965,,18750,6250,1689,185,1874,2261,397.71516,387,4697,0.09150191,0.11535344,0.091501917,0.11535344,0.29792488,0.22307653,0.22309315,native,1.5184384,-6.2844077,,18.257145,0.083169546,ceiling,0.083169546,10.773972,,,,,0.18363729,6.828385
anime,high,101,native_prod_t,0,0.027867484,0.02789631,,,3.875634e-08,0.10943646,,,0.30183295,0.51260748,,,,,20,20,0.0051479262,300,1e-05,1,one_way,,-0.00026927993,,25000,0,2261,0,2261,2261,0,0,0,0.09150191,0.11535344,0.091501917,0.11535344,0.29792488,0.22307653,0.22309315,native,-8.7457126,-6.3634432,,18.257145,-0.4790296,ceiling,-0.4790296,10.773972,,,,,0.18363729,6.828385
anime,high,101,native_prod_t,0.01,0.027867523,0.027482055,,,0,0,,,0.30183846,0.50990917,,,,,20,20,0.036835776,30,0.0001,1,one_way,,-0.00014286736,,24750,250,2243,7,2250,2261,15.908606,11,248,0.09150191,0.11535344,0.091501917,0.11535344,0.29792488,0.22307653,0.22309315,native,-8.7871381,-6.3634393,,18.257145,-0.4812986,ceiling,-0.4812986,10.773972,,,,,0.18363729,6.828385
anime,high,101,native_prod_t,0.05,0.027867705,0.014424383,,,0.0001104351,4.7884354,,,0.30187834,0.50552264,,,,,20,20,0.022156431,30,1e-05,1,one_way,,-5.1491534e-05,,23750,1250,2157,33,2190,2261,79.543032,71,1180,0.09150191,0.11535344,0.091501917,0.11535344,0.29792488,0.22307653,0.22309315,native,-10.092905,-6.3634212,,18.257145,-0.55281949,ceiling,-0.55281949,10.773972,,,,,0.18363729,6.828385
anime,high,101,native_prod_t,0.1,0.027867623,0.12560226,,,4.591742e-05,0,,,0.30184649,0.50930044,,,,,20,20,0.00139426,100,1e-05,0.1,one_way,,6.0033435e-06,,22500,2500,2032,70,2102,2261,159.08606,159,2230,0.09150191,0.11535344,0.091501917,0.11535344,0.29792488,0.22307653,0.22309315,native,1.024882,-6.3634293,,18.257145,0.056135944,ceiling,0.056135944,10.773972,,,,,0.18363729,6.828385
anime,high,101,native_prod_t,0.15,0.027867667,0.12560226,,,0.00049035105,0,,,0.30185087,0.50760806,,,,,20,20,0.00139426,100,1e-05,0.1,one_way,,1.492121e-06,,21250,3750,1929,111,2040,2261,238.6291,221,3162,0.09150191,0.11535344,0.091501917,0.11535344,0.29792488,0.22307653,0.22309315,native,1.024882,-6.363425,,18.257145,0.056135944,ceiling,0.056135944,10.773972,,,,,0.18363729,6.828385
anime,high,101,native_prod_t,0.25,0.027867809,0.048478888,,,0.00012734235,0,,,0.30215134,0.51403486,,,,,20,20,0.00139426,100,1e-05,0.1,one_way,,-1.3498252e-06,,18750,6250,1689,185,1874,2261,397.71516,387,4697,0.09150191,0.11535344,0.091501917,0.11535344,0.29792488,0.22307653,0.22309315,native,-6.6874548,-6.3634108,,18.257145,-0.36629249,ceiling,-0.36629249,10.773972,,,,,0.18363729,6.828385
anime,high,101,no_prop,,0.12653188,0.12690732,,,0.18278583,0.16145397,0.016637661,0.014946507,,,,,,,20,,0.00022118259,28,,,,,,6.6776161,,,,,,,,,,,,0.091501917,0.11535344,0.29792488,0.22307653,0.22309315,reference,1.1553883,3.5029968,,18.257145,0.063284173,linear,0.10723884,10.773972,-10.989422,-11.158538,,,0.18363729,6.828385
anime,high,101,opc,,0.15357215,0.153599,,,0,0,0.15467153,0.1454949,,,,,,,20,,0.0010717683,23,,,,,,25.465229,,,,,,,,,,,,0.091501917,0.11535344,0.29792488,0.22307653,0.22309315,reference,3.8245565,6.2070235,,18.257145,0.20948273,linear,0.35498112,10.773972,0.10993837,-0.8077251,,,0.18363729,6.828385
anime,high,101,opc_raw,,0.14865496,0.14864285,,,0,0,0.14743485,0.13774134,,,,,,,20,,0.0010717683,23,,,,,,34.431591,,,,,,,,,,,,0.091501917,0.11535344,0.29792488,0.22307653,0.22309315,reference,3.3289418,5.7153039,,18.257145,0.18233639,linear,0.30897999,10.773972,-0.122011,-1.0913611,,,0.18363729,6.828385
anime,high,101,tempered_logger,,0.10775168,0.11535344,,,0.76199714,0,0.1016648,0.095677994,,,,,,,20,,,-1,,,,,,1.6679786,,,,,,,,,,,,0.091501917,0.11535344,0.29792488,0.22307653,0.22309315,reference,0,1.6249767,,18.257145,0,linear,0,10.773972,-0.60868866,-1.2073689,,,0.18363729,6.828385
anime,high,101,warm_c,0,0.031473108,0.14080376,0.14032474,32,0,0,,,0.29473156,0.62227032,0.1475473,0.14114603,0.14923581,0.14237416,20,20,0.056006037,100,1e-05,1000,one_way,zero,0.14114018,,25000,0,2261,0,2261,2261,0,0,0,0.09150191,0.11535344,0.091501917,0.11535344,0.29792488,0.22307653,0.22309315,warm,2.5450327,-6.0028808,4.8822823,18.257145,0.13939927,ceiling,0.13939927,10.773972,,,0.67435352,0.034227183,0.18363729,6.828385
anime,high,101,warm_c,0.01,0.031608476,0.14189662,0.14190568,512,0,0,,,0.29470556,0.62174423,0.14839398,0.14146854,0.14874707,0.14176672,20,20,0.056006037,100,1e-05,1000,one_way,zero,0.14599267,,24750,250,2243,7,2250,2261,15.908606,11,248,0.09150191,0.11535344,0.091501917,0.11535344,0.29792488,0.22307653,0.22309315,warm,2.6543181,-5.9893441,5.0403761,18.257145,0.14538517,ceiling,0.14538517,10.773972,,,0.64973674,-0.042807401,0.18363729,6.828385
anime,high,101,warm_c,0.05,0.03201976,0.14215868,0.14215646,4096,0,0,,,0.29462836,0.62124966,0.14911835,0.14140604,0.14924189,0.14152649,20,20,0.056006037,100,1e-05,1000,one_way,zero,0.16079475,,23750,1250,2157,33,2190,2261,79.543032,71,1180,0.09150191,0.11535344,0.091501917,0.11535344,0.29792488,0.22307653,0.22309315,warm,2.680524,-5.9482157,5.065454,18.257145,0.14682055,ceiling,0.14682055,10.773972,,,0.69596703,-0.075263245,0.18363729,6.828385
anime,high,101,warm_c,0.1,0.032446542,0.14228669,0.14228894,4096,0,0,,,0.29470385,0.61995707,0.14836157,0.13982564,0.14829823,0.13976143,20,20,0.056006037,100,1e-05,1000,one_way,zero,0.17612188,,22500,2500,2032,70,2102,2261,159.08606,159,2230,0.09150191,0.11535344,0.091501917,0.11535344,0.29792488,0.22307653,0.22309315,warm,2.6933249,-5.9055375,5.0787028,18.257145,0.14752169,ceiling,0.14752169,10.773972,,,0.60748812,-0.2461042,0.18363729,6.828385
anime,high,101,warm_c,0.15,0.032592281,0.13899065,0.13899508,128,0,0,,,0.2948029,0.61954379,0.14487068,0.13637259,0.1448842,0.13634527,20,20,0.056006037,100,1e-05,1000,one_way,zero,0.18131638,,21250,3750,1929,111,2040,2261,238.6291,221,3162,0.09150191,0.11535344,0.091501917,0.11535344,0.29792488,0.22307653,0.22309315,warm,2.3637217,-5.8909635,4.7493162,18.257145,0.12946831,ceiling,0.12946831,10.773972,,,0.58800303,-0.26180653,0.18363729,6.828385
anime,high,101,warm_c,0.25,0.033177099,0.13712708,0.13655788,32,0,0,,,0.2950326,0.61756718,0.13544259,0.12672997,0.13796033,0.12898271,20,20,0.056006037,100,1e-05,1000,one_way,zero,0.20199166,,18750,6250,1689,185,1874,2261,397.71516,387,4697,0.09150191,0.11535344,0.091501917,0.11535344,0.29792488,0.22307653,0.22309315,warm,2.1773643,-5.8324818,4.5055965,18.257145,0.11926095,ceiling,0.11926095,10.773972,,,-0.1684492,-1.0397107,0.18363729,6.828385
anime,high,101,warm_t,0,0.032105148,0.11536888,0.11368277,32,-0.42079179,0.9440079,,,0.29627788,0.60594756,0.10560491,0.095650689,0.1043729,0.095615242,20,20,0.14212818,10,0.001,0.01,symmetric,zero,0.32985365,,25000,0,2261,0,2261,2261,0,0,0,0.09150191,0.11535344,0.091501917,0.11535344,0.29792488,0.22307653,0.22309315,warm,0.0015444649,-5.9396769,2.2180852,18.257145,8.4595098e-05,ceiling,8.4595098e-05,10.773972,,,-0.97639738,-1.9718192,0.18363729,6.828385
anime,high,101,warm_t,0.01,0.032266167,0.11539667,0.11539469,4096,0,0,,,0.29623944,0.60594979,0.10569047,0.095733393,0.10557841,0.095621234,20,20,0.14212818,10,0.001,0.01,symmetric,zero,0.34080312,,24750,250,2243,7,2250,2261,15.908606,11,248,0.09150191,0.11535344,0.091501917,0.11535344,0.29792488,0.22307653,0.22309315,warm,0.0043234004,-5.9235749,2.3892769,18.257145,0.00023680595,ceiling,0.00023680595,10.773972,,,-0.97062027,-1.9663277,0.18363729,6.828385
anime,high,101,warm_t,0.05,0.032766284,0.11555721,0.10884033,16,0,0,,,0.29617469,0.60600203,0.10574529,0.095790795,0.10226517,0.095982348,20,20,0.14212818,10,0.001,0.01,symmetric,zero,0.37423646,,23750,1250,2157,33,2190,2261,79.543032,71,1180,0.09150191,0.11535344,0.091501917,0.11535344,0.29792488,0.22307653,0.22309315,warm,0.02037742,-5.8735633,1.7338414,18.257145,0.001116134,ceiling,0.001116134,10.773972,,,-0.98119174,-1.9766415,0.18363729,6.828385
anime,high,101,warm_t,0.1,0.033139338,0.11570541,0.10993387,16,-0.091106862,0.024696852,,,0.29617637,0.60611681,0.10604349,0.096046669,0.10283713,0.096216745,20,20,0.14212818,10,0.001,0.01,symmetric,zero,0.39861563,,22500,2500,2032,70,2102,2261,159.08606,159,2230,0.09150191,0.11535344,0.091501917,0.11535344,0.29792488,0.22307653,0.22309315,warm,0.03519701,-5.8362579,1.8431955,18.257145,0.0019278486,ceiling,0.0019278486,10.773972,,,-0.96619176,-1.9658738,0.18363729,6.828385
anime,high,101,warm_t,0.15,0.03326989,0.11570871,0.11023671,16,-0.089292568,0.01260958,,,0.29618512,0.60617002,0.10649527,0.096469122,0.10304917,0.096309265,20,20,0.14212818,10,0.001,0.01,symmetric,zero,0.40704024,,21250,3750,1929,111,2040,2261,238.6291,221,3162,0.09150191,0.11535344,0.091501917,0.11535344,0.29792488,0.22307653,0.22309315,warm,0.035527539,-5.8232026,1.8734796,18.257145,0.0019459527,ceiling,0.0019459527,10.773972,,,-0.92134402,-1.923959,0.18363729,6.828385
anime,high,101,warm_t,0.25,0.032980676,0.11586536,0.10985454,16,0.19418474,0.011982756,,,0.29617923,0.6065028,0.10456147,0.094871461,0.10266943,0.096125935,20,20,0.056006037,100,1e-05,1000,one_way,zero,0.20199166,,18750,6250,1689,185,1874,2261,397.71516,387,4697,0.09150191,0.11535344,0.091501917,0.11535344,0.29792488,0.22307653,0.22309315,warm,0.051192113,-5.8521241,1.8352628,18.257145,0.0028039496,ceiling,0.0028039496,10.773972,,,-1.1303891,-2.0993897,0.18363729,6.828385
kuairand,high,100,cap_c,0,0.039076185,0.21716458,0.21717363,512,0,0,,,0.28789739,0.76673978,0.19452636,0.18531109,0.19481844,0.18556972,20,20,0.011022421,100,1e-07,0,symmetric,base_rate,0.4758465,,25000,0,2755,0,2755,2755,0,0,0,0.11024683,0.1354483,0.11024683,0.1354483,0.29237682,0.25649096,0.25676307,cap,8.1716284,-7.117064,10.69268,15.692853,0.52072294,linear,0.6735889,12.131477,,,-2.2638219,-3.185349,0.16717423,3.1725939
kuairand,high,100,cap_c,0.01,0.039006647,0.21728975,0.21717425,64,0,0,,,0.28789521,0.76683985,0.19542951,0.18624427,0.19709949,0.18772679,20,20,0.011022421,100,1e-07,0,symmetric,base_rate,0.47367692,,24750,250,2725,7,2732,2755,20.810841,23,246,0.11024683,0.1354483,0.11024683,0.1354483,0.29237682,0.25649096,0.25676307,cap,8.1841457,-7.1240179,10.692742,15.692853,0.52152059,linear,0.6746207,12.131477,,,-2.1860241,-3.1045486,0.16717423,3.1725939
kuairand,high,100,cap_c,0.05,0.039198924,0.21692861,0.21671035,64,0,0,,,0.28810449,0.76636566,0.19748479,0.18822771,0.19858281,0.18917497,20,20,0.011022421,100,1e-07,0,symmetric,base_rate,0.48006022,,23750,1250,2617,34,2651,2755,104.0542,104,1152,0.11024683,0.1354483,0.11024683,0.1354483,0.29237682,0.25649096,0.25676307,cap,8.1480311,-7.1047902,10.646353,15.692853,0.51921925,linear,0.67164377,12.131477,,,-1.9443816,-2.8700897,0.16717423,3.1725939
kuairand,high,100,cap_c,0.1,0.039118894,0.21630288,0.21633922,128,0,0,,,0.28825026,0.76616287,0.19664092,0.1872814,0.19659397,0.18724208,20,20,0.011022421,100,1e-07,0,symmetric,base_rate,0.48531148,,22500,2500,2487,80,2567,2755,208.10841,188,2140,0.11024683,0.1354483,0.11024683,0.1354483,0.29237682,0.25649096,0.25676307,cap,8.0854587,-7.1127932,10.609239,15.692853,0.51523193,linear,0.66648592,12.131477,,,-1.9661959,-2.9021488,0.16717423,3.1725939
kuairand,high,100,cap_c,0.15,0.038995581,0.21564108,0.21521893,64,0,0,,,0.28828959,0.76570549,0.19284773,0.18369919,0.19567287,0.18625524,20,20,0.011022421,100,1e-07,0,symmetric,base_rate,0.48805267,,21250,3750,2344,112,2456,2755,312.16261,299,2990,0.11024683,0.1354483,0.11024683,0.1354483,0.29237682,0.25649096,0.25676307,cap,8.0192781,-7.1251244,10.497211,15.692853,0.51101468,linear,0.66103063,12.131477,,,-2.2793347,-3.194189,0.16717423,3.1725939
kuairand,high,100,cap_c,0.25,0.038768569,0.21356592,0.21293037,32,-0.12586491,0.014623185,,,0.28862317,0.7653179,0.1893008,0.18000712,0.1924473,0.18283559,20,20,0.011022421,100,1e-07,0,symmetric,base_rate,0.5024693,,18750,6250,2055,170,2225,2755,520.27102,530,4285,0.11024683,0.1354483,0.11024683,0.1354483,0.29237682,0.25649096,0.25676307,cap,7.811762,-7.1478257,10.268355,15.692853,0.49779108,linear,0.64392504,12.131477,,,-2.4265112,-3.3558796,0.16717423,3.1725939
kuairand,high,100,cap_t,0,0.041409676,0.21030685,0.21028104,64,-0.46433153,0.56644976,,,0.28824696,0.76581308,0.18717288,0.17836033,0.18739992,0.17850841,20,20,0.0099062153,300,1e-06,0.1,one_way,base_rate,0.62223613,,25000,0,2755,0,2755,2755,0,0,0,0.11024683,0.1354483,0.11024683,0.1354483,0.29237682,0.25649096,0.25676307,cap,7.4858557,-6.883715,10.003421,15.692853,0.47702326,linear,0.61706052,12.131477,,,-2.3133968,-3.1946521,0.16717423,3.1725939
kuairand,high,100,cap_t,0.01,0.041317286,0.21089227,0.21087844,4096,-0.45439087,0.53256033,,,0.28814954,0.76610783,0.19171614,0.18275805,0.19164719,0.18269212,20,20,0.0099062153,300,1e-06,0.1,one_way,base_rate,0.61800754,,24750,250,2725,7,2732,2755,20.810841,23,246,0.11024683,0.1354483,0.11024683,0.1354483,0.29237682,0.25649096,0.25676307,cap,7.5443972,-6.892954,10.063162,15.692853,0.48075372,linear,0.62188611,12.131477,,,-1.9176124,-2.8134221,0.16717423,3.1725939
kuairand,high,100,cap_t,0.05,0.04134179,0.21043179,0.21043111,4096,-0.41399187,0.57908027,,,0.28873066,0.76473843,0.19019577,0.18141567,0.19007763,0.18129415,20,20,0.0099062153,300,1e-06,0.1,one_way,base_rate,0.60691381,,23750,1250,2617,34,2651,2755,104.0542,104,1152,0.11024683,0.1354483,0.11024683,0.1354483,0.29237682,0.25649096,0.25676307,cap,7.498349,-6.8905036,10.018429,15.692853,0.47781938,linear,0.61809035,12.131477,,,-2.0236016,-2.9016114,0.16717423,3.1725939
kuairand,high,100,cap_t,0.1,0.040127797,0.20951746,0.2096525,64,-0.29725038,0.61854166,,,0.2890429,0.76395552,0.18450086,0.17604271,0.18693592,0.17821612,20,20,0.0099062153,300,1e-06,0.1,one_way,base_rate,0.56593251,,22500,2500,2487,80,2567,2755,208.10841,188,2140,0.11024683,0.1354483,0.11024683,0.1354483,0.29237682,0.25649096,0.25676307,cap,7.4069162,-7.0119029,9.9405679,15.692853,0.47199298,linear,0.61055353,12.131477,,,-2.5016603,-3.3474751,0.16717423,3.1725939
kuairand,high,100,cap_t,0.15,0.03989255,0.20966402,0.20972415,512,-0.2566568,0.5430853,,,0.28895853,0.76381193,0.18500032,0.17624995,0.18588948,0.17707704,20,20,0.0099062153,300,1e-06,0.1,one_way,base_rate,0.54738891,,21250,3750,2344,112,2456,2755,312.16261,299,2990,0.11024683,0.1354483,0.11024683,0.1354483,0.29237682,0.25649096,0.25676307,cap,7.4215721,-7.0354276,9.9477325,15.692853,0.4729269,linear,0.61176161,12.131477,,,-2.4663696,-3.3414067,0.16717423,3.1725939
kuairand,high,100,cap_t,0.25,0.037510049,0.21371548,0.21377963,128,0,0,,,0.28941089,0.76334997,0.1927624,0.18363939,0.19404855,0.18476499,20,20,0.0040295735,300,1e-06,100,one_way,base_rate,0.46740785,,18750,6250,2055,170,2225,2755,520.27102,530,4285,0.11024683,0.1354483,0.11024683,0.1354483,0.29237682,0.25649096,0.25676307,cap,7.8267181,-7.2736777,10.35328,15.692853,0.49874413,linear,0.64515788,12.131477,,,-2.0953074,-3.0076091,0.16717423,3.1725939
kuairand,high,100,dm,,0.191964,0.19208283,,,0.41735932,0.50968287,0.2013613,0.19973165,,,,,,,20,,0.00065131976,25,,,,,,5.5494785,,,,,,,,,,,,0.11024683,0.1354483,0.29237682,0.25649096,0.25676307,reference,5.6634533,8.1717173,,15.692853,0.36089381,linear,0.46683955,12.131477,0.93973,0.77676533,,,0.16717423,3.1725939
kuairand,high,100,dm_own,,0.19295279,0.19325953,,,0.33105171,0.39679715,0.19979133,0.19815229,,,,,,,20,,0.00042218227,21,,,,,,4.1390209,,,,,,,,,,,,0.11024683,0.1354483,0.29237682,0.25649096,0.25676307,reference,5.7811232,8.2705966,,15.692853,0.36839212,linear,0.47653909,12.131477,0.68385348,0.51994928,,,0.16717423,3.1725939
kuairand,high,100,native_avg,0,0.027457455,0.16717423,,,-0.01469375,0,,,0.306636,0.70352635,,,,,20,19,0.68508528,10,1e-06,0.1,one_way,,-0.067336626,,25000,0,2755,0,2755,2755,0,0,0,0.11024683,0.1354483,0.11024683,0.1354483,0.29237682,0.25649096,0.25676307,native,3.1725938,-8.2789371,,15.692853,0.20216808,ceiling,0.20216808,12.131477,,,,,0.16717423,3.1725939
kuairand,high,100,native_avg,0.01,0.027460115,0.16717423,,,-0.014727462,0,,,0.30662612,0.70405645,,,,,20,19,0.68508528,10,1e-06,0.1,one_way,,-0.081673414,,24750,250,2725,7,2732,2755,20.810839,23,246,0.11024683,0.1354483,0.11024683,0.1354483,0.29237682,0.25649096,0.25676307,native,3.1725938,-8.2786711,,15.692853,0.20216808,ceiling,0.20216808,12.131477,,,,,0.16717423,3.1725939
kuairand,high,100,native_avg,0.05,0.027458382,0.16717423,,,-0.014678527,0,,,0.30673656,0.70157212,,,,,20,19,0.68508528,10,1e-06,0.1,one_way,,-0.076635137,,23750,1250,2617,34,2651,2755,104.0542,104,1152,0.11024683,0.1354483,0.11024683,0.1354483,0.29237682,0.25649096,0.25676307,native,3.1725938,-8.2788444,,15.692853,0.20216808,ceiling,0.20216808,12.131477,,,,,0.16717423,3.1725939
kuairand,high,100,native_avg,0.1,0.027444488,0.16717423,,,-0.014507139,0,,,0.30693333,0.70126828,,,,,20,19,0.68508528,10,1e-06,0.1,one_way,,-0.070045628,,22500,2500,2487,80,2567,2755,208.10839,188,2140,0.11024683,0.1354483,0.11024683,0.1354483,0.29237682,0.25649096,0.25676307,native,3.1725938,-8.2802338,,15.692853,0.20216808,ceiling,0.20216808,12.131477,,,,,0.16717423,3.1725939
kuairand,high,100,native_avg,0.15,0.027436,0.16717423,,,-0.014680539,0,,,0.30709108,0.70220323,,,,,20,19,0.68508528,10,1e-06,0.1,one_way,,-0.067385331,,21250,3750,2344,112,2456,2755,312.16259,299,2990,0.11024683,0.1354483,0.11024683,0.1354483,0.29237682,0.25649096,0.25676307,native,3.1725938,-8.2810826,,15.692853,0.20216808,ceiling,0.20216808,12.131477,,,,,0.16717423,3.1725939
kuairand,high,100,native_avg,0.25,0.027405307,0.16717423,,,-0.014581503,0,,,0.30769473,0.69811489,,,,,20,19,0.68508528,10,1e-06,0.1,one_way,,-0.046400189,,18750,6250,2055,170,2225,2755,520.27098,530,4285,0.11024683,0.1354483,0.11024683,0.1354483,0.29237682,0.25649096,0.25676307,native,3.1725938,-8.2841518,,15.692853,0.20216808,ceiling,0.20216808,12.131477,,,,,0.16717423,3.1725939
kuairand,high,100,native_prod_c,0,0.027809282,0.16717423,,,-0.078047126,0,,,0.30279935,0.70915937,,,,,20,20,0.09067147,300,1e-05,0.1,one_way,,0.00041208995,,25000,0,2755,0,2755,2755,0,0,0,0.11024683,0.1354483,0.11024683,0.1354483,0.29237682,0.25649096,0.25676307,native,3.1725938,-8.2437544,,15.692853,0.20216808,ceiling,0.20216808,12.131477,,,,,0.16717423,3.1725939
kuairand,high,100,native_prod_c,0.01,0.027817435,0.16717423,,,-0.078865762,0,,,0.30270984,0.70952959,,,,,20,20,0.09067147,300,1e-05,0.1,one_way,,0.00096659106,,24750,250,2725,7,2732,2755,20.810839,23,246,0.11024683,0.1354483,0.11024683,0.1354483,0.29237682,0.25649096,0.25676307,native,3.1725938,-8.242939,,15.692853,0.20216808,ceiling,0.20216808,12.131477,,,,,0.16717423,3.1725939
kuairand,high,100,native_prod_c,0.05,0.02784498,0.16717423,,,-0.081651063,0,,,0.30269446,0.70908068,,,,,20,20,0.09067147,300,1e-05,0.1,one_way,,-0.00099964754,,23750,1250,2617,34,2651,2755,104.0542,104,1152,0.11024683,0.1354483,0.11024683,0.1354483,0.29237682,0.25649096,0.25676307,native,3.1725938,-8.2401845,,15.692853,0.20216808,ceiling,0.20216808,12.131477,,,,,0.16717423,3.1725939
kuairand,high,100,native_prod_c,0.1,0.027849547,0.16717423,,,-0.082188937,0,,,0.3025661,0.70918701,,,,,20,20,0.09067147,300,1e-05,0.1,one_way,,-0.00070505077,,22500,2500,2487,80,2567,2755,208.10839,188,2140,0.11024683,0.1354483,0.11024683,0.1354483,0.29237682,0.25649096,0.25676307,native,3.1725938,-8.2397279,,15.692853,0.20216808,ceiling,0.20216808,12.131477,,,,,0.16717423,3.1725939
kuairand,high,100,native_prod_c,0.15,0.027875304,0.16717423,,,-0.08485316,0,,,0.30274522,0.70865598,,,,,20,20,0.09067147,300,1e-05,0.1,one_way,,0.0012998828,,21250,3750,2344,112,2456,2755,312.16259,299,2990,0.11024683,0.1354483,0.11024683,0.1354483,0.29237682,0.25649096,0.25676307,native,3.1725938,-8.2371522,,15.692853,0.20216808,ceiling,0.20216808,12.131477,,,,,0.16717423,3.1725939
kuairand,high,100,native_prod_c,0.25,0.027903139,0.16717423,,,-0.087881282,0,,,0.30302363,0.70882152,,,,,20,20,0.09067147,300,1e-05,0.1,one_way,,0.0022130019,,18750,6250,2055,170,2225,2755,520.27098,530,4285,0.11024683,0.1354483,0.11024683,0.1354483,0.29237682,0.25649096,0.25676307,native,3.1725938,-8.2343687,,15.692853,0.20216808,ceiling,0.20216808,12.131477,,,,,0.16717423,3.1725939
kuairand,high,100,native_prod_t,0,0.027003468,0.026813641,,,-1.9341989e-07,0.062907389,,,0.33659443,0.59380981,,,,,20,20,0.0015125061,300,0,0.1,one_way,,0.00026190327,,25000,0,2755,0,2755,2755,0,0,0,0.11024683,0.1354483,0.11024683,0.1354483,0.29237682,0.25649096,0.25676307,native,-10.863466,-8.3243358,,15.692853,-0.69225563,ceiling,-0.69225563,12.131477,,,,,0.16717423,3.1725939
kuairand,high,100,native_prod_t,0.01,0.027003474,0.021214999,,,-3.873322e-08,3.5000511,,,0.33660351,0.59474363,,,,,20,20,0.001376599,300,1e-06,0.1,one_way,,-2.9617764e-05,,24750,250,2725,7,2732,2755,20.810839,23,246,0.11024683,0.1354483,0.11024683,0.1354483,0.29237682,0.25649096,0.25676307,native,-11.42333,-8.3243352,,15.692853,-0.72793201,ceiling,-0.72793201,12.131477,,,,,0.16717423,3.1725939
kuairand,high,100,native_prod_t,0.05,0.027003489,0.025649978,,,5.8429291e-06,1.7919633,,,0.33663332,0.58982009,,,,,20,20,0.11044509,3,0.0001,0,one_way,,2.36869e-05,,23750,1250,2617,34,2651,2755,104.0542,104,1152,0.11024683,0.1354483,0.11024683,0.1354483,0.29237682,0.25649096,0.25676307,native,-10.979832,-8.3243337,,15.692853,-0.69967087,ceiling,-0.69967087,12.131477,,,,,0.16717423,3.1725939
kuairand,high,100,native_prod_t,0.1,0.027003501,0.032948729,,,1.0315909e-06,0.54983307,,,0.33669573,0.5965047,,,,,20,20,0.019063287,10,0.001,10,one_way,,-2.4091785e-05,,22500,2500,2487,80,2567,2755,208.10839,188,2140,0.11024683,0.1354483,0.11024683,0.1354483,0.29237682,0.25649096,0.25676307,native,-10.249957,-8.3243325,,15.692853,-0.65316084,ceiling,-0.65316084,12.131477,,,,,0.16717423,3.1725939
kuairand,high,100,native_prod_t,0.15,0.027003674,0.032710132,,,-4.609754e-06,2.2519138,,,0.3367648,0.58359053,,,,,20,20,0.62023116,1,1e-05,100,one_way,,0.0070408792,,21250,3750,2344,112,2456,2755,312.16259,299,2990,0.11024683,0.1354483,0.11024683,0.1354483,0.29237682,0.25649096,0.25676307,native,-10.273816,-8.3243152,,15.692853,-0.65468126,ceiling,-0.65468126,12.131477,,,,,0.16717423,3.1725939
kuairand,high,100,native_prod_t,0.25,0.027003531,0.028440922,,,3.2089156e-06,0,,,0.33662187,0.54776719,,,,,20,20,0.62023116,1,1e-05,100,one_way,,-0.0073972298,,18750,6250,2055,170,2225,2755,520.27098,530,4285,0.11024683,0.1354483,0.11024683,0.1354483,0.29237682,0.25649096,0.25676307,native,-10.700737,-8.3243295,,15.692853,-0.68188606,ceiling,-0.68188606,12.131477,,,,,0.16717423,3.1725939
kuairand,high,100,no_prop,,0.15262411,0.15368229,,,0.19254617,0.25470743,0.046067931,0.043272776,,,,,,,20,,0.00036895768,7,,,,,,3.6135669,,,,,,,,,,,,0.11024683,0.1354483,0.29237682,0.25649096,0.25676307,reference,1.8233993,4.2377283,,15.692853,0.11619298,linear,0.15030316,12.131477,-10.655618,-10.935133,,,0.16717423,3.1725939
kuairand,high,100,opc,,0.20448839,0.2046567,,,0.083344963,0.076896511,0.1985819,0.1894924,,,,,,,20,,0.001475565,26,,,,,,15.013103,,,,,,,,,,,,0.11024683,0.1354483,0.29237682,0.25649096,0.25676307,reference,6.9208407,9.4241563,,15.692853,0.44101865,linear,0.57048623,12.131477,-0.59064845,-1.4995986,,,0.16717423,3.1725939
kuairand,high,100,opc_raw,,0.19735528,0.19741146,,,0,0,0.18348287,0.17397138,,,,,,,20,,0.001475565,26,,,,,,22.544018,,,,,,,,,,,,0.11024683,0.1354483,0.29237682,0.25649096,0.25676307,reference,6.1963165,8.7108459,,15.692853,0.3948496,linear,0.51076356,12.131477,-1.3872414,-2.3383907,,,0.16717423,3.1725939
kuairand,high,100,tempered_logger,,0.1320824,0.1354483,,,0.32835566,0,0.12853542,0.12151012,,,,,,,20,,,-1,,,,,,2.2600524,,,,,,,,,,,,0.11024683,0.1354483,0.29237682,0.25649096,0.25676307,reference,0,2.1835577,,15.692853,0,linear,0,12.131477,-0.35469828,-1.0572285,,,0.16717423,3.1725939
kuairand,high,100,warm_c,0,0.038949325,0.19245128,0.1924749,1024,0,0,,,0.29563009,0.74536431,0.18712571,0.17760473,0.18715994,0.17764408,20,18,0.39967167,10,1e-07,0,symmetric,zero,0.88257313,,25000,0,2755,0,2755,2755,0,0,0,0.11024683,0.1354483,0.11024683,0.1354483,0.29237682,0.25649096,0.25676307,warm,5.7002987,-7.12975,8.2228077,15.692853,0.36324171,ceiling,0.36324171,12.131477,,,-0.53255735,-1.4846552,0.16717423,3.1725939
kuairand,high,100,warm_c,0.01,0.038840512,0.19258955,0.19262084,256,0,0,,,0.2955402,0.74537311,0.18836228,0.17886343,0.18843134,0.17894464,20,18,0.39967167,10,1e-07,0,symmetric,zero,0.87618524,,24750,250,2725,7,2732,2755,20.810841,23,246,0.11024683,0.1354483,0.11024683,0.1354483,0.29237682,0.25649096,0.25676307,warm,5.7141256,-7.1406314,8.2374011,15.692853,0.36412281,ceiling,0.36412281,12.131477,,,-0.42272719,-1.3726123,0.16717423,3.1725939
kuairand,high,100,warm_c,0.05,0.038826187,0.19226603,0.19228225,4096,0,0,,,0.29562143,0.74522175,0.19013464,0.18054202,0.19009197,0.18049893,20,18,0.39967167,10,1e-07,0,symmetric,zero,0.87504518,,23750,1250,2617,34,2651,2755,104.0542,104,1152,0.11024683,0.1354483,0.11024683,0.1354483,0.29237682,0.25649096,0.25676307,warm,5.681773,-7.1420639,8.2035428,15.692853,0.3620612,ceiling,0.3620612,12.131477,,,-0.21313853,-1.172401,0.16717423,3.1725939
kuairand,high,100,warm_c,0.1,0.038279066,0.1920748,0.19204758,64,0,0,,,0.29535738,0.74528037,0.18599234,0.17650831,0.18650435,0.1770552,20,18,0.39967167,10,1e-07,0,symmetric,zero,0.84796679,,22500,2500,2487,80,2567,2755,208.10841,188,2140,0.11024683,0.1354483,0.11024683,0.1354483,0.29237682,0.25649096,0.25676307,warm,5.6626503,-7.196776,8.1800756,15.692853,0.36084264,ceiling,0.36084264,12.131477,,,-0.60824565,-1.5566491,0.16717423,3.1725939
kuairand,high,100,warm_c,0.15,0.037971636,0.19195671,0.19194534,4096,0,0,,,0.29549775,0.74514379,0.18416225,0.17476006,0.18415262,0.17475078,20,18,0.39967167,10,1e-07,0,symmetric,zero,0.83202088,,21250,3750,2344,112,2456,2755,312.16261,299,2990,0.11024683,0.1354483,0.11024683,0.1354483,0.29237682,0.25649096,0.25676307,warm,5.6508415,-7.227519,8.1698511,15.692853,0.36009014,ceiling,0.36009014,12.131477,,,-0.77944636,-1.7196646,0.16717423,3.1725939
kuairand,high,100,warm_c,0.25,0.037601017,0.19031142,0.1903086,256,0,0,,,0.29587217,0.74481118,0.17916289,0.16970265,0.18036635,0.17083938,20,18,0.39967167,10,1e-07,0,symmetric,zero,0.81518918,,18750,6250,2055,170,2225,2755,520.27102,530,4285,0.11024683,0.1354483,0.11024683,0.1354483,0.29237682,0.25649096,0.25676307,warm,5.486312,-7.2645808,8.0061775,15.692853,0.34960578,ceiling,0.34960578,12.131477,,,-1.1148526,-2.0608763,0.16717423,3.1725939
kuairand,high,100,warm_t,0,0.041855189,0.14880821,0.14414835,8,0,0,,,0.30357959,0.73444856,0.13694331,0.12759539,0.14104651,0.13336989,20,18,0.055857864,100,1e-05,0.01,symmetric,zero,1.1354337,,25000,0,2755,0,2755,2755,0,0,0,0.11024683,0.1354483,0.11024683,0.1354483,0.29237682,0.25649096,0.25676307,warm,1.3359914,-6.8391637,3.3901522,15.692853,0.08513375,ceiling,0.08513375,12.131477,,,-1.1864903,-2.1212823,0.16717423,3.1725939
kuairand,high,100,warm_t,0.01,0.04156888,0.14950693,0.14445351,8,0,0,,,0.30312809,0.73466112,0.13687865,0.12751788,0.14132476,0.13366317,20,18,0.055857864,100,1e-05,0.01,symmetric,zero,1.1196085,,24750,250,2725,7,2732,2755,20.810841,23,246,0.11024683,0.1354483,0.11024683,0.1354483,0.29237682,0.25649096,0.25676307,warm,1.4058634,-6.8677946,3.4206683,15.692853,0.089586227,ceiling,0.089586227,12.131477,,,-1.262828,-2.198905,0.16717423,3.1725939
kuairand,high,100,warm_t,0.05,0.041142331,0.15034611,0.14523332,8,0,0,,,0.30236227,0.73532363,0.13974478,0.13016879,0.14208175,0.13439694,20,18,0.055857864,100,1e-05,0.01,symmetric,zero,1.0939808,,23750,1250,2617,34,2651,2755,104.0542,104,1152,0.11024683,0.1354483,0.11024683,0.1354483,0.29237682,0.25649096,0.25676307,warm,1.4897811,-6.9104495,3.4986495,15.692853,0.094933735,ceiling,0.094933735,12.131477,,,-1.0601326,-2.0177314,0.16717423,3.1725939
kuairand,high,100,warm_t,0.1,0.04002979,0.1511645,0.15003755,16,0,0,,,0.30118688,0.73594203,0.14203429,0.13233364,0.14405049,0.13499675,20,18,0.055857864,100,1e-05,0.01,symmetric,zero,1.0305321,,22500,2500,2487,80,2567,2755,208.10841,188,2140,0.11024683,0.1354483,0.11024683,0.1354483,0.29237682,0.25649096,0.25676307,warm,1.5716199,-7.0217036,3.979072,15.692853,0.10014877,ceiling,0.10014877,12.131477,,,-0.91302035,-1.8830854,0.16717423,3.1725939
kuairand,high,100,warm_t,0.15,0.039316989,0.15151036,0.15030788,16,0,0,,,0.30063516,0.73618436,0.14309571,0.13333007,0.14463486,0.13556258,20,18,0.055857864,100,1e-05,0.01,symmetric,zero,0.98902422,,21250,3750,2344,112,2456,2755,312.16261,299,2990,0.11024683,0.1354483,0.11024683,0.1354483,0.29237682,0.25649096,0.25676307,warm,1.6062068,-7.0929837,4.0061055,15.692853,0.10235276,ceiling,0.10235276,12.131477,,,-0.84146493,-1.8180296,0.16717423,3.1725939
kuairand,high,100,warm_t,0.25,0.038343644,0.15164972,0.15020497,16,0,0,,,0.3001842,0.73618433,0.14324908,0.1333217,0.14538462,0.13634232,20,18,0.055857864,100,1e-05,0.01,symmetric,zero,0.93194288,,18750,6250,2055,170,2225,2755,520.27102,530,4285,0.11024683,0.1354483,0.11024683,0.1354483,0.29237682,0.25649096,0.25676307,warm,1.6201419,-7.1903182,3.9958143,15.692853,0.10324076,ceiling,0.10324076,12.131477,,,-0.84006358,-1.8328015,0.16717423,3.1725939
kuairand,high,101,cap_c,0,0.040122165,0.23452648,0.23433122,64,0,0,,,0.30181497,0.77645426,0.20438242,0.19505259,0.20538828,0.19597855,20,20,0.0045209994,300,1e-05,0,one_way,base_rate,0.51168603,,25000,0,2962,0,2962,2962,0,0,0,0.12155841,0.15518624,0.12155841,0.15518624,0.30529663,0.26465014,0.26497325,cap,7.9340239,-8.1436243,11.277281,15.011039,0.52854595,linear,0.72267417,10.978701,,,-3.014406,-3.947389,0.17349333,1.8307086
kuairand,high,101,cap_c,0.01,0.040101617,0.23453789,0.23432994,64,0,0,,,0.30188435,0.7763512,0.20462482,0.19538285,0.20661046,0.1971596,20,20,0.0045209994,300,1e-05,0,one_way,base_rate,0.51153922,,24750,250,2927,12,2939,2962,23.921662,23,245,0.12155841,0.15518624,0.12155841,0.15518624,0.30529663,0.26465014,0.26497325,cap,7.9351652,-8.1456791,11.277153,15.011039,0.52862198,linear,0.72277813,10.978701,,,-2.9913069,-3.9155042,0.17349333,1.8307086
kuairand,high,101,cap_c,0.05,0.039575138,0.23400629,0.23396144,64,-0.54945427,0.081851786,,,0.30186207,0.77625576,0.20506296,0.19576887,0.20740515,0.19789511,20,20,0.014005304,100,1e-07,1,symmetric,base_rate,0.51166904,,23750,1250,2819,39,2858,2962,119.60831,104,1145,0.12155841,0.15518624,0.12155841,0.15518624,0.30529663,0.26465014,0.26497325,cap,7.8820054,-8.198327,11.240304,15.011039,0.5250806,linear,0.71793604,10.978701,,,-2.8943337,-3.8237424,0.17349333,1.8307086
kuairand,high,101,cap_c,0.1,0.039279684,0.23387183,0.23318481,32,-0.51176059,0.01986298,,,0.3020829,0.77595042,0.2025696,0.19323901,0.20475982,0.19526916,20,20,0.014005304,100,1e-07,1,symmetric,base_rate,0.50685191,,22500,2500,2674,72,2746,2962,239.21662,216,2128,0.12155841,0.15518624,0.12155841,0.15518624,0.30529663,0.26465014,0.26497325,cap,7.868559,-8.2278724,11.16264,15.011039,0.52418483,linear,0.71671126,10.978701,,,-3.1302232,-4.0632817,0.17349333,1.8307086
kuairand,high,101,cap_c,0.15,0.03913028,0.23277963,0.23273516,128,-0.44056943,0.28031139,,,0.30229148,0.77576529,0.2033654,0.19395254,0.20398189,0.19451116,20,20,0.014005304,100,1e-07,1,symmetric,base_rate,0.509229,,21250,3750,2524,103,2627,2962,358.82493,335,2969,0.12155841,0.15518624,0.12155841,0.15518624,0.30529663,0.26465014,0.26497325,cap,7.7593395,-8.2428128,11.117675,15.011039,0.51690888,linear,0.70676296,10.978701,,,-2.9414235,-3.8827093,0.17349333,1.8307086
kuairand,high,101,cap_c,0.25,0.038999353,0.23200614,0.22927762,16,-0.32940399,0.30803657,,,0.30282581,0.77478449,0.20002504,0.19075636,0.20145935,0.1918985,20,20,0.014005304,100,1e-07,1,symmetric,base_rate,0.51491618,,18750,6250,2228,165,2393,2962,598.04155,569,4243,0.12155841,0.15518624,0.12155841,0.15518624,0.30529663,0.26465014,0.26497325,cap,7.6819897,-8.2559054,10.771922,15.011039,0.51175602,linear,0.69971752,10.978701,,,-3.1981093,-4.1249779,0.17349333,1.8307086
kuairand,high,101,cap_t,0,0.039584327,0.23372998,0.23360706,64,0,0,,,0.30187072,0.77610435,0.20616838,0.19671781,0.2086231,0.19898267,20,20,0.014005304,100,1e-07,1,symmetric,base_rate,0.51473516,,25000,0,2962,0,2962,2962,0,0,0,0.12155841,0.15518624,0.12155841,0.15518624,0.30529663,0.26465014,0.26497325,cap,7.8543739,-8.1974081,11.204865,15.011039,0.52323985,linear,0.71541921,10.978701,,,-2.7561602,-3.7012169,0.17349333,1.8307086
kuairand,high,101,cap_t,0.01,0.039508764,0.23399604,0.23388005,64,0,0,,,0.30189293,0.77613633,0.20696743,0.19756444,0.2091291,0.19957533,20,20,0.014005304,100,1e-07,1,symmetric,base_rate,0.51155794,,24750,250,2927,12,2939,2962,23.921662,23,245,0.12155841,0.15518624,0.12155841,0.15518624,0.30529663,0.26465014,0.26497325,cap,7.8809797,-8.2049643,11.232164,15.011039,0.52501227,linear,0.71784261,10.978701,,,-2.7028603,-3.6431598,0.17349333,1.8307086
kuairand,high,101,cap_t,0.05,0.039575065,0.23400822,0.23396115,64,-0.54946214,0.080845435,,,0.30186187,0.77625587,0.20506296,0.19576887,0.20740581,0.19789562,20,20,0.014005304,100,1e-07,1,symmetric,base_rate,0.51166904,,23750,1250,2819,39,2858,2962,119.60831,104,1145,0.12155841,0.15518624,0.12155841,0.15518624,0.30529663,0.26465014,0.26497325,cap,7.8821985,-8.1983343,11.240274,15.011039,0.52509346,linear,0.71795363,10.978701,,,-2.8945268,-3.8239355,0.17349333,1.8307086
kuairand,high,101,cap_t,0.1,0.039279695,0.23387183,0.23318434,32,-0.5116661,0.022363053,,,0.30208276,0.77595065,0.2025696,0.19323901,0.20476076,0.19526993,20,20,0.014005304,100,1e-07,1,symmetric,base_rate,0.50685191,,22500,2500,2674,72,2746,2962,239.21662,216,2128,0.12155841,0.15518624,0.12155841,0.15518624,0.30529663,0.26465014,0.26497325,cap,7.868559,-8.2278713,11.162593,15.011039,0.52418483,linear,0.71671126,10.978701,,,-3.1302232,-4.0632817,0.17349333,1.8307086
kuairand,high,101,cap_t,0.15,0.0391305,0.23278231,0.23273493,128,-0.44071915,0.28100846,,,0.3022915,0.77576667,0.20336609,0.19395323,0.20398176,0.19451108,20,20,0.014005304,100,1e-07,1,symmetric,base_rate,0.509229,,21250,3750,2524,103,2627,2962,358.82493,335,2969,0.12155841,0.15518624,0.12155841,0.15518624,0.30529663,0.26465014,0.26497325,cap,7.7596071,-8.2427908,11.117653,15.011039,0.51692671,linear,0.70678733,10.978701,,,-2.9416221,-3.8829078,0.17349333,1.8307086
kuairand,high,101,cap_t,0.25,0.038999279,0.23200623,0.22927749,16,-0.32941361,0.30444915,,,0.30282582,0.77478364,0.20002504,0.19075636,0.20145991,0.19189907,20,20,0.014005304,100,1e-07,1,symmetric,base_rate,0.51491618,,18750,6250,2228,165,2393,2962,598.04155,569,4243,0.12155841,0.15518624,0.12155841,0.15518624,0.30529663,0.26465014,0.26497325,cap,7.681999,-8.2559129,10.771908,15.011039,0.51175665,linear,0.69971837,10.978701,,,-3.1981186,-4.1249872,0.17349333,1.8307086
kuairand,high,101,dm,,0.20679913,0.20684495,,,0.9052846,0.92187697,0.22146265,0.21961796,,,,,,,20,,0.0018834766,27,,,,,,14.330389,,,,,,,,,,,,0.12155841,0.15518624,0.30529663,0.26465014,0.26497325,reference,5.1658713,8.5240723,,15.011039,0.34413816,linear,0.47053573,10.978701,1.4663521,1.2818826,,,0.17349333,1.8307086
kuairand,high,101,dm_own,,0.2077514,0.20778884,,,0.72417276,0.77366821,0.2209581,0.21910906,,,,,,,20,,0.00095490948,23,,,,,,7.5070438,,,,,,,,,,,,0.12155841,0.15518624,0.30529663,0.26465014,0.26497325,reference,5.2602604,8.6192987,,15.011039,0.35042614,linear,0.47913321,10.978701,1.3206704,1.1357666,,,0.17349333,1.8307086
kuairand,high,101,native_avg,0,0.026223213,0.17349333,,,-0.035097282,0,,,0.32355564,0.7275419,,,,,20,19,0.08281329,300,0.001,0,one_way,,0.00079315953,,25000,0,2962,0,2962,2962,0,0,0,0.12155841,0.15518624,0.12155841,0.15518624,0.30529663,0.26465014,0.26497325,native,1.8307086,-9.5335195,,15.011039,0.12195749,ceiling,0.12195749,10.978701,,,,,0.17349333,1.8307086
kuairand,high,101,native_avg,0.01,0.026221995,0.17349333,,,-0.034977572,0,,,0.32362488,0.72725502,,,,,20,19,0.08281329,300,0.001,0,one_way,,0.00095209631,,24750,250,2927,12,2939,2962,23.921662,23,245,0.12155841,0.15518624,0.12155841,0.15518624,0.30529663,0.26465014,0.26497325,native,1.8307086,-9.5336413,,15.011039,0.12195749,ceiling,0.12195749,10.978701,,,,,0.17349333,1.8307086
kuairand,high,101,native_avg,0.05,0.026218044,0.17349333,,,-0.034579665,0,,,0.32370714,0.72716718,,,,,20,19,0.08281329,300,0.001,0,one_way,,0.00069942581,,23750,1250,2819,39,2858,2962,119.60831,104,1145,0.12155841,0.15518624,0.12155841,0.15518624,0.30529663,0.26465014,0.26497325,native,1.8307086,-9.5340364,,15.011039,0.12195749,ceiling,0.12195749,10.978701,,,,,0.17349333,1.8307086
kuairand,high,101,native_avg,0.1,0.026206373,0.17349333,,,-0.033412841,0,,,0.32394482,0.72626281,,,,,20,19,0.08281329,300,0.001,0,one_way,,0.00063377607,,22500,2500,2674,72,2746,2962,239.21662,216,2128,0.12155841,0.15518624,0.12155841,0.15518624,0.30529663,0.26465014,0.26497325,native,1.8307086,-9.5352035,,15.011039,0.12195749,ceiling,0.12195749,10.978701,,,,,0.17349333,1.8307086
kuairand,high,101,native_avg,0.15,0.026195857,0.17349333,,,-0.032361158,0,,,0.32433029,0.72555876,,,,,20,19,0.08281329,300,0.001,0,one_way,,0.00064667809,,21250,3750,2524,103,2627,2962,358.82493,335,2969,0.12155841,0.15518624,0.12155841,0.15518624,0.30529663,0.26465014,0.26497325,native,1.8307086,-9.5362551,,15.011039,0.12195749,ceiling,0.12195749,10.978701,,,,,0.17349333,1.8307086
kuairand,high,101,native_avg,0.25,0.027067219,0.17349333,,,-0.1194964,0,,,0.31692483,0.7255854,,,,,20,19,0.11459725,300,0,0.1,one_way,,-1.8228774,,18750,6250,2228,165,2393,2962,598.04155,569,4243,0.12155841,0.15518624,0.12155841,0.15518624,0.30529663,0.26465014,0.26497325,native,1.8307086,-9.4491189,,15.011039,0.12195749,ceiling,0.12195749,10.978701,,,,,0.17349333,1.8307086
kuairand,high,101,native_prod_c,0,0.02690719,0.17349333,,,-0.055684486,0,,,0.31603791,0.73093624,,,,,20,20,0.47985917,100,0.0001,10,one_way,,1.9818723,,25000,0,2962,0,2962,2962,0,0,0,0.12155841,0.15518624,0.12155841,0.15518624,0.30529663,0.26465014,0.26497325,native,1.8307086,-9.4651218,,15.011039,0.12195749,ceiling,0.12195749,10.978701,,,,,0.17349333,1.8307086
kuairand,high,101,native_prod_c,0.01,0.02690427,0.17349333,,,-0.055269329,0,,,0.3161461,0.73057306,,,,,20,20,0.47985917,100,0.0001,10,one_way,,0.25299776,,24750,250,2927,12,2939,2962,23.921662,23,245,0.12155841,0.15518624,0.12155841,0.15518624,0.30529663,0.26465014,0.26497325,native,1.8307086,-9.4654138,,15.011039,0.12195749,ceiling,0.12195749,10.978701,,,,,0.17349333,1.8307086
kuairand,high,101,native_prod_c,0.05,0.026931339,0.17349333,,,-0.056771882,0,,,0.31618447,0.73060242,,,,,20,20,0.47985917,100,0.0001,10,one_way,,0.079133838,,23750,1250,2819,39,2858,2962,119.60831,104,1145,0.12155841,0.15518624,0.12155841,0.15518624,0.30529663,0.26465014,0.26497325,native,1.8307086,-9.4627069,,15.011039,0.12195749,ceiling,0.12195749,10.978701,,,,,0.17349333,1.8307086
kuairand,high,101,native_prod_c,0.1,0.02695765,0.17349333,,,-0.058805727,0,,,0.31633355,0.72990083,,,,,20,20,0.47985917,100,0.0001,10,one_way,,0.047207624,,22500,2500,2674,72,2746,2962,239.21662,216,2128,0.12155841,0.15518624,0.12155841,0.15518624,0.30529663,0.26465014,0.26497325,native,1.8307086,-9.4600758,,15.011039,0.12195749,ceiling,0.12195749,10.978701,,,,,0.17349333,1.8307086
kuairand,high,101,native_prod_c,0.15,0.026978752,0.17349333,,,-0.059885569,0,,,0.31672373,0.72944336,,,,,20,20,0.47985917,100,0.0001,10,one_way,,0.30162862,,21250,3750,2524,103,2627,2962,358.82493,335,2969,0.12155841,0.15518624,0.12155841,0.15518624,0.30529663,0.26465014,0.26497325,native,1.8307086,-9.4579656,,15.011039,0.12195749,ceiling,0.12195749,10.978701,,,,,0.17349333,1.8307086
kuairand,high,101,native_prod_c,0.25,0.027031773,0.17349333,,,-0.060371489,0,,,0.31795767,0.72690425,,,,,20,20,0.47985917,100,0.0001,10,one_way,,0.16314439,,18750,6250,2228,165,2393,2962,598.04155,569,4243,0.12155841,0.15518624,0.12155841,0.15518624,0.30529663,0.26465014,0.26497325,native,1.8307086,-9.4526635,,15.011039,0.12195749,ceiling,0.12195749,10.978701,,,,,0.17349333,1.8307086
kuairand,high,101,native_prod_t,0,0.02587176,0.026162876,,,3.3485056e-07,0.16564339,,,0.36107419,0.59833016,,,,,20,20,0.00139426,100,1e-05,0.1,one_way,,2.7521435e-05,,25000,0,2962,0,2962,2962,0,0,0,0.12155841,0.15518624,0.12155841,0.15518624,0.30529663,0.26465014,0.26497325,native,-12.902336,-9.5686648,,15.011039,-0.8595232,ceiling,-0.8595232,10.978701,,,,,0.17349333,1.8307086
kuairand,high,101,native_prod_t,0.01,0.025871769,0.046885403,,,-1.0619736e-06,0,,,0.36107235,0.59899139,,,,,20,20,0.00139426,100,1e-05,0.1,one_way,,2.1221182e-05,,24750,250,2927,12,2939,2962,23.921662,23,245,0.12155841,0.15518624,0.12155841,0.15518624,0.30529663,0.26465014,0.26497325,native,-10.830084,-9.5686638,,15.011039,-0.72147462,ceiling,-0.72147462,10.978701,,,,,0.17349333,1.8307086
kuairand,high,101,native_prod_t,0.05,0.025871772,0.018549351,,,5.1168908e-06,0.52116945,,,0.36111234,0.57482233,,,,,20,20,0.00139426,100,1e-05,0.1,one_way,,2.1033909e-05,,23750,1250,2819,39,2858,2962,119.60831,104,1145,0.12155841,0.15518624,0.12155841,0.15518624,0.30529663,0.26465014,0.26497325,native,-13.663689,-9.5686636,,15.011039,-0.9102427,ceiling,-0.9102427,10.978701,,,,,0.17349333,1.8307086
kuairand,high,101,native_prod_t,0.1,0.025871777,0.022454276,,,5.345366e-06,1.9790583,,,0.36128558,0.57546369,,,,,20,20,0.00139426,100,1e-05,0.1,one_way,,9.2886194e-06,,22500,2500,2674,72,2746,2962,239.21662,216,2128,0.12155841,0.15518624,0.12155841,0.15518624,0.30529663,0.26465014,0.26497325,native,-13.273196,-9.5686631,,15.011039,-0.88422902,ceiling,-0.88422902,10.978701,,,,,0.17349333,1.8307086
kuairand,high,101,native_prod_t,0.15,0.025871775,0.025639103,,,3.1743098e-06,0.31896281,,,0.36163588,0.56998958,,,,,20,20,0.00139426,100,1e-05,0.1,one_way,,2.246265e-06,,21250,3750,2524,103,2627,2962,358.82493,335,2969,0.12155841,0.15518624,0.12155841,0.15518624,0.30529663,0.26465014,0.26497325,native,-12.954714,-9.5686632,,15.011039,-0.86301245,ceiling,-0.86301245,10.978701,,,,,0.17349333,1.8307086
kuairand,high,101,native_prod_t,0.25,0.025871795,0.042244859,,,9.2847513e-05,0,,,0.36285528,0.54989124,,,,,20,20,0.00139426,100,1e-05,0.1,one_way,,-1.833474e-05,,18750,6250,2228,165,2393,2962,598.04155,569,4243,0.12155841,0.15518624,0.12155841,0.15518624,0.30529663,0.26465014,0.26497325,native,-11.294138,-9.5686613,,15.011039,-0.75238882,ceiling,-0.75238882,10.978701,,,,,0.17349333,1.8307086
kuairand,high,101,no_prop,,0.18003782,0.18027886,,,0.067994015,0.14061894,0.053545579,0.050461048,,,,,,,20,,0.0014530375,13,,,,,,8.9266386,,,,,,,,,,,,0.12155841,0.15518624,0.30529663,0.26465014,0.26497325,reference,2.5092624,5.8479415,,15.011039,0.16716114,linear,0.2285573,10.978701,-12.649224,-12.957678,,,0.17349333,1.8307086
kuairand,high,101,opc,,0.22403284,0.22400647,,,0,0,0.21241049,0.20348863,,,,,,,20,,0.0018834766,27,,,,,,27.006987,,,,,,,,,,,,0.12155841,0.15518624,0.30529663,0.26465014,0.26497325,reference,6.8820232,10.247443,,15.011039,0.45846414,linear,0.6268522,10.978701,-1.1622341,-2.0544204,,,0.17349333,1.8307086
kuairand,high,101,opc_raw,,0.217059,0.2170202,,,0,0,0.20228915,0.19336313,,,,,,,20,,0.0018834766,27,,,,,,37.693108,,,,,,,,,,,,0.12155841,0.15518624,0.30529663,0.26465014,0.26497325,reference,6.183396,9.5500592,,15.011039,0.41192325,linear,0.56321743,10.978701,-1.4769851,-2.3695866,,,0.17349333,1.8307086
kuairand,high,101,tempered_logger,,0.15464858,0.15518624,,,0.064155353,0,0.14265145,0.13378503,,,,,,,20,,,-1,,,,,,4.6439137,,,,,,,,,,,,0.12155841,0.15518624,0.30529663,0.26465014,0.26497325,reference,-1.110223e-14,3.3090169,,15.011039,-7.3960438e-16,linear,-1.0112517e-15,10.978701,-1.1997123,-2.0863549,,,0.17349333,1.8307086
kuairand,high,101,warm_c,0,0.034007036,0.20547541,0.20543686,64,0,0,,,0.31104846,0.75216374,0.19730345,0.1881809,0.19739473,0.18827379,20,20,0.14212818,10,0.001,0.01,symmetric,zero,1.2626669,,25000,0,2962,0,2962,2962,0,0,0,0.12155841,0.15518624,0.12155841,0.15518624,0.30529663,0.26465014,0.26497325,warm,5.0289165,-8.7551372,8.3878451,15.011039,0.33501455,ceiling,0.33501455,10.978701,,,-0.81719599,-1.72945,0.17349333,1.8307086
kuairand,high,101,warm_c,0.01,0.033977101,0.20529437,0.20518799,64,0,0,,,0.31109949,0.75209966,0.19782279,0.18881079,0.19884008,0.18976936,20,20,0.14212818,10,0.001,0.01,symmetric,zero,1.2593589,,24750,250,2927,12,2939,2962,23.921662,23,245,0.12155841,0.15518624,0.12155841,0.15518624,0.30529663,0.26465014,0.26497325,warm,5.0108132,-8.7581307,8.3629579,15.011039,0.33380855,ceiling,0.33380855,10.978701,,,-0.74715841,-1.6483581,0.17349333,1.8307086
kuairand,high,101,warm_c,0.05,0.034104815,0.20461869,0.20445068,32,0,0,,,0.31113993,0.75202461,0.19462147,0.18566685,0.19707166,0.18797458,20,20,0.14212818,10,0.001,0.01,symmetric,zero,1.2764951,,23750,1250,2819,39,2858,2962,119.60831,104,1145,0.12155841,0.15518624,0.12155841,0.15518624,0.30529663,0.26465014,0.26497325,warm,4.9432454,-8.7453593,8.289227,15.011039,0.32930734,ceiling,0.32930734,10.978701,,,-0.99972242,-1.8951842,0.17349333,1.8307086
kuairand,high,101,warm_c,0.1,0.03411422,0.20433908,0.20405576,32,0,0,,,0.31128863,0.7518546,0.19403279,0.18500116,0.19531736,0.18618332,20,20,0.14212818,10,0.001,0.01,symmetric,zero,1.2808757,,22500,2500,2674,72,2746,2962,239.21662,216,2128,0.12155841,0.15518624,0.12155841,0.15518624,0.30529663,0.26465014,0.26497325,warm,4.9152844,-8.7444187,8.2497351,15.011039,0.32744465,ceiling,0.32744465,10.978701,,,-1.0306289,-1.933792,0.17349333,1.8307086
kuairand,high,101,warm_c,0.15,0.034103076,0.20408231,0.20366416,32,0,0,,,0.31147677,0.75151961,0.19264095,0.18346941,0.19356988,0.18443434,20,20,0.14212818,10,0.001,0.01,symmetric,zero,1.2826539,,21250,3750,2524,103,2627,2962,358.82493,335,2969,0.12155841,0.15518624,0.12155841,0.15518624,0.30529663,0.26465014,0.26497325,warm,4.8896074,-8.7455331,8.2105754,15.011039,0.32573411,ceiling,0.32573411,10.978701,,,-1.1441359,-2.0612908,0.17349333,1.8307086
kuairand,high,101,warm_c,0.25,0.034228343,0.20327788,0.20329362,64,0,0,,,0.3118554,0.75088919,0.19367875,0.1844149,0.19372967,0.18454761,20,20,0.14212818,10,0.001,0.01,symmetric,zero,1.2992246,,18750,6250,2228,165,2393,2962,598.04155,569,4243,0.12155841,0.15518624,0.12155841,0.15518624,0.30529663,0.26465014,0.26497325,warm,4.8091637,-8.7330065,8.1735215,15.011039,0.32037514,ceiling,0.32037514,10.978701,,,-0.95991244,-1.8862973,0.17349333,1.8307086
kuairand,high,101,warm_t,0,0.033413569,0.16227297,0.16203407,32,0,0,,,0.31983495,0.74298221,0.14917026,0.13950051,0.14920226,0.13992281,20,20,0.14212818,10,0.001,0.01,symmetric,zero,1.2626669,,25000,0,2962,0,2962,2962,0,0,0,0.12155841,0.15518624,0.12155841,0.15518624,0.30529663,0.26465014,0.26497325,warm,0.70867302,-8.8144839,4.0475659,15.011039,0.047210124,ceiling,0.047210124,10.978701,,,-1.3102715,-2.277246,0.17349333,1.8307086
kuairand,high,101,warm_t,0.01,0.033389558,0.16255708,0.16207912,32,0,0,,,0.31980695,0.74298422,0.14910847,0.13944503,0.14924645,0.1399732,20,20,0.14212818,10,0.001,0.01,symmetric,zero,1.2593589,,24750,250,2927,12,2939,2962,23.921662,23,245,0.12155841,0.15518624,0.12155841,0.15518624,0.30529663,0.26465014,0.26497325,warm,0.7370839,-8.816885,4.0520712,15.011039,0.04910279,ceiling,0.04910279,10.978701,,,-1.3448604,-2.3112045,0.17349333,1.8307086
kuairand,high,101,warm_t,0.05,0.033521757,0.16298438,0.16250611,32,0,0,,,0.3191363,0.74327838,0.14892643,0.1392793,0.14938739,0.1400869,20,20,0.14212818,10,0.001,0.01,symmetric,zero,1.2764951,,23750,1250,2819,39,2858,2962,119.60831,104,1145,0.12155841,0.15518624,0.12155841,0.15518624,0.30529663,0.26465014,0.26497325,warm,0.77981428,-8.8036651,4.0947698,15.011039,0.051949387,ceiling,0.051949387,10.978701,,,-1.4057952,-2.3705085,0.17349333,1.8307086
kuairand,high,101,warm_t,0.1,0.033557382,0.16322954,0.16270707,32,0,0,,,0.31884187,0.74342833,0.14911743,0.13946742,0.14942348,0.14011416,20,20,0.14212818,10,0.001,0.01,symmetric,zero,1.2808757,,22500,2500,2674,72,2746,2962,239.21662,216,2128,0.12155841,0.15518624,0.12155841,0.15518624,0.30529663,0.26465014,0.26497325,warm,0.80433044,-8.8001026,4.1148665,15.011039,0.053582596,ceiling,0.053582596,10.978701,,,-1.4112118,-2.3762126,0.17349333,1.8307086
kuairand,high,101,warm_t,0.15,0.033570994,0.16327251,0.16329815,4096,0,0,,,0.31870661,0.74333282,0.15027804,0.140608,0.15020525,0.14054035,20,20,0.14212818,10,0.001,0.01,symmetric,zero,1.2826539,,21250,3750,2524,103,2627,2962,358.82493,335,2969,0.12155841,0.15518624,0.12155841,0.15518624,0.30529663,0.26465014,0.26497325,warm,0.8086272,-8.7987413,4.1739743,15.011039,0.053868835,ceiling,0.053868835,10.978701,,,-1.2994471,-2.2664514,0.17349333,1.8307086
kuairand,high,101,warm_t,0.25,0.033700428,0.16344579,0.16286794,32,0,0,,,0.31839193,0.74317853,0.14892981,0.13932811,0.14901648,0.13971384,20,20,0.14212818,10,0.001,0.01,symmetric,zero,1.2992246,,18750,6250,2228,165,2393,2962,598.04155,569,4243,0.12155841,0.15518624,0.12155841,0.15518624,0.30529663,0.26465014,0.26497325,warm,0.82595503,-8.785798,4.130953,15.011039,0.055023175,ceiling,0.055023175,10.978701,,,-1.4515985,-2.4117676,0.17349333,1.8307086
ml,high,100,cap_c,0,0.037892304,0.15525679,0.15498062,32,0.31737411,0.41506586,,,0.28472253,0.67263142,0.14753649,0.13804692,0.15186778,0.14195753,20,20,0.0040295735,300,1e-06,100,one_way,base_rate,0.26629418,,25000,0,2243,0,2243,2243,0,0,0,0.090860242,0.11265929,0.090860242,0.11265929,0.30298334,0.25008218,0.25029783,cap,4.2597503,-5.2967938,6.4120378,19.032405,0.22381565,linear,0.3094882,13.763854,,,-0.77203052,-1.7209876,0.17069688,5.8037593
ml,high,100,cap_c,0.01,0.038143386,0.15504182,0.15469758,32,0.3125825,0.40528747,,,0.28466854,0.67261062,0.14988577,0.14044774,0.15291525,0.14305121,20,20,0.0040295735,300,1e-06,100,one_way,base_rate,0.26888144,,24750,250,2215,5,2220,2243,16.116007,23,242,0.090860242,0.11265929,0.090860242,0.11265929,0.30298334,0.25008218,0.25029783,cap,4.2382536,-5.2716856,6.3837342,19.032405,0.22268617,linear,0.30792637,13.763854,,,-0.51560514,-1.4594084,0.17069688,5.8037593
ml,high,100,cap_c,0.05,0.038649995,0.15497563,0.1543937,32,0.305795,0.37388324,,,0.28456139,0.67302048,0.1500126,0.14065527,0.15224849,0.14244202,20,20,0.0040295735,300,1e-06,100,one_way,base_rate,0.27544439,,23750,1250,2123,31,2154,2243,80.580035,89,1045,0.090860242,0.11265929,0.090860242,0.11265929,0.30298334,0.25008218,0.25029783,cap,4.2316342,-5.2210248,6.3533457,19.032405,0.22233838,linear,0.30744545,13.763854,,,-0.49630284,-1.4320365,0.17069688,5.8037593
ml,high,100,cap_c,0.1,0.03896123,0.15487477,0.15509064,32,0.27664201,0.33376909,,,0.28461514,0.67280999,0.14861222,0.13934839,0.15155745,0.14186391,20,20,0.0040295735,300,1e-06,100,one_way,base_rate,0.2783266,,22500,2500,2007,67,2074,2243,161.16007,169,1800,0.090860242,0.11265929,0.090860242,0.11265929,0.30298334,0.25008218,0.25029783,cap,4.2215478,-5.1899013,6.4230396,19.032405,0.22180842,linear,0.30671263,13.763854,,,-0.62625453,-1.5526377,0.17069688,5.8037593
ml,high,100,cap_c,0.15,0.039369701,0.15428538,0.15425398,4096,0.26542738,0.49817432,,,0.28459723,0.67305673,0.15000244,0.14062963,0.15036595,0.14095301,20,20,0.0040295735,300,1e-06,100,one_way,base_rate,0.28237239,,21250,3750,1902,101,2003,2243,241.7401,240,2313,0.090860242,0.11265929,0.090860242,0.11265929,0.30298334,0.25008218,0.25029783,cap,4.1626092,-5.1490541,6.3393736,19.032405,0.21871167,linear,0.3024305,13.763854,,,-0.42829443,-1.3655747,0.17069688,5.8037593
ml,high,100,cap_c,0.25,0.039869033,0.15687615,0.15689867,512,0.21636281,0.6186585,,,0.28473303,0.67316451,0.15512965,0.14564426,0.15566966,0.14610035,20,20,0.0040295735,300,1e-06,100,one_way,base_rate,0.27893129,,18750,6250,1705,165,1870,2243,402.90017,373,2966,0.090860242,0.11265929,0.090860242,0.11265929,0.30298334,0.25008218,0.25029783,cap,4.4216859,-5.0991209,6.6038426,19.032405,0.23232407,linear,0.32125348,13.763854,,,-0.17464994,-1.1231885,0.17069688,5.8037593
ml,high,100,cap_t,0,0.037892118,0.1552972,0.15497995,32,0.61876303,0.28044273,,,0.28472262,0.67263082,0.14747567,0.13798522,0.15186521,0.14195492,20,20,0.0040295735,300,1e-06,100,one_way,base_rate,0.26629418,,25000,0,2243,0,2243,2243,0,0,0,0.090860242,0.11265929,0.090860242,0.11265929,0.30298334,0.25008218,0.25029783,cap,4.2637907,-5.2968124,6.4119706,19.032405,0.22402795,linear,0.30978175,13.763854,,,-0.78215235,-1.7311978,0.17069688,5.8037593
ml,high,100,cap_t,0.01,0.038143057,0.15500008,0.1546973,32,0.62097725,0.23711851,,,0.28466852,0.67260863,0.14990885,0.14047082,0.15291572,0.1430516,20,20,0.0040295735,300,1e-06,100,one_way,base_rate,0.26888144,,24750,250,2215,5,2220,2243,16.116007,23,242,0.090860242,0.11265929,0.090860242,0.11265929,0.30298334,0.25008218,0.25029783,cap,4.234079,-5.2717186,6.3837057,19.032405,0.22246684,linear,0.30762307,13.763854,,,-0.50912266,-1.4529259,0.17069688,5.8037593
ml,high,100,cap_t,0.05,0.038649914,0.15497563,0.15439346,32,0.54650339,0.103839,,,0.28456173,0.67302045,0.1500126,0.14065527,0.15225086,0.14244397,20,20,0.0040295735,300,1e-06,100,one_way,base_rate,0.27544439,,23750,1250,2123,31,2154,2243,80.580035,89,1045,0.090860242,0.11265929,0.090860242,0.11265929,0.30298334,0.25008218,0.25029783,cap,4.2316342,-5.2210329,6.3533217,19.032405,0.22233838,linear,0.30744545,13.763854,,,-0.49630284,-1.4320365,0.17069688,5.8037593
ml,high,100,cap_t,0.1,0.038961134,0.15488376,0.15508885,32,0,0,,,0.28461517,0.67281075,0.14861222,0.13934839,0.15155512,0.14186205,20,20,0.0040295735,300,1e-06,100,one_way,base_rate,0.2783266,,22500,2500,2007,67,2074,2243,161.16007,169,1800,0.090860242,0.11265929,0.090860242,0.11265929,0.30298334,0.25008218,0.25029783,cap,4.222447,-5.1899108,6.4228607,19.032405,0.22185567,linear,0.30677796,13.763854,,,-0.62715375,-1.5535369,0.17069688,5.8037593
ml,high,100,cap_t,0.15,0.039370374,0.15428633,0.15424948,4096,0.40200919,0.0019366419,,,0.28459767,0.67305638,0.15000129,0.14062849,0.15036263,0.14095002,20,20,0.0040295735,300,1e-06,100,one_way,base_rate,0.28237239,,21250,3750,1902,101,2003,2243,241.7401,240,2313,0.090860242,0.11265929,0.090860242,0.11265929,0.30298334,0.25008218,0.25029783,cap,4.1627039,-5.1489868,6.3389235,19.032405,0.21871664,linear,0.30243738,13.763854,,,-0.42850328,-1.3657835,0.17069688,5.8037593
ml,high,100,cap_t,0.25,0.039868768,0.15687615,0.15690995,1024,0.32727123,0.15018374,,,0.28473295,0.67316397,0.15512965,0.14564426,0.15566023,0.14610812,20,20,0.0040295735,300,1e-06,100,one_way,base_rate,0.27893129,,18750,6250,1705,165,1870,2243,402.90017,373,2966,0.090860242,0.11265929,0.090860242,0.11265929,0.30298334,0.25008218,0.25029783,cap,4.4216859,-5.0991474,6.6049709,19.032405,0.23232407,linear,0.32125348,13.763854,,,-0.17464994,-1.1231885,0.17069688,5.8037593
ml,high,100,dm,,0.16893083,0.16904627,,,0.0034517089,0.011569464,0.16356684,0.1628989,,,,,,,20,,0.00065131976,25,,,,,,8.0294828,,,,,,,,,,,,0.090860242,0.11265929,0.30298334,0.25008218,0.25029783,reference,5.638698,7.8070588,,19.032405,0.29626828,linear,0.40967436,13.763854,-0.53639874,-0.60319289,,,0.17069688,5.8037593
ml,high,100,dm_own,,0.16899353,0.16915826,,,0,0,0.16258359,0.16190789,,,,,,,20,,0.00042218227,21,,,,,,5.4560418,,,,,,,,,,,,0.090860242,0.11265929,0.30298334,0.25008218,0.25029783,reference,5.6498967,7.8133283,,19.032405,0.29685668,linear,0.41048799,13.763854,-0.64099356,-0.70856316,,,0.17069688,5.8037593
ml,high,100,native_avg,0,0.026937549,0.11373429,,,-0.045852363,0.0012028135,,,0.29364183,0.61933502,,,,,20,19,0.68508528,10,1e-06,0.1,one_way,,0.016959976,,25000,0,2243,0,2243,2243,0,0,0,0.090860242,0.11265929,0.090860242,0.11265929,0.30298334,0.25008218,0.25029783,native,0.10749975,-6.3922694,,19.032405,0.0056482483,ceiling,0.0056482483,13.763854,,,,,0.17069688,5.8037593
ml,high,100,native_avg,0.01,0.026939209,0.11373429,,,-0.030415447,0,,,0.29363747,0.61900396,,,,,20,19,0.68508528,10,1e-06,0.1,one_way,,0.0083777625,,24750,250,2215,5,2220,2243,16.116007,23,242,0.090860242,0.11265929,0.090860242,0.11265929,0.30298334,0.25008218,0.25029783,native,0.10749975,-6.3921034,,19.032405,0.0056482483,ceiling,0.0056482483,13.763854,,,,,0.17069688,5.8037593
ml,high,100,native_avg,0.05,0.026913191,0.11373429,,,-0.028831259,0,,,0.29383543,0.6180185,,,,,20,19,0.68508528,10,1e-06,0.1,one_way,,0.011652187,,23750,1250,2123,31,2154,2243,80.580035,89,1045,0.090860242,0.11265929,0.090860242,0.11265929,0.30298334,0.25008218,0.25029783,native,0.10749975,-6.3947051,,19.032405,0.0056482483,ceiling,0.0056482483,13.763854,,,,,0.17069688,5.8037593
ml,high,100,native_avg,0.1,0.026887962,0.11373429,,,-0.027363392,0,,,0.29410486,0.61531352,,,,,20,19,0.68508528,10,1e-06,0.1,one_way,,0.015941799,,22500,2500,2007,67,2074,2243,161.16007,169,1800,0.090860242,0.11265929,0.090860242,0.11265929,0.30298334,0.25008218,0.25029783,native,0.10749975,-6.397228,,19.032405,0.0056482483,ceiling,0.0056482483,13.763854,,,,,0.17069688,5.8037593
ml,high,100,native_avg,0.15,0.028091116,0.11373429,,,-0.14862922,0,,,0.29244594,0.61891471,,,,,20,19,0.386366,300,0.0001,0.1,one_way,,2.5481737,,21250,3750,1902,101,2003,2243,241.7401,240,2313,0.090860242,0.11265929,0.090860242,0.11265929,0.30298334,0.25008218,0.25029783,native,0.10749975,-6.2769126,,19.032405,0.0056482483,ceiling,0.0056482483,13.763854,,,,,0.17069688,5.8037593
ml,high,100,native_avg,0.25,0.028007632,0.11373429,,,-0.1421188,0,,,0.29261713,0.61788942,,,,,20,19,0.386366,300,0.0001,0.1,one_way,,1.1015139,,18750,6250,1705,165,1870,2243,402.90017,373,2966,0.090860242,0.11265929,0.090860242,0.11265929,0.30298334,0.25008218,0.25029783,native,0.10749975,-6.285261,,19.032405,0.0056482483,ceiling,0.0056482483,13.763854,,,,,0.17069688,5.8037593
ml,high,100,native_prod_c,0,0.027898391,0.11373429,,,-0.14915707,0,,,0.29136262,0.62383112,,,,,20,20,0.069006971,300,0,1,one_way,,0.00021146228,,25000,0,2243,0,2243,2243,0,0,0,0.090860242,0.11265929,0.090860242,0.11265929,0.30298334,0.25008218,0.25029783,native,0.10749975,-6.2961852,,19.032405,0.0056482483,ceiling,0.0056482483,13.763854,,,,,0.17069688,5.8037593
ml,high,100,native_prod_c,0.01,0.027913068,0.11373429,,,-0.15060764,0,,,0.29134569,0.623678,,,,,20,20,0.069006971,300,0,1,one_way,,0.0033147163,,24750,250,2215,5,2220,2243,16.116007,23,242,0.090860242,0.11265929,0.090860242,0.11265929,0.30298334,0.25008218,0.25029783,native,0.10749975,-6.2947175,,19.032405,0.0056482483,ceiling,0.0056482483,13.763854,,,,,0.17069688,5.8037593
ml,high,100,native_prod_c,0.05,0.027947281,0.11373429,,,-0.15546736,5.6962595,,,0.2915221,0.62347491,,,,,20,20,0.069006971,300,0,1,one_way,,0.00078100048,,23750,1250,2123,31,2154,2243,80.580035,89,1045,0.090860242,0.11265929,0.090860242,0.11265929,0.30298334,0.25008218,0.25029783,native,0.10749975,-6.2912961,,19.032405,0.0056482483,ceiling,0.0056482483,13.763854,,,,,0.17069688,5.8037593
ml,high,100,native_prod_c,0.1,0.027986435,0.11373429,,,-0.15933184,5.6962595,,,0.29187442,0.62192718,,,,,20,20,0.069006971,300,0,1,one_way,,0.0035828184,,22500,2500,2007,67,2074,2243,161.16007,169,1800,0.090860242,0.11265929,0.090860242,0.11265929,0.30298334,0.25008218,0.25029783,native,0.10749975,-6.2873808,,19.032405,0.0056482483,ceiling,0.0056482483,13.763854,,,,,0.17069688,5.8037593
ml,high,100,native_prod_c,0.15,0.028033869,0.11373429,,,-0.16401982,5.6962595,,,0.29205231,0.62199608,,,,,20,20,0.069006971,300,0,1,one_way,,0.0014863735,,21250,3750,1902,101,2003,2243,241.7401,240,2313,0.090860242,0.11265929,0.090860242,0.11265929,0.30298334,0.25008218,0.25029783,native,0.10749975,-6.2826374,,19.032405,0.0056482483,ceiling,0.0056482483,13.763854,,,,,0.17069688,5.8037593
ml,high,100,native_prod_c,0.25,0.028112298,0.11373429,,,-0.17175287,5.6962595,,,0.29244682,0.62366324,,,,,20,20,0.069006971,300,0,1,one_way,,0.014043985,,18750,6250,1705,165,1870,2243,402.90017,373,2966,0.090860242,0.11265929,0.090860242,0.11265929,0.30298334,0.25008218,0.25029783,native,0.10749975,-6.2747944,,19.032405,0.0056482483,ceiling,0.0056482483,13.763854,,,,,0.17069688,5.8037593
ml,high,100,native_prod_t,0,0.026396215,0.026161961,,,-5.377921e-08,0.21883727,,,0.2991553,0.56130829,,,,,20,20,0.049644208,300,1e-05,0.1,one_way,,0.012957705,,25000,0,2243,0,2243,2243,0,0,0,0.090860242,0.11265929,0.090860242,0.11265929,0.30298334,0.25008218,0.25029783,native,-8.6497328,-6.4464028,,19.032405,-0.45447397,ceiling,-0.45447397,13.763854,,,,,0.17069688,5.8037593
ml,high,100,native_prod_t,0.01,0.026398546,0.049041633,,,0.00017937016,2.3068963e-05,,,0.29932689,0.56221108,,,,,20,20,0.049644208,300,1e-05,0.1,one_way,,0.014001099,,24750,250,2215,5,2220,2243,16.116007,23,242,0.090860242,0.11265929,0.090860242,0.11265929,0.30298334,0.25008218,0.25029783,native,-6.3617656,-6.4461696,,19.032405,-0.33425967,ceiling,-0.33425967,13.763854,,,,,0.17069688,5.8037593
ml,high,100,native_prod_t,0.05,0.026398666,0.021978888,,,-0.00020725145,7.3360063,,,0.29967276,0.56618452,,,,,20,20,0.0054510265,300,1e-06,0.1,one_way,,-0.00050914247,,23750,1250,2123,31,2154,2243,80.580035,89,1045,0.090860242,0.11265929,0.090860242,0.11265929,0.30298334,0.25008218,0.25029783,native,-9.0680401,-6.4461577,,19.032405,-0.47645266,ceiling,-0.47645266,13.763854,,,,,0.17069688,5.8037593
ml,high,100,native_prod_t,0.1,0.026401123,0.029203832,,,-0.00047286745,6.4645243,,,0.2999013,0.57128262,,,,,20,20,0.0054510265,300,1e-06,0.1,one_way,,-0.00087626616,,22500,2500,2007,67,2074,2243,161.16007,169,1800,0.090860242,0.11265929,0.090860242,0.11265929,0.30298334,0.25008218,0.25029783,native,-8.3455457,-6.445912,,19.032405,-0.43849138,ceiling,-0.43849138,13.763854,,,,,0.17069688,5.8037593
ml,high,100,native_prod_t,0.15,0.026397439,0.027001863,,,3.882956e-05,9.5048992,,,0.29992679,0.54703748,,,,,20,20,0.62023116,1,1e-05,100,one_way,,-0.0072098472,,21250,3750,1902,101,2003,2243,241.7401,240,2313,0.090860242,0.11265929,0.090860242,0.11265929,0.30298334,0.25008218,0.25029783,native,-8.5657426,-6.4462803,,19.032405,-0.45006096,ceiling,-0.45006096,13.763854,,,,,0.17069688,5.8037593
ml,high,100,native_prod_t,0.25,0.026399177,0.04436162,,,0.00068418302,8.2704518,,,0.29999489,0.545043,,,,,20,20,0.62023116,1,1e-05,100,one_way,,-0.025158631,,18750,6250,1705,165,1870,2243,402.90017,373,2966,0.090860242,0.11265929,0.090860242,0.11265929,0.30298334,0.25008218,0.25029783,native,-6.8297669,-6.4461066,,19.032405,-0.35884938,ceiling,-0.35884938,13.763854,,,,,0.17069688,5.8037593
ml,high,100,no_prop,,0.12648927,0.12786334,,,0.28732705,0.19050105,0.024366841,0.022361463,,,,,,,20,,0.00029872196,9,,,,,,3.8162963,,,,,,,,,,,,0.090860242,0.11265929,0.30298334,0.25008218,0.25029783,reference,1.5204051,3.5629029,,19.032405,0.079885071,linear,0.11046362,13.763854,-10.212243,-10.412781,,,0.17069688,5.8037593
ml,high,100,opc,,0.15264974,0.15263032,,,0.34697273,0.34437125,0.14729831,0.13717775,,,,,,,20,,0.0011535577,11,,,,,,11.289844,,,,,,,,,,,,0.090860242,0.11265929,0.30298334,0.25008218,0.25029783,reference,3.9971029,6.17895,,19.032405,0.21001564,linear,0.29040579,13.763854,-0.53514359,-1.5471995,,,0.17069688,5.8037593
ml,high,100,opc_raw,,0.14247086,0.14254848,,,0.21544984,0.21045255,0.1376331,0.12757625,,,,,,,20,,0.001475565,26,,,,,,27.138638,,,,,,,,,,,,0.090860242,0.11265929,0.30298334,0.25008218,0.25029783,reference,2.9889189,5.1610621,,19.032405,0.15704367,linear,0.21715712,13.763854,-0.48377637,-1.4894609,,,0.17069688,5.8037593
ml,high,100,tempered_logger,,0.11274088,0.11265929,,,0.002840651,0,0.11433696,0.10426877,,,,,,,20,,,-1,,,,,,34.324417,,,,,,,,,,,,0.090860242,0.11265929,0.30298334,0.25008218,0.25029783,reference,-1.855615e-08,2.1880637,,19.032405,-9.7497659e-10,linear,-1.3481798e-09,13.763854,0.15960805,-0.84721054,,,0.17069688,5.8037593
ml,high,100,warm_c,0,0.036611114,0.14186135,0.13998134,16,0,0,,,0.28798024,0.65507356,0.12912036,0.11938961,0.13250118,0.12323211,20,18,0.055857864,100,1e-05,0.01,symmetric,zero,0.39455137,,25000,0,2243,0,2243,2243,0,0,0,0.090860242,0.11265929,0.090860242,0.11265929,0.30298334,0.25008218,0.25029783,warm,2.920206,-5.4249128,4.9121102,19.032405,0.15343336,ceiling,0.15343336,13.763854,,,-1.2740992,-2.2471734,0.17069688,5.8037593
ml,high,100,warm_c,0.01,0.03666629,0.14123775,0.13982862,16,0,0,,,0.28797613,0.65505826,0.13040795,0.12058241,0.1324393,0.12316834,20,18,0.055857864,100,1e-05,0.01,symmetric,zero,0.39647973,,24750,250,2215,5,2220,2243,16.116007,23,242,0.090860242,0.11265929,0.090860242,0.11265929,0.30298334,0.25008218,0.25029783,warm,2.8578458,-5.4193953,4.8968373,19.032405,0.15015684,ceiling,0.15015684,13.763854,,,-1.08298,-2.0655335,0.17069688,5.8037593
ml,high,100,warm_c,0.05,0.035375981,0.13795487,0.1349624,16,0.14287151,0.26165564,,,0.28808347,0.65226455,0.12974484,0.11964669,0.13038643,0.12115195,20,18,0.39967167,10,1e-07,0,symmetric,zero,0.35249647,,23750,1250,2123,31,2154,2243,80.580035,89,1045,0.090860242,0.11265929,0.090860242,0.11265929,0.30298334,0.25008218,0.25029783,warm,2.5295577,-5.5484261,4.4102154,19.032405,0.13290793,ceiling,0.13290793,13.763854,,,-0.82100265,-1.830818,0.17069688,5.8037593
ml,high,100,warm_c,0.1,0.03657054,0.140832,0.13801946,16,0,0,,,0.28811594,0.65405056,0.12799668,0.11809664,0.13047315,0.12109558,20,18,0.055857864,100,1e-05,0.01,symmetric,zero,0.39563498,,22500,2500,2007,67,2074,2243,161.16007,169,1800,0.090860242,0.11265929,0.090860242,0.11265929,0.30298334,0.25008218,0.25029783,warm,2.8172707,-5.4289702,4.7159222,19.032405,0.14802494,ceiling,0.14802494,13.763854,,,-1.2835313,-2.2735351,0.17069688,5.8037593
ml,high,100,warm_c,0.15,0.036592356,0.14012708,0.13752042,16,0,0,,,0.28822982,0.65360623,0.12884776,0.11890591,0.13076137,0.12138051,20,18,0.055857864,100,1e-05,0.01,symmetric,zero,0.39704353,,21250,3750,1902,101,2003,2243,241.7401,240,2313,0.090860242,0.11265929,0.090860242,0.11265929,0.30298334,0.25008218,0.25029783,warm,2.746779,-5.4267886,4.666018,19.032405,0.14432117,ceiling,0.14432117,13.763854,,,-1.1279322,-2.122117,0.17069688,5.8037593
ml,high,100,warm_c,0.25,0.036217651,0.13808052,0.13588514,16,1.2937963,0.21049866,,,0.28821416,0.65379758,0.13257777,0.12253213,0.13546699,0.12583583,20,18,0.055857864,100,1e-05,0.01,symmetric,zero,0.38594165,,18750,6250,1705,165,1870,2243,402.90017,373,2966,0.090860242,0.11265929,0.090860242,0.11265929,0.30298334,0.25008218,0.25029783,warm,2.5421229,-5.4642591,4.5024895,19.032405,0.13356814,ceiling,0.13356814,13.763854,,,-0.55027465,-1.5548388,0.17069688,5.8037593
ml,high,100,warm_t,0,0.035938314,0.11856032,0.11849679,4096,0,0,,,0.28999,0.6430479,0.12242513,0.1118536,0.12226927,0.11169997,20,18,0.055857864,100,1e-05,0.01,symmetric,zero,0.39455137,,25000,0,2243,0,2243,2243,0,0,0,0.090860242,0.11265929,0.090860242,0.11265929,0.30298334,0.25008218,0.25029783,warm,0.59010305,-5.4921928,2.7636552,19.032405,0.031005175,ceiling,0.031005175,13.763854,,,0.38648076,-0.67067217,0.17069688,5.8037593
ml,high,100,warm_t,0.01,0.035996215,0.11834964,0.11830974,512,0,0,,,0.28996631,0.64321491,0.12181048,0.11127254,0.12204228,0.11150707,20,18,0.055857864,100,1e-05,0.01,symmetric,zero,0.39647973,,24750,250,2215,5,2220,2243,16.116007,23,242,0.090860242,0.11265929,0.090860242,0.11265929,0.30298334,0.25008218,0.25029783,warm,0.56903532,-5.4864028,2.7449494,19.032405,0.029898234,ceiling,0.029898234,13.763854,,,0.3460836,-0.70770994,0.17069688,5.8037593
ml,high,100,warm_t,0.05,0.036179245,0.11802589,0.1180832,512,0,0,,,0.29000229,0.64326758,0.12076643,0.11024988,0.12152629,0.11099611,20,18,0.055857864,100,1e-05,0.01,symmetric,zero,0.40228826,,23750,1250,2123,31,2154,2243,80.580035,89,1045,0.090860242,0.11265929,0.090860242,0.11265929,0.30298334,0.25008218,0.25029783,warm,0.53665971,-5.4680997,2.7222958,19.032405,0.028197156,ceiling,0.028197156,13.763854,,,0.27405441,-0.77760027,0.17069688,5.8037593
ml,high,100,warm_t,0.1,0.035998096,0.11864711,0.11858112,2048,0,0,,,0.28988884,0.64348705,0.12139249,0.11089866,0.12182923,0.11130859,20,18,0.055857864,100,1e-05,0.01,symmetric,zero,0.39563498,,22500,2500,2007,67,2074,2243,161.16007,169,1800,0.090860242,0.11265929,0.090860242,0.11265929,0.30298334,0.25008218,0.25029783,warm,0.59878176,-5.4862147,2.7720879,19.032405,0.031461171,ceiling,0.031461171,13.763854,,,0.27453797,-0.7748446,0.17069688,5.8037593
ml,high,100,warm_t,0.15,0.03604892,0.11872356,0.11877098,4096,0,0,,,0.28999373,0.64323265,0.12205805,0.11148053,0.1219845,0.11140824,20,18,0.055857864,100,1e-05,0.01,symmetric,zero,0.39704353,,21250,3750,1902,101,2003,2243,241.7401,240,2313,0.090860242,0.11265929,0.090860242,0.11265929,0.30298334,0.25008218,0.25029783,warm,0.60642714,-5.4811322,2.7910735,19.032405,0.031862874,ceiling,0.031862874,13.763854,,,0.33344876,-0.7243026,0.17069688,5.8037593
ml,high,100,warm_t,0.25,0.03573928,0.11805343,0.11803958,1024,1.1616828,0.096743045,,,0.28997027,0.64324439,0.11740797,0.10712796,0.11765062,0.10736869,20,18,0.055857864,100,1e-05,0.01,symmetric,zero,0.38594165,,18750,6250,1705,165,1870,2243,402.90017,373,2966,0.090860242,0.11265929,0.090860242,0.11265929,0.30298334,0.25008218,0.25029783,warm,0.53941419,-5.5120963,2.7179338,19.032405,0.028341882,ceiling,0.028341882,13.763854,,,-0.064546415,-1.0925476,0.17069688,5.8037593
ml,high,101,cap_c,0,0.043645167,0.17228711,0.1722338,32,0.13403773,0.23809961,,,0.28464266,0.67117344,0.16080952,0.15175963,0.16235498,0.15297997,20,20,0.014005304,100,1e-07,1,symmetric,base_rate,0.32061756,,25000,0,2119,0,2119,2119,0,0,0,0.086383276,0.10767297,0.086383276,0.10767297,0.30089191,0.24617866,0.24638215,cap,6.4614143,-4.2738109,8.5850523,19.321894,0.33440895,linear,0.46582456,13.870918,,,-1.1477585,-2.0527476,0.16990364,6.2230674
ml,high,101,cap_c,0.01,0.0436137,0.17269941,0.17183739,32,0.1338944,0.16171538,,,0.28460746,0.6712095,0.16157275,0.15258171,0.163882,0.1544946,20,20,0.014005304,100,1e-07,1,symmetric,base_rate,0.31945708,,24750,250,2100,8,2108,2119,14.721108,11,243,0.086383276,0.10767297,0.086383276,0.10767297,0.30089191,0.24617866,0.24638215,cap,6.5026445,-4.2769576,8.5454114,19.321894,0.33654281,linear,0.46879697,13.870918,,,-1.1126659,-2.0117702,0.16990364,6.2230674
ml,high,101,cap_c,0.05,0.04349334,0.17234254,0.17190885,32,0.15732408,0.21453565,,,0.28467654,0.67068307,0.16042883,0.15144436,0.16189228,0.15265648,20,20,0.014005304,100,1e-07,1,symmetric,base_rate,0.31798255,,23750,1250,2024,38,2062,2119,73.605538,57,1060,0.086383276,0.10767297,0.086383276,0.10767297,0.30089191,0.24617866,0.24638215,cap,6.4669574,-4.2889936,8.5525576,19.321894,0.33469583,linear,0.46622417,13.870918,,,-1.1913708,-2.0898177,0.16990364,6.2230674
ml,high,101,cap_c,0.1,0.040051353,0.1722295,0.17194831,32,0.49727237,0.19032184,,,0.28441328,0.67049959,0.15700406,0.14949315,0.15914136,0.15105601,20,20,0.0217334,300,1e-06,100,symmetric,base_rate,0.17749481,,22500,2500,1908,76,1984,2119,147.21108,135,1786,0.086383276,0.10767297,0.086383276,0.10767297,0.30089191,0.24617866,0.24638215,cap,6.4556535,-4.6331923,8.5565033,19.321894,0.3341108,linear,0.46540924,13.870918,,,-1.5225443,-2.2736353,0.16990364,6.2230674
ml,high,101,cap_c,0.15,0.041108791,0.17326421,0.17301484,32,0,0,,,0.2846753,0.66909818,0.15515846,0.14762449,0.15804692,0.14989986,20,20,0.0217334,300,1e-06,100,symmetric,base_rate,0.19933014,,21250,3750,1814,107,1921,2119,220.81661,198,2330,0.086383276,0.10767297,0.086383276,0.10767297,0.30089191,0.24617866,0.24638215,cap,6.5591243,-4.5274486,8.6631564,19.321894,0.3394659,linear,0.47286878,13.870918,,,-1.8105746,-2.5639717,0.16990364,6.2230674
ml,high,101,cap_c,0.25,0.042444084,0.16846707,0.16846338,256,0.0034996868,0.32475766,,,0.28490847,0.66946532,0.16271969,0.15406358,0.16306111,0.15434674,20,20,0.014005304,100,1e-07,1,symmetric,base_rate,0.30194137,,18750,6250,1591,181,1772,2119,368.02769,347,2903,0.086383276,0.10767297,0.086383276,0.10767297,0.30089191,0.24617866,0.24638215,cap,6.0794108,-4.3939193,8.2080105,19.321894,0.31463845,linear,0.43828467,13.870918,,,-0.57473883,-1.4403498,0.16990364,6.2230674
ml,high,101,cap_t,0,0.043645041,0.1722846,0.17223336,32,0.12880866,0.17531016,,,0.28464269,0.67117273,0.16081039,0.1517605,0.16235477,0.15297974,20,20,0.014005304,100,1e-07,1,symmetric,base_rate,0.32061756,,25000,0,2119,0,2119,2119,0,0,0,0.086383276,0.10767297,0.086383276,0.10767297,0.30089191,0.24617866,0.24638215,cap,6.4611634,-4.2738236,8.5850086,19.321894,0.33439596,linear,0.46580646,13.870918,,,-1.1474209,-2.05241,0.16990364,6.2230674
ml,high,101,cap_t,0.01,0.04361384,0.17269941,0.17183768,32,0.12421357,0.072566603,,,0.28460748,0.67121009,0.16157275,0.15258171,0.16388151,0.15449417,20,20,0.014005304,100,1e-07,1,symmetric,base_rate,0.31945708,,24750,250,2100,8,2108,2119,14.721108,11,243,0.086383276,0.10767297,0.086383276,0.10767297,0.30089191,0.24617866,0.24638215,cap,6.5026445,-4.2769436,8.5454405,19.321894,0.33654281,linear,0.46879697,13.870918,,,-1.1126659,-2.0117702,0.16990364,6.2230674
ml,high,101,cap_t,0.05,0.043493184,0.17234254,0.17190829,32,0.11346554,0.069921604,,,0.28467655,0.67068053,0.16042883,0.15144436,0.16189095,0.15265525,20,20,0.014005304,100,1e-07,1,symmetric,base_rate,0.31798255,,23750,1250,2024,38,2062,2119,73.605538,57,1060,0.086383276,0.10767297,0.086383276,0.10767297,0.30089191,0.24617866,0.24638215,cap,6.4669574,-4.2890092,8.5525015,19.321894,0.33469583,linear,0.46622417,13.870918,,,-1.1913708,-2.0898177,0.16990364,6.2230674
ml,high,101,cap_t,0.1,0.040053246,0.17229416,0.17195578,32,0.42340993,0.11927933,,,0.28441398,0.67050392,0.15702565,0.14951475,0.15915379,0.15106686,20,20,0.0217334,300,1e-06,100,symmetric,base_rate,0.17749481,,22500,2500,1908,76,1984,2119,147.21108,135,1786,0.086383276,0.10767297,0.086383276,0.10767297,0.30089191,0.24617866,0.24638215,cap,6.4621196,-4.633003,8.5572507,19.321894,0.33444545,linear,0.4658754,13.870918,,,-1.526851,-2.2779414,0.16990364,6.2230674
ml,high,101,cap_t,0.15,0.041103781,0.17314547,0.17298751,32,0,0,,,0.28467324,0.66909871,0.15514485,0.14761091,0.15806033,0.14990956,20,20,0.0217334,300,1e-06,100,symmetric,base_rate,0.19933014,,21250,3750,1814,107,1921,2119,220.81661,198,2330,0.086383276,0.10767297,0.086383276,0.10767297,0.30089191,0.24617866,0.24638215,cap,6.54725,-4.5279495,8.6604233,19.321894,0.33885136,linear,0.47201273,13.870918,,,-1.8000614,-2.5534558,0.16990364,6.2230674
ml,high,101,cap_t,0.25,0.042444059,0.16846664,0.16846396,256,0.0036413032,0.33438848,,,0.28490849,0.66946383,0.16271969,0.15406358,0.16305588,0.15434157,20,20,0.014005304,100,1e-07,1,symmetric,base_rate,0.30194137,,18750,6250,1591,181,1772,2119,368.02769,347,2903,0.086383276,0.10767297,0.086383276,0.10767297,0.30089191,0.24617866,0.24638215,cap,6.0793677,-4.3939217,8.2080681,19.321894,0.31463622,linear,0.43828156,13.870918,,,-0.57469577,-1.4403067,0.16990364,6.2230674
ml,high,101,dm,,0.17378711,0.17380823,,,0.027866942,0.057885314,0.17863131,0.17794703,,,,,,,20,,0.0018834766,27,,,,,,17.183954,,,,,,,,,,,,0.086383276,0.10767297,0.30089191,0.24617866,0.24638215,reference,6.6135266,8.7403837,,19.321894,0.34228148,linear,0.47679083,13.870918,0.48441923,0.41599157,,,0.16990364,6.2230674
ml,high,101,dm_own,,0.17414312,0.17429089,,,0,0,0.1783209,0.17763298,,,,,,,20,,0.00095490948,23,,,,,,8.8187494,,,,,,,,,,,,0.086383276,0.10767297,0.30089191,0.24617866,0.24638215,reference,6.6617923,8.7759841,,19.321894,0.34477946,linear,0.48027046,13.870918,0.41777825,0.34898671,,,0.16990364,6.2230674
ml,high,101,native_avg,0,0.029786128,0.11466857,,,-0.22564067,5.5235065,,,0.29185432,0.61881088,,,,,20,19,0.11459725,300,0,0.1,one_way,,1.8344734,,25000,0,2119,0,2119,2119,0,0,0,0.086383268,0.10767297,0.086383276,0.10767297,0.30089191,0.24617866,0.24638215,native,0.69956078,-5.6597148,,19.321894,0.036205601,ceiling,0.036205601,13.870918,,,,,0.16990364,6.2230674
ml,high,101,native_avg,0.01,0.029771408,0.11129112,,,-0.22416183,5.8612516,,,0.2917939,0.61905215,,,,,20,19,0.11459725,300,0,0.1,one_way,,1.515151,,24750,250,2100,8,2108,2119,14.721106,11,243,0.086383268,0.10767297,0.086383276,0.10767297,0.30089191,0.24617866,0.24638215,native,0.36181568,-5.6611868,,19.321894,0.018725684,ceiling,0.018725684,13.870918,,,,,0.16990364,6.2230674
ml,high,101,native_avg,0.05,0.029736714,0.10920661,,,-0.22064474,6.0697032,,,0.29163457,0.62022482,,,,,20,20,0.11459725,300,0,0.1,one_way,,0.90320224,,23750,1250,2024,38,2062,2119,73.605528,57,1060,0.086383268,0.10767297,0.086383276,0.10767297,0.30089191,0.24617866,0.24638215,native,0.15336414,-5.6646562,,19.321894,0.0079373243,ceiling,0.0079373243,13.870918,,,,,0.16990364,6.2230674
ml,high,101,native_avg,0.1,0.029599804,0.10826605,,,-0.2071489,6.1637585,,,0.29160533,0.61999492,,,,,20,19,0.11459725,300,0,0.1,one_way,,0.70514935,,22500,2500,1908,76,1984,2119,147.21106,135,1786,0.086383268,0.10767297,0.086383276,0.10767297,0.30089191,0.24617866,0.24638215,native,0.059308775,-5.6783473,,19.321894,0.0030695114,ceiling,0.0030695114,13.870918,,,,,0.16990364,6.2230674
ml,high,101,native_avg,0.15,0.029515043,0.16990364,,,-0.1987724,0,,,0.29163396,0.61898799,,,,,20,19,0.11459725,300,0,0.1,one_way,,0.62772185,,21250,3750,1814,107,1921,2119,220.81658,198,2330,0.086383268,0.10767297,0.086383276,0.10767297,0.30089191,0.24617866,0.24638215,native,6.2230673,-5.6868233,,19.321894,0.32207336,ceiling,0.32207336,13.870918,,,,,0.16990364,6.2230674
ml,high,101,native_avg,0.25,0.029343957,0.16990364,,,-0.18205759,0,,,0.29218096,0.61472571,,,,,20,19,0.11459725,300,0,0.1,one_way,,0.40691772,,18750,6250,1591,181,1772,2119,368.02764,347,2903,0.086383268,0.10767297,0.086383276,0.10767297,0.30089191,0.24617866,0.24638215,native,6.2230673,-5.703932,,19.321894,0.32207336,ceiling,0.32207336,13.870918,,,,,0.16990364,6.2230674
ml,high,101,native_prod_c,0,0.029213137,0.16990364,,,-0.16699765,0,,,0.29081952,0.61888017,,,,,20,20,0.47985917,100,0.0001,10,one_way,,0.11142736,,25000,0,2119,0,2119,2119,0,0,0,0.086383268,0.10767297,0.086383276,0.10767297,0.30089191,0.24617866,0.24638215,native,6.2230673,-5.717014,,19.321894,0.32207336,ceiling,0.32207336,13.870918,,,,,0.16990364,6.2230674
ml,high,101,native_prod_c,0.01,0.02922133,0.16990364,,,-0.1678417,0,,,0.2908348,0.61912698,,,,,20,20,0.47985917,100,0.0001,10,one_way,,0.10430665,,24750,250,2100,8,2108,2119,14.721106,11,243,0.086383268,0.10767297,0.086383276,0.10767297,0.30089191,0.24617866,0.24638215,native,6.2230673,-5.7161946,,19.321894,0.32207336,ceiling,0.32207336,13.870918,,,,,0.16990364,6.2230674
ml,high,101,native_prod_c,0.05,0.029279064,0.16990364,,,-0.17355599,0,,,0.29078215,0.6213285,,,,,20,20,0.47985917,100,0.0001,10,one_way,,0.091285013,,23750,1250,2024,38,2062,2119,73.605528,57,1060,0.086383268,0.10767297,0.086383276,0.10767297,0.30089191,0.24617866,0.24638215,native,6.2230673,-5.7104212,,19.321894,0.32207336,ceiling,0.32207336,13.870918,,,,,0.16990364,6.2230674
ml,high,101,native_prod_c,0.1,0.02926676,0.16990364,,,-0.17240243,0,,,0.29094886,0.6217369,,,,,20,20,0.47985917,100,0.0001,10,one_way,,0.04489499,,22500,2500,1908,76,1984,2119,147.21106,135,1786,0.086383268,0.10767297,0.086383276,0.10767297,0.30089191,0.24617866,0.24638215,native,6.2230673,-5.7116517,,19.321894,0.32207336,ceiling,0.32207336,13.870918,,,,,0.16990364,6.2230674
ml,high,101,native_prod_c,0.15,0.029305451,0.16990364,,,-0.17625321,0,,,0.29123855,0.62136597,,,,,20,20,0.47985917,100,0.0001,10,one_way,,0.096394308,,21250,3750,1814,107,1921,2119,220.81658,198,2330,0.086383268,0.10767297,0.086383276,0.10767297,0.30089191,0.24617866,0.24638215,native,6.2230673,-5.7077825,,19.321894,0.32207336,ceiling,0.32207336,13.870918,,,,,0.16990364,6.2230674
ml,high,101,native_prod_c,0.25,0.02931875,0.16990364,,,-0.14488039,0,,,0.29230088,0.61793198,,,,,20,20,0.47985917,100,0.0001,10,one_way,,0.070197426,,18750,6250,1591,181,1772,2119,368.02764,347,2903,0.086383268,0.10767297,0.086383276,0.10767297,0.30089191,0.24617866,0.24638215,native,6.2230673,-5.7064527,,19.321894,0.32207336,ceiling,0.32207336,13.870918,,,,,0.16990364,6.2230674
ml,high,101,native_prod_t,0,0.027498846,0.02805039,,,1.838978e-08,0.040752838,,,0.29931318,0.54925569,,,,,20,20,0.88224953,1,0.0001,100,one_way,,-0.032081708,,25000,0,2119,0,2119,2119,0,0,0,0.086383268,0.10767297,0.086383276,0.10767297,0.30089191,0.24617866,0.24638215,native,-7.9622576,-5.8884431,,19.321894,-0.41208473,ceiling,-0.41208473,13.870918,,,,,0.16990364,6.2230674
ml,high,101,native_prod_t,0.01,0.027499347,0.09379793,,,0,0,,,0.29931605,0.55054246,,,,,20,20,0.88224953,1,0.0001,100,one_way,,-0.0026418907,,24750,250,2100,8,2108,2119,14.721106,11,243,0.086383268,0.10767297,0.086383276,0.10767297,0.30089191,0.24617866,0.24638215,native,-1.3875035,-5.888393,,19.321894,-0.071809912,ceiling,-0.071809912,13.870918,,,,,0.16990364,6.2230674
ml,high,101,native_prod_t,0.05,0.027499055,0.011888133,,,-2.0593571e-05,4.1208884,,,0.29937777,0.56232241,,,,,20,20,0.00139426,100,1e-05,0.1,one_way,,-3.7978331e-05,,23750,1250,2024,38,2062,2119,73.605528,57,1060,0.086383268,0.10767297,0.086383276,0.10767297,0.30089191,0.24617866,0.24638215,native,-9.5784832,-5.8884221,,19.321894,-0.4957321,ceiling,-0.4957321,13.870918,,,,,0.16990364,6.2230674
ml,high,101,native_prod_t,0.1,0.027500664,0.053097017,,,0,0,,,0.29936737,0.55089236,,,,,20,20,0.88224953,1,0.0001,100,one_way,,-0.0062387907,,22500,2500,1908,76,1984,2119,147.21106,135,1786,0.086383268,0.10767297,0.086383276,0.10767297,0.30089191,0.24617866,0.24638215,native,-5.4575948,-5.8882612,,19.321894,-0.28245651,ceiling,-0.28245651,13.870918,,,,,0.16990364,6.2230674
ml,high,101,native_prod_t,0.15,0.02749933,0.011888133,,,0.0021206424,4.1208884,,,0.29949528,0.55776034,,,,,20,20,0.00139426,100,1e-05,0.1,one_way,,-2.8543496e-05,,21250,3750,1814,107,1921,2119,220.81658,198,2330,0.086383268,0.10767297,0.086383276,0.10767297,0.30089191,0.24617866,0.24638215,native,-9.5784832,-5.8883946,,19.321894,-0.4957321,ceiling,-0.4957321,13.870918,,,,,0.16990364,6.2230674
ml,high,101,native_prod_t,0.25,0.027502719,0.036717566,,,0.0026659504,1.6379451,,,0.29939337,0.54226602,,,,,20,20,0.83347576,1,1e-06,100,one_way,,0.0032453344,,18750,6250,1591,181,1772,2119,368.02764,347,2903,0.086383268,0.10767297,0.086383276,0.10767297,0.30089191,0.24617866,0.24638215,native,-7.0955399,-5.8880558,,19.321894,-0.36722797,ceiling,-0.36722797,13.870918,,,,,0.16990364,6.2230674
ml,high,101,no_prop,,0.12120897,0.12204127,,,0.064632269,0.13346348,0.024009302,0.022013235,,,,,,,20,,0.00013633497,25,,,,,,4.2486115,,,,,,,,,,,,0.086383276,0.10767297,0.30089191,0.24617866,0.24638215,reference,1.4368303,3.4825695,,19.321894,0.074362809,linear,0.10358581,13.870918,-9.7199669,-9.9195736,,,0.16990364,6.2230674
ml,high,101,opc,,0.16953136,0.16979535,,,0.22215076,0.23101084,0.16792105,0.15964809,,,,,,,20,,0.0018834766,27,,,,,,23.625217,,,,,,,,,,,,0.086383276,0.10767297,0.30089191,0.24617866,0.24638215,reference,6.212238,8.3148084,,19.321894,0.32151289,linear,0.44786062,13.870918,-0.16103088,-0.98832676,,,0.16990364,6.2230674
ml,high,101,opc_raw,,0.15711452,0.15706509,,,0,0,0.14759962,0.13837955,,,,,,,20,,0.0018834766,27,,,,,,52.399902,,,,,,,,,,,,0.086383276,0.10767297,0.30089191,0.24617866,0.24638215,reference,4.9392124,7.0731242,,19.321894,0.25562775,linear,0.35608402,13.870918,-0.95148955,-1.8734967,,,0.16990364,6.2230674
ml,high,101,tempered_logger,,0.10590565,0.10767297,,,0.14780549,0,0.11300707,0.10444677,,,,,,,20,,,-1,,,,,,3.3312925,,,,,,,,,,,,0.086383276,0.10767297,0.30089191,0.24617866,0.24638215,reference,5.9441702e-09,1.9522378,,19.321894,3.076391e-10,linear,4.2853473e-10,13.870918,0.71014147,-0.14588843,,,0.16990364,6.2230674
ml,high,101,warm_c,0,0.032087646,0.17339613,0.17336865,4096,0,0,,,0.28855099,0.64716013,0.14241389,0.13609911,0.14230703,0.13600846,20,20,0.056006037,100,1e-05,1000,one_way,zero,0.18488473,,25000,0,2119,0,2119,2119,0,0,0,0.086383276,0.10767297,0.086383276,0.10767297,0.30089191,0.24617866,0.24638215,warm,6.572316,-5.4295631,8.6985375,19.321894,0.34014864,ceiling,0.34014864,13.870918,,,-3.0982233,-3.7297014,0.16990364,6.2230674
ml,high,101,warm_c,0.01,0.032199581,0.17339072,0.17341459,1024,0,0,,,0.2885208,0.64708133,0.14317373,0.13690952,0.14312883,0.13686464,20,20,0.056006037,100,1e-05,1000,one_way,zero,0.18961407,,24750,250,2100,8,2108,2119,14.721108,11,243,0.086383276,0.10767297,0.086383276,0.10767297,0.30089191,0.24617866,0.24638215,warm,6.5717759,-5.4183695,8.7031315,19.321894,0.34012069,ceiling,0.34012069,13.870918,,,-3.0216996,-3.6481202,0.16990364,6.2230674
ml,high,101,warm_c,0.05,0.032434808,0.17289118,0.17282558,128,0,0,,,0.28850302,0.64711797,0.14541206,0.13915657,0.14597878,0.1396616,20,20,0.056006037,100,1e-05,1000,one_way,zero,0.19921672,,23750,1250,2024,38,2062,2119,73.605538,57,1060,0.086383276,0.10767297,0.086383276,0.10767297,0.30089191,0.24617866,0.24638215,warm,6.5218219,-5.3948468,8.6442299,19.321894,0.33753533,ceiling,0.33753533,13.870918,,,-2.7479127,-3.373461,0.16990364,6.2230674
ml,high,101,warm_c,0.1,0.032666355,0.17236447,0.17162429,32,0,0,,,0.28854911,0.64703612,0.1413741,0.13474409,0.14211325,0.13529274,20,20,0.056006037,100,1e-05,1000,one_way,zero,0.21012489,,22500,2500,1908,76,1984,2119,147.21108,135,1786,0.086383276,0.10767297,0.086383276,0.10767297,0.30089191,0.24617866,0.24638215,warm,6.469151,-5.3716922,8.5241018,19.321894,0.33480936,ceiling,0.33480936,13.870918,,,-3.099038,-3.7620384,0.16990364,6.2230674
ml,high,101,warm_c,0.15,0.03303054,0.1715647,0.17108188,32,0,0,,,0.28855915,0.64620841,0.14336953,0.13656451,0.14350158,0.13662207,20,20,0.056006037,100,1e-05,1000,one_way,zero,0.22568972,,21250,3750,1814,107,1921,2119,220.81661,198,2330,0.086383276,0.10767297,0.086383276,0.10767297,0.30089191,0.24617866,0.24638215,warm,6.3891733,-5.3352736,8.4698601,19.321894,0.33067013,ceiling,0.33067013,13.870918,,,-2.8195166,-3.5000188,0.16990364,6.2230674
ml,high,101,warm_c,0.25,0.033130856,0.17067498,0.17073025,4096,0,0,,,0.2888997,0.64443542,0.14632423,0.1391334,0.14632717,0.13913676,20,20,0.056006037,100,1e-05,1000,one_way,zero,0.23182981,,18750,6250,1591,181,1772,2119,368.02769,347,2903,0.086383276,0.10767297,0.086383276,0.10767297,0.30089191,0.24617866,0.24638215,warm,6.3002013,-5.3252421,8.4346971,19.321894,0.32606541,ceiling,0.32606541,13.870918,,,-2.4350747,-3.1541582,0.16990364,6.2230674
ml,high,101,warm_t,0,0.035528695,0.10792958,0.10748222,32,0,0,,,0.29140263,0.62853494,0.11465893,0.10436284,0.11450981,0.10514859,20,20,0.62129887,10,1e-07,0.01,one_way,zero,0.34948936,,25000,0,2119,0,2119,2119,0,0,0,0.086383276,0.10767297,0.086383276,0.10767297,0.30089191,0.24617866,0.24638215,warm,0.025661204,-5.0854581,2.1098946,19.321894,0.0013280895,ceiling,0.0013280895,13.870918,,,0.67293569,-0.35667372,0.16990364,6.2230674
ml,high,101,warm_t,0.01,0.035768526,0.1081449,0.10761,32,0,0,,,0.29141255,0.62866903,0.11418701,0.10396509,0.11466785,0.10532132,20,20,0.62129887,10,1e-07,0.01,one_way,zero,0.3579118,,24750,250,2100,8,2108,2119,14.721108,11,243,0.086383276,0.10767297,0.086383276,0.10767297,0.30089191,0.24617866,0.24638215,warm,0.047193544,-5.0614751,2.1226728,19.321894,0.0024424905,ceiling,0.0024424905,13.870918,,,0.60421127,-0.41798094,0.16990364,6.2230674
ml,high,101,warm_t,0.05,0.036292426,0.10833729,0.1064789,16,-0.23650847,0.022077412,,,0.29137452,0.62934522,0.11207807,0.10199185,0.11299048,0.10488452,20,20,0.62129887,10,1e-07,0.01,one_way,zero,0.37682444,,23750,1250,2024,38,2062,2119,73.605538,57,1060,0.086383276,0.10767297,0.086383276,0.10767297,0.30089191,0.24617866,0.24638215,warm,0.066432202,-5.009085,2.009562,19.321894,0.0034381827,ceiling,0.0034381827,13.870918,,,0.3740778,-0.63454387,0.16990364,6.2230674
ml,high,101,warm_t,0.1,0.036104699,0.10780512,0.1061763,16,-0.20156836,0.076474454,,,0.29125293,0.62980084,0.11149444,0.10144331,0.11317249,0.10507396,20,20,0.62129887,10,1e-07,0.01,one_way,zero,0.36967769,,22500,2500,1908,76,1984,2119,147.21108,135,1786,0.086383276,0.10767297,0.086383276,0.10767297,0.30089191,0.24617866,0.24638215,warm,0.013215365,-5.0278578,1.9793023,19.321894,0.00068395803,ceiling,0.00068395803,13.870918,,,0.36893217,-0.63618113,0.16990364,6.2230674
ml,high,101,warm_t,0.15,0.036376608,0.10807491,0.10637485,16,-0.20658278,0.083999085,,,0.29132568,0.62956839,0.11104956,0.1010585,0.11298204,0.10481737,20,20,0.62129887,10,1e-07,0.01,one_way,zero,0.37959585,,21250,3750,1814,107,1921,2119,220.81661,198,2330,0.086383276,0.10767297,0.086383276,0.10767297,0.30089191,0.24617866,0.24638215,warm,0.040194376,-5.0006668,1.9991579,19.321894,0.0020802503,ceiling,0.0020802503,13.870918,,,0.29746474,-0.70164128,0.16990364,6.2230674
ml,high,101,warm_t,0.25,0.034188463,0.1091032,0.10822159,32,1.1544644,0.067998357,,,0.29158082,0.62645677,0.11338389,0.10314432,0.11490115,0.10570046,20,20,0.14212818,10,0.001,0.01,symmetric,zero,0.58200347,,18750,6250,1591,181,1772,2119,368.02769,347,2903,0.086383276,0.10767297,0.086383276,0.10767297,0.30089191,0.24617866,0.24638215,warm,0.14302391,-5.2194813,2.1838312,19.321894,0.0074021683,ceiling,0.0074021683,13.870918,,,0.42806865,-0.59588876,0.16990364,6.2230674
