bias,arm,rho,worlds,gain_greedy,gain_greedy_lo,gain_greedy_hi,gain,gain_lo,gain_hi,gain_tempered,gain_tempered_lo,gain_tempered_hi,regret_greedy,regret_greedy_lo,regret_greedy_hi,regret,regret_lo,regret_hi,val_dr_greedy_error,val_dr_greedy_error_lo,val_dr_greedy_error_hi,val_dr_greedy_low_error,val_dr_greedy_low_error_lo,val_dr_greedy_low_error_hi,temper_scale,temper_scale_lo,temper_scale_hi,exploration_cost_expected,exploration_cost_expected_lo,exploration_cost_expected_hi,exploration_cost_realised,exploration_cost_realised_lo,exploration_cost_realised_hi,collection_reward_sum,collection_reward_sum_lo,collection_reward_sum_hi,n_treatment,n_treatment_lo,n_treatment_hi,best_item_gain,best_item_gain_lo,best_item_gain_hi,representation_loss,representation_loss_lo,representation_loss_hi,oracle_linear_gain,oracle_linear_gain_lo,oracle_linear_gain_hi,sel_error,sel_error_lo,sel_error_hi,sel_error_low,sel_error_low_lo,sel_error_low_hi,frac_loss,frac_loss_lo,frac_loss_hi,frac_oracle,frac_oracle_lo,frac_oracle_hi
none,cap_c,0,6,-0.55219,-0.781146,-0.323234,-18.7422,-19.244,-18.2403,5.38279,5.20498,5.56059,0.496624,0.185628,0.80762,-2.21631,-2.69928,-1.73334,-0.0367597,-0.809614,0.736094,-1.36757,-2.12327,-0.611871,565.333,-229.55,1360.22,0,0,0,0,0,0,5931.33,5819.71,6042.96,0,0,0,-12.454,-13.3935,-11.5144,2.65248e-08,4.89031e-09,4.81592e-08,-0.00230554,-0.00332081,-0.00129027,,,,,,,,,,,,
none,cap_c,0.01,6,-0.488142,-0.730222,-0.246061,-18.85,-19.4256,-18.2744,5.43109,5.1791,5.68309,0.43238,0.126009,0.738752,-2.09408,-2.4606,-1.72756,-0.0935729,-0.557044,0.369898,-1.42671,-1.89512,-0.958307,992,-650.703,2634.7,53.1046,51.693,54.5162,56.6667,54.0396,59.2938,5874.67,5762.83,5986.5,250,250,250,-12.454,-13.3935,-11.5144,2.65248e-08,4.89031e-09,4.81592e-08,-0.00230554,-0.00332081,-0.00129027,,,,,,,,,,,,
none,cap_c,0.05,6,-0.492944,-0.740883,-0.245004,-18.7023,-19.3109,-18.0938,5.42972,5.1681,5.69134,0.435286,0.119979,0.750592,-2.18573,-2.59089,-1.78057,-0.210268,-0.451316,0.0307795,-1.54323,-1.84887,-1.23759,330.667,-72.6896,734.023,265.523,258.465,272.581,258.833,246.008,271.659,5672.5,5566.32,5778.68,1250,1250,1250,-12.454,-13.3935,-11.5144,2.65248e-08,4.89031e-09,4.81592e-08,-0.00230554,-0.00332081,-0.00129027,,,,,,,,,,,,
none,cap_c,0.1,6,-0.506644,-0.780831,-0.232456,-18.6,-19.1971,-18.0029,5.43768,5.13036,5.745,0.447197,0.109937,0.784456,-2.22057,-2.63563,-1.8055,-0.0154419,-0.502475,0.471591,-1.35531,-1.86613,-0.844495,2053.33,263.14,3843.53,531.046,516.93,545.162,528.167,505.286,551.047,5403.17,5303.76,5502.57,2500,2500,2500,-12.454,-13.3935,-11.5144,2.65248e-08,4.89031e-09,4.81592e-08,-0.00230554,-0.00332081,-0.00129027,,,,,,,,,,,,
none,cap_c,0.15,6,-0.356235,-0.481604,-0.230866,-18.7316,-19.2714,-18.1917,5.6014,5.44815,5.75466,0.296565,0.127939,0.46519,-2.02011,-2.51513,-1.52508,-0.373663,-0.85796,0.110633,-1.71127,-2.28873,-1.13382,960,-695.014,2615.01,796.569,775.395,817.743,786.333,755.582,817.085,5145,5057.26,5232.74,3750,3750,3750,-12.454,-13.3935,-11.5144,2.65248e-08,4.89031e-09,4.81592e-08,-0.00230554,-0.00332081,-0.00129027,,,,,,,,,,,,
none,cap_c,0.25,6,-0.355552,-0.478816,-0.232289,-18.5227,-19.0601,-17.9852,5.58161,5.42931,5.7339,0.295636,0.134417,0.456856,-2.08587,-2.54909,-1.62266,-0.269415,-0.861311,0.322481,-1.61104,-2.26733,-0.954747,2480,495.111,4464.89,1327.61,1292.32,1362.91,1310,1274.44,1345.56,4621.33,4542.71,4699.95,6250,6250,6250,-12.454,-13.3935,-11.5144,2.65248e-08,4.89031e-09,4.81592e-08,-0.00230554,-0.00332081,-0.00129027,,,,,,,,,,,,
none,cap_t,0,6,-0.55224,-0.781226,-0.323253,-18.7422,-19.244,-18.2404,5.3828,5.20496,5.56064,0.496674,0.185653,0.807694,-2.2163,-2.69926,-1.73335,-0.0367842,-0.809676,0.736107,-1.36759,-2.1233,-0.611887,565.333,-229.55,1360.22,0,0,0,0,0,0,5931.33,5819.71,6042.96,0,0,0,-12.454,-13.3935,-11.5144,2.65248e-08,4.89031e-09,4.81592e-08,-0.00230554,-0.00332081,-0.00129027,,,,,,,,,,,,
none,cap_t,0.01,6,-0.488205,-0.730342,-0.246069,-18.85,-19.4256,-18.2744,5.43112,5.1791,5.68314,0.432444,0.12604,0.738848,-2.09408,-2.46058,-1.72758,-0.0936088,-0.557158,0.369941,-1.42675,-1.89518,-0.958317,992,-650.703,2634.7,53.1046,51.693,54.5162,56.6667,54.0396,59.2938,5874.67,5762.83,5986.5,250,250,250,-12.454,-13.3935,-11.5144,2.65248e-08,4.89031e-09,4.81592e-08,-0.00230554,-0.00332081,-0.00129027,,,,,,,,,,,,
none,cap_t,0.05,6,-0.492851,-0.740839,-0.244864,-18.7023,-19.3108,-18.0938,5.42973,5.16811,5.69136,0.435214,0.119809,0.75062,-2.18572,-2.59086,-1.78058,-0.211429,-0.451689,0.0288319,-1.5444,-1.8487,-1.24011,330.667,-72.6896,734.023,265.523,258.465,272.581,258.833,246.008,271.659,5672.5,5566.32,5778.68,1250,1250,1250,-12.454,-13.3935,-11.5144,2.65248e-08,4.89031e-09,4.81592e-08,-0.00230554,-0.00332081,-0.00129027,,,,,,,,,,,,
none,cap_t,0.1,6,-0.506557,-0.780794,-0.232321,-18.6,-19.197,-18.0029,5.43765,5.13031,5.74499,0.44711,0.109818,0.784402,-2.22056,-2.6356,-1.80552,-0.0124941,-0.501752,0.476764,-1.35229,-1.86439,-0.840185,2053.33,263.14,3843.53,531.046,516.93,545.162,528.167,505.286,551.047,5403.17,5303.76,5502.57,2500,2500,2500,-12.454,-13.3935,-11.5144,2.65248e-08,4.89031e-09,4.81592e-08,-0.00230554,-0.00332081,-0.00129027,,,,,,,,,,,,
none,cap_t,0.15,6,-0.35627,-0.481618,-0.230923,-18.7316,-19.2714,-18.1918,5.6014,5.44813,5.75466,0.2966,0.127975,0.465224,-2.0201,-2.51512,-1.52508,-0.372315,-0.857713,0.113084,-1.70993,-2.2878,-1.13206,960,-695.014,2615.01,796.569,775.395,817.743,786.333,755.582,817.085,5145,5057.26,5232.74,3750,3750,3750,-12.454,-13.3935,-11.5144,2.65248e-08,4.89031e-09,4.81592e-08,-0.00230554,-0.00332081,-0.00129027,,,,,,,,,,,,
none,cap_t,0.25,6,-0.35532,-0.478207,-0.232433,-18.5226,-19.06,-17.9852,5.58173,5.42956,5.7339,0.295376,0.134423,0.456328,-2.08876,-2.54867,-1.62885,-0.256062,-0.851744,0.33962,-1.59824,-2.2559,-0.940582,2480,495.111,4464.89,1327.61,1292.32,1362.91,1310,1274.44,1345.56,4621.33,4542.71,4699.95,6250,6250,6250,-12.454,-13.3935,-11.5144,2.65248e-08,4.89031e-09,4.81592e-08,-0.00230554,-0.00332081,-0.00129027,,,,,,,,,,,,
none,dm,,6,-0.575392,-0.733272,-0.417511,5.38843,5.24893,5.52794,,,,0.122523,0.0367904,0.208255,0.0173944,0.00178159,0.0330073,,,,,,,,,,,,,,,,,,,,,,-12.454,-13.3935,-11.5144,2.65248e-08,4.89031e-09,4.81592e-08,-0.00230554,-0.00332081,-0.00129027,0.821154,0.631879,1.01043,0.646267,0.441249,0.851285,,,,,,
none,dm_own,,6,-0.549513,-0.706697,-0.392329,5.39425,5.25747,5.53103,,,,0.11653,0.0102682,0.222791,0.00797298,-0.00252393,0.0184699,,,,,,,,,,,,,,,,,,,,,,-12.454,-13.3935,-11.5144,2.65248e-08,4.89031e-09,4.81592e-08,-0.00230554,-0.00332081,-0.00129027,0.781237,0.577297,0.985177,0.606176,0.383464,0.828888,,,,,,
none,native_avg,0,6,-13.3548,-13.9849,-12.7248,-21.2167,-21.7741,-20.6593,,,,0.455863,-0.71597,1.6277,-0.0120639,-0.0208418,-0.00328606,,,,,,,,,,0,0,0,0,0,0,5931.33,5819.71,6042.96,0,0,0,-12.454,-13.3935,-11.5144,2.65248e-08,4.89031e-09,4.81592e-08,-0.00230554,-0.00332081,-0.00129027,,,,,,,,,,,,
none,native_avg,0.01,6,-13.3548,-13.9849,-12.7248,-21.216,-21.7732,-20.6588,,,,0.455863,-0.71597,1.6277,-0.0123255,-0.0212762,-0.00337478,,,,,,,,,,53.1046,51.693,54.5162,56.6667,54.0396,59.2938,5874.67,5762.83,5986.5,250,250,250,-12.454,-13.3935,-11.5144,2.65248e-08,4.89031e-09,4.81592e-08,-0.00230554,-0.00332081,-0.00129027,,,,,,,,,,,,
none,native_avg,0.05,6,-13.3548,-13.9849,-12.7248,-21.2161,-21.7733,-20.6589,,,,0.455863,-0.71597,1.6277,-0.0118741,-0.0205015,-0.00324656,,,,,,,,,,265.523,258.465,272.581,258.833,246.008,271.659,5672.5,5566.32,5778.68,1250,1250,1250,-12.454,-13.3935,-11.5144,2.65248e-08,4.89031e-09,4.81592e-08,-0.00230554,-0.00332081,-0.00129027,,,,,,,,,,,,
none,native_avg,0.1,6,-13.4215,-13.9499,-12.8931,-21.214,-21.7752,-20.6527,,,,0.522543,-0.627339,1.67242,-0.0142062,-0.0204461,-0.00796638,,,,,,,,,,531.046,516.93,545.162,528.167,505.286,551.047,5403.17,5303.76,5502.57,2500,2500,2500,-12.454,-13.3935,-11.5144,2.65248e-08,4.89031e-09,4.81592e-08,-0.00230554,-0.00332081,-0.00129027,,,,,,,,,,,,
none,native_avg,0.15,6,-12.9068,-13.7944,-12.0193,-21.215,-21.7758,-20.6542,,,,0.00784641,-0.0123234,0.0280163,-0.0135095,-0.0195815,-0.00743752,,,,,,,,,,796.569,775.395,817.743,786.333,755.582,817.085,5145,5057.26,5232.74,3750,3750,3750,-12.454,-13.3935,-11.5144,2.65248e-08,4.89031e-09,4.81592e-08,-0.00230554,-0.00332081,-0.00129027,,,,,,,,,,,,
none,native_avg,0.25,6,-14.2275,-16.8297,-11.6252,-21.2167,-21.7769,-20.6564,,,,1.33012,-0.987285,3.64752,-0.0133124,-0.0186076,-0.00801714,,,,,,,,,,1327.61,1292.32,1362.91,1310,1274.44,1345.56,4621.33,4542.71,4699.95,6250,6250,6250,-12.454,-13.3935,-11.5144,2.65248e-08,4.89031e-09,4.81592e-08,-0.00230554,-0.00332081,-0.00129027,,,,,,,,,,,,
none,native_prod_c,0,6,-14.2275,-16.8297,-11.6252,-21.1814,-21.7321,-20.6308,,,,1.32849,-0.985276,3.64226,-0.0542479,-0.0825523,-0.0259436,,,,,,,,,,0,0,0,0,0,0,5931.33,5819.71,6042.96,0,0,0,-12.454,-13.3935,-11.5144,2.65248e-08,4.89031e-09,4.81592e-08,-0.00230554,-0.00332081,-0.00129027,,,,,,,,,,,,
none,native_prod_c,0.01,6,-14.2275,-16.8297,-11.6252,-21.1768,-21.7262,-20.6274,,,,1.32849,-0.985276,3.64226,-0.0586826,-0.0891295,-0.0282356,,,,,,,,,,53.1046,51.693,54.5162,56.6667,54.0396,59.2938,5874.67,5762.83,5986.5,250,250,250,-12.454,-13.3935,-11.5144,2.65248e-08,4.89031e-09,4.81592e-08,-0.00230554,-0.00332081,-0.00129027,,,,,,,,,,,,
none,native_prod_c,0.05,6,-13.575,-14.665,-12.485,-21.1665,-21.705,-20.628,,,,0.676039,-1.06177,2.41385,-0.0680748,-0.117694,-0.018456,,,,,,,,,,265.523,258.465,272.581,258.833,246.008,271.659,5672.5,5566.32,5778.68,1250,1250,1250,-12.454,-13.3935,-11.5144,2.65248e-08,4.89031e-09,4.81592e-08,-0.00230554,-0.00332081,-0.00129027,,,,,,,,,,,,
none,native_prod_c,0.1,6,-15.6183,-21.0274,-10.2092,-21.1493,-21.6806,-20.618,,,,2.71934,-2.98156,8.42024,-0.0843371,-0.149889,-0.0187851,,,,,,,,,,531.046,516.93,545.162,528.167,505.286,551.047,5403.17,5303.76,5502.57,2500,2500,2500,-12.454,-13.3935,-11.5144,2.65248e-08,4.89031e-09,4.81592e-08,-0.00230554,-0.00332081,-0.00129027,,,,,,,,,,,,
none,native_prod_c,0.15,6,-12.899,-13.7907,-12.0072,-21.1328,-21.6588,-20.6067,,,,0,0,0,-0.100015,-0.181404,-0.0186262,,,,,,,,,,796.569,775.395,817.743,786.333,755.582,817.085,5145,5057.26,5232.74,3750,3750,3750,-12.454,-13.3935,-11.5144,2.65248e-08,4.89031e-09,4.81592e-08,-0.00230554,-0.00332081,-0.00129027,,,,,,,,,,,,
none,native_prod_c,0.25,6,-18.3712,-24.3779,-12.3644,-21.1132,-21.6266,-20.5998,,,,5.9172,-0.175856,12.0103,-0.118319,-0.237711,0.00107154,,,,,,,,,,1327.61,1292.32,1362.91,1310,1274.44,1345.56,4621.33,4542.71,4699.95,6250,6250,6250,-12.454,-13.3935,-11.5144,2.65248e-08,4.89031e-09,4.81592e-08,-0.00230554,-0.00332081,-0.00129027,,,,,,,,,,,,
none,native_prod_t,0,6,-27.1971,-27.7205,-26.6736,-21.2418,-21.8065,-20.6772,,,,0.0676267,0.0276638,0.10759,1.53928e-08,-3.86619e-08,6.94475e-08,,,,,,,,,,0,0,0,0,0,0,5931.33,5819.71,6042.96,0,0,0,-12.454,-13.3935,-11.5144,2.65248e-08,4.89031e-09,4.81592e-08,-0.00230554,-0.00332081,-0.00129027,,,,,,,,,,,,
none,native_prod_t,0.01,6,-26.7397,-29.904,-23.5755,-21.2418,-21.8065,-20.6772,,,,2.01594,0.326813,3.70506,7.21141e-06,-8.14376e-06,2.25666e-05,,,,,,,,,,53.1046,51.693,54.5162,56.6667,54.0396,59.2938,5874.67,5762.83,5986.5,250,250,250,-12.454,-13.3935,-11.5144,2.65248e-08,4.89031e-09,4.81592e-08,-0.00230554,-0.00332081,-0.00129027,,,,,,,,,,,,
none,native_prod_t,0.05,6,-25.6742,-28.4113,-22.9371,-21.2418,-21.8065,-20.6772,,,,2.91908,0.299056,5.5391,0.000182741,-0.000250661,0.000616144,,,,,,,,,,265.523,258.465,272.581,258.833,246.008,271.659,5672.5,5566.32,5778.68,1250,1250,1250,-12.454,-13.3935,-11.5144,2.65248e-08,4.89031e-09,4.81592e-08,-0.00230554,-0.00332081,-0.00129027,,,,,,,,,,,,
none,native_prod_t,0.1,6,-22.8462,-27.7476,-17.9448,-21.2418,-21.8065,-20.6772,,,,0.586647,-0.384782,1.55808,2.56604e-05,-2.22281e-05,7.35489e-05,,,,,,,,,,531.046,516.93,545.162,528.167,505.286,551.047,5403.17,5303.76,5502.57,2500,2500,2500,-12.454,-13.3935,-11.5144,2.65248e-08,4.89031e-09,4.81592e-08,-0.00230554,-0.00332081,-0.00129027,,,,,,,,,,,,
none,native_prod_t,0.15,6,-22.977,-28.8527,-17.1013,-21.2418,-21.8065,-20.6772,,,,1.34328,-0.573943,3.2605,0.000362774,-0.00021896,0.000944509,,,,,,,,,,796.569,775.395,817.743,786.333,755.582,817.085,5145,5057.26,5232.74,3750,3750,3750,-12.454,-13.3935,-11.5144,2.65248e-08,4.89031e-09,4.81592e-08,-0.00230554,-0.00332081,-0.00129027,,,,,,,,,,,,
none,native_prod_t,0.25,6,-23.7616,-28.6311,-18.8922,-21.2418,-21.8065,-20.6772,,,,0.686815,-1.0787,2.45233,0.000699099,-0.000515493,0.00191369,,,,,,,,,,1327.61,1292.32,1362.91,1310,1274.44,1345.56,4621.33,4542.71,4699.95,6250,6250,6250,-12.454,-13.3935,-11.5144,2.65248e-08,4.89031e-09,4.81592e-08,-0.00230554,-0.00332081,-0.00129027,,,,,,,,,,,,
none,no_prop,,6,-0.258888,-0.334534,-0.183241,5.69269,5.65382,5.73156,,,,0.121174,0.0689854,0.173363,0.00627714,-0.0039182,0.0164725,,,,,,,,,,,,,,,,,,,,,,-12.454,-13.3935,-11.5144,2.65248e-08,4.89031e-09,4.81592e-08,-0.00230554,-0.00332081,-0.00129027,-20.8043,-23.7554,-17.8532,-21.186,-24.0745,-18.2976,,,,,,
none,opc,,6,-0.606572,-0.80346,-0.409683,5.22343,5.04825,5.39861,,,,0.347621,0.174609,0.520632,0.162645,0.00528791,0.320002,,,,,,,,,,,,,,,,,,,,,,-12.454,-13.3935,-11.5144,2.65248e-08,4.89031e-09,4.81592e-08,-0.00230554,-0.00332081,-0.00129027,0.180423,-0.0864757,0.447321,-1.09257,-1.44973,-0.735409,,,,,,
none,opc_raw,,6,-0.799906,-1.06448,-0.535335,5.13117,4.91814,5.34419,,,,0.54545,0.240067,0.850833,0.20784,0.0335252,0.382154,,,,,,,,,,,,,,,,,,,,,,-12.454,-13.3935,-11.5144,2.65248e-08,4.89031e-09,4.81592e-08,-0.00230554,-0.00332081,-0.00129027,0.146403,-0.075707,0.368513,-1.15451,-1.40768,-0.901332,,,,,,
none,tempered_logger,,6,-2.62549e-09,-2.40864e-08,1.88355e-08,5.922,5.86503,5.97896,,,,0,0,0,0.0519377,-0.029177,0.133052,,,,,,,,,,,,,,,,,,,,,,-12.454,-13.3935,-11.5144,2.65248e-08,4.89031e-09,4.81592e-08,-0.00230554,-0.00332081,-0.00129027,-0.514174,-0.961589,-0.0667582,-1.80543,-2.25047,-1.3604,,,,,,
none,warm_c,0,6,-0.145655,-0.204232,-0.087078,-18.411,-19.0846,-17.7374,5.79654,5.68279,5.91029,0.0127834,-0.0200774,0.0456442,0.0854467,-0.134201,0.305094,-0.125594,-0.905991,0.654802,-1.48389,-2.24713,-0.720651,944,-720.493,2608.49,0,0,0,0,0,0,5931.33,5819.71,6042.96,0,0,0,-12.454,-13.3935,-11.5144,2.65248e-08,4.89031e-09,4.81592e-08,-0.00230554,-0.00332081,-0.00129027,,,,,,,,,,,,
none,warm_c,0.01,6,-0.137436,-0.187889,-0.0869837,-18.3682,-19.0636,-17.6727,5.8074,5.70477,5.91003,0.0113572,-0.0178374,0.0405518,0.0830497,-0.130436,0.296536,-0.0780487,-0.955452,0.799354,-1.43965,-2.28608,-0.593227,2245.33,87.0393,4403.63,53.1046,51.693,54.5162,56.6667,54.0396,59.2938,5874.67,5762.83,5986.5,250,250,250,-12.454,-13.3935,-11.5144,2.65248e-08,4.89031e-09,4.81592e-08,-0.00230554,-0.00332081,-0.00129027,,,,,,,,,,,,
none,warm_c,0.05,6,-0.124072,-0.170679,-0.0774651,-18.2714,-18.998,-17.5447,5.80875,5.72664,5.89085,0.0139677,-0.0118594,0.0397948,-0.0695693,-0.534248,0.395109,-0.197614,-0.889648,0.494421,-1.55777,-2.22674,-0.888801,544,-9.03247,1097.03,265.523,258.465,272.581,258.833,246.008,271.659,5672.5,5566.32,5778.68,1250,1250,1250,-12.454,-13.3935,-11.5144,2.65248e-08,4.89031e-09,4.81592e-08,-0.00230554,-0.00332081,-0.00129027,,,,,,,,,,,,
none,warm_c,0.1,6,-0.124455,-0.173603,-0.0753067,-18.194,-18.9298,-17.4582,5.82103,5.73214,5.90991,0.0204642,-0.00916529,0.0500937,-0.205535,-0.691431,0.280361,-0.204972,-0.871902,0.461958,-1.56461,-2.24324,-0.885991,1242.67,-435.68,2921.01,531.046,516.93,545.162,528.167,505.286,551.047,5403.17,5303.76,5502.57,2500,2500,2500,-12.454,-13.3935,-11.5144,2.65248e-08,4.89031e-09,4.81592e-08,-0.00230554,-0.00332081,-0.00129027,,,,,,,,,,,,
none,warm_c,0.15,6,-0.116057,-0.158531,-0.0735832,-18.2123,-18.9578,-17.4668,5.81777,5.74119,5.89435,0.0304831,-0.00203829,0.0630045,-0.288433,-0.941561,0.364696,-0.297538,-0.980552,0.385477,-1.65437,-2.32108,-0.987668,2229.33,50.006,4408.66,796.569,775.395,817.743,786.333,755.582,817.085,5145,5057.26,5232.74,3750,3750,3750,-12.454,-13.3935,-11.5144,2.65248e-08,4.89031e-09,4.81592e-08,-0.00230554,-0.00332081,-0.00129027,,,,,,,,,,,,
none,warm_c,0.25,6,-0.0654723,-0.0900354,-0.0409092,-18.3842,-18.9724,-17.796,5.83887,5.76694,5.91079,0.0129055,0.000633936,0.0251771,-0.532276,-1.75608,0.691531,-0.500922,-1.02378,0.0219401,-1.85172,-2.39106,-1.31239,218.667,-197.216,634.55,1327.61,1292.32,1362.91,1310,1274.44,1345.56,4621.33,4542.71,4699.95,6250,6250,6250,-12.454,-13.3935,-11.5144,2.65248e-08,4.89031e-09,4.81592e-08,-0.00230554,-0.00332081,-0.00129027,,,,,,,,,,,,
none,warm_t,0,6,-0.0125514,-0.0304373,0.00533443,-18.3348,-18.8076,-17.8619,5.93442,5.87634,5.99251,0.0125398,-0.00535465,0.0304343,-1.77811,-2.83377,-0.722461,-0.398987,-0.843706,0.0457322,-1.75286,-2.25179,-1.25393,2085.33,-226.355,4397.02,0,0,0,0,0,0,5931.33,5819.71,6042.96,0,0,0,-12.454,-13.3935,-11.5144,2.65248e-08,4.89031e-09,4.81592e-08,-0.00230554,-0.00332081,-0.00129027,,,,,,,,,,,,
none,warm_t,0.01,6,-0.0122207,-0.0296657,0.00522441,-18.294,-18.793,-17.7949,5.9356,5.87851,5.9927,0.0121783,-0.00525077,0.0296073,-1.53161,-2.19151,-0.871708,-0.402797,-0.849505,0.0439109,-1.75772,-2.25066,-1.26477,2085.33,-226.355,4397.02,53.1046,51.693,54.5162,56.6667,54.0396,59.2938,5874.67,5762.83,5986.5,250,250,250,-12.454,-13.3935,-11.5144,2.65248e-08,4.89031e-09,4.81592e-08,-0.00230554,-0.00332081,-0.00129027,,,,,,,,,,,,
none,warm_t,0.05,6,-0.00638833,-0.0189622,0.00618552,-18.2804,-19.0146,-17.5462,5.94183,5.88955,5.99411,0.00631359,-0.00623727,0.0188645,-1.52284,-2.12709,-0.918586,-0.487488,-0.86292,-0.112056,-1.84076,-2.24831,-1.4332,784,-920.66,2488.66,265.523,258.465,272.581,258.833,246.008,271.659,5672.5,5566.32,5778.68,1250,1250,1250,-12.454,-13.3935,-11.5144,2.65248e-08,4.89031e-09,4.81592e-08,-0.00230554,-0.00332081,-0.00129027,,,,,,,,,,,,
none,warm_t,0.1,6,-0.00659472,-0.0188594,0.00566993,-18.236,-18.9744,-17.4976,5.94512,5.89226,5.99798,0.0065027,-0.00573993,0.0187453,-2.31839,-3.09656,-1.54023,-0.445187,-0.949775,0.0594008,-1.79801,-2.31158,-1.28444,2106.67,-181.682,4395.02,531.046,516.93,545.162,528.167,505.286,551.047,5403.17,5303.76,5502.57,2500,2500,2500,-12.454,-13.3935,-11.5144,2.65248e-08,4.89031e-09,4.81592e-08,-0.00230554,-0.00332081,-0.00129027,,,,,,,,,,,,
none,warm_t,0.15,6,-0.0071368,-0.0203774,0.00610384,-18.192,-18.9406,-17.4435,5.9453,5.89269,5.99792,0.0070743,-0.00616348,0.0203121,-2.36186,-3.07773,-1.64598,-0.41182,-0.932586,0.108946,-1.76504,-2.29118,-1.23891,2106.67,-181.682,4395.02,796.569,775.395,817.743,786.333,755.582,817.085,5145,5057.26,5232.74,3750,3750,3750,-12.454,-13.3935,-11.5144,2.65248e-08,4.89031e-09,4.81592e-08,-0.00230554,-0.00332081,-0.00129027,,,,,,,,,,,,
none,warm_t,0.25,6,-0.0051994,-0.0168241,0.00642532,-18.2364,-18.9579,-17.5149,5.94517,5.89064,5.99969,0.00515005,-0.00647517,0.0167753,-2.126,-2.6835,-1.56851,-0.477474,-0.967103,0.0121558,-1.829,-2.34248,-1.31551,1253.33,-416.931,2923.6,1327.61,1292.32,1362.91,1310,1274.44,1345.56,4621.33,4542.71,4699.95,6250,6250,6250,-12.454,-13.3935,-11.5144,2.65248e-08,4.89031e-09,4.81592e-08,-0.00230554,-0.00332081,-0.00129027,,,,,,,,,,,,
w-high.g-none.v-none,cap_c,0,6,4.22626,3.21466,5.23785,-12.7595,-14.8754,-10.6435,8.58919,7.78551,9.39287,0.0233029,-0.0105786,0.0571843,0.0177849,-0.105499,0.141069,-2.15103,-2.6261,-1.67595,-3.22879,-3.70148,-2.75611,88,-8.01734,184.017,0,0,0,0,0,0,4470.67,4004.61,4936.73,0,0,0,-5.18485,-7.86467,-2.50503,7.26912,5.18368,9.35457,7.22088,5.16561,9.27616,,,,,,,0.592796,0.50802,0.677573,0.596347,0.512324,0.680369
w-high.g-none.v-none,cap_c,0.01,6,4.2231,3.19635,5.24985,-12.7308,-14.8659,-10.5957,8.58464,7.77781,9.39147,0.0250392,-0.00658766,0.056666,0.0152308,-0.109383,0.139845,-2.23679,-2.7875,-1.68609,-3.30762,-3.84523,-2.77,56,13.855,98.145,38.6282,33.8896,43.3668,40.6667,36.8732,44.4602,4430,3966.82,4893.18,250,250,250,-5.18485,-7.86467,-2.50503,7.26912,5.18368,9.35457,7.22088,5.16561,9.27616,,,,,,,0.591434,0.509448,0.673419,0.594977,0.513813,0.676141
w-high.g-none.v-none,cap_c,0.05,6,4.24359,3.18508,5.3021,-12.7033,-14.837,-10.5697,8.5618,7.65268,9.47093,0.0131052,-0.0205829,0.0467934,-0.0240593,-0.0859056,0.037787,-2.12008,-2.972,-1.26816,-3.20902,-4.03531,-2.38272,1381.33,-825.403,3588.07,193.141,169.448,216.834,183.833,163.566,204.1,4286.83,3837.35,4736.32,1250,1250,1250,-5.18485,-7.86467,-2.50503,7.26912,5.18368,9.35457,7.22088,5.16561,9.27616,,,,,,,0.594304,0.506639,0.681968,0.597845,0.511006,0.684684
w-high.g-none.v-none,cap_c,0.1,6,4.2171,3.18341,5.25079,-12.6819,-14.8275,-10.5364,8.48017,7.79406,9.16629,0.0195911,-0.0307693,0.0699514,-0.0238496,-0.0851569,0.0374577,-2.20281,-3.05312,-1.3525,-3.29027,-4.11243,-2.46812,376,-484.822,1236.82,386.282,338.896,433.668,379,335.807,422.193,4091.67,3663.07,4520.27,2500,2500,2500,-5.18485,-7.86467,-2.50503,7.26912,5.18368,9.35457,7.22088,5.16561,9.27616,,,,,,,0.590581,0.506663,0.674498,0.59411,0.511033,0.677186
w-high.g-none.v-none,cap_c,0.15,6,4.0716,3.01475,5.12846,-12.8449,-15.0414,-10.6485,8.45189,7.6086,9.29518,0.138551,-0.133116,0.410218,0.18471,-0.220563,0.589983,-1.68913,-2.45529,-0.922966,-2.79563,-3.51705,-2.0742,802.667,-901.974,2507.31,579.423,508.344,650.502,560.5,494.225,626.775,3910.17,3507.18,4313.15,3750,3750,3750,-5.18485,-7.86467,-2.50503,7.26912,5.18368,9.35457,7.22088,5.16561,9.27616,,,,,,,0.569566,0.47918,0.659951,0.57297,0.483241,0.662699
w-high.g-none.v-none,cap_c,0.25,6,4.04383,2.99584,5.09182,-12.7565,-14.9713,-10.5416,8.40877,7.55762,9.25992,0.13369,-0.129029,0.39641,0.165574,-0.186151,0.517298,-1.87643,-2.80805,-0.944806,-2.97831,-3.84639,-2.11024,872,-837.441,2581.44,965.705,847.241,1084.17,936.833,827.802,1045.86,3533.83,3174.69,3892.98,6250,6250,6250,-5.18485,-7.86467,-2.50503,7.26912,5.18368,9.35457,7.22088,5.16561,9.27616,,,,,,,0.565271,0.48144,0.649103,0.568668,0.485477,0.651859
w-high.g-none.v-none,cap_t,0,6,4.21596,3.20856,5.22337,-12.808,-14.91,-10.7059,8.60367,7.80113,9.40622,0.0173219,-0.0160053,0.0506491,0.000449649,-0.147891,0.148791,-1.97984,-2.72969,-1.23,-3.07427,-3.79701,-2.35153,125.333,11.7406,238.926,0,0,0,0,0,0,4470.67,4004.61,4936.73,0,0,0,-5.18485,-7.86467,-2.50503,7.26912,5.18368,9.35457,7.22088,5.16561,9.27616,,,,,,,0.591509,0.506248,0.676771,0.59506,0.510479,0.679641
w-high.g-none.v-none,cap_t,0.01,6,4.2135,3.18971,5.23729,-12.7793,-14.898,-10.6606,8.60208,7.79045,9.41372,0.0209306,-0.0195458,0.061407,0.00138679,-0.145667,0.148441,-2.03863,-2.83762,-1.23964,-3.12473,-3.89087,-2.35858,392,-460.33,1244.33,38.6282,33.8896,43.3668,40.6667,36.8732,44.4602,4430,3966.82,4893.18,250,250,250,-5.18485,-7.86467,-2.50503,7.26912,5.18368,9.35457,7.22088,5.16561,9.27616,,,,,,,0.590328,0.507101,0.673555,0.593865,0.511416,0.676314
w-high.g-none.v-none,cap_t,0.05,6,4.243,3.1842,5.3018,-12.6939,-14.8409,-10.5468,8.56375,7.65659,9.47092,0.0142279,-0.0223461,0.0508019,-0.0335346,-0.119738,0.0526688,-2.11261,-2.94474,-1.28048,-3.20309,-4.0102,-2.39598,1381.33,-825.403,3588.07,193.141,169.448,216.834,183.833,163.566,204.1,4286.83,3837.35,4736.32,1250,1250,1250,-5.18485,-7.86467,-2.50503,7.26912,5.18368,9.35457,7.22088,5.16561,9.27616,,,,,,,0.594262,0.50628,0.682245,0.597802,0.510643,0.684962
w-high.g-none.v-none,cap_t,0.1,6,4.22457,3.18951,5.25963,-12.6764,-14.8297,-10.5231,8.48661,7.80737,9.16584,0.0113753,-0.0178658,0.0406164,-0.0294049,-0.104993,0.0461828,-2.21048,-3.06976,-1.35119,-3.29565,-4.12369,-2.46762,376,-484.822,1236.82,386.282,338.896,433.668,379,335.807,422.193,4091.67,3663.07,4520.27,2500,2500,2500,-5.18485,-7.86467,-2.50503,7.26912,5.18368,9.35457,7.22088,5.16561,9.27616,,,,,,,0.591317,0.509332,0.673301,0.594856,0.513724,0.675989
w-high.g-none.v-none,cap_t,0.15,6,4.07162,3.01476,5.12848,-12.8449,-15.0414,-10.6485,8.45186,7.60855,9.29517,0.138629,-0.133276,0.410534,0.184694,-0.220654,0.590042,-1.68918,-2.45545,-0.922921,-2.79568,-3.51721,-2.07416,802.667,-901.974,2507.31,579.423,508.344,650.502,560.5,494.225,626.775,3910.17,3507.18,4313.15,3750,3750,3750,-5.18485,-7.86467,-2.50503,7.26912,5.18368,9.35457,7.22088,5.16561,9.27616,,,,,,,0.569567,0.479186,0.659949,0.572972,0.483247,0.662697
w-high.g-none.v-none,cap_t,0.25,6,4.04382,2.99583,5.09181,-12.7565,-14.9713,-10.5416,8.40874,7.5576,9.25989,0.132935,-0.128231,0.394101,0.16557,-0.186122,0.517263,-1.87641,-2.80803,-0.944782,-2.97829,-3.84637,-2.11022,872,-837.441,2581.44,965.705,847.241,1084.17,936.833,827.802,1045.86,3533.83,3174.69,3892.98,6250,6250,6250,-5.18485,-7.86467,-2.50503,7.26912,5.18368,9.35457,7.22088,5.16561,9.27616,,,,,,,0.56527,0.481438,0.649102,0.568667,0.485476,0.651857
w-high.g-none.v-none,dm,,6,2.0025,0.742587,3.2624,6.49067,5.40173,7.57961,,,,0.474219,0.0313211,0.917117,0.257116,-0.0469482,0.56118,,,,,,,,,,,,,,,,,,,,,,-5.18485,-7.86467,-2.50503,7.26912,5.18368,9.35457,7.22088,5.16561,9.27616,1.65552,1.00876,2.30228,1.50406,0.845673,2.16244,0.263355,0.125849,0.400861,0.264784,0.126951,0.402617
w-high.g-none.v-none,dm_own,,6,2.09485,0.841737,3.34795,6.5632,5.50513,7.62127,,,,0.391972,-0.0158419,0.799787,0.192351,-0.0823286,0.467032,,,,,,,,,,,,,,,,,,,,,,-5.18485,-7.86467,-2.50503,7.26912,5.18368,9.35457,7.22088,5.16561,9.27616,1.50685,0.857426,2.15627,1.35496,0.693328,2.01659,0.276497,0.141118,0.411876,0.278015,0.142335,0.413694
w-high.g-none.v-none,native_avg,0,6,-6.27156,-7.82831,-4.71481,-15.4218,-17.3126,-13.5311,,,,0.538831,-0.846278,1.92394,-0.0171545,-0.0286794,-0.00562969,,,,,,,,,,0,0,0,0,0,0,4470.67,4004.61,4936.73,0,0,0,-5.18485,-7.86467,-2.50503,7.26912,5.18368,9.35457,7.22088,5.16561,9.27616,,,,,,,-0.97983,-1.54309,-0.416572,-0.97983,-1.54309,-0.416572
w-high.g-none.v-none,native_avg,0.01,6,-5.73273,-7.71887,-3.74658,-15.4213,-17.3123,-13.5303,,,,0,0,0,-0.0137955,-0.0273165,-0.000274584,,,,,,,,,,38.6282,33.8896,43.3668,40.6667,36.8732,44.4602,4430,3966.82,4893.18,250,250,250,-5.18485,-7.86467,-2.50503,7.26912,5.18368,9.35457,7.22088,5.16561,9.27616,,,,,,,-0.912048,-1.52486,-0.299239,-0.912048,-1.52486,-0.299239
w-high.g-none.v-none,native_avg,0.05,6,-5.82488,-7.9213,-3.72846,-15.418,-17.3061,-13.5299,,,,0.0946628,-0.141009,0.330335,-0.0132454,-0.0282871,0.00179627,,,,,,,,,,193.141,169.448,216.834,183.833,163.566,204.1,4286.83,3837.35,4736.32,1250,1250,1250,-5.18485,-7.86467,-2.50503,7.26912,5.18368,9.35457,7.22088,5.16561,9.27616,,,,,,,-0.929874,-1.56364,-0.296108,-0.929874,-1.56364,-0.296108
w-high.g-none.v-none,native_avg,0.1,6,-7.40904,-11.7154,-3.10265,-15.3961,-17.2689,-13.5233,,,,1.68082,-2.60526,5.96689,-0.0373282,-0.0738938,-0.000762624,,,,,,,,,,386.282,338.896,433.668,379,335.807,422.193,4091.67,3663.07,4520.27,2500,2500,2500,-5.18485,-7.86467,-2.50503,7.26912,5.18368,9.35457,7.22088,5.16561,9.27616,,,,,,,-1.08287,-1.69882,-0.466923,-1.08287,-1.69882,-0.466923
w-high.g-none.v-none,native_avg,0.15,6,-7.43035,-11.7972,-3.06345,-15.413,-17.3156,-13.5104,,,,1.70175,-2.65462,6.05813,-0.0212222,-0.0426181,0.000173589,,,,,,,,,,579.423,508.344,650.502,560.5,494.225,626.775,3910.17,3507.18,4313.15,3750,3750,3750,-5.18485,-7.86467,-2.50503,7.26912,5.18368,9.35457,7.22088,5.16561,9.27616,,,,,,,-1.08458,-1.70231,-0.466846,-1.08458,-1.70231,-0.466846
w-high.g-none.v-none,native_avg,0.25,6,-5.9066,-7.84227,-3.97092,-15.4156,-17.3177,-13.5135,,,,0.173869,-0.273075,0.620812,-0.0214414,-0.0404129,-0.00246991,,,,,,,,,,965.705,847.241,1084.17,936.833,827.802,1045.86,3533.83,3174.69,3892.98,6250,6250,6250,-5.18485,-7.86467,-2.50503,7.26912,5.18368,9.35457,7.22088,5.16561,9.27616,,,,,,,-0.929702,-1.52811,-0.33129,-0.929702,-1.52811,-0.33129
w-high.g-none.v-none,native_prod_c,0,6,-10.7969,-16.4294,-5.16446,-15.3724,-17.2575,-13.4873,,,,5.06418,-0.970396,11.0988,-0.0644254,-0.10749,-0.0213608,,,,,,,,,,0,0,0,0,0,0,4470.67,4004.61,4936.73,0,0,0,-5.18485,-7.86467,-2.50503,7.26912,5.18368,9.35457,7.22088,5.16561,9.27616,,,,,,,-1.50834,-2.16259,-0.854089,-1.50834,-2.16259,-0.854089
w-high.g-none.v-none,native_prod_c,0.01,6,-10.7969,-16.4294,-5.16446,-15.3689,-17.2553,-13.4824,,,,5.06418,-0.970396,11.0988,-0.0673741,-0.113033,-0.0217149,,,,,,,,,,38.6282,33.8896,43.3668,40.6667,36.8732,44.4602,4430,3966.82,4893.18,250,250,250,-5.18485,-7.86467,-2.50503,7.26912,5.18368,9.35457,7.22088,5.16561,9.27616,,,,,,,-1.50834,-2.16259,-0.854089,-1.50834,-2.16259,-0.854089
w-high.g-none.v-none,native_prod_c,0.05,6,-10.3736,-15.3761,-5.37104,-15.3569,-17.2466,-13.4673,,,,4.64083,-0.770491,10.0522,-0.077296,-0.130722,-0.0238697,,,,,,,,,,193.141,169.448,216.834,183.833,163.566,204.1,4286.83,3837.35,4736.32,1250,1250,1250,-5.18485,-7.86467,-2.50503,7.26912,5.18368,9.35457,7.22088,5.16561,9.27616,,,,,,,-1.45374,-2.03112,-0.876368,-1.45374,-2.03112,-0.876368
w-high.g-none.v-none,native_prod_c,0.1,6,-9.45166,-13.7681,-5.13522,-15.3432,-17.2365,-13.4499,,,,3.71893,-0.96539,8.40325,-0.0890649,-0.153036,-0.0250941,,,,,,,,,,386.282,338.896,433.668,379,335.807,422.193,4091.67,3663.07,4520.27,2500,2500,2500,-5.18485,-7.86467,-2.50503,7.26912,5.18368,9.35457,7.22088,5.16561,9.27616,,,,,,,-1.33485,-1.84815,-0.82156,-1.33485,-1.84815,-0.82156
w-high.g-none.v-none,native_prod_c,0.15,6,-9.08821,-14.3918,-3.78461,-15.3314,-17.2272,-13.4356,,,,3.35548,-2.10027,8.81124,-0.0990985,-0.171653,-0.026544,,,,,,,,,,579.423,508.344,650.502,560.5,494.225,626.775,3910.17,3507.18,4313.15,3750,3750,3750,-5.18485,-7.86467,-2.50503,7.26912,5.18368,9.35457,7.22088,5.16561,9.27616,,,,,,,-1.29827,-1.97688,-0.61965,-1.29827,-1.97688,-0.61965
w-high.g-none.v-none,native_prod_c,0.25,6,-7.56621,-11.98,-3.15244,-15.3111,-17.2112,-13.4109,,,,1.83348,-2.36619,6.03314,-0.116566,-0.203538,-0.0295951,,,,,,,,,,965.705,847.241,1084.17,936.833,827.802,1045.86,3533.83,3174.69,3892.98,6250,6250,6250,-5.18485,-7.86467,-2.50503,7.26912,5.18368,9.35457,7.22088,5.16561,9.27616,,,,,,,-1.14373,-1.86812,-0.419333,-1.14373,-1.86812,-0.419333
w-high.g-none.v-none,native_prod_t,0,6,-19.9381,-22.1713,-17.705,-15.4513,-17.3467,-13.5558,,,,0.0920747,0.0514733,0.132676,6.33082e-08,-4.0942e-08,1.67558e-07,,,,,,,,,,0,0,0,0,0,0,4470.67,4004.61,4936.73,0,0,0,-5.18485,-7.86467,-2.50503,7.26912,5.18368,9.35457,7.22088,5.16561,9.27616,,,,,,,-3.02559,-4.35932,-1.69186,-3.02559,-4.35932,-1.69186
w-high.g-none.v-none,native_prod_t,0.01,6,-18.8362,-23.1516,-14.5208,-15.4513,-17.3467,-13.5558,,,,1.58318,-0.0290463,3.19541,5.54255e-05,-6.82104e-05,0.000179061,,,,,,,,,,38.6282,33.8896,43.3668,40.6667,36.8732,44.4602,4430,3966.82,4893.18,250,250,250,-5.18485,-7.86467,-2.50503,7.26912,5.18368,9.35457,7.22088,5.16561,9.27616,,,,,,,-2.89963,-4.45373,-1.34552,-2.89963,-4.45373,-1.34552
w-high.g-none.v-none,native_prod_t,0.05,6,-18.9353,-23.7128,-14.1578,-15.4513,-17.3467,-13.5558,,,,3.41056,0.665435,6.15568,3.21411e-05,-3.31635e-05,9.74457e-05,,,,,,,,,,193.141,169.448,216.834,183.833,163.566,204.1,4286.83,3837.35,4736.32,1250,1250,1250,-5.18485,-7.86467,-2.50503,7.26912,5.18368,9.35457,7.22088,5.16561,9.27616,,,,,,,-2.89757,-4.40279,-1.39234,-2.89757,-4.40279,-1.39234
w-high.g-none.v-none,native_prod_t,0.1,6,-15.577,-22.439,-8.71508,-15.4513,-17.3467,-13.5558,,,,0.585957,-0.377975,1.54989,5.32204e-05,-6.03229e-06,0.000112473,,,,,,,,,,386.282,338.896,433.668,379,335.807,422.193,4091.67,3663.07,4520.27,2500,2500,2500,-5.18485,-7.86467,-2.50503,7.26912,5.18368,9.35457,7.22088,5.16561,9.27616,,,,,,,-2.5359,-4.38873,-0.683059,-2.5359,-4.38873,-0.683059
w-high.g-none.v-none,native_prod_t,0.15,6,-15.6746,-23.2106,-8.13868,-15.4513,-17.3467,-13.5558,,,,1.31005,-0.625068,3.24517,0.00046057,-0.000384237,0.00130538,,,,,,,,,,579.423,508.344,650.502,560.5,494.225,626.775,3910.17,3507.18,4313.15,3750,3750,3750,-5.18485,-7.86467,-2.50503,7.26912,5.18368,9.35457,7.22088,5.16561,9.27616,,,,,,,-2.54434,-4.4105,-0.678179,-2.54434,-4.4105,-0.678179
w-high.g-none.v-none,native_prod_t,0.25,6,-16.4925,-22.4359,-10.5491,-15.4513,-17.3467,-13.5558,,,,0.686815,-1.0787,2.45233,0.000702034,-0.000530566,0.00193463,,,,,,,,,,965.705,847.241,1084.17,936.833,827.802,1045.86,3533.83,3174.69,3892.98,6250,6250,6250,-5.18485,-7.86467,-2.50503,7.26912,5.18368,9.35457,7.22088,5.16561,9.27616,,,,,,,-2.58319,-4.1805,-0.985874,-2.58319,-4.1805,-0.985874
w-high.g-none.v-none,no_prop,,6,0.842395,0.599066,1.08572,5.25949,5.0189,5.50008,,,,0.179253,0.119673,0.238834,0.176888,0.0472775,0.306499,,,,,,,,,,,,,,,,,,,,,,-5.18485,-7.86467,-2.50503,7.26912,5.18368,9.35457,7.22088,5.16561,9.27616,-16.8508,-18.3853,-15.3163,-17.1699,-18.6166,-15.7231,0.117408,0.0945738,0.140242,0.118124,0.0952793,0.140969
w-high.g-none.v-none,opc,,6,3.03256,2.0765,3.98861,7.49096,6.71671,8.26521,,,,0.181199,0.0516443,0.310753,0.206997,0.0898494,0.324145,,,,,,,,,,,,,,,,,,,,,,-5.18485,-7.86467,-2.50503,7.26912,5.18368,9.35457,7.22088,5.16561,9.27616,-0.0588434,-0.51323,0.395543,-1.26486,-1.73533,-0.794394,0.421933,0.331936,0.511931,0.424399,0.334707,0.514091
w-high.g-none.v-none,opc_raw,,6,2.70615,1.73042,3.68189,7.16411,6.29767,8.03055,,,,0.26201,-0.0236368,0.547657,0.236965,-0.0323101,0.50624,,,,,,,,,,,,,,,,,,,,,,-5.18485,-7.86467,-2.50503,7.26912,5.18368,9.35457,7.22088,5.16561,9.27616,-0.154706,-0.699177,0.389765,-1.38371,-1.94318,-0.824245,0.37668,0.282409,0.47095,0.378808,0.284826,0.472791
w-high.g-none.v-none,tempered_logger,,6,-1.17201e-08,-3.59327e-08,1.24926e-08,4.4535,4.10224,4.80475,,,,1.45942e-05,-2.29214e-05,5.21098e-05,0.0405457,0.00884489,0.0722465,,,,,,,,,,,,,,,,,,,,,,-5.18485,-7.86467,-2.50503,7.26912,5.18368,9.35457,7.22088,5.16561,9.27616,-0.231713,-0.627461,0.164035,-1.41979,-1.88013,-0.959452,-1.43454e-09,-4.3645e-09,1.49542e-09,-1.44319e-09,-4.39125e-09,1.50488e-09
w-high.g-none.v-none,warm_c,0,6,0.459196,-1.47844,2.39683,-13.6823,-15.5075,-11.857,4.9391,2.95057,6.92763,0.893982,-1.01461,2.80258,0.225654,-0.638363,1.08967,0.0139056,-0.918733,0.946545,-1.13904,-2.22001,-0.0580766,1296,-343.92,2935.92,0,0,0,0,0,0,4470.67,4004.61,4936.73,0,0,0,-5.18485,-7.86467,-2.50503,7.26912,5.18368,9.35457,7.22088,5.16561,9.27616,,,,,,,0.0735721,-0.17314,0.320284,0.0735721,-0.17314,0.320284
w-high.g-none.v-none,warm_c,0.01,6,1.0101,0.0361714,1.98402,-13.7569,-15.5382,-11.9757,5.46425,4.42587,6.50263,0.35798,-0.327875,1.04384,0.328679,-0.246919,0.904278,-0.0533022,-0.705914,0.59931,-1.24582,-1.95304,-0.538607,2080,-237.884,4397.88,38.6282,33.8896,43.3668,40.6667,36.8732,44.4602,4430,3966.82,4893.18,250,250,250,-5.18485,-7.86467,-2.50503,7.26912,5.18368,9.35457,7.22088,5.16561,9.27616,,,,,,,0.142355,0.0260819,0.258628,0.142355,0.0260819,0.258628
w-high.g-none.v-none,warm_c,0.05,6,0.853656,-0.489733,2.19705,-13.7167,-15.4808,-11.9526,5.3252,3.86528,6.78513,0.506641,-0.208467,1.22175,0.3548,-0.171936,0.881535,0.068278,-0.26185,0.398406,-1.09625,-1.37602,-0.816488,784,-922.643,2490.64,193.141,169.448,216.834,183.833,163.566,204.1,4286.83,3837.35,4736.32,1250,1250,1250,-5.18485,-7.86467,-2.50503,7.26912,5.18368,9.35457,7.22088,5.16561,9.27616,,,,,,,0.129225,-0.0248986,0.283349,0.129225,-0.0248986,0.283349
w-high.g-none.v-none,warm_c,0.1,6,1.05855,-0.247865,2.36496,-13.6709,-15.4699,-11.8718,5.53044,4.14533,6.91555,0.344954,-0.220795,0.910703,0.303451,-0.172084,0.778987,0.0187828,-0.335615,0.37318,-1.15671,-1.50063,-0.812789,1429.33,-740.14,3598.81,386.282,338.896,433.668,379,335.807,422.193,4091.67,3663.07,4520.27,2500,2500,2500,-5.18485,-7.86467,-2.50503,7.26912,5.18368,9.35457,7.22088,5.16561,9.27616,,,,,,,0.153256,0.00464068,0.301872,0.153256,0.00464068,0.301872
w-high.g-none.v-none,warm_c,0.15,6,1.07765,-0.177559,2.33285,-13.6311,-15.4595,-11.8026,5.56097,4.23757,6.88438,0.325276,-0.187519,0.83807,0.275315,-0.174493,0.725123,-0.127361,-0.386833,0.13211,-1.30515,-1.58681,-1.02348,400,11.9869,788.013,579.423,508.344,650.502,560.5,494.225,626.775,3910.17,3507.18,4313.15,3750,3750,3750,-5.18485,-7.86467,-2.50503,7.26912,5.18368,9.35457,7.22088,5.16561,9.27616,,,,,,,0.154294,0.0113936,0.297195,0.154294,0.0113936,0.297195
w-high.g-none.v-none,warm_c,0.25,6,1.17233,0.0669387,2.27773,-13.5585,-15.439,-11.678,5.61701,4.45311,6.78091,0.215322,-0.125493,0.556136,0.237918,-0.172451,0.648288,-0.246844,-0.746319,0.25263,-1.44762,-1.95551,-0.939733,282.667,-147.086,712.419,965.705,847.241,1084.17,936.833,827.802,1045.86,3533.83,3174.69,3892.98,6250,6250,6250,-5.18485,-7.86467,-2.50503,7.26912,5.18368,9.35457,7.22088,5.16561,9.27616,,,,,,,0.164164,0.0387575,0.28957,0.164164,0.0387575,0.28957
w-high.g-none.v-none,warm_t,0,6,0.431998,-0.0366098,0.900605,-13.8174,-15.5922,-12.0427,4.88581,4.25009,5.52154,0.298345,-0.27347,0.87016,0.531447,-0.453878,1.51677,-0.322888,-0.85511,0.209335,-1.57314,-2.14332,-1.00295,741.333,-983.67,2466.34,0,0,0,0,0,0,4470.67,4004.61,4936.73,0,0,0,-5.18485,-7.86467,-2.50503,7.26912,5.18368,9.35457,7.22088,5.16561,9.27616,,,,,,,0.0653475,-0.00920002,0.139895,0.0653475,-0.00920002,0.139895
w-high.g-none.v-none,warm_t,0.01,6,0.444915,-0.0388841,0.928715,-13.7931,-15.589,-11.9972,4.90461,4.26271,5.54651,0.303855,-0.273384,0.881095,0.527733,-0.445143,1.50061,-0.287924,-0.839844,0.263996,-1.53879,-2.12506,-0.952521,176,-16.0347,368.035,38.6282,33.8896,43.3668,40.6667,36.8732,44.4602,4430,3966.82,4893.18,250,250,250,-5.18485,-7.86467,-2.50503,7.26912,5.18368,9.35457,7.22088,5.16561,9.27616,,,,,,,0.0669872,-0.00901708,0.142991,0.0669872,-0.00901708,0.142991
w-high.g-none.v-none,warm_t,0.05,6,0.271936,-0.128006,0.671877,-13.9282,-15.6333,-12.2231,4.72092,4.08355,5.35829,0.523268,-0.157994,1.20453,0.712277,-0.222752,1.64731,-0.369304,-0.941008,0.202401,-1.6091,-2.22875,-0.98945,394.667,-456.135,1245.47,193.141,169.448,216.834,183.833,163.566,204.1,4286.83,3837.35,4736.32,1250,1250,1250,-5.18485,-7.86467,-2.50503,7.26912,5.18368,9.35457,7.22088,5.16561,9.27616,,,,,,,0.0462476,-0.0284275,0.120923,0.0462476,-0.0284275,0.120923
w-high.g-none.v-none,warm_t,0.1,6,0.265705,-0.153432,0.684842,-13.9132,-15.5888,-12.2376,4.72996,4.05547,5.40444,0.552735,-0.117741,1.22321,0.68366,-0.124418,1.49174,-0.416756,-0.837894,0.00438206,-1.65297,-2.12774,-1.1782,90.6667,46.0309,135.302,386.282,338.896,433.668,379,335.807,422.193,4091.67,3663.07,4520.27,2500,2500,2500,-5.18485,-7.86467,-2.50503,7.26912,5.18368,9.35457,7.22088,5.16561,9.27616,,,,,,,0.0461522,-0.0309461,0.12325,0.0461522,-0.0309461,0.12325
w-high.g-none.v-none,warm_t,0.15,6,0.256243,-0.150516,0.663002,-13.8621,-15.5708,-12.1533,4.71905,4.06826,5.36983,0.552651,-0.118022,1.22332,0.631258,-0.123668,1.38618,-0.408194,-0.849561,0.0331734,-1.64289,-2.14064,-1.14515,85.3333,34.7742,135.892,579.423,508.344,650.502,560.5,494.225,626.775,3910.17,3507.18,4313.15,3750,3750,3750,-5.18485,-7.86467,-2.50503,7.26912,5.18368,9.35457,7.22088,5.16561,9.27616,,,,,,,0.0446397,-0.0304841,0.119764,0.0446397,-0.0304841,0.119764
w-high.g-none.v-none,warm_t,0.25,6,0.265484,-0.146278,0.677245,-13.8524,-15.5835,-12.1214,4.71576,4.02645,5.40507,0.542011,-0.119302,1.20332,0.619341,-0.0766413,1.31532,-0.417568,-0.926648,0.0915117,-1.65316,-2.23433,-1.072,773.333,-936.963,2483.63,965.705,847.241,1084.17,936.833,827.802,1045.86,3533.83,3174.69,3892.98,6250,6250,6250,-5.18485,-7.86467,-2.50503,7.26912,5.18368,9.35457,7.22088,5.16561,9.27616,,,,,,,0.0458782,-0.0297621,0.121518,0.0458782,-0.0297621,0.121518
w-none.g-high.v-none,cap_c,0,6,1.21977,0.805206,1.63433,-14.4577,-15.8847,-13.0307,5.96694,5.67386,6.26003,0.251363,-0.0479615,0.550688,-0.540202,-0.989555,-0.0908491,-0.227332,-1.01166,0.556998,-1.44863,-2.16123,-0.736038,794.667,-914.178,2503.51,0,0,0,0,0,0,4763.5,4444.01,5082.99,0,0,0,-6.56728,-8.70688,-4.42768,5.88669,4.20924,7.56414,3.98774,2.69433,5.28115,,,,,,,0.206653,0.175026,0.23828,0.304882,0.279524,0.330241
w-none.g-high.v-none,cap_c,0.01,6,1.32565,0.825886,1.82541,-14.5651,-15.8576,-13.2726,6.09219,5.90309,6.28129,0.156799,-0.0985221,0.41212,-0.406472,-0.888106,0.0751622,-0.255078,-1.08317,0.573016,-1.48558,-2.25936,-0.711796,2080,-237.884,4397.88,41.3242,38.091,44.5574,44.3333,39.3813,49.2854,4719.17,4402.28,5036.05,250,250,250,-6.56728,-8.70688,-4.42768,5.88669,4.20924,7.56414,3.98774,2.69433,5.28115,,,,,,,0.221181,0.191846,0.250515,0.329544,0.272367,0.38672
w-none.g-high.v-none,cap_c,0.05,6,1.34001,0.811244,1.86877,-14.4676,-15.8042,-13.1309,6.11636,5.93796,6.29475,0.146271,-0.134726,0.427268,-0.387575,-0.863819,0.0886698,-0.141558,-0.966787,0.683672,-1.36826,-2.13082,-0.605694,1040,-576.649,2656.65,206.621,190.455,222.787,199.833,189.102,210.565,4563.67,4252.1,4875.24,1250,1250,1250,-6.56728,-8.70688,-4.42768,5.88669,4.20924,7.56414,3.98774,2.69433,5.28115,,,,,,,0.222905,0.189551,0.256259,0.332329,0.268595,0.396063
w-none.g-high.v-none,cap_c,0.1,6,1.31262,0.784358,1.84088,-14.4021,-15.7849,-13.0192,6.09796,5.91495,6.28098,0.190335,-0.148921,0.529592,-0.456109,-0.783503,-0.128715,-0.0523917,-0.776594,0.671811,-1.2822,-1.95212,-0.61229,805.333,-889.33,2500,413.242,380.91,445.574,409.833,388.486,431.18,4353.67,4051.89,4655.44,2500,2500,2500,-6.56728,-8.70688,-4.42768,5.88669,4.20924,7.56414,3.98774,2.69433,5.28115,,,,,,,0.218332,0.183086,0.253578,0.325654,0.258718,0.39259
w-none.g-high.v-none,cap_c,0.15,6,1.33844,0.823308,1.85357,-14.3336,-15.7485,-12.9187,6.10069,5.95938,6.24199,0.165907,-0.13256,0.464374,-0.353443,-0.70205,-0.00483716,-0.151247,-0.875817,0.573323,-1.3846,-2.06847,-0.70072,485.333,-338.463,1309.13,619.863,571.365,668.361,611.167,575.962,646.372,4152.33,3864.36,4440.31,3750,3750,3750,-6.56728,-8.70688,-4.42768,5.88669,4.20924,7.56414,3.98774,2.69433,5.28115,,,,,,,0.223307,0.192076,0.254537,0.332876,0.271187,0.394566
w-none.g-high.v-none,cap_c,0.25,6,1.33625,0.811101,1.8614,-14.3214,-15.7167,-12.9262,6.12808,5.98711,6.26906,0.142374,-0.13885,0.423599,-0.249941,-0.499128,-0.000754747,0.02663,-0.722931,0.776191,-1.23137,-1.90265,-0.560099,1888,-40.7848,3816.78,1033.11,952.276,1113.94,1019.17,953.223,1085.11,3744.33,3488.48,4000.19,6250,6250,6250,-6.56728,-8.70688,-4.42768,5.88669,4.20924,7.56414,3.98774,2.69433,5.28115,,,,,,,0.221067,0.191353,0.250781,0.331458,0.25976,0.403156
w-none.g-high.v-none,cap_t,0,6,1.2199,0.805326,1.63447,-14.4577,-15.8848,-13.0307,5.96693,5.67381,6.26004,0.278204,-0.00923536,0.565644,-0.333603,-1.19722,0.530017,-0.227509,-1.01205,0.55703,-1.44881,-2.16162,-0.735993,794.667,-914.178,2503.51,0,0,0,0,0,0,4763.5,4444.01,5082.99,0,0,0,-6.56728,-8.70688,-4.42768,5.88669,4.20924,7.56414,3.98774,2.69433,5.28115,,,,,,,0.206671,0.175073,0.238268,0.304912,0.279585,0.330238
w-none.g-high.v-none,cap_t,0.01,6,1.32559,0.825852,1.82533,-14.5651,-15.8576,-13.2727,6.09219,5.90308,6.2813,0.162436,-0.0919852,0.416857,-0.174834,-1.0688,0.719134,-0.254942,-1.08322,0.573339,-1.48544,-2.25941,-0.711471,2080,-237.884,4397.88,41.3242,38.091,44.5574,44.3333,39.3813,49.2854,4719.17,4402.28,5036.05,250,250,250,-6.56728,-8.70688,-4.42768,5.88669,4.20924,7.56414,3.98774,2.69433,5.28115,,,,,,,0.221172,0.191837,0.250508,0.329531,0.27235,0.386713
w-none.g-high.v-none,cap_t,0.05,6,1.34003,0.811268,1.86879,-14.4676,-15.8042,-13.1309,6.11635,5.93796,6.29475,0.153223,-0.129183,0.435628,-0.206911,-0.725314,0.311492,-0.141581,-0.966826,0.683665,-1.36828,-2.13086,-0.605701,1040,-576.649,2656.65,206.621,190.455,222.787,199.833,189.102,210.565,4563.67,4252.1,4875.24,1250,1250,1250,-6.56728,-8.70688,-4.42768,5.88669,4.20924,7.56414,3.98774,2.69433,5.28115,,,,,,,0.222909,0.189555,0.256264,0.332336,0.2686,0.396072
w-none.g-high.v-none,cap_t,0.1,6,1.31268,0.784346,1.84102,-14.4021,-15.7849,-13.0192,6.09796,5.91495,6.28097,0.192445,-0.147981,0.532871,-0.389922,-0.754319,-0.0255249,-0.0524706,-0.776635,0.671693,-1.28228,-1.95216,-0.612403,805.333,-889.33,2500,413.242,380.91,445.574,409.833,388.486,431.18,4353.67,4051.89,4655.44,2500,2500,2500,-6.56728,-8.70688,-4.42768,5.88669,4.20924,7.56414,3.98774,2.69433,5.28115,,,,,,,0.218342,0.183083,0.2536,0.325667,0.258728,0.392605
w-none.g-high.v-none,cap_t,0.15,6,1.33852,0.823288,1.85376,-14.3336,-15.7485,-12.9187,6.10068,5.95938,6.24199,0.1668,-0.134201,0.4678,-0.353453,-0.702075,-0.00483167,-0.151335,-0.876021,0.573351,-1.38468,-2.06869,-0.700679,485.333,-338.463,1309.13,619.863,571.365,668.361,611.167,575.962,646.372,4152.33,3864.36,4440.31,3750,3750,3750,-6.56728,-8.70688,-4.42768,5.88669,4.20924,7.56414,3.98774,2.69433,5.28115,,,,,,,0.223318,0.192076,0.25456,0.332896,0.271168,0.394624
w-none.g-high.v-none,cap_t,0.25,6,1.33652,0.811671,1.86137,-14.3214,-15.7167,-12.9262,6.12808,5.98709,6.26907,0.142321,-0.138919,0.42356,-0.249941,-0.499142,-0.000739075,0.0263679,-0.72333,0.776066,-1.23163,-1.903,-0.560269,2229.33,76.5589,4382.11,1033.11,952.276,1113.94,1019.17,953.223,1085.11,3744.33,3488.48,4000.19,6250,6250,6250,-6.56728,-8.70688,-4.42768,5.88669,4.20924,7.56414,3.98774,2.69433,5.28115,,,,,,,0.221131,0.191477,0.250786,0.33155,0.259924,0.403176
w-none.g-high.v-none,dm,,6,0.773124,0.372029,1.17422,5.56464,5.44861,5.68066,,,,0.373753,0.215894,0.531612,0.10471,-0.0096023,0.219023,,,,,,,,,,,,,,,,,,,,,,-6.56728,-8.70688,-4.42768,5.88669,4.20924,7.56414,3.98774,2.69433,5.28115,1.25545,0.855498,1.6554,1.10589,0.659504,1.55228,0.123913,0.085741,0.162085,0.184813,0.12654,0.243086
w-none.g-high.v-none,dm_own,,6,0.81278,0.437431,1.18813,5.58867,5.46066,5.71668,,,,0.344602,0.210906,0.478298,0.0814526,-0.0100038,0.172909,,,,,,,,,,,,,,,,,,,,,,-6.56728,-8.70688,-4.42768,5.88669,4.20924,7.56414,3.98774,2.69433,5.28115,1.17783,0.788942,1.56672,1.02796,0.588552,1.46738,0.132118,0.101286,0.16295,0.197192,0.146952,0.247433
w-none.g-high.v-none,native_avg,0,6,-8.0902,-10.2613,-5.91911,-16.4981,-17.7882,-15.2081,,,,1.06706,-1.6759,3.81001,-0.0160371,-0.0275625,-0.00451174,,,,,,,,,,0,0,0,0,0,0,4763.5,4444.01,5082.99,0,0,0,-6.56728,-8.70688,-4.42768,5.88669,4.20924,7.56414,3.98774,2.69433,5.28115,,,,,,,-1.52496,-2.26679,-0.783122,-1.52496,-2.26679,-0.783122
w-none.g-high.v-none,native_avg,0.01,6,-8.6558,-12.3263,-4.98533,-16.4723,-17.7708,-15.1738,,,,1.63265,-2.02427,5.28957,-0.0416021,-0.100944,0.0177396,,,,,,,,,,41.3242,38.091,44.5574,44.3333,39.3813,49.2854,4719.17,4402.28,5036.05,250,250,250,-6.56728,-8.70688,-4.42768,5.88669,4.20924,7.56414,3.98774,2.69433,5.28115,,,,,,,-1.61032,-2.47382,-0.746824,-1.61032,-2.47382,-0.746824
w-none.g-high.v-none,native_avg,0.05,6,-7.60314,-9.15562,-6.05065,-16.495,-17.7817,-15.2082,,,,0.579995,-0.54705,1.70704,-0.0188409,-0.0265108,-0.011171,,,,,,,,,,206.621,190.455,222.787,199.833,189.102,210.565,4563.67,4252.1,4875.24,1250,1250,1250,-6.56728,-8.70688,-4.42768,5.88669,4.20924,7.56414,3.98774,2.69433,5.28115,,,,,,,-1.46199,-2.26066,-0.66332,-1.46199,-2.26066,-0.66332
w-none.g-high.v-none,native_avg,0.1,6,-7.47578,-8.83086,-6.1207,-16.4966,-17.784,-15.2092,,,,0.45264,-0.687543,1.59282,-0.0176838,-0.0253747,-0.00999291,,,,,,,,,,413.242,380.91,445.574,409.833,388.486,431.18,4353.67,4051.89,4655.44,2500,2500,2500,-6.56728,-8.70688,-4.42768,5.88669,4.20924,7.56414,3.98774,2.69433,5.28115,,,,,,,-1.4276,-2.16402,-0.691184,-1.4276,-2.16402,-0.691184
w-none.g-high.v-none,native_avg,0.15,6,-7.46927,-8.8156,-6.12293,-16.4979,-17.7853,-15.2105,,,,0.446122,-0.697253,1.5895,-0.0169669,-0.0244337,-0.00950019,,,,,,,,,,619.863,571.365,668.361,611.167,575.962,646.372,4152.33,3864.36,4440.31,3750,3750,3750,-6.56728,-8.70688,-4.42768,5.88669,4.20924,7.56414,3.98774,2.69433,5.28115,,,,,,,-1.42584,-2.15922,-0.692465,-1.42584,-2.15922,-0.692465
w-none.g-high.v-none,native_avg,0.25,6,-7.50389,-8.82627,-6.1815,-16.5002,-17.7878,-15.2127,,,,0.480743,-0.648421,1.60991,-0.0158355,-0.0229822,-0.00868885,,,,,,,,,,1033.11,952.276,1113.94,1019.17,953.223,1085.11,3744.33,3488.48,4000.19,6250,6250,6250,-6.56728,-8.70688,-4.42768,5.88669,4.20924,7.56414,3.98774,2.69433,5.28115,,,,,,,-1.43036,-2.15883,-0.701893,-1.43036,-2.15883,-0.701893
w-none.g-high.v-none,native_prod_c,0,6,-10.8593,-14.1259,-7.59258,-16.4505,-17.7261,-15.175,,,,3.83612,-0.558926,8.23117,-0.0725735,-0.108512,-0.036635,,,,,,,,,,0,0,0,0,0,0,4763.5,4444.01,5082.99,0,0,0,-6.56728,-8.70688,-4.42768,5.88669,4.20924,7.56414,3.98774,2.69433,5.28115,,,,,,,-1.92365,-2.46697,-1.38034,-1.92365,-2.46697,-1.38034
w-none.g-high.v-none,native_prod_c,0.01,6,-11.6136,-15.5548,-7.67234,-16.4474,-17.724,-15.1708,,,,4.59043,-0.719242,9.9001,-0.0755658,-0.113419,-0.0377127,,,,,,,,,,41.3242,38.091,44.5574,44.3333,39.3813,49.2854,4719.17,4402.28,5036.05,250,250,250,-6.56728,-8.70688,-4.42768,5.88669,4.20924,7.56414,3.98774,2.69433,5.28115,,,,,,,-2.0442,-2.64372,-1.44469,-2.0442,-2.64372,-1.44469
w-none.g-high.v-none,native_prod_c,0.05,6,-10.2925,-14.5745,-6.01047,-16.4357,-17.7159,-15.1555,,,,3.26935,-2.09763,8.63633,-0.0868647,-0.131851,-0.0418784,,,,,,,,,,206.621,190.455,222.787,199.833,189.102,210.565,4563.67,4252.1,4875.24,1250,1250,1250,-6.56728,-8.70688,-4.42768,5.88669,4.20924,7.56414,3.98774,2.69433,5.28115,,,,,,,-1.85154,-2.62381,-1.07927,-1.85154,-2.62381,-1.07927
w-none.g-high.v-none,native_prod_c,0.1,6,-9.10742,-12.7987,-5.4161,-16.4222,-17.706,-15.1383,,,,2.08428,-2.51048,6.67904,-0.0999241,-0.154878,-0.0449702,,,,,,,,,,413.242,380.91,445.574,409.833,388.486,431.18,4353.67,4051.89,4655.44,2500,2500,2500,-6.56728,-8.70688,-4.42768,5.88669,4.20924,7.56414,3.98774,2.69433,5.28115,,,,,,,-1.68292,-2.50361,-0.862223,-1.68292,-2.50361,-0.862223
w-none.g-high.v-none,native_prod_c,0.15,6,-10.5041,-15.1008,-5.90739,-16.4095,-17.6962,-15.1227,,,,3.48097,-2.18748,9.14942,-0.112193,-0.176137,-0.0482488,,,,,,,,,,619.863,571.365,668.361,611.167,575.962,646.372,4152.33,3864.36,4440.31,3750,3750,3750,-6.56728,-8.70688,-4.42768,5.88669,4.20924,7.56414,3.98774,2.69433,5.28115,,,,,,,-1.88165,-2.67043,-1.09288,-1.88165,-2.67043,-1.09288
w-none.g-high.v-none,native_prod_c,0.25,6,-10.5398,-15.0987,-5.98098,-16.388,-17.6798,-15.0962,,,,3.5167,-2.12342,9.15683,-0.132892,-0.212224,-0.0535596,,,,,,,,,,1033.11,952.276,1113.94,1019.17,953.223,1085.11,3744.33,3488.48,4000.19,6250,6250,6250,-6.56728,-8.70688,-4.42768,5.88669,4.20924,7.56414,3.98774,2.69433,5.28115,,,,,,,-1.88647,-2.66745,-1.10548,-1.88647,-2.66745,-1.10548
w-none.g-high.v-none,native_prod_t,0,6,-21.3463,-23.0912,-19.6014,-16.5297,-17.823,-15.2364,,,,0.115802,0.0719517,0.159653,4.62245e-08,-2.80288e-08,1.20478e-07,,,,,,,,,,0,0,0,0,0,0,4763.5,4444.01,5082.99,0,0,0,-6.56728,-8.70688,-4.42768,5.88669,4.20924,7.56414,3.98774,2.69433,5.28115,,,,,,,-3.98513,-5.65973,-2.31053,-3.98513,-5.65973,-2.31053
w-none.g-high.v-none,native_prod_t,0.01,6,-20.8182,-24.8326,-16.8038,-16.5297,-17.823,-15.2364,,,,2.51748,0.818293,4.21668,0.000107548,-8.54605e-05,0.000300557,,,,,,,,,,41.3242,38.091,44.5574,44.3333,39.3813,49.2854,4719.17,4402.28,5036.05,250,250,250,-6.56728,-8.70688,-4.42768,5.88669,4.20924,7.56414,3.98774,2.69433,5.28115,,,,,,,-3.93379,-5.82937,-2.03822,-3.93379,-5.82937,-2.03822
w-none.g-high.v-none,native_prod_t,0.05,6,-20.6365,-24.0233,-17.2496,-16.5297,-17.8229,-15.2364,,,,3.62255,0.944285,6.30081,3.42694e-05,-7.87623e-05,0.000147301,,,,,,,,,,206.621,190.455,222.787,199.833,189.102,210.565,4563.67,4252.1,4875.24,1250,1250,1250,-6.56728,-8.70688,-4.42768,5.88669,4.20924,7.56414,3.98774,2.69433,5.28115,,,,,,,-3.87412,-5.65625,-2.09199,-3.87412,-5.65625,-2.09199
w-none.g-high.v-none,native_prod_t,0.1,6,-16.9831,-23.3404,-10.6259,-16.5297,-17.823,-15.2364,,,,0.691688,-0.433255,1.81663,3.49359e-05,-1.87746e-05,8.86464e-05,,,,,,,,,,413.242,380.91,445.574,409.833,388.486,431.18,4353.67,4051.89,4655.44,2500,2500,2500,-6.56728,-8.70688,-4.42768,5.88669,4.20924,7.56414,3.98774,2.69433,5.28115,,,,,,,-3.37404,-5.70784,-1.04023,-3.37404,-5.70784,-1.04023
w-none.g-high.v-none,native_prod_t,0.15,6,-17.0895,-24.0924,-10.0866,-16.5297,-17.823,-15.2364,,,,1.34253,-0.573761,3.25882,0.000354013,-0.000222637,0.000930663,,,,,,,,,,619.863,571.365,668.361,611.167,575.962,646.372,4152.33,3864.36,4440.31,3750,3750,3750,-6.56728,-8.70688,-4.42768,5.88669,4.20924,7.56414,3.98774,2.69433,5.28115,,,,,,,-3.37322,-5.68566,-1.06079,-3.37322,-5.68566,-1.06079
w-none.g-high.v-none,native_prod_t,0.25,6,-17.8749,-23.4587,-12.2912,-16.5297,-17.823,-15.2364,,,,0.686815,-1.0787,2.45233,0.000704349,-0.000521759,0.00193046,,,,,,,,,,1033.11,952.276,1113.94,1019.17,953.223,1085.11,3744.33,3488.48,4000.19,6250,6250,6250,-6.56728,-8.70688,-4.42768,5.88669,4.20924,7.56414,3.98774,2.69433,5.28115,,,,,,,-3.43043,-5.43881,-1.42204,-3.43043,-5.43881,-1.42204
w-none.g-high.v-none,no_prop,,6,0.424627,0.317901,0.531353,5.1374,4.68544,5.58936,,,,0.202829,0.0992213,0.306437,0.0929056,-0.00921753,0.195029,,,,,,,,,,,,,,,,,,,,,,-6.56728,-8.70688,-4.42768,5.88669,4.20924,7.56414,3.98774,2.69433,5.28115,-17.4679,-18.9144,-16.0214,-17.7986,-19.1733,-16.4239,0.0740112,0.056453,0.0915693,0.110736,0.0808039,0.140669
w-none.g-high.v-none,opc,,6,1.32288,0.738708,1.90706,6.08015,5.78854,6.37175,,,,0.139293,0.052457,0.226128,0.0811178,0.00590029,0.156335,,,,,,,,,,,,,,,,,,,,,,-6.56728,-8.70688,-4.42768,5.88669,4.20924,7.56414,3.98774,2.69433,5.28115,0.19856,-0.513646,0.910766,-1.05353,-1.7134,-0.393651,0.217641,0.169519,0.265764,0.321188,0.265034,0.377342
w-none.g-high.v-none,opc_raw,,6,1.12684,0.607002,1.64669,5.88999,5.60902,6.17096,,,,0.191916,0.0557172,0.328114,0.101496,0.00920899,0.193783,,,,,,,,,,,,,,,,,,,,,,-6.56728,-8.70688,-4.42768,5.88669,4.20924,7.56414,3.98774,2.69433,5.28115,-0.00868719,-0.482611,0.465236,-1.26422,-1.68353,-0.844904,0.183099,0.137934,0.228264,0.273541,0.198788,0.348295
w-none.g-high.v-none,tempered_logger,,6,5.00836e-09,-6.83476e-09,1.68515e-08,4.70096,4.14796,5.25395,,,,0,0,0,0.0995052,-0.0354471,0.234458,,,,,,,,,,,,,,,,,,,,,,-6.56728,-8.70688,-4.42768,5.88669,4.20924,7.56414,3.98774,2.69433,5.28115,-0.398887,-0.723041,-0.0747324,-1.5833,-1.87199,-1.29462,7.13966e-10,-9.70752e-10,2.39868e-09,9.398e-10,-1.28561e-09,3.16521e-09
w-none.g-high.v-none,warm_c,0,6,0.72053,0.448391,0.99267,-14.4402,-15.6987,-13.1816,5.51551,5.13733,5.89368,0.030452,-0.0179869,0.0788909,-0.132123,-0.532304,0.268057,-0.431902,-1.04427,0.180468,-1.68955,-2.30628,-1.07282,1482.67,-643.117,3608.45,0,0,0,0,0,0,4763.5,4444.01,5082.99,0,0,0,-6.56728,-8.70688,-4.42768,5.88669,4.20924,7.56414,3.98774,2.69433,5.28115,,,,,,,0.123733,0.0924855,0.15498,0.123733,0.0924855,0.15498
w-none.g-high.v-none,warm_c,0.01,6,0.744011,0.502391,0.985631,-14.3659,-15.6909,-13.0409,5.54396,5.193,5.89492,0.013325,-0.00958458,0.0362345,-0.048306,-0.401202,0.30459,-0.365694,-0.933956,0.202568,-1.63435,-2.21774,-1.05095,2112,278.537,3945.46,41.3242,38.091,44.5574,44.3333,39.3813,49.2854,4719.17,4402.28,5036.05,250,250,250,-6.56728,-8.70688,-4.42768,5.88669,4.20924,7.56414,3.98774,2.69433,5.28115,,,,,,,0.12742,0.104888,0.149952,0.12742,0.104888,0.149952
w-none.g-high.v-none,warm_c,0.05,6,0.699516,0.444273,0.954759,-14.4202,-15.7114,-13.1291,5.49791,5.09782,5.89799,0.025602,-0.0195621,0.0707661,0.18513,-0.150525,0.520785,-0.210634,-0.66152,0.240252,-1.4979,-1.90421,-1.0916,2570.67,697.569,4443.76,206.621,190.455,222.787,199.833,189.102,210.565,4563.67,4252.1,4875.24,1250,1250,1250,-6.56728,-8.70688,-4.42768,5.88669,4.20924,7.56414,3.98774,2.69433,5.28115,,,,,,,0.12067,0.0902775,0.151063,0.12067,0.0902775,0.151063
w-none.g-high.v-none,warm_c,0.1,6,0.685555,0.356851,1.01426,-14.3811,-15.7109,-13.0513,5.47628,4.98982,5.96275,0.00586854,-0.00689693,0.018634,0.161842,-0.126071,0.449755,-0.297605,-1.05095,0.45574,-1.58212,-2.28608,-0.878151,2245.33,87.0393,4403.63,413.242,380.91,445.574,409.833,388.486,431.18,4353.67,4051.89,4655.44,2500,2500,2500,-6.56728,-8.70688,-4.42768,5.88669,4.20924,7.56414,3.98774,2.69433,5.28115,,,,,,,0.118389,0.0746417,0.162136,0.118389,0.0746417,0.162136
w-none.g-high.v-none,warm_c,0.15,6,0.670739,0.31663,1.02485,-14.4075,-15.7185,-13.0965,5.45431,4.92875,5.97987,0.0158249,-0.0248544,0.0565043,0.0908576,-0.142699,0.324414,-0.372663,-1.03365,0.288323,-1.61311,-2.14768,-1.07854,1445.33,-710.87,3601.54,619.863,571.365,668.361,611.167,575.962,646.372,4152.33,3864.36,4440.31,3750,3750,3750,-6.56728,-8.70688,-4.42768,5.88669,4.20924,7.56414,3.98774,2.69433,5.28115,,,,,,,0.116279,0.0672646,0.165293,0.116279,0.0672646,0.165293
w-none.g-high.v-none,warm_c,0.25,6,0.582839,0.229022,0.936656,-14.3604,-15.7102,-13.0106,5.36228,4.81198,5.91259,0.106943,-0.0769723,0.290858,-0.461712,-1.36274,0.439317,-0.3208,-0.937164,0.295563,-1.61127,-2.17127,-1.05127,885.333,-781.721,2552.39,1033.11,952.276,1113.94,1019.17,953.223,1085.11,3744.33,3488.48,4000.19,6250,6250,6250,-6.56728,-8.70688,-4.42768,5.88669,4.20924,7.56414,3.98774,2.69433,5.28115,,,,,,,0.102853,0.0489959,0.156711,0.102853,0.0489959,0.156711
w-none.g-high.v-none,warm_t,0,6,0.070735,-0.00573034,0.1472,-14.6362,-15.7895,-13.483,4.85702,4.41573,5.2983,0.145904,-0.113907,0.405715,0.813542,-0.284792,1.91188,-0.405591,-0.770304,-0.0408774,-1.68579,-2.00842,-1.36315,1520,-580.818,3620.82,0,0,0,0,0,0,4763.5,4444.01,5082.99,0,0,0,-6.56728,-8.70688,-4.42768,5.88669,4.20924,7.56414,3.98774,2.69433,5.28115,,,,,,,0.0125466,-0.00194204,0.0270352,0.0125466,-0.00194204,0.0270352
w-none.g-high.v-none,warm_t,0.01,6,0.0748962,-0.00224077,0.152033,-14.6883,-15.8092,-13.5673,4.86065,4.42219,5.29911,0.152264,-0.112034,0.416562,0.878435,-0.227469,1.98434,-0.447068,-0.811527,-0.0826081,-1.72421,-2.06013,-1.3883,965.333,-686.19,2616.86,41.3242,38.091,44.5574,44.3333,39.3813,49.2854,4719.17,4402.28,5036.05,250,250,250,-6.56728,-8.70688,-4.42768,5.88669,4.20924,7.56414,3.98774,2.69433,5.28115,,,,,,,0.0132338,-0.00167981,0.0281474,0.0132338,-0.00167981,0.0281474
w-none.g-high.v-none,warm_t,0.05,6,0.0801717,-0.0173091,0.177652,-14.6121,-15.7802,-13.444,4.85329,4.36511,5.34146,0.161718,-0.123475,0.446912,0.844371,-0.232018,1.92076,-0.450376,-0.819754,-0.0809975,-1.7283,-2.09143,-1.36518,1178.67,-512.265,2869.6,206.621,190.455,222.787,199.833,189.102,210.565,4563.67,4252.1,4875.24,1250,1250,1250,-6.56728,-8.70688,-4.42768,5.88669,4.20924,7.56414,3.98774,2.69433,5.28115,,,,,,,0.0144676,-0.004519,0.0334542,0.0144676,-0.004519,0.0334542
w-none.g-high.v-none,warm_t,0.1,6,0.0884945,-0.0165188,0.193508,-14.5618,-15.7765,-13.3472,4.84974,4.38367,5.31581,0.188531,-0.137825,0.514888,0.757107,-0.203327,1.71754,-0.468372,-0.844161,-0.0925831,-1.74722,-2.09589,-1.39855,800,-897.799,2497.8,413.242,380.91,445.574,409.833,388.486,431.18,4353.67,4051.89,4655.44,2500,2500,2500,-6.56728,-8.70688,-4.42768,5.88669,4.20924,7.56414,3.98774,2.69433,5.28115,,,,,,,0.0162187,-0.00565206,0.0380895,0.0162187,-0.00565206,0.0380895
w-none.g-high.v-none,warm_t,0.15,6,0.0643453,-0.0458336,0.174524,-14.5786,-15.7702,-13.387,4.82695,4.33272,5.32118,0.199058,-0.0746673,0.472784,0.741162,-0.0907125,1.57304,-0.429017,-0.839787,-0.0182473,-1.70607,-2.07963,-1.33251,309.333,-102.873,721.539,619.863,571.365,668.361,611.167,575.962,646.372,4152.33,3864.36,4440.31,3750,3750,3750,-6.56728,-8.70688,-4.42768,5.88669,4.20924,7.56414,3.98774,2.69433,5.28115,,,,,,,0.0127305,-0.0101784,0.0356395,0.0127305,-0.0101784,0.0356395
w-none.g-high.v-none,warm_t,0.25,6,0.0693611,-0.0541682,0.19289,-14.535,-15.769,-13.3011,4.85073,4.34205,5.35941,0.204655,-0.0572493,0.466558,0.631927,-0.0712402,1.33509,-0.384784,-0.692293,-0.077275,-1.66354,-1.94746,-1.37961,1477.33,-172.004,3126.67,1033.11,952.276,1113.94,1019.17,953.223,1085.11,3744.33,3488.48,4000.19,6250,6250,6250,-6.56728,-8.70688,-4.42768,5.88669,4.20924,7.56414,3.98774,2.69433,5.28115,,,,,,,0.013419,-0.0108273,0.0376654,0.013419,-0.0108273,0.0376654
w-none.g-none.v-high,cap_c,0,6,1.03391,0.369487,1.69833,-14.1348,-15.247,-13.0226,5.56086,4.72568,6.39605,0.103164,-0.0207223,0.227051,-0.239177,-0.557199,0.0788459,-0.552056,-1.16598,0.0618654,-1.79881,-2.33829,-1.25933,2069.33,-260.553,4399.22,0,0,0,0,0,0,4561.83,4307.26,4816.41,0,0,0,-5.51234,-7.22555,-3.79913,6.94163,5.50177,8.3815,3.46445,2.04683,4.88207,,,,,,,0.15639,0.0487813,0.263999,0.284596,0.124186,0.445006
w-none.g-none.v-high,cap_c,0.01,6,1.01958,0.376704,1.66246,-14.1091,-15.2423,-12.9759,5.57159,4.81807,6.32511,0.112991,-0.0192316,0.245213,-0.211723,-0.442465,0.0190184,-0.607725,-1.24101,0.0255602,-1.84833,-2.40647,-1.29018,842.667,-840.545,2525.88,39.2506,36.4879,42.0132,41.8333,38.985,44.6817,4520,4263.78,4776.22,250,250,250,-5.51234,-7.22555,-3.79913,6.94163,5.50177,8.3815,3.46445,2.04683,4.88207,,,,,,,0.154465,0.0488393,0.260091,0.282709,0.126555,0.438862
w-none.g-none.v-high,cap_c,0.05,6,1.01989,0.389659,1.65013,-14.0151,-15.1814,-12.8488,5.5775,4.80404,6.35095,0.111494,-0.015294,0.238281,-0.201909,-0.417476,0.0136576,-0.460832,-0.954081,0.0324161,-1.70442,-2.14107,-1.26778,1765.33,-286.896,3817.56,196.253,182.44,210.066,188.833,177.31,200.356,4373,4127.77,4618.23,1250,1250,1250,-5.51234,-7.22555,-3.79913,6.94163,5.50177,8.3815,3.46445,2.04683,4.88207,,,,,,,0.154933,0.0494916,0.260374,0.285243,0.129475,0.441012
w-none.g-none.v-high,cap_c,0.1,6,1.05467,0.510316,1.59902,-13.9936,-15.1672,-12.82,5.59871,4.95676,6.24066,0.0622657,-0.0523349,0.176866,-0.156045,-0.393694,0.0816033,-0.566343,-1.22942,0.0967339,-1.80488,-2.3793,-1.23047,1408,-777.356,3593.36,392.506,364.879,420.132,389.5,363.942,415.058,4172.33,3938.03,4406.64,2500,2500,2500,-5.51234,-7.22555,-3.79913,6.94163,5.50177,8.3815,3.46445,2.04683,4.88207,,,,,,,0.157863,0.0670904,0.248636,0.298965,0.189463,0.408467
w-none.g-none.v-high,cap_c,0.15,6,1.08247,0.561515,1.60343,-14.1123,-15.2144,-13.0102,5.6572,5.05676,6.25763,0.0500153,-0.0303922,0.130423,-0.0352336,-0.24826,0.177793,-0.462121,-0.872146,-0.0520953,-1.71118,-2.07768,-1.34468,2858.67,845.243,4872.09,588.759,547.319,630.198,571.667,539.187,604.146,3990.17,3764.25,4216.08,3750,3750,3750,-5.51234,-7.22555,-3.79913,6.94163,5.50177,8.3815,3.46445,2.04683,4.88207,,,,,,,0.160509,0.0793703,0.241647,0.307218,0.220633,0.393802
w-none.g-none.v-high,cap_c,0.25,6,1.06694,0.553609,1.58026,-13.9857,-15.1924,-12.7791,5.60542,5.03155,6.17929,0.0595913,-0.0344806,0.153663,-0.0635012,-0.256647,0.129645,-0.444529,-1.03015,0.141089,-1.6943,-2.22802,-1.16057,778.667,-929.023,2486.36,981.264,912.199,1050.33,963.5,904.527,1022.47,3598.33,3401.99,3794.68,6250,6250,6250,-5.51234,-7.22555,-3.79913,6.94163,5.50177,8.3815,3.46445,2.04683,4.88207,,,,,,,0.157536,0.0806894,0.234382,0.302082,0.223263,0.380902
w-none.g-none.v-high,cap_t,0,6,1.03387,0.369518,1.69822,-14.1348,-15.2469,-13.0226,5.56086,4.72568,6.39604,0.0877624,-0.0438407,0.219366,-0.240757,-0.557206,0.0756912,-0.552042,-1.16583,0.0617512,-1.7988,-2.33816,-1.25943,2069.33,-260.553,4399.22,0,0,0,0,0,0,4561.83,4307.26,4816.41,0,0,0,-5.51234,-7.22555,-3.79913,6.94163,5.50177,8.3815,3.46445,2.04683,4.88207,,,,,,,0.156379,0.0487933,0.263965,0.284588,0.124225,0.44495
w-none.g-none.v-high,cap_t,0.01,6,1.01957,0.376752,1.66238,-14.1091,-15.2423,-12.9759,5.57159,4.81808,6.3251,0.101884,-0.0379667,0.241735,-0.212037,-0.442366,0.0182915,-0.606706,-1.24134,0.027923,-1.8473,-2.40679,-1.2878,842.667,-840.545,2525.88,39.2506,36.4879,42.0132,41.8333,38.985,44.6817,4520,4263.78,4776.22,250,250,250,-5.51234,-7.22555,-3.79913,6.94163,5.50177,8.3815,3.46445,2.04683,4.88207,,,,,,,0.154461,0.0488489,0.260073,0.282708,0.126591,0.438824
w-none.g-none.v-high,cap_t,0.05,6,1.0199,0.389623,1.65017,-14.0151,-15.1814,-12.8488,5.57747,4.80404,6.3509,0.107935,-0.0224775,0.238348,-0.200306,-0.417759,0.0171463,-0.458637,-0.947745,0.0304718,-1.7022,-2.13476,-1.26965,1765.33,-286.896,3817.56,196.253,182.44,210.066,188.833,177.31,200.356,4373,4127.77,4618.23,1250,1250,1250,-5.51234,-7.22555,-3.79913,6.94163,5.50177,8.3815,3.46445,2.04683,4.88207,,,,,,,0.154934,0.049486,0.260382,0.285242,0.129459,0.441026
w-none.g-none.v-high,cap_t,0.1,6,1.05458,0.510121,1.59904,-13.9936,-15.1672,-12.82,5.59866,4.95666,6.24067,0.0609755,-0.0544955,0.176447,-0.155802,-0.393647,0.0820437,-0.568436,-1.22883,0.091955,-1.80693,-2.37876,-1.2351,1408,-777.356,3593.36,392.506,364.879,420.132,389.5,363.942,415.058,4172.33,3938.03,4406.64,2500,2500,2500,-5.51234,-7.22555,-3.79913,6.94163,5.50177,8.3815,3.46445,2.04683,4.88207,,,,,,,0.15785,0.0670656,0.248635,0.298928,0.189394,0.408463
w-none.g-none.v-high,cap_t,0.15,6,1.08236,0.561137,1.60359,-14.1123,-15.2144,-13.0102,5.65713,5.05664,6.25762,0.0501197,-0.0303859,0.130625,-0.0352389,-0.248258,0.17778,-0.458004,-0.875497,-0.0405115,-1.70746,-2.08022,-1.33471,2858.67,845.243,4872.09,588.759,547.319,630.198,571.667,539.187,604.146,3990.17,3764.25,4216.08,3750,3750,3750,-5.51234,-7.22555,-3.79913,6.94163,5.50177,8.3815,3.46445,2.04683,4.88207,,,,,,,0.160493,0.0793203,0.241665,0.307156,0.220491,0.393822
w-none.g-none.v-high,cap_t,0.25,6,1.06681,0.553876,1.57975,-13.9857,-15.1924,-12.7791,5.60547,5.03164,6.1793,0.06006,-0.0345505,0.15467,-0.06357,-0.25685,0.12971,-0.44566,-1.0304,0.139083,-1.6954,-2.22784,-1.16295,778.667,-929.023,2486.36,981.264,912.199,1050.33,963.5,904.527,1022.47,3598.33,3401.99,3794.68,6250,6250,6250,-5.51234,-7.22555,-3.79913,6.94163,5.50177,8.3815,3.46445,2.04683,4.88207,,,,,,,0.157525,0.0807007,0.234349,0.302077,0.223295,0.380858
w-none.g-none.v-high,dm,,6,0.56675,-0.120108,1.25361,5.13736,4.43314,5.84158,,,,0.568617,0.29909,0.838145,0.218012,0.0157096,0.420314,,,,,,,,,,,,,,,,,,,,,,-5.51234,-7.22555,-3.79913,6.94163,5.50177,8.3815,3.46445,2.04683,4.88207,1.31143,0.903842,1.71902,1.17518,0.729184,1.62118,0.0819354,-0.0100456,0.173916,0.125288,-0.0509906,0.301567
w-none.g-none.v-high,dm_own,,6,0.643751,-0.0580086,1.34551,5.19736,4.48307,5.91165,,,,0.501237,0.236739,0.765735,0.160778,-0.00750773,0.329063,,,,,,,,,,,,,,,,,,,,,,-5.51234,-7.22555,-3.79913,6.94163,5.50177,8.3815,3.46445,2.04683,4.88207,1.20558,0.830764,1.58039,1.06906,0.645888,1.49224,0.0938835,-0.0033812,0.191148,0.149875,-0.0272193,0.32697
w-none.g-none.v-high,native_avg,0,6,-6.41321,-7.79774,-5.02868,-15.6649,-16.7747,-14.5552,,,,0.455863,-0.71597,1.6277,-0.0198854,-0.0320203,-0.00775055,,,,,,,,,,0,0,0,0,0,0,4561.83,4307.26,4816.41,0,0,0,-5.51234,-7.22555,-3.79913,6.94163,5.50177,8.3815,3.46445,2.04683,4.88207,,,,,,,-0.987964,-1.40642,-0.569513,-0.987964,-1.40642,-0.569513
w-none.g-none.v-high,native_avg,0.01,6,-6.41321,-7.79774,-5.02868,-15.6644,-16.7746,-14.5542,,,,0.455863,-0.71597,1.6277,-0.0201172,-0.0324825,-0.00775195,,,,,,,,,,39.2506,36.4879,42.0132,41.8333,38.985,44.6817,4520,4263.78,4776.22,250,250,250,-5.51234,-7.22555,-3.79913,6.94163,5.50177,8.3815,3.46445,2.04683,4.88207,,,,,,,-0.987964,-1.40642,-0.569513,-0.987964,-1.40642,-0.569513
w-none.g-none.v-high,native_avg,0.05,6,-6.41321,-7.79774,-5.02868,-15.6647,-16.775,-14.5544,,,,0.455863,-0.71597,1.6277,-0.0264734,-0.0528615,-8.54087e-05,,,,,,,,,,196.253,182.44,210.066,188.833,177.31,200.356,4373,4127.77,4618.23,1250,1250,1250,-5.51234,-7.22555,-3.79913,6.94163,5.50177,8.3815,3.46445,2.04683,4.88207,,,,,,,-0.987964,-1.40642,-0.569513,-0.987964,-1.40642,-0.569513
w-none.g-none.v-high,native_avg,0.1,6,-6.41321,-7.79774,-5.02868,-15.6657,-16.7757,-14.5557,,,,0.455863,-0.71597,1.6277,-0.0256647,-0.0514923,0.000162786,,,,,,,,,,392.506,364.879,420.132,389.5,363.942,415.058,4172.33,3938.03,4406.64,2500,2500,2500,-5.51234,-7.22555,-3.79913,6.94163,5.50177,8.3815,3.46445,2.04683,4.88207,,,,,,,-0.987964,-1.40642,-0.569513,-0.987964,-1.40642,-0.569513
w-none.g-none.v-high,native_avg,0.15,6,-6.41321,-7.79774,-5.02868,-15.6669,-16.7765,-14.5573,,,,0.455863,-0.71597,1.6277,-0.024688,-0.0492506,-0.000125372,,,,,,,,,,588.759,547.319,630.198,571.667,539.187,604.146,3990.17,3764.25,4216.08,3750,3750,3750,-5.51234,-7.22555,-3.79913,6.94163,5.50177,8.3815,3.46445,2.04683,4.88207,,,,,,,-0.987964,-1.40642,-0.569513,-0.987964,-1.40642,-0.569513
w-none.g-none.v-high,native_avg,0.25,6,-8.15159,-12.1249,-4.17826,-15.6477,-16.7724,-14.523,,,,2.19424,-2.19294,6.58141,-0.0389858,-0.102081,0.0241094,,,,,,,,,,981.264,912.199,1050.33,963.5,904.527,1022.47,3598.33,3401.99,3794.68,6250,6250,6250,-5.51234,-7.22555,-3.79913,6.94163,5.50177,8.3815,3.46445,2.04683,4.88207,,,,,,,-1.20491,-1.73742,-0.67241,-1.20491,-1.73742,-0.67241
w-none.g-none.v-high,native_prod_c,0,6,-7.69572,-12.0577,-3.33372,-15.6206,-16.7277,-14.5134,,,,1.73837,-2.73026,6.20701,-0.0544698,-0.103691,-0.00524805,,,,,,,,,,0,0,0,0,0,0,4561.83,4307.26,4816.41,0,0,0,-5.51234,-7.22555,-3.79913,6.94163,5.50177,8.3815,3.46445,2.04683,4.88207,,,,,,,-1.14463,-1.74499,-0.544259,-1.14463,-1.74499,-0.544259
w-none.g-none.v-high,native_prod_c,0.01,6,-7.69572,-12.0577,-3.33372,-15.6173,-16.7265,-14.5081,,,,1.73837,-2.73026,6.20701,-0.0565907,-0.108209,-0.00497251,,,,,,,,,,39.2506,36.4879,42.0132,41.8333,38.985,44.6817,4520,4263.78,4776.22,250,250,250,-5.51234,-7.22555,-3.79913,6.94163,5.50177,8.3815,3.46445,2.04683,4.88207,,,,,,,-1.14463,-1.74499,-0.544259,-1.14463,-1.74499,-0.544259
w-none.g-none.v-high,native_prod_c,0.05,6,-7.69572,-12.0577,-3.33372,-15.6055,-16.7202,-14.4908,,,,1.73837,-2.73026,6.20701,-0.0645639,-0.12464,-0.00448786,,,,,,,,,,196.253,182.44,210.066,188.833,177.31,200.356,4373,4127.77,4618.23,1250,1250,1250,-5.51234,-7.22555,-3.79913,6.94163,5.50177,8.3815,3.46445,2.04683,4.88207,,,,,,,-1.14463,-1.74499,-0.544259,-1.14463,-1.74499,-0.544259
w-none.g-none.v-high,native_prod_c,0.1,6,-7.69572,-12.0577,-3.33372,-15.593,-16.7136,-14.4725,,,,1.73837,-2.73026,6.20701,-0.0727182,-0.141602,-0.00383409,,,,,,,,,,392.506,364.879,420.132,389.5,363.942,415.058,4172.33,3938.03,4406.64,2500,2500,2500,-5.51234,-7.22555,-3.79913,6.94163,5.50177,8.3815,3.46445,2.04683,4.88207,,,,,,,-1.14463,-1.74499,-0.544259,-1.14463,-1.74499,-0.544259
w-none.g-none.v-high,native_prod_c,0.15,6,-8.59935,-13.4145,-3.78417,-15.5809,-16.7065,-14.4553,,,,2.642,-1.96368,7.24769,-0.0813672,-0.159724,-0.00301095,,,,,,,,,,588.759,547.319,630.198,571.667,539.187,604.146,3990.17,3764.25,4216.08,3750,3750,3750,-5.51234,-7.22555,-3.79913,6.94163,5.50177,8.3815,3.46445,2.04683,4.88207,,,,,,,-1.27832,-1.94863,-0.607996,-1.27832,-1.94863,-0.607996
w-none.g-none.v-high,native_prod_c,0.25,6,-6.41321,-7.79774,-5.02868,-15.5586,-16.6921,-14.4251,,,,0.455863,-0.71597,1.6277,-0.0982575,-0.192026,-0.00448854,,,,,,,,,,981.264,912.199,1050.33,963.5,904.527,1022.47,3598.33,3401.99,3794.68,6250,6250,6250,-5.51234,-7.22555,-3.79913,6.94163,5.50177,8.3815,3.46445,2.04683,4.88207,,,,,,,-0.987964,-1.40642,-0.569513,-0.987964,-1.40642,-0.569513
w-none.g-none.v-high,native_prod_t,0,6,-20.3054,-21.8197,-18.7911,-15.7002,-16.8053,-14.5952,,,,0.117237,0.0586477,0.175826,2.2017e-08,-6.76488e-09,5.07988e-08,,,,,,,,,,0,0,0,0,0,0,4561.83,4307.26,4816.41,0,0,0,-5.51234,-7.22555,-3.79913,6.94163,5.50177,8.3815,3.46445,2.04683,4.88207,,,,,,,-3.06842,-4.00779,-2.12906,-3.06842,-4.00779,-2.12906
w-none.g-none.v-high,native_prod_t,0.01,6,-19.1288,-23.1585,-15.099,-15.7002,-16.8053,-14.5952,,,,1.17249,-0.459072,2.80405,4.24878e-06,-1.72001e-05,2.56976e-05,,,,,,,,,,39.2506,36.4879,42.0132,41.8333,38.985,44.6817,4520,4263.78,4776.22,250,250,250,-5.51234,-7.22555,-3.79913,6.94163,5.50177,8.3815,3.46445,2.04683,4.88207,,,,,,,-2.92332,-4.10579,-1.74085,-2.92332,-4.10579,-1.74085
w-none.g-none.v-high,native_prod_t,0.05,6,-18.404,-23.5343,-13.2738,-15.7002,-16.8053,-14.5951,,,,1.9558,-0.44456,4.35615,5.36404e-06,-9.65664e-05,0.000107294,,,,,,,,,,196.253,182.44,210.066,188.833,177.31,200.356,4373,4127.77,4618.23,1250,1250,1250,-5.51234,-7.22555,-3.79913,6.94163,5.50177,8.3815,3.46445,2.04683,4.88207,,,,,,,-2.81485,-4.07252,-1.55718,-2.81485,-4.07252,-1.55718
w-none.g-none.v-high,native_prod_t,0.1,6,-15.9045,-21.8051,-10.004,-15.7002,-16.8053,-14.5952,,,,0.640055,-0.40121,1.68132,3.52219e-05,-1.94473e-05,8.9891e-05,,,,,,,,,,392.506,364.879,420.132,389.5,363.942,415.058,4172.33,3938.03,4406.64,2500,2500,2500,-5.51234,-7.22555,-3.79913,6.94163,5.50177,8.3815,3.46445,2.04683,4.88207,,,,,,,-2.49482,-3.95205,-1.03759,-2.49482,-3.95205,-1.03759
w-none.g-none.v-high,native_prod_t,0.15,6,-16.0336,-22.753,-9.31425,-15.7002,-16.8053,-14.5952,,,,1.34153,-0.57352,3.25658,0.000435669,-0.000417596,0.00128893,,,,,,,,,,588.759,547.319,630.198,571.667,539.187,604.146,3990.17,3764.25,4216.08,3750,3750,3750,-5.51234,-7.22555,-3.79913,6.94163,5.50177,8.3815,3.46445,2.04683,4.88207,,,,,,,-2.51107,-4.00523,-1.01692,-2.51107,-4.00523,-1.01692
w-none.g-none.v-high,native_prod_t,0.25,6,-16.82,-22.3516,-11.2883,-15.7002,-16.8053,-14.5952,,,,0.686815,-1.0787,2.45233,0.000699805,-0.000527716,0.00192733,,,,,,,,,,981.264,912.199,1050.33,963.5,904.527,1022.47,3598.33,3401.99,3794.68,6250,6250,6250,-5.51234,-7.22555,-3.79913,6.94163,5.50177,8.3815,3.46445,2.04683,4.88207,,,,,,,-2.58984,-3.83011,-1.34958,-2.58984,-3.83011,-1.34958
w-none.g-none.v-high,no_prop,,6,0.405567,0.173284,0.637849,4.91721,4.37934,5.45508,,,,0.286284,0.126559,0.446008,0.0588586,0.0126402,0.105077,,,,,,,,,,,,,,,,,,,,,,-5.51234,-7.22555,-3.79913,6.94163,5.50177,8.3815,3.46445,2.04683,4.88207,-16.7624,-17.7686,-15.7562,-17.0902,-18.0471,-16.1332,0.061726,0.0228301,0.100622,0.115367,0.0522553,0.178478
w-none.g-none.v-high,opc,,6,0.964877,0.363698,1.56606,5.51871,4.87883,6.1586,,,,0.196694,0.0876911,0.305697,0.110782,0.0450577,0.176507,,,,,,,,,,,,,,,,,,,,,,-5.51234,-7.22555,-3.79913,6.94163,5.50177,8.3815,3.46445,2.04683,4.88207,-0.162915,-0.734358,0.408529,-1.40021,-1.9149,-0.885528,0.142535,0.0544617,0.230609,0.262287,0.144916,0.379658
w-none.g-none.v-high,opc_raw,,6,0.874317,0.244521,1.50411,5.37875,4.75151,6.006,,,,0.20583,0.093316,0.318344,0.134583,0.0775433,0.191623,,,,,,,,,,,,,,,,,,,,,,-5.51234,-7.22555,-3.79913,6.94163,5.50177,8.3815,3.46445,2.04683,4.88207,-0.128264,-0.633574,0.377045,-1.35731,-1.81014,-0.904479,0.127909,0.0396812,0.216136,0.228942,0.103159,0.354726
w-none.g-none.v-high,tempered_logger,,6,-1.63017e-09,-2.9661e-08,2.64006e-08,4.50907,4.04967,4.96847,,,,0,0,0,0.0593793,-0.0585698,0.177328,,,,,,,,,,,,,,,,,,,,,,-5.51234,-7.22555,-3.79913,6.94163,5.50177,8.3815,3.46445,2.04683,4.88207,-0.362775,-0.868582,0.143033,-1.53875,-2.09087,-0.986631,-1.39898e-10,-3.50363e-09,3.22383e-09,-1.82995e-10,-5.66741e-09,5.30142e-09
w-none.g-none.v-high,warm_c,0,6,1.14509,0.539078,1.75111,-13.9057,-15.0474,-12.7639,5.58163,4.75974,6.40353,0.0950759,-0.0143677,0.204519,0.491145,-0.0941727,1.07646,-0.655191,-1.39138,0.0809955,-1.91861,-2.64208,-1.19513,2066.67,-266.31,4399.64,0,0,0,0,0,0,4561.83,4307.26,4816.41,0,0,0,-5.51234,-7.22555,-3.79913,6.94163,5.50177,8.3815,3.46445,2.04683,4.88207,,,,,,,0.165748,0.0921486,0.239348,0.165748,0.0921486,0.239348
w-none.g-none.v-high,warm_c,0.01,6,1.11037,0.522443,1.6983,-13.8822,-15.0485,-12.716,5.56334,4.74473,6.38194,0.105225,-0.00499704,0.215447,0.490549,-0.122776,1.10387,-0.535428,-1.30877,0.237914,-1.80187,-2.55918,-1.04456,2226.67,43.7781,4409.56,39.2506,36.4879,42.0132,41.8333,38.985,44.6817,4520,4263.78,4776.22,250,250,250,-5.51234,-7.22555,-3.79913,6.94163,5.50177,8.3815,3.46445,2.04683,4.88207,,,,,,,0.161167,0.0879918,0.234343,0.161167,0.0879918,0.234343
w-none.g-none.v-high,warm_c,0.05,6,1.07231,0.500031,1.64458,-13.8065,-15.0249,-12.5881,5.53727,4.74168,6.33285,0.126718,0.0125497,0.240887,0.48952,-0.101102,1.08014,-0.577992,-1.34628,0.190294,-1.84673,-2.59641,-1.09706,989.333,-655.442,2634.11,196.253,182.44,210.066,188.833,177.31,200.356,4373,4127.77,4618.23,1250,1250,1250,-5.51234,-7.22555,-3.79913,6.94163,5.50177,8.3815,3.46445,2.04683,4.88207,,,,,,,0.156031,0.0830736,0.228989,0.156031,0.0830736,0.228989
w-none.g-none.v-high,warm_c,0.1,6,1.03633,0.436275,1.63639,-13.8187,-15.0521,-12.5854,5.50331,4.70628,6.30035,0.176563,0.0319633,0.321164,0.00665616,-1.08909,1.10241,-0.559895,-1.32523,0.205436,-1.82977,-2.57562,-1.08392,1213.33,-491.307,2917.97,392.506,364.879,420.132,389.5,363.942,415.058,4172.33,3938.03,4406.64,2500,2500,2500,-5.51234,-7.22555,-3.79913,6.94163,5.50177,8.3815,3.46445,2.04683,4.88207,,,,,,,0.150556,0.0743915,0.22672,0.150556,0.0743915,0.22672
w-none.g-none.v-high,warm_c,0.15,6,1.03189,0.40681,1.65697,-13.7705,-15.0245,-12.5164,5.49703,4.68474,6.30931,0.215377,0.0370301,0.393723,-0.016804,-0.521909,0.488301,-0.534092,-1.46935,0.401168,-1.80802,-2.72376,-0.892283,1405.33,-782.252,3592.92,588.759,547.319,630.198,571.667,539.187,604.146,3990.17,3764.25,4216.08,3750,3750,3750,-5.51234,-7.22555,-3.79913,6.94163,5.50177,8.3815,3.46445,2.04683,4.88207,,,,,,,0.149286,0.0714292,0.227143,0.149286,0.0714292,0.227143
w-none.g-none.v-high,warm_c,0.25,6,1.02465,0.427648,1.62164,-13.7896,-15.0587,-12.5206,5.49002,4.67351,6.30653,0.189364,-0.0764957,0.455223,0.0368458,-0.350269,0.42396,-0.405377,-1.10236,0.291607,-1.67618,-2.34015,-1.01221,872,-803.458,2547.46,981.264,912.199,1050.33,963.5,904.527,1022.47,3598.33,3401.99,3794.68,6250,6250,6250,-5.51234,-7.22555,-3.79913,6.94163,5.50177,8.3815,3.46445,2.04683,4.88207,,,,,,,0.148573,0.075073,0.222074,0.148573,0.075073,0.222074
w-none.g-none.v-high,warm_t,0,6,0.173754,-0.0760732,0.423582,-13.8661,-15.1301,-12.6021,4.70097,4.22598,5.17596,0.115972,-0.143701,0.375645,0.368726,-0.412253,1.1497,-0.53518,-1.11128,0.04092,-1.78933,-2.38821,-1.19044,720,-1015.73,2455.73,0,0,0,0,0,0,4561.83,4307.26,4816.41,0,0,0,-5.51234,-7.22555,-3.79913,6.94163,5.50177,8.3815,3.46445,2.04683,4.88207,,,,,,,0.0235884,-0.00689764,0.0540745,0.0235884,-0.00689764,0.0540745
w-none.g-none.v-high,warm_t,0.01,6,0.184141,-0.0763763,0.444657,-13.8452,-15.1288,-12.5616,4.61233,3.98843,5.23622,0.118116,-0.145899,0.382132,0.35582,-0.417565,1.1292,-0.508882,-1.09205,0.0742826,-1.76643,-2.37298,-1.15988,1048,-732.215,2828.22,39.2506,36.4879,42.0132,41.8333,38.985,44.6817,4520,4263.78,4776.22,250,250,250,-5.51234,-7.22555,-3.79913,6.94163,5.50177,8.3815,3.46445,2.04683,4.88207,,,,,,,0.0249733,-0.00681534,0.0567619,0.0249733,-0.00681534,0.0567619
w-none.g-none.v-high,warm_t,0.05,6,0.0905991,-0.026524,0.207722,-13.947,-14.9948,-12.8993,4.54156,3.94284,5.14029,0.222925,-0.107307,0.553157,0.56877,-0.11341,1.25095,-0.540266,-1.04486,-0.035675,-1.79147,-2.32755,-1.25538,882.667,-819.922,2585.26,196.253,182.44,210.066,188.833,177.31,200.356,4373,4127.77,4618.23,1250,1250,1250,-5.51234,-7.22555,-3.79913,6.94163,5.50177,8.3815,3.46445,2.04683,4.88207,,,,,,,0.0143456,-0.00613018,0.0348213,0.0143456,-0.00613018,0.0348213
w-none.g-none.v-high,warm_t,0.1,6,0.0903602,-0.0333465,0.214067,-13.9446,-15.0257,-12.8635,4.55407,3.97026,5.13788,0.229093,-0.109307,0.567492,0.539798,-0.0952238,1.17482,-0.453354,-0.986634,0.0799257,-1.70918,-2.27442,-1.14394,1394.67,-801.305,3590.64,392.506,364.879,420.132,389.5,363.942,415.058,4172.33,3938.03,4406.64,2500,2500,2500,-5.51234,-7.22555,-3.79913,6.94163,5.50177,8.3815,3.46445,2.04683,4.88207,,,,,,,0.0143822,-0.00669844,0.0354629,0.0143822,-0.00669844,0.0354629
w-none.g-none.v-high,warm_t,0.15,6,0.0861155,-0.0447607,0.216992,-13.9289,-15.0168,-12.8411,4.62619,4.12529,5.12709,0.233716,-0.103823,0.571255,0.530365,-0.0239042,1.08463,-0.48616,-1.06816,0.0958417,-1.74059,-2.35174,-1.12943,1397.33,-796.435,3591.1,588.759,547.319,630.198,571.667,539.187,604.146,3990.17,3764.25,4216.08,3750,3750,3750,-5.51234,-7.22555,-3.79913,6.94163,5.50177,8.3815,3.46445,2.04683,4.88207,,,,,,,0.0138098,-0.00786833,0.0354879,0.0138098,-0.00786833,0.0354879
w-none.g-none.v-high,warm_t,0.25,6,0.10217,-0.0370702,0.24141,-13.868,-14.9862,-12.7499,4.56257,3.97906,5.14607,0.232967,-0.0980294,0.563963,0.450627,-0.0255668,0.926821,-0.444716,-1.12976,0.24033,-1.70171,-2.40684,-0.996586,2066.67,-266.31,4399.64,981.264,912.199,1050.33,963.5,904.527,1022.47,3598.33,3401.99,3794.68,6250,6250,6250,-5.51234,-7.22555,-3.79913,6.94163,5.50177,8.3815,3.46445,2.04683,4.88207,,,,,,,0.0160949,-0.007288,0.0394779,0.0160949,-0.007288,0.0394779
high,cap_c,0,6,5.89144,3.91149,7.87139,-5.84889,-7.3874,-4.31037,8.38911,6.10722,10.671,0.123546,-0.055261,0.302352,0.0839213,-0.0481175,0.21596,-1.35049,-2.47122,-0.229758,-2.2455,-3.40714,-1.08387,282.667,-147.086,712.419,0,0,0,0,0,0,2432.33,2074.96,2789.71,0,0,0,5.14942,2.90411,7.39474,17.6034,15.7094,19.4974,12.0863,10.5923,13.5802,,,,,,,0.345602,0.193689,0.497515,0.492332,0.315981,0.668683
high,cap_c,0.01,6,5.89894,3.91274,7.88515,-5.84088,-7.38663,-4.29514,8.38792,6.11482,10.661,0.100509,-0.0694199,0.270438,0.0834562,-0.0465977,0.21351,-1.3152,-2.41113,-0.219264,-2.20418,-3.33245,-1.0759,885.333,-815.474,2586.14,17.7463,13.8125,21.6802,19.6667,12.4365,26.8969,2412.67,2058.38,2766.96,250,250,250,5.14942,2.90411,7.39474,17.6034,15.7094,19.4974,12.0863,10.5923,13.5802,,,,,,,0.346022,0.193887,0.498158,0.492945,0.316339,0.669551
high,cap_c,0.05,6,5.89625,3.95021,7.84228,-5.83321,-7.39867,-4.26776,8.37165,6.10862,10.6347,0.11392,-0.0451122,0.272952,-0.0052882,-0.310519,0.299943,-1.33104,-2.30223,-0.359846,-2.2198,-3.21857,-1.22103,48,29.6064,66.3936,88.7315,69.0623,108.401,86.5,66.6687,106.331,2345.83,2003.64,2688.03,1250,1250,1250,5.14942,2.90411,7.39474,17.6034,15.7094,19.4974,12.0863,10.5923,13.5802,,,,,,,0.345733,0.195942,0.495525,0.492883,0.319229,0.666538
high,cap_c,0.1,6,5.86485,3.91737,7.81232,-5.89027,-7.40172,-4.37883,8.29989,5.99627,10.6035,0.096198,-0.0473861,0.239782,0.0544614,-0.300517,0.40944,-1.4192,-2.48486,-0.353534,-2.29187,-3.39069,-1.19304,722.667,-1012.14,2457.47,177.463,138.125,216.802,171,141.683,200.317,2261.33,1931.67,2590.99,2500,2500,2500,5.14942,2.90411,7.39474,17.6034,15.7094,19.4974,12.0863,10.5923,13.5802,,,,,,,0.343903,0.194342,0.493465,0.490154,0.316545,0.663764
high,cap_c,0.15,6,5.80686,3.8401,7.77362,-5.87061,-7.41389,-4.32733,8.23597,5.90236,10.5696,0.147589,-0.0662062,0.361383,-0.0692531,-0.323536,0.18503,-1.57643,-2.56266,-0.590204,-2.44489,-3.44733,-1.44244,744,-980.025,2468.02,266.195,207.187,325.202,254.333,199.91,308.757,2178,1874.12,2481.88,3750,3750,3750,5.14942,2.90411,7.39474,17.6034,15.7094,19.4974,12.0863,10.5923,13.5802,,,,,,,0.340385,0.191263,0.489507,0.484785,0.311705,0.657864
high,cap_c,0.25,6,5.74058,3.95257,7.52859,-5.86965,-7.4385,-4.30079,8.18426,6.16923,10.1993,0.272318,0.026802,0.517834,-0.0173603,-0.220089,0.185369,-1.26387,-2.55985,0.0321177,-2.13787,-3.47144,-0.804308,184,-21.8521,389.852,443.658,345.312,542.004,431.167,333.056,529.277,2001.17,1741.57,2260.76,6250,6250,6250,5.14942,2.90411,7.39474,17.6034,15.7094,19.4974,12.0863,10.5923,13.5802,,,,,,,0.336443,0.195415,0.477471,0.479878,0.317979,0.641777
high,cap_t,0,6,5.69973,3.83338,7.56608,-5.84697,-7.34509,-4.34886,8.19786,6.02115,10.3746,0.202142,-0.0120342,0.416319,0.135961,-0.261139,0.533062,-1.35934,-2.35305,-0.36564,-2.2601,-3.27306,-1.24714,122.667,-78.1709,323.504,0,0,0,0,0,0,2432.33,2074.96,2789.71,0,0,0,5.14942,2.90411,7.39474,17.6034,15.7094,19.4974,12.0863,10.5923,13.5802,,,,,,,0.33393,0.190603,0.477256,0.475859,0.3093,0.642418
high,cap_t,0.01,6,5.72131,3.83344,7.60918,-5.8397,-7.34701,-4.3324,8.21452,6.02982,10.3992,0.156323,-0.0566369,0.369282,0.136731,-0.25741,0.530872,-1.23782,-2.17527,-0.300369,-2.13886,-3.09441,-1.18331,2069.33,-260.553,4399.22,17.7463,13.8125,21.6802,19.6667,12.4365,26.8969,2412.67,2058.38,2766.96,250,250,250,5.14942,2.90411,7.39474,17.6034,15.7094,19.4974,12.0863,10.5923,13.5802,,,,,,,0.335242,0.190621,0.479862,0.477711,0.30945,0.645972
high,cap_t,0.05,6,5.72498,3.86865,7.5813,-5.8226,-7.33421,-4.311,8.20164,6.0117,10.3916,0.148109,-0.0760266,0.372246,-0.0528001,-0.467417,0.361817,-1.33846,-2.3253,-0.351622,-2.23118,-3.22961,-1.23276,720,-1015.73,2455.73,88.7315,69.0623,108.401,86.5,66.6687,106.331,2345.83,2003.64,2688.03,1250,1250,1250,5.14942,2.90411,7.39474,17.6034,15.7094,19.4974,12.0863,10.5923,13.5802,,,,,,,0.335393,0.192324,0.478461,0.478231,0.311821,0.64464
high,cap_t,0.1,6,5.70054,3.85819,7.54288,-5.89737,-7.37233,-4.42241,8.13733,5.92982,10.3448,0.148518,-0.0978794,0.394915,-0.0630358,-0.399203,0.273131,-1.53702,-2.65297,-0.421065,-2.40199,-3.52791,-1.27606,72,-24.0173,168.017,177.463,138.125,216.802,171,141.683,200.317,2261.33,1931.67,2590.99,2500,2500,2500,5.14942,2.90411,7.39474,17.6034,15.7094,19.4974,12.0863,10.5923,13.5802,,,,,,,0.333895,0.19194,0.47585,0.476152,0.310884,0.641421
high,cap_t,0.15,6,5.6512,3.77038,7.53202,-5.87687,-7.3879,-4.36583,8.08754,5.82011,10.355,0.170057,-0.0499694,0.390084,-0.0967691,-0.402821,0.209283,-1.5663,-2.61488,-0.51772,-2.44235,-3.49213,-1.39257,818.667,-876.886,2514.22,266.195,207.187,325.202,254.333,199.91,308.757,2178,1874.12,2481.88,3750,3750,3750,5.14942,2.90411,7.39474,17.6034,15.7094,19.4974,12.0863,10.5923,13.5802,,,,,,,0.330981,0.188211,0.473751,0.471514,0.305365,0.637663
high,cap_t,0.25,6,5.74278,3.95062,7.53494,-5.89067,-7.48285,-4.2985,8.19834,6.16366,10.233,0.131504,-0.0332952,0.296302,0.000249821,-0.217686,0.218185,-1.21836,-2.449,0.0122902,-2.08882,-3.35221,-0.825429,328,-78.0152,734.015,443.658,345.312,542.004,431.167,333.056,529.277,2001.17,1741.57,2260.76,6250,6250,6250,5.14942,2.90411,7.39474,17.6034,15.7094,19.4974,12.0863,10.5923,13.5802,,,,,,,0.336586,0.195301,0.47787,0.480056,0.317861,0.642252
high,dm,,6,4.99257,3.5994,6.38575,7.50005,6.09458,8.90552,,,,0.539673,0.0945744,0.984772,0.464608,0.0597444,0.869472,,,,,,,,,,,,,,,,,,,,,,5.14942,2.90411,7.39474,17.6034,15.7094,19.4974,12.0863,10.5923,13.5802,1.29544,-0.0460662,2.63695,1.19951,-0.15541,2.55443,0.286588,0.201602,0.371574,0.409073,0.324445,0.493701
high,dm_own,,6,5.06641,3.68915,6.44368,7.56772,6.17606,8.95938,,,,0.460121,0.0449858,0.875255,0.384081,0.0397357,0.728427,,,,,,,,,,,,,,,,,,,,,,5.14942,2.90411,7.39474,17.6034,15.7094,19.4974,12.0863,10.5923,13.5802,1.12649,-0.164984,2.41796,1.02968,-0.275994,2.33536,0.290964,0.205715,0.376213,0.41547,0.331547,0.499393
high,native_avg,0,6,1.19252,-0.0565874,2.44163,-7.01921,-8.6306,-5.40783,,,,1.6408,-0.982672,4.26427,-0.0722204,-0.156737,0.0122958,,,,,,,,,,0,0,0,0,0,0,2432.33,2074.96,2789.71,0,0,0,5.14942,2.90411,7.39474,17.6034,15.7094,19.4974,12.0863,10.5923,13.5802,,,,,,,0.0732717,-0.00797869,0.154522,0.0732717,-0.00797869,0.154522
high,native_avg,0.01,6,1.13623,-0.150065,2.42253,-7.01932,-8.6305,-5.40815,,,,1.69689,-1.03846,4.43223,-0.069468,-0.154715,0.0157789,,,,,,,,,,17.7463,13.8125,21.6802,19.6667,12.4365,26.8969,2412.67,2058.38,2766.96,250,250,250,5.14942,2.90411,7.39474,17.6034,15.7094,19.4974,12.0863,10.5923,13.5802,,,,,,,0.0703584,-0.0129671,0.153684,0.0703584,-0.0129671,0.153684
high,native_avg,0.05,6,1.10149,-0.215191,2.41817,-7.02096,-8.63108,-5.41084,,,,1.73163,-1.07417,4.53743,-0.0680199,-0.151945,0.0159054,,,,,,,,,,88.7315,69.0623,108.401,86.5,66.6687,106.331,2345.83,2003.64,2688.03,1250,1250,1250,5.14942,2.90411,7.39474,17.6034,15.7094,19.4974,12.0863,10.5923,13.5802,,,,,,,0.0685603,-0.0163507,0.153471,0.0685603,-0.0163507,0.153471
high,native_avg,0.1,6,1.08581,-0.246311,2.41794,-7.02521,-8.6325,-5.41793,,,,1.74731,-1.09063,4.58524,-0.0629672,-0.141135,0.0152002,,,,,,,,,,177.463,138.125,216.802,171,141.683,200.317,2261.33,1931.67,2590.99,2500,2500,2500,5.14942,2.90411,7.39474,17.6034,15.7094,19.4974,12.0863,10.5923,13.5802,,,,,,,0.067749,-0.0179495,0.153448,0.067749,-0.0179495,0.153448
high,native_avg,0.15,6,1.21373,-2.42393,4.85138,-7.00772,-8.6246,-5.39085,,,,1.39401,-0.872932,3.66096,-0.0819994,-0.162694,-0.00130515,,,,,,,,,,266.195,207.187,325.202,254.333,199.91,308.757,2178,1874.12,2481.88,3750,3750,3750,5.14942,2.90411,7.39474,17.6034,15.7094,19.4974,12.0863,10.5923,13.5802,,,,,,,0.0716546,-0.126899,0.270208,0.0716546,-0.126899,0.270208
high,native_avg,0.25,6,1.21373,-2.42393,4.85138,-6.99959,-8.5822,-5.41698,,,,1.61939,-1.06051,4.2993,-0.0910051,-0.163483,-0.0185273,,,,,,,,,,443.658,345.312,542.004,431.167,333.056,529.277,2001.17,1741.57,2260.76,6250,6250,6250,5.14942,2.90411,7.39474,17.6034,15.7094,19.4974,12.0863,10.5923,13.5802,,,,,,,0.0716546,-0.126899,0.270208,0.0716546,-0.126899,0.270208
high,native_prod_c,0,6,2.79715,0.493149,5.10114,-6.99441,-8.57657,-5.41225,,,,0.0359735,-0.0564993,0.128446,-0.0864514,-0.151519,-0.0213837,,,,,,,,,,0,0,0,0,0,0,2432.33,2074.96,2789.71,0,0,0,5.14942,2.90411,7.39474,17.6034,15.7094,19.4974,12.0863,10.5923,13.5802,,,,,,,0.158285,0.0380951,0.278476,0.158285,0.0380951,0.278476
high,native_prod_c,0.01,6,2.79715,0.493149,5.10114,-6.9936,-8.57624,-5.41095,,,,0.0359735,-0.0564993,0.128446,-0.0871132,-0.152666,-0.0215608,,,,,,,,,,17.7463,13.8125,21.6802,19.6667,12.4365,26.8969,2412.67,2058.38,2766.96,250,250,250,5.14942,2.90411,7.39474,17.6034,15.7094,19.4974,12.0863,10.5923,13.5802,,,,,,,0.158285,0.0380951,0.278476,0.158285,0.0380951,0.278476
high,native_prod_c,0.05,6,2.79715,0.493149,5.10114,-6.99045,-8.57351,-5.4074,,,,0.98535,-1.4383,3.409,-0.0883447,-0.156799,-0.0198904,,,,,,,,,,88.7315,69.0623,108.401,86.5,66.6687,106.331,2345.83,2003.64,2688.03,1250,1250,1250,5.14942,2.90411,7.39474,17.6034,15.7094,19.4974,12.0863,10.5923,13.5802,,,,,,,0.158285,0.0380951,0.278476,0.158285,0.0380951,0.278476
high,native_prod_c,0.1,6,2.79715,0.493149,5.10114,-6.98922,-8.57164,-5.4068,,,,1.41448,-1.07914,3.90809,-0.0914473,-0.159322,-0.0235725,,,,,,,,,,177.463,138.125,216.802,171,141.683,200.317,2261.33,1931.67,2590.99,2500,2500,2500,5.14942,2.90411,7.39474,17.6034,15.7094,19.4974,12.0863,10.5923,13.5802,,,,,,,0.158285,0.0380951,0.278476,0.158285,0.0380951,0.278476
high,native_prod_c,0.15,6,1.89777,-1.87135,5.66688,-6.98662,-8.56927,-5.40396,,,,1.88473,-1.17955,4.94901,-0.0815165,-0.161303,-0.00173019,,,,,,,,,,266.195,207.187,325.202,254.333,199.91,308.757,2178,1874.12,2481.88,3750,3750,3750,5.14942,2.90411,7.39474,17.6034,15.7094,19.4974,12.0863,10.5923,13.5802,,,,,,,0.109024,-0.0954296,0.313477,0.109024,-0.0954296,0.313477
high,native_prod_c,0.25,6,2.83312,0.558291,5.10795,-6.98331,-8.56495,-5.40168,,,,0.949377,-1.49107,3.38983,-0.0886815,-0.153691,-0.0236723,,,,,,,,,,443.658,345.312,542.004,431.167,333.056,529.277,2001.17,1741.57,2260.76,6250,6250,6250,5.14942,2.90411,7.39474,17.6034,15.7094,19.4974,12.0863,10.5923,13.5802,,,,,,,0.160256,0.0418556,0.278656,0.160256,0.0418556,0.278656
high,native_prod_t,0,6,-9.60993,-11.5982,-7.62164,-7.09852,-8.67206,-5.52499,,,,0.111584,0.0398084,0.18336,5.54422e-08,-1.38698e-07,2.49582e-07,,,,,,,,,,0,0,0,0,0,0,2432.33,2074.96,2789.71,0,0,0,5.14942,2.90411,7.39474,17.6034,15.7094,19.4974,12.0863,10.5923,13.5802,,,,,,,-0.560615,-0.745715,-0.375516,-0.560615,-0.745715,-0.375516
high,native_prod_t,0.01,6,-7.37796,-11.3269,-3.42906,-7.09847,-8.67204,-5.52491,,,,0.583346,-0.91618,2.08287,2.97116e-05,-4.72316e-05,0.000106655,,,,,,,,,,17.7463,13.8125,21.6802,19.6667,12.4365,26.8969,2412.67,2058.38,2766.96,250,250,250,5.14942,2.90411,7.39474,17.6034,15.7094,19.4974,12.0863,10.5923,13.5802,,,,,,,-0.439339,-0.709103,-0.169575,-0.439339,-0.709103,-0.169575
high,native_prod_t,0.05,6,-10.3945,-12.2444,-8.54459,-7.09847,-8.67204,-5.52491,,,,4.56885,1.23803,7.89967,-1.86539e-05,-0.000127285,8.99772e-05,,,,,,,,,,88.7315,69.0623,108.401,86.5,66.6687,106.331,2345.83,2003.64,2688.03,1250,1250,1250,5.14942,2.90411,7.39474,17.6034,15.7094,19.4974,12.0863,10.5923,13.5802,,,,,,,-0.604285,-0.783835,-0.424734,-0.604285,-0.783835,-0.424734
high,native_prod_t,0.1,6,-6.07178,-12.0183,-0.125259,-7.09841,-8.67202,-5.52479,,,,1.4989,-1.17783,4.17563,-6.87777e-05,-0.000277308,0.000139752,,,,,,,,,,177.463,138.125,216.802,171,141.683,200.317,2261.33,1931.67,2590.99,2500,2500,2500,5.14942,2.90411,7.39474,17.6034,15.7094,19.4974,12.0863,10.5923,13.5802,,,,,,,-0.368211,-0.752443,0.0160209,-0.368211,-0.752443,0.0160209
high,native_prod_t,0.15,6,-6.74619,-12.802,-0.690387,-7.09849,-8.67204,-5.52493,,,,2.69944,-1.19269,6.59158,0.000443007,-0.000442715,0.00132873,,,,,,,,,,266.195,207.187,325.202,254.333,199.91,308.757,2178,1874.12,2481.88,3750,3750,3750,5.14942,2.90411,7.39474,17.6034,15.7094,19.4974,12.0863,10.5923,13.5802,,,,,,,-0.402402,-0.781752,-0.0230525,-0.402402,-0.781752,-0.0230525
high,native_prod_t,0.25,6,-8.06466,-10.5014,-5.6279,-7.09838,-8.67203,-5.52474,,,,2.59323,-1.12206,6.30853,0.000587731,-0.000515914,0.00169138,,,,,,,,,,443.658,345.312,542.004,431.167,333.056,529.277,2001.17,1741.57,2260.76,6250,6250,6250,5.14942,2.90411,7.39474,17.6034,15.7094,19.4974,12.0863,10.5923,13.5802,,,,,,,-0.473737,-0.673963,-0.273511,-0.473737,-0.673963,-0.273511
high,no_prop,,6,1.60944,1.08308,2.1358,4.04671,3.07472,5.01871,,,,0.176373,0.1302,0.222547,0.173836,0.0777696,0.269903,,,,,,,,,,,,,,,,,,,,,,5.14942,2.90411,7.39474,17.6034,15.7094,19.4974,12.0863,10.5923,13.5802,-10.871,-11.9202,-9.82179,-11.09,-12.1755,-10.0045,0.0945103,0.0521515,0.136869,0.135047,0.083711,0.186384
high,opc,,6,5.42233,3.93005,6.91461,7.92985,6.15453,9.70517,,,,0.108713,-0.044777,0.262203,0.108745,-0.0438642,0.261354,,,,,,,,,,,,,,,,,,,,,,5.14942,2.90411,7.39474,17.6034,15.7094,19.4974,12.0863,10.5923,13.5802,-0.411287,-0.886589,0.0640146,-1.30855,-1.80719,-0.809912,0.316184,0.199265,0.433102,0.452943,0.319561,0.586325
high,opc_raw,,6,4.53771,3.02568,6.04973,7.05268,5.21989,8.88547,,,,0.0541038,-0.0394807,0.147688,0.0537241,-0.0407571,0.148205,,,,,,,,,,,,,,,,,,,,,,5.14942,2.90411,7.39474,17.6034,15.7094,19.4974,12.0863,10.5923,13.5802,-0.819202,-1.38965,-0.248752,-1.75235,-2.30876,-1.19593,0.266312,0.149677,0.382947,0.380426,0.243052,0.5178
high,tempered_logger,,6,-2.102e-09,-1.09217e-08,6.71768e-09,2.29538,1.68949,2.90127,,,,0,0,0,0.217646,-0.0901835,0.525476,,,,,,,,,,,,,,,,,,,,,,5.14942,2.90411,7.39474,17.6034,15.7094,19.4974,12.0863,10.5923,13.5802,-0.0545885,-0.917468,0.808291,-0.917437,-1.68043,-0.154441,-1.11223e-10,-5.73689e-10,3.51243e-10,-1.53274e-10,-7.93391e-10,4.86842e-10
high,warm_c,0,6,4.29509,2.51914,6.07105,-6.3637,-7.77504,-4.95236,6.7704,4.83374,8.70706,0,0,0,0,0,0,-0.956942,-2.2521,0.338217,-1.79534,-3.07432,-0.516364,957.333,-708.223,2622.89,0,0,0,0,0,0,2432.33,2074.96,2789.71,0,0,0,5.14942,2.90411,7.39474,17.6034,15.7094,19.4974,12.0863,10.5923,13.5802,,,,,,,0.249222,0.137064,0.361381,0.249222,0.137064,0.361381
high,warm_c,0.01,6,4.28931,2.51217,6.06646,-6.35751,-7.77749,-4.93752,6.78028,4.86272,8.69784,0,0,0,0,0,0,-0.85267,-2.12432,0.418976,-1.70385,-2.93214,-0.475558,397.333,5.93201,788.735,17.7463,13.8125,21.6802,19.6667,12.4365,26.8969,2412.67,2058.38,2766.96,250,250,250,5.14942,2.90411,7.39474,17.6034,15.7094,19.4974,12.0863,10.5923,13.5802,,,,,,,0.248916,0.136677,0.361155,0.248916,0.136677,0.361155
high,warm_c,0.05,6,4.127,2.22477,6.02922,-6.38025,-7.77201,-4.98849,6.58878,4.51231,8.66525,0.110196,-0.0747076,0.295099,0.0416515,-0.0271009,0.110404,-0.670412,-1.91757,0.576749,-1.55172,-2.71889,-0.384547,1565.33,-529.287,3659.95,88.7315,69.0623,108.401,86.5,66.6687,106.331,2345.83,2003.64,2688.03,1250,1250,1250,5.14942,2.90411,7.39474,17.6034,15.7094,19.4974,12.0863,10.5923,13.5802,,,,,,,0.240003,0.120963,0.359044,0.240003,0.120963,0.359044
high,warm_c,0.1,6,4.16112,2.33253,5.9897,-6.3551,-7.77896,-4.93125,6.61114,4.64156,8.58072,0.0773326,-0.121457,0.276122,0.0146641,-0.0230311,0.0523593,-0.905139,-2.24393,0.433648,-1.80251,-3.05645,-0.54856,792,-918.43,2502.43,177.463,138.125,216.802,171,141.683,200.317,2261.33,1931.67,2590.99,2500,2500,2500,5.14942,2.90411,7.39474,17.6034,15.7094,19.4974,12.0863,10.5923,13.5802,,,,,,,0.241708,0.126765,0.356651,0.241708,0.126765,0.356651
high,warm_c,0.15,6,4.03977,2.12137,5.95818,-6.34584,-7.78576,-4.90593,6.49613,4.43843,8.55383,0.0920437,-0.144562,0.32865,0.0112803,-0.0177167,0.0402773,-0.864898,-2.10702,0.37723,-1.76761,-2.93306,-0.602162,1058.67,-713.951,2831.28,266.195,207.187,325.202,254.333,199.91,308.757,2178,1874.12,2481.88,3750,3750,3750,5.14942,2.90411,7.39474,17.6034,15.7094,19.4974,12.0863,10.5923,13.5802,,,,,,,0.235065,0.114866,0.355264,0.235065,0.114866,0.355264
high,warm_c,0.25,6,3.8549,1.84976,5.86003,-6.33599,-7.78451,-4.88747,6.32526,4.15876,8.49176,0.188274,-0.197729,0.574278,0.377637,-0.245534,1.00081,-0.859722,-1.79781,0.0783705,-1.77699,-2.62173,-0.932253,914.667,-769.474,2598.81,443.658,345.312,542.004,431.167,333.056,529.277,2001.17,1741.57,2260.76,6250,6250,6250,5.14942,2.90411,7.39474,17.6034,15.7094,19.4974,12.0863,10.5923,13.5802,,,,,,,0.224664,0.100294,0.349035,0.224664,0.100294,0.349035
high,warm_t,0,6,0.459847,-0.0908106,1.01051,-6.2716,-7.72376,-4.81943,2.85652,2.07996,3.63309,0.157335,-0.247107,0.561776,-0.070132,-0.250412,0.110148,-0.252858,-1.31278,0.807062,-1.27159,-2.26749,-0.275691,870.667,-839.66,2580.99,0,0,0,0,0,0,2432.33,2074.96,2789.71,0,0,0,5.14942,2.90411,7.39474,17.6034,15.7094,19.4974,12.0863,10.5923,13.5802,,,,,,,0.0283445,-0.00692446,0.0636134,0.0283445,-0.00692446,0.0636134
high,warm_t,0.01,6,0.46065,-0.127896,1.0492,-6.28589,-7.73565,-4.83613,2.87436,2.11316,3.63556,0.0170941,-0.0268477,0.0610359,0.0201952,-0.0317182,0.0721086,-0.282592,-1.35494,0.78975,-1.29818,-2.30937,-0.286998,865.333,-814.472,2545.14,17.7463,13.8125,21.6802,19.6667,12.4365,26.8969,2412.67,2058.38,2766.96,250,250,250,5.14942,2.90411,7.39474,17.6034,15.7094,19.4974,12.0863,10.5923,13.5802,,,,,,,0.0285481,-0.00913455,0.0662307,0.0285481,-0.00913455,0.0662307
high,warm_t,0.05,6,0.483231,-0.132164,1.09863,-6.26312,-7.73167,-4.79457,2.76333,1.82446,3.7022,0.0214942,-0.0233755,0.0663638,-0.0227205,-0.140403,0.0949625,-0.288499,-1.32941,0.752416,-1.30591,-2.28768,-0.32415,268,-172.607,708.607,88.7315,69.0623,108.401,86.5,66.6687,106.331,2345.83,2003.64,2688.03,1250,1250,1250,5.14942,2.90411,7.39474,17.6034,15.7094,19.4974,12.0863,10.5923,13.5802,,,,,,,0.0299966,-0.00960653,0.0695998,0.0299966,-0.00960653,0.0695998
high,warm_t,0.1,6,0.506317,-0.147199,1.15983,-6.27769,-7.7554,-4.79999,2.86955,1.84632,3.89278,0.035573,-0.0146893,0.0858353,-0.0351319,-0.138201,0.0679371,-0.265854,-1.27816,0.746446,-1.28561,-2.24186,-0.329358,440,-412.131,1292.13,177.463,138.125,216.802,171,141.683,200.317,2261.33,1931.67,2590.99,2500,2500,2500,5.14942,2.90411,7.39474,17.6034,15.7094,19.4974,12.0863,10.5923,13.5802,,,,,,,0.0314351,-0.0104544,0.0733246,0.0314351,-0.0104544,0.0733246
high,warm_t,0.15,6,0.515765,-0.149338,1.18087,-6.28931,-7.77617,-4.80244,2.89275,1.85669,3.9288,0.036982,-0.0199294,0.0938934,-0.0256473,-0.147005,0.0957107,-0.231923,-1.19416,0.730317,-1.2531,-2.16147,-0.344722,1544,-570.563,3658.56,266.195,207.187,325.202,254.333,199.91,308.757,2178,1874.12,2481.88,3750,3750,3750,5.14942,2.90411,7.39474,17.6034,15.7094,19.4974,12.0863,10.5923,13.5802,,,,,,,0.0319967,-0.0106538,0.0746471,0.0319967,-0.0106538,0.0746471
high,warm_t,0.25,6,0.52987,-0.123236,1.18298,-6.34212,-7.79638,-4.88786,2.89614,1.89554,3.89673,0.0506044,-0.00661811,0.107827,0.439834,-0.149317,1.02898,-0.332725,-1.35473,0.68928,-1.34887,-2.31286,-0.384887,869.333,-841.852,2580.52,443.658,345.312,542.004,431.167,333.056,529.277,2001.17,1741.57,2260.76,6250,6250,6250,5.14942,2.90411,7.39474,17.6034,15.7094,19.4974,12.0863,10.5923,13.5802,,,,,,,0.0327974,-0.00943672,0.0750314,0.0327974,-0.00943672,0.0750314
biased (pooled),cap_c,0,24,3.09284,2.10288,4.0828,-11.8002,-13.4214,-10.179,7.12653,6.36246,7.8906,0.125344,0.0472073,0.203481,-0.169418,-0.321246,-0.0175903,-1.07023,-1.5068,-0.633655,-2.18044,-2.58845,-1.77242,808.667,167.088,1450.24,0,0,0,0,0,0,4057.08,3628.34,4485.83,0,0,0,-3.02876,-5.24037,-0.817153,9.42521,7.26931,11.5811,6.68983,5.09357,8.28609,,,,,,,0.325361,0.242672,0.408049,0.419539,0.345848,0.493231
biased (pooled),cap_c,0.01,24,3.11682,2.13189,4.10174,-11.8115,-13.4376,-10.1854,7.15909,6.41012,7.90805,0.0988345,0.0326506,0.165018,-0.129877,-0.264587,0.00483316,-1.1037,-1.5486,-0.658794,-2.21142,-2.62802,-1.79483,966,267.471,1664.53,34.2373,29.8758,38.5989,36.625,31.9712,41.2788,4020.46,3595.99,4444.92,250,250,250,-3.02876,-5.24037,-0.817153,9.42521,7.26931,11.5811,6.68983,5.09357,8.28609,,,,,,,0.328275,0.246736,0.409815,0.425044,0.352745,0.497343
biased (pooled),cap_c,0.05,24,3.12493,2.14193,4.10794,-11.7548,-13.3704,-10.1392,7.15683,6.40959,7.90406,0.0961975,0.0273626,0.165032,-0.154708,-0.28696,-0.0224561,-1.01338,-1.46337,-0.563384,-2.12537,-2.54521,-1.70554,1058.67,360.65,1756.68,171.187,149.379,192.995,164.75,144.183,185.317,3892.33,3483.72,4300.94,1250,1250,1250,-3.02876,-5.24037,-0.817153,9.42521,7.26931,11.5811,6.68983,5.09357,8.28609,,,,,,,0.329469,0.247551,0.411387,0.427075,0.354722,0.499428
biased (pooled),cap_c,0.1,24,3.11231,2.13859,4.08603,-11.742,-13.341,-10.1429,7.11918,6.39387,7.84449,0.0920976,0.0142281,0.169967,-0.145386,-0.277176,-0.0135951,-1.06019,-1.53417,-0.5862,-2.16731,-2.6096,-1.72501,828,174.65,1481.35,342.373,298.758,385.989,337.333,294.047,380.619,3719.75,3333.72,4105.78,2500,2500,2500,-3.02876,-5.24037,-0.817153,9.42521,7.26931,11.5811,6.68983,5.09357,8.28609,,,,,,,0.32767,0.247087,0.408253,0.427221,0.359337,0.495104
biased (pooled),cap_c,0.15,24,3.07484,2.11953,4.03016,-11.7904,-13.4029,-10.1778,7.11144,6.39145,7.83142,0.125515,0.0364039,0.214627,-0.0683049,-0.212324,0.0757144,-0.969732,-1.37424,-0.565221,-2.08407,-2.44973,-1.71841,1222.67,486.393,1958.94,513.56,448.136,578.984,499.417,435.146,563.688,3557.67,3192.77,3922.56,3750,3750,3750,-3.02876,-5.24037,-0.817153,9.42521,7.26931,11.5811,6.68983,5.09357,8.28609,,,,,,,0.323441,0.246835,0.400048,0.424462,0.361532,0.487392
biased (pooled),cap_c,0.25,24,3.0469,2.1129,3.9809,-11.7333,-13.3379,-10.1288,7.08164,6.40132,7.76196,0.151993,0.0585249,0.245462,-0.0413073,-0.156911,0.0742965,-0.889548,-1.36027,-0.418823,-2.01046,-2.44888,-1.57205,930.667,292.14,1569.19,855.933,746.894,964.973,837.667,730.685,944.648,3219.42,2897.39,3541.44,6250,6250,6250,-3.02876,-5.24037,-0.817153,9.42521,7.26931,11.5811,6.68983,5.09357,8.28609,,,,,,,0.320079,0.244713,0.395446,0.420522,0.359106,0.481938
biased (pooled),cap_t,0,24,3.04237,2.08603,3.9987,-11.8119,-13.4328,-10.1909,7.08233,6.342,7.82266,0.146358,0.0623419,0.230374,-0.109487,-0.315891,0.0969157,-1.02968,-1.45047,-0.6089,-2.14549,-2.53476,-1.75623,778,135.288,1420.71,0,0,0,0,0,0,4057.08,3628.34,4485.83,0,0,0,-3.02876,-5.24037,-0.817153,9.42521,7.26931,11.5811,6.68983,5.09357,8.28609,,,,,,,0.322122,0.240261,0.403983,0.415104,0.343055,0.487153
biased (pooled),cap_t,0.01,24,3.06999,2.11576,4.02423,-11.8233,-13.4489,-10.1977,7.1201,6.39142,7.84878,0.110393,0.0381419,0.182645,-0.0621884,-0.261906,0.13753,-1.03453,-1.45562,-0.613427,-2.14908,-2.54138,-1.75678,1346,565.644,2126.36,34.2373,29.8758,38.5989,36.625,31.9712,41.2788,4020.46,3595.99,4444.92,250,250,250,-3.02876,-5.24037,-0.817153,9.42521,7.26931,11.5811,6.68983,5.09357,8.28609,,,,,,,0.325301,0.244452,0.406149,0.420954,0.350053,0.491855
biased (pooled),cap_t,0.05,24,3.08198,2.12745,4.0365,-11.7498,-13.3657,-10.1338,7.1148,6.38759,7.84202,0.105874,0.0297229,0.182025,-0.123388,-0.259924,0.0131477,-1.01282,-1.46207,-0.563575,-2.12619,-2.54404,-1.70833,1226.67,487.866,1965.47,171.187,149.379,192.995,164.75,144.183,185.317,3892.33,3483.72,4300.94,1250,1250,1250,-3.02876,-5.24037,-0.817153,9.42521,7.26931,11.5811,6.68983,5.09357,8.28609,,,,,,,0.326874,0.245448,0.408301,0.423403,0.352217,0.494588
biased (pooled),cap_t,0.1,24,3.07309,2.12764,4.01855,-11.7424,-13.3392,-10.1455,7.08014,6.377,7.78327,0.103328,0.0158285,0.190828,-0.159541,-0.280096,-0.0389859,-1.0921,-1.57588,-0.608321,-2.19671,-2.64409,-1.74933,665.333,80.1746,1250.49,342.373,298.758,385.989,337.333,294.047,380.619,3719.75,3333.72,4105.78,2500,2500,2500,-3.02876,-5.24037,-0.817153,9.42521,7.26931,11.5811,6.68983,5.09357,8.28609,,,,,,,0.325351,0.245282,0.40542,0.423901,0.357307,0.490495
biased (pooled),cap_t,0.15,24,3.03593,2.10733,3.96453,-11.7919,-13.4023,-10.1815,7.0743,6.37223,7.77638,0.131401,0.0410658,0.221737,-0.0751918,-0.222818,0.0724348,-0.966206,-1.37602,-0.556393,-2.08254,-2.45314,-1.71195,1241.33,509.526,1973.14,513.56,448.136,578.984,499.417,435.146,563.688,3557.67,3192.77,3922.56,3750,3750,3750,-3.02876,-5.24037,-0.817153,9.42521,7.26931,11.5811,6.68983,5.09357,8.28609,,,,,,,0.32109,0.244985,0.397194,0.421135,0.359407,0.482862
biased (pooled),cap_t,0.25,24,3.04748,2.11293,3.98204,-11.7386,-13.3404,-10.1368,7.08516,6.40173,7.76859,0.116705,0.0351103,0.198299,-0.0369226,-0.153717,0.0798714,-0.878513,-1.34129,-0.415738,-1.99854,-2.42889,-1.56818,1052,367.716,1736.28,855.933,746.894,964.973,837.667,730.685,944.648,3219.42,2897.39,3541.44,6250,6250,6250,-3.02876,-5.24037,-0.817153,9.42521,7.26931,11.5811,6.68983,5.09357,8.28609,,,,,,,0.320128,0.244748,0.395508,0.420587,0.359146,0.482028
biased (pooled),dm,,24,2.08374,1.23093,2.93654,6.17318,5.64129,6.70506,,,,0.489066,0.353592,0.624539,0.261112,0.142474,0.379749,,,,,,,,,,,,,,,,,,,,,,-3.02876,-5.24037,-0.817153,9.42521,7.26931,11.5811,6.68983,5.09357,8.28609,1.37946,1.07231,1.68662,1.24616,0.932746,1.55957,0.188948,0.136995,0.240901,0.245989,0.18088,0.311099
biased (pooled),dm_own,,24,2.15445,1.30075,3.00814,6.22924,5.69704,6.76144,,,,0.424483,0.299225,0.549742,0.204666,0.102587,0.306745,,,,,,,,,,,,,,,,,,,,,,-3.02876,-5.24037,-0.817153,9.42521,7.26931,11.5811,6.68983,5.09357,8.28609,1.25419,0.957666,1.55071,1.12042,0.817152,1.42368,0.198366,0.146771,0.24996,0.260138,0.197087,0.323189
biased (pooled),native_avg,0,24,-4.89561,-6.55921,-3.23201,-13.651,-15.405,-11.897,,,,0.925637,0.110252,1.74102,-0.0313244,-0.0505605,-0.0120882,,,,,,,,,,0,0,0,0,0,0,4057.08,3628.34,4485.83,0,0,0,-3.02876,-5.24037,-0.817153,9.42521,7.26931,11.5811,6.68983,5.09357,8.28609,,,,,,,-0.85487,-1.17021,-0.539534,-0.85487,-1.17021,-0.539534
biased (pooled),native_avg,0.01,24,-4.91638,-6.71315,-3.11961,-13.6443,-15.3965,-11.8921,,,,0.946351,0.00650248,1.8862,-0.0362457,-0.0581489,-0.0143426,,,,,,,,,,34.2373,29.8758,38.5989,36.625,31.9712,41.2788,4020.46,3595.99,4444.92,250,250,250,-3.02876,-5.24037,-0.817153,9.42521,7.26931,11.5811,6.68983,5.09357,8.28609,,,,,,,-0.859993,-1.19645,-0.523536,-0.859993,-1.19645,-0.523536
biased (pooled),native_avg,0.05,24,-4.68493,-6.27268,-3.09719,-13.6497,-15.4027,-11.8966,,,,0.715538,0.0506905,1.38038,-0.0316449,-0.050844,-0.0124458,,,,,,,,,,171.187,149.379,192.995,164.75,144.183,185.317,3892.33,3483.72,4300.94,1250,1250,1250,-3.02876,-5.24037,-0.817153,9.42521,7.26931,11.5811,6.68983,5.09357,8.28609,,,,,,,-0.827817,-1.14525,-0.510385,-0.827817,-1.14525,-0.510385
biased (pooled),native_avg,0.1,24,-5.05306,-6.84679,-3.25933,-13.6459,-15.3967,-11.8951,,,,1.08416,0.0362774,2.13204,-0.035911,-0.0544084,-0.0174136,,,,,,,,,,342.373,298.758,385.989,337.333,294.047,380.619,3719.75,3333.72,4105.78,2500,2500,2500,-3.02876,-5.24037,-0.817153,9.42521,7.26931,11.5811,6.68983,5.09357,8.28609,,,,,,,-0.857673,-1.16905,-0.546297,-0.857673,-1.16905,-0.546297
biased (pooled),native_avg,0.15,24,-5.02478,-6.95228,-3.09727,-13.6464,-15.4026,-11.8901,,,,0.999438,-0.00123358,2.00011,-0.0362191,-0.0562158,-0.0162225,,,,,,,,,,513.56,448.136,578.984,499.417,435.146,563.688,3557.67,3192.77,3922.56,3750,3750,3750,-3.02876,-5.24037,-0.817153,9.42521,7.26931,11.5811,6.68983,5.09357,8.28609,,,,,,,-0.856683,-1.17019,-0.543181,-0.856683,-1.17019,-0.543181
biased (pooled),native_avg,0.25,24,-5.08709,-7.03675,-3.13742,-13.6408,-15.3969,-11.8846,,,,1.11706,0.0644268,2.16969,-0.041817,-0.0642467,-0.0193872,,,,,,,,,,855.933,746.894,964.973,837.667,730.685,944.648,3219.42,2897.39,3541.44,6250,6250,6250,-3.02876,-5.24037,-0.817153,9.42521,7.26931,11.5811,6.68983,5.09357,8.28609,,,,,,,-0.87333,-1.19564,-0.551025,-0.87333,-1.19564,-0.551025
biased (pooled),native_prod_c,0,24,-6.63869,-9.49787,-3.7795,-13.6095,-15.3579,-11.861,,,,2.66866,0.836267,4.50106,-0.06948,-0.0887292,-0.0502309,,,,,,,,,,0,0,0,0,0,0,4057.08,3628.34,4485.83,0,0,0,-3.02876,-5.24037,-0.817153,9.42521,7.26931,11.5811,6.68983,5.09357,8.28609,,,,,,,-1.10458,-1.49406,-0.715101,-1.10458,-1.49406,-0.715101
biased (pooled),native_prod_c,0.01,24,-6.82726,-9.77041,-3.88412,-13.6068,-15.355,-11.8586,,,,2.85724,0.915113,4.79937,-0.0716609,-0.0914615,-0.0518604,,,,,,,,,,34.2373,29.8758,38.5989,36.625,31.9712,41.2788,4020.46,3595.99,4444.92,250,250,250,-3.02876,-5.24037,-0.817153,9.42521,7.26931,11.5811,6.68983,5.09357,8.28609,,,,,,,-1.13472,-1.53926,-0.730185,-1.13472,-1.53926,-0.730185
biased (pooled),native_prod_c,0.05,24,-6.39116,-9.19017,-3.59214,-13.5971,-15.3441,-11.8501,,,,2.65848,0.835362,4.48159,-0.0792673,-0.101185,-0.0573492,,,,,,,,,,171.187,149.379,192.995,164.75,144.183,185.317,3892.33,3483.72,4300.94,1250,1250,1250,-3.02876,-5.24037,-0.817153,9.42521,7.26931,11.5811,6.68983,5.09357,8.28609,,,,,,,-1.07291,-1.46228,-0.683531,-1.07291,-1.46228,-0.683531
biased (pooled),native_prod_c,0.1,24,-5.86441,-8.45773,-3.2711,-13.5869,-15.3321,-11.8417,,,,2.23902,0.631747,3.84628,-0.0882886,-0.112733,-0.0638439,,,,,,,,,,342.373,298.758,385.989,337.333,294.047,380.619,3719.75,3333.72,4105.78,2500,2500,2500,-3.02876,-5.24037,-0.817153,9.42521,7.26931,11.5811,6.68983,5.09357,8.28609,,,,,,,-1.00103,-1.37043,-0.631622,-1.00103,-1.37043,-0.631622
biased (pooled),native_prod_c,0.15,24,-6.57348,-9.32874,-3.81822,-13.5771,-15.3209,-11.8333,,,,2.8408,1.0156,4.666,-0.0935438,-0.121838,-0.0652493,,,,,,,,,,513.56,448.136,578.984,499.417,435.146,563.688,3557.67,3192.77,3922.56,3750,3750,3750,-3.02876,-5.24037,-0.817153,9.42521,7.26931,11.5811,6.68983,5.09357,8.28609,,,,,,,-1.0873,-1.48111,-0.693498,-1.0873,-1.48111,-0.693498
biased (pooled),native_prod_c,0.25,24,-5.42154,-7.9344,-2.90867,-13.5602,-15.3013,-11.8192,,,,1.68885,0.188564,3.18915,-0.109099,-0.140718,-0.0774808,,,,,,,,,,855.933,746.894,964.973,837.667,730.685,944.648,3219.42,2897.39,3541.44,6250,6250,6250,-3.02876,-5.24037,-0.817153,9.42521,7.26931,11.5811,6.68983,5.09357,8.28609,,,,,,,-0.964476,-1.34722,-0.581728,-0.964476,-1.34722,-0.581728
biased (pooled),native_prod_t,0,24,-17.7999,-19.9707,-15.6292,-13.6949,-15.4396,-11.9503,,,,0.109175,0.0880374,0.130312,4.6748e-08,2.28423e-09,9.12117e-08,,,,,,,,,,0,0,0,0,0,0,4057.08,3628.34,4485.83,0,0,0,-3.02876,-5.24037,-0.817153,9.42521,7.26931,11.5811,6.68983,5.09357,8.28609,,,,,,,-2.65994,-3.36296,-1.95692,-2.65994,-3.36296,-1.95692
biased (pooled),native_prod_t,0.01,24,-16.5403,-19.3072,-13.7733,-13.6949,-15.4396,-11.9503,,,,1.46413,0.787183,2.14107,4.92335e-05,8.02876e-07,9.76641e-05,,,,,,,,,,34.2373,29.8758,38.5989,36.625,31.9712,41.2788,4020.46,3595.99,4444.92,250,250,250,-3.02876,-5.24037,-0.817153,9.42521,7.26931,11.5811,6.68983,5.09357,8.28609,,,,,,,-2.54902,-3.30513,-1.79291,-2.54902,-3.30513,-1.79291
biased (pooled),native_prod_t,0.05,24,-17.0926,-19.3648,-14.8204,-13.6949,-15.4395,-11.9503,,,,3.38944,2.2608,4.51807,1.32802e-05,-2.50368e-05,5.15971e-05,,,,,,,,,,171.187,149.379,192.995,164.75,144.183,185.317,3892.33,3483.72,4300.94,1250,1250,1250,-3.02876,-5.24037,-0.817153,9.42521,7.26931,11.5811,6.68983,5.09357,8.28609,,,,,,,-2.5477,-3.26524,-1.83017,-2.5477,-3.26524,-1.83017
biased (pooled),native_prod_t,0.1,24,-13.6341,-16.6585,-10.6097,-13.6949,-15.4395,-11.9502,,,,0.854151,0.226756,1.48155,1.36501e-05,-3.42287e-05,6.1529e-05,,,,,,,,,,342.373,298.758,385.989,337.333,294.047,380.619,3719.75,3333.72,4105.78,2500,2500,2500,-3.02876,-5.24037,-0.817153,9.42521,7.26931,11.5811,6.68983,5.09357,8.28609,,,,,,,-2.19324,-2.98187,-1.40461,-2.19324,-2.98187,-1.40461
biased (pooled),native_prod_t,0.15,24,-13.886,-17.0191,-10.7529,-13.6949,-15.4395,-11.9503,,,,1.67339,0.67909,2.66769,0.000423315,0.000122694,0.000723936,,,,,,,,,,513.56,448.136,578.984,499.417,435.146,563.688,3557.67,3192.77,3922.56,3750,3750,3750,-3.02876,-5.24037,-0.817153,9.42521,7.26931,11.5811,6.68983,5.09357,8.28609,,,,,,,-2.20776,-2.99437,-1.42115,-2.20776,-2.99437,-1.42115
biased (pooled),native_prod_t,0.25,24,-14.813,-17.3624,-12.2636,-13.6949,-15.4395,-11.9502,,,,1.16342,0.192984,2.13385,0.00067348,0.000223206,0.00112375,,,,,,,,,,855.933,746.894,964.973,837.667,730.685,944.648,3219.42,2897.39,3541.44,6250,6250,6250,-3.02876,-5.24037,-0.817153,9.42521,7.26931,11.5811,6.68983,5.09357,8.28609,,,,,,,-2.2693,-2.98299,-1.5556,-2.2693,-2.98299,-1.5556
biased (pooled),no_prop,,24,0.820507,0.578831,1.06218,4.8402,4.53278,5.14763,,,,0.211185,0.16823,0.25414,0.125622,0.0826591,0.168585,,,,,,,,,,,,,,,,,,,,,,-3.02876,-5.24037,-0.817153,9.42521,7.26931,11.5811,6.68983,5.09357,8.28609,-15.488,-16.7397,-14.2363,-15.7872,-17.0506,-14.5237,0.0869138,0.0717879,0.10204,0.119819,0.102541,0.137097
biased (pooled),opc,,24,2.68566,1.84106,3.53027,6.75492,6.1795,7.33034,,,,0.156475,0.108235,0.204714,0.126911,0.081334,0.172487,,,,,,,,,,,,,,,,,,,,,,-3.02876,-5.24037,-0.817153,9.42521,7.26931,11.5811,6.68983,5.09357,8.28609,-0.108621,-0.33985,0.122608,-1.25679,-1.46702,-1.04656,0.274573,0.218244,0.330903,0.365204,0.314126,0.416283
biased (pooled),opc_raw,,24,2.31125,1.57874,3.04377,6.37138,5.85301,6.88975,,,,0.178465,0.105213,0.251717,0.131692,0.0674927,0.195892,,,,,,,,,,,,,,,,,,,,,,-3.02876,-5.24037,-0.817153,9.42521,7.26931,11.5811,6.68983,5.09357,8.28609,-0.277715,-0.517563,-0.0378668,-1.4394,-1.64375,-1.23505,0.2385,0.185839,0.29116,0.31543,0.265016,0.365843
biased (pooled),tempered_logger,,24,-2.61097e-09,-1.05217e-08,5.29976e-09,3.98973,3.52597,4.45348,,,,3.64855e-06,-3.89905e-06,1.11962e-05,0.104269,0.0309017,0.177636,,,,,,,,,,,,,,,,,,,,,,-3.02876,-5.24037,-0.817153,9.42521,7.26931,11.5811,6.68983,5.09357,8.28609,-0.261991,-0.480643,-0.0433388,-1.36482,-1.59868,-1.13096,-2.42923e-10,-1.20091e-09,7.15067e-10,-2.09914e-10,-1.50826e-09,1.08843e-09
biased (pooled),warm_c,0,24,1.65498,0.817051,2.4929,-12.098,-13.6284,-10.5675,5.70166,5.08323,6.32009,0.254878,-0.13789,0.647645,0.146169,-0.0870589,0.379397,-0.507533,-0.888649,-0.126416,-1.63564,-2.01908,-1.2522,1450.67,693.673,2207.66,0,0,0,0,0,0,4057.08,3628.34,4485.83,0,0,0,-3.02876,-5.24037,-0.817153,9.42521,7.26931,11.5811,6.68983,5.09357,8.28609,,,,,,,0.153069,0.0932226,0.212915,0.153069,0.0932226,0.212915
biased (pooled),warm_c,0.01,24,1.78845,1.04684,2.53006,-12.0907,-13.6205,-10.5608,5.83796,5.33734,6.33857,0.119133,-0.0252481,0.263513,0.192731,-0.00399117,0.389452,-0.451774,-0.79797,-0.105577,-1.59647,-1.92987,-1.26307,1704,937.869,2470.13,34.2373,29.8758,38.5989,36.625,31.9712,41.2788,4020.46,3595.99,4444.92,250,250,250,-3.02876,-5.24037,-0.817153,9.42521,7.26931,11.5811,6.68983,5.09357,8.28609,,,,,,,0.169965,0.130738,0.209191,0.169965,0.130738,0.209191
biased (pooled),warm_c,0.05,24,1.68812,0.928607,2.44763,-12.0809,-13.6033,-10.5585,5.73729,5.18881,6.28577,0.192289,0.0306265,0.353952,0.267775,0.0902643,0.445286,-0.34769,-0.668228,-0.027152,-1.49815,-1.79747,-1.19883,1477.33,725.644,2229.02,171.187,149.379,192.995,164.75,144.183,185.317,3892.33,3483.72,4300.94,1250,1250,1250,-3.02876,-5.24037,-0.817153,9.42521,7.26931,11.5811,6.68983,5.09357,8.28609,,,,,,,0.161482,0.117112,0.205853,0.161482,0.117112,0.205853
biased (pooled),warm_c,0.1,24,1.73539,0.984896,2.48588,-12.0564,-13.5829,-10.53,5.78029,5.25339,6.3072,0.15118,0.0230772,0.279282,0.121653,-0.114875,0.358182,-0.435964,-0.795906,-0.0760225,-1.59278,-1.92449,-1.26106,1420,653.926,2186.07,342.373,298.758,385.989,337.333,294.047,380.619,3719.75,3333.72,4105.78,2500,2500,2500,-3.02876,-5.24037,-0.817153,9.42521,7.26931,11.5811,6.68983,5.09357,8.28609,,,,,,,0.165977,0.122335,0.209619,0.165977,0.122335,0.209619
biased (pooled),warm_c,0.15,24,1.70501,0.966197,2.44383,-12.0387,-13.566,-10.5115,5.75211,5.22465,6.27957,0.16213,0.0396667,0.284594,0.0901622,-0.0528992,0.233224,-0.474754,-0.815604,-0.133903,-1.62347,-1.93563,-1.31132,1077.33,384.066,1770.6,513.56,448.136,578.984,499.417,435.146,563.688,3557.67,3192.77,3922.56,3750,3750,3750,-3.02876,-5.24037,-0.817153,9.42521,7.26931,11.5811,6.68983,5.09357,8.28609,,,,,,,0.163731,0.120367,0.207095,0.163731,0.120367,0.207095
biased (pooled),warm_c,0.25,24,1.65868,0.944983,2.37237,-12.0111,-13.5384,-10.4839,5.69864,5.17628,6.22101,0.174976,0.0595655,0.290386,0.0476722,-0.221152,0.316497,-0.458186,-0.742453,-0.173919,-1.62802,-1.87984,-1.37619,738.667,176.632,1300.7,855.933,746.894,964.973,837.667,730.685,944.648,3219.42,2897.39,3541.44,6250,6250,6250,-3.02876,-5.24037,-0.817153,9.42521,7.26931,11.5811,6.68983,5.09357,8.28609,,,,,,,0.160064,0.118309,0.201818,0.160064,0.118309,0.201818
biased (pooled),warm_t,0,24,0.284084,0.123019,0.445148,-12.1478,-13.7129,-10.5828,4.32508,3.89506,4.7551,0.179389,0.0279475,0.33083,0.410896,0.0669434,0.754848,-0.379129,-0.639758,-0.1185,-1.57996,-1.84382,-1.3161,963,263.77,1662.23,0,0,0,0,0,0,4057.08,3628.34,4485.83,0,0,0,-3.02876,-5.24037,-0.817153,9.42521,7.26931,11.5811,6.68983,5.09357,8.28609,,,,,,,0.0324567,0.0136769,0.0512365,0.0324567,0.0136769,0.0512365
biased (pooled),warm_t,0.01,24,0.291151,0.123306,0.458995,-12.1531,-13.7178,-10.5884,4.31299,3.88167,4.7443,0.147832,0.0111692,0.284496,0.445546,0.105949,0.785143,-0.381617,-0.645541,-0.117692,-1.5819,-1.84904,-1.31477,763.667,188.905,1338.43,34.2373,29.8758,38.5989,36.625,31.9712,41.2788,4020.46,3595.99,4444.92,250,250,250,-3.02876,-5.24037,-0.817153,9.42521,7.26931,11.5811,6.68983,5.09357,8.28609,,,,,,,0.0334356,0.0141359,0.0527352,0.0334356,0.0141359,0.0527352
biased (pooled),warm_t,0.05,24,0.231484,0.0740407,0.388928,-12.1876,-13.7547,-10.6205,4.21977,3.77238,4.66717,0.232351,0.0610388,0.403664,0.525675,0.195771,0.855578,-0.412111,-0.667122,-0.1571,-1.6087,-1.87076,-1.34663,681,170.969,1191.03,171.187,149.379,192.995,164.75,144.183,185.317,3892.33,3483.72,4300.94,1250,1250,1250,-3.02876,-5.24037,-0.817153,9.42521,7.26931,11.5811,6.68983,5.09357,8.28609,,,,,,,0.0262644,0.008623,0.0439057,0.0262644,0.008623,0.0439057
biased (pooled),warm_t,0.1,24,0.237719,0.0716479,0.40379,-12.1743,-13.7356,-10.613,4.25083,3.81163,4.69002,0.251483,0.0774499,0.425516,0.486358,0.189678,0.783038,-0.401084,-0.642929,-0.159239,-1.59874,-1.8476,-1.34988,681.333,98.1791,1264.49,342.373,298.758,385.989,337.333,294.047,380.619,3719.75,3333.72,4105.78,2500,2500,2500,-3.02876,-5.24037,-0.817153,9.42521,7.26931,11.5811,6.68983,5.09357,8.28609,,,,,,,0.0270471,0.00876492,0.0453292,0.0270471,0.00876492,0.0453292
biased (pooled),warm_t,0.15,24,0.230617,0.0618193,0.399415,-12.1647,-13.7228,-10.6066,4.26623,3.83258,4.69988,0.255602,0.085041,0.426162,0.469284,0.201008,0.737561,-0.388823,-0.631689,-0.145957,-1.58566,-1.83647,-1.33485,834,193.752,1474.25,513.56,448.136,578.984,499.417,435.146,563.688,3557.67,3192.77,3922.56,3750,3750,3750,-3.02876,-5.24037,-0.817153,9.42521,7.26931,11.5811,6.68983,5.09357,8.28609,,,,,,,0.0257942,0.00761184,0.0439765,0.0257942,0.00761184,0.0439765
biased (pooled),warm_t,0.25,24,0.241721,0.0732698,0.410172,-12.1494,-13.6932,-10.6056,4.2563,3.82072,4.69187,0.257559,0.0911492,0.423969,0.535432,0.298432,0.772433,-0.394948,-0.651956,-0.13794,-1.59182,-1.85384,-1.3298,1296.67,559.338,2034,855.933,746.894,964.973,837.667,730.685,944.648,3219.42,2897.39,3541.44,6250,6250,6250,-3.02876,-5.24037,-0.817153,9.42521,7.26931,11.5811,6.68983,5.09357,8.28609,,,,,,,0.0270474,0.0087078,0.0453869,0.0270474,0.0087078,0.0453869
