a,b,agree,value_diff,users_a_rarer,value_diff_a_rarer,users_b_rarer,value_diff_b_rarer,dataset,bias,seed
blob_prior_mean,logger,0.86534933,-0.00012660373,0.13465067,-0.00012660373,0,0,ml,high,100
blob_prior_mean,policies/oracle_affine_bilinear_likelihood_n0,0.031041151,-0.085196243,0.003423046,-0.00016068635,0.9655358,-0.085035557,ml,high,100
blob_prior_mean,policies/oracle_affine_bilinear_value_n0,0.023570496,-0.13692352,0.0025229644,-0.00037193595,0.97390654,-0.13655158,ml,high,100
blob_prior_mean,policies/oracle_bilinear_likelihood_n0,0.046029097,-0.076648858,0.0037457923,-0.00011974868,0.95022511,-0.07652911,ml,high,100
blob_prior_mean,policies/oracle_bilinear_value_n0,0.024669031,-0.13581391,0.0025918438,-0.00037880327,0.97273912,-0.13543511,ml,high,100
blob_prior_mean,policies/oracle_blob_likelihood_n0,0.017674926,-0.098959786,0.0010017337,-0.00013074066,0.98132334,-0.098829045,ml,high,100
blob_prior_mean,policies/oracle_blob_value_n0,0.024474463,-0.13707285,0.0025918438,-0.00037880327,0.97293369,-0.13669405,ml,high,100
blob_prior_mean,run_blob_main_25k_mnq/blob_mnq_n25000,0.8451399,-0.0066085473,0.036412537,-0.0014869287,0.11844757,-0.0051216186,ml,high,100
blob_prior_mean,run_blob_main_25k_nq/blob_nq_n25000,0.73569751,-0.014837047,0.038275933,-0.0020624497,0.22602656,-0.012774598,ml,high,100
blob_prior_mean,run_replay_cap_rho0_25k_mlkr/causecap_c_r000_n25000,0.28502782,-0.042724106,0.0265144,-0.0013018826,0.68845778,-0.041422224,ml,high,100
blob_prior_mean,run_replay_cap_rho0_25k_mlkr/causecap_t_r000_n25000,0.28502782,-0.042764511,0.0265144,-0.0013018826,0.68845778,-0.041462628,ml,high,100
blob_prior_mean,run_replay_opc_25k_mlkr/opc_n25000_r0,0.34051903,-0.040097632,0.026093257,-0.0012800152,0.63338771,-0.038817617,ml,high,100
logger,policies/oracle_affine_bilinear_likelihood_n0,0.030526025,-0.08506964,0,0,0.96947397,-0.08506964,ml,high,100
logger,policies/oracle_affine_bilinear_value_n0,0.023638116,-0.13679691,0,0,0.97636188,-0.13679691,ml,high,100
logger,policies/oracle_bilinear_likelihood_n0,0.044376042,-0.076522255,0,0,0.95562396,-0.076522255,ml,high,100
logger,policies/oracle_bilinear_value_n0,0.024805531,-0.13568731,0,0,0.97519447,-0.13568731,ml,high,100
logger,policies/oracle_blob_likelihood_n0,0.015012693,-0.098833182,0,0,0.98498731,-0.098833182,ml,high,100
logger,policies/oracle_blob_value_n0,0.024610962,-0.13694625,0,0,0.97538904,-0.13694625,ml,high,100
logger,run_blob_main_25k_mnq/blob_mnq_n25000,0.79598369,-0.0064819436,0,0,0.20401631,-0.0064819436,ml,high,100
logger,run_blob_main_25k_nq/blob_nq_n25000,0.70286278,-0.014710444,0,0,0.29713722,-0.014710444,ml,high,100
logger,run_replay_cap_rho0_25k_mlkr/causecap_c_r000_n25000,0.28583332,-0.042597502,0,0,0.71416668,-0.042597502,ml,high,100
logger,run_replay_cap_rho0_25k_mlkr/causecap_t_r000_n25000,0.28583332,-0.042637907,0,0,0.71416668,-0.042637907,ml,high,100
logger,run_replay_opc_25k_mlkr/opc_n25000_r0,0.33392238,-0.039971029,0,0,0.66607762,-0.039971029,ml,high,100
policies/oracle_affine_bilinear_likelihood_n0,policies/oracle_affine_bilinear_value_n0,0.18827096,-0.051727274,0.35714478,-0.023299156,0.45458426,-0.028428119,ml,high,100
policies/oracle_affine_bilinear_likelihood_n0,policies/oracle_bilinear_likelihood_n0,0.55953636,0.008547385,0.28450534,0.0038521949,0.1559583,0.0046951901,ml,high,100
policies/oracle_affine_bilinear_likelihood_n0,policies/oracle_bilinear_value_n0,0.18745805,-0.050617671,0.35735942,-0.022674545,0.45518253,-0.027943125,ml,high,100
policies/oracle_affine_bilinear_likelihood_n0,policies/oracle_blob_likelihood_n0,0.23810961,-0.013763543,0.30730258,-0.010104489,0.45458781,-0.003659054,ml,high,100
policies/oracle_affine_bilinear_likelihood_n0,policies/oracle_blob_value_n0,0.1861888,-0.051876611,0.35652707,-0.023228471,0.45728412,-0.02864814,ml,high,100
policies/oracle_affine_bilinear_likelihood_n0,run_blob_main_25k_mnq/blob_mnq_n25000,0.037865954,0.078587696,0.95758492,0.078356349,0.0045491207,0.00023134737,ml,high,100
policies/oracle_affine_bilinear_likelihood_n0,run_blob_main_25k_nq/blob_nq_n25000,0.046245494,0.070359196,0.94322682,0.07003693,0.010527688,0.00032226542,ml,high,100
policies/oracle_affine_bilinear_likelihood_n0,run_replay_cap_rho0_25k_mlkr/causecap_c_r000_n25000,0.11054005,0.042472137,0.83053523,0.03863378,0.058924714,0.0038383577,ml,high,100
policies/oracle_affine_bilinear_likelihood_n0,run_replay_cap_rho0_25k_mlkr/causecap_t_r000_n25000,0.11054005,0.042431733,0.83053523,0.038593375,0.058924714,0.0038383577,ml,high,100
policies/oracle_affine_bilinear_likelihood_n0,run_replay_opc_25k_mlkr/opc_n25000_r0,0.08953344,0.045098611,0.86224137,0.04292452,0.048225186,0.0021740912,ml,high,100
policies/oracle_affine_bilinear_value_n0,policies/oracle_bilinear_likelihood_n0,0.14754372,0.060274659,0.53358875,0.03684616,0.31886753,0.0234285,ml,high,100
policies/oracle_affine_bilinear_value_n0,policies/oracle_bilinear_value_n0,0.95756396,0.0011096038,0.020585081,0.00051996546,0.021850959,0.00058963834,ml,high,100
policies/oracle_affine_bilinear_value_n0,policies/oracle_blob_likelihood_n0,0.17900939,0.037963732,0.38967382,0.015030328,0.43131679,0.022933404,ml,high,100
policies/oracle_affine_bilinear_value_n0,policies/oracle_blob_value_n0,0.95735017,-0.00014933662,0.021924155,-0.00019100039,0.020725679,4.1663773e-05,ml,high,100
policies/oracle_affine_bilinear_value_n0,run_blob_main_25k_mnq/blob_mnq_n25000,0.030682109,0.13031497,0.96608592,0.13002201,0.0032319742,0.000292958,ml,high,100
policies/oracle_affine_bilinear_value_n0,run_blob_main_25k_nq/blob_nq_n25000,0.039261469,0.12208647,0.95567058,0.12162899,0.0050679553,0.0004574771,ml,high,100
policies/oracle_affine_bilinear_value_n0,run_replay_cap_rho0_25k_mlkr/causecap_c_r000_n25000,0.087521682,0.094199412,0.86147679,0.088036841,0.051001528,0.0061625703,ml,high,100
policies/oracle_affine_bilinear_value_n0,run_replay_cap_rho0_25k_mlkr/causecap_t_r000_n25000,0.087521682,0.094159007,0.86147679,0.087996437,0.051001528,0.0061625703,ml,high,100
policies/oracle_affine_bilinear_value_n0,run_replay_opc_25k_mlkr/opc_n25000_r0,0.077489163,0.096825885,0.88670235,0.093151363,0.035808485,0.0036745221,ml,high,100
policies/oracle_bilinear_likelihood_n0,policies/oracle_bilinear_value_n0,0.14632365,-0.059165056,0.32035195,-0.023006169,0.5333244,-0.036158886,ml,high,100
policies/oracle_bilinear_likelihood_n0,policies/oracle_blob_likelihood_n0,0.20863036,-0.022310928,0.25562562,-0.011145727,0.53574402,-0.0111652,ml,high,100
policies/oracle_bilinear_likelihood_n0,policies/oracle_blob_value_n0,0.14758365,-0.060423996,0.3172558,-0.023249293,0.53516056,-0.037174703,ml,high,100
policies/oracle_bilinear_likelihood_n0,run_blob_main_25k_mnq/blob_mnq_n25000,0.052924892,0.070040311,0.9409022,0.0698371,0.0061729046,0.00020321093,ml,high,100
policies/oracle_bilinear_likelihood_n0,run_blob_main_25k_nq/blob_nq_n25000,0.060848696,0.061811811,0.92623224,0.061368854,0.012919068,0.00044295682,ml,high,100
policies/oracle_bilinear_likelihood_n0,run_replay_cap_rho0_25k_mlkr/causecap_c_r000_n25000,0.11184444,0.033924752,0.80394457,0.029719991,0.084210987,0.0042047608,ml,high,100
policies/oracle_bilinear_likelihood_n0,run_replay_cap_rho0_25k_mlkr/causecap_t_r000_n25000,0.11184444,0.033884348,0.80394457,0.029679587,0.084210987,0.0042047608,ml,high,100
policies/oracle_bilinear_likelihood_n0,run_replay_opc_25k_mlkr/opc_n25000_r0,0.095878111,0.036551226,0.83816019,0.034233527,0.065961704,0.0023176988,ml,high,100
policies/oracle_bilinear_value_n0,policies/oracle_blob_likelihood_n0,0.1785195,0.036854128,0.38854267,0.014602109,0.43293783,0.022252019,ml,high,100
policies/oracle_bilinear_value_n0,policies/oracle_blob_value_n0,0.9495661,-0.0012589404,0.025715384,-0.0006500564,0.024718519,-0.00060888402,ml,high,100
policies/oracle_bilinear_value_n0,run_blob_main_25k_mnq/blob_mnq_n25000,0.031324603,0.12920537,0.96580679,0.12894672,0.0028686105,0.00025865131,ml,high,100
policies/oracle_bilinear_value_n0,run_blob_main_25k_nq/blob_nq_n25000,0.040090041,0.12097687,0.95540149,0.12057358,0.0045084733,0.00040328193,ml,high,100
policies/oracle_bilinear_value_n0,run_replay_cap_rho0_25k_mlkr/causecap_c_r000_n25000,0.088332699,0.093089808,0.8609071,0.087034967,0.050760203,0.0060548414,ml,high,100
policies/oracle_bilinear_value_n0,run_replay_cap_rho0_25k_mlkr/causecap_t_r000_n25000,0.088332699,0.093049403,0.8609071,0.086994562,0.050760203,0.0060548414,ml,high,100
policies/oracle_bilinear_value_n0,run_replay_opc_25k_mlkr/opc_n25000_r0,0.078349531,0.095716282,0.88552408,0.092088634,0.036126391,0.003627648,ml,high,100
policies/oracle_blob_likelihood_n0,policies/oracle_blob_value_n0,0.17809603,-0.038113069,0.42947973,-0.022813628,0.39242424,-0.01529944,ml,high,100
policies/oracle_blob_likelihood_n0,run_blob_main_25k_mnq/blob_mnq_n25000,0.021421608,0.092351239,0.97602153,0.092092015,0.0025568622,0.00025922371,ml,high,100
policies/oracle_blob_likelihood_n0,run_blob_main_25k_nq/blob_nq_n25000,0.027917715,0.084122738,0.96633413,0.083691238,0.0057481588,0.00043150002,ml,high,100
policies/oracle_blob_likelihood_n0,run_replay_cap_rho0_25k_mlkr/causecap_c_r000_n25000,0.050467752,0.05623568,0.89522265,0.05043144,0.054309602,0.0058042395,ml,high,100
policies/oracle_blob_likelihood_n0,run_replay_cap_rho0_25k_mlkr/causecap_t_r000_n25000,0.050467752,0.056195275,0.89522265,0.050391036,0.054309602,0.0058042395,ml,high,100
policies/oracle_blob_likelihood_n0,run_replay_opc_25k_mlkr/opc_n25000_r0,0.049417624,0.058862154,0.91024593,0.055856204,0.040336445,0.0030059496,ml,high,100
policies/oracle_blob_value_n0,run_blob_main_25k_mnq/blob_mnq_n25000,0.031355732,0.13046431,0.96577566,0.13020566,0.0028686105,0.00025865131,ml,high,100
policies/oracle_blob_value_n0,run_blob_main_25k_nq/blob_nq_n25000,0.039677394,0.12223581,0.95561801,0.12181264,0.0047045915,0.00042317042,ml,high,100
policies/oracle_blob_value_n0,run_replay_cap_rho0_25k_mlkr/causecap_c_r000_n25000,0.086106941,0.094348748,0.86266628,0.088157713,0.051226777,0.0061910357,ml,high,100
policies/oracle_blob_value_n0,run_replay_cap_rho0_25k_mlkr/causecap_t_r000_n25000,0.086106941,0.094308344,0.86266628,0.088117308,0.051226777,0.0061910357,ml,high,100
policies/oracle_blob_value_n0,run_replay_opc_25k_mlkr/opc_n25000_r0,0.077447659,0.096975222,0.88664376,0.093292851,0.035908583,0.0036823706,ml,high,100
run_blob_main_25k_mnq/blob_mnq_n25000,run_blob_main_25k_nq/blob_nq_n25000,0.82094664,-0.0082285002,0.033972557,-0.00092365125,0.1450808,-0.0073048489,ml,high,100
run_blob_main_25k_mnq/blob_mnq_n25000,run_replay_cap_rho0_25k_mlkr/causecap_c_r000_n25000,0.3243263,-0.036115559,0.029601921,-0.00050796301,0.64607177,-0.035607596,ml,high,100
run_blob_main_25k_mnq/blob_mnq_n25000,run_replay_cap_rho0_25k_mlkr/causecap_t_r000_n25000,0.3243263,-0.036155963,0.029601921,-0.00050796301,0.64607177,-0.035648,ml,high,100
run_blob_main_25k_mnq/blob_mnq_n25000,run_replay_opc_25k_mlkr/opc_n25000_r0,0.37365067,-0.033489085,0.035585976,-0.00098728594,0.59076336,-0.032501799,ml,high,100
run_blob_main_25k_nq/blob_nq_n25000,run_replay_cap_rho0_25k_mlkr/causecap_c_r000_n25000,0.39270908,-0.027887059,0.029056235,-0.00023479188,0.57823468,-0.027652267,ml,high,100
run_blob_main_25k_nq/blob_nq_n25000,run_replay_cap_rho0_25k_mlkr/causecap_t_r000_n25000,0.39270908,-0.027927463,0.029056235,-0.00023479188,0.57823468,-0.027692671,ml,high,100
run_blob_main_25k_nq/blob_nq_n25000,run_replay_opc_25k_mlkr/opc_n25000_r0,0.44681839,-0.025260585,0.038590254,-0.00072744906,0.51459135,-0.024533136,ml,high,100
run_replay_cap_rho0_25k_mlkr/causecap_c_r000_n25000,run_replay_cap_rho0_25k_mlkr/causecap_t_r000_n25000,0.99984221,-4.0404521e-05,0.00015779274,-4.0404521e-05,0,0,ml,high,100
run_replay_cap_rho0_25k_mlkr/causecap_c_r000_n25000,run_replay_opc_25k_mlkr/opc_n25000_r0,0.57297334,0.0026264737,0.27600982,0.0044311874,0.15101685,-0.0018047137,ml,high,100
run_replay_cap_rho0_25k_mlkr/causecap_t_r000_n25000,run_replay_opc_25k_mlkr/opc_n25000_r0,0.57313113,0.0026668783,0.27585202,0.0044715919,0.15101685,-0.0018047137,ml,high,100
blob_prior_mean,logger,0.85583327,-0.00080778495,0.14416673,-0.00080778495,0,0,ml,high,101
blob_prior_mean,policies/oracle_affine_bilinear_likelihood_n0,0.044435056,-0.094853493,0.0041888891,-0.00071403415,0.95137605,-0.094139459,ml,high,101
blob_prior_mean,policies/oracle_affine_bilinear_value_n0,0.029880368,-0.13805983,0.0040940751,-0.00068177782,0.96602556,-0.13737805,ml,high,101
blob_prior_mean,policies/oracle_bilinear_likelihood_n0,0.050561025,-0.083224545,0.0059277923,-0.00070267493,0.94351118,-0.08252187,ml,high,101
blob_prior_mean,policies/oracle_bilinear_value_n0,0.030696918,-0.13700645,0.0046454426,-0.00069332113,0.96465764,-0.13631312,ml,high,101
blob_prior_mean,policies/oracle_blob_likelihood_n0,0.021472601,-0.099572332,0.0041254178,-0.00077905245,0.97440198,-0.09879328,ml,high,101
blob_prior_mean,policies/oracle_blob_value_n0,0.029287749,-0.13831972,0.0042223051,-0.00069233144,0.96648995,-0.13762739,ml,high,101
blob_prior_mean,run_blob_main_25k_mnq/blob_mnq_n25000,0.82363358,-0.012466307,0.038388391,-0.0014762992,0.13797803,-0.010990008,ml,high,101
blob_prior_mean,run_blob_main_25k_nq/blob_nq_n25000,0.64186354,-0.026969225,0.039964346,-0.0015017469,0.31817212,-0.025467478,ml,high,101
blob_prior_mean,run_replay_cap_rho0_25k_mlkr/causecap_c_r000_n25000,0.20646662,-0.065421928,0.021547477,-0.0012661226,0.7719859,-0.064155806,ml,high,101
blob_prior_mean,run_replay_cap_rho0_25k_mlkr/causecap_t_r000_n25000,0.20646662,-0.065419419,0.021547477,-0.0012661226,0.7719859,-0.064153296,ml,high,101
blob_prior_mean,run_replay_opc_25k_mlkr/opc_n25000_r0,0.16062015,-0.062930165,0.016263181,-0.00058654501,0.82311667,-0.06234362,ml,high,101
logger,policies/oracle_affine_bilinear_likelihood_n0,0.044909262,-0.094045708,0,0,0.95509074,-0.094045708,ml,high,101
logger,policies/oracle_affine_bilinear_value_n0,0.030496092,-0.13725205,0,0,0.96950391,-0.13725205,ml,high,101
logger,policies/oracle_bilinear_likelihood_n0,0.051564064,-0.08241676,0,0,0.94843594,-0.08241676,ml,high,101
logger,policies/oracle_bilinear_value_n0,0.030461908,-0.13619866,0,0,0.96953809,-0.13619866,ml,high,101
logger,policies/oracle_blob_likelihood_n0,0.023055746,-0.098764547,0,0,0.97694425,-0.098764547,ml,high,101
logger,policies/oracle_blob_value_n0,0.029957012,-0.13751193,0,0,0.97004299,-0.13751193,ml,high,101
logger,run_blob_main_25k_mnq/blob_mnq_n25000,0.77163594,-0.011658522,0,0,0.22836406,-0.011658522,ml,high,101
logger,run_blob_main_25k_nq/blob_nq_n25000,0.61700129,-0.02616144,0,0,0.38299871,-0.02616144,ml,high,101
logger,run_replay_cap_rho0_25k_mlkr/causecap_c_r000_n25000,0.2063061,-0.064614143,0,0,0.7936939,-0.064614143,ml,high,101
logger,run_replay_cap_rho0_25k_mlkr/causecap_t_r000_n25000,0.2063061,-0.064611634,0,0,0.7936939,-0.064611634,ml,high,101
logger,run_replay_opc_25k_mlkr/opc_n25000_r0,0.16323276,-0.06212238,0,0,0.83676724,-0.06212238,ml,high,101
policies/oracle_affine_bilinear_likelihood_n0,policies/oracle_affine_bilinear_value_n0,0.26578824,-0.043206338,0.30646522,-0.019957629,0.42774653,-0.023248709,ml,high,101
policies/oracle_affine_bilinear_likelihood_n0,policies/oracle_bilinear_likelihood_n0,0.62448254,0.011628949,0.21504562,0.0042571626,0.16047183,0.007371786,ml,high,101
policies/oracle_affine_bilinear_likelihood_n0,policies/oracle_bilinear_value_n0,0.26277768,-0.042152953,0.3072617,-0.019701954,0.42996062,-0.022450999,ml,high,101
policies/oracle_affine_bilinear_likelihood_n0,policies/oracle_blob_likelihood_n0,0.36828439,-0.0047188392,0.22216949,-0.0085648994,0.40954612,0.0038460602,ml,high,101
policies/oracle_affine_bilinear_likelihood_n0,policies/oracle_blob_value_n0,0.26375181,-0.043466225,0.30789189,-0.020296045,0.42835629,-0.023170179,ml,high,101
policies/oracle_affine_bilinear_likelihood_n0,run_blob_main_25k_mnq/blob_mnq_n25000,0.070024718,0.082387186,0.91833294,0.08187273,0.011642347,0.00051445642,ml,high,101
policies/oracle_affine_bilinear_likelihood_n0,run_blob_main_25k_nq/blob_nq_n25000,0.093335297,0.067884268,0.88804605,0.067319731,0.018618655,0.00056453759,ml,high,101
policies/oracle_affine_bilinear_likelihood_n0,run_replay_cap_rho0_25k_mlkr/causecap_c_r000_n25000,0.22166609,0.029431565,0.6955362,0.025809329,0.082797712,0.0036222357,ml,high,101
policies/oracle_affine_bilinear_likelihood_n0,run_replay_cap_rho0_25k_mlkr/causecap_t_r000_n25000,0.22150465,0.029434074,0.6955362,0.025809329,0.082959149,0.0036247452,ml,high,101
policies/oracle_affine_bilinear_likelihood_n0,run_replay_opc_25k_mlkr/opc_n25000_r0,0.18060477,0.031923328,0.65226677,0.024647148,0.16712845,0.0072761804,ml,high,101
policies/oracle_affine_bilinear_value_n0,policies/oracle_bilinear_likelihood_n0,0.21307653,0.054835287,0.47186352,0.030020775,0.31505995,0.024814512,ml,high,101
policies/oracle_affine_bilinear_value_n0,policies/oracle_bilinear_value_n0,0.96361512,0.0010533855,0.01679601,0.00041912623,0.019588871,0.00063425926,ml,high,101
policies/oracle_affine_bilinear_value_n0,policies/oracle_blob_likelihood_n0,0.35957737,0.038487499,0.28708867,0.01217052,0.35333397,0.026316979,ml,high,101
policies/oracle_affine_bilinear_value_n0,policies/oracle_blob_value_n0,0.96215383,-0.00025988646,0.017923762,-0.00020408837,0.019922411,-5.5798092e-05,ml,high,101
policies/oracle_affine_bilinear_value_n0,run_blob_main_25k_mnq/blob_mnq_n25000,0.067849483,0.12559352,0.92732266,0.12485094,0.004827861,0.00074258496,ml,high,101
policies/oracle_affine_bilinear_value_n0,run_blob_main_25k_nq/blob_nq_n25000,0.09485494,0.11109061,0.89756709,0.11012757,0.0075779739,0.00096303784,ml,high,101
policies/oracle_affine_bilinear_value_n0,run_replay_cap_rho0_25k_mlkr/causecap_c_r000_n25000,0.16238769,0.072637903,0.76151463,0.066179678,0.076097682,0.0064582255,ml,high,101
policies/oracle_affine_bilinear_value_n0,run_replay_cap_rho0_25k_mlkr/causecap_t_r000_n25000,0.16238769,0.072640413,0.76151463,0.066182187,0.076097682,0.0064582255,ml,high,101
policies/oracle_affine_bilinear_value_n0,run_replay_opc_25k_mlkr/opc_n25000_r0,0.1861612,0.075129666,0.69854725,0.064320344,0.11529155,0.010809322,ml,high,101
policies/oracle_bilinear_likelihood_n0,policies/oracle_bilinear_value_n0,0.2127858,-0.053781901,0.31435478,-0.024568928,0.47285943,-0.029212973,ml,high,101
policies/oracle_bilinear_likelihood_n0,policies/oracle_blob_likelihood_n0,0.2907105,-0.016347788,0.23267724,-0.013501825,0.47661226,-0.0028459631,ml,high,101
policies/oracle_bilinear_likelihood_n0,policies/oracle_blob_value_n0,0.2131774,-0.055095173,0.31569469,-0.025058814,0.47112791,-0.03003636,ml,high,101
policies/oracle_bilinear_likelihood_n0,run_blob_main_25k_mnq/blob_mnq_n25000,0.068637416,0.070758238,0.91666507,0.070033859,0.014697511,0.00072437808,ml,high,101
policies/oracle_bilinear_likelihood_n0,run_blob_main_25k_nq/blob_nq_n25000,0.089343551,0.05625532,0.88737062,0.055746473,0.023285832,0.00050884702,ml,high,101
policies/oracle_bilinear_likelihood_n0,run_replay_cap_rho0_25k_mlkr/causecap_c_r000_n25000,0.21187708,0.017802616,0.68687175,0.015632238,0.10125117,0.0021703781,ml,high,101
policies/oracle_bilinear_likelihood_n0,run_replay_cap_rho0_25k_mlkr/causecap_t_r000_n25000,0.21171564,0.017805126,0.68687175,0.015632238,0.10141261,0.0021728877,ml,high,101
policies/oracle_bilinear_likelihood_n0,run_replay_opc_25k_mlkr/opc_n25000_r0,0.15746663,0.020294379,0.64546067,0.015454149,0.1970727,0.0048402304,ml,high,101
policies/oracle_bilinear_value_n0,policies/oracle_blob_likelihood_n0,0.3563507,0.037434114,0.2894687,0.011549241,0.3541806,0.025884873,ml,high,101
policies/oracle_bilinear_value_n0,policies/oracle_blob_value_n0,0.96137444,-0.0013132719,0.019736349,-0.00068984089,0.018889213,-0.00062343106,ml,high,101
policies/oracle_bilinear_value_n0,run_blob_main_25k_mnq/blob_mnq_n25000,0.067865148,0.12454014,0.92675562,0.1238037,0.0053792285,0.00073643961,ml,high,101
policies/oracle_bilinear_value_n0,run_blob_main_25k_nq/blob_nq_n25000,0.094342788,0.11003722,0.8975608,0.109079,0.0080964149,0.0009582235,ml,high,101
policies/oracle_bilinear_value_n0,run_replay_cap_rho0_25k_mlkr/causecap_c_r000_n25000,0.16036986,0.071584518,0.76122634,0.065044011,0.0784038,0.0065405067,ml,high,101
policies/oracle_bilinear_value_n0,run_replay_cap_rho0_25k_mlkr/causecap_t_r000_n25000,0.16036986,0.071587027,0.76122634,0.065046521,0.0784038,0.0065405067,ml,high,101
policies/oracle_bilinear_value_n0,run_replay_opc_25k_mlkr/opc_n25000_r0,0.18605058,0.074076281,0.69704545,0.063249407,0.11690397,0.010826874,ml,high,101
policies/oracle_blob_likelihood_n0,policies/oracle_blob_value_n0,0.35555907,-0.038747386,0.35478829,-0.026606622,0.28965265,-0.012140763,ml,high,101
policies/oracle_blob_likelihood_n0,run_blob_main_25k_mnq/blob_mnq_n25000,0.051631093,0.087106025,0.94241855,0.086585478,0.0059503554,0.00052054739,ml,high,101
policies/oracle_blob_likelihood_n0,run_blob_main_25k_nq/blob_nq_n25000,0.073777609,0.072603108,0.91664909,0.071734368,0.0095733026,0.00086873925,ml,high,101
policies/oracle_blob_likelihood_n0,run_replay_cap_rho0_25k_mlkr/causecap_c_r000_n25000,0.14731017,0.034150404,0.78610842,0.029975299,0.066581419,0.0041751055,ml,high,101
policies/oracle_blob_likelihood_n0,run_replay_cap_rho0_25k_mlkr/causecap_t_r000_n25000,0.14731017,0.034152914,0.78610842,0.029977808,0.066581419,0.0041751055,ml,high,101
policies/oracle_blob_likelihood_n0,run_replay_opc_25k_mlkr/opc_n25000_r0,0.14637243,0.036642167,0.73103209,0.028131478,0.12259548,0.0085106896,ml,high,101
policies/oracle_blob_value_n0,run_blob_main_25k_mnq/blob_mnq_n25000,0.066876926,0.12585341,0.92837146,0.12512191,0.0047516124,0.00073150321,ml,high,101
policies/oracle_blob_value_n0,run_blob_main_25k_nq/blob_nq_n25000,0.093813878,0.11135049,0.89871732,0.11039151,0.0074687988,0.00095898749,ml,high,101
policies/oracle_blob_value_n0,run_replay_cap_rho0_25k_mlkr/causecap_c_r000_n25000,0.16140449,0.07289779,0.76147489,0.066282614,0.07712062,0.0066151755,ml,high,101
policies/oracle_blob_value_n0,run_replay_cap_rho0_25k_mlkr/causecap_t_r000_n25000,0.16140449,0.072900299,0.76147489,0.066285124,0.07712062,0.0066151755,ml,high,101
policies/oracle_blob_value_n0,run_replay_opc_25k_mlkr/opc_n25000_r0,0.18560881,0.075389553,0.69651064,0.064336458,0.11788055,0.011053095,ml,high,101
run_blob_main_25k_mnq/blob_mnq_n25000,run_blob_main_25k_nq/blob_nq_n25000,0.7745763,-0.014502918,0.021081361,-0.00038763746,0.20434234,-0.01411528,ml,high,101
run_blob_main_25k_mnq/blob_mnq_n25000,run_replay_cap_rho0_25k_mlkr/causecap_c_r000_n25000,0.25500247,-0.052955621,0.029714598,-2.7759014e-06,0.71528293,-0.052952845,ml,high,101
run_blob_main_25k_mnq/blob_mnq_n25000,run_replay_cap_rho0_25k_mlkr/causecap_t_r000_n25000,0.25500247,-0.052953112,0.029714598,-2.7759014e-06,0.71528293,-0.052950336,ml,high,101
run_blob_main_25k_mnq/blob_mnq_n25000,run_replay_opc_25k_mlkr/opc_n25000_r0,0.20887724,-0.050463858,0.02128505,0.00025542515,0.7698377,-0.050719283,ml,high,101
run_blob_main_25k_nq/blob_nq_n25000,run_replay_cap_rho0_25k_mlkr/causecap_c_r000_n25000,0.32851071,-0.038452704,0.051184186,0.00018736606,0.62030511,-0.03864007,ml,high,101
run_blob_main_25k_nq/blob_nq_n25000,run_replay_cap_rho0_25k_mlkr/causecap_t_r000_n25000,0.32834927,-0.038450194,0.051184186,0.00018736606,0.62046654,-0.03863756,ml,high,101
run_blob_main_25k_nq/blob_nq_n25000,run_replay_opc_25k_mlkr/opc_n25000_r0,0.26005872,-0.035960941,0.04186768,0.00099645738,0.6980736,-0.036957398,ml,high,101
run_replay_cap_rho0_25k_mlkr/causecap_c_r000_n25000,run_replay_cap_rho0_25k_mlkr/causecap_t_r000_n25000,0.99983856,2.5095229e-06,0,0,0.00016143715,2.5095229e-06,ml,high,101
run_replay_cap_rho0_25k_mlkr/causecap_c_r000_n25000,run_replay_opc_25k_mlkr/opc_n25000_r0,0.43141163,0.002491763,0.18913248,0.0051331743,0.37945589,-0.0026414113,ml,high,101
run_replay_cap_rho0_25k_mlkr/causecap_t_r000_n25000,run_replay_opc_25k_mlkr/opc_n25000_r0,0.43125019,0.0024892535,0.18929392,0.0051306648,0.37945589,-0.0026414113,ml,high,101
blob_prior_mean,logger,0.88411527,-0.0007239333,0.11588473,-0.0007239333,0,0,ml,none,100
blob_prior_mean,policies/oracle_affine_bilinear_likelihood_n0,0.88288138,-0.00070716775,0.10764952,-0.00071577944,0.0094691073,8.6116828e-06,ml,none,100
blob_prior_mean,policies/oracle_affine_bilinear_value_n0,0.87423848,-0.00058918297,0.098023668,-0.00067640704,0.027737849,8.7224069e-05,ml,none,100
blob_prior_mean,policies/oracle_bilinear_likelihood_n0,0.85064524,-7.9262757e-05,0.083575263,-0.00060740163,0.0657795,0.00052813887,ml,none,100
blob_prior_mean,policies/oracle_bilinear_value_n0,0.85374965,-0.00024615188,0.087649591,-0.00060811585,0.058600764,0.00036196397,ml,none,100
blob_prior_mean,policies/oracle_blob_likelihood_n0,0.88024704,-0.00068969083,0.10558907,-0.0007087393,0.014163883,1.9048472e-05,ml,none,100
blob_prior_mean,policies/oracle_blob_value_n0,0.87576981,-0.00054814167,0.096953903,-0.0006736287,0.027276284,0.00012548703,ml,none,100
blob_prior_mean,run_blob_main_25k_mnq/blob_mnq_n25000,0.9922309,3.3045415e-06,0.0043287179,-2.4636469e-05,0.0034403866,2.7941011e-05,ml,none,100
blob_prior_mean,run_blob_main_25k_nq/blob_nq_n25000,0.86938882,0.00031697708,0.044682434,-0.00033088059,0.085928751,0.00064785767,ml,none,100
blob_prior_mean,run_replay_cap_rho0_25k_mlkr/causecap_c_r000_n25000,0.64278746,0.0059579266,0.059931763,-0.00037209786,0.29728078,0.0063300245,ml,none,100
blob_prior_mean,run_replay_cap_rho0_25k_mlkr/causecap_t_r000_n25000,0.64278746,0.0059579266,0.059931763,-0.00037209786,0.29728078,0.0063300245,ml,none,100
blob_prior_mean,run_replay_opc_25k_mlkr/opc_n25000_r0,0.71932989,0.0046857198,0.04544374,-0.00027739357,0.23522637,0.0049631133,ml,none,100
logger,policies/oracle_affine_bilinear_likelihood_n0,0.98081112,1.6765547e-05,0,0,0.019188879,1.6765547e-05,ml,none,100
logger,policies/oracle_affine_bilinear_value_n0,0.95226849,0.00013475033,0,0,0.047731507,0.00013475033,ml,none,100
logger,policies/oracle_bilinear_likelihood_n0,0.89942028,0.00064467054,0,0,0.10057972,0.00064467054,ml,none,100
logger,policies/oracle_bilinear_value_n0,0.91159199,0.00047778142,0,0,0.088408008,0.00047778142,ml,none,100
logger,policies/oracle_blob_likelihood_n0,0.97315714,3.4242475e-05,0,0,0.026842865,3.4242475e-05,ml,none,100
logger,policies/oracle_blob_value_n0,0.95172108,0.00017579164,0,0,0.048278925,0.00017579164,ml,none,100
logger,run_blob_main_25k_mnq/blob_mnq_n25000,0.88495172,0.00072723784,0,0,0.11504828,0.00072723784,ml,none,100
logger,run_blob_main_25k_nq/blob_nq_n25000,0.84729708,0.0010409104,0,0,0.15270292,0.0010409104,ml,none,100
logger,run_replay_cap_rho0_25k_mlkr/causecap_c_r000_n25000,0.66849588,0.0066818599,0,0,0.33150412,0.0066818599,ml,none,100
logger,run_replay_cap_rho0_25k_mlkr/causecap_t_r000_n25000,0.66849588,0.0066818599,0,0,0.33150412,0.0066818599,ml,none,100
logger,run_replay_opc_25k_mlkr/opc_n25000_r0,0.70852292,0.0054096531,0,0,0.29147708,0.0054096531,ml,none,100
policies/oracle_affine_bilinear_likelihood_n0,policies/oracle_affine_bilinear_value_n0,0.94579446,0.00011798478,0.012420207,-1.3600825e-05,0.041785329,0.00013158561,ml,none,100
policies/oracle_affine_bilinear_likelihood_n0,policies/oracle_bilinear_likelihood_n0,0.9121564,0.000627905,0.0024837444,-6.8126895e-07,0.085359858,0.00062858627,ml,none,100
policies/oracle_affine_bilinear_likelihood_n0,policies/oracle_bilinear_value_n0,0.90857748,0.00046101588,0.010145368,-1.1425489e-05,0.081277154,0.00047244136,ml,none,100
policies/oracle_affine_bilinear_likelihood_n0,policies/oracle_blob_likelihood_n0,0.99018735,1.7476928e-05,0.0010439607,-4.2469243e-07,0.0087686861,1.790162e-05,ml,none,100
policies/oracle_affine_bilinear_likelihood_n0,policies/oracle_blob_value_n0,0.94727998,0.00015902609,0.011464602,-1.2988219e-05,0.041255417,0.00017201431,ml,none,100
policies/oracle_affine_bilinear_likelihood_n0,run_blob_main_25k_mnq/blob_mnq_n25000,0.88365273,0.0007104723,0.0095016531,-8.6214151e-06,0.10684561,0.00071909371,ml,none,100
policies/oracle_affine_bilinear_likelihood_n0,run_blob_main_25k_nq/blob_nq_n25000,0.842491,0.0010241448,0.011191331,-8.0410469e-06,0.14631767,0.0010321859,ml,none,100
policies/oracle_affine_bilinear_likelihood_n0,run_replay_cap_rho0_25k_mlkr/causecap_c_r000_n25000,0.6659423,0.0066650944,0.0072342235,-5.3722353e-06,0.32682348,0.0066704666,ml,none,100
policies/oracle_affine_bilinear_likelihood_n0,run_replay_cap_rho0_25k_mlkr/causecap_t_r000_n25000,0.6659423,0.0066650944,0.0072342235,-5.3722353e-06,0.32682348,0.0066704666,ml,none,100
policies/oracle_affine_bilinear_likelihood_n0,run_replay_opc_25k_mlkr/opc_n25000_r0,0.70780249,0.0053928875,0.0065762256,-6.9390427e-06,0.28562128,0.0053998266,ml,none,100
policies/oracle_affine_bilinear_value_n0,policies/oracle_bilinear_likelihood_n0,0.87690791,0.00050992021,0.034731729,-0.00011384134,0.088360357,0.00062376156,ml,none,100
policies/oracle_affine_bilinear_value_n0,policies/oracle_bilinear_value_n0,0.9407685,0.00034303109,0.0076556039,-1.6349505e-05,0.0515759,0.0003593806,ml,none,100
policies/oracle_affine_bilinear_value_n0,policies/oracle_blob_likelihood_n0,0.9411873,-0.00010050785,0.04023424,-0.00012743124,0.018578463,2.6923384e-05,ml,none,100
policies/oracle_affine_bilinear_value_n0,policies/oracle_blob_value_n0,0.97431006,4.1041306e-05,0.012461175,-3.2586431e-05,0.013228766,7.3627737e-05,ml,none,100
policies/oracle_affine_bilinear_value_n0,run_blob_main_25k_mnq/blob_mnq_n25000,0.87472767,0.00059248751,0.027793503,-8.7856456e-05,0.097478828,0.00068034397,ml,none,100
policies/oracle_affine_bilinear_value_n0,run_blob_main_25k_nq/blob_nq_n25000,0.83668585,0.00090616005,0.027828857,-8.3671929e-05,0.13548529,0.00098983198,ml,none,100
policies/oracle_affine_bilinear_value_n0,run_replay_cap_rho0_25k_mlkr/causecap_c_r000_n25000,0.65876671,0.0065471096,0.02161286,-6.9008196e-05,0.31962043,0.0066161178,ml,none,100
policies/oracle_affine_bilinear_value_n0,run_replay_cap_rho0_25k_mlkr/causecap_t_r000_n25000,0.65876671,0.0065471096,0.02161286,-6.9008196e-05,0.31962043,0.0066161178,ml,none,100
policies/oracle_affine_bilinear_value_n0,run_replay_opc_25k_mlkr/opc_n25000_r0,0.70713638,0.0052749027,0.019783202,-6.3394114e-05,0.27308042,0.0053382968,ml,none,100
policies/oracle_bilinear_likelihood_n0,policies/oracle_bilinear_value_n0,0.85266893,-0.00016688912,0.079858409,-0.00058741843,0.067472659,0.00042052931,ml,none,100
policies/oracle_bilinear_likelihood_n0,policies/oracle_blob_likelihood_n0,0.9152679,-0.00061042807,0.08012875,-0.00061468453,0.0046033453,4.2564608e-06,ml,none,100
policies/oracle_bilinear_likelihood_n0,policies/oracle_blob_value_n0,0.87705016,-0.00046887891,0.088130876,-0.00062074595,0.034818967,0.00015186704,ml,none,100
policies/oracle_bilinear_likelihood_n0,run_blob_main_25k_mnq/blob_mnq_n25000,0.84967135,8.2567298e-05,0.066783061,-0.00052866796,0.083545588,0.00061123525,ml,none,100
policies/oracle_bilinear_likelihood_n0,run_blob_main_25k_nq/blob_nq_n25000,0.82477623,0.00039623983,0.059284099,-0.00048542211,0.11593967,0.00088166194,ml,none,100
policies/oracle_bilinear_likelihood_n0,run_replay_cap_rho0_25k_mlkr/causecap_c_r000_n25000,0.65159246,0.0060371894,0.046176856,-0.00034726771,0.30223069,0.0063844571,ml,none,100
policies/oracle_bilinear_likelihood_n0,run_replay_cap_rho0_25k_mlkr/causecap_t_r000_n25000,0.65159246,0.0060371894,0.046176856,-0.00034726771,0.30223069,0.0063844571,ml,none,100
policies/oracle_bilinear_likelihood_n0,run_replay_opc_25k_mlkr/opc_n25000_r0,0.68978403,0.0047649825,0.051046629,-0.0003759852,0.25916934,0.0051409677,ml,none,100
policies/oracle_bilinear_value_n0,policies/oracle_blob_likelihood_n0,0.90752571,-0.00044353895,0.078099376,-0.00046437371,0.014374912,2.0834762e-05,ml,none,100
policies/oracle_bilinear_value_n0,policies/oracle_blob_value_n0,0.93477432,-0.00030198979,0.054093149,-0.00033180175,0.011132529,2.981196e-05,ml,none,100
policies/oracle_bilinear_value_n0,run_blob_main_25k_mnq/blob_mnq_n25000,0.85462959,0.00024945642,0.058451739,-0.00035995935,0.086918672,0.00060941577,ml,none,100
policies/oracle_bilinear_value_n0,run_blob_main_25k_nq/blob_nq_n25000,0.81454472,0.00056312896,0.059264653,-0.00036978842,0.12619063,0.00093291738,ml,none,100
policies/oracle_bilinear_value_n0,run_replay_cap_rho0_25k_mlkr/causecap_c_r000_n25000,0.64310972,0.0062040785,0.047266131,-0.000290377,0.30962415,0.0064944555,ml,none,100
policies/oracle_bilinear_value_n0,run_replay_cap_rho0_25k_mlkr/causecap_t_r000_n25000,0.64310972,0.0062040785,0.047266131,-0.000290377,0.30962415,0.0064944555,ml,none,100
policies/oracle_bilinear_value_n0,run_replay_opc_25k_mlkr/opc_n25000_r0,0.70311269,0.0049318716,0.03842892,-0.00023623088,0.25845838,0.0051681025,ml,none,100
policies/oracle_blob_likelihood_n0,policies/oracle_blob_value_n0,0.94142854,0.00014154916,0.018184804,-2.7862571e-05,0.040386658,0.00016941173,ml,none,100
policies/oracle_blob_likelihood_n0,run_blob_main_25k_mnq/blob_mnq_n25000,0.8805534,0.00069299537,0.01442893,-1.9782847e-05,0.10501767,0.00071277821,ml,none,100
policies/oracle_blob_likelihood_n0,run_blob_main_25k_nq/blob_nq_n25000,0.84175384,0.0010066679,0.01495571,-1.8036174e-05,0.14329045,0.0010247041,ml,none,100
policies/oracle_blob_likelihood_n0,run_replay_cap_rho0_25k_mlkr/causecap_c_r000_n25000,0.66502043,0.0066476174,0.010075517,-1.239202e-05,0.32490405,0.0066600094,ml,none,100
policies/oracle_blob_likelihood_n0,run_replay_cap_rho0_25k_mlkr/causecap_t_r000_n25000,0.66502043,0.0066476174,0.010075517,-1.239202e-05,0.32490405,0.0066600094,ml,none,100
policies/oracle_blob_likelihood_n0,run_replay_opc_25k_mlkr/opc_n25000_r0,0.70896159,0.0053754106,0.008905325,-1.2919366e-05,0.28213308,0.00538833,ml,none,100
policies/oracle_blob_value_n0,run_blob_main_25k_mnq/blob_mnq_n25000,0.87659749,0.00055144621,0.027311081,-0.00012573538,0.096091427,0.00067718158,ml,none,100
policies/oracle_blob_value_n0,run_blob_main_25k_nq/blob_nq_n25000,0.83744062,0.00086511874,0.027310567,-0.00012038203,0.13524882,0.00098550078,ml,none,100
policies/oracle_blob_value_n0,run_replay_cap_rho0_25k_mlkr/causecap_c_r000_n25000,0.66115031,0.0065060683,0.021545007,-7.2553114e-05,0.31730468,0.0065786214,ml,none,100
policies/oracle_blob_value_n0,run_replay_cap_rho0_25k_mlkr/causecap_t_r000_n25000,0.66115031,0.0065060683,0.021545007,-7.2553114e-05,0.31730468,0.0065786214,ml,none,100
policies/oracle_blob_value_n0,run_replay_opc_25k_mlkr/opc_n25000_r0,0.70589986,0.0052338614,0.020421,-9.1072782e-05,0.27367914,0.0053249342,ml,none,100
run_blob_main_25k_mnq/blob_mnq_n25000,run_blob_main_25k_nq/blob_nq_n25000,0.87041097,0.00031367254,0.043621519,-0.00033105301,0.085967514,0.00064472555,ml,none,100
run_blob_main_25k_mnq/blob_mnq_n25000,run_replay_cap_rho0_25k_mlkr/causecap_c_r000_n25000,0.64480904,0.0059546221,0.058379011,-0.00036565464,0.29681195,0.0063202767,ml,none,100
run_blob_main_25k_mnq/blob_mnq_n25000,run_replay_cap_rho0_25k_mlkr/causecap_t_r000_n25000,0.64480904,0.0059546221,0.058379011,-0.00036565464,0.29681195,0.0063202767,ml,none,100
run_blob_main_25k_mnq/blob_mnq_n25000,run_replay_opc_25k_mlkr/opc_n25000_r0,0.72011366,0.0046824152,0.044398737,-0.00027768831,0.2354876,0.0049601035,ml,none,100
run_blob_main_25k_nq/blob_nq_n25000,run_replay_cap_rho0_25k_mlkr/causecap_c_r000_n25000,0.67507631,0.0056409495,0.06200279,-0.00040806091,0.2629209,0.0060490104,ml,none,100
run_blob_main_25k_nq/blob_nq_n25000,run_replay_cap_rho0_25k_mlkr/causecap_t_r000_n25000,0.67507631,0.0056409495,0.06200279,-0.00040806091,0.2629209,0.0060490104,ml,none,100
run_blob_main_25k_nq/blob_nq_n25000,run_replay_opc_25k_mlkr/opc_n25000_r0,0.72179707,0.0043687427,0.061188952,-0.0004151521,0.21701398,0.0047838948,ml,none,100
run_replay_cap_rho0_25k_mlkr/causecap_c_r000_n25000,run_replay_cap_rho0_25k_mlkr/causecap_t_r000_n25000,1,0,0,0,0,0,ml,none,100
run_replay_cap_rho0_25k_mlkr/causecap_c_r000_n25000,run_replay_opc_25k_mlkr/opc_n25000_r0,0.63900872,-0.0012722068,0.20860753,-0.0044499377,0.15238375,0.0031777308,ml,none,100
run_replay_cap_rho0_25k_mlkr/causecap_t_r000_n25000,run_replay_opc_25k_mlkr/opc_n25000_r0,0.63900872,-0.0012722068,0.20860753,-0.0044499377,0.15238375,0.0031777308,ml,none,100
blob_prior_mean,logger,0.88464363,-0.00069544448,0.11535637,-0.00069544448,0,0,ml,none,101
blob_prior_mean,policies/oracle_affine_bilinear_likelihood_n0,0.8808768,-0.00066512603,0.10697989,-0.00068357082,0.012143303,1.8444798e-05,ml,none,101
blob_prior_mean,policies/oracle_affine_bilinear_value_n0,0.87210806,-0.00052955941,0.098724991,-0.00064875826,0.029166945,0.00011919885,ml,none,101
blob_prior_mean,policies/oracle_bilinear_likelihood_n0,0.85187114,-2.7097464e-05,0.079967364,-0.00057309471,0.068161491,0.00054599724,ml,none,101
blob_prior_mean,policies/oracle_bilinear_value_n0,0.8575773,-0.00023519359,0.087443099,-0.00057798113,0.054979606,0.00034278754,ml,none,101
blob_prior_mean,policies/oracle_blob_likelihood_n0,0.88294325,-0.00068950655,0.11112451,-0.00069342298,0.0059322405,3.9164328e-06,ml,none,101
blob_prior_mean,policies/oracle_blob_value_n0,0.87637264,-0.00054080616,0.10064782,-0.00065456836,0.022979538,0.0001137622,ml,none,101
blob_prior_mean,run_blob_main_25k_mnq/blob_mnq_n25000,0.86335444,0.00033152437,0.052032723,-0.00035365203,0.084612838,0.0006851764,ml,none,101
blob_prior_mean,run_blob_main_25k_nq/blob_nq_n25000,0.87134835,0.00029581735,0.051022898,-0.00035191424,0.077628748,0.00064773158,ml,none,101
blob_prior_mean,run_replay_cap_rho0_25k_mlkr/causecap_c_r000_n25000,0.67731421,0.0043909488,0.063482698,-0.00040022679,0.25920309,0.0047911756,ml,none,101
blob_prior_mean,run_replay_cap_rho0_25k_mlkr/causecap_t_r000_n25000,0.67731421,0.0043910396,0.063482698,-0.00040022679,0.25920309,0.0047912664,ml,none,101
blob_prior_mean,run_replay_opc_25k_mlkr/opc_n25000_r0,0.68250412,0.0052525986,0.05029559,-0.0003178392,0.26720029,0.0055704377,ml,none,101
logger,policies/oracle_affine_bilinear_likelihood_n0,0.97729687,3.0318455e-05,0,0,0.022703125,3.0318455e-05,ml,none,101
logger,policies/oracle_affine_bilinear_value_n0,0.95187997,0.00016588507,0,0,0.048120031,0.00016588507,ml,none,101
logger,policies/oracle_bilinear_likelihood_n0,0.8978394,0.00066834702,0,0,0.1021606,0.00066834702,ml,none,101
logger,policies/oracle_bilinear_value_n0,0.91593883,0.00046025089,0,0,0.08406117,0.00046025089,ml,none,101
logger,policies/oracle_blob_likelihood_n0,0.98960863,5.9379303e-06,0,0,0.01039137,5.9379303e-06,ml,none,101
logger,policies/oracle_blob_value_n0,0.95984341,0.00015463832,0,0,0.040156587,0.00015463832,ml,none,101
logger,run_blob_main_25k_mnq/blob_mnq_n25000,0.85410169,0.0010269688,0,0,0.14589831,0.0010269688,ml,none,101
logger,run_blob_main_25k_nq/blob_nq_n25000,0.85918466,0.00099126183,0,0,0.14081534,0.00099126183,ml,none,101
logger,run_replay_cap_rho0_25k_mlkr/causecap_c_r000_n25000,0.7028879,0.0050863933,0,0,0.2971121,0.0050863933,ml,none,101
logger,run_replay_cap_rho0_25k_mlkr/causecap_t_r000_n25000,0.7028879,0.0050864841,0,0,0.2971121,0.0050864841,ml,none,101
logger,run_replay_opc_25k_mlkr/opc_n25000_r0,0.68538421,0.005948043,0,0,0.31461579,0.005948043,ml,none,101
policies/oracle_affine_bilinear_likelihood_n0,policies/oracle_affine_bilinear_value_n0,0.94288673,0.00013556662,0.015362842,-2.513242e-05,0.041750428,0.00016069904,ml,none,101
policies/oracle_affine_bilinear_likelihood_n0,policies/oracle_bilinear_likelihood_n0,0.91435166,0.00063802856,0.0025349832,-6.6986476e-07,0.083113359,0.00063869843,ml,none,101
policies/oracle_affine_bilinear_likelihood_n0,policies/oracle_bilinear_value_n0,0.90718035,0.00042993243,0.015023838,-2.4470514e-05,0.077795807,0.00045440295,ml,none,101
policies/oracle_affine_bilinear_likelihood_n0,policies/oracle_blob_likelihood_n0,0.98669974,-2.4380525e-05,0.012806009,-2.4758394e-05,0.0004942543,3.7786964e-07,ml,none,101
policies/oracle_affine_bilinear_likelihood_n0,policies/oracle_blob_value_n0,0.94835185,0.00012431987,0.016476095,-2.5696863e-05,0.035172055,0.00015001673,ml,none,101
policies/oracle_affine_bilinear_likelihood_n0,run_blob_main_25k_mnq/blob_mnq_n25000,0.85421873,0.00099665039,0.0098738434,-1.7486047e-05,0.13590743,0.0010141364,ml,none,101
policies/oracle_affine_bilinear_likelihood_n0,run_blob_main_25k_nq/blob_nq_n25000,0.86047677,0.00096094337,0.0090575215,-1.5707803e-05,0.13046571,0.00097665118,ml,none,101
policies/oracle_affine_bilinear_likelihood_n0,run_replay_cap_rho0_25k_mlkr/causecap_c_r000_n25000,0.7016862,0.0050560748,0.0089966678,-1.0955845e-05,0.28931713,0.0050670307,ml,none,101
policies/oracle_affine_bilinear_likelihood_n0,run_replay_cap_rho0_25k_mlkr/causecap_t_r000_n25000,0.7016862,0.0050561656,0.0089966678,-1.0955845e-05,0.28931713,0.0050671214,ml,none,101
policies/oracle_affine_bilinear_likelihood_n0,run_replay_opc_25k_mlkr/opc_n25000_r0,0.68535706,0.0059177246,0.0078338478,-1.5363506e-05,0.30680909,0.0059330881,ml,none,101
policies/oracle_affine_bilinear_value_n0,policies/oracle_bilinear_likelihood_n0,0.87354114,0.00050246195,0.035722687,-0.00014413838,0.090736171,0.00064660033,ml,none,101
policies/oracle_affine_bilinear_value_n0,policies/oracle_bilinear_value_n0,0.94689316,0.00029436582,0.0073170471,-1.7981388e-05,0.045789789,0.00031234721,ml,none,101
policies/oracle_affine_bilinear_value_n0,policies/oracle_blob_likelihood_n0,0.94897027,-0.00015994714,0.044622211,-0.00016411242,0.0064075194,4.1652815e-06,ml,none,101
policies/oracle_affine_bilinear_value_n0,policies/oracle_blob_value_n0,0.97477582,-1.1246749e-05,0.016324244,-5.3244881e-05,0.0088999353,4.1998131e-05,ml,none,101
policies/oracle_affine_bilinear_value_n0,run_blob_main_25k_mnq/blob_mnq_n25000,0.84777319,0.00086108378,0.025563053,-0.00012016629,0.12666375,0.00098125007,ml,none,101
policies/oracle_affine_bilinear_value_n0,run_blob_main_25k_nq/blob_nq_n25000,0.85079831,0.00082537676,0.02649093,-0.00011894994,0.12271076,0.0009443267,ml,none,101
policies/oracle_affine_bilinear_value_n0,run_replay_cap_rho0_25k_mlkr/causecap_c_r000_n25000,0.69782707,0.0049205082,0.020340893,-7.5913858e-05,0.28183203,0.0049964221,ml,none,101
policies/oracle_affine_bilinear_value_n0,run_replay_cap_rho0_25k_mlkr/causecap_t_r000_n25000,0.69782707,0.004920599,0.020340893,-7.5913858e-05,0.28183203,0.0049965128,ml,none,101
policies/oracle_affine_bilinear_value_n0,run_replay_opc_25k_mlkr/opc_n25000_r0,0.68852659,0.005782158,0.016143705,-4.6989103e-05,0.2953297,0.0058291471,ml,none,101
policies/oracle_bilinear_likelihood_n0,policies/oracle_bilinear_value_n0,0.84777176,-0.00020809613,0.084808935,-0.00061541349,0.067419306,0.00040731737,ml,none,101
policies/oracle_bilinear_likelihood_n0,policies/oracle_blob_likelihood_n0,0.90530965,-0.00066240909,0.093438922,-0.0006630949,0.0012514246,6.8581802e-07,ml,none,101
policies/oracle_bilinear_likelihood_n0,policies/oracle_blob_value_n0,0.87856499,-0.0005137087,0.092180875,-0.00064652372,0.029254131,0.00013281503,ml,none,101
policies/oracle_bilinear_likelihood_n0,run_blob_main_25k_mnq/blob_mnq_n25000,0.81931375,0.00035862183,0.06733691,-0.00052973285,0.11334934,0.00088835468,ml,none,101
policies/oracle_bilinear_likelihood_n0,run_blob_main_25k_nq/blob_nq_n25000,0.82780666,0.00032291481,0.065979508,-0.00052202373,0.10621383,0.00084493855,ml,none,101
policies/oracle_bilinear_likelihood_n0,run_replay_cap_rho0_25k_mlkr/causecap_c_r000_n25000,0.68958437,0.0044180462,0.050578396,-0.00033532251,0.25983724,0.0047533688,ml,none,101
policies/oracle_bilinear_likelihood_n0,run_replay_cap_rho0_25k_mlkr/causecap_t_r000_n25000,0.68958437,0.004418137,0.050578396,-0.00033532251,0.25983724,0.0047534596,ml,none,101
policies/oracle_bilinear_likelihood_n0,run_replay_opc_25k_mlkr/opc_n25000_r0,0.66873377,0.005279696,0.051694727,-0.00037850421,0.2795715,0.0056582002,ml,none,101
policies/oracle_bilinear_value_n0,policies/oracle_blob_likelihood_n0,0.91287516,-0.00045431296,0.080800596,-0.00045818897,0.0063242417,3.8760114e-06,ml,none,101
policies/oracle_bilinear_value_n0,policies/oracle_blob_value_n0,0.93848218,-0.00030561257,0.054042353,-0.00032885596,0.00747547,2.3243395e-05,ml,none,101
policies/oracle_bilinear_value_n0,run_blob_main_25k_mnq/blob_mnq_n25000,0.83025156,0.00056671796,0.05291497,-0.00034185153,0.11683347,0.00090856949,ml,none,101
policies/oracle_bilinear_value_n0,run_blob_main_25k_nq/blob_nq_n25000,0.83157994,0.00053101094,0.054807496,-0.00034557845,0.11361256,0.00087658939,ml,none,101
policies/oracle_bilinear_value_n0,run_replay_cap_rho0_25k_mlkr/causecap_c_r000_n25000,0.69220837,0.0046261424,0.03892115,-0.00023940521,0.26887048,0.0048655476,ml,none,101
policies/oracle_bilinear_value_n0,run_replay_cap_rho0_25k_mlkr/causecap_t_r000_n25000,0.69220837,0.0046262332,0.03892115,-0.00023940521,0.26887048,0.0048656384,ml,none,101
policies/oracle_bilinear_value_n0,run_replay_opc_25k_mlkr/opc_n25000_r0,0.68066124,0.0054877921,0.036974711,-0.00020957101,0.28236405,0.0056973632,ml,none,101
policies/oracle_blob_likelihood_n0,policies/oracle_blob_value_n0,0.95494353,0.00014870039,0.0072971901,-4.6007675e-06,0.037759275,0.00015330116,ml,none,101
policies/oracle_blob_likelihood_n0,run_blob_main_25k_mnq/blob_mnq_n25000,0.85448423,0.0010210309,0.0043185046,-2.675725e-06,0.14119727,0.0010237066,ml,none,101
policies/oracle_blob_likelihood_n0,run_blob_main_25k_nq/blob_nq_n25000,0.86073978,0.0009853239,0.0037011711,-2.1003613e-06,0.13555905,0.00098742426,ml,none,101
policies/oracle_blob_likelihood_n0,run_replay_cap_rho0_25k_mlkr/causecap_c_r000_n25000,0.70286686,0.0050804553,0.0042211331,-1.9700082e-06,0.29291201,0.0050824253,ml,none,101
policies/oracle_blob_likelihood_n0,run_replay_cap_rho0_25k_mlkr/causecap_t_r000_n25000,0.70286686,0.0050805461,0.0042211331,-1.9700082e-06,0.29291201,0.0050825161,ml,none,101
policies/oracle_blob_likelihood_n0,run_replay_opc_25k_mlkr/opc_n25000_r0,0.6867365,0.0059421051,0.0030796167,-1.4928579e-06,0.31018389,0.005943598,ml,none,101
policies/oracle_blob_value_n0,run_blob_main_25k_mnq/blob_mnq_n25000,0.84775198,0.00087233053,0.022242108,-0.00011633307,0.13000591,0.0009886636,ml,none,101
policies/oracle_blob_value_n0,run_blob_main_25k_nq/blob_nq_n25000,0.8505907,0.00083662351,0.023606992,-0.00011643659,0.12580231,0.0009530601,ml,none,101
policies/oracle_blob_value_n0,run_replay_cap_rho0_25k_mlkr/causecap_c_r000_n25000,0.69939812,0.0049317549,0.016175851,-6.3742827e-05,0.28442603,0.0049954978,ml,none,101
policies/oracle_blob_value_n0,run_replay_cap_rho0_25k_mlkr/causecap_t_r000_n25000,0.69939812,0.0049318457,0.016175851,-6.3742827e-05,0.28442603,0.0049955886,ml,none,101
policies/oracle_blob_value_n0,run_replay_opc_25k_mlkr/opc_n25000_r0,0.68574211,0.0057934047,0.015347664,-5.9410192e-05,0.29891023,0.0058528149,ml,none,101
run_blob_main_25k_mnq/blob_mnq_n25000,run_blob_main_25k_nq/blob_nq_n25000,0.94139355,-3.5707019e-05,0.032390429,-0.00024624493,0.02621602,0.00021053791,ml,none,101
run_blob_main_25k_mnq/blob_mnq_n25000,run_replay_cap_rho0_25k_mlkr/causecap_c_r000_n25000,0.70664972,0.0040594244,0.06095972,-0.00045323169,0.23239056,0.0045126561,ml,none,101
run_blob_main_25k_mnq/blob_mnq_n25000,run_replay_cap_rho0_25k_mlkr/causecap_t_r000_n25000,0.70664972,0.0040595152,0.06095972,-0.00045323169,0.23239056,0.0045127469,ml,none,101
run_blob_main_25k_mnq/blob_mnq_n25000,run_replay_opc_25k_mlkr/opc_n25000_r0,0.69901851,0.0049210742,0.05333769,-0.00041736399,0.2476438,0.0053384382,ml,none,101
run_blob_main_25k_nq/blob_nq_n25000,run_replay_cap_rho0_25k_mlkr/causecap_c_r000_n25000,0.69999978,0.0040951314,0.062577467,-0.00045875326,0.23742276,0.0045538847,ml,none,101
run_blob_main_25k_nq/blob_nq_n25000,run_replay_cap_rho0_25k_mlkr/causecap_t_r000_n25000,0.69999978,0.0040952222,0.062577467,-0.00045875326,0.23742276,0.0045539755,ml,none,101
run_blob_main_25k_nq/blob_nq_n25000,run_replay_opc_25k_mlkr/opc_n25000_r0,0.69577242,0.0049567812,0.052852347,-0.00038478822,0.25137523,0.0053415694,ml,none,101
run_replay_cap_rho0_25k_mlkr/causecap_c_r000_n25000,run_replay_cap_rho0_25k_mlkr/causecap_t_r000_n25000,0.99997237,9.0793638e-08,0,0,2.7632665e-05,9.0793638e-08,ml,none,101
run_replay_cap_rho0_25k_mlkr/causecap_c_r000_n25000,run_replay_opc_25k_mlkr/opc_n25000_r0,0.66424623,0.00086164977,0.15777239,-0.0029799365,0.17798138,0.0038415863,ml,none,101
run_replay_cap_rho0_25k_mlkr/causecap_t_r000_n25000,run_replay_opc_25k_mlkr/opc_n25000_r0,0.66427386,0.00086155898,0.15777239,-0.0029799365,0.17795375,0.0038414955,ml,none,101
blob_prior_mean,logger,0.78780536,0.0037023093,0.21219464,0.0037023093,0,0,ml,w-high.g-none.v-none,100
blob_prior_mean,policies/oracle_affine_bilinear_likelihood_n0,0.1815849,-0.078643894,0.029396964,-0.0031973477,0.78901814,-0.075446546,ml,w-high.g-none.v-none,100
blob_prior_mean,policies/oracle_affine_bilinear_value_n0,0.18625638,-0.078161045,0.026697523,-0.0029740243,0.7870461,-0.075187021,ml,w-high.g-none.v-none,100
blob_prior_mean,policies/oracle_bilinear_likelihood_n0,0.17715937,-0.075775714,0.024901361,-0.0028512471,0.79793927,-0.072924467,ml,w-high.g-none.v-none,100
blob_prior_mean,policies/oracle_bilinear_value_n0,0.18200755,-0.077583742,0.028191366,-0.0030028667,0.78980109,-0.074580875,ml,w-high.g-none.v-none,100
blob_prior_mean,policies/oracle_blob_likelihood_n0,0.18173752,-0.078691921,0.029342561,-0.0031950695,0.78891992,-0.075496851,ml,w-high.g-none.v-none,100
blob_prior_mean,policies/oracle_blob_value_n0,0.18692244,-0.07834059,0.027281326,-0.0029213962,0.78579624,-0.075419193,ml,w-high.g-none.v-none,100
blob_prior_mean,run_blob_main_25k_mnq/blob_mnq_n25000,0.69671262,-0.015466603,0.047954088,-0.00229339,0.2553333,-0.013173213,ml,w-high.g-none.v-none,100
blob_prior_mean,run_blob_main_25k_nq/blob_nq_n25000,0.47803297,-0.034105042,0.04124078,-0.003388035,0.48072625,-0.030717007,ml,w-high.g-none.v-none,100
blob_prior_mean,run_replay_cap_rho0_25k_mlkr/causecap_c_r000_n25000,0.26863174,-0.050339412,0.034155811,-0.0027185102,0.69721245,-0.047620902,ml,w-high.g-none.v-none,100
blob_prior_mean,run_replay_cap_rho0_25k_mlkr/causecap_t_r000_n25000,0.26863174,-0.050339412,0.034155811,-0.0027185102,0.69721245,-0.047620902,ml,w-high.g-none.v-none,100
blob_prior_mean,run_replay_opc_25k_mlkr/opc_n25000_r0,0.31728644,-0.039427707,0.034664061,-0.0030021734,0.6480495,-0.036425533,ml,w-high.g-none.v-none,100
logger,policies/oracle_affine_bilinear_likelihood_n0,0.17164557,-0.082346203,0,0,0.82835443,-0.082346203,ml,w-high.g-none.v-none,100
logger,policies/oracle_affine_bilinear_value_n0,0.1716056,-0.081863355,0,0,0.8283944,-0.081863355,ml,w-high.g-none.v-none,100
logger,policies/oracle_bilinear_likelihood_n0,0.16501774,-0.079478023,0,0,0.83498226,-0.079478023,ml,w-high.g-none.v-none,100
logger,policies/oracle_bilinear_value_n0,0.1699659,-0.081286051,0,0,0.8300341,-0.081286051,ml,w-high.g-none.v-none,100
logger,policies/oracle_blob_likelihood_n0,0.17161123,-0.08239423,0,0,0.82838877,-0.08239423,ml,w-high.g-none.v-none,100
logger,policies/oracle_blob_value_n0,0.17353295,-0.082042899,0,0,0.82646705,-0.082042899,ml,w-high.g-none.v-none,100
logger,run_blob_main_25k_mnq/blob_mnq_n25000,0.61149126,-0.019168912,0,0,0.38850874,-0.019168912,ml,w-high.g-none.v-none,100
logger,run_blob_main_25k_nq/blob_nq_n25000,0.42005524,-0.037807352,0,0,0.57994476,-0.037807352,ml,w-high.g-none.v-none,100
logger,run_replay_cap_rho0_25k_mlkr/causecap_c_r000_n25000,0.24712341,-0.054041722,0,0,0.75287659,-0.054041722,ml,w-high.g-none.v-none,100
logger,run_replay_cap_rho0_25k_mlkr/causecap_t_r000_n25000,0.24712341,-0.054041722,0,0,0.75287659,-0.054041722,ml,w-high.g-none.v-none,100
logger,run_replay_opc_25k_mlkr/opc_n25000_r0,0.28437604,-0.043130016,0,0,0.71562396,-0.043130016,ml,w-high.g-none.v-none,100
policies/oracle_affine_bilinear_likelihood_n0,policies/oracle_affine_bilinear_value_n0,0.85365759,0.00048284875,0.079000483,0.00029315033,0.067341926,0.00018969842,ml,w-high.g-none.v-none,100
policies/oracle_affine_bilinear_likelihood_n0,policies/oracle_bilinear_likelihood_n0,0.81929472,0.0028681801,0.073512256,0.0010296216,0.10719302,0.0018385585,ml,w-high.g-none.v-none,100
policies/oracle_affine_bilinear_likelihood_n0,policies/oracle_bilinear_value_n0,0.82840044,0.0010601522,0.094321114,0.00056798031,0.077278441,0.00049217188,ml,w-high.g-none.v-none,100
policies/oracle_affine_bilinear_likelihood_n0,policies/oracle_blob_likelihood_n0,0.98130418,-4.8026444e-05,0.0091503568,-2.857853e-05,0.0095454588,-1.9447913e-05,ml,w-high.g-none.v-none,100
policies/oracle_affine_bilinear_likelihood_n0,policies/oracle_blob_value_n0,0.87086179,0.00030330449,0.069516641,0.00016651567,0.059621574,0.00013678882,ml,w-high.g-none.v-none,100
policies/oracle_affine_bilinear_likelihood_n0,run_blob_main_25k_mnq/blob_mnq_n25000,0.23162674,0.063177292,0.71360808,0.059343242,0.054765176,0.0038340497,ml,w-high.g-none.v-none,100
policies/oracle_affine_bilinear_likelihood_n0,run_blob_main_25k_nq/blob_nq_n25000,0.30465427,0.044538852,0.58332645,0.037668517,0.11201928,0.0068703345,ml,w-high.g-none.v-none,100
policies/oracle_affine_bilinear_likelihood_n0,run_replay_cap_rho0_25k_mlkr/causecap_c_r000_n25000,0.41093496,0.028304482,0.39563204,0.018574927,0.193433,0.0097295543,ml,w-high.g-none.v-none,100
policies/oracle_affine_bilinear_likelihood_n0,run_replay_cap_rho0_25k_mlkr/causecap_t_r000_n25000,0.41093496,0.028304482,0.39563204,0.018574927,0.193433,0.0097295543,ml,w-high.g-none.v-none,100
policies/oracle_affine_bilinear_likelihood_n0,run_replay_opc_25k_mlkr/opc_n25000_r0,0.35373539,0.039216187,0.4688361,0.026963895,0.17742851,0.012252293,ml,w-high.g-none.v-none,100
policies/oracle_affine_bilinear_value_n0,policies/oracle_bilinear_likelihood_n0,0.72862824,0.0023853314,0.11527457,0.00076916384,0.15609719,0.0016161675,ml,w-high.g-none.v-none,100
policies/oracle_affine_bilinear_value_n0,policies/oracle_bilinear_value_n0,0.92900549,0.00057730344,0.037385649,0.00027849104,0.033608862,0.0002988124,ml,w-high.g-none.v-none,100
policies/oracle_affine_bilinear_value_n0,policies/oracle_blob_likelihood_n0,0.85786373,-0.0005308752,0.06541912,-0.00022890624,0.076717148,-0.00030196896,ml,w-high.g-none.v-none,100
policies/oracle_affine_bilinear_value_n0,policies/oracle_blob_value_n0,0.94287108,-0.00017954426,0.027825263,-0.00010376141,0.029303657,-7.5782855e-05,ml,w-high.g-none.v-none,100
policies/oracle_affine_bilinear_value_n0,run_blob_main_25k_mnq/blob_mnq_n25000,0.24026606,0.062694443,0.70832997,0.059243452,0.051403976,0.0034509907,ml,w-high.g-none.v-none,100
policies/oracle_affine_bilinear_value_n0,run_blob_main_25k_nq/blob_nq_n25000,0.31674225,0.044056003,0.57550919,0.037498592,0.10774856,0.0065574111,ml,w-high.g-none.v-none,100
policies/oracle_affine_bilinear_value_n0,run_replay_cap_rho0_25k_mlkr/causecap_c_r000_n25000,0.42248021,0.027821633,0.38714565,0.01826151,0.19037413,0.0095601232,ml,w-high.g-none.v-none,100
policies/oracle_affine_bilinear_value_n0,run_replay_cap_rho0_25k_mlkr/causecap_t_r000_n25000,0.42248021,0.027821633,0.38714565,0.01826151,0.19037413,0.0095601232,ml,w-high.g-none.v-none,100
policies/oracle_affine_bilinear_value_n0,run_replay_opc_25k_mlkr/opc_n25000_r0,0.36657033,0.038733339,0.45595558,0.026526457,0.1774741,0.012206882,ml,w-high.g-none.v-none,100
policies/oracle_bilinear_likelihood_n0,policies/oracle_bilinear_value_n0,0.7124617,-0.0018080279,0.16597112,-0.0012847738,0.12156717,-0.00052325408,ml,w-high.g-none.v-none,100
policies/oracle_bilinear_likelihood_n0,policies/oracle_blob_likelihood_n0,0.8122069,-0.0029162066,0.11059393,-0.0018966122,0.077199171,-0.0010195944,ml,w-high.g-none.v-none,100
policies/oracle_bilinear_likelihood_n0,policies/oracle_blob_value_n0,0.74266988,-0.0025648756,0.14864458,-0.0017217697,0.10868554,-0.00084310594,ml,w-high.g-none.v-none,100
policies/oracle_bilinear_likelihood_n0,run_blob_main_25k_mnq/blob_mnq_n25000,0.22342053,0.060309111,0.72755596,0.05681304,0.049023504,0.0034960711,ml,w-high.g-none.v-none,100
policies/oracle_bilinear_likelihood_n0,run_blob_main_25k_nq/blob_nq_n25000,0.29558947,0.041670672,0.60059118,0.035555846,0.10381935,0.0061148255,ml,w-high.g-none.v-none,100
policies/oracle_bilinear_likelihood_n0,run_replay_cap_rho0_25k_mlkr/causecap_c_r000_n25000,0.39937189,0.025436302,0.41638271,0.016537805,0.1842454,0.0088984965,ml,w-high.g-none.v-none,100
policies/oracle_bilinear_likelihood_n0,run_replay_cap_rho0_25k_mlkr/causecap_t_r000_n25000,0.39937189,0.025436302,0.41638271,0.016537805,0.1842454,0.0088984965,ml,w-high.g-none.v-none,100
policies/oracle_bilinear_likelihood_n0,run_replay_opc_25k_mlkr/opc_n25000_r0,0.33327504,0.036348007,0.49172693,0.02496064,0.17499802,0.011387367,ml,w-high.g-none.v-none,100
policies/oracle_bilinear_value_n0,policies/oracle_blob_likelihood_n0,0.82925658,-0.0011081786,0.076834192,-0.00052855591,0.093909227,-0.00057962272,ml,w-high.g-none.v-none,100
policies/oracle_bilinear_value_n0,policies/oracle_blob_value_n0,0.90749699,-0.0007568477,0.043798385,-0.000389915,0.048704625,-0.00036693271,ml,w-high.g-none.v-none,100
policies/oracle_bilinear_value_n0,run_blob_main_25k_mnq/blob_mnq_n25000,0.23784656,0.062117139,0.70923016,0.058663905,0.052923284,0.0034532345,ml,w-high.g-none.v-none,100
policies/oracle_bilinear_value_n0,run_blob_main_25k_nq/blob_nq_n25000,0.31584961,0.0434787,0.57311234,0.036889257,0.11103806,0.0065894422,ml,w-high.g-none.v-none,100
policies/oracle_bilinear_value_n0,run_replay_cap_rho0_25k_mlkr/causecap_c_r000_n25000,0.42345638,0.027244329,0.38350316,0.017855305,0.19304046,0.0093890248,ml,w-high.g-none.v-none,100
policies/oracle_bilinear_value_n0,run_replay_cap_rho0_25k_mlkr/causecap_t_r000_n25000,0.42345638,0.027244329,0.38350316,0.017855305,0.19304046,0.0093890248,ml,w-high.g-none.v-none,100
policies/oracle_bilinear_value_n0,run_replay_opc_25k_mlkr/opc_n25000_r0,0.36640215,0.038156035,0.4529431,0.026044013,0.18065476,0.012112022,ml,w-high.g-none.v-none,100
policies/oracle_blob_likelihood_n0,policies/oracle_blob_value_n0,0.8729992,0.00035133093,0.068372,0.00017634046,0.0586288,0.00017499047,ml,w-high.g-none.v-none,100
policies/oracle_blob_likelihood_n0,run_blob_main_25k_mnq/blob_mnq_n25000,0.23129617,0.063225318,0.71415535,0.059388774,0.05454848,0.003836544,ml,w-high.g-none.v-none,100
policies/oracle_blob_likelihood_n0,run_blob_main_25k_nq/blob_nq_n25000,0.30531558,0.044586878,0.58319604,0.037712732,0.11148838,0.0068741457,ml,w-high.g-none.v-none,100
policies/oracle_blob_likelihood_n0,run_replay_cap_rho0_25k_mlkr/causecap_c_r000_n25000,0.40871879,0.028352508,0.3981193,0.018629009,0.19316191,0.0097234991,ml,w-high.g-none.v-none,100
policies/oracle_blob_likelihood_n0,run_replay_cap_rho0_25k_mlkr/causecap_t_r000_n25000,0.40871879,0.028352508,0.3981193,0.018629009,0.19316191,0.0097234991,ml,w-high.g-none.v-none,100
policies/oracle_blob_likelihood_n0,run_replay_opc_25k_mlkr/opc_n25000_r0,0.35375536,0.039264214,0.47070582,0.027074521,0.17553882,0.012189692,ml,w-high.g-none.v-none,100
policies/oracle_blob_value_n0,run_blob_main_25k_mnq/blob_mnq_n25000,0.24235637,0.062873987,0.70645378,0.059480729,0.051189846,0.0033932585,ml,w-high.g-none.v-none,100
policies/oracle_blob_value_n0,run_blob_main_25k_nq/blob_nq_n25000,0.31886745,0.044235547,0.57202834,0.037591447,0.1091042,0.0066441002,ml,w-high.g-none.v-none,100
policies/oracle_blob_value_n0,run_replay_cap_rho0_25k_mlkr/causecap_c_r000_n25000,0.42036809,0.028001177,0.38624169,0.018265288,0.19339022,0.0097358888,ml,w-high.g-none.v-none,100
policies/oracle_blob_value_n0,run_replay_cap_rho0_25k_mlkr/causecap_t_r000_n25000,0.42036809,0.028001177,0.38624169,0.018265288,0.19339022,0.0097358888,ml,w-high.g-none.v-none,100
policies/oracle_blob_value_n0,run_replay_opc_25k_mlkr/opc_n25000_r0,0.36513453,0.038912883,0.45872257,0.026896243,0.1761429,0.01201664,ml,w-high.g-none.v-none,100
run_blob_main_25k_mnq/blob_mnq_n25000,run_blob_main_25k_nq/blob_nq_n25000,0.63008598,-0.01863844,0.048591601,-0.0025938368,0.32132241,-0.016044603,ml,w-high.g-none.v-none,100
run_blob_main_25k_mnq/blob_mnq_n25000,run_replay_cap_rho0_25k_mlkr/causecap_c_r000_n25000,0.33916307,-0.03487281,0.062096391,-0.0031890475,0.59874054,-0.031683762,ml,w-high.g-none.v-none,100
run_blob_main_25k_mnq/blob_mnq_n25000,run_replay_cap_rho0_25k_mlkr/causecap_t_r000_n25000,0.33916307,-0.03487281,0.062096391,-0.0031890475,0.59874054,-0.031683762,ml,w-high.g-none.v-none,100
run_blob_main_25k_mnq/blob_mnq_n25000,run_replay_opc_25k_mlkr/opc_n25000_r0,0.41572308,-0.023961104,0.054860875,-0.0021881517,0.52941605,-0.021772952,ml,w-high.g-none.v-none,100
run_blob_main_25k_nq/blob_nq_n25000,run_replay_cap_rho0_25k_mlkr/causecap_c_r000_n25000,0.495011,-0.01623437,0.096210938,-0.0028833671,0.40877806,-0.013351003,ml,w-high.g-none.v-none,100
run_blob_main_25k_nq/blob_nq_n25000,run_replay_cap_rho0_25k_mlkr/causecap_t_r000_n25000,0.495011,-0.01623437,0.096210938,-0.0028833671,0.40877806,-0.013351003,ml,w-high.g-none.v-none,100
run_blob_main_25k_nq/blob_nq_n25000,run_replay_opc_25k_mlkr/opc_n25000_r0,0.57245004,-0.0053226644,0.094043757,-0.0016255949,0.33350621,-0.0036970695,ml,w-high.g-none.v-none,100
run_replay_cap_rho0_25k_mlkr/causecap_c_r000_n25000,run_replay_cap_rho0_25k_mlkr/causecap_t_r000_n25000,1,0,0,0,0,0,ml,w-high.g-none.v-none,100
run_replay_cap_rho0_25k_mlkr/causecap_c_r000_n25000,run_replay_opc_25k_mlkr/opc_n25000_r0,0.53212084,0.010911706,0.27292073,0.0049374401,0.19495843,0.0059742657,ml,w-high.g-none.v-none,100
run_replay_cap_rho0_25k_mlkr/causecap_t_r000_n25000,run_replay_opc_25k_mlkr/opc_n25000_r0,0.53212084,0.010911706,0.27292073,0.0049374401,0.19495843,0.0059742657,ml,w-high.g-none.v-none,100
blob_prior_mean,logger,0.77423898,-0.00098117199,0.22576102,-0.00098117199,0,0,ml,w-high.g-none.v-none,101
blob_prior_mean,policies/oracle_affine_bilinear_likelihood_n0,0.17701231,-0.078093231,0.037530477,-0.0038716709,0.78545721,-0.07422156,ml,w-high.g-none.v-none,101
blob_prior_mean,policies/oracle_affine_bilinear_value_n0,0.18149488,-0.077456257,0.038559922,-0.003921407,0.7799452,-0.07353485,ml,w-high.g-none.v-none,101
blob_prior_mean,policies/oracle_bilinear_likelihood_n0,0.17512136,-0.07633068,0.037170444,-0.0038965253,0.78770819,-0.072434155,ml,w-high.g-none.v-none,101
blob_prior_mean,policies/oracle_bilinear_value_n0,0.18496743,-0.076874669,0.039395466,-0.0039632684,0.7756371,-0.072911401,ml,w-high.g-none.v-none,101
blob_prior_mean,policies/oracle_blob_likelihood_n0,0.177031,-0.078134404,0.037390374,-0.003840586,0.78557862,-0.074293818,ml,w-high.g-none.v-none,101
blob_prior_mean,policies/oracle_blob_value_n0,0.18415417,-0.077616975,0.037689213,-0.0038085773,0.77815661,-0.073808398,ml,w-high.g-none.v-none,101
blob_prior_mean,run_blob_main_25k_mnq/blob_mnq_n25000,0.69998075,-0.0086133558,0.082718255,-0.002352216,0.217301,-0.0062611398,ml,w-high.g-none.v-none,101
blob_prior_mean,run_blob_main_25k_nq/blob_nq_n25000,0.51432921,-0.023136507,0.074123188,-0.0037396826,0.4115476,-0.019396825,ml,w-high.g-none.v-none,101
blob_prior_mean,run_replay_cap_rho0_25k_mlkr/causecap_c_r000_n25000,0.18830751,-0.049936482,0.049434858,-0.0037890119,0.76225763,-0.04614747,ml,w-high.g-none.v-none,101
blob_prior_mean,run_replay_cap_rho0_25k_mlkr/causecap_t_r000_n25000,0.18825456,-0.049933635,0.049434858,-0.0037890119,0.76231058,-0.046144623,ml,w-high.g-none.v-none,101
blob_prior_mean,run_replay_opc_25k_mlkr/opc_n25000_r0,0.27891787,-0.036068204,0.082256914,-0.0040821348,0.63882521,-0.03198607,ml,w-high.g-none.v-none,101
logger,policies/oracle_affine_bilinear_likelihood_n0,0.18421251,-0.077112059,0,0,0.81578749,-0.077112059,ml,w-high.g-none.v-none,101
logger,policies/oracle_affine_bilinear_value_n0,0.18908496,-0.076475085,0,0,0.81091504,-0.076475085,ml,w-high.g-none.v-none,101
logger,policies/oracle_bilinear_likelihood_n0,0.18120677,-0.075349508,0,0,0.81879323,-0.075349508,ml,w-high.g-none.v-none,101
logger,policies/oracle_bilinear_value_n0,0.1933362,-0.075893497,0,0,0.8066638,-0.075893497,ml,w-high.g-none.v-none,101
logger,policies/oracle_blob_likelihood_n0,0.18352431,-0.077153232,0,0,0.81647569,-0.077153232,ml,w-high.g-none.v-none,101
logger,policies/oracle_blob_value_n0,0.1897321,-0.076635803,0,0,0.8102679,-0.076635803,ml,w-high.g-none.v-none,101
logger,run_blob_main_25k_mnq/blob_mnq_n25000,0.65828579,-0.0076321838,0,0,0.34171421,-0.0076321838,ml,w-high.g-none.v-none,101
logger,run_blob_main_25k_nq/blob_nq_n25000,0.49181599,-0.022155335,0,0,0.50818401,-0.022155335,ml,w-high.g-none.v-none,101
logger,run_replay_cap_rho0_25k_mlkr/causecap_c_r000_n25000,0.20565577,-0.04895531,0,0,0.79434423,-0.04895531,ml,w-high.g-none.v-none,101
logger,run_replay_cap_rho0_25k_mlkr/causecap_t_r000_n25000,0.20560282,-0.048952463,0,0,0.79439718,-0.048952463,ml,w-high.g-none.v-none,101
logger,run_replay_opc_25k_mlkr/opc_n25000_r0,0.31614802,-0.035087032,0,0,0.68385198,-0.035087032,ml,w-high.g-none.v-none,101
policies/oracle_affine_bilinear_likelihood_n0,policies/oracle_affine_bilinear_value_n0,0.83670196,0.00063697378,0.092884841,0.0003615732,0.070413203,0.00027540059,ml,w-high.g-none.v-none,101
policies/oracle_affine_bilinear_likelihood_n0,policies/oracle_bilinear_likelihood_n0,0.86238543,0.0017625513,0.064491583,0.00074215758,0.073122984,0.0010203938,ml,w-high.g-none.v-none,101
policies/oracle_affine_bilinear_likelihood_n0,policies/oracle_bilinear_value_n0,0.80656051,0.0012185618,0.10922456,0.00070538412,0.084214937,0.00051317765,ml,w-high.g-none.v-none,101
policies/oracle_affine_bilinear_likelihood_n0,policies/oracle_blob_likelihood_n0,0.97666516,-4.1172921e-05,0.012370091,-4.0621463e-05,0.010964751,-5.5145809e-07,ml,w-high.g-none.v-none,101
policies/oracle_affine_bilinear_likelihood_n0,policies/oracle_blob_value_n0,0.85047426,0.00047625631,0.084903005,0.00028136962,0.064622731,0.00019488669,ml,w-high.g-none.v-none,101
policies/oracle_affine_bilinear_likelihood_n0,run_blob_main_25k_mnq/blob_mnq_n25000,0.20336513,0.069479875,0.742698,0.065120049,0.053936873,0.0043598267,ml,w-high.g-none.v-none,101
policies/oracle_affine_bilinear_likelihood_n0,run_blob_main_25k_nq/blob_nq_n25000,0.25119808,0.054956724,0.66229369,0.048884494,0.086508228,0.00607223,ml,w-high.g-none.v-none,101
policies/oracle_affine_bilinear_likelihood_n0,run_replay_cap_rho0_25k_mlkr/causecap_c_r000_n25000,0.41688138,0.028156749,0.31768782,0.014279854,0.2654308,0.013876896,ml,w-high.g-none.v-none,101
policies/oracle_affine_bilinear_likelihood_n0,run_replay_cap_rho0_25k_mlkr/causecap_t_r000_n25000,0.41688138,0.028159596,0.31768782,0.014282701,0.2654308,0.013876896,ml,w-high.g-none.v-none,101
policies/oracle_affine_bilinear_likelihood_n0,run_replay_opc_25k_mlkr/opc_n25000_r0,0.32725396,0.042025027,0.50998656,0.032160676,0.16275948,0.0098643511,ml,w-high.g-none.v-none,101
policies/oracle_affine_bilinear_value_n0,policies/oracle_bilinear_likelihood_n0,0.76337176,0.0011255776,0.10460347,0.00043128391,0.13202477,0.00069429364,ml,w-high.g-none.v-none,101
policies/oracle_affine_bilinear_value_n0,policies/oracle_bilinear_value_n0,0.9295237,0.00058158799,0.036717228,0.00031993913,0.033759069,0.00026164886,ml,w-high.g-none.v-none,101
policies/oracle_affine_bilinear_value_n0,policies/oracle_blob_likelihood_n0,0.83917855,-0.0006781467,0.070390234,-0.0002766017,0.090431219,-0.000401545,ml,w-high.g-none.v-none,101
policies/oracle_affine_bilinear_value_n0,policies/oracle_blob_value_n0,0.94007055,-0.00016071747,0.029278765,-6.3093774e-05,0.030650688,-9.7623696e-05,ml,w-high.g-none.v-none,101
policies/oracle_affine_bilinear_value_n0,run_blob_main_25k_mnq/blob_mnq_n25000,0.21172482,0.068842902,0.73327798,0.064486511,0.054997204,0.0043563903,ml,w-high.g-none.v-none,101
policies/oracle_affine_bilinear_value_n0,run_blob_main_25k_nq/blob_nq_n25000,0.26091641,0.05431975,0.65058159,0.048125587,0.088502002,0.006194163,ml,w-high.g-none.v-none,101
policies/oracle_affine_bilinear_value_n0,run_replay_cap_rho0_25k_mlkr/causecap_c_r000_n25000,0.42717315,0.027519776,0.3032805,0.013715297,0.26954635,0.013804479,ml,w-high.g-none.v-none,101
policies/oracle_affine_bilinear_value_n0,run_replay_cap_rho0_25k_mlkr/causecap_t_r000_n25000,0.4271202,0.027522622,0.3032805,0.013715297,0.2695993,0.013807325,ml,w-high.g-none.v-none,101
policies/oracle_affine_bilinear_value_n0,run_replay_opc_25k_mlkr/opc_n25000_r0,0.33763579,0.041388053,0.499026,0.031576214,0.16333821,0.0098118394,ml,w-high.g-none.v-none,101
policies/oracle_bilinear_likelihood_n0,policies/oracle_bilinear_value_n0,0.74124031,-0.00054398957,0.14499611,-0.00033041974,0.11376358,-0.00021356983,ml,w-high.g-none.v-none,101
policies/oracle_bilinear_likelihood_n0,policies/oracle_blob_likelihood_n0,0.85574607,-0.0018037243,0.076745483,-0.0010523769,0.067508449,-0.00075134737,ml,w-high.g-none.v-none,101
policies/oracle_bilinear_likelihood_n0,policies/oracle_blob_value_n0,0.76930761,-0.001286295,0.12842188,-0.00078786689,0.10227051,-0.00049842814,ml,w-high.g-none.v-none,101
policies/oracle_bilinear_likelihood_n0,run_blob_main_25k_mnq/blob_mnq_n25000,0.2002477,0.067717324,0.74555057,0.063295684,0.054201731,0.0044216402,ml,w-high.g-none.v-none,101
policies/oracle_bilinear_likelihood_n0,run_blob_main_25k_nq/blob_nq_n25000,0.24986101,0.053194173,0.66628286,0.047319363,0.083856122,0.0058748093,ml,w-high.g-none.v-none,101
policies/oracle_bilinear_likelihood_n0,run_replay_cap_rho0_25k_mlkr/causecap_c_r000_n25000,0.41352332,0.026394198,0.32235153,0.013165338,0.26412516,0.01322886,ml,w-high.g-none.v-none,101
policies/oracle_bilinear_likelihood_n0,run_replay_cap_rho0_25k_mlkr/causecap_t_r000_n25000,0.41352332,0.026397045,0.32235153,0.013168185,0.26412516,0.01322886,ml,w-high.g-none.v-none,101
policies/oracle_bilinear_likelihood_n0,run_replay_opc_25k_mlkr/opc_n25000_r0,0.32150138,0.040262475,0.51542617,0.030730115,0.16307245,0.0095323603,ml,w-high.g-none.v-none,101
policies/oracle_bilinear_value_n0,policies/oracle_blob_likelihood_n0,0.80835398,-0.0012597347,0.084619085,-0.00050907286,0.10702694,-0.00075066183,ml,w-high.g-none.v-none,101
policies/oracle_bilinear_value_n0,policies/oracle_blob_value_n0,0.90933063,-0.00074230546,0.043798013,-0.00032178235,0.046871353,-0.00042052311,ml,w-high.g-none.v-none,101
policies/oracle_bilinear_value_n0,run_blob_main_25k_mnq/blob_mnq_n25000,0.21429667,0.068261314,0.72955745,0.063922543,0.056145879,0.0043387704,ml,w-high.g-none.v-none,101
policies/oracle_bilinear_value_n0,run_blob_main_25k_nq/blob_nq_n25000,0.26711578,0.053738162,0.6442679,0.047506018,0.088616317,0.0062321445,ml,w-high.g-none.v-none,101
policies/oracle_bilinear_value_n0,run_replay_cap_rho0_25k_mlkr/causecap_c_r000_n25000,0.4329015,0.026938188,0.29850398,0.013260327,0.26859453,0.01367786,ml,w-high.g-none.v-none,101
policies/oracle_bilinear_value_n0,run_replay_cap_rho0_25k_mlkr/causecap_t_r000_n25000,0.4329015,0.026941034,0.29850398,0.013263174,0.26859453,0.01367786,ml,w-high.g-none.v-none,101
policies/oracle_bilinear_value_n0,run_replay_opc_25k_mlkr/opc_n25000_r0,0.34767875,0.040806465,0.49122039,0.031093469,0.16110087,0.0097129964,ml,w-high.g-none.v-none,101
policies/oracle_blob_likelihood_n0,policies/oracle_blob_value_n0,0.85233753,0.00051742923,0.083033953,0.00031008991,0.064628517,0.00020733932,ml,w-high.g-none.v-none,101
policies/oracle_blob_likelihood_n0,run_blob_main_25k_mnq/blob_mnq_n25000,0.20319373,0.069521048,0.74306976,0.065178128,0.053736512,0.0043429204,ml,w-high.g-none.v-none,101
policies/oracle_blob_likelihood_n0,run_blob_main_25k_nq/blob_nq_n25000,0.25197152,0.054997897,0.66181567,0.048948605,0.086212805,0.0060492921,ml,w-high.g-none.v-none,101
policies/oracle_blob_likelihood_n0,run_replay_cap_rho0_25k_mlkr/causecap_c_r000_n25000,0.41810278,0.028197922,0.31733464,0.014339041,0.26456258,0.013858881,ml,w-high.g-none.v-none,101
policies/oracle_blob_likelihood_n0,run_replay_cap_rho0_25k_mlkr/causecap_t_r000_n25000,0.41810278,0.028200769,0.31733464,0.014341888,0.26456258,0.013858881,ml,w-high.g-none.v-none,101
policies/oracle_blob_likelihood_n0,run_replay_opc_25k_mlkr/opc_n25000_r0,0.3274277,0.0420662,0.51035869,0.032244032,0.16221361,0.0098221674,ml,w-high.g-none.v-none,101
policies/oracle_blob_value_n0,run_blob_main_25k_mnq/blob_mnq_n25000,0.2116503,0.069003619,0.73329201,0.064748421,0.055057685,0.004255198,ml,w-high.g-none.v-none,101
policies/oracle_blob_value_n0,run_blob_main_25k_nq/blob_nq_n25000,0.26098476,0.054480468,0.65118477,0.048363997,0.087830475,0.0061164711,ml,w-high.g-none.v-none,101
policies/oracle_blob_value_n0,run_replay_cap_rho0_25k_mlkr/causecap_c_r000_n25000,0.42966937,0.027680493,0.30320242,0.013908802,0.2671282,0.013771691,ml,w-high.g-none.v-none,101
policies/oracle_blob_value_n0,run_replay_cap_rho0_25k_mlkr/causecap_t_r000_n25000,0.42966937,0.02768334,0.30320242,0.013911649,0.2671282,0.013771691,ml,w-high.g-none.v-none,101
policies/oracle_blob_value_n0,run_replay_opc_25k_mlkr/opc_n25000_r0,0.3346889,0.041548771,0.49833852,0.031593642,0.16697258,0.0099551286,ml,w-high.g-none.v-none,101
run_blob_main_25k_mnq/blob_mnq_n25000,run_blob_main_25k_nq/blob_nq_n25000,0.67714841,-0.014523151,0.055847001,-0.0024445151,0.26700459,-0.012078636,ml,w-high.g-none.v-none,101
run_blob_main_25k_mnq/blob_mnq_n25000,run_replay_cap_rho0_25k_mlkr/causecap_c_r000_n25000,0.23262482,-0.041323126,0.060016191,-0.0037712832,0.70735899,-0.037551843,ml,w-high.g-none.v-none,101
run_blob_main_25k_mnq/blob_mnq_n25000,run_replay_cap_rho0_25k_mlkr/causecap_t_r000_n25000,0.23257187,-0.041320279,0.060016191,-0.0037712832,0.70741194,-0.037548996,ml,w-high.g-none.v-none,101
run_blob_main_25k_mnq/blob_mnq_n25000,run_replay_opc_25k_mlkr/opc_n25000_r0,0.35101451,-0.027454849,0.095723519,-0.0041280219,0.55326197,-0.023326827,ml,w-high.g-none.v-none,101
run_blob_main_25k_nq/blob_nq_n25000,run_replay_cap_rho0_25k_mlkr/causecap_c_r000_n25000,0.31205184,-0.026799975,0.082127143,-0.0046476409,0.60582102,-0.022152334,ml,w-high.g-none.v-none,101
run_blob_main_25k_nq/blob_nq_n25000,run_replay_cap_rho0_25k_mlkr/causecap_t_r000_n25000,0.31199889,-0.026797128,0.082127143,-0.0046476409,0.60587396,-0.022149487,ml,w-high.g-none.v-none,101
run_blob_main_25k_nq/blob_nq_n25000,run_replay_opc_25k_mlkr/opc_n25000_r0,0.45029452,-0.012931697,0.13817617,-0.0034532022,0.41152932,-0.009478495,ml,w-high.g-none.v-none,101
run_replay_cap_rho0_25k_mlkr/causecap_c_r000_n25000,run_replay_cap_rho0_25k_mlkr/causecap_t_r000_n25000,0.99994706,2.846939e-06,0,0,5.294462e-05,2.846939e-06,ml,w-high.g-none.v-none,101
run_replay_cap_rho0_25k_mlkr/causecap_c_r000_n25000,run_replay_opc_25k_mlkr/opc_n25000_r0,0.40813229,0.013868278,0.44698516,0.0082376097,0.14488255,0.0056306679,ml,w-high.g-none.v-none,101
run_replay_cap_rho0_25k_mlkr/causecap_t_r000_n25000,run_replay_opc_25k_mlkr/opc_n25000_r0,0.40813229,0.013865431,0.4470381,0.0082367636,0.14482961,0.0056286669,ml,w-high.g-none.v-none,101
blob_prior_mean,logger,0.86687916,-0.0001666664,0.13312084,-0.0001666664,0,0,ml,w-none.g-high.v-none,100
blob_prior_mean,policies/oracle_affine_bilinear_likelihood_n0,0.27713387,-0.037302895,0.025283037,-0.0016948834,0.69758309,-0.035608012,ml,w-none.g-high.v-none,100
blob_prior_mean,policies/oracle_affine_bilinear_value_n0,0.25103332,-0.054291747,0.020780994,-0.0016231524,0.72818569,-0.052668595,ml,w-none.g-high.v-none,100
blob_prior_mean,policies/oracle_bilinear_likelihood_n0,0.28267354,-0.034275869,0.028780309,-0.0017020207,0.68854615,-0.032573848,ml,w-none.g-high.v-none,100
blob_prior_mean,policies/oracle_bilinear_value_n0,0.24781801,-0.053414988,0.019883441,-0.0015875901,0.73229855,-0.051827398,ml,w-none.g-high.v-none,100
blob_prior_mean,policies/oracle_blob_likelihood_n0,0.24278784,-0.025067068,0.018718785,-0.0013846712,0.73849337,-0.023682397,ml,w-none.g-high.v-none,100
blob_prior_mean,policies/oracle_blob_value_n0,0.25062341,-0.05514876,0.020157159,-0.0016385465,0.72921943,-0.053510213,ml,w-none.g-high.v-none,100
blob_prior_mean,run_blob_main_25k_mnq/blob_mnq_n25000,0.67627705,-0.010199095,0.032625804,-0.0011581791,0.29109715,-0.0090409162,ml,w-none.g-high.v-none,100
blob_prior_mean,run_blob_main_25k_nq/blob_nq_n25000,0.59879547,-0.014747224,0.03236985,-0.0012805204,0.36883468,-0.013466704,ml,w-none.g-high.v-none,100
blob_prior_mean,run_replay_cap_rho0_25k_mlkr/causecap_c_r000_n25000,0.41357463,-0.016570681,0.039185892,-0.0012699019,0.54723948,-0.01530078,ml,w-none.g-high.v-none,100
blob_prior_mean,run_replay_cap_rho0_25k_mlkr/causecap_t_r000_n25000,0.41357463,-0.016570681,0.039185892,-0.0012699019,0.54723948,-0.01530078,ml,w-none.g-high.v-none,100
blob_prior_mean,run_replay_opc_25k_mlkr/opc_n25000_r0,0.47037831,-0.019698791,0.039637223,-0.0013623654,0.48998447,-0.018336425,ml,w-none.g-high.v-none,100
logger,policies/oracle_affine_bilinear_likelihood_n0,0.27356346,-0.037136228,0,0,0.72643654,-0.037136228,ml,w-none.g-high.v-none,100
logger,policies/oracle_affine_bilinear_value_n0,0.24645596,-0.054125081,0,0,0.75354404,-0.054125081,ml,w-none.g-high.v-none,100
logger,policies/oracle_bilinear_likelihood_n0,0.28328542,-0.034109203,0,0,0.71671458,-0.034109203,ml,w-none.g-high.v-none,100
logger,policies/oracle_bilinear_value_n0,0.24326229,-0.053248322,0,0,0.75673771,-0.053248322,ml,w-none.g-high.v-none,100
logger,policies/oracle_blob_likelihood_n0,0.23796037,-0.024900401,0,0,0.76203963,-0.024900401,ml,w-none.g-high.v-none,100
logger,policies/oracle_blob_value_n0,0.24627288,-0.054982093,0,0,0.75372712,-0.054982093,ml,w-none.g-high.v-none,100
logger,run_blob_main_25k_mnq/blob_mnq_n25000,0.63984128,-0.010032429,0,0,0.36015872,-0.010032429,ml,w-none.g-high.v-none,100
logger,run_blob_main_25k_nq/blob_nq_n25000,0.5691994,-0.014580558,0,0,0.4308006,-0.014580558,ml,w-none.g-high.v-none,100
logger,run_replay_cap_rho0_25k_mlkr/causecap_c_r000_n25000,0.41572753,-0.016404015,0,0,0.58427247,-0.016404015,ml,w-none.g-high.v-none,100
logger,run_replay_cap_rho0_25k_mlkr/causecap_t_r000_n25000,0.41572753,-0.016404015,0,0,0.58427247,-0.016404015,ml,w-none.g-high.v-none,100
logger,run_replay_opc_25k_mlkr/opc_n25000_r0,0.46520036,-0.019532124,0,0,0.53479964,-0.019532124,ml,w-none.g-high.v-none,100
policies/oracle_affine_bilinear_likelihood_n0,policies/oracle_affine_bilinear_value_n0,0.50200901,-0.016988852,0.2014466,-0.0077893972,0.29654439,-0.0091994552,ml,w-none.g-high.v-none,100
policies/oracle_affine_bilinear_likelihood_n0,policies/oracle_bilinear_likelihood_n0,0.80108701,0.0030270259,0.10571312,0.0005925325,0.093199868,0.0024344934,ml,w-none.g-high.v-none,100
policies/oracle_affine_bilinear_likelihood_n0,policies/oracle_bilinear_value_n0,0.49916632,-0.016112093,0.20290071,-0.0073729383,0.29793296,-0.0087391552,ml,w-none.g-high.v-none,100
policies/oracle_affine_bilinear_likelihood_n0,policies/oracle_blob_likelihood_n0,0.6427515,0.012235827,0.10282463,-0.0019309207,0.25442387,0.014166748,ml,w-none.g-high.v-none,100
policies/oracle_affine_bilinear_likelihood_n0,policies/oracle_blob_value_n0,0.49754404,-0.017845865,0.20446007,-0.0081094352,0.29799589,-0.0097364298,ml,w-none.g-high.v-none,100
policies/oracle_affine_bilinear_likelihood_n0,run_blob_main_25k_mnq/blob_mnq_n25000,0.30190121,0.0271038,0.58245583,0.02291441,0.11564296,0.00418939,ml,w-none.g-high.v-none,100
policies/oracle_affine_bilinear_likelihood_n0,run_blob_main_25k_nq/blob_nq_n25000,0.32608352,0.022555671,0.54257314,0.017911347,0.13134334,0.0046443237,ml,w-none.g-high.v-none,100
policies/oracle_affine_bilinear_likelihood_n0,run_replay_cap_rho0_25k_mlkr/causecap_c_r000_n25000,0.36979807,0.020732213,0.44425649,0.011845083,0.18594545,0.0088871309,ml,w-none.g-high.v-none,100
policies/oracle_affine_bilinear_likelihood_n0,run_replay_cap_rho0_25k_mlkr/causecap_t_r000_n25000,0.36979807,0.020732213,0.44425649,0.011845083,0.18594545,0.0088871309,ml,w-none.g-high.v-none,100
policies/oracle_affine_bilinear_likelihood_n0,run_replay_opc_25k_mlkr/opc_n25000_r0,0.36165784,0.017604104,0.48618241,0.011845705,0.15215975,0.0057583986,ml,w-none.g-high.v-none,100
policies/oracle_affine_bilinear_value_n0,policies/oracle_bilinear_likelihood_n0,0.47203316,0.020015878,0.32146321,0.011137238,0.20650364,0.0088786407,ml,w-none.g-high.v-none,100
policies/oracle_affine_bilinear_value_n0,policies/oracle_bilinear_value_n0,0.94468375,0.00087675892,0.027327242,0.00024454134,0.027989012,0.00063221757,ml,w-none.g-high.v-none,100
policies/oracle_affine_bilinear_value_n0,policies/oracle_blob_likelihood_n0,0.46760165,0.02922468,0.23157176,0.0063414085,0.30082659,0.022883271,ml,w-none.g-high.v-none,100
policies/oracle_affine_bilinear_value_n0,policies/oracle_blob_value_n0,0.92043459,-0.00085701261,0.040194085,-0.0004528657,0.039371321,-0.00040414691,ml,w-none.g-high.v-none,100
policies/oracle_affine_bilinear_value_n0,run_blob_main_25k_mnq/blob_mnq_n25000,0.28732949,0.044092652,0.61184019,0.039050209,0.10083032,0.0050424429,ml,w-none.g-high.v-none,100
policies/oracle_affine_bilinear_value_n0,run_blob_main_25k_nq/blob_nq_n25000,0.3122756,0.039544523,0.57382683,0.033888888,0.11389756,0.0056556348,ml,w-none.g-high.v-none,100
policies/oracle_affine_bilinear_value_n0,run_replay_cap_rho0_25k_mlkr/causecap_c_r000_n25000,0.31443793,0.037721066,0.50728006,0.026415218,0.17828201,0.011305848,ml,w-none.g-high.v-none,100
policies/oracle_affine_bilinear_value_n0,run_replay_cap_rho0_25k_mlkr/causecap_t_r000_n25000,0.31443793,0.037721066,0.50728006,0.026415218,0.17828201,0.011305848,ml,w-none.g-high.v-none,100
policies/oracle_affine_bilinear_value_n0,run_replay_opc_25k_mlkr/opc_n25000_r0,0.33600934,0.034592956,0.53120368,0.027393389,0.13278698,0.0071995676,ml,w-none.g-high.v-none,100
policies/oracle_bilinear_likelihood_n0,policies/oracle_bilinear_value_n0,0.46753639,-0.019139119,0.20870729,-0.0085544036,0.32375631,-0.010584716,ml,w-none.g-high.v-none,100
policies/oracle_bilinear_likelihood_n0,policies/oracle_blob_likelihood_n0,0.60170206,0.0092088013,0.12100887,-0.0032487802,0.27728907,0.012457581,ml,w-none.g-high.v-none,100
policies/oracle_bilinear_likelihood_n0,policies/oracle_blob_value_n0,0.46760003,-0.020872891,0.21049336,-0.0093654989,0.32190661,-0.011507392,ml,w-none.g-high.v-none,100
policies/oracle_bilinear_likelihood_n0,run_blob_main_25k_mnq/blob_mnq_n25000,0.30520358,0.024076774,0.57648875,0.020177783,0.11830767,0.0038989909,ml,w-none.g-high.v-none,100
policies/oracle_bilinear_likelihood_n0,run_blob_main_25k_nq/blob_nq_n25000,0.32575246,0.019528645,0.53720293,0.015393841,0.13704461,0.0041348036,ml,w-none.g-high.v-none,100
policies/oracle_bilinear_likelihood_n0,run_replay_cap_rho0_25k_mlkr/causecap_c_r000_n25000,0.38263777,0.017705188,0.43069736,0.0094856963,0.18666487,0.0082194912,ml,w-none.g-high.v-none,100
policies/oracle_bilinear_likelihood_n0,run_replay_cap_rho0_25k_mlkr/causecap_t_r000_n25000,0.38263777,0.017705188,0.43069736,0.0094856963,0.18666487,0.0082194912,ml,w-none.g-high.v-none,100
policies/oracle_bilinear_likelihood_n0,run_replay_opc_25k_mlkr/opc_n25000_r0,0.35033419,0.014577078,0.48546579,0.0096722709,0.16420002,0.0049048072,ml,w-none.g-high.v-none,100
policies/oracle_bilinear_value_n0,policies/oracle_blob_likelihood_n0,0.46361579,0.028347921,0.23384748,0.0057990214,0.30253673,0.022548899,ml,w-none.g-high.v-none,100
policies/oracle_bilinear_value_n0,policies/oracle_blob_value_n0,0.91215593,-0.0017337715,0.044408147,-0.0010237673,0.043435923,-0.00071000418,ml,w-none.g-high.v-none,100
policies/oracle_bilinear_value_n0,run_blob_main_25k_mnq/blob_mnq_n25000,0.28695243,0.043215893,0.61273428,0.038335439,0.10031329,0.0048804545,ml,w-none.g-high.v-none,100
policies/oracle_bilinear_value_n0,run_blob_main_25k_nq/blob_nq_n25000,0.3121301,0.038667764,0.57490847,0.033187522,0.11296144,0.0054802422,ml,w-none.g-high.v-none,100
policies/oracle_bilinear_value_n0,run_replay_cap_rho0_25k_mlkr/causecap_c_r000_n25000,0.31597142,0.036844307,0.50825612,0.025680582,0.17577246,0.011163725,ml,w-none.g-high.v-none,100
policies/oracle_bilinear_value_n0,run_replay_cap_rho0_25k_mlkr/causecap_t_r000_n25000,0.31597142,0.036844307,0.50825612,0.025680582,0.17577246,0.011163725,ml,w-none.g-high.v-none,100
policies/oracle_bilinear_value_n0,run_replay_opc_25k_mlkr/opc_n25000_r0,0.33664596,0.033716198,0.53086099,0.026731701,0.13249305,0.0069844963,ml,w-none.g-high.v-none,100
policies/oracle_blob_likelihood_n0,policies/oracle_blob_value_n0,0.46832648,-0.030081692,0.30051628,-0.023298644,0.23115725,-0.006783048,ml,w-none.g-high.v-none,100
policies/oracle_blob_likelihood_n0,run_blob_main_25k_mnq/blob_mnq_n25000,0.2699271,0.014867972,0.63667781,0.011131796,0.093395097,0.0037361766,ml,w-none.g-high.v-none,100
policies/oracle_blob_likelihood_n0,run_blob_main_25k_nq/blob_nq_n25000,0.28923841,0.010319844,0.59757484,0.0062129248,0.11318675,0.0041069188,ml,w-none.g-high.v-none,100
policies/oracle_blob_likelihood_n0,run_replay_cap_rho0_25k_mlkr/causecap_c_r000_n25000,0.30911427,0.0084963862,0.52388557,-0.00015196593,0.16700016,0.0086483522,ml,w-none.g-high.v-none,100
policies/oracle_blob_likelihood_n0,run_replay_cap_rho0_25k_mlkr/causecap_t_r000_n25000,0.30911427,0.0084963862,0.52388557,-0.00015196593,0.16700016,0.0086483522,ml,w-none.g-high.v-none,100
policies/oracle_blob_likelihood_n0,run_replay_opc_25k_mlkr/opc_n25000_r0,0.30812554,0.0053682768,0.56388176,0.00031190753,0.1279927,0.0050563693,ml,w-none.g-high.v-none,100
policies/oracle_blob_value_n0,run_blob_main_25k_mnq/blob_mnq_n25000,0.29020474,0.044949665,0.61151119,0.039893108,0.098284068,0.0050565568,ml,w-none.g-high.v-none,100
policies/oracle_blob_value_n0,run_blob_main_25k_nq/blob_nq_n25000,0.31384157,0.040401536,0.57468249,0.034727332,0.11147594,0.0056742035,ml,w-none.g-high.v-none,100
policies/oracle_blob_value_n0,run_replay_cap_rho0_25k_mlkr/causecap_c_r000_n25000,0.31505962,0.038578078,0.50912606,0.027148944,0.17581432,0.011429134,ml,w-none.g-high.v-none,100
policies/oracle_blob_value_n0,run_replay_cap_rho0_25k_mlkr/causecap_t_r000_n25000,0.31505962,0.038578078,0.50912606,0.027148944,0.17581432,0.011429134,ml,w-none.g-high.v-none,100
policies/oracle_blob_value_n0,run_replay_opc_25k_mlkr/opc_n25000_r0,0.33830398,0.035449969,0.52978928,0.028065808,0.13190674,0.0073841608,ml,w-none.g-high.v-none,100
run_blob_main_25k_mnq/blob_mnq_n25000,run_blob_main_25k_nq/blob_nq_n25000,0.82990866,-0.0045481288,0.044286635,-0.00056066139,0.12580471,-0.0039874674,ml,w-none.g-high.v-none,100
run_blob_main_25k_mnq/blob_mnq_n25000,run_replay_cap_rho0_25k_mlkr/causecap_c_r000_n25000,0.45749579,-0.0063715861,0.13400327,-0.0012756889,0.40850094,-0.0050958973,ml,w-none.g-high.v-none,100
run_blob_main_25k_mnq/blob_mnq_n25000,run_replay_cap_rho0_25k_mlkr/causecap_t_r000_n25000,0.45749579,-0.0063715861,0.13400327,-0.0012756889,0.40850094,-0.0050958973,ml,w-none.g-high.v-none,100
run_blob_main_25k_mnq/blob_mnq_n25000,run_replay_opc_25k_mlkr/opc_n25000_r0,0.52803452,-0.0094996955,0.14138675,-0.0019547998,0.33057873,-0.0075448957,ml,w-none.g-high.v-none,100
run_blob_main_25k_nq/blob_nq_n25000,run_replay_cap_rho0_25k_mlkr/causecap_c_r000_n25000,0.50322244,-0.0018234574,0.1474417,-0.00071731051,0.34933586,-0.0011061469,ml,w-none.g-high.v-none,100
run_blob_main_25k_nq/blob_nq_n25000,run_replay_cap_rho0_25k_mlkr/causecap_t_r000_n25000,0.50322244,-0.0018234574,0.1474417,-0.00071731051,0.34933586,-0.0011061469,ml,w-none.g-high.v-none,100
run_blob_main_25k_nq/blob_nq_n25000,run_replay_opc_25k_mlkr/opc_n25000_r0,0.56601146,-0.0049515668,0.16419186,-0.0010268033,0.26979668,-0.0039247634,ml,w-none.g-high.v-none,100
run_replay_cap_rho0_25k_mlkr/causecap_c_r000_n25000,run_replay_cap_rho0_25k_mlkr/causecap_t_r000_n25000,1,0,0,0,0,0,ml,w-none.g-high.v-none,100
run_replay_cap_rho0_25k_mlkr/causecap_c_r000_n25000,run_replay_opc_25k_mlkr/opc_n25000_r0,0.5463594,-0.0031281094,0.27284079,-0.0021243641,0.1807998,-0.0010037453,ml,w-none.g-high.v-none,100
run_replay_cap_rho0_25k_mlkr/causecap_t_r000_n25000,run_replay_opc_25k_mlkr/opc_n25000_r0,0.5463594,-0.0031281094,0.27284079,-0.0021243641,0.1807998,-0.0010037453,ml,w-none.g-high.v-none,100
blob_prior_mean,logger,0.89413967,0.00093278743,0.10586033,0.00093278743,0,0,ml,w-none.g-high.v-none,101
blob_prior_mean,policies/oracle_affine_bilinear_likelihood_n0,0.31394604,-0.034914023,0.015560019,-0.00097199411,0.67049394,-0.033942028,ml,w-none.g-high.v-none,101
blob_prior_mean,policies/oracle_affine_bilinear_value_n0,0.26878012,-0.051955829,0.016452664,-0.0010042842,0.71476721,-0.050951545,ml,w-none.g-high.v-none,101
blob_prior_mean,policies/oracle_bilinear_likelihood_n0,0.3269944,-0.030762193,0.018768116,-0.00097406741,0.65423748,-0.029788126,ml,w-none.g-high.v-none,101
blob_prior_mean,policies/oracle_bilinear_value_n0,0.26957762,-0.05070904,0.016350161,-0.0009683256,0.71407222,-0.049740714,ml,w-none.g-high.v-none,101
blob_prior_mean,policies/oracle_blob_likelihood_n0,0.27883761,-0.036347195,0.014225385,-0.00080163273,0.706937,-0.035545562,ml,w-none.g-high.v-none,101
blob_prior_mean,policies/oracle_blob_value_n0,0.26586172,-0.05293983,0.017085309,-0.0010998266,0.71705298,-0.051840003,ml,w-none.g-high.v-none,101
blob_prior_mean,run_blob_main_25k_mnq/blob_mnq_n25000,0.78555173,-0.0020074496,0.03370382,-0.00026029941,0.18074445,-0.0017471502,ml,w-none.g-high.v-none,101
blob_prior_mean,run_blob_main_25k_nq/blob_nq_n25000,0.74307732,-0.0058222483,0.031484134,-0.00072141697,0.22543855,-0.0051008313,ml,w-none.g-high.v-none,101
blob_prior_mean,run_replay_cap_rho0_25k_mlkr/causecap_c_r000_n25000,0.50731169,-0.01595522,0.025980186,-0.00052960358,0.46670812,-0.015425616,ml,w-none.g-high.v-none,101
blob_prior_mean,run_replay_cap_rho0_25k_mlkr/causecap_t_r000_n25000,0.50733793,-0.015955054,0.025980186,-0.00052960358,0.46668188,-0.01542545,ml,w-none.g-high.v-none,101
blob_prior_mean,run_replay_opc_25k_mlkr/opc_n25000_r0,0.49194168,-0.016724641,0.025842322,-0.00073150967,0.482216,-0.015993131,ml,w-none.g-high.v-none,101
logger,policies/oracle_affine_bilinear_likelihood_n0,0.30308457,-0.03584681,0,0,0.69691543,-0.03584681,ml,w-none.g-high.v-none,101
logger,policies/oracle_affine_bilinear_value_n0,0.26604208,-0.052888616,0,0,0.73395792,-0.052888616,ml,w-none.g-high.v-none,101
logger,policies/oracle_bilinear_likelihood_n0,0.31843437,-0.031694981,0,0,0.68156563,-0.031694981,ml,w-none.g-high.v-none,101
logger,policies/oracle_bilinear_value_n0,0.26660887,-0.051641827,0,0,0.73339113,-0.051641827,ml,w-none.g-high.v-none,101
logger,policies/oracle_blob_likelihood_n0,0.27018263,-0.037279982,0,0,0.72981737,-0.037279982,ml,w-none.g-high.v-none,101
logger,policies/oracle_blob_value_n0,0.26436968,-0.053872618,0,0,0.73563032,-0.053872618,ml,w-none.g-high.v-none,101
logger,run_blob_main_25k_mnq/blob_mnq_n25000,0.75970879,-0.0029402371,0,0,0.24029121,-0.0029402371,ml,w-none.g-high.v-none,101
logger,run_blob_main_25k_nq/blob_nq_n25000,0.71957356,-0.0067550357,0,0,0.28042644,-0.0067550357,ml,w-none.g-high.v-none,101
logger,run_replay_cap_rho0_25k_mlkr/causecap_c_r000_n25000,0.4960305,-0.016888007,0,0,0.5039695,-0.016888007,ml,w-none.g-high.v-none,101
logger,run_replay_cap_rho0_25k_mlkr/causecap_t_r000_n25000,0.49605674,-0.016887841,0,0,0.50394326,-0.016887841,ml,w-none.g-high.v-none,101
logger,run_replay_opc_25k_mlkr/opc_n25000_r0,0.48073639,-0.017657428,0,0,0.51926361,-0.017657428,ml,w-none.g-high.v-none,101
policies/oracle_affine_bilinear_likelihood_n0,policies/oracle_affine_bilinear_value_n0,0.51719459,-0.017041806,0.18766687,-0.0068936172,0.29513854,-0.010148189,ml,w-none.g-high.v-none,101
policies/oracle_affine_bilinear_likelihood_n0,policies/oracle_bilinear_likelihood_n0,0.80016077,0.0041518293,0.11645817,0.0016461527,0.083381061,0.0025056766,ml,w-none.g-high.v-none,101
policies/oracle_affine_bilinear_likelihood_n0,policies/oracle_bilinear_value_n0,0.51497763,-0.015795017,0.19043193,-0.0065094936,0.29459044,-0.0092855234,ml,w-none.g-high.v-none,101
policies/oracle_affine_bilinear_likelihood_n0,policies/oracle_blob_likelihood_n0,0.68415378,-0.0014331725,0.10877934,-0.0033516756,0.20706688,0.0019185031,ml,w-none.g-high.v-none,101
policies/oracle_affine_bilinear_likelihood_n0,policies/oracle_blob_value_n0,0.50644683,-0.018025808,0.19196276,-0.007467847,0.30159042,-0.01055796,ml,w-none.g-high.v-none,101
policies/oracle_affine_bilinear_likelihood_n0,run_blob_main_25k_mnq/blob_mnq_n25000,0.32090538,0.032906573,0.62259825,0.030478242,0.056496368,0.0024283311,ml,w-none.g-high.v-none,101
policies/oracle_affine_bilinear_likelihood_n0,run_blob_main_25k_nq/blob_nq_n25000,0.3443631,0.029091774,0.59192211,0.026428276,0.063714785,0.0026634978,ml,w-none.g-high.v-none,101
policies/oracle_affine_bilinear_likelihood_n0,run_replay_cap_rho0_25k_mlkr/causecap_c_r000_n25000,0.4288273,0.018958803,0.43531577,0.013484791,0.13585693,0.0054740115,ml,w-none.g-high.v-none,101
policies/oracle_affine_bilinear_likelihood_n0,run_replay_cap_rho0_25k_mlkr/causecap_t_r000_n25000,0.4288273,0.018958969,0.43534201,0.013483952,0.13583069,0.005475017,ml,w-none.g-high.v-none,101
policies/oracle_affine_bilinear_likelihood_n0,run_replay_opc_25k_mlkr/opc_n25000_r0,0.41343191,0.018189382,0.4355624,0.012973991,0.1510057,0.0052153909,ml,w-none.g-high.v-none,101
policies/oracle_affine_bilinear_value_n0,policies/oracle_bilinear_likelihood_n0,0.47433651,0.021193636,0.33365372,0.012830013,0.19200977,0.0083636221,ml,w-none.g-high.v-none,101
policies/oracle_affine_bilinear_value_n0,policies/oracle_bilinear_value_n0,0.93380221,0.0012467892,0.035144196,0.00063183044,0.03105359,0.00061495877,ml,w-none.g-high.v-none,101
policies/oracle_affine_bilinear_value_n0,policies/oracle_blob_likelihood_n0,0.50203098,0.015608634,0.25707008,0.0062556745,0.24089894,0.0093529593,ml,w-none.g-high.v-none,101
policies/oracle_affine_bilinear_value_n0,policies/oracle_blob_value_n0,0.9202995,-0.00098400131,0.038137648,-0.00050982675,0.041562848,-0.00047417456,ml,w-none.g-high.v-none,101
policies/oracle_affine_bilinear_value_n0,run_blob_main_25k_mnq/blob_mnq_n25000,0.28117951,0.049948379,0.67069118,0.047488923,0.048129313,0.0024594561,ml,w-none.g-high.v-none,101
policies/oracle_affine_bilinear_value_n0,run_blob_main_25k_nq/blob_nq_n25000,0.30027169,0.04613358,0.64537724,0.043217546,0.054351072,0.0029160348,ml,w-none.g-high.v-none,101
policies/oracle_affine_bilinear_value_n0,run_replay_cap_rho0_25k_mlkr/causecap_c_r000_n25000,0.38429741,0.036000609,0.49928722,0.029005252,0.11641537,0.0069953572,ml,w-none.g-high.v-none,101
policies/oracle_affine_bilinear_value_n0,run_replay_cap_rho0_25k_mlkr/causecap_t_r000_n25000,0.38429741,0.036000775,0.49931346,0.029005618,0.11638913,0.0069951566,ml,w-none.g-high.v-none,101
policies/oracle_affine_bilinear_value_n0,run_replay_opc_25k_mlkr/opc_n25000_r0,0.38048375,0.035231188,0.4988754,0.028406146,0.12064085,0.0068250423,ml,w-none.g-high.v-none,101
policies/oracle_bilinear_likelihood_n0,policies/oracle_bilinear_value_n0,0.47923063,-0.019946846,0.19006745,-0.0079795221,0.33070192,-0.011967324,ml,w-none.g-high.v-none,101
policies/oracle_bilinear_likelihood_n0,policies/oracle_blob_likelihood_n0,0.63994953,-0.0055850018,0.11721325,-0.0048148494,0.24283722,-0.00077015241,ml,w-none.g-high.v-none,101
policies/oracle_bilinear_likelihood_n0,policies/oracle_blob_value_n0,0.46935701,-0.022177637,0.1926593,-0.0088051138,0.33798369,-0.013372523,ml,w-none.g-high.v-none,101
policies/oracle_bilinear_likelihood_n0,run_blob_main_25k_mnq/blob_mnq_n25000,0.33380562,0.028754744,0.60402036,0.026248661,0.062174024,0.0025060824,ml,w-none.g-high.v-none,101
policies/oracle_bilinear_likelihood_n0,run_blob_main_25k_nq/blob_nq_n25000,0.35363378,0.024939945,0.5735713,0.022186202,0.072794922,0.0027537432,ml,w-none.g-high.v-none,101
policies/oracle_bilinear_likelihood_n0,run_replay_cap_rho0_25k_mlkr/causecap_c_r000_n25000,0.43740114,0.014806974,0.41511825,0.0096023705,0.14748061,0.0052046032,ml,w-none.g-high.v-none,101
policies/oracle_bilinear_likelihood_n0,run_replay_cap_rho0_25k_mlkr/causecap_t_r000_n25000,0.4373749,0.01480714,0.41514449,0.0096025364,0.14748061,0.0052046032,ml,w-none.g-high.v-none,101
policies/oracle_bilinear_likelihood_n0,run_replay_opc_25k_mlkr/opc_n25000_r0,0.40028476,0.014037552,0.42628761,0.0094979788,0.17342763,0.0045395735,ml,w-none.g-high.v-none,101
policies/oracle_bilinear_value_n0,policies/oracle_blob_likelihood_n0,0.49649046,0.014361845,0.2591809,0.005613779,0.24432863,0.0087480655,ml,w-none.g-high.v-none,101
policies/oracle_bilinear_value_n0,policies/oracle_blob_value_n0,0.90051512,-0.0022307905,0.045866781,-0.001039713,0.053618097,-0.0011910775,ml,w-none.g-high.v-none,101
policies/oracle_bilinear_value_n0,run_blob_main_25k_mnq/blob_mnq_n25000,0.2833452,0.04870159,0.66898683,0.046293521,0.047667965,0.002408069,ml,w-none.g-high.v-none,101
policies/oracle_bilinear_value_n0,run_blob_main_25k_nq/blob_nq_n25000,0.30379652,0.044886791,0.64206832,0.042053319,0.054135158,0.0028334722,ml,w-none.g-high.v-none,101
policies/oracle_bilinear_value_n0,run_replay_cap_rho0_25k_mlkr/causecap_c_r000_n25000,0.38260844,0.03475382,0.49793781,0.028054456,0.11945375,0.006699364,ml,w-none.g-high.v-none,101
policies/oracle_bilinear_value_n0,run_replay_cap_rho0_25k_mlkr/causecap_t_r000_n25000,0.38260844,0.034753986,0.49796405,0.028054822,0.11942751,0.0066991635,ml,w-none.g-high.v-none,101
policies/oracle_bilinear_value_n0,run_replay_opc_25k_mlkr/opc_n25000_r0,0.3820847,0.033984399,0.49720816,0.027482325,0.12070714,0.0065020738,ml,w-none.g-high.v-none,101
policies/oracle_blob_likelihood_n0,policies/oracle_blob_value_n0,0.49843374,-0.016592635,0.24183188,-0.0099136269,0.25973438,-0.0066790082,ml,w-none.g-high.v-none,101
policies/oracle_blob_likelihood_n0,run_blob_main_25k_mnq/blob_mnq_n25000,0.28948361,0.034339745,0.66401744,0.032149982,0.046498951,0.0021897629,ml,w-none.g-high.v-none,101
policies/oracle_blob_likelihood_n0,run_blob_main_25k_nq/blob_nq_n25000,0.30741225,0.030524947,0.63868006,0.02785908,0.053907697,0.0026658666,ml,w-none.g-high.v-none,101
policies/oracle_blob_likelihood_n0,run_replay_cap_rho0_25k_mlkr/causecap_c_r000_n25000,0.38440391,0.020391975,0.49524324,0.014384966,0.12035285,0.0060070096,ml,w-none.g-high.v-none,101
policies/oracle_blob_likelihood_n0,run_replay_cap_rho0_25k_mlkr/causecap_t_r000_n25000,0.38440391,0.020392141,0.49524324,0.014385132,0.12035285,0.0060070096,ml,w-none.g-high.v-none,101
policies/oracle_blob_likelihood_n0,run_replay_opc_25k_mlkr/opc_n25000_r0,0.36403729,0.019622554,0.50409189,0.013667351,0.13187083,0.0059552031,ml,w-none.g-high.v-none,101
policies/oracle_blob_value_n0,run_blob_main_25k_mnq/blob_mnq_n25000,0.27963844,0.05093238,0.6719898,0.048400046,0.048371751,0.0025323344,ml,w-none.g-high.v-none,101
policies/oracle_blob_value_n0,run_blob_main_25k_nq/blob_nq_n25000,0.29760558,0.047117582,0.64768108,0.04409926,0.054713334,0.0030183222,ml,w-none.g-high.v-none,101
policies/oracle_blob_value_n0,run_replay_cap_rho0_25k_mlkr/causecap_c_r000_n25000,0.37567086,0.036984611,0.50572941,0.029796385,0.11859973,0.0071882253,ml,w-none.g-high.v-none,101
policies/oracle_blob_value_n0,run_replay_cap_rho0_25k_mlkr/causecap_t_r000_n25000,0.37567086,0.036984776,0.50575565,0.029796752,0.11857349,0.0071880247,ml,w-none.g-high.v-none,101
policies/oracle_blob_value_n0,run_replay_opc_25k_mlkr/opc_n25000_r0,0.3709796,0.036215189,0.50576878,0.029097808,0.12325161,0.0071173815,ml,w-none.g-high.v-none,101
run_blob_main_25k_mnq/blob_mnq_n25000,run_blob_main_25k_nq/blob_nq_n25000,0.89364658,-0.0038147987,0.025733069,-0.00068343208,0.080620348,-0.0031313666,ml,w-none.g-high.v-none,101
run_blob_main_25k_mnq/blob_mnq_n25000,run_replay_cap_rho0_25k_mlkr/causecap_c_r000_n25000,0.5406594,-0.01394777,0.067847368,-0.0013964611,0.39149323,-0.012551309,ml,w-none.g-high.v-none,101
run_blob_main_25k_mnq/blob_mnq_n25000,run_replay_cap_rho0_25k_mlkr/causecap_t_r000_n25000,0.54068564,-0.013947604,0.067847368,-0.0013964611,0.39146699,-0.012551143,ml,w-none.g-high.v-none,101
run_blob_main_25k_mnq/blob_mnq_n25000,run_replay_opc_25k_mlkr/opc_n25000_r0,0.54109707,-0.014717191,0.055249427,-0.0014534304,0.4036535,-0.013263761,ml,w-none.g-high.v-none,101
run_blob_main_25k_nq/blob_nq_n25000,run_replay_cap_rho0_25k_mlkr/causecap_c_r000_n25000,0.59227105,-0.010132971,0.064059989,-0.0010513301,0.34366896,-0.0090816412,ml,w-none.g-high.v-none,101
run_blob_main_25k_nq/blob_nq_n25000,run_replay_cap_rho0_25k_mlkr/causecap_t_r000_n25000,0.59229729,-0.010132805,0.064059989,-0.0010513301,0.34364272,-0.0090814752,ml,w-none.g-high.v-none,101
run_blob_main_25k_nq/blob_nq_n25000,run_replay_opc_25k_mlkr/opc_n25000_r0,0.58128012,-0.010902393,0.060771466,-0.0014648259,0.35794841,-0.0094375666,ml,w-none.g-high.v-none,101
run_replay_cap_rho0_25k_mlkr/causecap_c_r000_n25000,run_replay_cap_rho0_25k_mlkr/causecap_t_r000_n25000,0.99997376,1.6592521e-07,2.6239947e-05,1.6592521e-07,0,0,ml,w-none.g-high.v-none,101
run_replay_cap_rho0_25k_mlkr/causecap_c_r000_n25000,run_replay_opc_25k_mlkr/opc_n25000_r0,0.62386283,-0.00076942129,0.1775895,0.00042695111,0.19854766,-0.0011963724,ml,w-none.g-high.v-none,101
run_replay_cap_rho0_25k_mlkr/causecap_t_r000_n25000,run_replay_opc_25k_mlkr/opc_n25000_r0,0.62388907,-0.00076958721,0.17756326,0.00042678519,0.19854766,-0.0011963724,ml,w-none.g-high.v-none,101
blob_prior_mean,logger,0.90242218,-0.00022926552,0.097577823,-0.00022926552,0,0,ml,w-none.g-none.v-high,100
blob_prior_mean,policies/oracle_affine_bilinear_likelihood_n0,0.31043708,-0.030830707,0.020394324,-0.00092822307,0.66916859,-0.029902484,ml,w-none.g-none.v-high,100
blob_prior_mean,policies/oracle_affine_bilinear_value_n0,0.18557011,-0.05333881,0.013367572,-0.0010267943,0.80106232,-0.052312015,ml,w-none.g-none.v-high,100
blob_prior_mean,policies/oracle_bilinear_likelihood_n0,0.33162589,-0.027321403,0.023776999,-0.00087716622,0.64459711,-0.026444237,ml,w-none.g-none.v-high,100
blob_prior_mean,policies/oracle_bilinear_value_n0,0.18607128,-0.052735152,0.012745796,-0.00097079388,0.80118292,-0.051764358,ml,w-none.g-none.v-high,100
blob_prior_mean,policies/oracle_blob_likelihood_n0,0.22761488,-0.036167675,0.017567393,-0.0010921926,0.75481773,-0.035075483,ml,w-none.g-none.v-high,100
blob_prior_mean,policies/oracle_blob_value_n0,0.18601193,-0.054110064,0.012879023,-0.0010074429,0.80110904,-0.053102621,ml,w-none.g-none.v-high,100
blob_prior_mean,run_blob_main_25k_mnq/blob_mnq_n25000,0.76064463,-0.0098538568,0.030080736,-0.00082704986,0.20927463,-0.0090268069,ml,w-none.g-none.v-high,100
blob_prior_mean,run_blob_main_25k_nq/blob_nq_n25000,0.70915175,-0.012620553,0.020296168,-0.00069976303,0.27055209,-0.01192079,ml,w-none.g-none.v-high,100
blob_prior_mean,run_replay_cap_rho0_25k_mlkr/causecap_c_r000_n25000,0.494592,-0.015085537,0.028367896,-0.00082381492,0.4770401,-0.014261722,ml,w-none.g-none.v-high,100
blob_prior_mean,run_replay_cap_rho0_25k_mlkr/causecap_t_r000_n25000,0.494592,-0.015085537,0.028367896,-0.00082381492,0.4770401,-0.014261722,ml,w-none.g-none.v-high,100
blob_prior_mean,run_replay_opc_25k_mlkr/opc_n25000_r0,0.52737002,-0.015491438,0.025128405,-0.001238995,0.44750158,-0.014252443,ml,w-none.g-none.v-high,100
logger,policies/oracle_affine_bilinear_likelihood_n0,0.31060139,-0.030601441,0,0,0.68939861,-0.030601441,ml,w-none.g-none.v-high,100
logger,policies/oracle_affine_bilinear_value_n0,0.18390813,-0.053109544,0,0,0.81609187,-0.053109544,ml,w-none.g-none.v-high,100
logger,policies/oracle_bilinear_likelihood_n0,0.33683131,-0.027092138,0,0,0.66316869,-0.027092138,ml,w-none.g-none.v-high,100
logger,policies/oracle_bilinear_value_n0,0.18442651,-0.052505887,0,0,0.81557349,-0.052505887,ml,w-none.g-none.v-high,100
logger,policies/oracle_blob_likelihood_n0,0.2288525,-0.03593841,0,0,0.7711475,-0.03593841,ml,w-none.g-none.v-high,100
logger,policies/oracle_blob_value_n0,0.18409845,-0.053880798,0,0,0.81590155,-0.053880798,ml,w-none.g-none.v-high,100
logger,run_blob_main_25k_mnq/blob_mnq_n25000,0.73734686,-0.0096245913,0,0,0.26265314,-0.0096245913,ml,w-none.g-none.v-high,100
logger,run_blob_main_25k_nq/blob_nq_n25000,0.675493,-0.012391287,0,0,0.324507,-0.012391287,ml,w-none.g-none.v-high,100
logger,run_replay_cap_rho0_25k_mlkr/causecap_c_r000_n25000,0.48950466,-0.014856271,0,0,0.51049534,-0.014856271,ml,w-none.g-none.v-high,100
logger,run_replay_cap_rho0_25k_mlkr/causecap_t_r000_n25000,0.48950466,-0.014856271,0,0,0.51049534,-0.014856271,ml,w-none.g-none.v-high,100
logger,run_replay_opc_25k_mlkr/opc_n25000_r0,0.51535868,-0.015262173,0,0,0.48464132,-0.015262173,ml,w-none.g-none.v-high,100
policies/oracle_affine_bilinear_likelihood_n0,policies/oracle_affine_bilinear_value_n0,0.41286727,-0.022508103,0.13134853,-0.0051039613,0.4557842,-0.017404141,ml,w-none.g-none.v-high,100
policies/oracle_affine_bilinear_likelihood_n0,policies/oracle_bilinear_likelihood_n0,0.80360149,0.0035093037,0.12156329,0.0015821184,0.074835221,0.0019271853,ml,w-none.g-none.v-high,100
policies/oracle_affine_bilinear_likelihood_n0,policies/oracle_bilinear_value_n0,0.41273444,-0.021904445,0.13102592,-0.0049090821,0.45623965,-0.016995363,ml,w-none.g-none.v-high,100
policies/oracle_affine_bilinear_likelihood_n0,policies/oracle_blob_likelihood_n0,0.55004237,-0.0053369682,0.11631232,-0.0029551449,0.3336453,-0.0023818233,ml,w-none.g-none.v-high,100
policies/oracle_affine_bilinear_likelihood_n0,policies/oracle_blob_value_n0,0.40403999,-0.023279357,0.13164862,-0.005156691,0.46431139,-0.018122666,ml,w-none.g-none.v-high,100
policies/oracle_affine_bilinear_likelihood_n0,run_blob_main_25k_mnq/blob_mnq_n25000,0.37316964,0.02097685,0.57746016,0.019593294,0.049370198,0.0013835566,ml,w-none.g-none.v-high,100
policies/oracle_affine_bilinear_likelihood_n0,run_blob_main_25k_nq/blob_nq_n25000,0.39313557,0.018210154,0.54341664,0.016473912,0.063447792,0.0017362421,ml,w-none.g-none.v-high,100
policies/oracle_affine_bilinear_likelihood_n0,run_replay_cap_rho0_25k_mlkr/causecap_c_r000_n25000,0.43378473,0.01574517,0.43065516,0.011601395,0.13556011,0.004143775,ml,w-none.g-none.v-high,100
policies/oracle_affine_bilinear_likelihood_n0,run_replay_cap_rho0_25k_mlkr/causecap_t_r000_n25000,0.43378473,0.01574517,0.43065516,0.011601395,0.13556011,0.004143775,ml,w-none.g-none.v-high,100
policies/oracle_affine_bilinear_likelihood_n0,run_replay_opc_25k_mlkr/opc_n25000_r0,0.41663947,0.015339269,0.44704723,0.012051275,0.1363133,0.0032879943,ml,w-none.g-none.v-high,100
policies/oracle_affine_bilinear_value_n0,policies/oracle_bilinear_likelihood_n0,0.3735261,0.026017406,0.49893398,0.020091753,0.12753993,0.0059256534,ml,w-none.g-none.v-high,100
policies/oracle_affine_bilinear_value_n0,policies/oracle_bilinear_value_n0,0.96557405,0.00060365726,0.017909203,0.00027672206,0.016516747,0.00032693519,ml,w-none.g-none.v-high,100
policies/oracle_affine_bilinear_value_n0,policies/oracle_blob_likelihood_n0,0.415288,0.017171134,0.34911904,0.0075524778,0.23559296,0.0096186565,ml,w-none.g-none.v-high,100
policies/oracle_affine_bilinear_value_n0,policies/oracle_blob_value_n0,0.95320722,-0.00077125427,0.020211458,-0.00037846411,0.026581322,-0.00039279016,ml,w-none.g-none.v-high,100
policies/oracle_affine_bilinear_value_n0,run_blob_main_25k_mnq/blob_mnq_n25000,0.23744661,0.043484953,0.73378616,0.041977615,0.028767232,0.0015073379,ml,w-none.g-none.v-high,100
policies/oracle_affine_bilinear_value_n0,run_blob_main_25k_nq/blob_nq_n25000,0.26361695,0.040718257,0.70218828,0.038632525,0.034194777,0.0020857323,ml,w-none.g-none.v-high,100
policies/oracle_affine_bilinear_value_n0,run_replay_cap_rho0_25k_mlkr/causecap_c_r000_n25000,0.28345343,0.038253273,0.6340375,0.033702467,0.08250906,0.0045508057,ml,w-none.g-none.v-high,100
policies/oracle_affine_bilinear_value_n0,run_replay_cap_rho0_25k_mlkr/causecap_t_r000_n25000,0.28345343,0.038253273,0.6340375,0.033702467,0.08250906,0.0045508057,ml,w-none.g-none.v-high,100
policies/oracle_affine_bilinear_value_n0,run_replay_opc_25k_mlkr/opc_n25000_r0,0.27894297,0.037847371,0.64399548,0.034043408,0.077061552,0.0038039632,ml,w-none.g-none.v-high,100
policies/oracle_bilinear_likelihood_n0,policies/oracle_bilinear_value_n0,0.37351069,-0.025413749,0.12855723,-0.0058220269,0.49793208,-0.019591722,ml,w-none.g-none.v-high,100
policies/oracle_bilinear_likelihood_n0,policies/oracle_blob_likelihood_n0,0.51767763,-0.0088462719,0.11115275,-0.0045564087,0.37116962,-0.0042898632,ml,w-none.g-none.v-high,100
policies/oracle_bilinear_likelihood_n0,policies/oracle_blob_value_n0,0.36878449,-0.026788661,0.1271405,-0.0060963594,0.50407501,-0.020692301,ml,w-none.g-none.v-high,100
policies/oracle_bilinear_likelihood_n0,run_blob_main_25k_mnq/blob_mnq_n25000,0.39139303,0.017467547,0.5552855,0.016248043,0.053321475,0.001219504,ml,w-none.g-none.v-high,100
policies/oracle_bilinear_likelihood_n0,run_blob_main_25k_nq/blob_nq_n25000,0.40691368,0.014700851,0.52356443,0.013405042,0.069521891,0.001295809,ml,w-none.g-none.v-high,100
policies/oracle_bilinear_likelihood_n0,run_replay_cap_rho0_25k_mlkr/causecap_c_r000_n25000,0.44946999,0.012235866,0.40099394,0.0086482685,0.14953607,0.0035875978,ml,w-none.g-none.v-high,100
policies/oracle_bilinear_likelihood_n0,run_replay_cap_rho0_25k_mlkr/causecap_t_r000_n25000,0.44946999,0.012235866,0.40099394,0.0086482685,0.14953607,0.0035875978,ml,w-none.g-none.v-high,100
policies/oracle_bilinear_likelihood_n0,run_replay_opc_25k_mlkr/opc_n25000_r0,0.41908232,0.011829965,0.42654052,0.0090978,0.15437716,0.0027321652,ml,w-none.g-none.v-high,100
policies/oracle_bilinear_value_n0,policies/oracle_blob_likelihood_n0,0.41284626,0.016567477,0.34982606,0.0071572507,0.23732768,0.0094102264,ml,w-none.g-none.v-high,100
policies/oracle_bilinear_value_n0,policies/oracle_blob_value_n0,0.93990252,-0.0013749115,0.026893081,-0.00070515904,0.033204395,-0.00066975248,ml,w-none.g-none.v-high,100
policies/oracle_bilinear_value_n0,run_blob_main_25k_mnq/blob_mnq_n25000,0.23589767,0.042881296,0.73445241,0.04137091,0.029649918,0.0015103853,ml,w-none.g-none.v-high,100
policies/oracle_bilinear_value_n0,run_blob_main_25k_nq/blob_nq_n25000,0.26153894,0.0401146,0.70358291,0.03807614,0.034878142,0.0020384596,ml,w-none.g-none.v-high,100
policies/oracle_bilinear_value_n0,run_replay_cap_rho0_25k_mlkr/causecap_c_r000_n25000,0.28317563,0.037649615,0.63503638,0.0332629,0.081787995,0.0043867154,ml,w-none.g-none.v-high,100
policies/oracle_bilinear_value_n0,run_replay_cap_rho0_25k_mlkr/causecap_t_r000_n25000,0.28317563,0.037649615,0.63503638,0.0332629,0.081787995,0.0043867154,ml,w-none.g-none.v-high,100
policies/oracle_bilinear_value_n0,run_replay_opc_25k_mlkr/opc_n25000_r0,0.27906743,0.037243714,0.64440991,0.033563063,0.076522658,0.003680651,ml,w-none.g-none.v-high,100
policies/oracle_blob_likelihood_n0,policies/oracle_blob_value_n0,0.41224196,-0.017942389,0.23675421,-0.0098059109,0.35100383,-0.0081364777,ml,w-none.g-none.v-high,100
policies/oracle_blob_likelihood_n0,run_blob_main_25k_mnq/blob_mnq_n25000,0.29647151,0.026313818,0.67026613,0.025087053,0.033262361,0.0012267658,ml,w-none.g-none.v-high,100
policies/oracle_blob_likelihood_n0,run_blob_main_25k_nq/blob_nq_n25000,0.31782833,0.023547123,0.63847862,0.021743135,0.043693049,0.0018039873,ml,w-none.g-none.v-high,100
policies/oracle_blob_likelihood_n0,run_replay_cap_rho0_25k_mlkr/causecap_c_r000_n25000,0.33696575,0.021082138,0.56151425,0.016503724,0.10151999,0.0045784138,ml,w-none.g-none.v-high,100
policies/oracle_blob_likelihood_n0,run_replay_cap_rho0_25k_mlkr/causecap_t_r000_n25000,0.33696575,0.021082138,0.56151425,0.016503724,0.10151999,0.0045784138,ml,w-none.g-none.v-high,100
policies/oracle_blob_likelihood_n0,run_replay_opc_25k_mlkr/opc_n25000_r0,0.31622773,0.020676237,0.57627841,0.016054391,0.10749386,0.0046218464,ml,w-none.g-none.v-high,100
policies/oracle_blob_value_n0,run_blob_main_25k_mnq/blob_mnq_n25000,0.23842997,0.044256207,0.73317873,0.042730138,0.028391297,0.0015260695,ml,w-none.g-none.v-high,100
policies/oracle_blob_value_n0,run_blob_main_25k_nq/blob_nq_n25000,0.26412111,0.041489511,0.70217425,0.039374972,0.033704642,0.0021145388,ml,w-none.g-none.v-high,100
policies/oracle_blob_value_n0,run_replay_cap_rho0_25k_mlkr/causecap_c_r000_n25000,0.28017518,0.039024527,0.63771929,0.03447737,0.082105528,0.004547157,ml,w-none.g-none.v-high,100
policies/oracle_blob_value_n0,run_replay_cap_rho0_25k_mlkr/causecap_t_r000_n25000,0.28017518,0.039024527,0.63771929,0.03447737,0.082105528,0.004547157,ml,w-none.g-none.v-high,100
policies/oracle_blob_value_n0,run_replay_opc_25k_mlkr/opc_n25000_r0,0.27657487,0.038618626,0.64608453,0.034678551,0.0773406,0.0039400743,ml,w-none.g-none.v-high,100
run_blob_main_25k_mnq/blob_mnq_n25000,run_blob_main_25k_nq/blob_nq_n25000,0.89361136,-0.0027666959,0.015235393,-6.2359972e-05,0.091153245,-0.0027043359,ml,w-none.g-none.v-high,100
run_blob_main_25k_mnq/blob_mnq_n25000,run_replay_cap_rho0_25k_mlkr/causecap_c_r000_n25000,0.60171561,-0.0052316802,0.052634808,0.0001633157,0.34564958,-0.0053949959,ml,w-none.g-none.v-high,100
run_blob_main_25k_mnq/blob_mnq_n25000,run_replay_cap_rho0_25k_mlkr/causecap_t_r000_n25000,0.60171561,-0.0052316802,0.052634808,0.0001633157,0.34564958,-0.0053949959,ml,w-none.g-none.v-high,100
run_blob_main_25k_mnq/blob_mnq_n25000,run_replay_opc_25k_mlkr/opc_n25000_r0,0.58997126,-0.0056375813,0.071662167,-0.00024045015,0.33836657,-0.0053971312,ml,w-none.g-none.v-high,100
run_blob_main_25k_nq/blob_nq_n25000,run_replay_cap_rho0_25k_mlkr/causecap_c_r000_n25000,0.64291804,-0.0024649843,0.068383498,0.00033041697,0.28869847,-0.0027954012,ml,w-none.g-none.v-high,100
run_blob_main_25k_nq/blob_nq_n25000,run_replay_cap_rho0_25k_mlkr/causecap_t_r000_n25000,0.64291804,-0.0024649843,0.068383498,0.00033041697,0.28869847,-0.0027954012,ml,w-none.g-none.v-high,100
run_blob_main_25k_nq/blob_nq_n25000,run_replay_opc_25k_mlkr/opc_n25000_r0,0.61725264,-0.0028708854,0.090825396,5.5365551e-05,0.29192196,-0.002926251,ml,w-none.g-none.v-high,100
run_replay_cap_rho0_25k_mlkr/causecap_c_r000_n25000,run_replay_cap_rho0_25k_mlkr/causecap_t_r000_n25000,1,0,0,0,0,0,ml,w-none.g-none.v-high,100
run_replay_cap_rho0_25k_mlkr/causecap_c_r000_n25000,run_replay_opc_25k_mlkr/opc_n25000_r0,0.63538763,-0.00040590114,0.19448213,-0.0002086778,0.17013024,-0.00019722334,ml,w-none.g-none.v-high,100
run_replay_cap_rho0_25k_mlkr/causecap_t_r000_n25000,run_replay_opc_25k_mlkr/opc_n25000_r0,0.63538763,-0.00040590114,0.19448213,-0.0002086778,0.17013024,-0.00019722334,ml,w-none.g-none.v-high,100
blob_prior_mean,logger,0.90048627,0.0012837397,0.099513734,0.0012837397,0,0,ml,w-none.g-none.v-high,101
blob_prior_mean,policies/oracle_affine_bilinear_likelihood_n0,0.32908408,-0.029102591,0.023221062,-0.00076826508,0.64769486,-0.028334326,ml,w-none.g-none.v-high,101
blob_prior_mean,policies/oracle_affine_bilinear_value_n0,0.2459016,-0.046825573,0.013407932,-0.00069949046,0.74069047,-0.046126082,ml,w-none.g-none.v-high,101
blob_prior_mean,policies/oracle_bilinear_likelihood_n0,0.36688115,-0.024979778,0.028119074,-0.00070759656,0.60499977,-0.024272182,ml,w-none.g-none.v-high,101
blob_prior_mean,policies/oracle_bilinear_value_n0,0.24783692,-0.046294359,0.013399338,-0.0006789937,0.73876374,-0.045615365,ml,w-none.g-none.v-high,101
blob_prior_mean,policies/oracle_blob_likelihood_n0,0.25238255,-0.028586048,0.015393364,-0.0007948197,0.73222409,-0.027791228,ml,w-none.g-none.v-high,101
blob_prior_mean,policies/oracle_blob_value_n0,0.24550915,-0.047495027,0.012999156,-0.00066755759,0.7414917,-0.046827469,ml,w-none.g-none.v-high,101
blob_prior_mean,run_blob_main_25k_mnq/blob_mnq_n25000,0.79895923,-0.0080404212,0.027747666,-0.00078837891,0.1732931,-0.0072520423,ml,w-none.g-none.v-high,101
blob_prior_mean,run_blob_main_25k_nq/blob_nq_n25000,0.73324555,-0.0098465712,0.02511197,-0.00081463372,0.24164249,-0.0090319375,ml,w-none.g-none.v-high,101
blob_prior_mean,run_replay_cap_rho0_25k_mlkr/causecap_c_r000_n25000,0.5285349,-0.012682228,0.025012573,-0.00078248909,0.44645253,-0.011899739,ml,w-none.g-none.v-high,101
blob_prior_mean,run_replay_cap_rho0_25k_mlkr/causecap_t_r000_n25000,0.5285349,-0.012682228,0.025012573,-0.00078248909,0.44645253,-0.011899739,ml,w-none.g-none.v-high,101
blob_prior_mean,run_replay_opc_25k_mlkr/opc_n25000_r0,0.51203631,-0.012473327,0.028572211,-0.00093168235,0.45939148,-0.011541645,ml,w-none.g-none.v-high,101
logger,policies/oracle_affine_bilinear_likelihood_n0,0.32815001,-0.030386331,0,0,0.67184999,-0.030386331,ml,w-none.g-none.v-high,101
logger,policies/oracle_affine_bilinear_value_n0,0.24143738,-0.048109312,0,0,0.75856262,-0.048109312,ml,w-none.g-none.v-high,101
logger,policies/oracle_bilinear_likelihood_n0,0.374135,-0.026263518,0,0,0.625865,-0.026263518,ml,w-none.g-none.v-high,101
logger,policies/oracle_bilinear_value_n0,0.24386566,-0.047578098,0,0,0.75613434,-0.047578098,ml,w-none.g-none.v-high,101
logger,policies/oracle_blob_likelihood_n0,0.24850112,-0.029869788,0,0,0.75149888,-0.029869788,ml,w-none.g-none.v-high,101
logger,policies/oracle_blob_value_n0,0.24166369,-0.048778767,0,0,0.75833631,-0.048778767,ml,w-none.g-none.v-high,101
logger,run_blob_main_25k_mnq/blob_mnq_n25000,0.77020479,-0.0093241608,0,0,0.22979521,-0.0093241608,ml,w-none.g-none.v-high,101
logger,run_blob_main_25k_nq/blob_nq_n25000,0.70456947,-0.011130311,0,0,0.29543053,-0.011130311,ml,w-none.g-none.v-high,101
logger,run_replay_cap_rho0_25k_mlkr/causecap_c_r000_n25000,0.5178007,-0.013965968,0,0,0.4821993,-0.013965968,ml,w-none.g-none.v-high,101
logger,run_replay_cap_rho0_25k_mlkr/causecap_t_r000_n25000,0.5178007,-0.013965968,0,0,0.4821993,-0.013965968,ml,w-none.g-none.v-high,101
logger,run_replay_opc_25k_mlkr/opc_n25000_r0,0.50079194,-0.013757067,0,0,0.49920806,-0.013757067,ml,w-none.g-none.v-high,101
policies/oracle_affine_bilinear_likelihood_n0,policies/oracle_affine_bilinear_value_n0,0.49590735,-0.017722981,0.14914111,-0.0056914959,0.35495154,-0.012031485,ml,w-none.g-none.v-high,101
policies/oracle_affine_bilinear_likelihood_n0,policies/oracle_bilinear_likelihood_n0,0.77838314,0.0041228131,0.15208318,0.0028916003,0.069533683,0.0012312128,ml,w-none.g-none.v-high,101
policies/oracle_affine_bilinear_likelihood_n0,policies/oracle_bilinear_value_n0,0.49642386,-0.017191768,0.15056795,-0.0056338672,0.35300819,-0.0115579,ml,w-none.g-none.v-high,101
policies/oracle_affine_bilinear_likelihood_n0,policies/oracle_blob_likelihood_n0,0.59778412,0.00051654326,0.10478868,-0.0026668948,0.2974272,0.003183438,ml,w-none.g-none.v-high,101
policies/oracle_affine_bilinear_likelihood_n0,policies/oracle_blob_value_n0,0.49235991,-0.018392436,0.15031154,-0.0060274985,0.35732854,-0.012364937,ml,w-none.g-none.v-high,101
policies/oracle_affine_bilinear_likelihood_n0,run_blob_main_25k_mnq/blob_mnq_n25000,0.39713504,0.02106217,0.56025106,0.020236778,0.042613903,0.00082539255,ml,w-none.g-none.v-high,101
policies/oracle_affine_bilinear_likelihood_n0,run_blob_main_25k_nq/blob_nq_n25000,0.41960508,0.01925602,0.5218367,0.017819818,0.058558218,0.0014362025,ml,w-none.g-none.v-high,101
policies/oracle_affine_bilinear_likelihood_n0,run_replay_cap_rho0_25k_mlkr/causecap_c_r000_n25000,0.47200625,0.016420363,0.40315355,0.012871885,0.1248402,0.0035484775,ml,w-none.g-none.v-high,101
policies/oracle_affine_bilinear_likelihood_n0,run_replay_cap_rho0_25k_mlkr/causecap_t_r000_n25000,0.47200625,0.016420363,0.40315355,0.012871885,0.1248402,0.0035484775,ml,w-none.g-none.v-high,101
policies/oracle_affine_bilinear_likelihood_n0,run_replay_opc_25k_mlkr/opc_n25000_r0,0.41359926,0.016629264,0.43513649,0.012899883,0.15126425,0.0037293812,ml,w-none.g-none.v-high,101
policies/oracle_affine_bilinear_value_n0,policies/oracle_bilinear_likelihood_n0,0.4491358,0.021845794,0.41677329,0.016456426,0.13409091,0.0053893686,ml,w-none.g-none.v-high,101
policies/oracle_affine_bilinear_value_n0,policies/oracle_bilinear_value_n0,0.97378209,0.00053121367,0.015483107,0.00025419458,0.010734802,0.00027701908,ml,w-none.g-none.v-high,101
policies/oracle_affine_bilinear_value_n0,policies/oracle_blob_likelihood_n0,0.45447603,0.018239525,0.2675237,0.0061196791,0.27800028,0.012119845,ml,w-none.g-none.v-high,101
policies/oracle_affine_bilinear_value_n0,policies/oracle_blob_value_n0,0.96561908,-0.00066945447,0.013953465,-0.00029714716,0.020427453,-0.0003723073,ml,w-none.g-none.v-high,101
policies/oracle_affine_bilinear_value_n0,run_blob_main_25k_mnq/blob_mnq_n25000,0.31056315,0.038785151,0.66427784,0.037461952,0.025159011,0.0013231992,ml,w-none.g-none.v-high,101
policies/oracle_affine_bilinear_value_n0,run_blob_main_25k_nq/blob_nq_n25000,0.33323569,0.036979001,0.63089647,0.034878866,0.03586784,0.0021001357,ml,w-none.g-none.v-high,101
policies/oracle_affine_bilinear_value_n0,run_replay_cap_rho0_25k_mlkr/causecap_c_r000_n25000,0.37843774,0.034143344,0.52973191,0.028174449,0.091830348,0.0059688949,ml,w-none.g-none.v-high,101
policies/oracle_affine_bilinear_value_n0,run_replay_cap_rho0_25k_mlkr/causecap_t_r000_n25000,0.37843774,0.034143344,0.52973191,0.028174449,0.091830348,0.0059688949,ml,w-none.g-none.v-high,101
policies/oracle_affine_bilinear_value_n0,run_replay_opc_25k_mlkr/opc_n25000_r0,0.34265275,0.034352245,0.55267531,0.028409047,0.10467194,0.0059431977,ml,w-none.g-none.v-high,101
policies/oracle_bilinear_likelihood_n0,policies/oracle_bilinear_value_n0,0.45172616,-0.021314581,0.13498819,-0.0054179909,0.41328565,-0.01589659,ml,w-none.g-none.v-high,101
policies/oracle_bilinear_likelihood_n0,policies/oracle_blob_likelihood_n0,0.5512083,-0.0036062699,0.089033475,-0.0032591031,0.35975823,-0.00034716674,ml,w-none.g-none.v-high,101
policies/oracle_bilinear_likelihood_n0,policies/oracle_blob_value_n0,0.44774222,-0.022515249,0.13352649,-0.005596375,0.4187313,-0.016918874,ml,w-none.g-none.v-high,101
policies/oracle_bilinear_likelihood_n0,run_blob_main_25k_mnq/blob_mnq_n25000,0.42213186,0.016939357,0.52184061,0.016657044,0.056027534,0.00028231252,ml,w-none.g-none.v-high,101
policies/oracle_bilinear_likelihood_n0,run_blob_main_25k_nq/blob_nq_n25000,0.43372301,0.015133207,0.48817282,0.014624555,0.078104175,0.00050865154,ml,w-none.g-none.v-high,101
policies/oracle_bilinear_likelihood_n0,run_replay_cap_rho0_25k_mlkr/causecap_c_r000_n25000,0.46660082,0.01229755,0.37105987,0.0095185234,0.16233931,0.0027790265,ml,w-none.g-none.v-high,101
policies/oracle_bilinear_likelihood_n0,run_replay_cap_rho0_25k_mlkr/causecap_t_r000_n25000,0.46660082,0.01229755,0.37105987,0.0095185234,0.16233931,0.0027790265,ml,w-none.g-none.v-high,101
policies/oracle_bilinear_likelihood_n0,run_replay_opc_25k_mlkr/opc_n25000_r0,0.40213299,0.012506451,0.39985971,0.009510218,0.1980073,0.0029962327,ml,w-none.g-none.v-high,101
policies/oracle_bilinear_value_n0,policies/oracle_blob_likelihood_n0,0.45320329,0.017708311,0.26825668,0.0057469345,0.27854003,0.011961376,ml,w-none.g-none.v-high,101
policies/oracle_bilinear_value_n0,policies/oracle_blob_value_n0,0.95542475,-0.0012006681,0.016873535,-0.00049934723,0.027701712,-0.00070132091,ml,w-none.g-none.v-high,101
policies/oracle_bilinear_value_n0,run_blob_main_25k_mnq/blob_mnq_n25000,0.31231315,0.038253938,0.66230946,0.036971173,0.02537739,0.0012827646,ml,w-none.g-none.v-high,101
policies/oracle_bilinear_value_n0,run_blob_main_25k_nq/blob_nq_n25000,0.33511188,0.036447788,0.62862118,0.034388944,0.036266938,0.0020588437,ml,w-none.g-none.v-high,101
policies/oracle_bilinear_value_n0,run_replay_cap_rho0_25k_mlkr/causecap_c_r000_n25000,0.38190878,0.033612131,0.52698307,0.027737364,0.091108153,0.0058747668,ml,w-none.g-none.v-high,101
policies/oracle_bilinear_value_n0,run_replay_cap_rho0_25k_mlkr/causecap_t_r000_n25000,0.38190878,0.033612131,0.52698307,0.027737364,0.091108153,0.0058747668,ml,w-none.g-none.v-high,101
policies/oracle_bilinear_value_n0,run_replay_opc_25k_mlkr/opc_n25000_r0,0.34582131,0.033821031,0.549682,0.027957088,0.10449669,0.0058639437,ml,w-none.g-none.v-high,101
policies/oracle_blob_likelihood_n0,policies/oracle_blob_value_n0,0.45216363,-0.018908979,0.27583797,-0.012535092,0.27199841,-0.0063738869,ml,w-none.g-none.v-high,101
policies/oracle_blob_likelihood_n0,run_blob_main_25k_mnq/blob_mnq_n25000,0.32167323,0.020545627,0.6532536,0.019638393,0.025073165,0.00090723402,ml,w-none.g-none.v-high,101
policies/oracle_blob_likelihood_n0,run_blob_main_25k_nq/blob_nq_n25000,0.33638365,0.018739477,0.62124569,0.016814743,0.042370666,0.0019247336,ml,w-none.g-none.v-high,101
policies/oracle_blob_likelihood_n0,run_replay_cap_rho0_25k_mlkr/causecap_c_r000_n25000,0.37505774,0.01590382,0.52320081,0.011399227,0.10174145,0.0045045926,ml,w-none.g-none.v-high,101
policies/oracle_blob_likelihood_n0,run_replay_cap_rho0_25k_mlkr/causecap_t_r000_n25000,0.37505774,0.01590382,0.52320081,0.011399227,0.10174145,0.0045045926,ml,w-none.g-none.v-high,101
policies/oracle_blob_likelihood_n0,run_replay_opc_25k_mlkr/opc_n25000_r0,0.32675567,0.016112721,0.55527775,0.010933334,0.11796659,0.0051793863,ml,w-none.g-none.v-high,101
policies/oracle_blob_value_n0,run_blob_main_25k_mnq/blob_mnq_n25000,0.30954393,0.039454606,0.66550497,0.038117818,0.024951103,0.0013367875,ml,w-none.g-none.v-high,101
policies/oracle_blob_value_n0,run_blob_main_25k_nq/blob_nq_n25000,0.33227533,0.037648456,0.63252213,0.035544,0.035202542,0.0021044556,ml,w-none.g-none.v-high,101
policies/oracle_blob_value_n0,run_replay_cap_rho0_25k_mlkr/causecap_c_r000_n25000,0.37728891,0.034812799,0.53180289,0.028728068,0.090908196,0.0060847311,ml,w-none.g-none.v-high,101
policies/oracle_blob_value_n0,run_replay_cap_rho0_25k_mlkr/causecap_t_r000_n25000,0.37728891,0.034812799,0.53180289,0.028728068,0.090908196,0.0060847311,ml,w-none.g-none.v-high,101
policies/oracle_blob_value_n0,run_replay_opc_25k_mlkr/opc_n25000_r0,0.34249401,0.0350217,0.55457665,0.029008174,0.10292935,0.0060135258,ml,w-none.g-none.v-high,101
run_blob_main_25k_mnq/blob_mnq_n25000,run_blob_main_25k_nq/blob_nq_n25000,0.89778761,-0.00180615,0.012685264,2.5318931e-05,0.089527128,-0.001831469,ml,w-none.g-none.v-high,101
run_blob_main_25k_mnq/blob_mnq_n25000,run_replay_cap_rho0_25k_mlkr/causecap_c_r000_n25000,0.63560595,-0.0046418071,0.034678347,-4.1202104e-05,0.3297157,-0.004600605,ml,w-none.g-none.v-high,101
run_blob_main_25k_mnq/blob_mnq_n25000,run_replay_cap_rho0_25k_mlkr/causecap_t_r000_n25000,0.63560595,-0.0046418071,0.034678347,-4.1202104e-05,0.3297157,-0.004600605,ml,w-none.g-none.v-high,101
run_blob_main_25k_mnq/blob_mnq_n25000,run_replay_opc_25k_mlkr/opc_n25000_r0,0.57684377,-0.0044329062,0.059534774,0.0004595762,0.36362146,-0.0048924824,ml,w-none.g-none.v-high,101
run_blob_main_25k_nq/blob_nq_n25000,run_replay_cap_rho0_25k_mlkr/causecap_c_r000_n25000,0.68432857,-0.002835657,0.045897774,0.00010032828,0.26977365,-0.0029359853,ml,w-none.g-none.v-high,101
run_blob_main_25k_nq/blob_nq_n25000,run_replay_cap_rho0_25k_mlkr/causecap_t_r000_n25000,0.68432857,-0.002835657,0.045897774,0.00010032828,0.26977365,-0.0029359853,ml,w-none.g-none.v-high,101
run_blob_main_25k_nq/blob_nq_n25000,run_replay_opc_25k_mlkr/opc_n25000_r0,0.61837458,-0.0026267562,0.075467251,0.0008254562,0.30615817,-0.0034522124,ml,w-none.g-none.v-high,101
run_replay_cap_rho0_25k_mlkr/causecap_c_r000_n25000,run_replay_cap_rho0_25k_mlkr/causecap_t_r000_n25000,1,0,0,0,0,0,ml,w-none.g-none.v-high,101
run_replay_cap_rho0_25k_mlkr/causecap_c_r000_n25000,run_replay_opc_25k_mlkr/opc_n25000_r0,0.62067528,0.00020890086,0.18917987,0.0010400845,0.19014485,-0.00083118359,ml,w-none.g-none.v-high,101
run_replay_cap_rho0_25k_mlkr/causecap_t_r000_n25000,run_replay_opc_25k_mlkr/opc_n25000_r0,0.62067528,0.00020890086,0.18917987,0.0010400845,0.19014485,-0.00083118359,ml,w-none.g-none.v-high,101
blob_prior_mean,logger,0.85286484,-0.00094353091,0.14713516,-0.00094353091,0,0,anime,high,100
blob_prior_mean,policies/oracle_affine_bilinear_likelihood_n0,0.040079841,-0.073512813,0.0052791129,-0.00052312453,0.95464105,-0.072989689,anime,high,100
blob_prior_mean,policies/oracle_affine_bilinear_value_n0,0.016322788,-0.10996677,0.0026398125,-0.0003792281,0.9810374,-0.10958754,anime,high,100
blob_prior_mean,policies/oracle_bilinear_likelihood_n0,0.054180487,-0.067836789,0.0065448243,-0.0005999018,0.93927469,-0.067236887,anime,high,100
blob_prior_mean,policies/oracle_bilinear_value_n0,0.016359266,-0.10886342,0.0025835558,-0.00037038611,0.98105718,-0.10849303,anime,high,100
blob_prior_mean,policies/oracle_blob_likelihood_n0,0.017004735,-0.097841385,0.0024898119,-0.00032636135,0.98050545,-0.097515023,anime,high,100
blob_prior_mean,policies/oracle_blob_value_n0,0.015583147,-0.11062932,0.0024663154,-0.00036450497,0.98195054,-0.11026482,anime,high,100
blob_prior_mean,run_blob_main_25k_mnq/blob_mnq_n25000,0.80061056,-0.0061531759,0.04750625,-0.0013287167,0.15188319,-0.0048244593,anime,high,100
blob_prior_mean,run_blob_main_25k_nq/blob_nq_n25000,0.79048555,-0.0071320885,0.048662602,-0.0015343087,0.16085184,-0.0055977798,anime,high,100
blob_prior_mean,run_replay_cap_rho0_25k_anime/causecap_c_r000_n25000,0.17925532,-0.046021525,0.021699661,-0.001085694,0.79904502,-0.044935831,anime,high,100
blob_prior_mean,run_replay_cap_rho0_25k_anime/causecap_t_r000_n25000,0.25958942,-0.042133394,0.03179293,-0.0014860816,0.70861765,-0.040647313,anime,high,100
blob_prior_mean,run_replay_opc_25k_anime/opc_n25000_r0,0.20361675,-0.047915731,0.027083099,-0.0013376636,0.76930015,-0.046578067,anime,high,100
logger,policies/oracle_affine_bilinear_likelihood_n0,0.040445346,-0.072569282,0,0,0.95955465,-0.072569282,anime,high,100
logger,policies/oracle_affine_bilinear_value_n0,0.017402462,-0.10902324,0,0,0.98259754,-0.10902324,anime,high,100
logger,policies/oracle_bilinear_likelihood_n0,0.054488678,-0.066893258,0,0,0.94551132,-0.066893258,anime,high,100
logger,policies/oracle_bilinear_value_n0,0.017383126,-0.10791989,0,0,0.98261687,-0.10791989,anime,high,100
logger,policies/oracle_blob_likelihood_n0,0.017643249,-0.096897854,0,0,0.98235675,-0.096897854,anime,high,100
logger,policies/oracle_blob_value_n0,0.016560323,-0.10968579,0,0,0.98343968,-0.10968579,anime,high,100
logger,run_blob_main_25k_mnq/blob_mnq_n25000,0.75998944,-0.005209645,0,0,0.24001056,-0.005209645,anime,high,100
logger,run_blob_main_25k_nq/blob_nq_n25000,0.7533148,-0.0061885576,0,0,0.2466852,-0.0061885576,anime,high,100
logger,run_replay_cap_rho0_25k_anime/causecap_c_r000_n25000,0.18503472,-0.045077994,0,0,0.81496528,-0.045077994,anime,high,100
logger,run_replay_cap_rho0_25k_anime/causecap_t_r000_n25000,0.26986048,-0.041189864,0,0,0.73013952,-0.041189864,anime,high,100
logger,run_replay_opc_25k_anime/opc_n25000_r0,0.21160358,-0.0469722,0,0,0.78839642,-0.0469722,anime,high,100
policies/oracle_affine_bilinear_likelihood_n0,policies/oracle_affine_bilinear_value_n0,0.14888125,-0.036453956,0.25327855,-0.013366798,0.59784019,-0.023087158,anime,high,100
policies/oracle_affine_bilinear_likelihood_n0,policies/oracle_bilinear_likelihood_n0,0.57418627,0.0056760244,0.26876607,0.0019947166,0.15704767,0.0036813077,anime,high,100
policies/oracle_affine_bilinear_likelihood_n0,policies/oracle_bilinear_value_n0,0.14517379,-0.035350608,0.25675344,-0.012852841,0.59807277,-0.022497767,anime,high,100
policies/oracle_affine_bilinear_likelihood_n0,policies/oracle_blob_likelihood_n0,0.17507408,-0.024328572,0.27201871,-0.011383714,0.55290722,-0.012944858,anime,high,100
policies/oracle_affine_bilinear_likelihood_n0,policies/oracle_blob_value_n0,0.14524763,-0.037116508,0.2556076,-0.013596382,0.59914477,-0.023520127,anime,high,100
policies/oracle_affine_bilinear_likelihood_n0,run_blob_main_25k_mnq/blob_mnq_n25000,0.056544375,0.067359637,0.93776905,0.067126923,0.0056865738,0.00023271366,anime,high,100
policies/oracle_affine_bilinear_likelihood_n0,run_blob_main_25k_nq/blob_nq_n25000,0.059836804,0.066380725,0.9342181,0.066156384,0.0059450998,0.00022434079,anime,high,100
policies/oracle_affine_bilinear_likelihood_n0,run_replay_cap_rho0_25k_anime/causecap_c_r000_n25000,0.19430325,0.027491288,0.68693976,0.021412108,0.118757,0.0060791807,anime,high,100
policies/oracle_affine_bilinear_likelihood_n0,run_replay_cap_rho0_25k_anime/causecap_t_r000_n25000,0.16914455,0.031379419,0.77063335,0.028484271,0.060222101,0.0028951471,anime,high,100
policies/oracle_affine_bilinear_likelihood_n0,run_replay_opc_25k_anime/opc_n25000_r0,0.19570381,0.025597082,0.70333137,0.022843744,0.10096482,0.0027533384,anime,high,100
policies/oracle_affine_bilinear_value_n0,policies/oracle_bilinear_likelihood_n0,0.11323678,0.04212998,0.65902281,0.028431333,0.22774041,0.013698647,anime,high,100
policies/oracle_affine_bilinear_value_n0,policies/oracle_bilinear_value_n0,0.91097301,0.0011033476,0.046669683,0.00051173612,0.042357302,0.00059161148,anime,high,100
policies/oracle_affine_bilinear_value_n0,policies/oracle_blob_likelihood_n0,0.31256348,0.012125384,0.37869051,0.0045974662,0.30874601,0.0075279177,anime,high,100
policies/oracle_affine_bilinear_value_n0,policies/oracle_blob_value_n0,0.88553539,-0.00066255281,0.057858748,-0.00032494211,0.056605867,-0.0003376107,anime,high,100
policies/oracle_affine_bilinear_value_n0,run_blob_main_25k_mnq/blob_mnq_n25000,0.024070285,0.10381359,0.97332263,0.10356416,0.0026070808,0.00024943048,anime,high,100
policies/oracle_affine_bilinear_value_n0,run_blob_main_25k_nq/blob_nq_n25000,0.026467368,0.10283468,0.97106763,0.10264025,0.0024650047,0.00019443439,anime,high,100
policies/oracle_affine_bilinear_value_n0,run_replay_cap_rho0_25k_anime/causecap_c_r000_n25000,0.07207204,0.063945244,0.84973282,0.056288624,0.078195144,0.0076566202,anime,high,100
policies/oracle_affine_bilinear_value_n0,run_replay_cap_rho0_25k_anime/causecap_t_r000_n25000,0.063234092,0.067833374,0.90076227,0.064588343,0.036003638,0.0032450309,anime,high,100
policies/oracle_affine_bilinear_value_n0,run_replay_opc_25k_anime/opc_n25000_r0,0.090443422,0.062051038,0.85339174,0.057774615,0.056164838,0.0042764234,anime,high,100
policies/oracle_bilinear_likelihood_n0,policies/oracle_bilinear_value_n0,0.11377743,-0.041026632,0.22886721,-0.013467542,0.65735536,-0.02755909,anime,high,100
policies/oracle_bilinear_likelihood_n0,policies/oracle_blob_likelihood_n0,0.16119974,-0.030004596,0.22960105,-0.011809378,0.60919921,-0.018195218,anime,high,100
policies/oracle_bilinear_likelihood_n0,policies/oracle_blob_value_n0,0.11350518,-0.042792533,0.22804289,-0.013953808,0.65845194,-0.028838725,anime,high,100
policies/oracle_bilinear_likelihood_n0,run_blob_main_25k_mnq/blob_mnq_n25000,0.067820819,0.061683613,0.9226283,0.061240273,0.0095508828,0.00044334009,anime,high,100
policies/oracle_bilinear_likelihood_n0,run_blob_main_25k_nq/blob_nq_n25000,0.071634898,0.0607047,0.91901444,0.060320265,0.0093506629,0.00038443493,anime,high,100
policies/oracle_bilinear_likelihood_n0,run_replay_cap_rho0_25k_anime/causecap_c_r000_n25000,0.19390207,0.021815264,0.64904862,0.015682955,0.15704931,0.0061323093,anime,high,100
policies/oracle_bilinear_likelihood_n0,run_replay_cap_rho0_25k_anime/causecap_t_r000_n25000,0.16758924,0.025703394,0.74013191,0.022300917,0.092278844,0.0034024769,anime,high,100
policies/oracle_bilinear_likelihood_n0,run_replay_opc_25k_anime/opc_n25000_r0,0.18387288,0.019921058,0.67623384,0.016941298,0.13989328,0.0029797602,anime,high,100
policies/oracle_bilinear_value_n0,policies/oracle_blob_likelihood_n0,0.307692,0.011022036,0.3794587,0.0040617065,0.31284929,0.0069603298,anime,high,100
policies/oracle_bilinear_value_n0,policies/oracle_blob_value_n0,0.89693989,-0.0017659004,0.049573632,-0.00092078138,0.053486479,-0.00084511904,anime,high,100
policies/oracle_bilinear_value_n0,run_blob_main_25k_mnq/blob_mnq_n25000,0.024074551,0.10271025,0.97332213,0.10248254,0.0026033235,0.0002277008,anime,high,100
policies/oracle_bilinear_value_n0,run_blob_main_25k_nq/blob_nq_n25000,0.026706981,0.10173133,0.97096841,0.10156001,0.0023246094,0.00017131788,anime,high,100
policies/oracle_bilinear_value_n0,run_replay_cap_rho0_25k_anime/causecap_c_r000_n25000,0.072326305,0.062841896,0.84974301,0.055349342,0.077930683,0.0074925544,anime,high,100
policies/oracle_bilinear_value_n0,run_replay_cap_rho0_25k_anime/causecap_t_r000_n25000,0.063126494,0.066730027,0.90087098,0.063580213,0.036002531,0.0031498132,anime,high,100
policies/oracle_bilinear_value_n0,run_replay_opc_25k_anime/opc_n25000_r0,0.090945768,0.06094769,0.85342306,0.056842767,0.055631171,0.0041049236,anime,high,100
policies/oracle_blob_likelihood_n0,policies/oracle_blob_value_n0,0.31005547,-0.012787937,0.31082514,-0.0078007645,0.37911939,-0.0049871722,anime,high,100
policies/oracle_blob_likelihood_n0,run_blob_main_25k_mnq/blob_mnq_n25000,0.024858575,0.091688209,0.97206726,0.091396867,0.0030741669,0.00029134225,anime,high,100
policies/oracle_blob_likelihood_n0,run_blob_main_25k_nq/blob_nq_n25000,0.02624545,0.090709296,0.97047536,0.090491898,0.0032791937,0.00021739813,anime,high,100
policies/oracle_blob_likelihood_n0,run_replay_cap_rho0_25k_anime/causecap_c_r000_n25000,0.069156385,0.05181986,0.8288368,0.043465103,0.10200681,0.0083547568,anime,high,100
policies/oracle_blob_likelihood_n0,run_replay_cap_rho0_25k_anime/causecap_t_r000_n25000,0.063555047,0.05570799,0.88728411,0.051944049,0.049160841,0.0037639415,anime,high,100
policies/oracle_blob_likelihood_n0,run_replay_opc_25k_anime/opc_n25000_r0,0.082930622,0.049925654,0.83774478,0.04510882,0.0793246,0.0048168344,anime,high,100
policies/oracle_blob_value_n0,run_blob_main_25k_mnq/blob_mnq_n25000,0.023170373,0.10447615,0.97427325,0.10423264,0.0025563747,0.00024351002,anime,high,100
policies/oracle_blob_value_n0,run_blob_main_25k_nq/blob_nq_n25000,0.025747965,0.10349723,0.9719188,0.10331755,0.0023332319,0.00017967929,anime,high,100
policies/oracle_blob_value_n0,run_replay_cap_rho0_25k_anime/causecap_c_r000_n25000,0.071133708,0.064607797,0.85061428,0.056988837,0.078252017,0.0076189596,anime,high,100
policies/oracle_blob_value_n0,run_replay_cap_rho0_25k_anime/causecap_t_r000_n25000,0.062551622,0.068495927,0.90157965,0.06528527,0.035868728,0.0032106572,anime,high,100
policies/oracle_blob_value_n0,run_replay_opc_25k_anime/opc_n25000_r0,0.089312146,0.062713591,0.85462951,0.058500461,0.056058342,0.0042131299,anime,high,100
run_blob_main_25k_mnq/blob_mnq_n25000,run_blob_main_25k_nq/blob_nq_n25000,0.86343955,-0.00097891255,0.063166473,0.00023793281,0.073393981,-0.0012168454,anime,high,100
run_blob_main_25k_mnq/blob_mnq_n25000,run_replay_cap_rho0_25k_anime/causecap_c_r000_n25000,0.21106389,-0.039868349,0.026643163,-0.00047953149,0.76229294,-0.039388817,anime,high,100
run_blob_main_25k_mnq/blob_mnq_n25000,run_replay_cap_rho0_25k_anime/causecap_t_r000_n25000,0.29340946,-0.035980219,0.040984053,-0.00065552826,0.66560649,-0.03532469,anime,high,100
run_blob_main_25k_mnq/blob_mnq_n25000,run_replay_opc_25k_anime/opc_n25000_r0,0.23735916,-0.041762555,0.033313811,-0.00059456111,0.72932703,-0.041167994,anime,high,100
run_blob_main_25k_nq/blob_nq_n25000,run_replay_cap_rho0_25k_anime/causecap_c_r000_n25000,0.21552596,-0.038889436,0.027363856,-0.00052051191,0.75711019,-0.038368924,anime,high,100
run_blob_main_25k_nq/blob_nq_n25000,run_replay_cap_rho0_25k_anime/causecap_t_r000_n25000,0.29825192,-0.035001306,0.042892572,-0.00065189876,0.65885551,-0.034349407,anime,high,100
run_blob_main_25k_nq/blob_nq_n25000,run_replay_opc_25k_anime/opc_n25000_r0,0.24385813,-0.040783642,0.033709662,-0.00053424568,0.72243221,-0.040249397,anime,high,100
run_replay_cap_rho0_25k_anime/causecap_c_r000_n25000,run_replay_cap_rho0_25k_anime/causecap_t_r000_n25000,0.70369997,0.0038881303,0.25811656,0.0038956535,0.038183465,-7.5232232e-06,anime,high,100
run_replay_cap_rho0_25k_anime/causecap_c_r000_n25000,run_replay_opc_25k_anime/opc_n25000_r0,0.55782279,-0.0018942061,0.25189499,0.00042868424,0.19028222,-0.0023228903,anime,high,100
run_replay_cap_rho0_25k_anime/causecap_t_r000_n25000,run_replay_opc_25k_anime/opc_n25000_r0,0.57748436,-0.0057823363,0.13143821,0.00061294697,0.29107743,-0.0063952833,anime,high,100
blob_prior_mean,logger,0.83746153,-0.00070585802,0.16253847,-0.00070585802,0,0,anime,high,101
blob_prior_mean,policies/oracle_affine_bilinear_likelihood_n0,0.032859531,-0.078908126,0.0045570687,-0.00044612972,0.9625834,-0.078461997,anime,high,101
blob_prior_mean,policies/oracle_affine_bilinear_value_n0,0.018919277,-0.10603797,0.0028909288,-0.00035436499,0.97818979,-0.1056836,anime,high,101
blob_prior_mean,policies/oracle_bilinear_likelihood_n0,0.037748674,-0.067819584,0.0052152282,-0.00047332579,0.9570361,-0.067346258,anime,high,101
blob_prior_mean,policies/oracle_bilinear_value_n0,0.018603646,-0.10419435,0.002754323,-0.00033032282,0.97864203,-0.10386403,anime,high,101
blob_prior_mean,policies/oracle_blob_likelihood_n0,0.015723417,-0.091517377,0.002419106,-0.0002860645,0.98185748,-0.091231313,anime,high,101
blob_prior_mean,policies/oracle_blob_value_n0,0.018944193,-0.10567979,0.0029576702,-0.00035791414,0.97809814,-0.10532187,anime,high,101
blob_prior_mean,run_blob_main_25k_mnq/blob_mnq_n25000,0.80212282,-0.007048523,0.047022528,-0.0014603745,0.15085465,-0.0055881485,anime,high,101
blob_prior_mean,run_blob_main_25k_nq/blob_nq_n25000,0.63714095,-0.0096088529,0.051392607,-0.0010366859,0.31146645,-0.008572167,anime,high,101
blob_prior_mean,run_replay_cap_rho0_25k_anime/causecap_c_r000_n25000,0.26504536,-0.040846097,0.035870308,-0.0016730987,0.69908433,-0.039172998,anime,high,101
blob_prior_mean,run_replay_cap_rho0_25k_anime/causecap_t_r000_n25000,0.26504668,-0.040848025,0.035869602,-0.0016730939,0.69908371,-0.039174931,anime,high,101
blob_prior_mean,run_replay_opc_25k_anime/opc_n25000_r0,0.2569426,-0.038951424,0.035164204,-0.0014712349,0.7078932,-0.037480189,anime,high,101
logger,policies/oracle_affine_bilinear_likelihood_n0,0.033277833,-0.078202268,0,0,0.96672217,-0.078202268,anime,high,101
logger,policies/oracle_affine_bilinear_value_n0,0.019294379,-0.10533211,0,0,0.98070562,-0.10533211,anime,high,101
logger,policies/oracle_bilinear_likelihood_n0,0.038094202,-0.067113726,0,0,0.9619058,-0.067113726,anime,high,101
logger,policies/oracle_bilinear_value_n0,0.018705294,-0.10348849,0,0,0.98129471,-0.10348849,anime,high,101
logger,policies/oracle_blob_likelihood_n0,0.016115285,-0.090811519,0,0,0.98388472,-0.090811519,anime,high,101
logger,policies/oracle_blob_value_n0,0.019332156,-0.10497393,0,0,0.98066784,-0.10497393,anime,high,101
logger,run_blob_main_25k_mnq/blob_mnq_n25000,0.74629244,-0.006342665,0,0,0.25370756,-0.006342665,anime,high,101
logger,run_blob_main_25k_nq/blob_nq_n25000,0.61302566,-0.0089029949,0,0,0.38697434,-0.0089029949,anime,high,101
logger,run_replay_cap_rho0_25k_anime/causecap_c_r000_n25000,0.27529891,-0.040140239,0,0,0.72470109,-0.040140239,anime,high,101
logger,run_replay_cap_rho0_25k_anime/causecap_t_r000_n25000,0.27529891,-0.040142167,0,0,0.72470109,-0.040142167,anime,high,101
logger,run_replay_opc_25k_anime/opc_n25000_r0,0.26717991,-0.038245566,0,0,0.73282009,-0.038245566,anime,high,101
policies/oracle_affine_bilinear_likelihood_n0,policies/oracle_affine_bilinear_value_n0,0.24246996,-0.02712984,0.30015294,-0.011941803,0.4573771,-0.015188037,anime,high,101
policies/oracle_affine_bilinear_likelihood_n0,policies/oracle_bilinear_likelihood_n0,0.53617925,0.011088542,0.25895459,0.0040282304,0.20486616,0.007060312,anime,high,101
policies/oracle_affine_bilinear_likelihood_n0,policies/oracle_bilinear_value_n0,0.23774825,-0.025286226,0.30603458,-0.011171196,0.45621717,-0.014115031,anime,high,101
policies/oracle_affine_bilinear_likelihood_n0,policies/oracle_blob_likelihood_n0,0.25493275,-0.012609251,0.29435739,-0.0071059182,0.45070986,-0.0055033329,anime,high,101
policies/oracle_affine_bilinear_likelihood_n0,policies/oracle_blob_value_n0,0.23563805,-0.02677166,0.30690872,-0.011912277,0.45745324,-0.014859383,anime,high,101
policies/oracle_affine_bilinear_likelihood_n0,run_blob_main_25k_mnq/blob_mnq_n25000,0.046344154,0.071859603,0.94807991,0.071509867,0.0055759322,0.0003497364,anime,high,101
policies/oracle_affine_bilinear_likelihood_n0,run_blob_main_25k_nq/blob_nq_n25000,0.052516854,0.069299273,0.93139035,0.068332077,0.016092793,0.00096719677,anime,high,101
policies/oracle_affine_bilinear_likelihood_n0,run_replay_cap_rho0_25k_anime/causecap_c_r000_n25000,0.13595862,0.03806203,0.83297282,0.036457512,0.031068561,0.0016045179,anime,high,101
policies/oracle_affine_bilinear_likelihood_n0,run_replay_cap_rho0_25k_anime/causecap_t_r000_n25000,0.13595862,0.038060102,0.83297282,0.036455584,0.031068561,0.0016045179,anime,high,101
policies/oracle_affine_bilinear_likelihood_n0,run_replay_opc_25k_anime/opc_n25000_r0,0.12214159,0.039956703,0.82566272,0.037323236,0.052195697,0.0026334667,anime,high,101
policies/oracle_affine_bilinear_value_n0,policies/oracle_bilinear_likelihood_n0,0.17377241,0.038218383,0.51777306,0.020896134,0.30845453,0.017322249,anime,high,101
policies/oracle_affine_bilinear_value_n0,policies/oracle_bilinear_value_n0,0.88559627,0.0018436138,0.06065395,0.00096276239,0.053749781,0.00088085142,anime,high,101
policies/oracle_affine_bilinear_value_n0,policies/oracle_blob_likelihood_n0,0.31021978,0.014520589,0.34957423,0.0063542379,0.34020599,0.0081663513,anime,high,101
policies/oracle_affine_bilinear_value_n0,policies/oracle_blob_value_n0,0.88766798,0.00035817996,0.060446246,0.00019324931,0.051885778,0.00016493065,anime,high,101
policies/oracle_affine_bilinear_value_n0,run_blob_main_25k_mnq/blob_mnq_n25000,0.026052888,0.098989444,0.97122007,0.098759772,0.0027270463,0.00022967131,anime,high,101
policies/oracle_affine_bilinear_value_n0,run_blob_main_25k_nq/blob_nq_n25000,0.029185303,0.096429114,0.96291378,0.095772389,0.0079009137,0.00065672486,anime,high,101
policies/oracle_affine_bilinear_value_n0,run_replay_cap_rho0_25k_anime/causecap_c_r000_n25000,0.076976921,0.06519187,0.89574696,0.063418951,0.027276117,0.0017729193,anime,high,101
policies/oracle_affine_bilinear_value_n0,run_replay_cap_rho0_25k_anime/causecap_t_r000_n25000,0.076976306,0.065189942,0.89574758,0.063417022,0.027276117,0.0017729193,anime,high,101
policies/oracle_affine_bilinear_value_n0,run_replay_opc_25k_anime/opc_n25000_r0,0.073869246,0.067086543,0.89167639,0.064390741,0.034454365,0.0026958021,anime,high,101
policies/oracle_bilinear_likelihood_n0,policies/oracle_bilinear_value_n0,0.17615335,-0.036374769,0.31052611,-0.016812365,0.51332054,-0.019562403,anime,high,101
policies/oracle_bilinear_likelihood_n0,policies/oracle_blob_likelihood_n0,0.22782321,-0.023697793,0.2817352,-0.012172982,0.49044158,-0.011524811,anime,high,101
policies/oracle_bilinear_likelihood_n0,policies/oracle_blob_value_n0,0.17444452,-0.037860203,0.31164372,-0.017380385,0.51391176,-0.020479818,anime,high,101
policies/oracle_bilinear_likelihood_n0,run_blob_main_25k_mnq/blob_mnq_n25000,0.048202516,0.060771061,0.94479329,0.060375249,0.0070041944,0.0003958122,anime,high,101
policies/oracle_bilinear_likelihood_n0,run_blob_main_25k_nq/blob_nq_n25000,0.052417086,0.058210731,0.92914845,0.057139728,0.018434465,0.0010710032,anime,high,101
policies/oracle_bilinear_likelihood_n0,run_replay_cap_rho0_25k_anime/causecap_c_r000_n25000,0.12185305,0.026973487,0.82690052,0.025394466,0.051246433,0.0015790217,anime,high,101
policies/oracle_bilinear_likelihood_n0,run_replay_cap_rho0_25k_anime/causecap_t_r000_n25000,0.12185243,0.026971559,0.82690113,0.025392537,0.051246433,0.0015790217,anime,high,101
policies/oracle_bilinear_likelihood_n0,run_replay_opc_25k_anime/opc_n25000_r0,0.10044296,0.02886816,0.82339928,0.026427072,0.076157757,0.0024410881,anime,high,101
policies/oracle_bilinear_value_n0,policies/oracle_blob_likelihood_n0,0.31116455,0.012676975,0.34639414,0.0054325345,0.34244131,0.0072444408,anime,high,101
policies/oracle_bilinear_value_n0,policies/oracle_blob_value_n0,0.9146515,-0.0014854338,0.043603598,-0.00076694305,0.041744907,-0.00071849079,anime,high,101
policies/oracle_bilinear_value_n0,run_blob_main_25k_mnq/blob_mnq_n25000,0.025456147,0.09714583,0.97175941,0.096918643,0.0027844427,0.00022718641,anime,high,101
policies/oracle_bilinear_value_n0,run_blob_main_25k_nq/blob_nq_n25000,0.029213943,0.0945855,0.96298265,0.09395065,0.0078034107,0.00063485031,anime,high,101
policies/oracle_bilinear_value_n0,run_replay_cap_rho0_25k_anime/causecap_c_r000_n25000,0.077067573,0.063348256,0.89479217,0.061674648,0.028140255,0.001673608,anime,high,101
policies/oracle_bilinear_value_n0,run_replay_cap_rho0_25k_anime/causecap_t_r000_n25000,0.077066958,0.063346328,0.89479279,0.06167272,0.028140255,0.001673608,anime,high,101
policies/oracle_bilinear_value_n0,run_replay_opc_25k_anime/opc_n25000_r0,0.073522686,0.065242929,0.89074798,0.06260236,0.035729329,0.0026405696,anime,high,101
policies/oracle_blob_likelihood_n0,policies/oracle_blob_value_n0,0.31336164,-0.014162409,0.34223502,-0.0080263405,0.34440334,-0.0061360687,anime,high,101
policies/oracle_blob_likelihood_n0,run_blob_main_25k_mnq/blob_mnq_n25000,0.021167091,0.084468854,0.97583601,0.084193659,0.0029968998,0.00027519496,anime,high,101
policies/oracle_blob_likelihood_n0,run_blob_main_25k_nq/blob_nq_n25000,0.025647679,0.081908525,0.96678632,0.081271395,0.0075659975,0.00063712983,anime,high,101
policies/oracle_blob_likelihood_n0,run_replay_cap_rho0_25k_anime/causecap_c_r000_n25000,0.067232903,0.050671281,0.90548464,0.04894649,0.027282454,0.0017247911,anime,high,101
policies/oracle_blob_likelihood_n0,run_replay_cap_rho0_25k_anime/causecap_t_r000_n25000,0.067232903,0.050669353,0.90548472,0.048944562,0.027282382,0.0017247902,anime,high,101
policies/oracle_blob_likelihood_n0,run_replay_opc_25k_anime/opc_n25000_r0,0.056645065,0.052565954,0.89882863,0.049688143,0.044526305,0.0028778109,anime,high,101
policies/oracle_blob_value_n0,run_blob_main_25k_mnq/blob_mnq_n25000,0.025858609,0.098631264,0.97119842,0.098375196,0.0029429668,0.00025606733,anime,high,101
policies/oracle_blob_value_n0,run_blob_main_25k_nq/blob_nq_n25000,0.029363353,0.096070934,0.96256179,0.095415778,0.0080748593,0.00065515555,anime,high,101
policies/oracle_blob_value_n0,run_replay_cap_rho0_25k_anime/causecap_c_r000_n25000,0.077418152,0.06483369,0.89477719,0.063096671,0.027804657,0.0017370186,anime,high,101
policies/oracle_blob_value_n0,run_replay_cap_rho0_25k_anime/causecap_t_r000_n25000,0.077418152,0.064831762,0.89477719,0.063094743,0.027804657,0.0017370186,anime,high,101
policies/oracle_blob_value_n0,run_replay_opc_25k_anime/opc_n25000_r0,0.073604687,0.066728363,0.89069004,0.064040852,0.035705269,0.002687511,anime,high,101
run_blob_main_25k_mnq/blob_mnq_n25000,run_blob_main_25k_nq/blob_nq_n25000,0.71911395,-0.0025603298,0.056404304,0.00077198222,0.22448175,-0.0033323121,anime,high,101
run_blob_main_25k_mnq/blob_mnq_n25000,run_replay_cap_rho0_25k_anime/causecap_c_r000_n25000,0.31629124,-0.033797574,0.044537019,-0.00076698326,0.63917174,-0.03303059,anime,high,101
run_blob_main_25k_mnq/blob_mnq_n25000,run_replay_cap_rho0_25k_anime/causecap_t_r000_n25000,0.31628071,-0.033799502,0.044537019,-0.00076698326,0.63918227,-0.033032519,anime,high,101
run_blob_main_25k_mnq/blob_mnq_n25000,run_replay_opc_25k_anime/opc_n25000_r0,0.32402991,-0.031902901,0.035446098,-0.00068285275,0.64052399,-0.031220048,anime,high,101
run_blob_main_25k_nq/blob_nq_n25000,run_replay_cap_rho0_25k_anime/causecap_c_r000_n25000,0.32134512,-0.031237244,0.099732126,-0.0019163207,0.57892276,-0.029320923,anime,high,101
run_blob_main_25k_nq/blob_nq_n25000,run_replay_cap_rho0_25k_anime/causecap_t_r000_n25000,0.32134503,-0.031239172,0.099732126,-0.0019163207,0.57892285,-0.029322851,anime,high,101
run_blob_main_25k_nq/blob_nq_n25000,run_replay_opc_25k_anime/opc_n25000_r0,0.3249226,-0.029342571,0.089121727,-0.0015184589,0.58595567,-0.027824112,anime,high,101
run_replay_cap_rho0_25k_anime/causecap_c_r000_n25000,run_replay_cap_rho0_25k_anime/causecap_t_r000_n25000,0.99996909,-1.9281207e-06,1.9769824e-05,-1.4452356e-06,1.1142657e-05,-4.8288508e-07,anime,high,101
run_replay_cap_rho0_25k_anime/causecap_c_r000_n25000,run_replay_opc_25k_anime/opc_n25000_r0,0.51716814,0.0018946731,0.2182354,0.0046079384,0.26459647,-0.0027132654,anime,high,101
run_replay_cap_rho0_25k_anime/causecap_t_r000_n25000,run_replay_opc_25k_anime/opc_n25000_r0,0.51715708,0.0018966012,0.21824576,0.0046081809,0.26459715,-0.0027115797,anime,high,101
blob_prior_mean,logger,0.90836694,-0.00032151238,0.091633062,-0.00032151238,0,0,anime,none,100
blob_prior_mean,policies/oracle_affine_bilinear_likelihood_n0,0.90819772,-0.00032147106,0.091195828,-0.00032149924,0.00060645115,2.8185921e-08,anime,none,100
blob_prior_mean,policies/oracle_affine_bilinear_value_n0,0.90439111,-0.00028172019,0.077900469,-0.00030516125,0.01770842,2.344106e-05,anime,none,100
blob_prior_mean,policies/oracle_bilinear_likelihood_n0,0.9062559,-0.00030219818,0.083062806,-0.00031334335,0.010681295,1.1145163e-05,anime,none,100
blob_prior_mean,policies/oracle_bilinear_value_n0,0.89926862,-0.00020904413,0.069092008,-0.00028325031,0.031639373,7.4206178e-05,anime,none,100
blob_prior_mean,policies/oracle_blob_likelihood_n0,0.9084153,-0.00032148359,0.091092937,-0.0003214952,0.00049176556,1.1609241e-08,anime,none,100
blob_prior_mean,policies/oracle_blob_value_n0,0.89290041,-0.00021870946,0.073393681,-0.00029274965,0.033705909,7.4040192e-05,anime,none,100
blob_prior_mean,run_blob_main_25k_mnq/blob_mnq_n25000,0.98354927,1.7111281e-05,0.0064460518,-2.1435455e-05,0.010004679,3.8546737e-05,anime,none,100
blob_prior_mean,run_blob_main_25k_nq/blob_nq_n25000,0.82957098,0.001157081,0.025651165,-9.3758494e-05,0.14477786,0.0012508395,anime,none,100
blob_prior_mean,run_replay_cap_rho0_25k_anime/causecap_c_r000_n25000,0.61629318,0.0064727163,0.034379179,-0.00012652398,0.34932764,0.0065992403,anime,none,100
blob_prior_mean,run_replay_cap_rho0_25k_anime/causecap_t_r000_n25000,0.61625158,0.0064742916,0.034379179,-0.00012652398,0.34936924,0.0066008155,anime,none,100
blob_prior_mean,run_replay_opc_25k_anime/opc_n25000_r0,0.59780805,0.0083203205,0.026033185,-9.1960519e-05,0.37615876,0.008412281,anime,none,100
logger,policies/oracle_affine_bilinear_likelihood_n0,0.99884901,4.1322459e-08,0,0,0.0011509917,4.1322459e-08,anime,none,100
logger,policies/oracle_affine_bilinear_value_n0,0.96696056,3.9792184e-05,0,0,0.033039439,3.9792184e-05,anime,none,100
logger,policies/oracle_bilinear_likelihood_n0,0.97955488,1.9314195e-05,0,0,0.020445125,1.9314195e-05,anime,none,100
logger,policies/oracle_bilinear_value_n0,0.94444089,0.00011246825,0,0,0.05555911,0.00011246825,anime,none,100
logger,policies/oracle_blob_likelihood_n0,0.9988294,2.8790026e-08,0,0,0.0011706008,2.8790026e-08,anime,none,100
logger,policies/oracle_blob_value_n0,0.94590371,0.00010280291,0,0,0.054096295,0.00010280291,anime,none,100
logger,run_blob_main_25k_mnq/blob_mnq_n25000,0.90499041,0.00033862366,0,0,0.095009592,0.00033862366,anime,none,100
logger,run_blob_main_25k_nq/blob_nq_n25000,0.79827455,0.0014785934,0,0,0.20172545,0.0014785934,anime,none,100
logger,run_replay_cap_rho0_25k_anime/causecap_c_r000_n25000,0.61856978,0.0067942287,0,0,0.38143022,0.0067942287,anime,none,100
logger,run_replay_cap_rho0_25k_anime/causecap_t_r000_n25000,0.61852819,0.0067958039,0,0,0.38147181,0.0067958039,anime,none,100
logger,run_replay_opc_25k_anime/opc_n25000_r0,0.58616338,0.0086418329,0,0,0.41383662,0.0086418329,anime,none,100
policies/oracle_affine_bilinear_likelihood_n0,policies/oracle_affine_bilinear_value_n0,0.96683491,3.9750861e-05,0.0006035462,-2.2124728e-08,0.032561539,3.9772986e-05,anime,none,100
policies/oracle_affine_bilinear_likelihood_n0,policies/oracle_bilinear_likelihood_n0,0.98035099,1.9272873e-05,0.00016924878,-4.979613e-09,0.019479762,1.9277852e-05,anime,none,100
policies/oracle_affine_bilinear_likelihood_n0,policies/oracle_bilinear_value_n0,0.94416468,0.00011242693,0.00071360105,-2.686744e-08,0.05512172,0.0001124538,anime,none,100
policies/oracle_affine_bilinear_likelihood_n0,policies/oracle_blob_likelihood_n0,0.99895193,-1.2532433e-08,0.00051422918,-2.6861882e-08,0.00053383828,1.4329449e-08,anime,none,100
policies/oracle_affine_bilinear_likelihood_n0,policies/oracle_blob_value_n0,0.94597587,0.00010276159,0.000535248,-2.4597648e-08,0.053488877,0.00010278619,anime,none,100
policies/oracle_affine_bilinear_likelihood_n0,run_blob_main_25k_mnq/blob_mnq_n25000,0.90486415,0.00033858234,0.00057443658,-2.7851459e-08,0.094561412,0.00033861019,anime,none,100
policies/oracle_affine_bilinear_likelihood_n0,run_blob_main_25k_nq/blob_nq_n25000,0.79832022,0.0014785521,0.00042794478,-2.4441832e-08,0.20125184,0.0014785765,anime,none,100
policies/oracle_affine_bilinear_likelihood_n0,run_replay_cap_rho0_25k_anime/causecap_c_r000_n25000,0.61865879,0.0067941874,0.00037534731,-1.4549043e-08,0.38096586,0.0067942019,anime,none,100
policies/oracle_affine_bilinear_likelihood_n0,run_replay_cap_rho0_25k_anime/causecap_t_r000_n25000,0.6186172,0.0067957626,0.00037534731,-1.4549043e-08,0.38100746,0.0067957772,anime,none,100
policies/oracle_affine_bilinear_likelihood_n0,run_replay_opc_25k_anime/opc_n25000_r0,0.58612757,0.0086417916,0.00037067047,-1.3929134e-08,0.41350176,0.0086418055,anime,none,100
policies/oracle_affine_bilinear_value_n0,policies/oracle_bilinear_likelihood_n0,0.95853042,-2.0477988e-05,0.02705994,-3.6858283e-05,0.014409638,1.6380294e-05,anime,none,100
policies/oracle_affine_bilinear_value_n0,policies/oracle_bilinear_value_n0,0.96512418,7.2676067e-05,0.0060316236,-6.3234286e-06,0.028844201,7.8999495e-05,anime,none,100
policies/oracle_affine_bilinear_value_n0,policies/oracle_blob_likelihood_n0,0.96667384,-3.9763394e-05,0.032632269,-3.9781165e-05,0.00069388582,1.7771084e-08,anime,none,100
policies/oracle_affine_bilinear_value_n0,policies/oracle_blob_value_n0,0.95971453,6.3010731e-05,0.0093293887,-1.2560712e-05,0.030956085,7.5571444e-05,anime,none,100
policies/oracle_affine_bilinear_value_n0,run_blob_main_25k_mnq/blob_mnq_n25000,0.90121885,0.00029883148,0.017541005,-2.2952171e-05,0.081240146,0.00032178365,anime,none,100
policies/oracle_affine_bilinear_value_n0,run_blob_main_25k_nq/blob_nq_n25000,0.79787969,0.0014388012,0.014305614,-1.7324001e-05,0.18781469,0.0014561252,anime,none,100
policies/oracle_affine_bilinear_value_n0,run_replay_cap_rho0_25k_anime/causecap_c_r000_n25000,0.61742508,0.0067544365,0.011954305,-1.5476619e-05,0.37062061,0.0067699132,anime,none,100
policies/oracle_affine_bilinear_value_n0,run_replay_cap_rho0_25k_anime/causecap_t_r000_n25000,0.61738349,0.0067560118,0.011954305,-1.5476619e-05,0.3706622,0.0067714884,anime,none,100
policies/oracle_affine_bilinear_value_n0,run_replay_opc_25k_anime/opc_n25000_r0,0.58583295,0.0086020407,0.010736095,-1.3749603e-05,0.40343095,0.0086157903,anime,none,100
policies/oracle_bilinear_likelihood_n0,policies/oracle_bilinear_value_n0,0.93733548,9.3154055e-05,0.013644217,-1.5184692e-05,0.0490203,0.00010833875,anime,none,100
policies/oracle_bilinear_likelihood_n0,policies/oracle_blob_likelihood_n0,0.98022978,-1.9285405e-05,0.019534003,-1.928867e-05,0.00023621733,3.2647761e-09,anime,none,100
policies/oracle_bilinear_likelihood_n0,policies/oracle_blob_value_n0,0.9396161,8.348872e-05,0.013219027,-1.5186389e-05,0.047164873,9.8675109e-05,anime,none,100
policies/oracle_bilinear_likelihood_n0,run_blob_main_25k_mnq/blob_mnq_n25000,0.90303982,0.00031930946,0.010531651,-1.1179761e-05,0.086428531,0.00033048923,anime,none,100
policies/oracle_bilinear_likelihood_n0,run_blob_main_25k_nq/blob_nq_n25000,0.7981121,0.0014592792,0.0086926703,-8.6446964e-06,0.19319523,0.0014679239,anime,none,100
policies/oracle_bilinear_likelihood_n0,run_replay_cap_rho0_25k_anime/causecap_c_r000_n25000,0.61863922,0.0067749145,0.006390813,-6.7787821e-06,0.37496996,0.0067816933,anime,none,100
policies/oracle_bilinear_likelihood_n0,run_replay_cap_rho0_25k_anime/causecap_t_r000_n25000,0.61859763,0.0067764897,0.006390813,-6.7787821e-06,0.37501156,0.0067832685,anime,none,100
policies/oracle_bilinear_likelihood_n0,run_replay_opc_25k_anime/opc_n25000_r0,0.58594115,0.0086225187,0.0061859655,-5.8904094e-06,0.40787288,0.0086284091,anime,none,100
policies/oracle_bilinear_value_n0,policies/oracle_blob_likelihood_n0,0.94425224,-0.00011243946,0.055068133,-0.0001124545,0.00067962291,1.5039772e-08,anime,none,100
policies/oracle_bilinear_value_n0,policies/oracle_blob_value_n0,0.9450712,-9.6653353e-06,0.027967125,-7.4259545e-05,0.026961673,6.459421e-05,anime,none,100
policies/oracle_bilinear_value_n0,run_blob_main_25k_mnq/blob_mnq_n25000,0.8964455,0.00022615541,0.031305585,-7.3134055e-05,0.072248916,0.00029928946,anime,none,100
policies/oracle_bilinear_value_n0,run_blob_main_25k_nq/blob_nq_n25000,0.79728195,0.0013661252,0.024693325,-5.4392372e-05,0.17802472,0.0014205175,anime,none,100
policies/oracle_bilinear_value_n0,run_replay_cap_rho0_25k_anime/causecap_c_r000_n25000,0.61327194,0.0066817605,0.02238683,-4.8399284e-05,0.36434123,0.0067301598,anime,none,100
policies/oracle_bilinear_value_n0,run_replay_cap_rho0_25k_anime/causecap_t_r000_n25000,0.61323035,0.0066833357,0.02238683,-4.8399284e-05,0.36438282,0.006731735,anime,none,100
policies/oracle_bilinear_value_n0,run_replay_opc_25k_anime/opc_n25000_r0,0.5868778,0.0085293646,0.018034495,-3.500827e-05,0.3950877,0.0085643729,anime,none,100
policies/oracle_blob_likelihood_n0,policies/oracle_blob_value_n0,0.9461405,0.00010277412,0.00046130875,-1.3606695e-08,0.053398195,0.00010278773,anime,none,100
policies/oracle_blob_likelihood_n0,run_blob_main_25k_mnq/blob_mnq_n25000,0.90498664,0.00033859487,0.00051291916,-1.1999115e-08,0.094500443,0.00033860687,anime,none,100
policies/oracle_blob_likelihood_n0,run_blob_main_25k_nq/blob_nq_n25000,0.79825569,0.0014785646,0.00044744959,-1.2828334e-08,0.20129686,0.0014785775,anime,none,100
policies/oracle_blob_likelihood_n0,run_replay_cap_rho0_25k_anime/causecap_c_r000_n25000,0.61860776,0.0067941999,0.00039248645,-1.2554891e-08,0.38099976,0.0067942125,anime,none,100
policies/oracle_blob_likelihood_n0,run_replay_cap_rho0_25k_anime/causecap_t_r000_n25000,0.61856616,0.0067957751,0.00039248645,-1.2554891e-08,0.38104135,0.0067957877,anime,none,100
policies/oracle_blob_likelihood_n0,run_replay_opc_25k_anime/opc_n25000_r0,0.58608746,0.0086418041,0.00039988717,-1.1994334e-08,0.41351265,0.0086418161,anime,none,100
policies/oracle_blob_value_n0,run_blob_main_25k_mnq/blob_mnq_n25000,0.88975647,0.00023582074,0.033472421,-7.3148036e-05,0.076771105,0.00030896878,anime,none,100
policies/oracle_blob_value_n0,run_blob_main_25k_nq/blob_nq_n25000,0.79232722,0.0013757905,0.026367624,-5.6082322e-05,0.18130516,0.0014318728,anime,none,100
policies/oracle_blob_value_n0,run_replay_cap_rho0_25k_anime/causecap_c_r000_n25000,0.61243144,0.0066914258,0.02123784,-4.3735333e-05,0.36633072,0.0067351611,anime,none,100
policies/oracle_blob_value_n0,run_replay_cap_rho0_25k_anime/causecap_t_r000_n25000,0.61238985,0.006693001,0.02123784,-4.3735333e-05,0.36637231,0.0067367364,anime,none,100
policies/oracle_blob_value_n0,run_replay_opc_25k_anime/opc_n25000_r0,0.58429283,0.00853903,0.017867201,-3.5845019e-05,0.39783997,0.008574875,anime,none,100
run_blob_main_25k_mnq/blob_mnq_n25000,run_blob_main_25k_nq/blob_nq_n25000,0.83334832,0.0011399698,0.025518004,-9.3837214e-05,0.14113368,0.001233807,anime,none,100
run_blob_main_25k_mnq/blob_mnq_n25000,run_replay_cap_rho0_25k_anime/causecap_c_r000_n25000,0.61572187,0.0064556051,0.035971185,-0.00013607657,0.34830694,0.0065916816,anime,none,100
run_blob_main_25k_mnq/blob_mnq_n25000,run_replay_cap_rho0_25k_anime/causecap_t_r000_n25000,0.61568028,0.0064571803,0.035971185,-0.00013607657,0.34834854,0.0065932568,anime,none,100
run_blob_main_25k_mnq/blob_mnq_n25000,run_replay_opc_25k_anime/opc_n25000_r0,0.60005884,0.0083032092,0.026416747,-9.5905973e-05,0.37352441,0.0083991152,anime,none,100
run_blob_main_25k_nq/blob_nq_n25000,run_replay_cap_rho0_25k_anime/causecap_c_r000_n25000,0.61043038,0.0053156353,0.088789253,-0.00066287599,0.30078037,0.0059785113,anime,none,100
run_blob_main_25k_nq/blob_nq_n25000,run_replay_cap_rho0_25k_anime/causecap_t_r000_n25000,0.61038879,0.0053172105,0.088789253,-0.00066287599,0.30082196,0.0059800865,anime,none,100
run_blob_main_25k_nq/blob_nq_n25000,run_replay_opc_25k_anime/opc_n25000_r0,0.6075184,0.0071632395,0.071346605,-0.0005107522,0.32113499,0.0076739917,anime,none,100
run_replay_cap_rho0_25k_anime/causecap_c_r000_n25000,run_replay_cap_rho0_25k_anime/causecap_t_r000_n25000,0.99995841,1.5752214e-06,0,0,4.1592887e-05,1.5752214e-06,anime,none,100
run_replay_cap_rho0_25k_anime/causecap_c_r000_n25000,run_replay_opc_25k_anime/opc_n25000_r0,0.58334355,0.0018476042,0.18726077,-0.0033966531,0.22939568,0.0052442572,anime,none,100
run_replay_cap_rho0_25k_anime/causecap_t_r000_n25000,run_replay_opc_25k_anime/opc_n25000_r0,0.58338515,0.0018460289,0.18726077,-0.0033966531,0.22935409,0.005242682,anime,none,100
blob_prior_mean,logger,0.90808902,-0.00031613761,0.091910975,-0.00031613761,0,0,anime,none,101
blob_prior_mean,policies/oracle_affine_bilinear_likelihood_n0,0.90803584,-0.00031612855,0.091684226,-0.00031613147,0.00027993115,2.9165139e-09,anime,none,101
blob_prior_mean,policies/oracle_affine_bilinear_value_n0,0.90478073,-0.00027337489,0.077210801,-0.00029786761,0.01800847,2.4492715e-05,anime,none,101
blob_prior_mean,policies/oracle_bilinear_likelihood_n0,0.90649371,-0.00029925639,0.084238538,-0.00030808281,0.0092677478,8.8264221e-06,anime,none,101
blob_prior_mean,policies/oracle_bilinear_value_n0,0.89933722,-0.00020230697,0.069153034,-0.00027640921,0.031509743,7.4102241e-05,anime,none,101
blob_prior_mean,policies/oracle_blob_likelihood_n0,0.90796139,-0.00031613129,0.091754561,-0.00031613414,0.00028404752,2.8568399e-09,anime,none,101
blob_prior_mean,policies/oracle_blob_value_n0,0.89373724,-0.00020857154,0.073249025,-0.00028498192,0.033013732,7.6410379e-05,anime,none,101
blob_prior_mean,run_blob_main_25k_mnq/blob_mnq_n25000,0.84154068,0.00077889183,0.03235301,-0.00011255886,0.1261063,0.00089145069,anime,none,101
blob_prior_mean,run_blob_main_25k_nq/blob_nq_n25000,0.68190344,0.0038604914,0.026681086,-8.5396955e-05,0.29141547,0.0039458884,anime,none,101
blob_prior_mean,run_replay_cap_rho0_25k_anime/causecap_c_r000_n25000,0.58648554,0.0081003009,0.036288244,-0.00013340548,0.37722622,0.0082337064,anime,none,101
blob_prior_mean,run_replay_cap_rho0_25k_anime/causecap_t_r000_n25000,0.58650129,0.008101093,0.036245285,-0.00013337881,0.37725342,0.0082344718,anime,none,101
blob_prior_mean,run_replay_opc_25k_anime/opc_n25000_r0,0.73977869,0.0032719694,0.032438383,-0.00011663309,0.22778293,0.0033886024,anime,none,101
logger,policies/oracle_affine_bilinear_likelihood_n0,0.9994375,9.0611656e-09,0,0,0.00056250249,9.0611656e-09,anime,none,101
logger,policies/oracle_affine_bilinear_value_n0,0.96563051,4.276272e-05,0,0,0.034369489,4.276272e-05,anime,none,101
logger,policies/oracle_bilinear_likelihood_n0,0.98181938,1.6881228e-05,0,0,0.018180617,1.6881228e-05,anime,none,101
logger,policies/oracle_bilinear_value_n0,0.94441519,0.00011383064,0,0,0.055584812,0.00011383064,anime,none,101
logger,policies/oracle_blob_likelihood_n0,0.99950874,6.3288127e-09,0,0,0.00049126331,6.3288127e-09,anime,none,101
logger,policies/oracle_blob_value_n0,0.94702251,0.00010756607,0,0,0.052977486,0.00010756607,anime,none,101
logger,run_blob_main_25k_mnq/blob_mnq_n25000,0.81951035,0.0010950294,0,0,0.18048965,0.0010950294,anime,none,101
logger,run_blob_main_25k_nq/blob_nq_n25000,0.66112823,0.004176629,0,0,0.33887177,0.004176629,anime,none,101
logger,run_replay_cap_rho0_25k_anime/causecap_c_r000_n25000,0.59520048,0.0084164386,0,0,0.40479952,0.0084164386,anime,none,101
logger,run_replay_cap_rho0_25k_anime/causecap_t_r000_n25000,0.59513032,0.0084172307,0,0,0.40486968,0.0084172307,anime,none,101
logger,run_replay_opc_25k_anime/opc_n25000_r0,0.72637056,0.003588107,0,0,0.27362944,0.003588107,anime,none,101
policies/oracle_affine_bilinear_likelihood_n0,policies/oracle_affine_bilinear_value_n0,0.96563301,4.2753659e-05,0.00028000423,-4.4170019e-09,0.034086991,4.2758076e-05,anime,none,101
policies/oracle_affine_bilinear_likelihood_n0,policies/oracle_bilinear_likelihood_n0,0.98213998,1.6872167e-05,0.00012095064,-2.800044e-09,0.017739066,1.6874967e-05,anime,none,101
policies/oracle_affine_bilinear_likelihood_n0,policies/oracle_bilinear_value_n0,0.94432392,0.00011382158,0.00030746966,-5.6534635e-09,0.055368605,0.00011382724,anime,none,101
policies/oracle_affine_bilinear_likelihood_n0,policies/oracle_blob_likelihood_n0,0.99940891,-2.7323529e-09,0.00033116685,-6.8967917e-09,0.00025992766,4.1644388e-09,anime,none,101
policies/oracle_affine_bilinear_likelihood_n0,policies/oracle_blob_value_n0,0.94688435,0.00010755701,0.00034463982,-6.6796802e-09,0.052771015,0.00010756369,anime,none,101
policies/oracle_affine_bilinear_likelihood_n0,run_blob_main_25k_mnq/blob_mnq_n25000,0.81954544,0.0010950204,0.00023013644,-4.0264865e-09,0.18022442,0.0010950244,anime,none,101
policies/oracle_affine_bilinear_likelihood_n0,run_blob_main_25k_nq/blob_nq_n25000,0.66114032,0.00417662,0.00018992183,-4.0289804e-09,0.33866976,0.004176624,anime,none,101
policies/oracle_affine_bilinear_likelihood_n0,run_replay_cap_rho0_25k_anime/causecap_c_r000_n25000,0.59533125,0.0084164295,8.276892e-05,-2.2018112e-09,0.40458598,0.0084164317,anime,none,101
policies/oracle_affine_bilinear_likelihood_n0,run_replay_cap_rho0_25k_anime/causecap_t_r000_n25000,0.59526109,0.0084172216,8.276892e-05,-2.2018112e-09,0.40465614,0.0084172238,anime,none,101
policies/oracle_affine_bilinear_likelihood_n0,run_replay_opc_25k_anime/opc_n25000_r0,0.72629048,0.0035880979,0.00025961639,-3.7598689e-09,0.2734499,0.0035881017,anime,none,101
policies/oracle_affine_bilinear_value_n0,policies/oracle_bilinear_likelihood_n0,0.95856968,-2.5881492e-05,0.028886173,-3.9809169e-05,0.012544145,1.3927677e-05,anime,none,101
policies/oracle_affine_bilinear_value_n0,policies/oracle_bilinear_value_n0,0.96397769,7.1067924e-05,0.0069129222,-8.1856506e-06,0.029109391,7.9253575e-05,anime,none,101
policies/oracle_affine_bilinear_value_n0,policies/oracle_blob_likelihood_n0,0.96561915,-4.2756391e-05,0.034138613,-4.2758947e-05,0.00024223487,2.5552767e-09,anime,none,101
policies/oracle_affine_bilinear_value_n0,policies/oracle_blob_value_n0,0.96047481,6.4803351e-05,0.010006773,-1.3436976e-05,0.029518418,7.8240327e-05,anime,none,101
policies/oracle_affine_bilinear_value_n0,run_blob_main_25k_mnq/blob_mnq_n25000,0.81627994,0.0010522667,0.016775703,-2.2703383e-05,0.16694435,0.0010749701,anime,none,101
policies/oracle_affine_bilinear_value_n0,run_blob_main_25k_nq/blob_nq_n25000,0.66182565,0.0041338663,0.012696393,-1.5981156e-05,0.32547796,0.0041498475,anime,none,101
policies/oracle_affine_bilinear_value_n0,run_replay_cap_rho0_25k_anime/causecap_c_r000_n25000,0.59282436,0.0083736758,0.011891695,-1.6400738e-05,0.39528394,0.0083900766,anime,none,101
policies/oracle_affine_bilinear_value_n0,run_replay_cap_rho0_25k_anime/causecap_t_r000_n25000,0.59284012,0.0083744679,0.011848736,-1.6374066e-05,0.39531115,0.008390842,anime,none,101
policies/oracle_affine_bilinear_value_n0,run_replay_opc_25k_anime/opc_n25000_r0,0.72728342,0.0035453443,0.013061575,-1.671403e-05,0.25965501,0.0035620583,anime,none,101
policies/oracle_bilinear_likelihood_n0,policies/oracle_bilinear_value_n0,0.9389012,9.6949417e-05,0.011604524,-1.3029079e-05,0.049494273,0.0001099785,anime,none,101
policies/oracle_bilinear_likelihood_n0,policies/oracle_blob_likelihood_n0,0.98208031,-1.6874899e-05,0.017804521,-1.6876797e-05,0.00011516706,1.897602e-09,anime,none,101
policies/oracle_bilinear_likelihood_n0,policies/oracle_blob_value_n0,0.94117824,9.0684843e-05,0.011833539,-1.2629046e-05,0.046988218,0.00010331389,anime,none,101
policies/oracle_bilinear_likelihood_n0,run_blob_main_25k_mnq/blob_mnq_n25000,0.81947173,0.0010781482,0.0077106297,-7.1801943e-06,0.17281764,0.0010853284,anime,none,101
policies/oracle_bilinear_likelihood_n0,run_blob_main_25k_nq/blob_nq_n25000,0.66135783,0.0041597478,0.0066526727,-5.4669465e-06,0.33198949,0.0041652147,anime,none,101
policies/oracle_bilinear_likelihood_n0,run_replay_cap_rho0_25k_anime/causecap_c_r000_n25000,0.59539894,0.0083995573,0.0056768118,-5.6674626e-06,0.39892425,0.0084052248,anime,none,101
policies/oracle_bilinear_likelihood_n0,run_replay_cap_rho0_25k_anime/causecap_t_r000_n25000,0.59541469,0.0084003494,0.0056338527,-5.6407905e-06,0.39895145,0.0084059902,anime,none,101
policies/oracle_bilinear_likelihood_n0,run_replay_opc_25k_anime/opc_n25000_r0,0.7256968,0.0035712257,0.0071665023,-7.5538959e-06,0.2671367,0.0035787796,anime,none,101
policies/oracle_bilinear_value_n0,policies/oracle_blob_likelihood_n0,0.94437534,-0.00011382432,0.055374127,-0.00011382777,0.0002505334,3.4510497e-09,anime,none,101
policies/oracle_bilinear_value_n0,policies/oracle_blob_value_n0,0.94656356,-6.2645739e-06,0.02804818,-7.3437027e-05,0.02538826,6.7172453e-05,anime,none,101
policies/oracle_bilinear_value_n0,run_blob_main_25k_mnq/blob_mnq_n25000,0.81243541,0.0009811988,0.028969515,-6.5634865e-05,0.15859507,0.0010468337,anime,none,101
policies/oracle_bilinear_value_n0,run_blob_main_25k_nq/blob_nq_n25000,0.66022381,0.0040627984,0.021873724,-4.767417e-05,0.31790246,0.0041104726,anime,none,101
policies/oracle_bilinear_value_n0,run_replay_cap_rho0_25k_anime/causecap_c_r000_n25000,0.58661219,0.0083026079,0.022744703,-4.9716331e-05,0.3906431,0.0083523242,anime,none,101
policies/oracle_bilinear_value_n0,run_replay_cap_rho0_25k_anime/causecap_t_r000_n25000,0.58662795,0.0083034,0.022701744,-4.9689659e-05,0.39067031,0.0083530897,anime,none,101
policies/oracle_bilinear_value_n0,run_replay_opc_25k_anime/opc_n25000_r0,0.73125819,0.0034742763,0.020397729,-4.2501062e-05,0.24834408,0.0035167774,anime,none,101
policies/oracle_blob_likelihood_n0,policies/oracle_blob_value_n0,0.94708952,0.00010755974,0.00020316388,-1.9209165e-09,0.052707314,0.00010756166,anime,none,101
policies/oracle_blob_likelihood_n0,run_blob_main_25k_mnq/blob_mnq_n25000,0.81951124,0.0010950231,0.00020082429,-2.9535484e-09,0.18028794,0.0010950261,anime,none,101
policies/oracle_blob_likelihood_n0,run_blob_main_25k_nq/blob_nq_n25000,0.66102945,0.0041766227,0.0001794874,-1.6935865e-09,0.33879106,0.0041766244,anime,none,101
policies/oracle_blob_likelihood_n0,run_replay_cap_rho0_25k_anime/causecap_c_r000_n25000,0.59547091,0.0084164322,2.3517265e-05,-7.973277e-10,0.40450558,0.008416433,anime,none,101
policies/oracle_blob_likelihood_n0,run_replay_cap_rho0_25k_anime/causecap_t_r000_n25000,0.59540074,0.0084172243,2.3517265e-05,-7.973277e-10,0.40457574,0.0084172251,anime,none,101
policies/oracle_blob_likelihood_n0,run_replay_opc_25k_anime/opc_n25000_r0,0.72632477,0.0035881006,0.00022184696,-2.7073363e-09,0.27345339,0.0035881034,anime,none,101
policies/oracle_blob_value_n0,run_blob_main_25k_mnq/blob_mnq_n25000,0.80757237,0.00098746338,0.029961775,-6.7351655e-05,0.16246586,0.001054815,anime,none,101
policies/oracle_blob_value_n0,run_blob_main_25k_nq/blob_nq_n25000,0.65751889,0.004069063,0.022317481,-5.0452008e-05,0.32016363,0.004119515,anime,none,101
policies/oracle_blob_value_n0,run_replay_cap_rho0_25k_anime/causecap_c_r000_n25000,0.58533156,0.0083088725,0.022213236,-5.1944596e-05,0.3924552,0.0083608171,anime,none,101
policies/oracle_blob_value_n0,run_replay_cap_rho0_25k_anime/causecap_t_r000_n25000,0.58534732,0.0083096646,0.022170277,-5.1917924e-05,0.39248241,0.0083615825,anime,none,101
policies/oracle_blob_value_n0,run_replay_opc_25k_anime/opc_n25000_r0,0.72220632,0.0034805409,0.023563391,-5.2697883e-05,0.25423028,0.0035332388,anime,none,101
run_blob_main_25k_mnq/blob_mnq_n25000,run_blob_main_25k_nq/blob_nq_n25000,0.69769163,0.0030815996,0.060783031,-0.00036152111,0.24152534,0.0034431207,anime,none,101
run_blob_main_25k_mnq/blob_mnq_n25000,run_replay_cap_rho0_25k_anime/causecap_c_r000_n25000,0.58198226,0.0073214091,0.074711246,-0.00045935227,0.3433065,0.0077807614,anime,none,101
run_blob_main_25k_mnq/blob_mnq_n25000,run_replay_cap_rho0_25k_anime/causecap_t_r000_n25000,0.58194005,0.0073222012,0.074697269,-0.00045922095,0.34336268,0.0077814222,anime,none,101
run_blob_main_25k_mnq/blob_mnq_n25000,run_replay_opc_25k_anime/opc_n25000_r0,0.7081068,0.0024930775,0.090130379,-0.00054630966,0.20176282,0.0030393872,anime,none,101
run_blob_main_25k_nq/blob_nq_n25000,run_replay_cap_rho0_25k_anime/causecap_c_r000_n25000,0.52331346,0.0042398095,0.18180667,-0.0023407156,0.29487987,0.0065805252,anime,none,101
run_blob_main_25k_nq/blob_nq_n25000,run_replay_cap_rho0_25k_anime/causecap_t_r000_n25000,0.52335717,0.0042406016,0.18174973,-0.0023405576,0.2948931,0.0065811593,anime,none,101
run_blob_main_25k_nq/blob_nq_n25000,run_replay_opc_25k_anime/opc_n25000_r0,0.62846704,-0.00058852205,0.2162267,-0.0028543103,0.15530626,0.0022657882,anime,none,101
run_replay_cap_rho0_25k_anime/causecap_c_r000_n25000,run_replay_cap_rho0_25k_anime/causecap_t_r000_n25000,0.99991643,7.9209935e-07,6.1412022e-06,-3.0956685e-07,7.7431911e-05,1.1016662e-06,anime,none,101
run_replay_cap_rho0_25k_anime/causecap_c_r000_n25000,run_replay_opc_25k_anime/opc_n25000_r0,0.60115454,-0.0048283316,0.28237804,-0.0063608185,0.11646743,0.001532487,anime,none,101
run_replay_cap_rho0_25k_anime/causecap_t_r000_n25000,run_replay_opc_25k_anime/opc_n25000_r0,0.60118064,-0.0048291237,0.28240524,-0.006361421,0.11641412,0.0015322973,anime,none,101
blob_prior_mean,logger,0.70153404,-0.0067950608,0.29846596,-0.0067950608,0,0,anime,w-high.g-none.v-none,100
blob_prior_mean,policies/oracle_affine_bilinear_likelihood_n0,0.13680787,-0.086190699,0.048886137,-0.0060511074,0.814306,-0.080139592,anime,w-high.g-none.v-none,100
blob_prior_mean,policies/oracle_affine_bilinear_value_n0,0.13904148,-0.08578551,0.049385544,-0.0060467516,0.81157297,-0.079738758,anime,w-high.g-none.v-none,100
blob_prior_mean,policies/oracle_bilinear_likelihood_n0,0.13648766,-0.084870716,0.048537635,-0.0059790471,0.81497471,-0.078891669,anime,w-high.g-none.v-none,100
blob_prior_mean,policies/oracle_bilinear_value_n0,0.13990273,-0.085283879,0.049670542,-0.0060431283,0.81042672,-0.079240751,anime,w-high.g-none.v-none,100
blob_prior_mean,policies/oracle_blob_likelihood_n0,0.13641622,-0.086204593,0.049048487,-0.0060573054,0.81453529,-0.080147288,anime,w-high.g-none.v-none,100
blob_prior_mean,policies/oracle_blob_value_n0,0.13909464,-0.085665139,0.049220187,-0.0060142576,0.81168517,-0.079650881,anime,w-high.g-none.v-none,100
blob_prior_mean,run_blob_main_25k_mnq/blob_mnq_n25000,0.57269589,-0.013483668,0.10058106,-0.0058986467,0.32672305,-0.0075850208,anime,w-high.g-none.v-none,100
blob_prior_mean,run_blob_main_25k_nq/blob_nq_n25000,0.4470977,-0.020780041,0.10759013,-0.0065481924,0.44531218,-0.014231848,anime,w-high.g-none.v-none,100
blob_prior_mean,run_replay_cap_rho0_25k_anime/causecap_c_r000_n25000,0.15179088,-0.051997792,0.05314804,-0.0055946063,0.79506108,-0.046403185,anime,w-high.g-none.v-none,100
blob_prior_mean,run_replay_cap_rho0_25k_anime/causecap_t_r000_n25000,0.19012899,-0.051340094,0.067697235,-0.0064988933,0.74217378,-0.0448412,anime,w-high.g-none.v-none,100
blob_prior_mean,run_replay_opc_25k_anime/opc_n25000_r0,0.20484238,-0.040543539,0.089518543,-0.0065415443,0.70563908,-0.034001994,anime,w-high.g-none.v-none,100
logger,policies/oracle_affine_bilinear_likelihood_n0,0.1496664,-0.079395638,0,0,0.8503336,-0.079395638,anime,w-high.g-none.v-none,100
logger,policies/oracle_affine_bilinear_value_n0,0.15263213,-0.078990449,0,0,0.84736787,-0.078990449,anime,w-high.g-none.v-none,100
logger,policies/oracle_bilinear_likelihood_n0,0.14924546,-0.078075655,0,0,0.85075454,-0.078075655,anime,w-high.g-none.v-none,100
logger,policies/oracle_bilinear_value_n0,0.1538462,-0.078488818,0,0,0.8461538,-0.078488818,anime,w-high.g-none.v-none,100
logger,policies/oracle_blob_likelihood_n0,0.14952807,-0.079409532,0,0,0.85047193,-0.079409532,anime,w-high.g-none.v-none,100
logger,policies/oracle_blob_value_n0,0.15250025,-0.078870078,0,0,0.84749975,-0.078870078,anime,w-high.g-none.v-none,100
logger,run_blob_main_25k_mnq/blob_mnq_n25000,0.5232058,-0.0066886067,0,0,0.4767942,-0.0066886067,anime,w-high.g-none.v-none,100
logger,run_blob_main_25k_nq/blob_nq_n25000,0.44205676,-0.01398498,0,0,0.55794324,-0.01398498,anime,w-high.g-none.v-none,100
logger,run_replay_cap_rho0_25k_anime/causecap_c_r000_n25000,0.16394099,-0.045202731,0,0,0.83605901,-0.045202731,anime,w-high.g-none.v-none,100
logger,run_replay_cap_rho0_25k_anime/causecap_t_r000_n25000,0.20815429,-0.044545033,0,0,0.79184571,-0.044545033,anime,w-high.g-none.v-none,100
logger,run_replay_opc_25k_anime/opc_n25000_r0,0.24285184,-0.033748478,0,0,0.75714816,-0.033748478,anime,w-high.g-none.v-none,100
policies/oracle_affine_bilinear_likelihood_n0,policies/oracle_affine_bilinear_value_n0,0.88533711,0.0004051894,0.063799364,0.00022596424,0.050863525,0.00017922516,anime,w-high.g-none.v-none,100
policies/oracle_affine_bilinear_likelihood_n0,policies/oracle_bilinear_likelihood_n0,0.85140753,0.0013199834,0.072984595,0.00060938879,0.075607875,0.00071059464,anime,w-high.g-none.v-none,100
policies/oracle_affine_bilinear_likelihood_n0,policies/oracle_bilinear_value_n0,0.84574008,0.00090681998,0.087125261,0.00051203178,0.067134654,0.0003947882,anime,w-high.g-none.v-none,100
policies/oracle_affine_bilinear_likelihood_n0,policies/oracle_blob_likelihood_n0,0.98572407,-1.3893811e-05,0.0073302663,-7.9946497e-06,0.0069456659,-5.8991617e-06,anime,w-high.g-none.v-none,100
policies/oracle_affine_bilinear_likelihood_n0,policies/oracle_blob_value_n0,0.86758767,0.00052556031,0.072100881,0.00028837828,0.060311451,0.00023718204,anime,w-high.g-none.v-none,100
policies/oracle_affine_bilinear_likelihood_n0,run_blob_main_25k_mnq/blob_mnq_n25000,0.15298697,0.072707032,0.76241865,0.064795277,0.08459438,0.0079117548,anime,w-high.g-none.v-none,100
policies/oracle_affine_bilinear_likelihood_n0,run_blob_main_25k_nq/blob_nq_n25000,0.1699614,0.065410658,0.7142896,0.055070419,0.115749,0.01034024,anime,w-high.g-none.v-none,100
policies/oracle_affine_bilinear_likelihood_n0,run_replay_cap_rho0_25k_anime/causecap_c_r000_n25000,0.31836605,0.034192908,0.372425,0.016911871,0.30920895,0.017281037,anime,w-high.g-none.v-none,100
policies/oracle_affine_bilinear_likelihood_n0,run_replay_cap_rho0_25k_anime/causecap_t_r000_n25000,0.31377009,0.034850606,0.44780764,0.021773274,0.23842227,0.013077332,anime,w-high.g-none.v-none,100
policies/oracle_affine_bilinear_likelihood_n0,run_replay_opc_25k_anime/opc_n25000_r0,0.25593268,0.04564716,0.53484178,0.031113457,0.20922553,0.014533703,anime,w-high.g-none.v-none,100
policies/oracle_affine_bilinear_value_n0,policies/oracle_bilinear_likelihood_n0,0.79956792,0.00091479403,0.092978316,0.00040833305,0.10745376,0.00050646098,anime,w-high.g-none.v-none,100
policies/oracle_affine_bilinear_value_n0,policies/oracle_bilinear_value_n0,0.92981641,0.00050163058,0.038598169,0.00028579076,0.031585424,0.00021583982,anime,w-high.g-none.v-none,100
policies/oracle_affine_bilinear_value_n0,policies/oracle_blob_likelihood_n0,0.88602751,-0.00041908321,0.050813511,-0.00018561541,0.063158983,-0.0002334678,anime,w-high.g-none.v-none,100
policies/oracle_affine_bilinear_value_n0,policies/oracle_blob_value_n0,0.92288701,0.00012037092,0.038073255,7.2825553e-05,0.039039738,4.7545367e-05,anime,w-high.g-none.v-none,100
policies/oracle_affine_bilinear_value_n0,run_blob_main_25k_mnq/blob_mnq_n25000,0.15570835,0.072301842,0.75817589,0.06426705,0.086115765,0.0080347923,anime,w-high.g-none.v-none,100
policies/oracle_affine_bilinear_value_n0,run_blob_main_25k_nq/blob_nq_n25000,0.17334678,0.065005469,0.70958824,0.054602926,0.11706498,0.010402543,anime,w-high.g-none.v-none,100
policies/oracle_affine_bilinear_value_n0,run_replay_cap_rho0_25k_anime/causecap_c_r000_n25000,0.32528937,0.033787718,0.36457678,0.016567912,0.31013385,0.017219806,anime,w-high.g-none.v-none,100
policies/oracle_affine_bilinear_value_n0,run_replay_cap_rho0_25k_anime/causecap_t_r000_n25000,0.32142102,0.034445416,0.43998531,0.021400596,0.23859367,0.01304482,anime,w-high.g-none.v-none,100
policies/oracle_affine_bilinear_value_n0,run_replay_opc_25k_anime/opc_n25000_r0,0.26205063,0.045241971,0.52697099,0.03065404,0.21097838,0.014587931,anime,w-high.g-none.v-none,100
policies/oracle_bilinear_likelihood_n0,policies/oracle_bilinear_value_n0,0.77202102,-0.00041316345,0.12536929,-0.00023708303,0.10260968,-0.00017608042,anime,w-high.g-none.v-none,100
policies/oracle_bilinear_likelihood_n0,policies/oracle_blob_likelihood_n0,0.8482554,-0.0013338772,0.077295392,-0.00071700601,0.074449205,-0.00061687124,anime,w-high.g-none.v-none,100
policies/oracle_bilinear_likelihood_n0,policies/oracle_blob_value_n0,0.78770035,-0.00079442311,0.11296282,-0.00044475116,0.099336826,-0.00034967195,anime,w-high.g-none.v-none,100
policies/oracle_bilinear_likelihood_n0,run_blob_main_25k_mnq/blob_mnq_n25000,0.15095186,0.071387048,0.76398365,0.063528359,0.085064489,0.0078586888,anime,w-high.g-none.v-none,100
policies/oracle_bilinear_likelihood_n0,run_blob_main_25k_nq/blob_nq_n25000,0.167117,0.064090675,0.71647077,0.053853343,0.11641223,0.010237332,anime,w-high.g-none.v-none,100
policies/oracle_bilinear_likelihood_n0,run_replay_cap_rho0_25k_anime/causecap_c_r000_n25000,0.31664637,0.032872924,0.37399321,0.016117029,0.30936042,0.016755895,anime,w-high.g-none.v-none,100
policies/oracle_bilinear_likelihood_n0,run_replay_cap_rho0_25k_anime/causecap_t_r000_n25000,0.31100786,0.033530622,0.44965093,0.020852981,0.23934121,0.012677641,anime,w-high.g-none.v-none,100
policies/oracle_bilinear_likelihood_n0,run_replay_opc_25k_anime/opc_n25000_r0,0.25150754,0.044327177,0.53736486,0.030114831,0.21112759,0.014212345,anime,w-high.g-none.v-none,100
policies/oracle_bilinear_value_n0,policies/oracle_blob_likelihood_n0,0.84595104,-0.00092071379,0.067435146,-0.00040095677,0.086613816,-0.00051975702,anime,w-high.g-none.v-none,100
policies/oracle_bilinear_value_n0,policies/oracle_blob_value_n0,0.89343628,-0.00038125966,0.049023528,-0.0001569624,0.057540187,-0.00022429727,anime,w-high.g-none.v-none,100
policies/oracle_bilinear_value_n0,run_blob_main_25k_mnq/blob_mnq_n25000,0.15728337,0.071800212,0.75633345,0.06380371,0.086383176,0.0079965012,anime,w-high.g-none.v-none,100
policies/oracle_bilinear_value_n0,run_blob_main_25k_nq/blob_nq_n25000,0.17517209,0.064503838,0.70764779,0.05413756,0.11718012,0.010366278,anime,w-high.g-none.v-none,100
policies/oracle_bilinear_value_n0,run_replay_cap_rho0_25k_anime/causecap_c_r000_n25000,0.3279728,0.033286088,0.36065867,0.016251111,0.31136853,0.017034976,anime,w-high.g-none.v-none,100
policies/oracle_bilinear_value_n0,run_replay_cap_rho0_25k_anime/causecap_t_r000_n25000,0.32380594,0.033943786,0.43640688,0.021021263,0.23978717,0.012922523,anime,w-high.g-none.v-none,100
policies/oracle_bilinear_value_n0,run_replay_opc_25k_anime/opc_n25000_r0,0.26543441,0.04474034,0.52440746,0.030297394,0.21015813,0.014442946,anime,w-high.g-none.v-none,100
policies/oracle_blob_likelihood_n0,policies/oracle_blob_value_n0,0.86807696,0.00053945413,0.07163355,0.00029555528,0.060289485,0.00024389884,anime,w-high.g-none.v-none,100
policies/oracle_blob_likelihood_n0,run_blob_main_25k_mnq/blob_mnq_n25000,0.15259556,0.072720925,0.76276027,0.064797588,0.084644164,0.0079233373,anime,w-high.g-none.v-none,100
policies/oracle_blob_likelihood_n0,run_blob_main_25k_nq/blob_nq_n25000,0.16959243,0.065424552,0.71453683,0.05507111,0.11587074,0.010353442,anime,w-high.g-none.v-none,100
policies/oracle_blob_likelihood_n0,run_replay_cap_rho0_25k_anime/causecap_c_r000_n25000,0.31858101,0.034206801,0.37256347,0.016924753,0.30885552,0.017282049,anime,w-high.g-none.v-none,100
policies/oracle_blob_likelihood_n0,run_replay_cap_rho0_25k_anime/causecap_t_r000_n25000,0.31377528,0.034864499,0.44783573,0.021771109,0.23838898,0.013093391,anime,w-high.g-none.v-none,100
policies/oracle_blob_likelihood_n0,run_replay_opc_25k_anime/opc_n25000_r0,0.25592931,0.045661054,0.53476401,0.031117999,0.20930669,0.014543055,anime,w-high.g-none.v-none,100
policies/oracle_blob_value_n0,run_blob_main_25k_mnq/blob_mnq_n25000,0.15607422,0.072181471,0.75793862,0.064143084,0.08598716,0.0080383872,anime,w-high.g-none.v-none,100
policies/oracle_blob_value_n0,run_blob_main_25k_nq/blob_nq_n25000,0.17304448,0.064885098,0.70970753,0.054484332,0.11724799,0.010400766,anime,w-high.g-none.v-none,100
policies/oracle_blob_value_n0,run_replay_cap_rho0_25k_anime/causecap_c_r000_n25000,0.32488832,0.033667347,0.36426844,0.016504557,0.31084324,0.01716279,anime,w-high.g-none.v-none,100
policies/oracle_blob_value_n0,run_replay_cap_rho0_25k_anime/causecap_t_r000_n25000,0.32154316,0.034325045,0.43898527,0.021293384,0.23947157,0.013031661,anime,w-high.g-none.v-none,100
policies/oracle_blob_value_n0,run_replay_opc_25k_anime/opc_n25000_r0,0.26326442,0.0451216,0.52713554,0.03062371,0.20960004,0.01449789,anime,w-high.g-none.v-none,100
run_blob_main_25k_mnq/blob_mnq_n25000,run_blob_main_25k_nq/blob_nq_n25000,0.77742613,-0.0072963732,0.04322162,-0.0019825535,0.17935225,-0.0053138196,anime,w-high.g-none.v-none,100
run_blob_main_25k_mnq/blob_mnq_n25000,run_replay_cap_rho0_25k_anime/causecap_c_r000_n25000,0.17103365,-0.038514124,0.089495201,-0.0065386201,0.73947115,-0.031975504,anime,w-high.g-none.v-none,100
run_blob_main_25k_mnq/blob_mnq_n25000,run_replay_cap_rho0_25k_anime/causecap_t_r000_n25000,0.21509051,-0.037856426,0.10797343,-0.007160723,0.67693606,-0.030695703,anime,w-high.g-none.v-none,100
run_blob_main_25k_mnq/blob_mnq_n25000,run_replay_opc_25k_anime/opc_n25000_r0,0.27648535,-0.027059871,0.12400565,-0.0063743374,0.59950899,-0.020685534,anime,w-high.g-none.v-none,100
run_blob_main_25k_nq/blob_nq_n25000,run_replay_cap_rho0_25k_anime/causecap_c_r000_n25000,0.19147405,-0.031217751,0.11899872,-0.0079212412,0.68952723,-0.02329651,anime,w-high.g-none.v-none,100
run_blob_main_25k_nq/blob_nq_n25000,run_replay_cap_rho0_25k_anime/causecap_t_r000_n25000,0.24616398,-0.030560053,0.13969813,-0.0083771901,0.61413789,-0.022182863,anime,w-high.g-none.v-none,100
run_blob_main_25k_nq/blob_nq_n25000,run_replay_opc_25k_anime/opc_n25000_r0,0.32616904,-0.019763498,0.15536893,-0.0070787711,0.51846203,-0.012684727,anime,w-high.g-none.v-none,100
run_replay_cap_rho0_25k_anime/causecap_c_r000_n25000,run_replay_cap_rho0_25k_anime/causecap_t_r000_n25000,0.67331,0.00065769806,0.24015202,-0.00086519757,0.086537984,0.0015228956,anime,w-high.g-none.v-none,100
run_replay_cap_rho0_25k_anime/causecap_c_r000_n25000,run_replay_opc_25k_anime/opc_n25000_r0,0.32776531,0.011454253,0.47313529,0.0050318921,0.1990994,0.0064223607,anime,w-high.g-none.v-none,100
run_replay_cap_rho0_25k_anime/causecap_t_r000_n25000,run_replay_opc_25k_anime/opc_n25000_r0,0.41266699,0.010796555,0.36423089,0.0048580321,0.22310212,0.0059385227,anime,w-high.g-none.v-none,100
blob_prior_mean,logger,0.77012381,-0.0023373022,0.22987619,-0.0023373022,0,0,anime,w-high.g-none.v-none,101
blob_prior_mean,policies/oracle_affine_bilinear_likelihood_n0,0.09225812,-0.09948489,0.022169021,-0.0026576581,0.88557286,-0.096827232,anime,w-high.g-none.v-none,101
blob_prior_mean,policies/oracle_affine_bilinear_value_n0,0.095720771,-0.097954192,0.023187506,-0.0027471472,0.88109172,-0.095207044,anime,w-high.g-none.v-none,101
blob_prior_mean,policies/oracle_bilinear_likelihood_n0,0.094408611,-0.097498579,0.022349199,-0.0026297683,0.88324219,-0.094868811,anime,w-high.g-none.v-none,101
blob_prior_mean,policies/oracle_bilinear_value_n0,0.096529421,-0.09688177,0.023691685,-0.0027596412,0.87977889,-0.094122129,anime,w-high.g-none.v-none,101
blob_prior_mean,policies/oracle_blob_likelihood_n0,0.092681408,-0.099622978,0.022371735,-0.0026735037,0.88494686,-0.096949474,anime,w-high.g-none.v-none,101
blob_prior_mean,policies/oracle_blob_value_n0,0.094320223,-0.097991382,0.022927637,-0.0026934633,0.88275214,-0.095297918,anime,w-high.g-none.v-none,101
blob_prior_mean,run_blob_main_25k_mnq/blob_mnq_n25000,0.6695106,-0.0071694734,0.084612726,-0.0027872972,0.24587668,-0.0043821762,anime,w-high.g-none.v-none,101
blob_prior_mean,run_blob_main_25k_nq/blob_nq_n25000,0.6454816,-0.0078805007,0.085649151,-0.0028926793,0.26886925,-0.0049878214,anime,w-high.g-none.v-none,101
blob_prior_mean,run_replay_cap_rho0_25k_anime/causecap_c_r000_n25000,0.13679148,-0.045790411,0.028741156,-0.0024179703,0.83446736,-0.04337244,anime,w-high.g-none.v-none,101
blob_prior_mean,run_replay_cap_rho0_25k_anime/causecap_t_r000_n25000,0.13603783,-0.045819954,0.028989279,-0.0024596605,0.83497289,-0.043360294,anime,w-high.g-none.v-none,101
blob_prior_mean,run_replay_opc_25k_anime/opc_n25000_r0,0.30276703,-0.030529027,0.078440395,-0.0039481296,0.61879258,-0.026580898,anime,w-high.g-none.v-none,101
logger,policies/oracle_affine_bilinear_likelihood_n0,0.094807391,-0.097147588,0,0,0.90519261,-0.097147588,anime,w-high.g-none.v-none,101
logger,policies/oracle_affine_bilinear_value_n0,0.098385825,-0.095616889,0,0,0.90161418,-0.095616889,anime,w-high.g-none.v-none,101
logger,policies/oracle_bilinear_likelihood_n0,0.097341636,-0.095161277,0,0,0.90265836,-0.095161277,anime,w-high.g-none.v-none,101
logger,policies/oracle_bilinear_value_n0,0.099785713,-0.094544468,0,0,0.90021429,-0.094544468,anime,w-high.g-none.v-none,101
logger,policies/oracle_blob_likelihood_n0,0.095160073,-0.097285676,0,0,0.90483993,-0.097285676,anime,w-high.g-none.v-none,101
logger,policies/oracle_blob_value_n0,0.096694529,-0.09565408,0,0,0.90330547,-0.09565408,anime,w-high.g-none.v-none,101
logger,run_blob_main_25k_mnq/blob_mnq_n25000,0.62182281,-0.0048321712,0,0,0.37817719,-0.0048321712,anime,w-high.g-none.v-none,101
logger,run_blob_main_25k_nq/blob_nq_n25000,0.60417077,-0.0055431985,0,0,0.39582923,-0.0055431985,anime,w-high.g-none.v-none,101
logger,run_replay_cap_rho0_25k_anime/causecap_c_r000_n25000,0.13640696,-0.043453108,0,0,0.86359304,-0.043453108,anime,w-high.g-none.v-none,101
logger,run_replay_cap_rho0_25k_anime/causecap_t_r000_n25000,0.13565504,-0.043482652,0,0,0.86434496,-0.043482652,anime,w-high.g-none.v-none,101
logger,run_replay_opc_25k_anime/opc_n25000_r0,0.32534716,-0.028191725,0,0,0.67465284,-0.028191725,anime,w-high.g-none.v-none,101
policies/oracle_affine_bilinear_likelihood_n0,policies/oracle_affine_bilinear_value_n0,0.80612347,0.0015306988,0.10684754,0.00088269342,0.08702899,0.00064800535,anime,w-high.g-none.v-none,101
policies/oracle_affine_bilinear_likelihood_n0,policies/oracle_bilinear_likelihood_n0,0.84074436,0.0019863111,0.082273179,0.0010022963,0.076982463,0.00098401481,anime,w-high.g-none.v-none,101
policies/oracle_affine_bilinear_likelihood_n0,policies/oracle_bilinear_value_n0,0.75929802,0.0026031199,0.13368497,0.001488915,0.10701701,0.0011142049,anime,w-high.g-none.v-none,101
policies/oracle_affine_bilinear_likelihood_n0,policies/oracle_blob_likelihood_n0,0.95949163,-0.00013808781,0.020256646,-5.7746496e-05,0.020251719,-8.0341313e-05,anime,w-high.g-none.v-none,101
policies/oracle_affine_bilinear_likelihood_n0,policies/oracle_blob_value_n0,0.78772594,0.0014935086,0.11136244,0.00083152224,0.10091162,0.00066198632,anime,w-high.g-none.v-none,101
policies/oracle_affine_bilinear_likelihood_n0,run_blob_main_25k_mnq/blob_mnq_n25000,0.09879903,0.092315417,0.86758458,0.089105692,0.03361639,0.0032097246,anime,w-high.g-none.v-none,101
policies/oracle_affine_bilinear_likelihood_n0,run_blob_main_25k_nq/blob_nq_n25000,0.099577187,0.09160439,0.86492358,0.0881126,0.035499237,0.00349179,anime,w-high.g-none.v-none,101
policies/oracle_affine_bilinear_likelihood_n0,run_replay_cap_rho0_25k_anime/causecap_c_r000_n25000,0.23549883,0.05369448,0.46670338,0.030490278,0.29779779,0.023204201,anime,w-high.g-none.v-none,101
policies/oracle_affine_bilinear_likelihood_n0,run_replay_cap_rho0_25k_anime/causecap_t_r000_n25000,0.23501806,0.053664936,0.46529502,0.030301004,0.29968691,0.023363932,anime,w-high.g-none.v-none,101
policies/oracle_affine_bilinear_likelihood_n0,run_replay_opc_25k_anime/opc_n25000_r0,0.16643742,0.068955863,0.72890456,0.060240794,0.10465801,0.0087150695,anime,w-high.g-none.v-none,101
policies/oracle_affine_bilinear_value_n0,policies/oracle_bilinear_likelihood_n0,0.74931697,0.00045561238,0.11826172,0.00026218789,0.13242131,0.00019342449,anime,w-high.g-none.v-none,101
policies/oracle_affine_bilinear_value_n0,policies/oracle_bilinear_value_n0,0.90610085,0.0010724211,0.050329188,0.00058120686,0.043569961,0.00049121428,anime,w-high.g-none.v-none,101
policies/oracle_affine_bilinear_value_n0,policies/oracle_blob_likelihood_n0,0.80273377,-0.0016687866,0.088688073,-0.00071203303,0.10857816,-0.00095675354,anime,w-high.g-none.v-none,101
policies/oracle_affine_bilinear_value_n0,policies/oracle_blob_value_n0,0.87300996,-3.71902e-05,0.058988733,1.1565374e-05,0.068001303,-4.8755574e-05,anime,w-high.g-none.v-none,101
policies/oracle_affine_bilinear_value_n0,run_blob_main_25k_mnq/blob_mnq_n25000,0.10392961,0.090784718,0.86183357,0.087511491,0.034236824,0.0032732269,anime,w-high.g-none.v-none,101
policies/oracle_affine_bilinear_value_n0,run_blob_main_25k_nq/blob_nq_n25000,0.10437142,0.090073691,0.85912222,0.086509601,0.03650636,0.00356409,anime,w-high.g-none.v-none,101
policies/oracle_affine_bilinear_value_n0,run_replay_cap_rho0_25k_anime/causecap_c_r000_n25000,0.24857549,0.052163781,0.45199655,0.029121065,0.29942796,0.023042716,anime,w-high.g-none.v-none,101
policies/oracle_affine_bilinear_value_n0,run_replay_cap_rho0_25k_anime/causecap_t_r000_n25000,0.24779614,0.052134237,0.45099833,0.028916398,0.30120553,0.02321784,anime,w-high.g-none.v-none,101
policies/oracle_affine_bilinear_value_n0,run_replay_opc_25k_anime/opc_n25000_r0,0.17751737,0.067425164,0.71731824,0.058756523,0.10516439,0.0086686414,anime,w-high.g-none.v-none,101
policies/oracle_bilinear_likelihood_n0,policies/oracle_bilinear_value_n0,0.71522984,0.00061680876,0.15323426,0.00038131383,0.1315359,0.00023549493,anime,w-high.g-none.v-none,101
policies/oracle_bilinear_likelihood_n0,policies/oracle_blob_likelihood_n0,0.82461711,-0.0021243989,0.085159037,-0.0010545389,0.090223849,-0.00106986,anime,w-high.g-none.v-none,101
policies/oracle_bilinear_likelihood_n0,policies/oracle_blob_value_n0,0.72903667,-0.00049280258,0.1385274,-0.0002385025,0.13243593,-0.00025430008,anime,w-high.g-none.v-none,101
policies/oracle_bilinear_likelihood_n0,run_blob_main_25k_mnq/blob_mnq_n25000,0.10070201,0.090329106,0.86499931,0.087111241,0.03429868,0.003217865,anime,w-high.g-none.v-none,101
policies/oracle_bilinear_likelihood_n0,run_blob_main_25k_nq/blob_nq_n25000,0.10153257,0.089618078,0.86223738,0.08612781,0.036230056,0.0034902688,anime,w-high.g-none.v-none,101
policies/oracle_bilinear_likelihood_n0,run_replay_cap_rho0_25k_anime/causecap_c_r000_n25000,0.2380061,0.051708169,0.46334337,0.02906206,0.29865053,0.022646108,anime,w-high.g-none.v-none,101
policies/oracle_bilinear_likelihood_n0,run_replay_cap_rho0_25k_anime/causecap_t_r000_n25000,0.23789036,0.051678625,0.46136392,0.028847333,0.30074572,0.022831292,anime,w-high.g-none.v-none,101
policies/oracle_bilinear_likelihood_n0,run_replay_opc_25k_anime/opc_n25000_r0,0.16756933,0.066969552,0.72457493,0.05826429,0.10785574,0.0087052619,anime,w-high.g-none.v-none,101
policies/oracle_bilinear_value_n0,policies/oracle_blob_likelihood_n0,0.75688688,-0.0027412077,0.10805407,-0.0011754739,0.13505905,-0.0015657338,anime,w-high.g-none.v-none,101
policies/oracle_bilinear_value_n0,policies/oracle_blob_value_n0,0.84260742,-0.0011096113,0.070359323,-0.00048003207,0.087033259,-0.00062957927,anime,w-high.g-none.v-none,101
policies/oracle_bilinear_value_n0,run_blob_main_25k_mnq/blob_mnq_n25000,0.10447996,0.089712297,0.8604565,0.086356327,0.035063538,0.0033559696,anime,w-high.g-none.v-none,101
policies/oracle_bilinear_value_n0,run_blob_main_25k_nq/blob_nq_n25000,0.10495406,0.08900127,0.85795631,0.085367043,0.037089622,0.0036342266,anime,w-high.g-none.v-none,101
policies/oracle_bilinear_value_n0,run_replay_cap_rho0_25k_anime/causecap_c_r000_n25000,0.25126642,0.05109136,0.4483499,0.028390301,0.30038368,0.022701059,anime,w-high.g-none.v-none,101
policies/oracle_bilinear_value_n0,run_replay_cap_rho0_25k_anime/causecap_t_r000_n25000,0.25040633,0.051061816,0.44736053,0.028155342,0.30223314,0.022906474,anime,w-high.g-none.v-none,101
policies/oracle_bilinear_value_n0,run_replay_opc_25k_anime/opc_n25000_r0,0.18061805,0.066352743,0.71325136,0.057673424,0.10613059,0.0086793193,anime,w-high.g-none.v-none,101
policies/oracle_blob_likelihood_n0,policies/oracle_blob_value_n0,0.78865828,0.0016315964,0.11090393,0.0009067519,0.10043779,0.00072484447,anime,w-high.g-none.v-none,101
policies/oracle_blob_likelihood_n0,run_blob_main_25k_mnq/blob_mnq_n25000,0.099569093,0.092453505,0.86684631,0.089242942,0.033584597,0.0032105628,anime,w-high.g-none.v-none,101
policies/oracle_blob_likelihood_n0,run_blob_main_25k_nq/blob_nq_n25000,0.10046191,0.091742477,0.86411312,0.088249347,0.035424972,0.0034931307,anime,w-high.g-none.v-none,101
policies/oracle_blob_likelihood_n0,run_replay_cap_rho0_25k_anime/causecap_c_r000_n25000,0.23632265,0.053832568,0.46628562,0.030604263,0.29739173,0.023228304,anime,w-high.g-none.v-none,101
policies/oracle_blob_likelihood_n0,run_replay_cap_rho0_25k_anime/causecap_t_r000_n25000,0.2357026,0.053803024,0.4648108,0.030417449,0.2994866,0.023385575,anime,w-high.g-none.v-none,101
policies/oracle_blob_likelihood_n0,run_replay_opc_25k_anime/opc_n25000_r0,0.16758945,0.069093951,0.72793185,0.060361118,0.1044787,0.0087328331,anime,w-high.g-none.v-none,101
policies/oracle_blob_value_n0,run_blob_main_25k_mnq/blob_mnq_n25000,0.10190994,0.090821908,0.86424777,0.087589445,0.033842288,0.0032324636,anime,w-high.g-none.v-none,101
policies/oracle_blob_value_n0,run_blob_main_25k_nq/blob_nq_n25000,0.10255966,0.090110881,0.86137443,0.086587788,0.036065909,0.0035230928,anime,w-high.g-none.v-none,101
policies/oracle_blob_value_n0,run_replay_cap_rho0_25k_anime/causecap_c_r000_n25000,0.24698532,0.052200971,0.45608082,0.029354736,0.29693387,0.022846235,anime,w-high.g-none.v-none,101
policies/oracle_blob_value_n0,run_replay_cap_rho0_25k_anime/causecap_t_r000_n25000,0.24617871,0.052171428,0.45481942,0.02914819,0.29900187,0.023023238,anime,w-high.g-none.v-none,101
policies/oracle_blob_value_n0,run_replay_opc_25k_anime/opc_n25000_r0,0.17658884,0.067462354,0.71970588,0.058846753,0.10370528,0.0086156018,anime,w-high.g-none.v-none,101
run_blob_main_25k_mnq/blob_mnq_n25000,run_blob_main_25k_nq/blob_nq_n25000,0.86458789,-0.00071102733,0.053719481,-0.00040880419,0.081692633,-0.00030222314,anime,w-high.g-none.v-none,101
run_blob_main_25k_mnq/blob_mnq_n25000,run_replay_cap_rho0_25k_anime/causecap_c_r000_n25000,0.14852684,-0.038620937,0.043520288,-0.002577404,0.80795287,-0.036043533,anime,w-high.g-none.v-none,101
run_blob_main_25k_mnq/blob_mnq_n25000,run_replay_cap_rho0_25k_anime/causecap_t_r000_n25000,0.14791153,-0.038650481,0.043472729,-0.0025767034,0.80861574,-0.036073777,anime,w-high.g-none.v-none,101
run_blob_main_25k_mnq/blob_mnq_n25000,run_replay_opc_25k_anime/opc_n25000_r0,0.35513451,-0.023359554,0.09494926,-0.0031787437,0.54991623,-0.02018081,anime,w-high.g-none.v-none,101
run_blob_main_25k_nq/blob_nq_n25000,run_replay_cap_rho0_25k_anime/causecap_c_r000_n25000,0.15011628,-0.03790991,0.046476782,-0.0028086065,0.80340694,-0.035101303,anime,w-high.g-none.v-none,101
run_blob_main_25k_nq/blob_nq_n25000,run_replay_cap_rho0_25k_anime/causecap_t_r000_n25000,0.14950148,-0.037939453,0.046563865,-0.0028160708,0.80393466,-0.035123383,anime,w-high.g-none.v-none,101
run_blob_main_25k_nq/blob_nq_n25000,run_replay_opc_25k_anime/opc_n25000_r0,0.3665716,-0.022648527,0.098737944,-0.0033456683,0.53469045,-0.019302858,anime,w-high.g-none.v-none,101
run_replay_cap_rho0_25k_anime/causecap_c_r000_n25000,run_replay_cap_rho0_25k_anime/causecap_t_r000_n25000,0.94712351,-2.9543584e-05,0.024707109,-0.00034240155,0.028169385,0.00031285797,anime,w-high.g-none.v-none,101
run_replay_cap_rho0_25k_anime/causecap_c_r000_n25000,run_replay_opc_25k_anime/opc_n25000_r0,0.26664201,0.015261383,0.61646442,0.011753066,0.11689358,0.0035083177,anime,w-high.g-none.v-none,101
run_replay_cap_rho0_25k_anime/causecap_t_r000_n25000,run_replay_opc_25k_anime/opc_n25000_r0,0.26372552,0.015290927,0.61804234,0.011774198,0.11823215,0.0035167285,anime,w-high.g-none.v-none,101
blob_prior_mean,logger,0.80341513,-0.00027879002,0.19658487,-0.00027879002,0,0,anime,w-none.g-high.v-none,100
blob_prior_mean,policies/oracle_affine_bilinear_likelihood_n0,0.31325094,-0.02575162,0.044264286,-0.0023376223,0.64248477,-0.023413997,anime,w-none.g-high.v-none,100
blob_prior_mean,policies/oracle_affine_bilinear_value_n0,0.27333156,-0.03308885,0.041341948,-0.0023745309,0.6853265,-0.030714319,anime,w-none.g-high.v-none,100
blob_prior_mean,policies/oracle_bilinear_likelihood_n0,0.31417445,-0.023050219,0.045576835,-0.0022714167,0.64024872,-0.020778802,anime,w-none.g-high.v-none,100
blob_prior_mean,policies/oracle_bilinear_value_n0,0.27548061,-0.032348828,0.04263142,-0.0023798795,0.68188797,-0.029968949,anime,w-none.g-high.v-none,100
blob_prior_mean,policies/oracle_blob_likelihood_n0,0.25883314,-0.020871136,0.038237358,-0.0023234416,0.7029295,-0.018547694,anime,w-none.g-high.v-none,100
blob_prior_mean,policies/oracle_blob_value_n0,0.26890114,-0.034822979,0.041804815,-0.0024830972,0.68929405,-0.032339882,anime,w-none.g-high.v-none,100
blob_prior_mean,run_blob_main_25k_mnq/blob_mnq_n25000,0.74437148,-0.0047272143,0.064623151,-0.0015080668,0.19100537,-0.0032191475,anime,w-none.g-high.v-none,100
blob_prior_mean,run_blob_main_25k_nq/blob_nq_n25000,0.74895406,-0.0045922099,0.06464754,-0.0015399398,0.1863984,-0.0030522701,anime,w-none.g-high.v-none,100
blob_prior_mean,run_replay_cap_rho0_25k_anime/causecap_c_r000_n25000,0.42361406,-0.011798427,0.058579372,-0.0018639711,0.51780656,-0.0099344555,anime,w-none.g-high.v-none,100
blob_prior_mean,run_replay_cap_rho0_25k_anime/causecap_t_r000_n25000,0.42361261,-0.011798279,0.058579372,-0.0018639711,0.51780801,-0.0099343079,anime,w-none.g-high.v-none,100
blob_prior_mean,run_replay_opc_25k_anime/opc_n25000_r0,0.45737555,-0.011219206,0.060678094,-0.0017851121,0.48194635,-0.0094340941,anime,w-none.g-high.v-none,100
logger,policies/oracle_affine_bilinear_likelihood_n0,0.31114401,-0.02547283,0,0,0.68885599,-0.02547283,anime,w-none.g-high.v-none,100
logger,policies/oracle_affine_bilinear_value_n0,0.27449335,-0.03281006,0,0,0.72550665,-0.03281006,anime,w-none.g-high.v-none,100
logger,policies/oracle_bilinear_likelihood_n0,0.31321773,-0.022771429,0,0,0.68678227,-0.022771429,anime,w-none.g-high.v-none,100
logger,policies/oracle_bilinear_value_n0,0.27781784,-0.032070038,0,0,0.72218216,-0.032070038,anime,w-none.g-high.v-none,100
logger,policies/oracle_blob_likelihood_n0,0.25870614,-0.020592346,0,0,0.74129386,-0.020592346,anime,w-none.g-high.v-none,100
logger,policies/oracle_blob_value_n0,0.27043866,-0.034544189,0,0,0.72956134,-0.034544189,anime,w-none.g-high.v-none,100
logger,run_blob_main_25k_mnq/blob_mnq_n25000,0.69425072,-0.0044484243,0,0,0.30574928,-0.0044484243,anime,w-none.g-high.v-none,100
logger,run_blob_main_25k_nq/blob_nq_n25000,0.6979837,-0.0043134198,0,0,0.3020163,-0.0043134198,anime,w-none.g-high.v-none,100
logger,run_replay_cap_rho0_25k_anime/causecap_c_r000_n25000,0.41920222,-0.011519637,0,0,0.58079778,-0.011519637,anime,w-none.g-high.v-none,100
logger,run_replay_cap_rho0_25k_anime/causecap_t_r000_n25000,0.41920077,-0.011519489,0,0,0.58079923,-0.011519489,anime,w-none.g-high.v-none,100
logger,run_replay_opc_25k_anime/opc_n25000_r0,0.45068476,-0.010940416,0,0,0.54931524,-0.010940416,anime,w-none.g-high.v-none,100
policies/oracle_affine_bilinear_likelihood_n0,policies/oracle_affine_bilinear_value_n0,0.50703392,-0.0073372303,0.2039741,-0.0043286949,0.28899198,-0.0030085353,anime,w-none.g-high.v-none,100
policies/oracle_affine_bilinear_likelihood_n0,policies/oracle_bilinear_likelihood_n0,0.80334506,0.0027014007,0.10087102,0.00061749897,0.095783923,0.0020839017,anime,w-none.g-high.v-none,100
policies/oracle_affine_bilinear_likelihood_n0,policies/oracle_bilinear_value_n0,0.50043005,-0.0065972086,0.21007591,-0.0040689837,0.28949405,-0.0025282249,anime,w-none.g-high.v-none,100
policies/oracle_affine_bilinear_likelihood_n0,policies/oracle_blob_likelihood_n0,0.59706883,0.0048804836,0.13260907,-0.002929364,0.2703221,0.0078098476,anime,w-none.g-high.v-none,100
policies/oracle_affine_bilinear_likelihood_n0,policies/oracle_blob_value_n0,0.49235473,-0.0090713591,0.21188443,-0.0050712672,0.29576084,-0.004000092,anime,w-none.g-high.v-none,100
policies/oracle_affine_bilinear_likelihood_n0,run_blob_main_25k_mnq/blob_mnq_n25000,0.33041147,0.021024405,0.59470191,0.018708198,0.07488662,0.0023162076,anime,w-none.g-high.v-none,100
policies/oracle_affine_bilinear_likelihood_n0,run_blob_main_25k_nq/blob_nq_n25000,0.33195008,0.02115941,0.59582206,0.018777547,0.072227859,0.0023818626,anime,w-none.g-high.v-none,100
policies/oracle_affine_bilinear_likelihood_n0,run_replay_cap_rho0_25k_anime/causecap_c_r000_n25000,0.4205033,0.013953193,0.3936762,0.006688959,0.1858205,0.007264234,anime,w-none.g-high.v-none,100
policies/oracle_affine_bilinear_likelihood_n0,run_replay_cap_rho0_25k_anime/causecap_t_r000_n25000,0.42050475,0.013953341,0.39367475,0.0066891067,0.1858205,0.007264234,anime,w-none.g-high.v-none,100
policies/oracle_affine_bilinear_likelihood_n0,run_replay_opc_25k_anime/opc_n25000_r0,0.38360706,0.014532413,0.43690732,0.0085667718,0.17948562,0.0059656416,anime,w-none.g-high.v-none,100
policies/oracle_affine_bilinear_value_n0,policies/oracle_bilinear_likelihood_n0,0.45320152,0.010038631,0.31776207,0.0042510346,0.22903641,0.0057875964,anime,w-none.g-high.v-none,100
policies/oracle_affine_bilinear_value_n0,policies/oracle_bilinear_value_n0,0.89379822,0.00074002169,0.056143005,0.0001426487,0.050058776,0.00059737299,anime,w-none.g-high.v-none,100
policies/oracle_affine_bilinear_value_n0,policies/oracle_blob_likelihood_n0,0.45692887,0.012217714,0.241971,0.00020659443,0.30110014,0.012011119,anime,w-none.g-high.v-none,100
policies/oracle_affine_bilinear_value_n0,policies/oracle_blob_value_n0,0.7982617,-0.0017341288,0.10092886,-0.0011868503,0.10080944,-0.00054727851,anime,w-none.g-high.v-none,100
policies/oracle_affine_bilinear_value_n0,run_blob_main_25k_mnq/blob_mnq_n25000,0.30354688,0.028361636,0.63393021,0.02591812,0.062522915,0.0024435161,anime,w-none.g-high.v-none,100
policies/oracle_affine_bilinear_value_n0,run_blob_main_25k_nq/blob_nq_n25000,0.30345025,0.02849664,0.6364969,0.026116348,0.06005285,0.0023802925,anime,w-none.g-high.v-none,100
policies/oracle_affine_bilinear_value_n0,run_replay_cap_rho0_25k_anime/causecap_c_r000_n25000,0.35018519,0.021290423,0.4659767,0.013081616,0.18383812,0.0082088071,anime,w-none.g-high.v-none,100
policies/oracle_affine_bilinear_value_n0,run_replay_cap_rho0_25k_anime/causecap_t_r000_n25000,0.35018373,0.021290571,0.4659767,0.013081616,0.18383957,0.0082089547,anime,w-none.g-high.v-none,100
policies/oracle_affine_bilinear_value_n0,run_replay_opc_25k_anime/opc_n25000_r0,0.35939058,0.021869644,0.48531367,0.014915739,0.15529575,0.0069539044,anime,w-none.g-high.v-none,100
policies/oracle_bilinear_likelihood_n0,policies/oracle_bilinear_value_n0,0.45252536,-0.0092986093,0.23213306,-0.0055940979,0.31534157,-0.0037045113,anime,w-none.g-high.v-none,100
policies/oracle_bilinear_likelihood_n0,policies/oracle_blob_likelihood_n0,0.55154039,0.002179083,0.15300697,-0.0041641485,0.29545264,0.0063432315,anime,w-none.g-high.v-none,100
policies/oracle_bilinear_likelihood_n0,policies/oracle_blob_value_n0,0.44569965,-0.01177276,0.23334804,-0.0065545035,0.32095231,-0.0052182563,anime,w-none.g-high.v-none,100
policies/oracle_bilinear_likelihood_n0,run_blob_main_25k_mnq/blob_mnq_n25000,0.32365977,0.018323005,0.59644248,0.016198595,0.079897747,0.0021244095,anime,w-none.g-high.v-none,100
policies/oracle_bilinear_likelihood_n0,run_blob_main_25k_nq/blob_nq_n25000,0.32289459,0.018458009,0.59927047,0.016249454,0.077834941,0.0022085547,anime,w-none.g-high.v-none,100
policies/oracle_bilinear_likelihood_n0,run_replay_cap_rho0_25k_anime/causecap_c_r000_n25000,0.42388483,0.011251792,0.3900872,0.0046718035,0.18602797,0.0065799888,anime,w-none.g-high.v-none,100
policies/oracle_bilinear_likelihood_n0,run_replay_cap_rho0_25k_anime/causecap_t_r000_n25000,0.42388628,0.01125194,0.39008575,0.0046719511,0.18602797,0.0065799888,anime,w-none.g-high.v-none,100
policies/oracle_bilinear_likelihood_n0,run_replay_opc_25k_anime/opc_n25000_r0,0.35866009,0.011831013,0.44551198,0.0064046947,0.19582793,0.005426318,anime,w-none.g-high.v-none,100
policies/oracle_bilinear_value_n0,policies/oracle_blob_likelihood_n0,0.45119252,0.011477692,0.24307008,-0.00021190416,0.3057374,0.011689596,anime,w-none.g-high.v-none,100
policies/oracle_bilinear_value_n0,policies/oracle_blob_value_n0,0.80169661,-0.0024741505,0.095813928,-0.0015434818,0.10248946,-0.00093066872,anime,w-none.g-high.v-none,100
policies/oracle_bilinear_value_n0,run_blob_main_25k_mnq/blob_mnq_n25000,0.30609497,0.027621614,0.63042665,0.025202863,0.063478387,0.0024187512,anime,w-none.g-high.v-none,100
policies/oracle_bilinear_value_n0,run_blob_main_25k_nq/blob_nq_n25000,0.30627322,0.027756618,0.63298492,0.025402592,0.060741864,0.0023540265,anime,w-none.g-high.v-none,100
policies/oracle_bilinear_value_n0,run_replay_cap_rho0_25k_anime/causecap_c_r000_n25000,0.35251111,0.020550402,0.46216637,0.012500123,0.18532252,0.0080502785,anime,w-none.g-high.v-none,100
policies/oracle_bilinear_value_n0,run_replay_cap_rho0_25k_anime/causecap_t_r000_n25000,0.35250966,0.020550549,0.46216637,0.012500123,0.18532397,0.0080504261,anime,w-none.g-high.v-none,100
policies/oracle_bilinear_value_n0,run_replay_opc_25k_anime/opc_n25000_r0,0.36250517,0.021129622,0.48110987,0.014359326,0.15638496,0.0067702956,anime,w-none.g-high.v-none,100
policies/oracle_blob_likelihood_n0,policies/oracle_blob_value_n0,0.47433695,-0.013951843,0.29144877,-0.012780222,0.23421428,-0.0011716203,anime,w-none.g-high.v-none,100
policies/oracle_blob_likelihood_n0,run_blob_main_25k_mnq/blob_mnq_n25000,0.28909843,0.016143922,0.65428711,0.01380258,0.056614452,0.0023413413,anime,w-none.g-high.v-none,100
policies/oracle_blob_likelihood_n0,run_blob_main_25k_nq/blob_nq_n25000,0.28332368,0.016278926,0.65823959,0.013834344,0.058436737,0.0024445824,anime,w-none.g-high.v-none,100
policies/oracle_blob_likelihood_n0,run_replay_cap_rho0_25k_anime/causecap_c_r000_n25000,0.34412597,0.0090727094,0.48884611,0.001293714,0.16702791,0.0077789954,anime,w-none.g-high.v-none,100
policies/oracle_blob_likelihood_n0,run_replay_cap_rho0_25k_anime/causecap_t_r000_n25000,0.34412597,0.009072857,0.48884611,0.0012938616,0.16702791,0.0077789954,anime,w-none.g-high.v-none,100
policies/oracle_blob_likelihood_n0,run_replay_opc_25k_anime/opc_n25000_r0,0.32078238,0.0096519298,0.52273671,0.0030338656,0.15648092,0.0066180641,anime,w-none.g-high.v-none,100
policies/oracle_blob_value_n0,run_blob_main_25k_mnq/blob_mnq_n25000,0.30477587,0.030095764,0.63521147,0.027534586,0.060012661,0.0025611789,anime,w-none.g-high.v-none,100
policies/oracle_blob_value_n0,run_blob_main_25k_nq/blob_nq_n25000,0.3009271,0.030230769,0.6396524,0.027709081,0.059420501,0.0025216876,anime,w-none.g-high.v-none,100
policies/oracle_blob_value_n0,run_replay_cap_rho0_25k_anime/causecap_c_r000_n25000,0.34189905,0.023024552,0.47191886,0.014400787,0.18618209,0.0086237652,anime,w-none.g-high.v-none,100
policies/oracle_blob_value_n0,run_replay_cap_rho0_25k_anime/causecap_t_r000_n25000,0.3419005,0.0230247,0.47191741,0.014400935,0.18618209,0.0086237652,anime,w-none.g-high.v-none,100
policies/oracle_blob_value_n0,run_replay_opc_25k_anime/opc_n25000_r0,0.34893811,0.023603773,0.49176021,0.016180284,0.15930168,0.0074234886,anime,w-none.g-high.v-none,100
run_blob_main_25k_mnq/blob_mnq_n25000,run_blob_main_25k_nq/blob_nq_n25000,0.87363639,0.00013500443,0.065922094,0.00020285282,0.060441513,-6.7848386e-05,anime,w-none.g-high.v-none,100
run_blob_main_25k_mnq/blob_mnq_n25000,run_replay_cap_rho0_25k_anime/causecap_c_r000_n25000,0.44615349,-0.0070712124,0.094460284,-0.0011757975,0.45938622,-0.0058954148,anime,w-none.g-high.v-none,100
run_blob_main_25k_mnq/blob_mnq_n25000,run_replay_cap_rho0_25k_anime/causecap_t_r000_n25000,0.44615204,-0.0070710647,0.094460284,-0.0011757975,0.45938767,-0.0058952672,anime,w-none.g-high.v-none,100
run_blob_main_25k_mnq/blob_mnq_n25000,run_replay_opc_25k_anime/opc_n25000_r0,0.49009058,-0.006491992,0.095665616,-0.00089651052,0.4142438,-0.0055954814,anime,w-none.g-high.v-none,100
run_blob_main_25k_nq/blob_nq_n25000,run_replay_cap_rho0_25k_anime/causecap_c_r000_n25000,0.44309517,-0.0072062168,0.092352715,-0.0012421123,0.46455212,-0.0059641044,anime,w-none.g-high.v-none,100
run_blob_main_25k_nq/blob_nq_n25000,run_replay_cap_rho0_25k_anime/causecap_t_r000_n25000,0.44309372,-0.0072060692,0.092352715,-0.0012421123,0.46455357,-0.0059639568,anime,w-none.g-high.v-none,100
run_blob_main_25k_nq/blob_nq_n25000,run_replay_opc_25k_anime/opc_n25000_r0,0.49931727,-0.0066269964,0.088193521,-0.00095502477,0.41248921,-0.0056719716,anime,w-none.g-high.v-none,100
run_replay_cap_rho0_25k_anime/causecap_c_r000_n25000,run_replay_cap_rho0_25k_anime/causecap_t_r000_n25000,0.99999855,1.47617e-07,0,0,1.4509138e-06,1.47617e-07,anime,w-none.g-high.v-none,100
run_replay_cap_rho0_25k_anime/causecap_c_r000_n25000,run_replay_opc_25k_anime/opc_n25000_r0,0.50985633,0.00057922039,0.27175596,-0.0012160335,0.21838771,0.0017952539,anime,w-none.g-high.v-none,100
run_replay_cap_rho0_25k_anime/causecap_t_r000_n25000,run_replay_opc_25k_anime/opc_n25000_r0,0.50985778,0.00057907277,0.27175596,-0.0012160335,0.21838626,0.0017951063,anime,w-none.g-high.v-none,100
blob_prior_mean,logger,0.81115294,0.0010392239,0.18884706,0.0010392239,0,0,anime,w-none.g-high.v-none,101
blob_prior_mean,policies/oracle_affine_bilinear_likelihood_n0,0.27423065,-0.032698972,0.03373574,-0.0021486349,0.69203361,-0.030550337,anime,w-none.g-high.v-none,101
blob_prior_mean,policies/oracle_affine_bilinear_value_n0,0.23198153,-0.042587739,0.028739033,-0.0019891809,0.73927944,-0.040598558,anime,w-none.g-high.v-none,101
blob_prior_mean,policies/oracle_bilinear_likelihood_n0,0.27918085,-0.029863111,0.036105585,-0.0021528832,0.68471357,-0.027710228,anime,w-none.g-high.v-none,101
blob_prior_mean,policies/oracle_bilinear_value_n0,0.23507503,-0.042170694,0.029498695,-0.0020214398,0.73542627,-0.040149255,anime,w-none.g-high.v-none,101
blob_prior_mean,policies/oracle_blob_likelihood_n0,0.24358365,-0.031034775,0.030545632,-0.0021262651,0.72587072,-0.02890851,anime,w-none.g-high.v-none,101
blob_prior_mean,policies/oracle_blob_value_n0,0.23076915,-0.044248358,0.029185239,-0.0020379392,0.74004561,-0.042210419,anime,w-none.g-high.v-none,101
blob_prior_mean,run_blob_main_25k_mnq/blob_mnq_n25000,0.77789727,-0.0066740038,0.04325443,-0.0013867007,0.1788483,-0.0052873031,anime,w-none.g-high.v-none,101
blob_prior_mean,run_blob_main_25k_nq/blob_nq_n25000,0.62121243,-0.0057158369,0.05283448,-0.00088383234,0.32595309,-0.0048320046,anime,w-none.g-high.v-none,101
blob_prior_mean,run_replay_cap_rho0_25k_anime/causecap_c_r000_n25000,0.32574159,-0.011457493,0.041975961,-0.0013673178,0.63228245,-0.010090175,anime,w-none.g-high.v-none,101
blob_prior_mean,run_replay_cap_rho0_25k_anime/causecap_t_r000_n25000,0.32574848,-0.011465661,0.041976238,-0.0013693421,0.63227529,-0.010096319,anime,w-none.g-high.v-none,101
blob_prior_mean,run_replay_opc_25k_anime/opc_n25000_r0,0.4943543,-0.015964041,0.060914911,-0.001664478,0.44473079,-0.014299563,anime,w-none.g-high.v-none,101
logger,policies/oracle_affine_bilinear_likelihood_n0,0.26604053,-0.033738196,0,0,0.73395947,-0.033738196,anime,w-none.g-high.v-none,101
logger,policies/oracle_affine_bilinear_value_n0,0.2270224,-0.043626963,0,0,0.7729776,-0.043626963,anime,w-none.g-high.v-none,101
logger,policies/oracle_bilinear_likelihood_n0,0.27495534,-0.030902335,0,0,0.72504466,-0.030902335,anime,w-none.g-high.v-none,101
logger,policies/oracle_bilinear_value_n0,0.23025676,-0.043209918,0,0,0.76974324,-0.043209918,anime,w-none.g-high.v-none,101
logger,policies/oracle_blob_likelihood_n0,0.23642599,-0.032073999,0,0,0.76357401,-0.032073999,anime,w-none.g-high.v-none,101
logger,policies/oracle_blob_value_n0,0.22634789,-0.045287582,0,0,0.77365211,-0.045287582,anime,w-none.g-high.v-none,101
logger,run_blob_main_25k_mnq/blob_mnq_n25000,0.69229494,-0.0077132277,0,0,0.30770506,-0.0077132277,anime,w-none.g-high.v-none,101
logger,run_blob_main_25k_nq/blob_nq_n25000,0.57596746,-0.0067550608,0,0,0.42403254,-0.0067550608,anime,w-none.g-high.v-none,101
logger,run_replay_cap_rho0_25k_anime/causecap_c_r000_n25000,0.32091107,-0.012496717,0,0,0.67908893,-0.012496717,anime,w-none.g-high.v-none,101
logger,run_replay_cap_rho0_25k_anime/causecap_t_r000_n25000,0.32091823,-0.012504885,0,0,0.67908177,-0.012504885,anime,w-none.g-high.v-none,101
logger,run_replay_opc_25k_anime/opc_n25000_r0,0.48883875,-0.017003264,0,0,0.51116125,-0.017003264,anime,w-none.g-high.v-none,101
policies/oracle_affine_bilinear_likelihood_n0,policies/oracle_affine_bilinear_value_n0,0.48935895,-0.0098887673,0.19668385,-0.0043780274,0.3139572,-0.00551074,anime,w-none.g-high.v-none,101
policies/oracle_affine_bilinear_likelihood_n0,policies/oracle_bilinear_likelihood_n0,0.77794998,0.0028358613,0.12126195,0.00044105778,0.10078807,0.0023948035,anime,w-none.g-high.v-none,101
policies/oracle_affine_bilinear_likelihood_n0,policies/oracle_bilinear_value_n0,0.48709567,-0.0094717225,0.20338654,-0.0042454242,0.3095178,-0.0052262982,anime,w-none.g-high.v-none,101
policies/oracle_affine_bilinear_likelihood_n0,policies/oracle_blob_likelihood_n0,0.62489358,0.0016641971,0.13910473,-0.0022886005,0.23600169,0.0039527975,anime,w-none.g-high.v-none,101
policies/oracle_affine_bilinear_likelihood_n0,policies/oracle_blob_value_n0,0.47363444,-0.011549386,0.2050279,-0.0049148151,0.32133765,-0.0066345712,anime,w-none.g-high.v-none,101
policies/oracle_affine_bilinear_likelihood_n0,run_blob_main_25k_mnq/blob_mnq_n25000,0.30778348,0.026024968,0.63612198,0.023978063,0.056094544,0.002046905,anime,w-none.g-high.v-none,101
policies/oracle_affine_bilinear_likelihood_n0,run_blob_main_25k_nq/blob_nq_n25000,0.28750686,0.026983135,0.60375039,0.022827939,0.10874275,0.0041551962,anime,w-none.g-high.v-none,101
policies/oracle_affine_bilinear_likelihood_n0,run_replay_cap_rho0_25k_anime/causecap_c_r000_n25000,0.36926563,0.021241479,0.37999281,0.0091578697,0.25074156,0.012083609,anime,w-none.g-high.v-none,101
policies/oracle_affine_bilinear_likelihood_n0,run_replay_cap_rho0_25k_anime/causecap_t_r000_n25000,0.36933833,0.021233311,0.37992201,0.0091473043,0.25073966,0.012086007,anime,w-none.g-high.v-none,101
policies/oracle_affine_bilinear_likelihood_n0,run_replay_opc_25k_anime/opc_n25000_r0,0.38743482,0.016734931,0.48974464,0.012187022,0.12282054,0.0045479096,anime,w-none.g-high.v-none,101
policies/oracle_affine_bilinear_value_n0,policies/oracle_bilinear_likelihood_n0,0.44209683,0.012724629,0.34774412,0.0069812028,0.21015905,0.0057434258,anime,w-none.g-high.v-none,101
policies/oracle_affine_bilinear_value_n0,policies/oracle_bilinear_value_n0,0.91309909,0.00041704488,0.048894237,5.9160416e-05,0.038006669,0.00035788446,anime,w-none.g-high.v-none,101
policies/oracle_affine_bilinear_value_n0,policies/oracle_blob_likelihood_n0,0.44734537,0.011552964,0.28902654,0.0034641608,0.2636281,0.0080888036,anime,w-none.g-high.v-none,101
policies/oracle_affine_bilinear_value_n0,policies/oracle_blob_value_n0,0.82149274,-0.001660619,0.08956515,-0.0010739625,0.088942111,-0.00058665648,anime,w-none.g-high.v-none,101
policies/oracle_affine_bilinear_value_n0,run_blob_main_25k_mnq/blob_mnq_n25000,0.26635845,0.035913736,0.68841909,0.033791949,0.045222459,0.0021217868,anime,w-none.g-high.v-none,101
policies/oracle_affine_bilinear_value_n0,run_blob_main_25k_nq/blob_nq_n25000,0.24750425,0.036871902,0.65885927,0.032520847,0.093636486,0.0043510549,anime,w-none.g-high.v-none,101
policies/oracle_affine_bilinear_value_n0,run_replay_cap_rho0_25k_anime/causecap_c_r000_n25000,0.29343468,0.031130246,0.46744206,0.017754448,0.23912326,0.013375798,anime,w-none.g-high.v-none,101
policies/oracle_affine_bilinear_value_n0,run_replay_cap_rho0_25k_anime/causecap_t_r000_n25000,0.29348987,0.031122078,0.46741987,0.017746766,0.23909025,0.013375312,anime,w-none.g-high.v-none,101
policies/oracle_affine_bilinear_value_n0,run_replay_opc_25k_anime/opc_n25000_r0,0.3462689,0.026623699,0.55569415,0.021904532,0.098036952,0.0047191664,anime,w-none.g-high.v-none,101
policies/oracle_bilinear_likelihood_n0,policies/oracle_bilinear_value_n0,0.44567797,-0.012307584,0.21450926,-0.0055940783,0.33981277,-0.0067135055,anime,w-none.g-high.v-none,101
policies/oracle_bilinear_likelihood_n0,policies/oracle_blob_likelihood_n0,0.58048664,-0.0011716642,0.15264403,-0.0036353984,0.26686933,0.0024637342,anime,w-none.g-high.v-none,101
policies/oracle_bilinear_likelihood_n0,policies/oracle_blob_value_n0,0.43547903,-0.014385248,0.21491295,-0.006182232,0.34960802,-0.0082030157,anime,w-none.g-high.v-none,101
policies/oracle_bilinear_likelihood_n0,run_blob_main_25k_mnq/blob_mnq_n25000,0.30521433,0.023189107,0.63256087,0.021208281,0.0622248,0.0019808256,anime,w-none.g-high.v-none,101
policies/oracle_bilinear_likelihood_n0,run_blob_main_25k_nq/blob_nq_n25000,0.2837196,0.024147274,0.59873981,0.020088181,0.11754059,0.0040590926,anime,w-none.g-high.v-none,101
policies/oracle_bilinear_likelihood_n0,run_replay_cap_rho0_25k_anime/causecap_c_r000_n25000,0.36550524,0.018405618,0.37228262,0.0070040262,0.26221214,0.011401591,anime,w-none.g-high.v-none,101
policies/oracle_bilinear_likelihood_n0,run_replay_cap_rho0_25k_anime/causecap_t_r000_n25000,0.36555593,0.01839745,0.37222507,0.0069926964,0.262219,0.011404753,anime,w-none.g-high.v-none,101
policies/oracle_bilinear_likelihood_n0,run_replay_opc_25k_anime/opc_n25000_r0,0.36288749,0.01389907,0.49583571,0.0096925802,0.1412768,0.00420649,anime,w-none.g-high.v-none,101
policies/oracle_bilinear_value_n0,policies/oracle_blob_likelihood_n0,0.44307567,0.01113592,0.28585522,0.0032618294,0.27106912,0.0078740902,anime,w-none.g-high.v-none,101
policies/oracle_bilinear_value_n0,policies/oracle_blob_value_n0,0.82935704,-0.0020776639,0.08060233,-0.0011666118,0.090040633,-0.00091105207,anime,w-none.g-high.v-none,101
policies/oracle_bilinear_value_n0,run_blob_main_25k_mnq/blob_mnq_n25000,0.27031701,0.035496691,0.68385018,0.033369827,0.045832809,0.0021268634,anime,w-none.g-high.v-none,101
policies/oracle_bilinear_value_n0,run_blob_main_25k_nq/blob_nq_n25000,0.25122447,0.036454858,0.65437472,0.032136252,0.094400811,0.0043186058,anime,w-none.g-high.v-none,101
policies/oracle_bilinear_value_n0,run_replay_cap_rho0_25k_anime/causecap_c_r000_n25000,0.29614,0.030713201,0.46243172,0.017471595,0.24142828,0.013241607,anime,w-none.g-high.v-none,101
policies/oracle_bilinear_value_n0,run_replay_cap_rho0_25k_anime/causecap_t_r000_n25000,0.2961952,0.030705033,0.46240953,0.017463913,0.24139527,0.01324112,anime,w-none.g-high.v-none,101
policies/oracle_bilinear_value_n0,run_replay_opc_25k_anime/opc_n25000_r0,0.35027247,0.026206654,0.54986305,0.021459725,0.099864483,0.0047469293,anime,w-none.g-high.v-none,101
policies/oracle_blob_likelihood_n0,policies/oracle_blob_value_n0,0.44790626,-0.013213583,0.26380378,-0.0087417977,0.28828996,-0.0044717857,anime,w-none.g-high.v-none,101
policies/oracle_blob_likelihood_n0,run_blob_main_25k_mnq/blob_mnq_n25000,0.2772906,0.024360771,0.67338742,0.022218083,0.04932198,0.002142688,anime,w-none.g-high.v-none,101
policies/oracle_blob_likelihood_n0,run_blob_main_25k_nq/blob_nq_n25000,0.25791328,0.025318938,0.64336794,0.021000874,0.098718784,0.0043180642,anime,w-none.g-high.v-none,101
policies/oracle_blob_likelihood_n0,run_replay_cap_rho0_25k_anime/causecap_c_r000_n25000,0.3171912,0.019577282,0.44692682,0.0072181618,0.23588198,0.01235912,anime,w-none.g-high.v-none,101
policies/oracle_blob_likelihood_n0,run_replay_cap_rho0_25k_anime/causecap_t_r000_n25000,0.31723278,0.019569114,0.44686101,0.007207462,0.23590621,0.012361652,anime,w-none.g-high.v-none,101
policies/oracle_blob_likelihood_n0,run_replay_opc_25k_anime/opc_n25000_r0,0.34063245,0.015070734,0.54258704,0.010217469,0.11678051,0.0048532652,anime,w-none.g-high.v-none,101
policies/oracle_blob_value_n0,run_blob_main_25k_mnq/blob_mnq_n25000,0.26551852,0.037574354,0.68908549,0.035412847,0.045395991,0.0021615072,anime,w-none.g-high.v-none,101
policies/oracle_blob_value_n0,run_blob_main_25k_nq/blob_nq_n25000,0.25163573,0.038532521,0.65744406,0.034183709,0.090920203,0.0043488127,anime,w-none.g-high.v-none,101
policies/oracle_blob_value_n0,run_replay_cap_rho0_25k_anime/causecap_c_r000_n25000,0.29078338,0.032790865,0.46879768,0.019215915,0.24041894,0.01357495,anime,w-none.g-high.v-none,101
policies/oracle_blob_value_n0,run_replay_cap_rho0_25k_anime/causecap_t_r000_n25000,0.29083858,0.032782697,0.4687755,0.019208234,0.24038592,0.013574463,anime,w-none.g-high.v-none,101
policies/oracle_blob_value_n0,run_replay_opc_25k_anime/opc_n25000_r0,0.33989195,0.028284318,0.55877747,0.023266272,0.10133057,0.0050180461,anime,w-none.g-high.v-none,101
run_blob_main_25k_mnq/blob_mnq_n25000,run_blob_main_25k_nq/blob_nq_n25000,0.69934484,0.00095816688,0.076409391,0.00068063711,0.22424577,0.00027752977,anime,w-none.g-high.v-none,101
run_blob_main_25k_mnq/blob_mnq_n25000,run_replay_cap_rho0_25k_anime/causecap_c_r000_n25000,0.36586032,-0.0047834893,0.063135858,-0.00061814717,0.57100382,-0.0041653422,anime,w-none.g-high.v-none,101
run_blob_main_25k_mnq/blob_mnq_n25000,run_replay_cap_rho0_25k_anime/causecap_t_r000_n25000,0.36583975,-0.0047916573,0.063136136,-0.0006201715,0.57102411,-0.0041714858,anime,w-none.g-high.v-none,101
run_blob_main_25k_mnq/blob_mnq_n25000,run_replay_opc_25k_anime/opc_n25000_r0,0.54123225,-0.0092900367,0.093994039,-0.00067119709,0.36477371,-0.0086188396,anime,w-none.g-high.v-none,101
run_blob_main_25k_nq/blob_nq_n25000,run_replay_cap_rho0_25k_anime/causecap_c_r000_n25000,0.33600566,-0.0057416562,0.12792655,-0.0019041572,0.53606779,-0.003837499,anime,w-none.g-high.v-none,101
run_blob_main_25k_nq/blob_nq_n25000,run_replay_cap_rho0_25k_anime/causecap_t_r000_n25000,0.33598259,-0.0057498242,0.12792606,-0.0019047277,0.53609135,-0.0038450965,anime,w-none.g-high.v-none,101
run_blob_main_25k_nq/blob_nq_n25000,run_replay_opc_25k_anime/opc_n25000_r0,0.48790534,-0.010248204,0.18480917,-0.0024025419,0.32728548,-0.0078456617,anime,w-none.g-high.v-none,101
run_replay_cap_rho0_25k_anime/causecap_c_r000_n25000,run_replay_cap_rho0_25k_anime/causecap_t_r000_n25000,0.99982133,-8.1679514e-06,8.3848428e-05,-2.1664899e-06,9.4820394e-05,-6.0014615e-06,anime,w-none.g-high.v-none,101
run_replay_cap_rho0_25k_anime/causecap_c_r000_n25000,run_replay_opc_25k_anime/opc_n25000_r0,0.43898857,-0.0045065474,0.41571341,-0.00469252,0.14529802,0.00018597264,anime,w-none.g-high.v-none,101
run_replay_cap_rho0_25k_anime/causecap_t_r000_n25000,run_replay_opc_25k_anime/opc_n25000_r0,0.4388829,-0.0044983794,0.41579345,-0.00469424,0.14532365,0.00019586054,anime,w-none.g-high.v-none,101
blob_prior_mean,logger,0.92933744,0.00031219227,0.07066256,0.00031219227,0,0,anime,w-none.g-none.v-high,100
blob_prior_mean,policies/oracle_affine_bilinear_likelihood_n0,0.44853,-0.013613146,0.014567966,-0.00046526975,0.53690203,-0.013147877,anime,w-none.g-none.v-high,100
blob_prior_mean,policies/oracle_affine_bilinear_value_n0,0.28008613,-0.020151892,0.0091858139,-0.0003963019,0.71072806,-0.019755591,anime,w-none.g-none.v-high,100
blob_prior_mean,policies/oracle_bilinear_likelihood_n0,0.50604229,-0.011126137,0.019269473,-0.00043267091,0.47468823,-0.010693466,anime,w-none.g-none.v-high,100
blob_prior_mean,policies/oracle_bilinear_value_n0,0.28161656,-0.019757069,0.0094176793,-0.00039151407,0.70896576,-0.019365555,anime,w-none.g-none.v-high,100
blob_prior_mean,policies/oracle_blob_likelihood_n0,0.28678664,-0.016975232,0.0098742032,-0.0004334312,0.70333916,-0.016541801,anime,w-none.g-none.v-high,100
blob_prior_mean,policies/oracle_blob_value_n0,0.27924156,-0.021604244,0.0094767385,-0.00042054242,0.7112817,-0.021183702,anime,w-none.g-none.v-high,100
blob_prior_mean,run_blob_main_25k_mnq/blob_mnq_n25000,0.81797317,-0.0046562309,0.020769875,-0.00035001707,0.16125696,-0.0043062139,anime,w-none.g-none.v-high,100
blob_prior_mean,run_blob_main_25k_nq/blob_nq_n25000,0.71399845,-0.0044371502,0.019876072,-0.0002621928,0.26612548,-0.0041749574,anime,w-none.g-none.v-high,100
blob_prior_mean,run_replay_cap_rho0_25k_anime/causecap_c_r000_n25000,0.64805778,-0.0040258911,0.020793764,-0.00023037575,0.33114845,-0.0037955154,anime,w-none.g-none.v-high,100
blob_prior_mean,run_replay_cap_rho0_25k_anime/causecap_t_r000_n25000,0.64806125,-0.0040293103,0.020784629,-0.00023040267,0.33115412,-0.0037989076,anime,w-none.g-none.v-high,100
blob_prior_mean,run_replay_opc_25k_anime/opc_n25000_r0,0.45591866,-0.0037992335,0.01400271,-0.0002760061,0.53007863,-0.0035232274,anime,w-none.g-none.v-high,100
logger,policies/oracle_affine_bilinear_likelihood_n0,0.44016658,-0.013925339,0,0,0.55983342,-0.013925339,anime,w-none.g-none.v-high,100
logger,policies/oracle_affine_bilinear_value_n0,0.27397031,-0.020464085,0,0,0.72602969,-0.020464085,anime,w-none.g-none.v-high,100
logger,policies/oracle_bilinear_likelihood_n0,0.5014668,-0.011438329,0,0,0.4985332,-0.011438329,anime,w-none.g-none.v-high,100
logger,policies/oracle_bilinear_value_n0,0.27551988,-0.020069261,0,0,0.72448012,-0.020069261,anime,w-none.g-none.v-high,100
logger,policies/oracle_blob_likelihood_n0,0.28160141,-0.017287424,0,0,0.71839859,-0.017287424,anime,w-none.g-none.v-high,100
logger,policies/oracle_blob_value_n0,0.2736979,-0.021916436,0,0,0.7263021,-0.021916436,anime,w-none.g-none.v-high,100
logger,run_blob_main_25k_mnq/blob_mnq_n25000,0.79694841,-0.0049684232,0,0,0.20305159,-0.0049684232,anime,w-none.g-none.v-high,100
logger,run_blob_main_25k_nq/blob_nq_n25000,0.69791325,-0.0047493425,0,0,0.30208675,-0.0047493425,anime,w-none.g-none.v-high,100
logger,run_replay_cap_rho0_25k_anime/causecap_c_r000_n25000,0.63797924,-0.0043380834,0,0,0.36202076,-0.0043380834,anime,w-none.g-none.v-high,100
logger,run_replay_cap_rho0_25k_anime/causecap_t_r000_n25000,0.63796443,-0.0043415025,0,0,0.36203557,-0.0043415025,anime,w-none.g-none.v-high,100
logger,run_replay_opc_25k_anime/opc_n25000_r0,0.4455965,-0.0041114258,0,0,0.5544035,-0.0041114258,anime,w-none.g-none.v-high,100
policies/oracle_affine_bilinear_likelihood_n0,policies/oracle_affine_bilinear_value_n0,0.48886962,-0.006538746,0.1005017,-0.001895544,0.41062868,-0.004643202,anime,w-none.g-none.v-high,100
policies/oracle_affine_bilinear_likelihood_n0,policies/oracle_bilinear_likelihood_n0,0.7676808,0.0024870093,0.16631097,0.0016260997,0.066008232,0.00086090959,anime,w-none.g-none.v-high,100
policies/oracle_affine_bilinear_likelihood_n0,policies/oracle_bilinear_value_n0,0.48763186,-0.0061439223,0.10180219,-0.0017854994,0.41056595,-0.0043584229,anime,w-none.g-none.v-high,100
policies/oracle_affine_bilinear_likelihood_n0,policies/oracle_blob_likelihood_n0,0.49572803,-0.0033620856,0.098395446,-0.0020938087,0.40587652,-0.0012682769,anime,w-none.g-none.v-high,100
policies/oracle_affine_bilinear_likelihood_n0,policies/oracle_blob_value_n0,0.48328582,-0.0079910977,0.10349421,-0.0023552881,0.41321996,-0.0056358096,anime,w-none.g-none.v-high,100
policies/oracle_affine_bilinear_likelihood_n0,run_blob_main_25k_mnq/blob_mnq_n25000,0.49425906,0.0089569155,0.45796014,0.0085070009,0.047780798,0.00044991462,anime,w-none.g-none.v-high,100
policies/oracle_affine_bilinear_likelihood_n0,run_blob_main_25k_nq/blob_nq_n25000,0.48080193,0.0091759962,0.41899861,0.007577574,0.10019945,0.0015984222,anime,w-none.g-none.v-high,100
policies/oracle_affine_bilinear_likelihood_n0,run_replay_cap_rho0_25k_anime/causecap_c_r000_n25000,0.50895211,0.0095872553,0.37425904,0.0071735003,0.11678885,0.002413755,anime,w-none.g-none.v-high,100
policies/oracle_affine_bilinear_likelihood_n0,run_replay_cap_rho0_25k_anime/causecap_t_r000_n25000,0.50899215,0.0095838362,0.3742548,0.0071720172,0.11675305,0.0024118189,anime,w-none.g-none.v-high,100
policies/oracle_affine_bilinear_likelihood_n0,run_replay_opc_25k_anime/opc_n25000_r0,0.50171502,0.0098139129,0.24409802,0.003880976,0.25418695,0.005932937,anime,w-none.g-none.v-high,100
policies/oracle_affine_bilinear_value_n0,policies/oracle_bilinear_likelihood_n0,0.42855304,0.0090257553,0.48363395,0.007065581,0.087813011,0.0019601743,anime,w-none.g-none.v-high,100
policies/oracle_affine_bilinear_value_n0,policies/oracle_bilinear_value_n0,0.9317074,0.00039482368,0.035476689,3.5015047e-05,0.032815907,0.00035980863,anime,w-none.g-none.v-high,100
policies/oracle_affine_bilinear_value_n0,policies/oracle_blob_likelihood_n0,0.42427228,0.0031766604,0.28971728,-0.0012328622,0.28601044,0.0044095226,anime,w-none.g-none.v-high,100
policies/oracle_affine_bilinear_value_n0,policies/oracle_blob_value_n0,0.8729641,-0.0014523517,0.064226547,-0.00096764431,0.06280935,-0.00048470739,anime,w-none.g-none.v-high,100
policies/oracle_affine_bilinear_value_n0,run_blob_main_25k_mnq/blob_mnq_n25000,0.3270788,0.015495661,0.6448556,0.014770678,0.028065599,0.00072498309,anime,w-none.g-none.v-high,100
policies/oracle_affine_bilinear_value_n0,run_blob_main_25k_nq/blob_nq_n25000,0.32728214,0.015714742,0.61342429,0.013852707,0.059293572,0.0018620348,anime,w-none.g-none.v-high,100
policies/oracle_affine_bilinear_value_n0,run_replay_cap_rho0_25k_anime/causecap_c_r000_n25000,0.35282966,0.016126001,0.57933939,0.013583774,0.067830953,0.0025422268,anime,w-none.g-none.v-high,100
policies/oracle_affine_bilinear_value_n0,run_replay_cap_rho0_25k_anime/causecap_t_r000_n25000,0.35282778,0.016122582,0.57936606,0.013588085,0.067806169,0.0025344968,anime,w-none.g-none.v-high,100
policies/oracle_affine_bilinear_value_n0,run_replay_opc_25k_anime/opc_n25000_r0,0.38374679,0.016352659,0.4550801,0.0098944545,0.16117311,0.0064582045,anime,w-none.g-none.v-high,100
policies/oracle_bilinear_likelihood_n0,policies/oracle_bilinear_value_n0,0.43167488,-0.0086309316,0.087434333,-0.0018744867,0.48089078,-0.0067564449,anime,w-none.g-none.v-high,100
policies/oracle_bilinear_likelihood_n0,policies/oracle_blob_likelihood_n0,0.45108249,-0.0058490949,0.080100882,-0.0021725612,0.46881663,-0.0036765336,anime,w-none.g-none.v-high,100
policies/oracle_bilinear_likelihood_n0,policies/oracle_blob_value_n0,0.42928575,-0.010478107,0.08731921,-0.002292825,0.48339504,-0.008185282,anime,w-none.g-none.v-high,100
policies/oracle_bilinear_likelihood_n0,run_blob_main_25k_mnq/blob_mnq_n25000,0.54412102,0.0064699062,0.39664468,0.0062956227,0.059234303,0.00017428348,anime,w-none.g-none.v-high,100
policies/oracle_bilinear_likelihood_n0,run_blob_main_25k_nq/blob_nq_n25000,0.52027578,0.0066889869,0.35877756,0.0053757943,0.12094666,0.0013131926,anime,w-none.g-none.v-high,100
policies/oracle_bilinear_likelihood_n0,run_replay_cap_rho0_25k_anime/causecap_c_r000_n25000,0.53267668,0.007100246,0.31827858,0.004924638,0.14904473,0.0021756079,anime,w-none.g-none.v-high,100
policies/oracle_bilinear_likelihood_n0,run_replay_cap_rho0_25k_anime/causecap_t_r000_n25000,0.53273263,0.0070968268,0.31827434,0.0049233941,0.14899302,0.0021734327,anime,w-none.g-none.v-high,100
policies/oracle_bilinear_likelihood_n0,run_replay_opc_25k_anime/opc_n25000_r0,0.46702642,0.0073269036,0.2143572,0.0022338872,0.31861638,0.0050930164,anime,w-none.g-none.v-high,100
policies/oracle_bilinear_value_n0,policies/oracle_blob_likelihood_n0,0.4231184,0.0027818367,0.28879276,-0.0014572769,0.28808884,0.0042391136,anime,w-none.g-none.v-high,100
policies/oracle_bilinear_value_n0,policies/oracle_blob_value_n0,0.88082374,-0.0018471754,0.058476827,-0.0012527445,0.060699433,-0.00059443093,anime,w-none.g-none.v-high,100
policies/oracle_bilinear_value_n0,run_blob_main_25k_mnq/blob_mnq_n25000,0.32908211,0.015100838,0.64256852,0.014376471,0.028349369,0.0007243669,anime,w-none.g-none.v-high,100
policies/oracle_bilinear_value_n0,run_blob_main_25k_nq/blob_nq_n25000,0.3291465,0.015319919,0.61074964,0.013459527,0.060103858,0.0018603916,anime,w-none.g-none.v-high,100
policies/oracle_bilinear_value_n0,run_replay_cap_rho0_25k_anime/causecap_c_r000_n25000,0.35432127,0.015731178,0.57718481,0.01320074,0.068493925,0.0025304375,anime,w-none.g-none.v-high,100
policies/oracle_bilinear_value_n0,run_replay_cap_rho0_25k_anime/causecap_t_r000_n25000,0.35431025,0.015727758,0.57722061,0.013205051,0.068469141,0.0025227075,anime,w-none.g-none.v-high,100
policies/oracle_bilinear_value_n0,run_replay_opc_25k_anime/opc_n25000_r0,0.38444486,0.015957835,0.45403476,0.0095874585,0.16152038,0.0063703767,anime,w-none.g-none.v-high,100
policies/oracle_blob_likelihood_n0,policies/oracle_blob_value_n0,0.43609875,-0.0046290121,0.28180447,-0.0051046453,0.28209678,0.00047563317,anime,w-none.g-none.v-high,100
policies/oracle_blob_likelihood_n0,run_blob_main_25k_mnq/blob_mnq_n25000,0.34574007,0.012319001,0.6314652,0.011692624,0.022794728,0.00062637744,anime,w-none.g-none.v-high,100
policies/oracle_blob_likelihood_n0,run_blob_main_25k_nq/blob_nq_n25000,0.33574082,0.012538082,0.60512646,0.010684873,0.059132719,0.0018532087,anime,w-none.g-none.v-high,100
policies/oracle_blob_likelihood_n0,run_replay_cap_rho0_25k_anime/causecap_c_r000_n25000,0.33900224,0.012949341,0.58251396,0.0099509433,0.078483795,0.0029983976,anime,w-none.g-none.v-high,100
policies/oracle_blob_likelihood_n0,run_replay_cap_rho0_25k_anime/causecap_t_r000_n25000,0.33904718,0.012945922,0.58252074,0.0099496994,0.078432085,0.0029962224,anime,w-none.g-none.v-high,100
policies/oracle_blob_likelihood_n0,run_replay_opc_25k_anime/opc_n25000_r0,0.34949984,0.013175999,0.46888154,0.00597142,0.18161862,0.0072045785,anime,w-none.g-none.v-high,100
policies/oracle_blob_value_n0,run_blob_main_25k_mnq/blob_mnq_n25000,0.32813134,0.016948013,0.64440483,0.016146626,0.027463832,0.00080138763,anime,w-none.g-none.v-high,100
policies/oracle_blob_value_n0,run_blob_main_25k_nq/blob_nq_n25000,0.3274907,0.017167094,0.61302815,0.015137368,0.059481147,0.002029726,anime,w-none.g-none.v-high,100
policies/oracle_blob_value_n0,run_replay_cap_rho0_25k_anime/causecap_c_r000_n25000,0.34904102,0.017578353,0.58121962,0.014854081,0.069739361,0.0027242716,anime,w-none.g-none.v-high,100
policies/oracle_blob_value_n0,run_replay_cap_rho0_25k_anime/causecap_t_r000_n25000,0.34903914,0.017574934,0.58126219,0.014858631,0.069698666,0.0027163024,anime,w-none.g-none.v-high,100
policies/oracle_blob_value_n0,run_replay_opc_25k_anime/opc_n25000_r0,0.37993818,0.017805011,0.45705449,0.010949399,0.16300733,0.0068556113,anime,w-none.g-none.v-high,100
run_blob_main_25k_mnq/blob_mnq_n25000,run_blob_main_25k_nq/blob_nq_n25000,0.78694779,0.00021908071,0.048988643,0.00069178541,0.16406357,-0.0004727047,anime,w-none.g-none.v-high,100
run_blob_main_25k_mnq/blob_mnq_n25000,run_replay_cap_rho0_25k_anime/causecap_c_r000_n25000,0.68811473,0.00063033979,0.063912353,0.00067802887,0.24797292,-4.7689081e-05,anime,w-none.g-none.v-high,100
run_blob_main_25k_mnq/blob_mnq_n25000,run_replay_cap_rho0_25k_anime/causecap_t_r000_n25000,0.68810718,0.00062692066,0.063903217,0.00067800195,0.2479896,-5.1081288e-05,anime,w-none.g-none.v-high,100
run_blob_main_25k_mnq/blob_mnq_n25000,run_replay_opc_25k_anime/opc_n25000_r0,0.51187351,0.00085699744,0.040716946,0.00010691422,0.44740955,0.00075008322,anime,w-none.g-none.v-high,100
run_blob_main_25k_nq/blob_nq_n25000,run_replay_cap_rho0_25k_anime/causecap_c_r000_n25000,0.66983306,0.00041125907,0.12758053,0.00061413453,0.2025864,-0.00020287545,anime,w-none.g-none.v-high,100
run_blob_main_25k_nq/blob_nq_n25000,run_replay_cap_rho0_25k_anime/causecap_t_r000_n25000,0.66983653,0.00040783995,0.1275714,0.00061410761,0.20259207,-0.00020626766,anime,w-none.g-none.v-high,100
run_blob_main_25k_nq/blob_nq_n25000,run_replay_opc_25k_anime/opc_n25000_r0,0.50986076,0.00063791673,0.085713531,-0.00027672507,0.40442571,0.00091464179,anime,w-none.g-none.v-high,100
run_replay_cap_rho0_25k_anime/causecap_c_r000_n25000,run_replay_cap_rho0_25k_anime/causecap_t_r000_n25000,0.9998946,-3.4191244e-06,5.7688702e-05,-2.3766871e-06,4.7709273e-05,-1.0424374e-06,anime,w-none.g-none.v-high,100
run_replay_cap_rho0_25k_anime/causecap_c_r000_n25000,run_replay_opc_25k_anime/opc_n25000_r0,0.59985593,0.00022665765,0.070821919,-0.00043076094,0.32932215,0.00065741859,anime,w-none.g-none.v-high,100
run_replay_cap_rho0_25k_anime/causecap_t_r000_n25000,run_replay_opc_25k_anime/opc_n25000_r0,0.59987394,0.00023007678,0.070797135,-0.00042806607,0.32932893,0.00065814285,anime,w-none.g-none.v-high,100
blob_prior_mean,logger,0.9306421,0.00037809285,0.069357904,0.00037809285,0,0,anime,w-none.g-none.v-high,101
blob_prior_mean,policies/oracle_affine_bilinear_likelihood_n0,0.43882901,-0.014823498,0.013058113,-0.00044360744,0.54811287,-0.01437989,anime,w-none.g-none.v-high,101
blob_prior_mean,policies/oracle_affine_bilinear_value_n0,0.25255481,-0.022957026,0.0083419435,-0.00036142252,0.73910325,-0.022595603,anime,w-none.g-none.v-high,101
blob_prior_mean,policies/oracle_bilinear_likelihood_n0,0.50279003,-0.011324183,0.018012996,-0.0005166772,0.47919697,-0.010807506,anime,w-none.g-none.v-high,101
blob_prior_mean,policies/oracle_bilinear_value_n0,0.25464607,-0.022282103,0.0085878087,-0.00036891121,0.73676612,-0.021913192,anime,w-none.g-none.v-high,101
blob_prior_mean,policies/oracle_blob_likelihood_n0,0.27370348,-0.014505421,0.010032574,-0.00051107155,0.71626395,-0.01399435,anime,w-none.g-none.v-high,101
blob_prior_mean,policies/oracle_blob_value_n0,0.25308599,-0.024452316,0.0084632716,-0.00038434824,0.73845074,-0.024067967,anime,w-none.g-none.v-high,101
blob_prior_mean,run_blob_main_25k_mnq/blob_mnq_n25000,0.85842264,-0.0030976316,0.022246443,-0.00028137076,0.11933092,-0.0028162608,anime,w-none.g-none.v-high,101
blob_prior_mean,run_blob_main_25k_nq/blob_nq_n25000,0.8524858,-0.0033556063,0.020976887,-0.00028590416,0.12653731,-0.0030697021,anime,w-none.g-none.v-high,101
blob_prior_mean,run_replay_cap_rho0_25k_anime/causecap_c_r000_n25000,0.66465749,-0.0006510103,0.022001568,-0.00010623726,0.31334094,-0.00054477304,anime,w-none.g-none.v-high,101
blob_prior_mean,run_replay_cap_rho0_25k_anime/causecap_t_r000_n25000,0.66466799,-0.00065080041,0.022001568,-0.00010623726,0.31333044,-0.00054456315,anime,w-none.g-none.v-high,101
blob_prior_mean,run_replay_opc_25k_anime/opc_n25000_r0,0.580747,-0.0015437862,0.020235929,-0.00013489069,0.39901708,-0.0014088955,anime,w-none.g-none.v-high,101
logger,policies/oracle_affine_bilinear_likelihood_n0,0.42898542,-0.015201591,0,0,0.57101458,-0.015201591,anime,w-none.g-none.v-high,101
logger,policies/oracle_affine_bilinear_value_n0,0.24737347,-0.023335119,0,0,0.75262653,-0.023335119,anime,w-none.g-none.v-high,101
logger,policies/oracle_bilinear_likelihood_n0,0.49772972,-0.011702276,0,0,0.50227028,-0.011702276,anime,w-none.g-none.v-high,101
logger,policies/oracle_bilinear_value_n0,0.24942819,-0.022660196,0,0,0.75057181,-0.022660196,anime,w-none.g-none.v-high,101
logger,policies/oracle_blob_likelihood_n0,0.26955806,-0.014883514,0,0,0.73044194,-0.014883514,anime,w-none.g-none.v-high,101
logger,policies/oracle_blob_value_n0,0.24788658,-0.024830408,0,0,0.75211342,-0.024830408,anime,w-none.g-none.v-high,101
logger,run_blob_main_25k_mnq/blob_mnq_n25000,0.83818132,-0.0034757245,0,0,0.16181868,-0.0034757245,anime,w-none.g-none.v-high,101
logger,run_blob_main_25k_nq/blob_nq_n25000,0.8302148,-0.0037336992,0,0,0.1697852,-0.0037336992,anime,w-none.g-none.v-high,101
logger,run_replay_cap_rho0_25k_anime/causecap_c_r000_n25000,0.65732737,-0.0010291032,0,0,0.34267263,-0.0010291032,anime,w-none.g-none.v-high,101
logger,run_replay_cap_rho0_25k_anime/causecap_t_r000_n25000,0.65733787,-0.0010288933,0,0,0.34266213,-0.0010288933,anime,w-none.g-none.v-high,101
logger,run_replay_opc_25k_anime/opc_n25000_r0,0.57623342,-0.0019218791,0,0,0.42376658,-0.0019218791,anime,w-none.g-none.v-high,101
policies/oracle_affine_bilinear_likelihood_n0,policies/oracle_affine_bilinear_value_n0,0.44377211,-0.0081335281,0.097159312,-0.0017857709,0.45906858,-0.0063477572,anime,w-none.g-none.v-high,101
policies/oracle_affine_bilinear_likelihood_n0,policies/oracle_bilinear_likelihood_n0,0.73217806,0.0034993152,0.19201394,0.0022827913,0.075808003,0.0012165239,anime,w-none.g-none.v-high,101
policies/oracle_affine_bilinear_likelihood_n0,policies/oracle_bilinear_value_n0,0.44236521,-0.0074586053,0.1013896,-0.0017097458,0.45624519,-0.0057488595,anime,w-none.g-none.v-high,101
policies/oracle_affine_bilinear_likelihood_n0,policies/oracle_blob_likelihood_n0,0.44687726,0.00031807644,0.10755026,-0.0018025617,0.44557249,0.0021206381,anime,w-none.g-none.v-high,101
policies/oracle_affine_bilinear_likelihood_n0,policies/oracle_blob_value_n0,0.43342422,-0.0096288177,0.10337293,-0.002160321,0.46320285,-0.0074684967,anime,w-none.g-none.v-high,101
policies/oracle_affine_bilinear_likelihood_n0,run_blob_main_25k_mnq/blob_mnq_n25000,0.45927646,0.011725866,0.50324176,0.011116582,0.037481776,0.00060928464,anime,w-none.g-none.v-high,101
policies/oracle_affine_bilinear_likelihood_n0,run_blob_main_25k_nq/blob_nq_n25000,0.46589338,0.011467892,0.4958181,0.010809237,0.038288515,0.00065865507,anime,w-none.g-none.v-high,101
policies/oracle_affine_bilinear_likelihood_n0,run_replay_cap_rho0_25k_anime/causecap_c_r000_n25000,0.4619744,0.014172488,0.42299455,0.0098456204,0.11503105,0.0043268672,anime,w-none.g-none.v-high,101
policies/oracle_affine_bilinear_likelihood_n0,run_replay_cap_rho0_25k_anime/causecap_t_r000_n25000,0.4619744,0.014172698,0.42299455,0.0098458303,0.11503105,0.0043268672,anime,w-none.g-none.v-high,101
policies/oracle_affine_bilinear_likelihood_n0,run_replay_opc_25k_anime/opc_n25000_r0,0.46613682,0.013279712,0.37243017,0.0081756694,0.16143301,0.0051040423,anime,w-none.g-none.v-high,101
policies/oracle_affine_bilinear_value_n0,policies/oracle_bilinear_likelihood_n0,0.37856153,0.011632843,0.53781933,0.0094173202,0.083619143,0.002215523,anime,w-none.g-none.v-high,101
policies/oracle_affine_bilinear_value_n0,policies/oracle_bilinear_value_n0,0.92066887,0.00067492278,0.043392847,0.00016136755,0.03593828,0.00051355522,anime,w-none.g-none.v-high,101
policies/oracle_affine_bilinear_value_n0,policies/oracle_blob_likelihood_n0,0.40168899,0.0084516045,0.3106747,-0.00062482032,0.28763631,0.0090764248,anime,w-none.g-none.v-high,101
policies/oracle_affine_bilinear_value_n0,policies/oracle_blob_value_n0,0.84638579,-0.0014952896,0.076754857,-0.0010209202,0.076859356,-0.00047436948,anime,w-none.g-none.v-high,101
policies/oracle_affine_bilinear_value_n0,run_blob_main_25k_mnq/blob_mnq_n25000,0.27362206,0.019859394,0.70546454,0.01918481,0.020913409,0.00067458447,anime,w-none.g-none.v-high,101
policies/oracle_affine_bilinear_value_n0,run_blob_main_25k_nq/blob_nq_n25000,0.27887398,0.01960142,0.69992485,0.018901368,0.021201167,0.0007000521,anime,w-none.g-none.v-high,101
policies/oracle_affine_bilinear_value_n0,run_replay_cap_rho0_25k_anime/causecap_c_r000_n25000,0.27273009,0.022306016,0.65740663,0.0188616,0.06986328,0.0034444155,anime,w-none.g-none.v-high,101
policies/oracle_affine_bilinear_value_n0,run_replay_cap_rho0_25k_anime/causecap_t_r000_n25000,0.27273009,0.022306226,0.65740663,0.01886181,0.06986328,0.0034444155,anime,w-none.g-none.v-high,101
policies/oracle_affine_bilinear_value_n0,run_replay_opc_25k_anime/opc_n25000_r0,0.30251717,0.02141324,0.60769397,0.0171541,0.089788865,0.0042591395,anime,w-none.g-none.v-high,101
policies/oracle_bilinear_likelihood_n0,policies/oracle_bilinear_value_n0,0.38321463,-0.01095792,0.083771784,-0.0021950664,0.53301359,-0.0087628541,anime,w-none.g-none.v-high,101
policies/oracle_bilinear_likelihood_n0,policies/oracle_blob_likelihood_n0,0.40750052,-0.0031812388,0.084615484,-0.0021153776,0.507884,-0.0010658612,anime,w-none.g-none.v-high,101
policies/oracle_bilinear_likelihood_n0,policies/oracle_blob_value_n0,0.37747353,-0.013128133,0.084544657,-0.0023982996,0.53798181,-0.010729833,anime,w-none.g-none.v-high,101
policies/oracle_bilinear_likelihood_n0,run_blob_main_25k_mnq/blob_mnq_n25000,0.51844244,0.0082265511,0.43433471,0.0077419675,0.047222848,0.00048458356,anime,w-none.g-none.v-high,101
policies/oracle_bilinear_likelihood_n0,run_blob_main_25k_nq/blob_nq_n25000,0.52300463,0.0079685764,0.42773798,0.007470408,0.049257392,0.00049816843,anime,w-none.g-none.v-high,101
policies/oracle_bilinear_likelihood_n0,run_replay_cap_rho0_25k_anime/causecap_c_r000_n25000,0.51057024,0.010673172,0.34899843,0.0064137169,0.14043133,0.0042594555,anime,w-none.g-none.v-high,101
policies/oracle_bilinear_likelihood_n0,run_replay_cap_rho0_25k_anime/causecap_t_r000_n25000,0.51057759,0.010673382,0.349,0.0064143512,0.14042241,0.0042590311,anime,w-none.g-none.v-high,101
policies/oracle_bilinear_likelihood_n0,run_replay_opc_25k_anime/opc_n25000_r0,0.48502387,0.0097803965,0.3088603,0.0050286696,0.20611582,0.0047517269,anime,w-none.g-none.v-high,101
policies/oracle_bilinear_value_n0,policies/oracle_blob_likelihood_n0,0.40101063,0.0077766817,0.30838368,-0.00096401786,0.29060569,0.0087406996,anime,w-none.g-none.v-high,101
policies/oracle_bilinear_value_n0,policies/oracle_blob_value_n0,0.85652185,-0.0021702124,0.067949519,-0.0013068934,0.075528635,-0.00086331899,anime,w-none.g-none.v-high,101
policies/oracle_bilinear_value_n0,run_blob_main_25k_mnq/blob_mnq_n25000,0.27594407,0.019184472,0.70310528,0.018504611,0.020950646,0.00067986106,anime,w-none.g-none.v-high,101
policies/oracle_bilinear_value_n0,run_blob_main_25k_nq/blob_nq_n25000,0.28115638,0.018926497,0.6975824,0.018219774,0.021261214,0.00070672251,anime,w-none.g-none.v-high,101
policies/oracle_bilinear_value_n0,run_replay_cap_rho0_25k_anime/causecap_c_r000_n25000,0.27493109,0.021631093,0.65424947,0.018226825,0.070819443,0.0034042681,anime,w-none.g-none.v-high,101
policies/oracle_bilinear_value_n0,run_replay_cap_rho0_25k_anime/causecap_t_r000_n25000,0.27493109,0.021631303,0.65424947,0.018227035,0.070819443,0.0034042681,anime,w-none.g-none.v-high,101
policies/oracle_bilinear_value_n0,run_replay_opc_25k_anime/opc_n25000_r0,0.30443097,0.020738317,0.60502136,0.016505205,0.090547664,0.0042331116,anime,w-none.g-none.v-high,101
policies/oracle_blob_likelihood_n0,policies/oracle_blob_value_n0,0.41586888,-0.0099468942,0.28034546,-0.0096665778,0.30378566,-0.00028031633,anime,w-none.g-none.v-high,101
policies/oracle_blob_likelihood_n0,run_blob_main_25k_mnq/blob_mnq_n25000,0.30337201,0.01140779,0.67789068,0.01075476,0.018737311,0.00065303027,anime,w-none.g-none.v-high,101
policies/oracle_blob_likelihood_n0,run_blob_main_25k_nq/blob_nq_n25000,0.30721199,0.011149815,0.67329607,0.010528199,0.019491935,0.00062161665,anime,w-none.g-none.v-high,101
policies/oracle_blob_likelihood_n0,run_replay_cap_rho0_25k_anime/causecap_c_r000_n25000,0.28967066,0.013854411,0.63367488,0.010154286,0.076654454,0.0037001249,anime,w-none.g-none.v-high,101
policies/oracle_blob_likelihood_n0,run_replay_cap_rho0_25k_anime/causecap_t_r000_n25000,0.28967066,0.013854621,0.63367488,0.010154496,0.076654454,0.0037001249,anime,w-none.g-none.v-high,101
policies/oracle_blob_likelihood_n0,run_replay_opc_25k_anime/opc_n25000_r0,0.29742852,0.012961635,0.59410501,0.0078648897,0.10846647,0.0050967455,anime,w-none.g-none.v-high,101
policies/oracle_blob_value_n0,run_blob_main_25k_mnq/blob_mnq_n25000,0.27385983,0.021354684,0.70523411,0.020616565,0.020906058,0.00073811929,anime,w-none.g-none.v-high,101
policies/oracle_blob_value_n0,run_blob_main_25k_nq/blob_nq_n25000,0.27873404,0.021096709,0.7000571,0.02031023,0.021208857,0.00078647963,anime,w-none.g-none.v-high,101
policies/oracle_blob_value_n0,run_replay_cap_rho0_25k_anime/causecap_c_r000_n25000,0.27113146,0.023801305,0.65748101,0.02024849,0.071387529,0.0035528151,anime,w-none.g-none.v-high,101
policies/oracle_blob_value_n0,run_replay_cap_rho0_25k_anime/causecap_t_r000_n25000,0.27113146,0.023801515,0.65748101,0.0202487,0.071387529,0.0035528151,anime,w-none.g-none.v-high,101
policies/oracle_blob_value_n0,run_replay_opc_25k_anime/opc_n25000_r0,0.29866366,0.022908529,0.60967332,0.018540307,0.091663021,0.0043682226,anime,w-none.g-none.v-high,101
run_blob_main_25k_mnq/blob_mnq_n25000,run_blob_main_25k_nq/blob_nq_n25000,0.96634535,-0.0002579747,0.01208504,6.0340518e-05,0.021569605,-0.00031831522,anime,w-none.g-none.v-high,101
run_blob_main_25k_mnq/blob_mnq_n25000,run_replay_cap_rho0_25k_anime/causecap_c_r000_n25000,0.68826295,0.0024466213,0.052622792,0.00094051153,0.25911426,0.0015061098,anime,w-none.g-none.v-high,101
run_blob_main_25k_mnq/blob_mnq_n25000,run_replay_cap_rho0_25k_anime/causecap_t_r000_n25000,0.68826452,0.0024468312,0.052622792,0.00094008715,0.25911268,0.001506744,anime,w-none.g-none.v-high,101
run_blob_main_25k_mnq/blob_mnq_n25000,run_replay_opc_25k_anime/opc_n25000_r0,0.59466624,0.0015538454,0.053528914,0.00069841059,0.35180485,0.0008554348,anime,w-none.g-none.v-high,101
run_blob_main_25k_nq/blob_nq_n25000,run_replay_cap_rho0_25k_anime/causecap_c_r000_n25000,0.69114297,0.002704596,0.055959937,0.0010688488,0.2528971,0.0016357472,anime,w-none.g-none.v-high,101
run_blob_main_25k_nq/blob_nq_n25000,run_replay_cap_rho0_25k_anime/causecap_t_r000_n25000,0.69114454,0.0027048059,0.055959937,0.0010684244,0.25289552,0.0016363815,anime,w-none.g-none.v-high,101
run_blob_main_25k_nq/blob_nq_n25000,run_replay_opc_25k_anime/opc_n25000_r0,0.59840931,0.0018118201,0.055453901,0.00086771466,0.34613679,0.00094410544,anime,w-none.g-none.v-high,101
run_replay_cap_rho0_25k_anime/causecap_c_r000_n25000,run_replay_cap_rho0_25k_anime/causecap_t_r000_n25000,0.99997573,2.0989379e-07,1.0501694e-05,-5.1668888e-07,1.3770934e-05,7.2658267e-07,anime,w-none.g-none.v-high,101
run_replay_cap_rho0_25k_anime/causecap_c_r000_n25000,run_replay_opc_25k_anime/opc_n25000_r0,0.6201204,-0.00089277591,0.13530985,-0.0013654253,0.24456975,0.00047264944,anime,w-none.g-none.v-high,101
run_replay_cap_rho0_25k_anime/causecap_t_r000_n25000,run_replay_opc_25k_anime/opc_n25000_r0,0.62011147,-0.0008929858,0.13530985,-0.0013654253,0.24457868,0.00047243955,anime,w-none.g-none.v-high,101
blob_prior_mean,logger,0.85075464,-0.00039032001,0.14924536,-0.00039032001,0,0,kuairand,high,100
blob_prior_mean,policies/oracle_affine_bilinear_likelihood_n0,0.090970267,-0.098499934,0.0082876301,-0.0012204379,0.9007421,-0.097279496,kuairand,high,100
blob_prior_mean,policies/oracle_affine_bilinear_value_n0,0.077925102,-0.12084251,0.0066984158,-0.0011135078,0.91537648,-0.11972901,kuairand,high,100
blob_prior_mean,policies/oracle_bilinear_likelihood_n0,0.12236009,-0.089360933,0.012412809,-0.0013958552,0.8652271,-0.087965078,kuairand,high,100
blob_prior_mean,policies/oracle_bilinear_value_n0,0.078098816,-0.11903959,0.0070055852,-0.0011254209,0.9148956,-0.11791417,kuairand,high,100
blob_prior_mean,policies/oracle_blob_likelihood_n0,0.072417646,-0.1052081,0.0064366802,-0.0010644223,0.92114567,-0.10414368,kuairand,high,100
blob_prior_mean,policies/oracle_blob_value_n0,0.077027681,-0.12211823,0.0068516822,-0.0010859421,0.91612064,-0.12103229,kuairand,high,100
blob_prior_mean,run_blob_main_25k_mnq/blob_mnq_n25000,0.10784408,-0.031872977,0.0067845677,-0.0008592575,0.88537135,-0.031013719,kuairand,high,100
blob_prior_mean,run_blob_main_25k_nq/blob_nq_n25000,0.49230701,-0.053926625,0.02853733,-0.0018147095,0.47915566,-0.052111916,kuairand,high,100
blob_prior_mean,run_replay_cap_rho0_25k_mlkr/causecap_c_r000_n25000,0.21834378,-0.082106611,0.021964,-0.0018333148,0.75969222,-0.080273296,kuairand,high,100
blob_prior_mean,run_replay_cap_rho0_25k_mlkr/causecap_t_r000_n25000,0.17585235,-0.075248883,0.017667292,-0.0015859026,0.80648036,-0.073662981,kuairand,high,100
blob_prior_mean,run_replay_opc_25k_mlkr/opc_n25000_r0,0.25021082,-0.069598733,0.028586494,-0.0017421263,0.72120269,-0.067856606,kuairand,high,100
logger,policies/oracle_affine_bilinear_likelihood_n0,0.089226418,-0.098109614,0,0,0.91077358,-0.098109614,kuairand,high,100
logger,policies/oracle_affine_bilinear_value_n0,0.075448849,-0.12045219,0,0,0.92455115,-0.12045219,kuairand,high,100
logger,policies/oracle_bilinear_likelihood_n0,0.12075568,-0.088970613,0,0,0.87924432,-0.088970613,kuairand,high,100
logger,policies/oracle_bilinear_value_n0,0.075582249,-0.11864927,0,0,0.92441775,-0.11864927,kuairand,high,100
logger,policies/oracle_blob_likelihood_n0,0.069907876,-0.10481778,0,0,0.93009212,-0.10481778,kuairand,high,100
logger,policies/oracle_blob_value_n0,0.07473612,-0.12172791,0,0,0.92526388,-0.12172791,kuairand,high,100
logger,run_blob_main_25k_mnq/blob_mnq_n25000,0.1006929,-0.031482657,0,0,0.8993071,-0.031482657,kuairand,high,100
logger,run_blob_main_25k_nq/blob_nq_n25000,0.46519095,-0.053536305,0,0,0.53480905,-0.053536305,kuairand,high,100
logger,run_replay_cap_rho0_25k_mlkr/causecap_c_r000_n25000,0.21772708,-0.081716291,0,0,0.78227292,-0.081716291,kuairand,high,100
logger,run_replay_cap_rho0_25k_mlkr/causecap_t_r000_n25000,0.17570042,-0.074858563,0,0,0.82429958,-0.074858563,kuairand,high,100
logger,run_replay_opc_25k_mlkr/opc_n25000_r0,0.25312393,-0.069208413,0,0,0.74687607,-0.069208413,kuairand,high,100
policies/oracle_affine_bilinear_likelihood_n0,policies/oracle_affine_bilinear_value_n0,0.43381421,-0.022342581,0.26247658,-0.0099298898,0.30370921,-0.012412691,kuairand,high,100
policies/oracle_affine_bilinear_likelihood_n0,policies/oracle_bilinear_likelihood_n0,0.57278504,0.0091390008,0.33187283,0.0064711968,0.095342134,0.0026678041,kuairand,high,100
policies/oracle_affine_bilinear_likelihood_n0,policies/oracle_bilinear_value_n0,0.42985772,-0.020539652,0.2698728,-0.0091831279,0.30026948,-0.011356524,kuairand,high,100
policies/oracle_affine_bilinear_likelihood_n0,policies/oracle_blob_likelihood_n0,0.52746993,-0.0067081682,0.17988921,-0.0045989452,0.29264086,-0.002109223,kuairand,high,100
policies/oracle_affine_bilinear_likelihood_n0,policies/oracle_blob_value_n0,0.42762237,-0.023618298,0.26579741,-0.010533284,0.30658022,-0.013085014,kuairand,high,100
policies/oracle_affine_bilinear_likelihood_n0,run_blob_main_25k_mnq/blob_mnq_n25000,0.20729761,0.066626957,0.37628727,0.028102454,0.41641512,0.038524504,kuairand,high,100
policies/oracle_affine_bilinear_likelihood_n0,run_blob_main_25k_nq/blob_nq_n25000,0.26203539,0.044573309,0.64559515,0.040065923,0.092369454,0.0045073859,kuairand,high,100
policies/oracle_affine_bilinear_likelihood_n0,run_replay_cap_rho0_25k_mlkr/causecap_c_r000_n25000,0.37600802,0.016393323,0.52858198,0.014549506,0.095410002,0.0018438176,kuairand,high,100
policies/oracle_affine_bilinear_likelihood_n0,run_replay_cap_rho0_25k_mlkr/causecap_t_r000_n25000,0.3446809,0.023251051,0.50424526,0.017105168,0.15107385,0.0061458828,kuairand,high,100
policies/oracle_affine_bilinear_likelihood_n0,run_replay_opc_25k_mlkr/opc_n25000_r0,0.31960627,0.028901201,0.54854941,0.023521919,0.13184432,0.0053792829,kuairand,high,100
policies/oracle_affine_bilinear_value_n0,policies/oracle_bilinear_likelihood_n0,0.36646803,0.031481582,0.45596926,0.022778699,0.17756272,0.0087028824,kuairand,high,100
policies/oracle_affine_bilinear_value_n0,policies/oracle_bilinear_value_n0,0.89203069,0.0018029287,0.059284313,0.00090500825,0.048684993,0.00089792046,kuairand,high,100
policies/oracle_affine_bilinear_value_n0,policies/oracle_blob_likelihood_n0,0.47393542,0.015634413,0.2281691,0.0071811759,0.29789548,0.0084532367,kuairand,high,100
policies/oracle_affine_bilinear_value_n0,policies/oracle_blob_value_n0,0.88419066,-0.0012757173,0.057401234,-0.00064630004,0.058408104,-0.00062941727,kuairand,high,100
policies/oracle_affine_bilinear_value_n0,run_blob_main_25k_mnq/blob_mnq_n25000,0.19775883,0.088969538,0.39313869,0.043379791,0.40910248,0.045589747,kuairand,high,100
policies/oracle_affine_bilinear_value_n0,run_blob_main_25k_nq/blob_nq_n25000,0.24539167,0.06691589,0.67141444,0.060433834,0.08319389,0.0064820554,kuairand,high,100
policies/oracle_affine_bilinear_value_n0,run_replay_cap_rho0_25k_mlkr/causecap_c_r000_n25000,0.33792019,0.038735904,0.56541827,0.03327455,0.096661531,0.0054613539,kuairand,high,100
policies/oracle_affine_bilinear_value_n0,run_replay_cap_rho0_25k_mlkr/causecap_t_r000_n25000,0.29991314,0.045593632,0.54561111,0.035343122,0.15447575,0.01025051,kuairand,high,100
policies/oracle_affine_bilinear_value_n0,run_replay_opc_25k_mlkr/opc_n25000_r0,0.29578857,0.051243782,0.58490319,0.042917015,0.11930824,0.0083267676,kuairand,high,100
policies/oracle_bilinear_likelihood_n0,policies/oracle_bilinear_value_n0,0.37059551,-0.029678653,0.18020775,-0.0081278824,0.44919674,-0.021550771,kuairand,high,100
policies/oracle_bilinear_likelihood_n0,policies/oracle_blob_likelihood_n0,0.41187171,-0.015847169,0.12264279,-0.0049902151,0.4654855,-0.010856954,kuairand,high,100
policies/oracle_bilinear_likelihood_n0,policies/oracle_blob_value_n0,0.36575626,-0.032757299,0.17757939,-0.0089892177,0.45666435,-0.023768081,kuairand,high,100
policies/oracle_bilinear_likelihood_n0,run_blob_main_25k_mnq/blob_mnq_n25000,0.19617785,0.057487956,0.27904733,0.018867556,0.52477482,0.0386204,kuairand,high,100
policies/oracle_bilinear_likelihood_n0,run_blob_main_25k_nq/blob_nq_n25000,0.25891522,0.035434308,0.60097863,0.032735123,0.14010615,0.0026991845,kuairand,high,100
policies/oracle_bilinear_likelihood_n0,run_replay_cap_rho0_25k_mlkr/causecap_c_r000_n25000,0.37158877,0.0072543225,0.4471084,0.0081083204,0.18130283,-0.00085399788,kuairand,high,100
policies/oracle_bilinear_likelihood_n0,run_replay_cap_rho0_25k_mlkr/causecap_t_r000_n25000,0.34086725,0.01411205,0.41097398,0.01025684,0.24815877,0.0038552105,kuairand,high,100
policies/oracle_bilinear_likelihood_n0,run_replay_opc_25k_mlkr/opc_n25000_r0,0.28916329,0.019762201,0.49180944,0.016360617,0.21902726,0.003401584,kuairand,high,100
policies/oracle_bilinear_value_n0,policies/oracle_blob_likelihood_n0,0.46529603,0.013831484,0.22726986,0.0063024165,0.3074341,0.0075290674,kuairand,high,100
policies/oracle_bilinear_value_n0,policies/oracle_blob_value_n0,0.86504272,-0.003078646,0.060781361,-0.001465036,0.074175921,-0.00161361,kuairand,high,100
policies/oracle_bilinear_value_n0,run_blob_main_25k_mnq/blob_mnq_n25000,0.19637296,0.087166609,0.38877216,0.04216875,0.41485488,0.044997859,kuairand,high,100
policies/oracle_bilinear_value_n0,run_blob_main_25k_nq/blob_nq_n25000,0.24437077,0.065112961,0.67178026,0.058812648,0.083848976,0.0063003125,kuairand,high,100
policies/oracle_bilinear_value_n0,run_replay_cap_rho0_25k_mlkr/causecap_c_r000_n25000,0.33845384,0.036932975,0.5624254,0.031612276,0.099120759,0.0053206994,kuairand,high,100
policies/oracle_bilinear_value_n0,run_replay_cap_rho0_25k_mlkr/causecap_t_r000_n25000,0.2991787,0.043790703,0.54211455,0.03379715,0.15870675,0.0099935526,kuairand,high,100
policies/oracle_bilinear_value_n0,run_replay_opc_25k_mlkr/opc_n25000_r0,0.29453965,0.049440854,0.58530225,0.04123618,0.1201581,0.008204674,kuairand,high,100
policies/oracle_blob_likelihood_n0,policies/oracle_blob_value_n0,0.4746511,-0.01691013,0.29890629,-0.0092065098,0.22644261,-0.0077036201,kuairand,high,100
policies/oracle_blob_likelihood_n0,run_blob_main_25k_mnq/blob_mnq_n25000,0.20337368,0.073335125,0.42835361,0.03399196,0.36827271,0.039343165,kuairand,high,100
policies/oracle_blob_likelihood_n0,run_blob_main_25k_nq/blob_nq_n25000,0.24755962,0.051281477,0.68196769,0.046542421,0.070472685,0.0047390561,kuairand,high,100
policies/oracle_blob_likelihood_n0,run_replay_cap_rho0_25k_mlkr/causecap_c_r000_n25000,0.3344415,0.023101492,0.58711917,0.019957539,0.078439337,0.0031439527,kuairand,high,100
policies/oracle_blob_likelihood_n0,run_replay_cap_rho0_25k_mlkr/causecap_t_r000_n25000,0.30604559,0.029959219,0.56806382,0.023249821,0.1258906,0.0067093977,kuairand,high,100
policies/oracle_blob_likelihood_n0,run_replay_opc_25k_mlkr/opc_n25000_r0,0.29047058,0.03560937,0.60170284,0.028918298,0.10782658,0.0066910719,kuairand,high,100
policies/oracle_blob_value_n0,run_blob_main_25k_mnq/blob_mnq_n25000,0.19570447,0.090245255,0.39373759,0.044139765,0.41055794,0.046105491,kuairand,high,100
policies/oracle_blob_value_n0,run_blob_main_25k_nq/blob_nq_n25000,0.24180478,0.068191607,0.67400636,0.061699205,0.084188863,0.0064924019,kuairand,high,100
policies/oracle_blob_value_n0,run_replay_cap_rho0_25k_mlkr/causecap_c_r000_n25000,0.33464099,0.040011621,0.56804289,0.034393638,0.097316126,0.0056179838,kuairand,high,100
policies/oracle_blob_value_n0,run_replay_cap_rho0_25k_mlkr/causecap_t_r000_n25000,0.2979223,0.046869349,0.54689415,0.036488965,0.15518356,0.010380384,kuairand,high,100
policies/oracle_blob_value_n0,run_replay_opc_25k_mlkr/opc_n25000_r0,0.2912307,0.0525195,0.58774941,0.044002261,0.12101989,0.0085172387,kuairand,high,100
run_blob_main_25k_mnq/blob_mnq_n25000,run_blob_main_25k_nq/blob_nq_n25000,0.34925627,-0.022053649,0.5945652,-0.015290424,0.056178533,-0.0067632246,kuairand,high,100
run_blob_main_25k_mnq/blob_mnq_n25000,run_replay_cap_rho0_25k_mlkr/causecap_c_r000_n25000,0.25409231,-0.050233634,0.58383235,-0.033838309,0.16207534,-0.016395325,kuairand,high,100
run_blob_main_25k_mnq/blob_mnq_n25000,run_replay_cap_rho0_25k_mlkr/causecap_t_r000_n25000,0.21638182,-0.043375906,0.56649399,-0.030149012,0.21712418,-0.013226894,kuairand,high,100
run_blob_main_25k_mnq/blob_mnq_n25000,run_replay_opc_25k_mlkr/opc_n25000_r0,0.30286011,-0.037725756,0.55979041,-0.025431757,0.13734949,-0.012293999,kuairand,high,100
run_blob_main_25k_nq/blob_nq_n25000,run_replay_cap_rho0_25k_mlkr/causecap_c_r000_n25000,0.40347941,-0.028179985,0.15088754,-0.0034745145,0.44563306,-0.024705471,kuairand,high,100
run_blob_main_25k_nq/blob_nq_n25000,run_replay_cap_rho0_25k_mlkr/causecap_t_r000_n25000,0.31759087,-0.021322258,0.1580172,-0.0014786489,0.52439193,-0.019843609,kuairand,high,100
run_blob_main_25k_nq/blob_nq_n25000,run_replay_opc_25k_mlkr/opc_n25000_r0,0.52543139,-0.015672107,0.11381896,-0.0011806224,0.36074965,-0.014491485,kuairand,high,100
run_replay_cap_rho0_25k_mlkr/causecap_c_r000_n25000,run_replay_cap_rho0_25k_mlkr/causecap_t_r000_n25000,0.70655818,0.0068577275,0.089552206,0.0041365692,0.20388962,0.0027211583,kuairand,high,100
run_replay_cap_rho0_25k_mlkr/causecap_c_r000_n25000,run_replay_opc_25k_mlkr/opc_n25000_r0,0.49151936,0.012507878,0.28023986,0.011211686,0.22824078,0.001296192,kuairand,high,100
run_replay_cap_rho0_25k_mlkr/causecap_t_r000_n25000,run_replay_opc_25k_mlkr/opc_n25000_r0,0.40495826,0.0056501506,0.3687093,0.006366628,0.22633243,-0.00071647736,kuairand,high,100
blob_prior_mean,logger,0.84527575,-0.0013732774,0.15472425,-0.0013732774,0,0,kuairand,high,101
blob_prior_mean,policies/oracle_affine_bilinear_likelihood_n0,0.12568064,-0.089993201,0.01399874,-0.002137395,0.86032062,-0.087855806,kuairand,high,101
blob_prior_mean,policies/oracle_affine_bilinear_value_n0,0.11344918,-0.11056419,0.013085796,-0.0022236616,0.87346503,-0.10834052,kuairand,high,101
blob_prior_mean,policies/oracle_bilinear_likelihood_n0,0.13732064,-0.082643004,0.017282187,-0.0023681271,0.84539718,-0.080274877,kuairand,high,101
blob_prior_mean,policies/oracle_bilinear_value_n0,0.11496011,-0.1086701,0.013189917,-0.0022148187,0.87184997,-0.10645528,kuairand,high,101
blob_prior_mean,policies/oracle_blob_likelihood_n0,0.10618628,-0.094764633,0.01152876,-0.0018812071,0.88228496,-0.092883426,kuairand,high,101
blob_prior_mean,policies/oracle_blob_value_n0,0.11444112,-0.11184476,0.01286455,-0.0021580732,0.87269433,-0.10968669,kuairand,high,101
blob_prior_mean,run_blob_main_25k_mnq/blob_mnq_n25000,0.088617067,-0.04520919,0.0094405097,-0.0014304942,0.90194242,-0.043778695,kuairand,high,101
blob_prior_mean,run_blob_main_25k_nq/blob_nq_n25000,0.57718826,-0.045512223,0.035660956,-0.002179149,0.38715079,-0.043333074,kuairand,high,101
blob_prior_mean,run_replay_cap_rho0_25k_mlkr/causecap_c_r000_n25000,0.21459578,-0.08071351,0.025704143,-0.0025681867,0.75970007,-0.078145324,kuairand,high,101
blob_prior_mean,run_replay_cap_rho0_25k_mlkr/causecap_t_r000_n25000,0.22843491,-0.079917011,0.027777253,-0.0026943444,0.74378784,-0.077222666,kuairand,high,101
blob_prior_mean,run_replay_opc_25k_mlkr/opc_n25000_r0,0.2160231,-0.070193505,0.027458951,-0.0021877345,0.75651795,-0.06800577,kuairand,high,101
logger,policies/oracle_affine_bilinear_likelihood_n0,0.12949931,-0.088619923,0,0,0.87050069,-0.088619923,kuairand,high,101
logger,policies/oracle_affine_bilinear_value_n0,0.11706953,-0.10919091,0,0,0.88293047,-0.10919091,kuairand,high,101
logger,policies/oracle_bilinear_likelihood_n0,0.14287698,-0.081269727,0,0,0.85712302,-0.081269727,kuairand,high,101
logger,policies/oracle_bilinear_value_n0,0.1187915,-0.10729682,0,0,0.8812085,-0.10729682,kuairand,high,101
logger,policies/oracle_blob_likelihood_n0,0.10888383,-0.093391355,0,0,0.89111617,-0.093391355,kuairand,high,101
logger,policies/oracle_blob_value_n0,0.11787983,-0.11047148,0,0,0.88212017,-0.11047148,kuairand,high,101
logger,run_blob_main_25k_mnq/blob_mnq_n25000,0.088618535,-0.043835912,0,0,0.91138146,-0.043835912,kuairand,high,101
logger,run_blob_main_25k_nq/blob_nq_n25000,0.54891752,-0.044138945,0,0,0.45108248,-0.044138945,kuairand,high,101
logger,run_replay_cap_rho0_25k_mlkr/causecap_c_r000_n25000,0.2233764,-0.079340233,0,0,0.7766236,-0.079340233,kuairand,high,101
logger,run_replay_cap_rho0_25k_mlkr/causecap_t_r000_n25000,0.23807508,-0.078543733,0,0,0.76192492,-0.078543733,kuairand,high,101
logger,run_replay_opc_25k_mlkr/opc_n25000_r0,0.2258849,-0.068820227,0,0,0.7741151,-0.068820227,kuairand,high,101
policies/oracle_affine_bilinear_likelihood_n0,policies/oracle_affine_bilinear_value_n0,0.47026738,-0.020570986,0.24565114,-0.010245721,0.28408147,-0.010325265,kuairand,high,101
policies/oracle_affine_bilinear_likelihood_n0,policies/oracle_bilinear_likelihood_n0,0.62830094,0.0073501962,0.24824283,0.0034780784,0.12345622,0.0038721178,kuairand,high,101
policies/oracle_affine_bilinear_likelihood_n0,policies/oracle_bilinear_value_n0,0.46172677,-0.018676899,0.25651968,-0.0097026242,0.28175355,-0.0089742744,kuairand,high,101
policies/oracle_affine_bilinear_likelihood_n0,policies/oracle_blob_likelihood_n0,0.51707656,-0.0047714321,0.17987868,-0.0050451697,0.30304477,0.0002737376,kuairand,high,101
policies/oracle_affine_bilinear_likelihood_n0,policies/oracle_blob_value_n0,0.45694632,-0.02185156,0.26134565,-0.011193593,0.28170803,-0.010657967,kuairand,high,101
policies/oracle_affine_bilinear_likelihood_n0,run_blob_main_25k_mnq/blob_mnq_n25000,0.25436797,0.044784011,0.3454292,0.014163072,0.40020283,0.030620939,kuairand,high,101
policies/oracle_affine_bilinear_likelihood_n0,run_blob_main_25k_nq/blob_nq_n25000,0.25738688,0.044480978,0.6377031,0.038134556,0.10491001,0.0063464212,kuairand,high,101
policies/oracle_affine_bilinear_likelihood_n0,run_replay_cap_rho0_25k_mlkr/causecap_c_r000_n25000,0.45283696,0.00927969,0.4520814,0.008287966,0.095081633,0.00099172401,kuairand,high,101
policies/oracle_affine_bilinear_likelihood_n0,run_replay_cap_rho0_25k_mlkr/causecap_t_r000_n25000,0.44550479,0.01007619,0.46968665,0.0092436302,0.084808561,0.00083255976,kuairand,high,101
policies/oracle_affine_bilinear_likelihood_n0,run_replay_opc_25k_mlkr/opc_n25000_r0,0.36083659,0.019799696,0.47628383,0.013907021,0.16287958,0.0058926744,kuairand,high,101
policies/oracle_affine_bilinear_value_n0,policies/oracle_bilinear_likelihood_n0,0.41017422,0.027921182,0.37642349,0.017228961,0.21340228,0.010692221,kuairand,high,101
policies/oracle_affine_bilinear_value_n0,policies/oracle_bilinear_value_n0,0.87507572,0.0018940875,0.067299051,0.0010301399,0.057625227,0.00086394759,kuairand,high,101
policies/oracle_affine_bilinear_value_n0,policies/oracle_blob_likelihood_n0,0.43690119,0.015799554,0.24271953,0.004056909,0.32037928,0.011742645,kuairand,high,101
policies/oracle_affine_bilinear_value_n0,policies/oracle_blob_value_n0,0.85919264,-0.0012805743,0.079567756,-0.00083267385,0.061239601,-0.00044790041,kuairand,high,101
policies/oracle_affine_bilinear_value_n0,run_blob_main_25k_mnq/blob_mnq_n25000,0.31300263,0.065354997,0.33162728,0.027546856,0.35537009,0.037808141,kuairand,high,101
policies/oracle_affine_bilinear_value_n0,run_blob_main_25k_nq/blob_nq_n25000,0.27869485,0.065051964,0.63225164,0.056600571,0.089053505,0.0084513931,kuairand,high,101
policies/oracle_affine_bilinear_value_n0,run_replay_cap_rho0_25k_mlkr/causecap_c_r000_n25000,0.43736102,0.029850676,0.47171275,0.025132992,0.090926238,0.0047176838,kuairand,high,101
policies/oracle_affine_bilinear_value_n0,run_replay_cap_rho0_25k_mlkr/causecap_t_r000_n25000,0.43542097,0.030647176,0.48643808,0.026380918,0.078140957,0.0042662585,kuairand,high,101
policies/oracle_affine_bilinear_value_n0,run_replay_opc_25k_mlkr/opc_n25000_r0,0.38181154,0.040370682,0.47813596,0.030388516,0.14005249,0.0099821662,kuairand,high,101
policies/oracle_bilinear_likelihood_n0,policies/oracle_bilinear_value_n0,0.41364441,-0.026027095,0.21689087,-0.010290585,0.36946472,-0.01573651,kuairand,high,101
policies/oracle_bilinear_likelihood_n0,policies/oracle_blob_likelihood_n0,0.45502623,-0.012121628,0.14770862,-0.0063219698,0.39726514,-0.0057996586,kuairand,high,101
policies/oracle_bilinear_likelihood_n0,policies/oracle_blob_value_n0,0.40623826,-0.029201757,0.22296603,-0.011645935,0.37079571,-0.017555821,kuairand,high,101
policies/oracle_bilinear_likelihood_n0,run_blob_main_25k_mnq/blob_mnq_n25000,0.23573079,0.037433815,0.29607502,0.0095858057,0.46819419,0.027848009,kuairand,high,101
policies/oracle_bilinear_likelihood_n0,run_blob_main_25k_nq/blob_nq_n25000,0.26089566,0.037130781,0.61876035,0.031387569,0.12034399,0.0057432127,kuairand,high,101
policies/oracle_bilinear_likelihood_n0,run_replay_cap_rho0_25k_mlkr/causecap_c_r000_n25000,0.41307404,0.0019294938,0.42549074,0.0031628976,0.16143522,-0.0012334038,kuairand,high,101
policies/oracle_bilinear_likelihood_n0,run_replay_cap_rho0_25k_mlkr/causecap_t_r000_n25000,0.40952486,0.0027259937,0.44325414,0.0039023155,0.14722101,-0.0011763218,kuairand,high,101
policies/oracle_bilinear_likelihood_n0,run_replay_opc_25k_mlkr/opc_n25000_r0,0.32313232,0.0124495,0.45109035,0.0085373733,0.22577733,0.0039121262,kuairand,high,101
policies/oracle_bilinear_value_n0,policies/oracle_blob_likelihood_n0,0.4379958,0.013905466,0.23596573,0.0031428121,0.32603847,0.010762654,kuairand,high,101
policies/oracle_bilinear_value_n0,policies/oracle_blob_value_n0,0.84229987,-0.0031746617,0.082476183,-0.0018833653,0.075223947,-0.0012912964,kuairand,high,101
policies/oracle_bilinear_value_n0,run_blob_main_25k_mnq/blob_mnq_n25000,0.31182331,0.06346091,0.32801991,0.02627283,0.36015679,0.03718808,kuairand,high,101
policies/oracle_bilinear_value_n0,run_blob_main_25k_nq/blob_nq_n25000,0.28038893,0.063157876,0.6300664,0.054711651,0.089544676,0.008446225,kuairand,high,101
policies/oracle_bilinear_value_n0,run_replay_cap_rho0_25k_mlkr/causecap_c_r000_n25000,0.43271818,0.027956589,0.46949403,0.023466027,0.097787792,0.0044905615,kuairand,high,101
policies/oracle_bilinear_value_n0,run_replay_cap_rho0_25k_mlkr/causecap_t_r000_n25000,0.43107314,0.028753089,0.48329055,0.024674197,0.085636312,0.0040788918,kuairand,high,101
policies/oracle_bilinear_value_n0,run_replay_opc_25k_mlkr/opc_n25000_r0,0.37912217,0.038476594,0.47516686,0.028611597,0.14571097,0.0098649974,kuairand,high,101
policies/oracle_blob_likelihood_n0,policies/oracle_blob_value_n0,0.43527699,-0.017080128,0.33167955,-0.012607098,0.23304346,-0.0044730301,kuairand,high,101
policies/oracle_blob_likelihood_n0,run_blob_main_25k_mnq/blob_mnq_n25000,0.2928001,0.049555443,0.38404676,0.018951368,0.32315314,0.030604075,kuairand,high,101
policies/oracle_blob_likelihood_n0,run_blob_main_25k_nq/blob_nq_n25000,0.2561795,0.04925241,0.66029387,0.042644679,0.083526627,0.0066077311,kuairand,high,101
policies/oracle_blob_likelihood_n0,run_replay_cap_rho0_25k_mlkr/causecap_c_r000_n25000,0.38229754,0.014051122,0.52944203,0.010940581,0.088260428,0.0031105415,kuairand,high,101
policies/oracle_blob_likelihood_n0,run_replay_cap_rho0_25k_mlkr/causecap_t_r000_n25000,0.38102503,0.014847622,0.54006029,0.012062009,0.078914679,0.0027856135,kuairand,high,101
policies/oracle_blob_likelihood_n0,run_replay_opc_25k_mlkr/opc_n25000_r0,0.33967958,0.024571128,0.52318773,0.017087863,0.13713269,0.0074832646,kuairand,high,101
policies/oracle_blob_value_n0,run_blob_main_25k_mnq/blob_mnq_n25000,0.3112098,0.066635571,0.32364074,0.027197538,0.36514946,0.039438033,kuairand,high,101
policies/oracle_blob_value_n0,run_blob_main_25k_nq/blob_nq_n25000,0.27871321,0.066332538,0.63177454,0.057788276,0.08951225,0.0085442621,kuairand,high,101
policies/oracle_blob_value_n0,run_replay_cap_rho0_25k_mlkr/causecap_c_r000_n25000,0.4313143,0.03113125,0.47133288,0.026261674,0.097352822,0.0048695763,kuairand,high,101
policies/oracle_blob_value_n0,run_replay_cap_rho0_25k_mlkr/causecap_t_r000_n25000,0.42915536,0.03192775,0.48650595,0.027508762,0.084338691,0.0044189883,kuairand,high,101
policies/oracle_blob_value_n0,run_replay_opc_25k_mlkr/opc_n25000_r0,0.37409678,0.041651256,0.48069945,0.031466208,0.14520376,0.010185049,kuairand,high,101
run_blob_main_25k_mnq/blob_mnq_n25000,run_blob_main_25k_nq/blob_nq_n25000,0.38716836,-0.00030303331,0.59942457,0.00019962294,0.013407066,-0.00050265625,kuairand,high,101
run_blob_main_25k_mnq/blob_mnq_n25000,run_replay_cap_rho0_25k_mlkr/causecap_c_r000_n25000,0.30791158,-0.035504321,0.5491609,-0.028394904,0.14292751,-0.0071094168,kuairand,high,101
run_blob_main_25k_mnq/blob_mnq_n25000,run_replay_cap_rho0_25k_mlkr/causecap_t_r000_n25000,0.31632413,-0.034707821,0.55843816,-0.02812628,0.1252377,-0.0065815409,kuairand,high,101
run_blob_main_25k_mnq/blob_mnq_n25000,run_replay_opc_25k_mlkr/opc_n25000_r0,0.39765217,-0.024984315,0.48389519,-0.020084907,0.11845265,-0.004899408,kuairand,high,101
run_blob_main_25k_nq/blob_nq_n25000,run_replay_cap_rho0_25k_mlkr/causecap_c_r000_n25000,0.37423348,-0.035201288,0.13379029,-0.0059045555,0.49197622,-0.029296732,kuairand,high,101
run_blob_main_25k_nq/blob_nq_n25000,run_replay_cap_rho0_25k_mlkr/causecap_t_r000_n25000,0.39635642,-0.034404788,0.13360723,-0.00592009,0.47003635,-0.028484698,kuairand,high,101
run_blob_main_25k_nq/blob_nq_n25000,run_replay_opc_25k_mlkr/opc_n25000_r0,0.47392024,-0.024681282,0.0780638,-0.0032003926,0.44801596,-0.021480889,kuairand,high,101
run_replay_cap_rho0_25k_mlkr/causecap_c_r000_n25000,run_replay_cap_rho0_25k_mlkr/causecap_t_r000_n25000,0.92261601,0.00079649992,0.059680896,0.00078144452,0.017703095,1.5055405e-05,kuairand,high,101
run_replay_cap_rho0_25k_mlkr/causecap_c_r000_n25000,run_replay_opc_25k_mlkr/opc_n25000_r0,0.4983828,0.010520006,0.24544305,0.0074370575,0.25617415,0.0030829482,kuairand,high,101
run_replay_cap_rho0_25k_mlkr/causecap_t_r000_n25000,run_replay_opc_25k_mlkr/opc_n25000_r0,0.51832248,0.0097235058,0.21769514,0.006901503,0.26398238,0.0028220028,kuairand,high,101
blob_prior_mean,logger,0.82504176,-0.0025728773,0.17495824,-0.0025728773,0,0,kuairand,none,100
blob_prior_mean,policies/oracle_affine_bilinear_likelihood_n0,0.7946137,-0.0019451207,0.136314,-0.0024044695,0.0690723,0.00045934883,kuairand,none,100
blob_prior_mean,policies/oracle_affine_bilinear_value_n0,0.80958689,-0.0023968043,0.15429864,-0.0025017256,0.036114466,0.00010492127,kuairand,none,100
blob_prior_mean,policies/oracle_bilinear_likelihood_n0,0.68242712,0.001540295,0.10900183,-0.002132699,0.20857105,0.003672994,kuairand,none,100
blob_prior_mean,policies/oracle_bilinear_value_n0,0.78238847,-0.001922663,0.13851718,-0.0024035481,0.07909435,0.00048088508,kuairand,none,100
blob_prior_mean,policies/oracle_blob_likelihood_n0,0.81178957,-0.0023029806,0.14634423,-0.0024802594,0.0418662,0.00017727881,kuairand,none,100
blob_prior_mean,policies/oracle_blob_value_n0,0.80652737,-0.0023536276,0.15289636,-0.0024933268,0.040576262,0.00013969916,kuairand,none,100
blob_prior_mean,run_blob_main_25k_mnq/blob_mnq_n25000,0.80756692,-0.00062472394,0.091767067,-0.0018297291,0.10066602,0.0012050051,kuairand,none,100
blob_prior_mean,run_blob_main_25k_nq/blob_nq_n25000,0.81239324,-0.0014143938,0.10827953,-0.0021191898,0.079327235,0.00070479601,kuairand,none,100
blob_prior_mean,run_replay_cap_rho0_25k_mlkr/causecap_c_r000_n25000,0.72238287,0.00011327236,0.1100422,-0.0020647202,0.16757493,0.0021779925,kuairand,none,100
blob_prior_mean,run_replay_cap_rho0_25k_mlkr/causecap_t_r000_n25000,0.72238287,0.00011327236,0.1100422,-0.0020647202,0.16757493,0.0021779925,kuairand,none,100
blob_prior_mean,run_replay_opc_25k_mlkr/opc_n25000_r0,0.69419572,0.002389582,0.09645481,-0.00168237,0.20934947,0.004071952,kuairand,none,100
logger,policies/oracle_affine_bilinear_likelihood_n0,0.88983876,0.00062775664,0,0,0.11016124,0.00062775664,kuairand,none,100
logger,policies/oracle_affine_bilinear_value_n0,0.93647601,0.00017607301,0,0,0.063523988,0.00017607301,kuairand,none,100
logger,policies/oracle_bilinear_likelihood_n0,0.7452583,0.0041131723,0,0,0.2547417,0.0041131723,kuairand,none,100
logger,policies/oracle_bilinear_value_n0,0.8814492,0.00065021432,0,0,0.1185508,0.00065021432,kuairand,none,100
logger,policies/oracle_blob_likelihood_n0,0.92359627,0.00026989674,0,0,0.076403732,0.00026989674,kuairand,none,100
logger,policies/oracle_blob_value_n0,0.93061395,0.00021924967,0,0,0.069386047,0.00021924967,kuairand,none,100
logger,run_blob_main_25k_mnq/blob_mnq_n25000,0.81256061,0.0019481534,0,0,0.18743939,0.0019481534,kuairand,none,100
logger,run_blob_main_25k_nq/blob_nq_n25000,0.84706964,0.0011584835,0,0,0.15293036,0.0011584835,kuairand,none,100
logger,run_replay_cap_rho0_25k_mlkr/causecap_c_r000_n25000,0.77128905,0.0026861497,0,0,0.22871095,0.0026861497,kuairand,none,100
logger,run_replay_cap_rho0_25k_mlkr/causecap_t_r000_n25000,0.77128905,0.0026861497,0,0,0.22871095,0.0026861497,kuairand,none,100
logger,run_replay_opc_25k_mlkr/opc_n25000_r0,0.72330683,0.0049624593,0,0,0.27669317,0.0049624593,kuairand,none,100
policies/oracle_affine_bilinear_likelihood_n0,policies/oracle_affine_bilinear_value_n0,0.85675528,-0.00045168363,0.096963826,-0.00059445198,0.046280897,0.00014276835,kuairand,none,100
policies/oracle_affine_bilinear_likelihood_n0,policies/oracle_bilinear_likelihood_n0,0.80091233,0.0034854157,0.013038869,-4.7677493e-05,0.1860488,0.0035330932,kuairand,none,100
policies/oracle_affine_bilinear_likelihood_n0,policies/oracle_bilinear_value_n0,0.81895841,2.2457688e-05,0.08594207,-0.00052990568,0.095099523,0.00055236336,kuairand,none,100
policies/oracle_affine_bilinear_likelihood_n0,policies/oracle_blob_likelihood_n0,0.95768234,-0.00035785989,0.040321376,-0.00036045556,0.0019962852,2.5956646e-06,kuairand,none,100
policies/oracle_affine_bilinear_likelihood_n0,policies/oracle_blob_value_n0,0.85564751,-0.00040850697,0.094227859,-0.00058623258,0.050124627,0.00017772561,kuairand,none,100
policies/oracle_affine_bilinear_likelihood_n0,run_blob_main_25k_mnq/blob_mnq_n25000,0.78507058,0.0013203967,0.068024486,-0.00045026849,0.14690493,0.0017706652,kuairand,none,100
policies/oracle_affine_bilinear_likelihood_n0,run_blob_main_25k_nq/blob_nq_n25000,0.81513163,0.0005307269,0.071584068,-0.00048207838,0.1132843,0.0010128053,kuairand,none,100
policies/oracle_affine_bilinear_likelihood_n0,run_replay_cap_rho0_25k_mlkr/causecap_c_r000_n25000,0.7437772,0.002058393,0.065342443,-0.00042619995,0.19088036,0.002484593,kuairand,none,100
policies/oracle_affine_bilinear_likelihood_n0,run_replay_cap_rho0_25k_mlkr/causecap_t_r000_n25000,0.7437772,0.002058393,0.065342443,-0.00042619995,0.19088036,0.002484593,kuairand,none,100
policies/oracle_affine_bilinear_likelihood_n0,run_replay_opc_25k_mlkr/opc_n25000_r0,0.69917505,0.0043347026,0.059597328,-0.00039721941,0.24122762,0.0047319221,kuairand,none,100
policies/oracle_affine_bilinear_value_n0,policies/oracle_bilinear_likelihood_n0,0.71660393,0.0039370993,0.03692406,-0.00012320994,0.24647201,0.0040603093,kuairand,none,100
policies/oracle_affine_bilinear_value_n0,policies/oracle_bilinear_value_n0,0.92099697,0.00047414131,0.0088294052,-2.0483921e-05,0.070173624,0.00049462524,kuairand,none,100
policies/oracle_affine_bilinear_value_n0,policies/oracle_blob_likelihood_n0,0.88623431,9.3823733e-05,0.049889699,-0.00015247864,0.063875995,0.00024630237,kuairand,none,100
policies/oracle_affine_bilinear_value_n0,policies/oracle_blob_value_n0,0.96196897,4.3176656e-05,0.016001482,-4.3479475e-05,0.022029553,8.6656131e-05,kuairand,none,100
policies/oracle_affine_bilinear_value_n0,run_blob_main_25k_mnq/blob_mnq_n25000,0.80189104,0.0017720803,0.0338705,-0.0001037067,0.16423846,0.001875787,kuairand,none,100
policies/oracle_affine_bilinear_value_n0,run_blob_main_25k_nq/blob_nq_n25000,0.83122873,0.00098241052,0.037733046,-0.00011499104,0.13103822,0.0010974016,kuairand,none,100
policies/oracle_affine_bilinear_value_n0,run_replay_cap_rho0_25k_mlkr/causecap_c_r000_n25000,0.76302965,0.0025100767,0.030588732,-9.160289e-05,0.20638162,0.0026016795,kuairand,none,100
policies/oracle_affine_bilinear_value_n0,run_replay_cap_rho0_25k_mlkr/causecap_t_r000_n25000,0.76302965,0.0025100767,0.030588732,-9.160289e-05,0.20638162,0.0026016795,kuairand,none,100
policies/oracle_affine_bilinear_value_n0,run_replay_opc_25k_mlkr/opc_n25000_r0,0.72114242,0.0047863863,0.026509273,-7.703712e-05,0.2523483,0.0048634234,kuairand,none,100
policies/oracle_bilinear_likelihood_n0,policies/oracle_bilinear_value_n0,0.68419304,-0.003462958,0.23914371,-0.0039122888,0.076663242,0.00044933081,kuairand,none,100
policies/oracle_bilinear_likelihood_n0,policies/oracle_blob_likelihood_n0,0.77952484,-0.0038432756,0.21133695,-0.0038663531,0.0091382067,2.3077511e-05,kuairand,none,100
policies/oracle_bilinear_likelihood_n0,policies/oracle_blob_value_n0,0.7170059,-0.0038939227,0.24379264,-0.0040392355,0.039201453,0.00014531288,kuairand,none,100
policies/oracle_bilinear_likelihood_n0,run_blob_main_25k_mnq/blob_mnq_n25000,0.68404332,-0.002165019,0.20525423,-0.0036163869,0.11070245,0.001451368,kuairand,none,100
policies/oracle_bilinear_likelihood_n0,run_blob_main_25k_nq/blob_nq_n25000,0.70971708,-0.0029546888,0.21034918,-0.0037176347,0.079933741,0.00076294587,kuairand,none,100
policies/oracle_bilinear_likelihood_n0,run_replay_cap_rho0_25k_mlkr/causecap_c_r000_n25000,0.66614552,-0.0014270227,0.19282472,-0.0033639287,0.14102976,0.0019369061,kuairand,none,100
policies/oracle_bilinear_likelihood_n0,run_replay_cap_rho0_25k_mlkr/causecap_t_r000_n25000,0.66614552,-0.0014270227,0.19282472,-0.0033639287,0.14102976,0.0019369061,kuairand,none,100
policies/oracle_bilinear_likelihood_n0,run_replay_opc_25k_mlkr/opc_n25000_r0,0.61693671,0.00084928695,0.18821779,-0.0032595564,0.1948455,0.0041088434,kuairand,none,100
policies/oracle_bilinear_value_n0,policies/oracle_blob_likelihood_n0,0.84319424,-0.00038031758,0.10157045,-0.00059131256,0.055235313,0.00021099498,kuairand,none,100
policies/oracle_bilinear_value_n0,policies/oracle_blob_value_n0,0.91548916,-0.00043096466,0.069964773,-0.00047369005,0.014546065,4.2725394e-05,kuairand,none,100
policies/oracle_bilinear_value_n0,run_blob_main_25k_mnq/blob_mnq_n25000,0.77463904,0.001297939,0.077026839,-0.00047310637,0.14833412,0.0017710454,kuairand,none,100
policies/oracle_bilinear_value_n0,run_blob_main_25k_nq/blob_nq_n25000,0.80037208,0.00050826921,0.083143891,-0.00050934148,0.11648403,0.0010176107,kuairand,none,100
policies/oracle_bilinear_value_n0,run_replay_cap_rho0_25k_mlkr/causecap_c_r000_n25000,0.73997852,0.0020359353,0.07062832,-0.00042854855,0.18938597,0.0024644839,kuairand,none,100
policies/oracle_bilinear_value_n0,run_replay_cap_rho0_25k_mlkr/causecap_t_r000_n25000,0.73997852,0.0020359353,0.07062832,-0.00042854855,0.18938597,0.0024644839,kuairand,none,100
policies/oracle_bilinear_value_n0,run_replay_opc_25k_mlkr/opc_n25000_r0,0.70929968,0.004312245,0.058721353,-0.00034889629,0.23197897,0.0046611412,kuairand,none,100
policies/oracle_blob_likelihood_n0,policies/oracle_blob_value_n0,0.88296407,-5.0647077e-05,0.062063849,-0.00024309739,0.054972076,0.00019245031,kuairand,none,100
policies/oracle_blob_likelihood_n0,run_blob_main_25k_mnq/blob_mnq_n25000,0.80198764,0.0016782566,0.040653337,-0.00016438971,0.15735902,0.0018426463,kuairand,none,100
policies/oracle_blob_likelihood_n0,run_blob_main_25k_nq/blob_nq_n25000,0.83351495,0.00088858679,0.043354802,-0.00017618755,0.12313025,0.0010647743,kuairand,none,100
policies/oracle_blob_likelihood_n0,run_replay_cap_rho0_25k_mlkr/causecap_c_r000_n25000,0.75722357,0.0024162529,0.040314144,-0.00015991271,0.20246228,0.0025761656,kuairand,none,100
policies/oracle_blob_likelihood_n0,run_replay_cap_rho0_25k_mlkr/causecap_t_r000_n25000,0.75722357,0.0024162529,0.040314144,-0.00015991271,0.20246228,0.0025761656,kuairand,none,100
policies/oracle_blob_likelihood_n0,run_replay_opc_25k_mlkr/opc_n25000_r0,0.71110802,0.0046925625,0.037039247,-0.00015110141,0.25185274,0.004843664,kuairand,none,100
policies/oracle_blob_value_n0,run_blob_main_25k_mnq/blob_mnq_n25000,0.79874557,0.0017289037,0.038656962,-0.0001365225,0.16259747,0.0018654262,kuairand,none,100
policies/oracle_blob_value_n0,run_blob_main_25k_nq/blob_nq_n25000,0.82649212,0.00093923387,0.043096838,-0.00015107014,0.13041104,0.001090304,kuairand,none,100
policies/oracle_blob_value_n0,run_replay_cap_rho0_25k_mlkr/causecap_c_r000_n25000,0.75975617,0.0024669,0.035494135,-0.00012469624,0.20474969,0.0025915962,kuairand,none,100
policies/oracle_blob_value_n0,run_replay_cap_rho0_25k_mlkr/causecap_t_r000_n25000,0.75975617,0.0024669,0.035494135,-0.00012469624,0.20474969,0.0025915962,kuairand,none,100
policies/oracle_blob_value_n0,run_replay_opc_25k_mlkr/opc_n25000_r0,0.72023423,0.0047432096,0.029811811,-0.00010204933,0.24995396,0.0048452589,kuairand,none,100
run_blob_main_25k_mnq/blob_mnq_n25000,run_blob_main_25k_nq/blob_nq_n25000,0.91825211,-0.00078966983,0.060803951,-0.00093574115,0.020943936,0.00014607132,kuairand,none,100
run_blob_main_25k_mnq/blob_mnq_n25000,run_replay_cap_rho0_25k_mlkr/causecap_c_r000_n25000,0.73237255,0.0007379963,0.11005561,-0.0013521186,0.15757183,0.0020901149,kuairand,none,100
run_blob_main_25k_mnq/blob_mnq_n25000,run_replay_cap_rho0_25k_mlkr/causecap_t_r000_n25000,0.73237255,0.0007379963,0.11005561,-0.0013521186,0.15757183,0.0020901149,kuairand,none,100
run_blob_main_25k_mnq/blob_mnq_n25000,run_replay_opc_25k_mlkr/opc_n25000_r0,0.70934006,0.0030143059,0.091891799,-0.0010202683,0.19876815,0.0040345742,kuairand,none,100
run_blob_main_25k_nq/blob_nq_n25000,run_replay_cap_rho0_25k_mlkr/causecap_c_r000_n25000,0.75257644,0.0015276661,0.079893076,-0.00067434105,0.16753048,0.0022020072,kuairand,none,100
run_blob_main_25k_nq/blob_nq_n25000,run_replay_cap_rho0_25k_mlkr/causecap_t_r000_n25000,0.75257644,0.0015276661,0.079893076,-0.00067434105,0.16753048,0.0022020072,kuairand,none,100
run_blob_main_25k_nq/blob_nq_n25000,run_replay_opc_25k_mlkr/opc_n25000_r0,0.72106783,0.0038039758,0.066969877,-0.00052139777,0.21196229,0.0043253735,kuairand,none,100
run_replay_cap_rho0_25k_mlkr/causecap_c_r000_n25000,run_replay_cap_rho0_25k_mlkr/causecap_t_r000_n25000,1,0,0,0,0,0,kuairand,none,100
run_replay_cap_rho0_25k_mlkr/causecap_c_r000_n25000,run_replay_opc_25k_mlkr/opc_n25000_r0,0.6948182,0.0022763096,0.12249051,-0.0015719849,0.18269129,0.0038482945,kuairand,none,100
run_replay_cap_rho0_25k_mlkr/causecap_t_r000_n25000,run_replay_opc_25k_mlkr/opc_n25000_r0,0.6948182,0.0022763096,0.12249051,-0.0015719849,0.18269129,0.0038482945,kuairand,none,100
blob_prior_mean,logger,0.82853951,-0.0026277197,0.17146049,-0.0026277197,0,0,kuairand,none,101
blob_prior_mean,policies/oracle_affine_bilinear_likelihood_n0,0.80193425,-0.0021305907,0.14044503,-0.002490023,0.057620712,0.00035943223,kuairand,none,101
blob_prior_mean,policies/oracle_affine_bilinear_value_n0,0.81629133,-0.0024466112,0.14980444,-0.0025497078,0.033904228,0.00010309665,kuairand,none,101
blob_prior_mean,policies/oracle_bilinear_likelihood_n0,0.68920528,0.0014603948,0.10732964,-0.002162222,0.20346508,0.0036226168,kuairand,none,101
blob_prior_mean,policies/oracle_bilinear_value_n0,0.78942951,-0.0019920023,0.1358749,-0.0024392206,0.074695594,0.0004472183,kuairand,none,101
blob_prior_mean,policies/oracle_blob_likelihood_n0,0.7998866,-0.0020952469,0.13886962,-0.0024800647,0.061243772,0.00038481778,kuairand,none,101
blob_prior_mean,policies/oracle_blob_value_n0,0.81229874,-0.002389456,0.14916722,-0.0025390605,0.038534038,0.00014960448,kuairand,none,101
blob_prior_mean,run_blob_main_25k_mnq/blob_mnq_n25000,0.84203686,-0.0009673956,0.084531142,-0.0017145111,0.073432001,0.00074711546,kuairand,none,101
blob_prior_mean,run_blob_main_25k_nq/blob_nq_n25000,0.84571597,-0.0010741353,0.084158719,-0.0017417561,0.070125311,0.00066762075,kuairand,none,101
blob_prior_mean,run_replay_cap_rho0_25k_mlkr/causecap_c_r000_n25000,0.72913137,0.00083859799,0.10132765,-0.001921782,0.16954099,0.00276038,kuairand,none,101
blob_prior_mean,run_replay_cap_rho0_25k_mlkr/causecap_t_r000_n25000,0.72913061,0.00083913067,0.10132765,-0.0019217851,0.16954174,0.0027609158,kuairand,none,101
blob_prior_mean,run_replay_opc_25k_mlkr/opc_n25000_r0,0.65461501,0.0052164926,0.086704833,-0.0015166816,0.25868015,0.0067331743,kuairand,none,101
logger,policies/oracle_affine_bilinear_likelihood_n0,0.90598394,0.00049712893,0,0,0.094016058,0.00049712893,kuairand,none,101
logger,policies/oracle_affine_bilinear_value_n0,0.93654126,0.0001811085,0,0,0.063458736,0.0001811085,kuairand,none,101
logger,policies/oracle_bilinear_likelihood_n0,0.75234682,0.0040881145,0,0,0.24765318,0.0040881145,kuairand,none,101
logger,policies/oracle_bilinear_value_n0,0.88369528,0.00063571732,0,0,0.11630472,0.00063571732,kuairand,none,101
logger,policies/oracle_blob_likelihood_n0,0.9018372,0.00053247274,0,0,0.098162798,0.00053247274,kuairand,none,101
logger,policies/oracle_blob_value_n0,0.93165562,0.00023826363,0,0,0.068344381,0.00023826363,kuairand,none,101
logger,run_blob_main_25k_mnq/blob_mnq_n25000,0.83645828,0.0016603241,0,0,0.16354172,0.0016603241,kuairand,none,101
logger,run_blob_main_25k_nq/blob_nq_n25000,0.84023426,0.0015535843,0,0,0.15976574,0.0015535843,kuairand,none,101
logger,run_replay_cap_rho0_25k_mlkr/causecap_c_r000_n25000,0.76579736,0.0034663176,0,0,0.23420264,0.0034663176,kuairand,none,101
logger,run_replay_cap_rho0_25k_mlkr/causecap_t_r000_n25000,0.76579725,0.0034668503,0,0,0.23420275,0.0034668503,kuairand,none,101
logger,run_replay_opc_25k_mlkr/opc_n25000_r0,0.67719639,0.0078442123,0,0,0.32280361,0.0078442123,kuairand,none,101
policies/oracle_affine_bilinear_likelihood_n0,policies/oracle_affine_bilinear_value_n0,0.86893469,-0.00031602043,0.082092137,-0.00046846924,0.04897317,0.00015244882,kuairand,none,101
policies/oracle_affine_bilinear_likelihood_n0,policies/oracle_bilinear_likelihood_n0,0.80028207,0.0035909855,0.01078762,-3.491597e-05,0.18893031,0.0036259015,kuairand,none,101
policies/oracle_affine_bilinear_likelihood_n0,policies/oracle_bilinear_value_n0,0.83093682,0.0001385884,0.073299374,-0.00041845943,0.095763802,0.00055704782,kuairand,none,101
policies/oracle_affine_bilinear_likelihood_n0,policies/oracle_blob_likelihood_n0,0.97965869,3.5343813e-05,0.0078157802,-4.1800432e-05,0.012525532,7.7144245e-05,kuairand,none,101
policies/oracle_affine_bilinear_likelihood_n0,policies/oracle_blob_value_n0,0.8670136,-0.0002588653,0.080211164,-0.00046074964,0.052775241,0.00020188434,kuairand,none,101
policies/oracle_affine_bilinear_likelihood_n0,run_blob_main_25k_mnq/blob_mnq_n25000,0.8092417,0.0011631951,0.058793999,-0.00036539399,0.1319643,0.0015285891,kuairand,none,101
policies/oracle_affine_bilinear_likelihood_n0,run_blob_main_25k_nq/blob_nq_n25000,0.8141802,0.0010564554,0.05814972,-0.0003587998,0.12767008,0.0014152552,kuairand,none,101
policies/oracle_affine_bilinear_likelihood_n0,run_replay_cap_rho0_25k_mlkr/causecap_c_r000_n25000,0.74503905,0.0029691887,0.051946784,-0.00031600879,0.20301416,0.0032851975,kuairand,none,101
policies/oracle_affine_bilinear_likelihood_n0,run_replay_cap_rho0_25k_mlkr/causecap_t_r000_n25000,0.74500786,0.0029697214,0.051946784,-0.0003160119,0.20304535,0.0032857333,kuairand,none,101
policies/oracle_affine_bilinear_likelihood_n0,run_replay_opc_25k_mlkr/opc_n25000_r0,0.6622026,0.0073470833,0.044243842,-0.0002663543,0.29355356,0.0076134376,kuairand,none,101
policies/oracle_affine_bilinear_value_n0,policies/oracle_bilinear_likelihood_n0,0.72093508,0.003907006,0.03813971,-0.00011930627,0.24092521,0.0040263122,kuairand,none,101
policies/oracle_affine_bilinear_value_n0,policies/oracle_bilinear_value_n0,0.92760613,0.00045460882,0.0070731353,-1.5949183e-05,0.065320733,0.00047055801,kuairand,none,101
policies/oracle_affine_bilinear_value_n0,policies/oracle_blob_likelihood_n0,0.86553109,0.00035136424,0.048452946,-0.00014992481,0.086015967,0.00050128905,kuairand,none,101
policies/oracle_affine_bilinear_value_n0,policies/oracle_blob_value_n0,0.96396258,5.715513e-05,0.015175519,-4.3608909e-05,0.020861905,0.00010076404,kuairand,none,101
policies/oracle_affine_bilinear_value_n0,run_blob_main_25k_mnq/blob_mnq_n25000,0.82762377,0.0014792156,0.032330917,-0.00010129458,0.14004531,0.0015805101,kuairand,none,101
policies/oracle_affine_bilinear_value_n0,run_blob_main_25k_nq/blob_nq_n25000,0.8304738,0.0013724758,0.033098449,-0.00010178657,0.13642775,0.0014742624,kuairand,none,101
policies/oracle_affine_bilinear_value_n0,run_replay_cap_rho0_25k_mlkr/causecap_c_r000_n25000,0.76160197,0.0032852091,0.026941247,-8.3555042e-05,0.21145678,0.0033687642,kuairand,none,101
policies/oracle_affine_bilinear_value_n0,run_replay_cap_rho0_25k_mlkr/causecap_t_r000_n25000,0.76160057,0.0032857418,0.026941894,-8.3558157e-05,0.21145753,0.0033693,kuairand,none,101
policies/oracle_affine_bilinear_value_n0,run_replay_opc_25k_mlkr/opc_n25000_r0,0.67355207,0.0076631038,0.024420997,-7.3123281e-05,0.30202693,0.007736227,kuairand,none,101
policies/oracle_bilinear_likelihood_n0,policies/oracle_bilinear_value_n0,0.68804642,-0.0034523971,0.23403075,-0.003911473,0.077922829,0.00045907591,kuairand,none,101
policies/oracle_bilinear_likelihood_n0,policies/oracle_blob_likelihood_n0,0.80018292,-0.0035556417,0.187095,-0.0035935266,0.01272208,3.7884864e-05,kuairand,none,101
policies/oracle_bilinear_likelihood_n0,policies/oracle_blob_value_n0,0.72037537,-0.0038498508,0.23842978,-0.004005069,0.04119485,0.00015521813,kuairand,none,101
policies/oracle_bilinear_likelihood_n0,run_blob_main_25k_mnq/blob_mnq_n25000,0.69614961,-0.0024277904,0.20502047,-0.0036472001,0.098829912,0.0012194097,kuairand,none,101
policies/oracle_bilinear_likelihood_n0,run_blob_main_25k_nq/blob_nq_n25000,0.70147375,-0.0025345301,0.20441237,-0.0036363786,0.094113885,0.0011018485,kuairand,none,101
policies/oracle_bilinear_likelihood_n0,run_replay_cap_rho0_25k_mlkr/causecap_c_r000_n25000,0.65871326,-0.00062179681,0.18677806,-0.0032831406,0.15450868,0.0026613438,kuairand,none,101
policies/oracle_bilinear_likelihood_n0,run_replay_cap_rho0_25k_mlkr/causecap_t_r000_n25000,0.65868207,-0.00062126413,0.18677806,-0.0032831437,0.15453988,0.0026618796,kuairand,none,101
policies/oracle_bilinear_likelihood_n0,run_replay_opc_25k_mlkr/opc_n25000_r0,0.59339392,0.0037560978,0.1656835,-0.0028694076,0.24092258,0.0066255054,kuairand,none,101
policies/oracle_bilinear_value_n0,policies/oracle_blob_likelihood_n0,0.82727502,-0.00010324458,0.09540026,-0.00055410573,0.077324723,0.00045086115,kuairand,none,101
policies/oracle_bilinear_value_n0,policies/oracle_blob_value_n0,0.91764589,-0.00039745369,0.066999565,-0.00045160997,0.015354543,5.4156278e-05,kuairand,none,101
policies/oracle_bilinear_value_n0,run_blob_main_25k_mnq/blob_mnq_n25000,0.80146808,0.0010246067,0.073287257,-0.00044047626,0.12524466,0.001465083,kuairand,none,101
policies/oracle_bilinear_value_n0,run_blob_main_25k_nq/blob_nq_n25000,0.8043476,0.00091786699,0.074016881,-0.00044072914,0.12163552,0.0013585961,kuairand,none,101
policies/oracle_bilinear_value_n0,run_replay_cap_rho0_25k_mlkr/causecap_c_r000_n25000,0.74324212,0.0028306003,0.062734124,-0.00037947501,0.19402376,0.0032100753,kuairand,none,101
policies/oracle_bilinear_value_n0,run_replay_cap_rho0_25k_mlkr/causecap_t_r000_n25000,0.74322558,0.002831133,0.06274991,-0.00037978648,0.19402451,0.0032109195,kuairand,none,101
policies/oracle_bilinear_value_n0,run_replay_opc_25k_mlkr/opc_n25000_r0,0.66360238,0.0072084949,0.052223428,-0.00029576546,0.28417419,0.0075042604,kuairand,none,101
policies/oracle_blob_likelihood_n0,policies/oracle_blob_value_n0,0.86234324,-0.00029420911,0.08478303,-0.00049471626,0.052873728,0.00020050714,kuairand,none,101
policies/oracle_blob_likelihood_n0,run_blob_main_25k_mnq/blob_mnq_n25000,0.80710439,0.0011278513,0.062038921,-0.00039217179,0.13085669,0.0015200231,kuairand,none,101
policies/oracle_blob_likelihood_n0,run_blob_main_25k_nq/blob_nq_n25000,0.81155834,0.0010211116,0.061654581,-0.00038775885,0.12678708,0.0014088704,kuairand,none,101
policies/oracle_blob_likelihood_n0,run_replay_cap_rho0_25k_mlkr/causecap_c_r000_n25000,0.74354111,0.0029338449,0.054914134,-0.00033232214,0.20154475,0.003266167,kuairand,none,101
policies/oracle_blob_likelihood_n0,run_replay_cap_rho0_25k_mlkr/causecap_t_r000_n25000,0.74350992,0.0029343776,0.054914134,-0.00033232525,0.20157594,0.0032667028,kuairand,none,101
policies/oracle_blob_likelihood_n0,run_replay_opc_25k_mlkr/opc_n25000_r0,0.66015807,0.0073117395,0.047096937,-0.00027909447,0.29274499,0.007590834,kuairand,none,101
policies/oracle_blob_value_n0,run_blob_main_25k_mnq/blob_mnq_n25000,0.82388359,0.0014220604,0.036893565,-0.00014950337,0.13922284,0.0015715638,kuairand,none,101
policies/oracle_blob_value_n0,run_blob_main_25k_nq/blob_nq_n25000,0.82634458,0.0013153207,0.03767644,-0.00014987414,0.13597898,0.0014651948,kuairand,none,101
policies/oracle_blob_value_n0,run_replay_cap_rho0_25k_mlkr/causecap_c_r000_n25000,0.75735775,0.003228054,0.031736561,-0.00012810014,0.21090569,0.0033561542,kuairand,none,101
policies/oracle_blob_value_n0,run_replay_cap_rho0_25k_mlkr/causecap_t_r000_n25000,0.75735635,0.0032285867,0.031737208,-0.00012810326,0.21090644,0.00335669,kuairand,none,101
policies/oracle_blob_value_n0,run_replay_opc_25k_mlkr/opc_n25000_r0,0.67251794,0.0076059486,0.027258224,-0.00010294219,0.30022384,0.0077088908,kuairand,none,101
run_blob_main_25k_mnq/blob_mnq_n25000,run_blob_main_25k_nq/blob_nq_n25000,0.9471705,-0.00010673973,0.028120485,-0.00035448954,0.024709011,0.00024774981,kuairand,none,101
run_blob_main_25k_mnq/blob_mnq_n25000,run_replay_cap_rho0_25k_mlkr/causecap_c_r000_n25000,0.74044481,0.0018059936,0.089386666,-0.0010597935,0.17016853,0.0028657871,kuairand,none,101
run_blob_main_25k_mnq/blob_mnq_n25000,run_replay_cap_rho0_25k_mlkr/causecap_t_r000_n25000,0.74044405,0.0018065263,0.089386666,-0.0010597966,0.17016928,0.0028663229,kuairand,none,101
run_blob_main_25k_mnq/blob_mnq_n25000,run_replay_opc_25k_mlkr/opc_n25000_r0,0.65763563,0.0061838882,0.07888105,-0.0008750646,0.26348332,0.0070589528,kuairand,none,101
run_blob_main_25k_nq/blob_nq_n25000,run_replay_cap_rho0_25k_mlkr/causecap_c_r000_n25000,0.7501326,0.0019127333,0.082815556,-0.0009258863,0.16705185,0.0028386196,kuairand,none,101
run_blob_main_25k_nq/blob_nq_n25000,run_replay_cap_rho0_25k_mlkr/causecap_t_r000_n25000,0.75013184,0.001913266,0.082815556,-0.00092588941,0.1670526,0.0028391554,kuairand,none,101
run_blob_main_25k_nq/blob_nq_n25000,run_replay_opc_25k_mlkr/opc_n25000_r0,0.66761205,0.0062906279,0.071955905,-0.00073602158,0.26043205,0.0070266495,kuairand,none,101
run_replay_cap_rho0_25k_mlkr/causecap_c_r000_n25000,run_replay_cap_rho0_25k_mlkr/causecap_t_r000_n25000,0.9999197,5.3267872e-07,1.5785893e-05,-6.0218095e-07,6.4510873e-05,1.1348597e-06,kuairand,none,101
run_replay_cap_rho0_25k_mlkr/causecap_c_r000_n25000,run_replay_opc_25k_mlkr/opc_n25000_r0,0.68130061,0.0043778946,0.10481481,-0.0016215102,0.21388459,0.0059994048,kuairand,none,101
run_replay_cap_rho0_25k_mlkr/causecap_t_r000_n25000,run_replay_opc_25k_mlkr/opc_n25000_r0,0.68128021,0.0043773619,0.10482506,-0.0016222756,0.21389473,0.0059996375,kuairand,none,101
blob_prior_mean,logger,0.75375439,-0.0019751318,0.24624561,-0.0019751318,0,0,kuairand,w-high.g-none.v-none,100
blob_prior_mean,policies/oracle_affine_bilinear_likelihood_n0,0.30144443,-0.052167976,0.061486216,-0.0066486112,0.63706935,-0.045519365,kuairand,w-high.g-none.v-none,100
blob_prior_mean,policies/oracle_affine_bilinear_value_n0,0.31820011,-0.052721345,0.06502068,-0.0068215626,0.61677922,-0.045899782,kuairand,w-high.g-none.v-none,100
blob_prior_mean,policies/oracle_bilinear_likelihood_n0,0.28621524,-0.047346939,0.059936881,-0.0063799974,0.65384788,-0.040966942,kuairand,w-high.g-none.v-none,100
blob_prior_mean,policies/oracle_bilinear_value_n0,0.31944082,-0.05199667,0.063469524,-0.0066303659,0.61708965,-0.045366304,kuairand,w-high.g-none.v-none,100
blob_prior_mean,policies/oracle_blob_likelihood_n0,0.30261795,-0.052541288,0.062338913,-0.006711761,0.63504314,-0.045829527,kuairand,w-high.g-none.v-none,100
blob_prior_mean,policies/oracle_blob_value_n0,0.31632078,-0.052730891,0.063628769,-0.0067540003,0.62005045,-0.04597689,kuairand,w-high.g-none.v-none,100
blob_prior_mean,run_blob_main_25k_mnq/blob_mnq_n25000,0.73089076,-0.0060356881,0.070204397,-0.0033549679,0.19890485,-0.0026807203,kuairand,w-high.g-none.v-none,100
blob_prior_mean,run_blob_main_25k_nq/blob_nq_n25000,0.72960607,-0.010567299,0.078943149,-0.0043621703,0.19145078,-0.0062051285,kuairand,w-high.g-none.v-none,100
blob_prior_mean,run_replay_cap_rho0_25k_mlkr/causecap_c_r000_n25000,0.3641674,-0.035725006,0.083492337,-0.0063056527,0.55234027,-0.029419353,kuairand,w-high.g-none.v-none,100
blob_prior_mean,run_replay_cap_rho0_25k_mlkr/causecap_t_r000_n25000,0.3641674,-0.035725006,0.083492337,-0.0063056527,0.55234027,-0.029419353,kuairand,w-high.g-none.v-none,100
blob_prior_mean,run_replay_opc_25k_mlkr/opc_n25000_r0,0.55571164,-0.027016317,0.11546621,-0.0064085544,0.32882215,-0.020607762,kuairand,w-high.g-none.v-none,100
logger,policies/oracle_affine_bilinear_likelihood_n0,0.30876659,-0.050192844,0,0,0.69123341,-0.050192844,kuairand,w-high.g-none.v-none,100
logger,policies/oracle_affine_bilinear_value_n0,0.3266672,-0.050746213,0,0,0.6733328,-0.050746213,kuairand,w-high.g-none.v-none,100
logger,policies/oracle_bilinear_likelihood_n0,0.29534538,-0.045371807,0,0,0.70465462,-0.045371807,kuairand,w-high.g-none.v-none,100
logger,policies/oracle_bilinear_value_n0,0.3267736,-0.050021538,0,0,0.6732264,-0.050021538,kuairand,w-high.g-none.v-none,100
logger,policies/oracle_blob_likelihood_n0,0.31084881,-0.050566156,0,0,0.68915119,-0.050566156,kuairand,w-high.g-none.v-none,100
logger,policies/oracle_blob_value_n0,0.32511393,-0.050755759,0,0,0.67488607,-0.050755759,kuairand,w-high.g-none.v-none,100
logger,run_blob_main_25k_mnq/blob_mnq_n25000,0.64832307,-0.0040605563,0,0,0.35167693,-0.0040605563,kuairand,w-high.g-none.v-none,100
logger,run_blob_main_25k_nq/blob_nq_n25000,0.65843125,-0.0085921669,0,0,0.34156875,-0.0085921669,kuairand,w-high.g-none.v-none,100
logger,run_replay_cap_rho0_25k_mlkr/causecap_c_r000_n25000,0.38204335,-0.033749874,0,0,0.61795665,-0.033749874,kuairand,w-high.g-none.v-none,100
logger,run_replay_cap_rho0_25k_mlkr/causecap_t_r000_n25000,0.38204335,-0.033749874,0,0,0.61795665,-0.033749874,kuairand,w-high.g-none.v-none,100
logger,run_replay_opc_25k_mlkr/opc_n25000_r0,0.57897538,-0.025041185,0,0,0.42102462,-0.025041185,kuairand,w-high.g-none.v-none,100
policies/oracle_affine_bilinear_likelihood_n0,policies/oracle_affine_bilinear_value_n0,0.77872355,-0.00055336863,0.12971309,-0.00036382636,0.091563363,-0.00018954227,kuairand,w-high.g-none.v-none,100
policies/oracle_affine_bilinear_likelihood_n0,policies/oracle_bilinear_likelihood_n0,0.78046507,0.004821037,0.087488499,0.0014930774,0.13204643,0.0033279596,kuairand,w-high.g-none.v-none,100
policies/oracle_affine_bilinear_likelihood_n0,policies/oracle_bilinear_value_n0,0.74839763,0.00017130572,0.14376998,1.3328184e-06,0.1078324,0.0001699729,kuairand,w-high.g-none.v-none,100
policies/oracle_affine_bilinear_likelihood_n0,policies/oracle_blob_likelihood_n0,0.95319364,-0.00037331181,0.026759609,-0.00025113713,0.020046753,-0.00012217468,kuairand,w-high.g-none.v-none,100
policies/oracle_affine_bilinear_likelihood_n0,policies/oracle_blob_value_n0,0.77985951,-0.0005629148,0.12540748,-0.0003906607,0.094733007,-0.0001722541,kuairand,w-high.g-none.v-none,100
policies/oracle_affine_bilinear_likelihood_n0,run_blob_main_25k_mnq/blob_mnq_n25000,0.33567721,0.046132288,0.57284716,0.037951901,0.091475625,0.0081803867,kuairand,w-high.g-none.v-none,100
policies/oracle_affine_bilinear_likelihood_n0,run_blob_main_25k_nq/blob_nq_n25000,0.35623696,0.041600677,0.56987422,0.035578128,0.073888814,0.0060225496,kuairand,w-high.g-none.v-none,100
policies/oracle_affine_bilinear_likelihood_n0,run_replay_cap_rho0_25k_mlkr/causecap_c_r000_n25000,0.49836585,0.01644297,0.33824818,0.01048694,0.16338597,0.0059560302,kuairand,w-high.g-none.v-none,100
policies/oracle_affine_bilinear_likelihood_n0,run_replay_cap_rho0_25k_mlkr/causecap_t_r000_n25000,0.49836585,0.01644297,0.33824818,0.01048694,0.16338597,0.0059560302,kuairand,w-high.g-none.v-none,100
policies/oracle_affine_bilinear_likelihood_n0,run_replay_opc_25k_mlkr/opc_n25000_r0,0.44304338,0.025151659,0.48678527,0.021645879,0.070171352,0.0035057801,kuairand,w-high.g-none.v-none,100
policies/oracle_affine_bilinear_value_n0,policies/oracle_bilinear_likelihood_n0,0.65038638,0.0053744056,0.13375989,0.0015765832,0.21585374,0.0037978225,kuairand,w-high.g-none.v-none,100
policies/oracle_affine_bilinear_value_n0,policies/oracle_bilinear_value_n0,0.9185952,0.00072467435,0.040065468,0.00036814769,0.041339332,0.00035652666,kuairand,w-high.g-none.v-none,100
policies/oracle_affine_bilinear_value_n0,policies/oracle_blob_likelihood_n0,0.79243269,0.00018005682,0.087768128,5.3087887e-05,0.11979918,0.00012696893,kuairand,w-high.g-none.v-none,100
policies/oracle_affine_bilinear_value_n0,policies/oracle_blob_value_n0,0.93572324,-9.5461677e-06,0.028865782,-7.9910199e-06,0.035410976,-1.5551478e-06,kuairand,w-high.g-none.v-none,100
policies/oracle_affine_bilinear_value_n0,run_blob_main_25k_mnq/blob_mnq_n25000,0.35711926,0.046685656,0.54905833,0.038312774,0.093822406,0.0083728827,kuairand,w-high.g-none.v-none,100
policies/oracle_affine_bilinear_value_n0,run_blob_main_25k_nq/blob_nq_n25000,0.37896342,0.042154046,0.54567469,0.03601923,0.07536189,0.0061348156,kuairand,w-high.g-none.v-none,100
policies/oracle_affine_bilinear_value_n0,run_replay_cap_rho0_25k_mlkr/causecap_c_r000_n25000,0.52393418,0.016996339,0.30297053,0.010752363,0.17309529,0.0062439757,kuairand,w-high.g-none.v-none,100
policies/oracle_affine_bilinear_value_n0,run_replay_cap_rho0_25k_mlkr/causecap_t_r000_n25000,0.52393418,0.016996339,0.30297053,0.010752363,0.17309529,0.0062439757,kuairand,w-high.g-none.v-none,100
policies/oracle_affine_bilinear_value_n0,run_replay_opc_25k_mlkr/opc_n25000_r0,0.46996729,0.025705028,0.45899342,0.022126847,0.071039282,0.0035781812,kuairand,w-high.g-none.v-none,100
policies/oracle_bilinear_likelihood_n0,policies/oracle_bilinear_value_n0,0.63012907,-0.0046497313,0.22474564,-0.003377695,0.14512529,-0.0012720363,kuairand,w-high.g-none.v-none,100
policies/oracle_bilinear_likelihood_n0,policies/oracle_blob_likelihood_n0,0.76173241,-0.0051943488,0.14505274,-0.0035864932,0.093214856,-0.0016078556,kuairand,w-high.g-none.v-none,100
policies/oracle_bilinear_likelihood_n0,policies/oracle_blob_value_n0,0.65347019,-0.0053839518,0.21011913,-0.0037918393,0.13641067,-0.0015921125,kuairand,w-high.g-none.v-none,100
policies/oracle_bilinear_likelihood_n0,run_blob_main_25k_mnq/blob_mnq_n25000,0.31752919,0.041311251,0.59323346,0.033572636,0.089237352,0.0077386147,kuairand,w-high.g-none.v-none,100
policies/oracle_bilinear_likelihood_n0,run_blob_main_25k_nq/blob_nq_n25000,0.33672247,0.03677964,0.59094446,0.031103585,0.07233307,0.005676055,kuairand,w-high.g-none.v-none,100
policies/oracle_bilinear_likelihood_n0,run_replay_cap_rho0_25k_mlkr/causecap_c_r000_n25000,0.46789957,0.011621933,0.37358313,0.006830304,0.1585173,0.004791629,kuairand,w-high.g-none.v-none,100
policies/oracle_bilinear_likelihood_n0,run_replay_cap_rho0_25k_mlkr/causecap_t_r000_n25000,0.46789957,0.011621933,0.37358313,0.006830304,0.1585173,0.004791629,kuairand,w-high.g-none.v-none,100
policies/oracle_bilinear_likelihood_n0,run_replay_opc_25k_mlkr/opc_n25000_r0,0.41554897,0.020330622,0.51234049,0.017237816,0.072110532,0.0030928057,kuairand,w-high.g-none.v-none,100
policies/oracle_bilinear_value_n0,policies/oracle_blob_likelihood_n0,0.76065395,-0.00054461753,0.10524101,-0.00031044736,0.13410505,-0.00023417018,kuairand,w-high.g-none.v-none,100
policies/oracle_bilinear_value_n0,policies/oracle_blob_value_n0,0.89397973,-0.00073422052,0.050742188,-0.00036275575,0.055278084,-0.00037146478,kuairand,w-high.g-none.v-none,100
policies/oracle_bilinear_value_n0,run_blob_main_25k_mnq/blob_mnq_n25000,0.35945022,0.045960982,0.54903673,0.037771272,0.091513052,0.0081897105,kuairand,w-high.g-none.v-none,100
policies/oracle_bilinear_value_n0,run_blob_main_25k_nq/blob_nq_n25000,0.38165536,0.041429372,0.54511095,0.03548162,0.073233685,0.0059477513,kuairand,w-high.g-none.v-none,100
policies/oracle_bilinear_value_n0,run_replay_cap_rho0_25k_mlkr/causecap_c_r000_n25000,0.52553389,0.016271664,0.30448564,0.010268766,0.16998047,0.0060028982,kuairand,w-high.g-none.v-none,100
policies/oracle_bilinear_value_n0,run_replay_cap_rho0_25k_mlkr/causecap_t_r000_n25000,0.52553389,0.016271664,0.30448564,0.010268766,0.16998047,0.0060028982,kuairand,w-high.g-none.v-none,100
policies/oracle_bilinear_value_n0,run_replay_opc_25k_mlkr/opc_n25000_r0,0.47562954,0.024980353,0.45671416,0.021486299,0.067656298,0.0034940542,kuairand,w-high.g-none.v-none,100
policies/oracle_blob_likelihood_n0,policies/oracle_blob_value_n0,0.79457082,-0.00018960299,0.11535712,-0.00014354445,0.090072062,-4.6058541e-05,kuairand,w-high.g-none.v-none,100
policies/oracle_blob_likelihood_n0,run_blob_main_25k_mnq/blob_mnq_n25000,0.33711689,0.0465056,0.57103926,0.038277235,0.091843854,0.0082283646,kuairand,w-high.g-none.v-none,100
policies/oracle_blob_likelihood_n0,run_blob_main_25k_nq/blob_nq_n25000,0.35773942,0.041973989,0.56838926,0.035958561,0.073871318,0.0060154281,kuairand,w-high.g-none.v-none,100
policies/oracle_blob_likelihood_n0,run_replay_cap_rho0_25k_mlkr/causecap_c_r000_n25000,0.50062416,0.016816282,0.33394901,0.01076358,0.16542683,0.0060527022,kuairand,w-high.g-none.v-none,100
policies/oracle_blob_likelihood_n0,run_replay_cap_rho0_25k_mlkr/causecap_t_r000_n25000,0.50062416,0.016816282,0.33394901,0.01076358,0.16542683,0.0060527022,kuairand,w-high.g-none.v-none,100
policies/oracle_blob_likelihood_n0,run_replay_opc_25k_mlkr/opc_n25000_r0,0.44620133,0.025524971,0.48323492,0.021970958,0.07056375,0.0035540129,kuairand,w-high.g-none.v-none,100
policies/oracle_blob_value_n0,run_blob_main_25k_mnq/blob_mnq_n25000,0.35472146,0.046695203,0.55190871,0.038349774,0.09336983,0.0083454286,kuairand,w-high.g-none.v-none,100
policies/oracle_blob_value_n0,run_blob_main_25k_nq/blob_nq_n25000,0.37601971,0.042163592,0.54908866,0.036044726,0.074891625,0.0061188658,kuairand,w-high.g-none.v-none,100
policies/oracle_blob_value_n0,run_replay_cap_rho0_25k_mlkr/causecap_c_r000_n25000,0.52022418,0.017005885,0.3081149,0.010752688,0.17166092,0.0062531967,kuairand,w-high.g-none.v-none,100
policies/oracle_blob_value_n0,run_replay_cap_rho0_25k_mlkr/causecap_t_r000_n25000,0.52022418,0.017005885,0.3081149,0.010752688,0.17166092,0.0062531967,kuairand,w-high.g-none.v-none,100
policies/oracle_blob_value_n0,run_replay_opc_25k_mlkr/opc_n25000_r0,0.46921366,0.025714574,0.46078747,0.022130829,0.069998868,0.0035837449,kuairand,w-high.g-none.v-none,100
run_blob_main_25k_mnq/blob_mnq_n25000,run_blob_main_25k_nq/blob_nq_n25000,0.89675545,-0.0045316106,0.059099802,-0.0025070266,0.044144749,-0.002024584,kuairand,w-high.g-none.v-none,100
run_blob_main_25k_mnq/blob_mnq_n25000,run_replay_cap_rho0_25k_mlkr/causecap_c_r000_n25000,0.41817211,-0.029689318,0.10689275,-0.0072099282,0.47493514,-0.02247939,kuairand,w-high.g-none.v-none,100
run_blob_main_25k_mnq/blob_mnq_n25000,run_replay_cap_rho0_25k_mlkr/causecap_t_r000_n25000,0.41817211,-0.029689318,0.10689275,-0.0072099282,0.47493514,-0.02247939,kuairand,w-high.g-none.v-none,100
run_blob_main_25k_mnq/blob_mnq_n25000,run_replay_opc_25k_mlkr/opc_n25000_r0,0.6238038,-0.020980629,0.14357319,-0.0071705602,0.23262301,-0.013810068,kuairand,w-high.g-none.v-none,100
run_blob_main_25k_nq/blob_nq_n25000,run_replay_cap_rho0_25k_mlkr/causecap_c_r000_n25000,0.44563704,-0.025157707,0.084609268,-0.0048639473,0.46975369,-0.02029376,kuairand,w-high.g-none.v-none,100
run_blob_main_25k_nq/blob_nq_n25000,run_replay_cap_rho0_25k_mlkr/causecap_t_r000_n25000,0.44563704,-0.025157707,0.084609268,-0.0048639473,0.46975369,-0.02029376,kuairand,w-high.g-none.v-none,100
run_blob_main_25k_nq/blob_nq_n25000,run_replay_opc_25k_mlkr/opc_n25000_r0,0.66261922,-0.016449018,0.11562782,-0.0045261067,0.22175297,-0.011922911,kuairand,w-high.g-none.v-none,100
run_replay_cap_rho0_25k_mlkr/causecap_c_r000_n25000,run_replay_cap_rho0_25k_mlkr/causecap_t_r000_n25000,1,0,0,0,0,0,kuairand,w-high.g-none.v-none,100
run_replay_cap_rho0_25k_mlkr/causecap_c_r000_n25000,run_replay_opc_25k_mlkr/opc_n25000_r0,0.57483344,0.0087086892,0.35930892,0.0074164019,0.065857634,0.0012922873,kuairand,w-high.g-none.v-none,100
run_replay_cap_rho0_25k_mlkr/causecap_t_r000_n25000,run_replay_opc_25k_mlkr/opc_n25000_r0,0.57483344,0.0087086892,0.35930892,0.0074164019,0.065857634,0.0012922873,kuairand,w-high.g-none.v-none,100
blob_prior_mean,logger,0.76742624,-0.006928717,0.23257376,-0.006928717,0,0,kuairand,w-high.g-none.v-none,101
blob_prior_mean,policies/oracle_affine_bilinear_likelihood_n0,0.32148547,-0.052236189,0.068911771,-0.0077619003,0.60960276,-0.044474289,kuairand,w-high.g-none.v-none,101
blob_prior_mean,policies/oracle_affine_bilinear_value_n0,0.33135223,-0.052149524,0.072945775,-0.0080906014,0.595702,-0.044058922,kuairand,w-high.g-none.v-none,101
blob_prior_mean,policies/oracle_bilinear_likelihood_n0,0.30759925,-0.048132481,0.065299184,-0.0074593315,0.62710157,-0.040673149,kuairand,w-high.g-none.v-none,101
blob_prior_mean,policies/oracle_bilinear_value_n0,0.33406894,-0.051459192,0.074012069,-0.0081749667,0.59191899,-0.043284225,kuairand,w-high.g-none.v-none,101
blob_prior_mean,policies/oracle_blob_likelihood_n0,0.32239152,-0.052428963,0.06951317,-0.0078027636,0.60809531,-0.044626199,kuairand,w-high.g-none.v-none,101
blob_prior_mean,policies/oracle_blob_value_n0,0.32981766,-0.052183362,0.072422097,-0.0080665458,0.59776024,-0.044116817,kuairand,w-high.g-none.v-none,101
blob_prior_mean,run_blob_main_25k_mnq/blob_mnq_n25000,0.67592831,-0.007114553,0.077025498,-0.0047922857,0.24704619,-0.0023222674,kuairand,w-high.g-none.v-none,101
blob_prior_mean,run_blob_main_25k_nq/blob_nq_n25000,0.64687362,-0.013504407,0.098207045,-0.006617935,0.25491933,-0.0068864717,kuairand,w-high.g-none.v-none,101
blob_prior_mean,run_replay_cap_rho0_25k_mlkr/causecap_c_r000_n25000,0.36735446,-0.035101423,0.076410988,-0.0074210452,0.55623455,-0.027680378,kuairand,w-high.g-none.v-none,101
blob_prior_mean,run_replay_cap_rho0_25k_mlkr/causecap_t_r000_n25000,0.3671465,-0.035114749,0.076211566,-0.0074132251,0.55664193,-0.027701524,kuairand,w-high.g-none.v-none,101
blob_prior_mean,run_replay_opc_25k_mlkr/opc_n25000_r0,0.55618833,-0.023683831,0.1150758,-0.0083452186,0.32873588,-0.015338613,kuairand,w-high.g-none.v-none,101
logger,policies/oracle_affine_bilinear_likelihood_n0,0.34937828,-0.045307472,0,0,0.65062172,-0.045307472,kuairand,w-high.g-none.v-none,101
logger,policies/oracle_affine_bilinear_value_n0,0.36375098,-0.045220807,0,0,0.63624902,-0.045220807,kuairand,w-high.g-none.v-none,101
logger,policies/oracle_bilinear_likelihood_n0,0.33252591,-0.041203764,0,0,0.66747409,-0.041203764,kuairand,w-high.g-none.v-none,101
logger,policies/oracle_bilinear_value_n0,0.36739441,-0.044530475,0,0,0.63260559,-0.044530475,kuairand,w-high.g-none.v-none,101
logger,policies/oracle_blob_likelihood_n0,0.3507361,-0.045500246,0,0,0.6492639,-0.045500246,kuairand,w-high.g-none.v-none,101
logger,policies/oracle_blob_value_n0,0.36216186,-0.045254645,0,0,0.63783814,-0.045254645,kuairand,w-high.g-none.v-none,101
logger,run_blob_main_25k_mnq/blob_mnq_n25000,0.63314777,-0.00018583603,0,0,0.36685223,-0.00018583603,kuairand,w-high.g-none.v-none,101
logger,run_blob_main_25k_nq/blob_nq_n25000,0.6396727,-0.0065756898,0,0,0.3603273,-0.0065756898,kuairand,w-high.g-none.v-none,101
logger,run_replay_cap_rho0_25k_mlkr/causecap_c_r000_n25000,0.39503951,-0.028172706,0,0,0.60496049,-0.028172706,kuairand,w-high.g-none.v-none,101
logger,run_replay_cap_rho0_25k_mlkr/causecap_t_r000_n25000,0.39490536,-0.028186032,0,0,0.60509464,-0.028186032,kuairand,w-high.g-none.v-none,101
logger,run_replay_opc_25k_mlkr/opc_n25000_r0,0.59664506,-0.016755114,0,0,0.40335494,-0.016755114,kuairand,w-high.g-none.v-none,101
policies/oracle_affine_bilinear_likelihood_n0,policies/oracle_affine_bilinear_value_n0,0.7929826,8.6665162e-05,0.11758432,4.1282816e-06,0.089433084,8.2536881e-05,kuairand,w-high.g-none.v-none,101
policies/oracle_affine_bilinear_likelihood_n0,policies/oracle_bilinear_likelihood_n0,0.79271484,0.0041037081,0.08161566,0.0013695002,0.1256695,0.0027342079,kuairand,w-high.g-none.v-none,101
policies/oracle_affine_bilinear_likelihood_n0,policies/oracle_bilinear_value_n0,0.76178369,0.00077699685,0.13510757,0.00037783575,0.10310874,0.0003991611,kuairand,w-high.g-none.v-none,101
policies/oracle_affine_bilinear_likelihood_n0,policies/oracle_blob_likelihood_n0,0.96757405,-0.0001927741,0.018311786,-0.0001195923,0.014114159,-7.3181796e-05,kuairand,w-high.g-none.v-none,101
policies/oracle_affine_bilinear_likelihood_n0,policies/oracle_blob_value_n0,0.79726683,5.282656e-05,0.11303346,-2.2712518e-05,0.089699714,7.5539078e-05,kuairand,w-high.g-none.v-none,101
policies/oracle_affine_bilinear_likelihood_n0,run_blob_main_25k_mnq/blob_mnq_n25000,0.353914,0.045121636,0.51003811,0.032677674,0.13604789,0.012443961,kuairand,w-high.g-none.v-none,101
policies/oracle_affine_bilinear_likelihood_n0,run_blob_main_25k_nq/blob_nq_n25000,0.38109417,0.038731782,0.50516425,0.029513303,0.11374158,0.0092184793,kuairand,w-high.g-none.v-none,101
policies/oracle_affine_bilinear_likelihood_n0,run_replay_cap_rho0_25k_mlkr/causecap_c_r000_n25000,0.51087022,0.017134766,0.2978431,0.0094940357,0.19128669,0.0076407305,kuairand,w-high.g-none.v-none,101
policies/oracle_affine_bilinear_likelihood_n0,run_replay_cap_rho0_25k_mlkr/causecap_t_r000_n25000,0.51086168,0.01712144,0.29767611,0.0094850166,0.19146221,0.0076364231,kuairand,w-high.g-none.v-none,101
policies/oracle_affine_bilinear_likelihood_n0,run_replay_opc_25k_mlkr/opc_n25000_r0,0.43576867,0.028552358,0.47425765,0.023454747,0.089973681,0.005097611,kuairand,w-high.g-none.v-none,101
policies/oracle_affine_bilinear_value_n0,policies/oracle_bilinear_likelihood_n0,0.67579652,0.004017043,0.12662363,0.0012431185,0.19757985,0.0027739245,kuairand,w-high.g-none.v-none,101
policies/oracle_affine_bilinear_value_n0,policies/oracle_bilinear_value_n0,0.92161856,0.00069033169,0.041101107,0.0003703045,0.037280333,0.00032002718,kuairand,w-high.g-none.v-none,101
policies/oracle_affine_bilinear_value_n0,policies/oracle_blob_likelihood_n0,0.80351789,-0.00027943926,0.086156223,-0.00015215718,0.11032589,-0.00012728208,kuairand,w-high.g-none.v-none,101
policies/oracle_affine_bilinear_value_n0,policies/oracle_blob_value_n0,0.93381195,-3.3838602e-05,0.029785266,-2.7817756e-05,0.036402787,-6.0208463e-06,kuairand,w-high.g-none.v-none,101
policies/oracle_affine_bilinear_value_n0,run_blob_main_25k_mnq/blob_mnq_n25000,0.36835977,0.045034971,0.49085935,0.032331932,0.14078088,0.012703039,kuairand,w-high.g-none.v-none,101
policies/oracle_affine_bilinear_value_n0,run_blob_main_25k_nq/blob_nq_n25000,0.39876454,0.038645117,0.48524372,0.029255873,0.11599174,0.0093892436,kuairand,w-high.g-none.v-none,101
policies/oracle_affine_bilinear_value_n0,run_replay_cap_rho0_25k_mlkr/causecap_c_r000_n25000,0.53623744,0.017048101,0.2708182,0.0092486542,0.19294436,0.0077994469,kuairand,w-high.g-none.v-none,101
policies/oracle_affine_bilinear_value_n0,run_replay_cap_rho0_25k_mlkr/causecap_t_r000_n25000,0.53629498,0.017034775,0.27059061,0.0092356592,0.19311441,0.0077991153,kuairand,w-high.g-none.v-none,101
policies/oracle_affine_bilinear_value_n0,run_replay_opc_25k_mlkr/opc_n25000_r0,0.45642965,0.028465693,0.4518967,0.023130813,0.091673648,0.0053348793,kuairand,w-high.g-none.v-none,101
policies/oracle_bilinear_likelihood_n0,policies/oracle_bilinear_value_n0,0.65380021,-0.0033267113,0.210669,-0.0023974565,0.13553079,-0.00092925475,kuairand,w-high.g-none.v-none,101
policies/oracle_bilinear_likelihood_n0,policies/oracle_blob_likelihood_n0,0.77904188,-0.0042964822,0.13413379,-0.0028637648,0.086824325,-0.0014327174,kuairand,w-high.g-none.v-none,101
policies/oracle_bilinear_likelihood_n0,policies/oracle_blob_value_n0,0.67777337,-0.0040508816,0.1950973,-0.0027906511,0.12712933,-0.0012602304,kuairand,w-high.g-none.v-none,101
policies/oracle_bilinear_likelihood_n0,run_blob_main_25k_mnq/blob_mnq_n25000,0.33609526,0.041017928,0.53199642,0.029108997,0.13190832,0.011908931,kuairand,w-high.g-none.v-none,101
policies/oracle_bilinear_likelihood_n0,run_blob_main_25k_nq/blob_nq_n25000,0.36187754,0.034628074,0.52717106,0.025824223,0.11095141,0.0088038515,kuairand,w-high.g-none.v-none,101
policies/oracle_bilinear_likelihood_n0,run_replay_cap_rho0_25k_mlkr/causecap_c_r000_n25000,0.47765885,0.013031058,0.33282334,0.0065845629,0.18951781,0.0064464953,kuairand,w-high.g-none.v-none,101
policies/oracle_bilinear_likelihood_n0,run_replay_cap_rho0_25k_mlkr/causecap_t_r000_n25000,0.47782037,0.013017732,0.33245387,0.0065794061,0.18972577,0.0064383254,kuairand,w-high.g-none.v-none,101
policies/oracle_bilinear_likelihood_n0,run_replay_opc_25k_mlkr/opc_n25000_r0,0.40871112,0.02444865,0.50365221,0.019953538,0.087636677,0.0044951117,kuairand,w-high.g-none.v-none,101
policies/oracle_bilinear_value_n0,policies/oracle_blob_likelihood_n0,0.77134826,-0.00096977095,0.1003903,-0.00047795297,0.12826145,-0.00049181797,kuairand,w-high.g-none.v-none,101
policies/oracle_bilinear_value_n0,policies/oracle_blob_value_n0,0.89503408,-0.00072417029,0.047350717,-0.00033529237,0.057615203,-0.00038887792,kuairand,w-high.g-none.v-none,101
policies/oracle_bilinear_value_n0,run_blob_main_25k_mnq/blob_mnq_n25000,0.37305168,0.044344639,0.48666578,0.031665374,0.14028254,0.012679265,kuairand,w-high.g-none.v-none,101
policies/oracle_bilinear_value_n0,run_blob_main_25k_nq/blob_nq_n25000,0.40324878,0.037954785,0.48145341,0.028646237,0.11529781,0.0093085482,kuairand,w-high.g-none.v-none,101
policies/oracle_bilinear_value_n0,run_replay_cap_rho0_25k_mlkr/causecap_c_r000_n25000,0.54209651,0.016357769,0.26669141,0.0087908944,0.19121208,0.007566875,kuairand,w-high.g-none.v-none,101
policies/oracle_bilinear_value_n0,run_replay_cap_rho0_25k_mlkr/causecap_t_r000_n25000,0.54212161,0.016344443,0.26649625,0.0087778995,0.19138213,0.0075665434,kuairand,w-high.g-none.v-none,101
policies/oracle_bilinear_value_n0,run_replay_opc_25k_mlkr/opc_n25000_r0,0.46229032,0.027775361,0.44785058,0.022571563,0.089859106,0.0052037976,kuairand,w-high.g-none.v-none,101
policies/oracle_blob_likelihood_n0,policies/oracle_blob_value_n0,0.80866835,0.00024560066,0.10494566,9.2345389e-05,0.086385991,0.00015325527,kuairand,w-high.g-none.v-none,101
policies/oracle_blob_likelihood_n0,run_blob_main_25k_mnq/blob_mnq_n25000,0.35473564,0.04531441,0.50796837,0.032812382,0.13729599,0.012502028,kuairand,w-high.g-none.v-none,101
policies/oracle_blob_likelihood_n0,run_blob_main_25k_nq/blob_nq_n25000,0.3821488,0.038924556,0.50332507,0.02966991,0.11452613,0.0092546466,kuairand,w-high.g-none.v-none,101
policies/oracle_blob_likelihood_n0,run_replay_cap_rho0_25k_mlkr/causecap_c_r000_n25000,0.51376316,0.01732754,0.29387629,0.0095870981,0.19236055,0.0077404423,kuairand,w-high.g-none.v-none,101
policies/oracle_blob_likelihood_n0,run_replay_cap_rho0_25k_mlkr/causecap_t_r000_n25000,0.51375462,0.017314214,0.2937093,0.0095780789,0.19253607,0.0077361349,kuairand,w-high.g-none.v-none,101
policies/oracle_blob_likelihood_n0,run_replay_opc_25k_mlkr/opc_n25000_r0,0.43689143,0.028745132,0.47224306,0.023601113,0.09086551,0.005144019,kuairand,w-high.g-none.v-none,101
policies/oracle_blob_value_n0,run_blob_main_25k_mnq/blob_mnq_n25000,0.36699583,0.045068809,0.49361671,0.03238375,0.13938746,0.012685059,kuairand,w-high.g-none.v-none,101
policies/oracle_blob_value_n0,run_blob_main_25k_nq/blob_nq_n25000,0.39642502,0.038678956,0.48813004,0.029286786,0.11544494,0.0093921694,kuairand,w-high.g-none.v-none,101
policies/oracle_blob_value_n0,run_replay_cap_rho0_25k_mlkr/causecap_c_r000_n25000,0.53466326,0.01708194,0.27510459,0.0093041952,0.19023214,0.0077777445,kuairand,w-high.g-none.v-none,101
policies/oracle_blob_value_n0,run_replay_cap_rho0_25k_mlkr/causecap_t_r000_n25000,0.53468837,0.017068613,0.27490944,0.0092912002,0.1904022,0.0077774129,kuairand,w-high.g-none.v-none,101
policies/oracle_blob_value_n0,run_replay_opc_25k_mlkr/opc_n25000_r0,0.45457279,0.028499531,0.4554381,0.023207238,0.089989105,0.005292293,kuairand,w-high.g-none.v-none,101
run_blob_main_25k_mnq/blob_mnq_n25000,run_blob_main_25k_nq/blob_nq_n25000,0.86648776,-0.0063898537,0.073022108,-0.0038886581,0.06049013,-0.0025011956,kuairand,w-high.g-none.v-none,101
run_blob_main_25k_mnq/blob_mnq_n25000,run_replay_cap_rho0_25k_mlkr/causecap_c_r000_n25000,0.40937075,-0.02798687,0.14264883,-0.010522383,0.44798043,-0.017464487,kuairand,w-high.g-none.v-none,101
run_blob_main_25k_mnq/blob_mnq_n25000,run_replay_cap_rho0_25k_mlkr/causecap_t_r000_n25000,0.40925609,-0.028000196,0.1424494,-0.010514743,0.44829451,-0.017485453,kuairand,w-high.g-none.v-none,101
run_blob_main_25k_mnq/blob_mnq_n25000,run_replay_opc_25k_mlkr/opc_n25000_r0,0.58800094,-0.016569278,0.1898377,-0.0088856853,0.22216137,-0.0076835928,kuairand,w-high.g-none.v-none,101
run_blob_main_25k_nq/blob_nq_n25000,run_replay_cap_rho0_25k_mlkr/causecap_c_r000_n25000,0.44770214,-0.021597016,0.11451441,-0.007221684,0.43778345,-0.014375332,kuairand,w-high.g-none.v-none,101
run_blob_main_25k_nq/blob_nq_n25000,run_replay_cap_rho0_25k_mlkr/causecap_t_r000_n25000,0.44762338,-0.021610342,0.11441123,-0.0072236517,0.43796539,-0.014386691,kuairand,w-high.g-none.v-none,101
run_blob_main_25k_nq/blob_nq_n25000,run_replay_opc_25k_mlkr/opc_n25000_r0,0.63510745,-0.010179424,0.15756028,-0.0050413899,0.20733227,-0.0051380345,kuairand,w-high.g-none.v-none,101
run_replay_cap_rho0_25k_mlkr/causecap_c_r000_n25000,run_replay_cap_rho0_25k_mlkr/causecap_t_r000_n25000,0.99947661,-1.3326587e-05,8.7832311e-05,-1.2961785e-06,0.00043556072,-1.2030408e-05,kuairand,w-high.g-none.v-none,101
run_replay_cap_rho0_25k_mlkr/causecap_c_r000_n25000,run_replay_opc_25k_mlkr/opc_n25000_r0,0.53010804,0.011417592,0.38942692,0.0086371763,0.08046504,0.0027804152,kuairand,w-high.g-none.v-none,101
run_replay_cap_rho0_25k_mlkr/causecap_t_r000_n25000,run_replay_opc_25k_mlkr/opc_n25000_r0,0.53024912,0.011430918,0.38952317,0.0086462896,0.080227711,0.0027846286,kuairand,w-high.g-none.v-none,101
blob_prior_mean,logger,0.8613094,0.0012546892,0.1386906,0.0012546892,0,0,kuairand,w-none.g-high.v-none,100
blob_prior_mean,policies/oracle_affine_bilinear_likelihood_n0,0.44205486,-0.012652783,0.035709937,-0.0011502712,0.5222352,-0.011502512,kuairand,w-none.g-high.v-none,100
blob_prior_mean,policies/oracle_affine_bilinear_value_n0,0.44288899,-0.024293389,0.028756549,-0.0016184373,0.52835446,-0.022674951,kuairand,w-none.g-high.v-none,100
blob_prior_mean,policies/oracle_bilinear_likelihood_n0,0.44154542,-0.0082378149,0.034210447,-0.00091086204,0.52424413,-0.0073269529,kuairand,w-none.g-high.v-none,100
blob_prior_mean,policies/oracle_bilinear_value_n0,0.44373437,-0.023164976,0.029049321,-0.0016128407,0.52721631,-0.021552136,kuairand,w-none.g-high.v-none,100
blob_prior_mean,policies/oracle_blob_likelihood_n0,0.41966334,-0.013832856,0.033077701,-0.0012526576,0.54725896,-0.012580198,kuairand,w-none.g-high.v-none,100
blob_prior_mean,policies/oracle_blob_value_n0,0.43907631,-0.024989117,0.029625018,-0.0016751608,0.53129867,-0.023313956,kuairand,w-none.g-high.v-none,100
blob_prior_mean,run_blob_main_25k_mnq/blob_mnq_n25000,0.84554427,-0.0027344884,0.031411255,-0.00039764296,0.12304447,-0.0023368454,kuairand,w-none.g-high.v-none,100
blob_prior_mean,run_blob_main_25k_nq/blob_nq_n25000,0.78239894,-0.0036624017,0.031963552,-0.00037502228,0.18563751,-0.0032873794,kuairand,w-none.g-high.v-none,100
blob_prior_mean,run_replay_cap_rho0_25k_mlkr/causecap_c_r000_n25000,0.5432568,-0.0058153967,0.043447879,-0.0006837266,0.41329532,-0.0051316701,kuairand,w-none.g-high.v-none,100
blob_prior_mean,run_replay_cap_rho0_25k_mlkr/causecap_t_r000_n25000,0.54325333,-0.0058153662,0.043447879,-0.0006837266,0.41329879,-0.0051316396,kuairand,w-none.g-high.v-none,100
blob_prior_mean,run_replay_opc_25k_mlkr/opc_n25000_r0,0.59346901,-0.0050080953,0.04784457,-0.00079062929,0.35868642,-0.004217466,kuairand,w-none.g-high.v-none,100
logger,policies/oracle_affine_bilinear_likelihood_n0,0.43971432,-0.013907472,0,0,0.56028568,-0.013907472,kuairand,w-none.g-high.v-none,100
logger,policies/oracle_affine_bilinear_value_n0,0.42986717,-0.025548078,0,0,0.57013283,-0.025548078,kuairand,w-none.g-high.v-none,100
logger,policies/oracle_bilinear_likelihood_n0,0.4372312,-0.0094925041,0,0,0.5627688,-0.0094925041,kuairand,w-none.g-high.v-none,100
logger,policies/oracle_bilinear_value_n0,0.4307853,-0.024419666,0,0,0.5692147,-0.024419666,kuairand,w-none.g-high.v-none,100
logger,policies/oracle_blob_likelihood_n0,0.41559213,-0.015087545,0,0,0.58440787,-0.015087545,kuairand,w-none.g-high.v-none,100
logger,policies/oracle_blob_value_n0,0.42705936,-0.026243806,0,0,0.57294064,-0.026243806,kuairand,w-none.g-high.v-none,100
logger,run_blob_main_25k_mnq/blob_mnq_n25000,0.77758776,-0.0039891776,0,0,0.22241224,-0.0039891776,kuairand,w-none.g-high.v-none,100
logger,run_blob_main_25k_nq/blob_nq_n25000,0.7257508,-0.0049170909,0,0,0.2742492,-0.0049170909,kuairand,w-none.g-high.v-none,100
logger,run_replay_cap_rho0_25k_mlkr/causecap_c_r000_n25000,0.53708591,-0.0070700859,0,0,0.46291409,-0.0070700859,kuairand,w-none.g-high.v-none,100
logger,run_replay_cap_rho0_25k_mlkr/causecap_t_r000_n25000,0.53708244,-0.0070700555,0,0,0.46291756,-0.0070700555,kuairand,w-none.g-high.v-none,100
logger,run_replay_opc_25k_mlkr/opc_n25000_r0,0.58672244,-0.0062627845,0,0,0.41327756,-0.0062627845,kuairand,w-none.g-high.v-none,100
policies/oracle_affine_bilinear_likelihood_n0,policies/oracle_affine_bilinear_value_n0,0.59940785,-0.011640606,0.18579257,-0.0065731239,0.21479958,-0.0050674818,kuairand,w-none.g-high.v-none,100
policies/oracle_affine_bilinear_likelihood_n0,policies/oracle_bilinear_likelihood_n0,0.72393279,0.004414968,0.13221438,0.00052496484,0.14385283,0.0038900032,kuairand,w-none.g-high.v-none,100
policies/oracle_affine_bilinear_likelihood_n0,policies/oracle_bilinear_value_n0,0.59364179,-0.010512194,0.19179815,-0.0060880149,0.21456006,-0.0044241786,kuairand,w-none.g-high.v-none,100
policies/oracle_affine_bilinear_likelihood_n0,policies/oracle_blob_likelihood_n0,0.73430581,-0.0011800731,0.1000611,-0.0018096344,0.16563309,0.00062956131,kuairand,w-none.g-high.v-none,100
policies/oracle_affine_bilinear_likelihood_n0,policies/oracle_blob_value_n0,0.5859874,-0.012336334,0.19115667,-0.006820089,0.22285593,-0.005516245,kuairand,w-none.g-high.v-none,100
policies/oracle_affine_bilinear_likelihood_n0,run_blob_main_25k_mnq/blob_mnq_n25000,0.47450246,0.0099182945,0.47188176,0.0083045876,0.053615777,0.0016137069,kuairand,w-none.g-high.v-none,100
policies/oracle_affine_bilinear_likelihood_n0,run_blob_main_25k_nq/blob_nq_n25000,0.4829171,0.0089903812,0.44042717,0.0068361973,0.076655731,0.0021541839,kuairand,w-none.g-high.v-none,100
policies/oracle_affine_bilinear_likelihood_n0,run_replay_cap_rho0_25k_mlkr/causecap_c_r000_n25000,0.5454392,0.0068373862,0.31309315,0.0028693771,0.14146765,0.0039680091,kuairand,w-none.g-high.v-none,100
policies/oracle_affine_bilinear_likelihood_n0,run_replay_cap_rho0_25k_mlkr/causecap_t_r000_n25000,0.54543573,0.0068374167,0.31309315,0.0028693771,0.14147112,0.0039680396,kuairand,w-none.g-high.v-none,100
policies/oracle_affine_bilinear_likelihood_n0,run_replay_opc_25k_mlkr/opc_n25000_r0,0.49900169,0.0076446876,0.36340209,0.0037177084,0.13759622,0.0039269792,kuairand,w-none.g-high.v-none,100
policies/oracle_affine_bilinear_value_n0,policies/oracle_bilinear_likelihood_n0,0.52618285,0.016055574,0.24609466,0.0070983859,0.22772249,0.0089571877,kuairand,w-none.g-high.v-none,100
policies/oracle_affine_bilinear_value_n0,policies/oracle_bilinear_value_n0,0.88744354,0.0011284121,0.060058034,0.00047409081,0.052498422,0.00065432132,kuairand,w-none.g-high.v-none,100
policies/oracle_affine_bilinear_value_n0,policies/oracle_blob_likelihood_n0,0.57473695,0.010460533,0.1944947,0.003875677,0.23076835,0.0065848556,kuairand,w-none.g-high.v-none,100
policies/oracle_affine_bilinear_value_n0,policies/oracle_blob_value_n0,0.87213204,-0.00069572834,0.064972129,-0.00053203456,0.062895827,-0.00016369378,kuairand,w-none.g-high.v-none,100
policies/oracle_affine_bilinear_value_n0,run_blob_main_25k_mnq/blob_mnq_n25000,0.47782526,0.0215589,0.47694031,0.019046345,0.04523443,0.0025125547,kuairand,w-none.g-high.v-none,100
policies/oracle_affine_bilinear_value_n0,run_blob_main_25k_nq/blob_nq_n25000,0.48827374,0.020630987,0.4437133,0.016917009,0.068012957,0.0037139777,kuairand,w-none.g-high.v-none,100
policies/oracle_affine_bilinear_value_n0,run_replay_cap_rho0_25k_mlkr/causecap_c_r000_n25000,0.50057106,0.018477992,0.35150909,0.011532805,0.14791985,0.0069451864,kuairand,w-none.g-high.v-none,100
policies/oracle_affine_bilinear_value_n0,run_replay_cap_rho0_25k_mlkr/causecap_t_r000_n25000,0.50057106,0.018478022,0.35150909,0.011532836,0.14791985,0.0069451864,kuairand,w-none.g-high.v-none,100
policies/oracle_affine_bilinear_value_n0,run_replay_opc_25k_mlkr/opc_n25000_r0,0.49978832,0.019285293,0.37499473,0.012832784,0.12521695,0.0064525089,kuairand,w-none.g-high.v-none,100
policies/oracle_bilinear_likelihood_n0,policies/oracle_bilinear_value_n0,0.52544705,-0.014927161,0.23172871,-0.0085745288,0.24282425,-0.0063526327,kuairand,w-none.g-high.v-none,100
policies/oracle_bilinear_likelihood_n0,policies/oracle_blob_likelihood_n0,0.65632435,-0.0055950411,0.14282423,-0.0045113316,0.20085141,-0.0010837095,kuairand,w-none.g-high.v-none,100
policies/oracle_bilinear_likelihood_n0,policies/oracle_blob_value_n0,0.52181695,-0.016751302,0.22978311,-0.0092769835,0.24839994,-0.0074743184,kuairand,w-none.g-high.v-none,100
policies/oracle_bilinear_likelihood_n0,run_blob_main_25k_mnq/blob_mnq_n25000,0.46063219,0.0055033265,0.48062332,0.004220471,0.058744493,0.0012828555,kuairand,w-none.g-high.v-none,100
policies/oracle_bilinear_likelihood_n0,run_blob_main_25k_nq/blob_nq_n25000,0.46077013,0.0045754132,0.45445271,0.0029029072,0.084777163,0.001672506,kuairand,w-none.g-high.v-none,100
policies/oracle_bilinear_likelihood_n0,run_replay_cap_rho0_25k_mlkr/causecap_c_r000_n25000,0.51827715,0.0024224182,0.33190119,-0.00071924984,0.14982165,0.0031416681,kuairand,w-none.g-high.v-none,100
policies/oracle_bilinear_likelihood_n0,run_replay_cap_rho0_25k_mlkr/causecap_t_r000_n25000,0.51827715,0.0024224487,0.33190119,-0.00071921938,0.14982165,0.0031416681,kuairand,w-none.g-high.v-none,100
policies/oracle_bilinear_likelihood_n0,run_replay_opc_25k_mlkr/opc_n25000_r0,0.46944477,0.0032297196,0.38217369,1.2679169e-05,0.14838154,0.0032170404,kuairand,w-none.g-high.v-none,100
policies/oracle_bilinear_value_n0,policies/oracle_blob_likelihood_n0,0.56879483,0.0093321204,0.1953963,0.0032982379,0.23580887,0.0060338825,kuairand,w-none.g-high.v-none,100
policies/oracle_bilinear_value_n0,policies/oracle_blob_value_n0,0.86955899,-0.0018241405,0.062155391,-0.00096132719,0.068285623,-0.00086281328,kuairand,w-none.g-high.v-none,100
policies/oracle_bilinear_value_n0,run_blob_main_25k_mnq/blob_mnq_n25000,0.47611303,0.020430488,0.4767764,0.017947217,0.047110575,0.0024832707,kuairand,w-none.g-high.v-none,100
policies/oracle_bilinear_value_n0,run_blob_main_25k_nq/blob_nq_n25000,0.48778735,0.019502575,0.44356984,0.015849752,0.068642805,0.003652823,kuairand,w-none.g-high.v-none,100
policies/oracle_bilinear_value_n0,run_replay_cap_rho0_25k_mlkr/causecap_c_r000_n25000,0.49900247,0.01734958,0.34887113,0.010665478,0.1521264,0.0066841022,kuairand,w-none.g-high.v-none,100
policies/oracle_bilinear_value_n0,run_replay_cap_rho0_25k_mlkr/causecap_t_r000_n25000,0.49900247,0.01734961,0.34887113,0.010665508,0.1521264,0.0066841022,kuairand,w-none.g-high.v-none,100
policies/oracle_bilinear_value_n0,run_replay_opc_25k_mlkr/opc_n25000_r0,0.49710718,0.018156881,0.37420898,0.011882533,0.12868384,0.006274348,kuairand,w-none.g-high.v-none,100
policies/oracle_blob_likelihood_n0,policies/oracle_blob_value_n0,0.58286851,-0.011156261,0.2257854,-0.0069252316,0.19134609,-0.0042310293,kuairand,w-none.g-high.v-none,100
policies/oracle_blob_likelihood_n0,run_blob_main_25k_mnq/blob_mnq_n25000,0.44833589,0.011098368,0.49999573,0.0093024998,0.05166838,0.0017958677,kuairand,w-none.g-high.v-none,100
policies/oracle_blob_likelihood_n0,run_blob_main_25k_nq/blob_nq_n25000,0.45307244,0.010170454,0.47209121,0.007795073,0.074836343,0.0023753813,kuairand,w-none.g-high.v-none,100
policies/oracle_blob_likelihood_n0,run_replay_cap_rho0_25k_mlkr/causecap_c_r000_n25000,0.50150642,0.0080174593,0.36302215,0.0035178544,0.13547143,0.0044996049,kuairand,w-none.g-high.v-none,100
policies/oracle_blob_likelihood_n0,run_replay_cap_rho0_25k_mlkr/causecap_t_r000_n25000,0.50150295,0.0080174898,0.36302215,0.0035178544,0.1354749,0.0044996353,kuairand,w-none.g-high.v-none,100
policies/oracle_blob_likelihood_n0,run_replay_opc_25k_mlkr/opc_n25000_r0,0.46107798,0.0088247607,0.40502677,0.0043365807,0.13389525,0.0044881799,kuairand,w-none.g-high.v-none,100
policies/oracle_blob_value_n0,run_blob_main_25k_mnq/blob_mnq_n25000,0.47381131,0.022254628,0.48029058,0.0196842,0.045898114,0.0025704283,kuairand,w-none.g-high.v-none,100
policies/oracle_blob_value_n0,run_blob_main_25k_nq/blob_nq_n25000,0.48493631,0.021326715,0.4463679,0.017554006,0.068695786,0.0037727094,kuairand,w-none.g-high.v-none,100
policies/oracle_blob_value_n0,run_replay_cap_rho0_25k_mlkr/causecap_c_r000_n25000,0.49402176,0.01917372,0.35377257,0.012103348,0.15220567,0.0070703723,kuairand,w-none.g-high.v-none,100
policies/oracle_blob_value_n0,run_replay_cap_rho0_25k_mlkr/causecap_t_r000_n25000,0.49402176,0.019173751,0.35377257,0.012103378,0.15220567,0.0070703723,kuairand,w-none.g-high.v-none,100
policies/oracle_blob_value_n0,run_replay_opc_25k_mlkr/opc_n25000_r0,0.49260138,0.019981022,0.37879053,0.013416986,0.1286081,0.0065640359,kuairand,w-none.g-high.v-none,100
run_blob_main_25k_mnq/blob_mnq_n25000,run_blob_main_25k_nq/blob_nq_n25000,0.89977679,-0.00092791327,0.016782157,-4.5317699e-05,0.083441054,-0.00088259557,kuairand,w-none.g-high.v-none,100
run_blob_main_25k_mnq/blob_mnq_n25000,run_replay_cap_rho0_25k_mlkr/causecap_c_r000_n25000,0.5867785,-0.0030809083,0.060137648,-0.00057980228,0.35308385,-0.002501106,kuairand,w-none.g-high.v-none,100
run_blob_main_25k_mnq/blob_mnq_n25000,run_replay_cap_rho0_25k_mlkr/causecap_t_r000_n25000,0.58677503,-0.0030808778,0.060137648,-0.00057980228,0.35308732,-0.0025010755,kuairand,w-none.g-high.v-none,100
run_blob_main_25k_mnq/blob_mnq_n25000,run_replay_opc_25k_mlkr/opc_n25000_r0,0.64620962,-0.0022736069,0.063102016,-0.00077224072,0.29068836,-0.0015013662,kuairand,w-none.g-high.v-none,100
run_blob_main_25k_nq/blob_nq_n25000,run_replay_cap_rho0_25k_mlkr/causecap_c_r000_n25000,0.59738202,-0.002152995,0.085728325,-0.0008535441,0.31688966,-0.0012994509,kuairand,w-none.g-high.v-none,100
run_blob_main_25k_nq/blob_nq_n25000,run_replay_cap_rho0_25k_mlkr/causecap_t_r000_n25000,0.59738549,-0.0021529645,0.085724852,-0.00085351364,0.31688966,-0.0012994509,kuairand,w-none.g-high.v-none,100
run_blob_main_25k_nq/blob_nq_n25000,run_replay_opc_25k_mlkr/opc_n25000_r0,0.66492762,-0.0013456936,0.085298316,-0.00092295077,0.24977406,-0.00042274285,kuairand,w-none.g-high.v-none,100
run_replay_cap_rho0_25k_mlkr/causecap_c_r000_n25000,run_replay_cap_rho0_25k_mlkr/causecap_t_r000_n25000,0.99999653,3.0461016e-08,0,0,3.4724039e-06,3.0461016e-08,kuairand,w-none.g-high.v-none,100
run_replay_cap_rho0_25k_mlkr/causecap_c_r000_n25000,run_replay_opc_25k_mlkr/opc_n25000_r0,0.62327926,0.00080730138,0.22032299,-0.0005656208,0.15639775,0.0013729222,kuairand,w-none.g-high.v-none,100
run_replay_cap_rho0_25k_mlkr/causecap_t_r000_n25000,run_replay_opc_25k_mlkr/opc_n25000_r0,0.62328273,0.00080727092,0.22032299,-0.0005656208,0.15639428,0.0013728917,kuairand,w-none.g-high.v-none,100
blob_prior_mean,logger,0.86523226,0.0019653577,0.13476774,0.0019653577,0,0,kuairand,w-none.g-high.v-none,101
blob_prior_mean,policies/oracle_affine_bilinear_likelihood_n0,0.44898872,-0.015063974,0.033397896,-0.0011354594,0.51761339,-0.013928514,kuairand,w-none.g-high.v-none,101
blob_prior_mean,policies/oracle_affine_bilinear_value_n0,0.44665823,-0.026192013,0.031537473,-0.0016137873,0.5218043,-0.024578226,kuairand,w-none.g-high.v-none,101
blob_prior_mean,policies/oracle_bilinear_likelihood_n0,0.45132297,-0.010319127,0.033200448,-0.001003364,0.51547658,-0.0093157626,kuairand,w-none.g-high.v-none,101
blob_prior_mean,policies/oracle_bilinear_value_n0,0.44540635,-0.025104103,0.032352183,-0.0015674428,0.52224147,-0.02353666,kuairand,w-none.g-high.v-none,101
blob_prior_mean,policies/oracle_blob_likelihood_n0,0.41923058,-0.016136605,0.028176646,-0.0011695079,0.55259278,-0.014967097,kuairand,w-none.g-high.v-none,101
blob_prior_mean,policies/oracle_blob_value_n0,0.44121136,-0.027046522,0.032068798,-0.0016454004,0.52671984,-0.025401122,kuairand,w-none.g-high.v-none,101
blob_prior_mean,run_blob_main_25k_mnq/blob_mnq_n25000,0.82765956,-0.001418995,0.020739715,-0.00049442065,0.15160072,-0.0009245743,kuairand,w-none.g-high.v-none,101
blob_prior_mean,run_blob_main_25k_nq/blob_nq_n25000,0.81690009,-0.0026450612,0.020725134,-0.00064310916,0.16237477,-0.0020019521,kuairand,w-none.g-high.v-none,101
blob_prior_mean,run_replay_cap_rho0_25k_mlkr/causecap_c_r000_n25000,0.60200093,-0.0068423166,0.038997766,-0.00099372724,0.35900131,-0.0058485894,kuairand,w-none.g-high.v-none,101
blob_prior_mean,run_replay_cap_rho0_25k_mlkr/causecap_t_r000_n25000,0.60200093,-0.0068423166,0.038997766,-0.00099372724,0.35900131,-0.0058485894,kuairand,w-none.g-high.v-none,101
blob_prior_mean,run_replay_opc_25k_mlkr/opc_n25000_r0,0.60944313,-0.0060117113,0.046566539,-0.000721644,0.34399033,-0.0052900673,kuairand,w-none.g-high.v-none,101
logger,policies/oracle_affine_bilinear_likelihood_n0,0.43852889,-0.017029331,0,0,0.56147111,-0.017029331,kuairand,w-none.g-high.v-none,101
logger,policies/oracle_affine_bilinear_value_n0,0.43456981,-0.028157371,0,0,0.56543019,-0.028157371,kuairand,w-none.g-high.v-none,101
logger,policies/oracle_bilinear_likelihood_n0,0.44170915,-0.012284484,0,0,0.55829085,-0.012284484,kuairand,w-none.g-high.v-none,101
logger,policies/oracle_bilinear_value_n0,0.43370043,-0.027069461,0,0,0.56629957,-0.027069461,kuairand,w-none.g-high.v-none,101
logger,policies/oracle_blob_likelihood_n0,0.40511496,-0.018101963,0,0,0.59488504,-0.018101963,kuairand,w-none.g-high.v-none,101
logger,policies/oracle_blob_value_n0,0.42931228,-0.02901188,0,0,0.57068772,-0.02901188,kuairand,w-none.g-high.v-none,101
logger,run_blob_main_25k_mnq/blob_mnq_n25000,0.74667768,-0.0033843526,0,0,0.25332232,-0.0033843526,kuairand,w-none.g-high.v-none,101
logger,run_blob_main_25k_nq/blob_nq_n25000,0.73780079,-0.0046104189,0,0,0.26219921,-0.0046104189,kuairand,w-none.g-high.v-none,101
logger,run_replay_cap_rho0_25k_mlkr/causecap_c_r000_n25000,0.58092858,-0.0088076743,0,0,0.41907142,-0.0088076743,kuairand,w-none.g-high.v-none,101
logger,run_replay_cap_rho0_25k_mlkr/causecap_t_r000_n25000,0.58092858,-0.0088076743,0,0,0.41907142,-0.0088076743,kuairand,w-none.g-high.v-none,101
logger,run_replay_opc_25k_mlkr/opc_n25000_r0,0.59768158,-0.007977069,0,0,0.40231842,-0.007977069,kuairand,w-none.g-high.v-none,101
policies/oracle_affine_bilinear_likelihood_n0,policies/oracle_affine_bilinear_value_n0,0.58450621,-0.01112804,0.18085445,-0.0051722608,0.23463934,-0.0059557789,kuairand,w-none.g-high.v-none,101
policies/oracle_affine_bilinear_likelihood_n0,policies/oracle_bilinear_likelihood_n0,0.71928324,0.0047448472,0.13863125,0.00090663149,0.14208551,0.0038382157,kuairand,w-none.g-high.v-none,101
policies/oracle_affine_bilinear_likelihood_n0,policies/oracle_bilinear_value_n0,0.57936935,-0.01004013,0.18668789,-0.0047829778,0.23394276,-0.0052571517,kuairand,w-none.g-high.v-none,101
policies/oracle_affine_bilinear_likelihood_n0,policies/oracle_blob_likelihood_n0,0.7195361,-0.0010726315,0.088516193,-0.0016043181,0.1919477,0.00053168661,kuairand,w-none.g-high.v-none,101
policies/oracle_affine_bilinear_likelihood_n0,policies/oracle_blob_value_n0,0.57828168,-0.011982548,0.18138186,-0.0054980232,0.24033646,-0.0064845252,kuairand,w-none.g-high.v-none,101
policies/oracle_affine_bilinear_likelihood_n0,run_blob_main_25k_mnq/blob_mnq_n25000,0.45891738,0.013644979,0.45648066,0.01067848,0.084601961,0.0029664984,kuairand,w-none.g-high.v-none,101
policies/oracle_affine_bilinear_likelihood_n0,run_blob_main_25k_nq/blob_nq_n25000,0.46697533,0.012418913,0.44876199,0.0096679802,0.084262687,0.0027509324,kuairand,w-none.g-high.v-none,101
policies/oracle_affine_bilinear_likelihood_n0,run_replay_cap_rho0_25k_mlkr/causecap_c_r000_n25000,0.52892803,0.0082216571,0.34422595,0.0044578338,0.12684602,0.0037638233,kuairand,w-none.g-high.v-none,101
policies/oracle_affine_bilinear_likelihood_n0,run_replay_cap_rho0_25k_mlkr/causecap_t_r000_n25000,0.52892803,0.0082216571,0.34422595,0.0044578338,0.12684602,0.0037638233,kuairand,w-none.g-high.v-none,101
policies/oracle_affine_bilinear_likelihood_n0,run_replay_opc_25k_mlkr/opc_n25000_r0,0.50137116,0.0090522624,0.37595938,0.0054135795,0.12266946,0.0036386829,kuairand,w-none.g-high.v-none,101
policies/oracle_affine_bilinear_value_n0,policies/oracle_bilinear_likelihood_n0,0.51638026,0.015872887,0.26788961,0.0080256541,0.21573013,0.0078472328,kuairand,w-none.g-high.v-none,101
policies/oracle_affine_bilinear_value_n0,policies/oracle_bilinear_value_n0,0.87875311,0.0010879102,0.062965014,0.00045372977,0.058281871,0.00063418041,kuairand,w-none.g-high.v-none,101
policies/oracle_affine_bilinear_value_n0,policies/oracle_blob_likelihood_n0,0.56395724,0.010055408,0.19589274,0.0042914794,0.24015003,0.0057639287,kuairand,w-none.g-high.v-none,101
policies/oracle_affine_bilinear_value_n0,policies/oracle_blob_value_n0,0.86912486,-0.00085450873,0.061851872,-0.00051347796,0.069023265,-0.00034103077,kuairand,w-none.g-high.v-none,101
policies/oracle_affine_bilinear_value_n0,run_blob_main_25k_mnq/blob_mnq_n25000,0.45561564,0.024773018,0.46093193,0.020439591,0.083452428,0.0043334272,kuairand,w-none.g-high.v-none,101
policies/oracle_affine_bilinear_value_n0,run_blob_main_25k_nq/blob_nq_n25000,0.46853015,0.023546952,0.45224517,0.01946217,0.07922468,0.0040847823,kuairand,w-none.g-high.v-none,101
policies/oracle_affine_bilinear_value_n0,run_replay_cap_rho0_25k_mlkr/causecap_c_r000_n25000,0.51858151,0.019349697,0.36732766,0.013847871,0.11409083,0.0055018257,kuairand,w-none.g-high.v-none,101
policies/oracle_affine_bilinear_value_n0,run_replay_cap_rho0_25k_mlkr/causecap_t_r000_n25000,0.51858151,0.019349697,0.36732766,0.013847871,0.11409083,0.0055018257,kuairand,w-none.g-high.v-none,101
policies/oracle_affine_bilinear_value_n0,run_replay_opc_25k_mlkr/opc_n25000_r0,0.50556138,0.020180302,0.38889263,0.015289605,0.105546,0.0048906976,kuairand,w-none.g-high.v-none,101
policies/oracle_bilinear_likelihood_n0,policies/oracle_bilinear_value_n0,0.51835956,-0.014784977,0.21521402,-0.0074491577,0.26642642,-0.0073358191,kuairand,w-none.g-high.v-none,101
policies/oracle_bilinear_likelihood_n0,policies/oracle_blob_likelihood_n0,0.63514573,-0.0058174787,0.13276274,-0.0041765895,0.23209154,-0.0016408892,kuairand,w-none.g-high.v-none,101
policies/oracle_bilinear_likelihood_n0,policies/oracle_blob_value_n0,0.51622608,-0.016727396,0.21193417,-0.0081340965,0.27183976,-0.0085932991,kuairand,w-none.g-high.v-none,101
policies/oracle_bilinear_likelihood_n0,run_blob_main_25k_mnq/blob_mnq_n25000,0.45614702,0.0089001316,0.4576555,0.0063944429,0.086197486,0.0025056887,kuairand,w-none.g-high.v-none,101
policies/oracle_bilinear_likelihood_n0,run_blob_main_25k_nq/blob_nq_n25000,0.46259299,0.0076740653,0.45021026,0.005290861,0.087196756,0.0023832043,kuairand,w-none.g-high.v-none,101
policies/oracle_bilinear_likelihood_n0,run_replay_cap_rho0_25k_mlkr/causecap_c_r000_n25000,0.51715314,0.0034768099,0.35033661,0.00071380679,0.13251026,0.0027630031,kuairand,w-none.g-high.v-none,101
policies/oracle_bilinear_likelihood_n0,run_replay_cap_rho0_25k_mlkr/causecap_t_r000_n25000,0.51715314,0.0034768099,0.35033661,0.00071380679,0.13251026,0.0027630031,kuairand,w-none.g-high.v-none,101
policies/oracle_bilinear_likelihood_n0,run_replay_opc_25k_mlkr/opc_n25000_r0,0.48842372,0.0043074152,0.38052725,0.0013637895,0.13104903,0.0029436257,kuairand,w-none.g-high.v-none,101
policies/oracle_bilinear_value_n0,policies/oracle_blob_likelihood_n0,0.56140243,0.008967498,0.1953952,0.0036354379,0.24320237,0.0053320601,kuairand,w-none.g-high.v-none,101
policies/oracle_bilinear_value_n0,policies/oracle_blob_value_n0,0.86117329,-0.0019424189,0.063600013,-0.00097776999,0.075226694,-0.00096464892,kuairand,w-none.g-high.v-none,101
policies/oracle_bilinear_value_n0,run_blob_main_25k_mnq/blob_mnq_n25000,0.45522225,0.023685108,0.46119239,0.01950598,0.083585358,0.0041791279,kuairand,w-none.g-high.v-none,101
policies/oracle_bilinear_value_n0,run_blob_main_25k_nq/blob_nq_n25000,0.46623902,0.022459042,0.45359226,0.018506273,0.080168714,0.0039527689,kuairand,w-none.g-high.v-none,101
policies/oracle_bilinear_value_n0,run_replay_cap_rho0_25k_mlkr/causecap_c_r000_n25000,0.51846237,0.018261787,0.36545642,0.01293625,0.11608121,0.005325537,kuairand,w-none.g-high.v-none,101
policies/oracle_bilinear_value_n0,run_replay_cap_rho0_25k_mlkr/causecap_t_r000_n25000,0.51846237,0.018261787,0.36545642,0.01293625,0.11608121,0.005325537,kuairand,w-none.g-high.v-none,101
policies/oracle_bilinear_value_n0,run_replay_opc_25k_mlkr/opc_n25000_r0,0.50159631,0.019092392,0.38942716,0.014377365,0.10897654,0.0047150268,kuairand,w-none.g-high.v-none,101
policies/oracle_blob_likelihood_n0,policies/oracle_blob_value_n0,0.57269182,-0.010909917,0.23317633,-0.0061820679,0.19413186,-0.004727849,kuairand,w-none.g-high.v-none,101
policies/oracle_blob_likelihood_n0,run_blob_main_25k_mnq/blob_mnq_n25000,0.42843648,0.01471761,0.49382455,0.011732749,0.077738969,0.0029848617,kuairand,w-none.g-high.v-none,101
policies/oracle_blob_likelihood_n0,run_blob_main_25k_nq/blob_nq_n25000,0.43562661,0.013491544,0.4868228,0.010691537,0.077550587,0.0028000068,kuairand,w-none.g-high.v-none,101
policies/oracle_blob_likelihood_n0,run_replay_cap_rho0_25k_mlkr/causecap_c_r000_n25000,0.49066071,0.0092942887,0.40012656,0.005430791,0.10921273,0.0038634976,kuairand,w-none.g-high.v-none,101
policies/oracle_blob_likelihood_n0,run_replay_cap_rho0_25k_mlkr/causecap_t_r000_n25000,0.49066071,0.0092942887,0.40012656,0.005430791,0.10921273,0.0038634976,kuairand,w-none.g-high.v-none,101
policies/oracle_blob_likelihood_n0,run_replay_opc_25k_mlkr/opc_n25000_r0,0.46060428,0.010124894,0.4294729,0.006099548,0.10992282,0.0040253459,kuairand,w-none.g-high.v-none,101
policies/oracle_blob_value_n0,run_blob_main_25k_mnq/blob_mnq_n25000,0.44918061,0.025627527,0.46812084,0.021280964,0.082698542,0.0043465629,kuairand,w-none.g-high.v-none,101
policies/oracle_blob_value_n0,run_blob_main_25k_nq/blob_nq_n25000,0.4604221,0.024401461,0.46017419,0.020272544,0.079403713,0.0041289167,kuairand,w-none.g-high.v-none,101
policies/oracle_blob_value_n0,run_replay_cap_rho0_25k_mlkr/causecap_c_r000_n25000,0.50799049,0.020204206,0.37647962,0.014551885,0.11552989,0.0056523202,kuairand,w-none.g-high.v-none,101
policies/oracle_blob_value_n0,run_replay_cap_rho0_25k_mlkr/causecap_t_r000_n25000,0.50799049,0.020204206,0.37647962,0.014551885,0.11552989,0.0056523202,kuairand,w-none.g-high.v-none,101
policies/oracle_blob_value_n0,run_replay_opc_25k_mlkr/opc_n25000_r0,0.49353153,0.021034811,0.3971865,0.015914773,0.10928197,0.0051200379,kuairand,w-none.g-high.v-none,101
run_blob_main_25k_mnq/blob_mnq_n25000,run_blob_main_25k_nq/blob_nq_n25000,0.94524532,-0.0012260663,0.021871637,-0.00059235102,0.032883047,-0.00063371527,kuairand,w-none.g-high.v-none,101
run_blob_main_25k_mnq/blob_mnq_n25000,run_replay_cap_rho0_25k_mlkr/causecap_c_r000_n25000,0.62730413,-0.0054233217,0.085941676,-0.00208314,0.28675419,-0.0033401817,kuairand,w-none.g-high.v-none,101
run_blob_main_25k_mnq/blob_mnq_n25000,run_replay_cap_rho0_25k_mlkr/causecap_t_r000_n25000,0.62730413,-0.0054233217,0.085941676,-0.00208314,0.28675419,-0.0033401817,kuairand,w-none.g-high.v-none,101
run_blob_main_25k_mnq/blob_mnq_n25000,run_replay_opc_25k_mlkr/opc_n25000_r0,0.61544584,-0.0045927164,0.10720782,-0.0018510722,0.27734634,-0.0027416442,kuairand,w-none.g-high.v-none,101
run_blob_main_25k_nq/blob_nq_n25000,run_replay_cap_rho0_25k_mlkr/causecap_c_r000_n25000,0.64166301,-0.0041972554,0.083476488,-0.0017525624,0.2748605,-0.002444693,kuairand,w-none.g-high.v-none,101
run_blob_main_25k_nq/blob_nq_n25000,run_replay_cap_rho0_25k_mlkr/causecap_t_r000_n25000,0.64166301,-0.0041972554,0.083476488,-0.0017525624,0.2748605,-0.002444693,kuairand,w-none.g-high.v-none,101
run_blob_main_25k_nq/blob_nq_n25000,run_replay_opc_25k_mlkr/opc_n25000_r0,0.62691812,-0.0033666501,0.10662336,-0.0013181716,0.26645852,-0.0020484785,kuairand,w-none.g-high.v-none,101
run_replay_cap_rho0_25k_mlkr/causecap_c_r000_n25000,run_replay_cap_rho0_25k_mlkr/causecap_t_r000_n25000,1,0,0,0,0,0,kuairand,w-none.g-high.v-none,101
run_replay_cap_rho0_25k_mlkr/causecap_c_r000_n25000,run_replay_opc_25k_mlkr/opc_n25000_r0,0.64276447,0.0008306053,0.19576315,-0.00022361938,0.16147239,0.0010542247,kuairand,w-none.g-high.v-none,101
run_replay_cap_rho0_25k_mlkr/causecap_t_r000_n25000,run_replay_opc_25k_mlkr/opc_n25000_r0,0.64276447,0.0008306053,0.19576315,-0.00022361938,0.16147239,0.0010542247,kuairand,w-none.g-high.v-none,101
blob_prior_mean,logger,0.85423451,0.0028787343,0.14576549,0.0028787343,0,0,kuairand,w-none.g-none.v-high,100
blob_prior_mean,policies/oracle_affine_bilinear_likelihood_n0,0.40842429,-0.024617239,0.029527286,-0.0013618391,0.56204842,-0.023255399,kuairand,w-none.g-none.v-high,100
blob_prior_mean,policies/oracle_affine_bilinear_value_n0,0.34631656,-0.031406806,0.02278091,-0.0013861244,0.63090253,-0.030020681,kuairand,w-none.g-none.v-high,100
blob_prior_mean,policies/oracle_bilinear_likelihood_n0,0.4510911,-0.022181533,0.036963256,-0.0013256989,0.51194565,-0.020855834,kuairand,w-none.g-none.v-high,100
blob_prior_mean,policies/oracle_bilinear_value_n0,0.3478208,-0.030655776,0.023244571,-0.0013737527,0.62893462,-0.029282024,kuairand,w-none.g-none.v-high,100
blob_prior_mean,policies/oracle_blob_likelihood_n0,0.32967431,-0.029006899,0.019563948,-0.0012167792,0.65076174,-0.027790119,kuairand,w-none.g-none.v-high,100
blob_prior_mean,policies/oracle_blob_value_n0,0.34398355,-0.032936619,0.022070085,-0.0014754725,0.63394637,-0.031461146,kuairand,w-none.g-none.v-high,100
blob_prior_mean,run_blob_main_25k_mnq/blob_mnq_n25000,0.81364323,-0.0082820668,0.025329424,-0.00091749127,0.16102734,-0.0073645755,kuairand,w-none.g-none.v-high,100
blob_prior_mean,run_blob_main_25k_nq/blob_nq_n25000,0.79110473,-0.0086617296,0.027916983,-0.00092817228,0.18097829,-0.0077335573,kuairand,w-none.g-none.v-high,100
blob_prior_mean,run_replay_cap_rho0_25k_mlkr/causecap_c_r000_n25000,0.57496342,-0.014084547,0.043049992,-0.0011194082,0.38198659,-0.012965139,kuairand,w-none.g-none.v-high,100
blob_prior_mean,run_replay_cap_rho0_25k_mlkr/causecap_t_r000_n25000,0.57496342,-0.014084547,0.043049992,-0.0011194082,0.38198659,-0.012965139,kuairand,w-none.g-none.v-high,100
blob_prior_mean,run_replay_opc_25k_mlkr/opc_n25000_r0,0.65997262,-0.011627828,0.043347235,-0.0011994369,0.29668014,-0.010428392,kuairand,w-none.g-none.v-high,100
logger,policies/oracle_affine_bilinear_likelihood_n0,0.38621277,-0.027495973,0,0,0.61378723,-0.027495973,kuairand,w-none.g-none.v-high,100
logger,policies/oracle_affine_bilinear_value_n0,0.32244387,-0.03428554,0,0,0.67755613,-0.03428554,kuairand,w-none.g-none.v-high,100
logger,policies/oracle_bilinear_likelihood_n0,0.43580185,-0.025060267,0,0,0.56419815,-0.025060267,kuairand,w-none.g-none.v-high,100
logger,policies/oracle_bilinear_value_n0,0.32415307,-0.033534511,0,0,0.67584693,-0.033534511,kuairand,w-none.g-none.v-high,100
logger,policies/oracle_blob_likelihood_n0,0.306952,-0.031885633,0,0,0.693048,-0.031885633,kuairand,w-none.g-none.v-high,100
logger,policies/oracle_blob_value_n0,0.31926056,-0.035815353,0,0,0.68073944,-0.035815353,kuairand,w-none.g-none.v-high,100
logger,run_blob_main_25k_mnq/blob_mnq_n25000,0.73562269,-0.011160801,0,0,0.26437731,-0.011160801,kuairand,w-none.g-none.v-high,100
logger,run_blob_main_25k_nq/blob_nq_n25000,0.72112004,-0.011540464,0,0,0.27887996,-0.011540464,kuairand,w-none.g-none.v-high,100
logger,run_replay_cap_rho0_25k_mlkr/causecap_c_r000_n25000,0.55227153,-0.016963281,0,0,0.44772847,-0.016963281,kuairand,w-none.g-none.v-high,100
logger,run_replay_cap_rho0_25k_mlkr/causecap_t_r000_n25000,0.55227153,-0.016963281,0,0,0.44772847,-0.016963281,kuairand,w-none.g-none.v-high,100
logger,run_replay_opc_25k_mlkr/opc_n25000_r0,0.63039903,-0.014506563,0,0,0.36960097,-0.014506563,kuairand,w-none.g-none.v-high,100
policies/oracle_affine_bilinear_likelihood_n0,policies/oracle_affine_bilinear_value_n0,0.6355012,-0.006789567,0.10874862,-0.0021709168,0.25575018,-0.0046186502,kuairand,w-none.g-none.v-high,100
policies/oracle_affine_bilinear_likelihood_n0,policies/oracle_bilinear_likelihood_n0,0.76893745,0.002435706,0.16763831,0.0019451141,0.063424243,0.0004905919,kuairand,w-none.g-none.v-high,100
policies/oracle_affine_bilinear_likelihood_n0,policies/oracle_bilinear_value_n0,0.62972447,-0.0060385379,0.1178902,-0.0019669975,0.25238533,-0.0040715404,kuairand,w-none.g-none.v-high,100
policies/oracle_affine_bilinear_likelihood_n0,policies/oracle_blob_likelihood_n0,0.62787546,-0.0043896601,0.083394174,-0.0015990731,0.28873037,-0.002790587,kuairand,w-none.g-none.v-high,100
policies/oracle_affine_bilinear_likelihood_n0,policies/oracle_blob_value_n0,0.6223644,-0.0083193805,0.11564889,-0.0026268336,0.26198671,-0.0056925469,kuairand,w-none.g-none.v-high,100
policies/oracle_affine_bilinear_likelihood_n0,run_blob_main_25k_mnq/blob_mnq_n25000,0.47566079,0.016335172,0.46646245,0.014580287,0.057876759,0.0017548847,kuairand,w-none.g-none.v-high,100
policies/oracle_affine_bilinear_likelihood_n0,run_blob_main_25k_nq/blob_nq_n25000,0.47886818,0.015955509,0.45769983,0.014095916,0.063431991,0.0018595933,kuairand,w-none.g-none.v-high,100
policies/oracle_affine_bilinear_likelihood_n0,run_replay_cap_rho0_25k_mlkr/causecap_c_r000_n25000,0.56484626,0.010532692,0.3428318,0.008080685,0.092321942,0.0024520067,kuairand,w-none.g-none.v-high,100
policies/oracle_affine_bilinear_likelihood_n0,run_replay_cap_rho0_25k_mlkr/causecap_t_r000_n25000,0.56484626,0.010532692,0.3428318,0.008080685,0.092321942,0.0024520067,kuairand,w-none.g-none.v-high,100
policies/oracle_affine_bilinear_likelihood_n0,run_replay_opc_25k_mlkr/opc_n25000_r0,0.52644968,0.01298941,0.39558239,0.010387566,0.077967931,0.0026018438,kuairand,w-none.g-none.v-high,100
policies/oracle_affine_bilinear_value_n0,policies/oracle_bilinear_likelihood_n0,0.59086992,0.009225273,0.32582519,0.0072991132,0.083304894,0.0019261598,kuairand,w-none.g-none.v-high,100
policies/oracle_affine_bilinear_value_n0,policies/oracle_bilinear_value_n0,0.91810121,0.00075102914,0.045718657,0.00030685039,0.036180134,0.00044417876,kuairand,w-none.g-none.v-high,100
policies/oracle_affine_bilinear_value_n0,policies/oracle_blob_likelihood_n0,0.60158472,0.0023999069,0.16612084,0.00049540471,0.23229444,0.0019045022,kuairand,w-none.g-none.v-high,100
policies/oracle_affine_bilinear_value_n0,policies/oracle_blob_value_n0,0.86690865,-0.0015298135,0.063655396,-0.00088542726,0.069435952,-0.00064438619,kuairand,w-none.g-none.v-high,100
policies/oracle_affine_bilinear_value_n0,run_blob_main_25k_mnq/blob_mnq_n25000,0.41419582,0.023124739,0.54092794,0.021083075,0.044876236,0.0020416636,kuairand,w-none.g-none.v-high,100
policies/oracle_affine_bilinear_value_n0,run_blob_main_25k_nq/blob_nq_n25000,0.41851857,0.022745076,0.53146819,0.020391757,0.050013234,0.0023533188,kuairand,w-none.g-none.v-high,100
policies/oracle_affine_bilinear_value_n0,run_replay_cap_rho0_25k_mlkr/causecap_c_r000_n25000,0.48644977,0.017322259,0.44109015,0.01425726,0.07246008,0.0030649985,kuairand,w-none.g-none.v-high,100
policies/oracle_affine_bilinear_value_n0,run_replay_cap_rho0_25k_mlkr/causecap_t_r000_n25000,0.48644977,0.017322259,0.44109015,0.01425726,0.07246008,0.0030649985,kuairand,w-none.g-none.v-high,100
policies/oracle_affine_bilinear_value_n0,run_replay_opc_25k_mlkr/opc_n25000_r0,0.44987101,0.019778977,0.48668726,0.016481648,0.063441728,0.0032973293,kuairand,w-none.g-none.v-high,100
policies/oracle_bilinear_likelihood_n0,policies/oracle_bilinear_value_n0,0.59566013,-0.0084742439,0.08562475,-0.0017824107,0.31871512,-0.0066918331,kuairand,w-none.g-none.v-high,100
policies/oracle_bilinear_likelihood_n0,policies/oracle_blob_likelihood_n0,0.57424831,-0.0068253661,0.066431418,-0.0016792007,0.35932027,-0.0051461655,kuairand,w-none.g-none.v-high,100
policies/oracle_bilinear_likelihood_n0,policies/oracle_blob_value_n0,0.58434461,-0.010755086,0.086678946,-0.0023584768,0.32897645,-0.0083966097,kuairand,w-none.g-none.v-high,100
policies/oracle_bilinear_likelihood_n0,run_blob_main_25k_mnq/blob_mnq_n25000,0.5051775,0.013899466,0.42023204,0.012379045,0.07459046,0.0015204211,kuairand,w-none.g-none.v-high,100
policies/oracle_bilinear_likelihood_n0,run_blob_main_25k_nq/blob_nq_n25000,0.50757199,0.013519803,0.41030142,0.011866368,0.082126591,0.0016534349,kuairand,w-none.g-none.v-high,100
policies/oracle_bilinear_likelihood_n0,run_replay_cap_rho0_25k_mlkr/causecap_c_r000_n25000,0.58122746,0.0080969856,0.29256703,0.00605649,0.12620551,0.0020404956,kuairand,w-none.g-none.v-high,100
policies/oracle_bilinear_likelihood_n0,run_replay_cap_rho0_25k_mlkr/causecap_t_r000_n25000,0.58122746,0.0080969856,0.29256703,0.00605649,0.12620551,0.0020404956,kuairand,w-none.g-none.v-high,100
policies/oracle_bilinear_likelihood_n0,run_replay_opc_25k_mlkr/opc_n25000_r0,0.54446408,0.010553704,0.34931666,0.008308856,0.10621926,0.002244848,kuairand,w-none.g-none.v-high,100
policies/oracle_bilinear_value_n0,policies/oracle_blob_likelihood_n0,0.59251024,0.0016488777,0.16551532,0.00011658396,0.24197444,0.0015322938,kuairand,w-none.g-none.v-high,100
policies/oracle_bilinear_value_n0,policies/oracle_blob_value_n0,0.85955295,-0.0022808426,0.061501096,-0.0011486442,0.078945955,-0.0011321984,kuairand,w-none.g-none.v-high,100
policies/oracle_bilinear_value_n0,run_blob_main_25k_mnq/blob_mnq_n25000,0.41535513,0.02237371,0.53870055,0.020372313,0.045944321,0.002001397,kuairand,w-none.g-none.v-high,100
policies/oracle_bilinear_value_n0,run_blob_main_25k_nq/blob_nq_n25000,0.41979463,0.021994047,0.5291982,0.01970286,0.051007166,0.0022911871,kuairand,w-none.g-none.v-high,100
policies/oracle_bilinear_value_n0,run_replay_cap_rho0_25k_mlkr/causecap_c_r000_n25000,0.48795999,0.01657123,0.4367353,0.013618786,0.075304709,0.0029524435,kuairand,w-none.g-none.v-high,100
policies/oracle_bilinear_value_n0,run_replay_cap_rho0_25k_mlkr/causecap_t_r000_n25000,0.48795999,0.01657123,0.4367353,0.013618786,0.075304709,0.0029524435,kuairand,w-none.g-none.v-high,100
policies/oracle_bilinear_value_n0,run_replay_opc_25k_mlkr/opc_n25000_r0,0.45221715,0.019027948,0.48356763,0.015821346,0.064215223,0.0032066016,kuairand,w-none.g-none.v-high,100
policies/oracle_blob_likelihood_n0,policies/oracle_blob_value_n0,0.6253574,-0.0039297203,0.2191755,-0.0028043086,0.15546709,-0.0011254117,kuairand,w-none.g-none.v-high,100
policies/oracle_blob_likelihood_n0,run_blob_main_25k_mnq/blob_mnq_n25000,0.39921764,0.020724832,0.5587857,0.018985354,0.041996657,0.0017394782,kuairand,w-none.g-none.v-high,100
policies/oracle_blob_likelihood_n0,run_blob_main_25k_nq/blob_nq_n25000,0.40383448,0.020345169,0.54950995,0.018368321,0.046655575,0.0019768479,kuairand,w-none.g-none.v-high,100
policies/oracle_blob_likelihood_n0,run_replay_cap_rho0_25k_mlkr/causecap_c_r000_n25000,0.46136061,0.014922352,0.46964007,0.012037504,0.068999321,0.0028848483,kuairand,w-none.g-none.v-high,100
policies/oracle_blob_likelihood_n0,run_replay_cap_rho0_25k_mlkr/causecap_t_r000_n25000,0.46136061,0.014922352,0.46964007,0.012037504,0.068999321,0.0028848483,kuairand,w-none.g-none.v-high,100
policies/oracle_blob_likelihood_n0,run_replay_opc_25k_mlkr/opc_n25000_r0,0.42721839,0.01737907,0.50772999,0.014259206,0.065051621,0.0031198644,kuairand,w-none.g-none.v-high,100
policies/oracle_blob_value_n0,run_blob_main_25k_mnq/blob_mnq_n25000,0.41400292,0.024654552,0.54298998,0.022464659,0.043007099,0.0021898931,kuairand,w-none.g-none.v-high,100
policies/oracle_blob_value_n0,run_blob_main_25k_nq/blob_nq_n25000,0.41820783,0.024274889,0.53358418,0.021781048,0.048207984,0.0024938414,kuairand,w-none.g-none.v-high,100
policies/oracle_blob_value_n0,run_replay_cap_rho0_25k_mlkr/causecap_c_r000_n25000,0.48197093,0.018852072,0.44552225,0.015598443,0.072506817,0.0032536288,kuairand,w-none.g-none.v-high,100
policies/oracle_blob_value_n0,run_replay_cap_rho0_25k_mlkr/causecap_t_r000_n25000,0.48197093,0.018852072,0.44552225,0.015598443,0.072506817,0.0032536288,kuairand,w-none.g-none.v-high,100
policies/oracle_blob_value_n0,run_replay_opc_25k_mlkr/opc_n25000_r0,0.45032959,0.021308791,0.48815114,0.0178523,0.061519268,0.00345649,kuairand,w-none.g-none.v-high,100
run_blob_main_25k_mnq/blob_mnq_n25000,run_blob_main_25k_nq/blob_nq_n25000,0.95864765,-0.00037966277,0.011277812,4.4602265e-05,0.030074536,-0.00042426503,kuairand,w-none.g-none.v-high,100
run_blob_main_25k_mnq/blob_mnq_n25000,run_replay_cap_rho0_25k_mlkr/causecap_c_r000_n25000,0.66244862,-0.0058024801,0.065983642,-0.00034558439,0.27156774,-0.0054568957,kuairand,w-none.g-none.v-high,100
run_blob_main_25k_mnq/blob_mnq_n25000,run_replay_cap_rho0_25k_mlkr/causecap_t_r000_n25000,0.66244862,-0.0058024801,0.065983642,-0.00034558439,0.27156774,-0.0054568957,kuairand,w-none.g-none.v-high,100
run_blob_main_25k_mnq/blob_mnq_n25000,run_replay_opc_25k_mlkr/opc_n25000_r0,0.74721452,-0.0033457617,0.066324978,6.9463964e-05,0.18646051,-0.0034152257,kuairand,w-none.g-none.v-high,100
run_blob_main_25k_nq/blob_nq_n25000,run_replay_cap_rho0_25k_mlkr/causecap_c_r000_n25000,0.66592729,-0.0054228173,0.072603859,-0.00027377781,0.26146885,-0.0051490395,kuairand,w-none.g-none.v-high,100
run_blob_main_25k_nq/blob_nq_n25000,run_replay_cap_rho0_25k_mlkr/causecap_t_r000_n25000,0.66592729,-0.0054228173,0.072603859,-0.00027377781,0.26146885,-0.0051490395,kuairand,w-none.g-none.v-high,100
run_blob_main_25k_nq/blob_nq_n25000,run_replay_opc_25k_mlkr/opc_n25000_r0,0.74370714,-0.0029660989,0.07657068,8.3971973e-05,0.17972218,-0.0030500709,kuairand,w-none.g-none.v-high,100
run_replay_cap_rho0_25k_mlkr/causecap_c_r000_n25000,run_replay_cap_rho0_25k_mlkr/causecap_t_r000_n25000,1,0,0,0,0,0,kuairand,w-none.g-none.v-high,100
run_replay_cap_rho0_25k_mlkr/causecap_c_r000_n25000,run_replay_opc_25k_mlkr/opc_n25000_r0,0.71140201,0.0024567184,0.19105792,0.0022451345,0.097540072,0.00021158386,kuairand,w-none.g-none.v-high,100
run_replay_cap_rho0_25k_mlkr/causecap_t_r000_n25000,run_replay_opc_25k_mlkr/opc_n25000_r0,0.71140201,0.0024567184,0.19105792,0.0022451345,0.097540072,0.00021158386,kuairand,w-none.g-none.v-high,100
blob_prior_mean,logger,0.8671428,0.00069452326,0.1328572,0.00069452326,0,0,kuairand,w-none.g-none.v-high,101
blob_prior_mean,policies/oracle_affine_bilinear_likelihood_n0,0.46047648,-0.020008297,0.035020708,-0.0016311261,0.50450281,-0.018377171,kuairand,w-none.g-none.v-high,101
blob_prior_mean,policies/oracle_affine_bilinear_value_n0,0.41522447,-0.025787472,0.029489736,-0.0017859069,0.55528579,-0.024001566,kuairand,w-none.g-none.v-high,101
blob_prior_mean,policies/oracle_bilinear_likelihood_n0,0.49533736,-0.017670349,0.040768717,-0.0016552516,0.46389392,-0.016015097,kuairand,w-none.g-none.v-high,101
blob_prior_mean,policies/oracle_bilinear_value_n0,0.41414786,-0.025092844,0.029519692,-0.0017629816,0.55633245,-0.023329863,kuairand,w-none.g-none.v-high,101
blob_prior_mean,policies/oracle_blob_likelihood_n0,0.40481761,-0.02322359,0.029332916,-0.0017636167,0.56584948,-0.021459974,kuairand,w-none.g-none.v-high,101
blob_prior_mean,policies/oracle_blob_value_n0,0.41383865,-0.026950559,0.028956544,-0.0017831977,0.5572048,-0.025167361,kuairand,w-none.g-none.v-high,101
blob_prior_mean,run_blob_main_25k_mnq/blob_mnq_n25000,0.81770588,-0.0057493124,0.029287757,-0.00089511113,0.15300636,-0.0048542013,kuairand,w-none.g-none.v-high,101
blob_prior_mean,run_blob_main_25k_nq/blob_nq_n25000,0.8136843,-0.0060581683,0.027354161,-0.00088948317,0.15896153,-0.0051686852,kuairand,w-none.g-none.v-high,101
blob_prior_mean,run_replay_cap_rho0_25k_mlkr/causecap_c_r000_n25000,0.62900296,-0.010187244,0.042721456,-0.001182009,0.32827558,-0.0090052346,kuairand,w-none.g-none.v-high,101
blob_prior_mean,run_replay_cap_rho0_25k_mlkr/causecap_t_r000_n25000,0.62903808,-0.010181583,0.042721456,-0.001182009,0.32824047,-0.0089995741,kuairand,w-none.g-none.v-high,101
blob_prior_mean,run_replay_opc_25k_mlkr/opc_n25000_r0,0.60520114,-0.0076389748,0.037442972,-0.00085217856,0.35735589,-0.0067867962,kuairand,w-none.g-none.v-high,101
logger,policies/oracle_affine_bilinear_likelihood_n0,0.45456173,-0.020702821,0,0,0.54543827,-0.020702821,kuairand,w-none.g-none.v-high,101
logger,policies/oracle_affine_bilinear_value_n0,0.40741668,-0.026481996,0,0,0.59258332,-0.026481996,kuairand,w-none.g-none.v-high,101
logger,policies/oracle_bilinear_likelihood_n0,0.49381858,-0.018364872,0,0,0.50618142,-0.018364872,kuairand,w-none.g-none.v-high,101
logger,policies/oracle_bilinear_value_n0,0.40685125,-0.025787367,0,0,0.59314875,-0.025787367,kuairand,w-none.g-none.v-high,101
logger,policies/oracle_blob_likelihood_n0,0.39867642,-0.023918113,0,0,0.60132358,-0.023918113,kuairand,w-none.g-none.v-high,101
logger,policies/oracle_blob_value_n0,0.4057111,-0.027645082,0,0,0.5942889,-0.027645082,kuairand,w-none.g-none.v-high,101
logger,run_blob_main_25k_mnq/blob_mnq_n25000,0.75712495,-0.0064438357,0,0,0.24287505,-0.0064438357,kuairand,w-none.g-none.v-high,101
logger,run_blob_main_25k_nq/blob_nq_n25000,0.75061174,-0.0067526916,0,0,0.24938826,-0.0067526916,kuairand,w-none.g-none.v-high,101
logger,run_replay_cap_rho0_25k_mlkr/causecap_c_r000_n25000,0.61443346,-0.010881767,0,0,0.38556654,-0.010881767,kuairand,w-none.g-none.v-high,101
logger,run_replay_cap_rho0_25k_mlkr/causecap_t_r000_n25000,0.61448588,-0.010876106,0,0,0.38551412,-0.010876106,kuairand,w-none.g-none.v-high,101
logger,run_replay_opc_25k_mlkr/opc_n25000_r0,0.58407742,-0.008333498,0,0,0.41592258,-0.008333498,kuairand,w-none.g-none.v-high,101
policies/oracle_affine_bilinear_likelihood_n0,policies/oracle_affine_bilinear_value_n0,0.65733084,-0.0057791751,0.1206393,-0.0022756523,0.22202986,-0.0035035228,kuairand,w-none.g-none.v-high,101
policies/oracle_affine_bilinear_likelihood_n0,policies/oracle_bilinear_likelihood_n0,0.780947,0.0023379487,0.15024971,0.0013859888,0.068803291,0.00095195997,kuairand,w-none.g-none.v-high,101
policies/oracle_affine_bilinear_likelihood_n0,policies/oracle_bilinear_value_n0,0.65035262,-0.0050845468,0.12593789,-0.0020663597,0.22370949,-0.003018187,kuairand,w-none.g-none.v-high,101
policies/oracle_affine_bilinear_likelihood_n0,policies/oracle_blob_likelihood_n0,0.68448536,-0.0032152928,0.083467649,-0.0016148579,0.23204699,-0.0016004349,kuairand,w-none.g-none.v-high,101
policies/oracle_affine_bilinear_likelihood_n0,policies/oracle_blob_value_n0,0.64394268,-0.0069422612,0.12824835,-0.0026846148,0.22780897,-0.0042576464,kuairand,w-none.g-none.v-high,101
policies/oracle_affine_bilinear_likelihood_n0,run_blob_main_25k_mnq/blob_mnq_n25000,0.51386876,0.014258985,0.42077578,0.012333468,0.065355458,0.0019255173,kuairand,w-none.g-none.v-high,101
policies/oracle_affine_bilinear_likelihood_n0,run_blob_main_25k_nq/blob_nq_n25000,0.51891499,0.013950129,0.41357547,0.011788386,0.067509537,0.0021617434,kuairand,w-none.g-none.v-high,101
policies/oracle_affine_bilinear_likelihood_n0,run_replay_cap_rho0_25k_mlkr/causecap_c_r000_n25000,0.57175861,0.0098210537,0.32592893,0.0070055994,0.10231245,0.0028154543,kuairand,w-none.g-none.v-high,101
policies/oracle_affine_bilinear_likelihood_n0,run_replay_cap_rho0_25k_mlkr/causecap_t_r000_n25000,0.57175861,0.0098267142,0.32592893,0.0070112599,0.10231245,0.0028154543,kuairand,w-none.g-none.v-high,101
policies/oracle_affine_bilinear_likelihood_n0,run_replay_opc_25k_mlkr/opc_n25000_r0,0.5352833,0.012369323,0.32646505,0.0076179302,0.13825164,0.0047513925,kuairand,w-none.g-none.v-high,101
policies/oracle_affine_bilinear_value_n0,policies/oracle_bilinear_likelihood_n0,0.62165111,0.0081171238,0.27991311,0.0057915432,0.098435789,0.0023255806,kuairand,w-none.g-none.v-high,101
policies/oracle_affine_bilinear_value_n0,policies/oracle_bilinear_value_n0,0.91965467,0.00069462831,0.042262908,0.0002868611,0.038082422,0.00040776721,kuairand,w-none.g-none.v-high,101
policies/oracle_affine_bilinear_value_n0,policies/oracle_blob_likelihood_n0,0.61951553,0.0025638823,0.16595096,0.00060578641,0.21453351,0.0019580959,kuairand,w-none.g-none.v-high,101
policies/oracle_affine_bilinear_value_n0,policies/oracle_blob_value_n0,0.88445962,-0.0011630861,0.059738465,-0.0007703571,0.055801918,-0.00039272901,kuairand,w-none.g-none.v-high,101
policies/oracle_affine_bilinear_value_n0,run_blob_main_25k_mnq/blob_mnq_n25000,0.47227262,0.02003816,0.47146557,0.017742804,0.056261803,0.0022953562,kuairand,w-none.g-none.v-high,101
policies/oracle_affine_bilinear_value_n0,run_blob_main_25k_nq/blob_nq_n25000,0.47361551,0.019729304,0.46607892,0.017161674,0.060305564,0.0025676305,kuairand,w-none.g-none.v-high,101
policies/oracle_affine_bilinear_value_n0,run_replay_cap_rho0_25k_mlkr/causecap_c_r000_n25000,0.5257969,0.015600229,0.38873567,0.012088077,0.085467433,0.0035121515,kuairand,w-none.g-none.v-high,101
policies/oracle_affine_bilinear_value_n0,run_replay_cap_rho0_25k_mlkr/causecap_t_r000_n25000,0.52581421,0.015605889,0.38871835,0.012093738,0.085467433,0.0035121515,kuairand,w-none.g-none.v-high,101
policies/oracle_affine_bilinear_value_n0,run_replay_opc_25k_mlkr/opc_n25000_r0,0.49528152,0.018148498,0.38596852,0.01254263,0.11874995,0.0056058676,kuairand,w-none.g-none.v-high,101
policies/oracle_bilinear_likelihood_n0,policies/oracle_bilinear_value_n0,0.62581604,-0.0074224955,0.097121232,-0.0021515477,0.27706273,-0.0052709478,kuairand,w-none.g-none.v-high,101
policies/oracle_bilinear_likelihood_n0,policies/oracle_blob_likelihood_n0,0.64263438,-0.0055532415,0.068877218,-0.0018982409,0.2884884,-0.0036550006,kuairand,w-none.g-none.v-high,101
policies/oracle_bilinear_likelihood_n0,policies/oracle_blob_value_n0,0.61600924,-0.0092802099,0.10250682,-0.0026353491,0.28148394,-0.0066448608,kuairand,w-none.g-none.v-high,101
policies/oracle_bilinear_likelihood_n0,run_blob_main_25k_mnq/blob_mnq_n25000,0.54346546,0.011921036,0.38011956,0.010192372,0.076414976,0.0017286645,kuairand,w-none.g-none.v-high,101
policies/oracle_bilinear_likelihood_n0,run_blob_main_25k_nq/blob_nq_n25000,0.5474878,0.01161218,0.37337857,0.0097035816,0.079133631,0.0019085987,kuairand,w-none.g-none.v-high,101
policies/oracle_bilinear_likelihood_n0,run_replay_cap_rho0_25k_mlkr/causecap_c_r000_n25000,0.58096676,0.007483105,0.28736256,0.0049854636,0.13167068,0.0024976414,kuairand,w-none.g-none.v-high,101
policies/oracle_bilinear_likelihood_n0,run_replay_cap_rho0_25k_mlkr/causecap_t_r000_n25000,0.58096676,0.0074887655,0.28736256,0.0049911241,0.13167068,0.0024976414,kuairand,w-none.g-none.v-high,101
policies/oracle_bilinear_likelihood_n0,run_replay_opc_25k_mlkr/opc_n25000_r0,0.54269976,0.010031374,0.28768189,0.0056490793,0.16961835,0.0043822946,kuairand,w-none.g-none.v-high,101
policies/oracle_bilinear_value_n0,policies/oracle_blob_likelihood_n0,0.6128512,0.001869254,0.16759644,0.00029764772,0.21955236,0.0015716063,kuairand,w-none.g-none.v-high,101
policies/oracle_bilinear_value_n0,policies/oracle_blob_value_n0,0.88143353,-0.0018577144,0.059142776,-0.0010464476,0.059423693,-0.00081126684,kuairand,w-none.g-none.v-high,101
policies/oracle_bilinear_value_n0,run_blob_main_25k_mnq/blob_mnq_n25000,0.471149,0.019343532,0.47314609,0.017120438,0.055704909,0.0022230939,kuairand,w-none.g-none.v-high,101
policies/oracle_bilinear_value_n0,run_blob_main_25k_nq/blob_nq_n25000,0.47213476,0.019034676,0.46818373,0.016531114,0.059681505,0.0025035614,kuairand,w-none.g-none.v-high,101
policies/oracle_bilinear_value_n0,run_replay_cap_rho0_25k_mlkr/causecap_c_r000_n25000,0.52543702,0.014905601,0.38859481,0.011462138,0.085968164,0.003443462,kuairand,w-none.g-none.v-high,101
policies/oracle_bilinear_value_n0,run_replay_cap_rho0_25k_mlkr/causecap_t_r000_n25000,0.52545434,0.014911261,0.3885775,0.011467799,0.085968164,0.003443462,kuairand,w-none.g-none.v-high,101
policies/oracle_bilinear_value_n0,run_replay_opc_25k_mlkr/opc_n25000_r0,0.49368529,0.017453869,0.38603147,0.012001166,0.12028324,0.0054527036,kuairand,w-none.g-none.v-high,101
policies/oracle_blob_likelihood_n0,policies/oracle_blob_value_n0,0.63189834,-0.0037269684,0.21101682,-0.0025117521,0.15708484,-0.0012152163,kuairand,w-none.g-none.v-high,101
policies/oracle_blob_likelihood_n0,run_blob_main_25k_mnq/blob_mnq_n25000,0.46651881,0.017474278,0.47993198,0.015333721,0.053549215,0.0021405565,kuairand,w-none.g-none.v-high,101
policies/oracle_blob_likelihood_n0,run_blob_main_25k_nq/blob_nq_n25000,0.4696628,0.017165422,0.47395835,0.014772599,0.056378855,0.0023928231,kuairand,w-none.g-none.v-high,101
policies/oracle_blob_likelihood_n0,run_replay_cap_rho0_25k_mlkr/causecap_c_r000_n25000,0.50804025,0.013036347,0.40802937,0.0098577677,0.083930384,0.0031785788,kuairand,w-none.g-none.v-high,101
policies/oracle_blob_likelihood_n0,run_replay_cap_rho0_25k_mlkr/causecap_t_r000_n25000,0.50798782,0.013042007,0.40808179,0.0098634282,0.083930384,0.0031785788,kuairand,w-none.g-none.v-high,101
policies/oracle_blob_likelihood_n0,run_replay_opc_25k_mlkr/opc_n25000_r0,0.4734104,0.015584615,0.40762528,0.010257304,0.11896432,0.0053273117,kuairand,w-none.g-none.v-high,101
policies/oracle_blob_value_n0,run_blob_main_25k_mnq/blob_mnq_n25000,0.47254903,0.021201246,0.47334391,0.01886021,0.054107065,0.0023410362,kuairand,w-none.g-none.v-high,101
policies/oracle_blob_value_n0,run_blob_main_25k_nq/blob_nq_n25000,0.47288663,0.02089239,0.468607,0.018276276,0.058506368,0.0026161141,kuairand,w-none.g-none.v-high,101
policies/oracle_blob_value_n0,run_replay_cap_rho0_25k_mlkr/causecap_c_r000_n25000,0.52208539,0.016763315,0.39147791,0.013092708,0.086436702,0.0036706073,kuairand,w-none.g-none.v-high,101
policies/oracle_blob_value_n0,run_replay_cap_rho0_25k_mlkr/causecap_t_r000_n25000,0.5221027,0.016768975,0.3914606,0.013098368,0.086436702,0.0036706073,kuairand,w-none.g-none.v-high,101
policies/oracle_blob_value_n0,run_replay_opc_25k_mlkr/opc_n25000_r0,0.49160169,0.019311584,0.38755171,0.0135388,0.1208466,0.0057727835,kuairand,w-none.g-none.v-high,101
run_blob_main_25k_mnq/blob_mnq_n25000,run_blob_main_25k_nq/blob_nq_n25000,0.95547659,-0.00030885587,0.018182469,-8.7820821e-05,0.026340945,-0.00022103505,kuairand,w-none.g-none.v-high,101
run_blob_main_25k_mnq/blob_mnq_n25000,run_replay_cap_rho0_25k_mlkr/causecap_c_r000_n25000,0.69085375,-0.0044379312,0.071935514,-0.00081381487,0.23721074,-0.0036241164,kuairand,w-none.g-none.v-high,101
run_blob_main_25k_mnq/blob_mnq_n25000,run_replay_cap_rho0_25k_mlkr/causecap_t_r000_n25000,0.69090617,-0.0044322707,0.071935514,-0.00081381487,0.23715832,-0.0036184559,kuairand,w-none.g-none.v-high,101
run_blob_main_25k_mnq/blob_mnq_n25000,run_replay_opc_25k_mlkr/opc_n25000_r0,0.65911557,-0.0018896623,0.069558961,-0.00012139986,0.27132547,-0.0017682625,kuairand,w-none.g-none.v-high,101
run_blob_main_25k_nq/blob_nq_n25000,run_replay_cap_rho0_25k_mlkr/causecap_c_r000_n25000,0.69675413,-0.0041290753,0.07409927,-0.00082387645,0.2291466,-0.0033051989,kuairand,w-none.g-none.v-high,101
run_blob_main_25k_nq/blob_nq_n25000,run_replay_cap_rho0_25k_mlkr/causecap_t_r000_n25000,0.69678924,-0.0041234148,0.07409927,-0.00082387645,0.22911149,-0.0032995384,kuairand,w-none.g-none.v-high,101
run_blob_main_25k_nq/blob_nq_n25000,run_replay_opc_25k_mlkr/opc_n25000_r0,0.66473098,-0.0015808065,0.070856505,-0.00014950437,0.26441251,-0.0014313021,kuairand,w-none.g-none.v-high,101
run_replay_cap_rho0_25k_mlkr/causecap_c_r000_n25000,run_replay_cap_rho0_25k_mlkr/causecap_t_r000_n25000,0.99993027,5.6605017e-06,5.2423247e-05,5.6547775e-06,1.7311487e-05,5.7241603e-09,kuairand,w-none.g-none.v-high,101
run_replay_cap_rho0_25k_mlkr/causecap_c_r000_n25000,run_replay_opc_25k_mlkr/opc_n25000_r0,0.67152048,0.0025482689,0.14670512,0.0010511816,0.1817744,0.0014970873,kuairand,w-none.g-none.v-high,101
run_replay_cap_rho0_25k_mlkr/causecap_t_r000_n25000,run_replay_opc_25k_mlkr/opc_n25000_r0,0.67157291,0.0025426084,0.14665269,0.0010455268,0.1817744,0.0014970816,kuairand,w-none.g-none.v-high,101
